ticker,name,price,rsi14,beta,betaBenchmark,fiftyTwoWeekLow,pctAbove52WeekLow,threeYearLow,threeYearHigh,pctAbove3YearLow,pctBelow3YearHigh,marketCap,enterpriseValue,revenue,eps,ebitda,cash,debt,sharesOutstanding,netShareChange,equity,tangibleBookValue,workingCapital,ocf,fcf,capex,peg,pe,pb,ptbv,ps,forwardPS,forwardPE,forwardRevenue,effectiveTaxRate,institutionalOwnership,growthRate,growthRateSource,buybackYield,dividendYield,payoutRatio,grossMargin,operatingMargin,profitMargin,debtEquity,currentRatio,outputCurrency,quoteCurrency,financialCurrency,quoteFxToUsd,financialFxToUsd,priceRaw,fiftyTwoWeekLowRaw,threeYearLowRaw,threeYearHighRaw,marketCapRaw,revenueRaw,source,yahooTicker,dataStatus,dataAsOf
A,"Agilent Technologies, Inc.",172.31,76.36871501139923,0.8446934862776676,SPY,108.35,0.5903091832025843,98.29258728027344,175.2100067138672,0.7530314825132423,0.016551604376130995,48585531392.0,50969161728.0,6948000000.0,5.08,1835000000.0,1789000000.0,3354000000.0,281965813.0,-0.020618556701030927,6741000000.0,1823000000.0,2247000000.0,1559000000.0,1152000000.0,-407000000.0,1.45,33.919291338582674,7.207466457795579,26.65141601316511,6.99273623949338,6.084154553352003,25.499754,7985584680.0,0.09198606271777003,0.95443,0.081,revenueGrowth,0.008747460155802262,0.58,0.1998,0.53648996,0.25559,0.19533001,0.4975522919448153,2.05,USD,USD,USD,1.0,1.0,172.31,108.35,98.29258728027344,175.2100067138672,48585531392.0,6948000000.0,yfinance,A,fresh,2026-10-01
AA,Alcoa Corporation,42.0,30.214433493781613,1.671516220311497,SPY,32.855,0.27834423984172896,22.240930557250977,83.6277084350586,0.8884101945234113,0.49777411355692885,11084196864.0,12024197120.0,12831000000.0,4.81,1845000000.0,1597000000.0,2707000000.0,263909445.0,0.22027759360855348,6118000000.0,6084000000.0,1668000000.0,1185000000.0,567000000.0,-618000000.0,8.36,8.731808731808732,1.8117353488067995,1.8218601025641026,0.863860717325228,0.7390142045101559,7.406624,14998624920.0,,0.85885,0.314,revenueGrowth,-0.0,0.95,0.0832,0.19790001,0.18356001,0.09388,0.44246485779666556,1.535,USD,USD,USD,1.0,1.0,42.0,32.855,22.240930557250977,83.6277084350586,11084196864.0,12831000000.0,yfinance,AA,fresh,2026-10-01
AAPL,Apple Inc.,333.02,50.89870188600189,0.6878766458733878,SPY,243.42,0.36808807821871664,163.22061157226562,341.07000732421875,1.0403060421848498,0.02360221406559061,4860153954304.0,4882099077120.0,416161000000.0,8.73,144748000000.0,35934000000.0,98657000000.0,14594180000.0,-0.02618091334457634,73733000000.0,73733000000.0,-17674000000.0,111482000000.0,98767000000.0,-12715000000.0,2.64,38.146620847651775,65.9155867020737,65.9155867020737,11.678542569592057,9.205778022271566,34.7426,527946029390.0,0.15610002335586043,0.66344,0.164,revenueGrowth,0.018664223572520615,0.33,0.1204,0.48653,0.32623002,0.27618998,1.3380304612588665,1.003,USD,USD,USD,1.0,1.0,333.02,243.42,163.22061157226562,341.07000732421875,4860153954304.0,416161000000.0,yfinance,AAPL,fresh,2026-10-01
ABAT,American Battery Technology Company,2.21,40.75459742132477,3.7275472314961107,SPY,2.0,0.10499999999999998,0.7599999904632568,11.329999923706055,1.9078947733313758,0.8049426288718714,315096864.0,267193312.0,21741726.0,-0.58,-69579314.0,49519474.0,190163.0,142577758.0,0.5884972405934268,126386111.0,121767519.0,54538940.0,-24187555.0,-37765423.0,-13577868.0,,,2.4931288850243996,2.5876922399971045,14.492725370561656,12.454421501976285,-15.785714,25300000.0,,0.36958,1.966,revenueGrowth,,,0.0,-0.14209,-2.46499,0.0,0.001504619443508314,9.529,USD,USD,USD,1.0,1.0,2.21,2.0,0.7599999904632568,11.329999923706055,315096864.0,21741726.0,yfinance,ABAT,fresh,2026-10-01
ABBNY,ABB Ltd,94.81,42.919661009017986,1.5777059952762342,SPY,67.24,0.41002379535990496,31.240297317504883,109.7300033569336,2.034862281764364,0.13597013488098858,171623038976.0,691389595648.0,33220000000.0,2.72,7118000000.0,4640000000.0,9090000000.0,1810178699.0,-0.010804970286331712,16087000000.0,5331000000.0,9157000000.0,5469000000.0,4468000000.0,-1001000000.0,1.31,34.85661764705882,10.66843034599366,32.19340442243482,5.166256441180012,4.043814041570641,25.927961,42440883090.0,0.25245216272712656,0.00225,0.142,revenueGrowth,,0.0123,0.4383,0.40247002,0.16908,0.14086,0.5650525268850625,1.429,USD,USD,USD,1.0,1.0,94.81,67.24,31.240297317504883,109.7300033569336,171623038976.0,33220000000.0,yfinance,ABBNY,fresh,2026-10-01
ABBV,AbbVie Inc.,261.59,55.02636246547038,-0.11811630805327519,SPY,190.75,0.37137614678899067,125.30010986328125,266.2799987792969,1.0877076667006018,0.017613034402873616,462260207616.0,526623211520.0,61160000000.0,3.55,17629000000.0,5229000000.0,67496000000.0,1767117285.0,0.0,-3270000000.0,-91551000000.0,-14227000000.0,19030000000.0,17816000000.0,-1214000000.0,0.54,73.68732394366197,-141.36397786422017,-5.049209813284399,7.558211373708306,6.289638205298542,16.084267,73495516360.0,0.35834470213733516,0.7736,0.102,revenueGrowth,0.0021200180847365667,0.0263,1.9039999,0.72792,0.40035,0.098000005,-20.64097859327217,0.809,USD,USD,USD,1.0,1.0,261.59,190.75,125.30010986328125,266.2799987792969,462260207616.0,61160000000.0,yfinance,ABBV,fresh,2026-10-01
ABCL,AbCellera Biologics Inc.,14.59,76.93719620932998,2.5249767859015644,SPY,2.745,4.31511839708561,1.9299999475479126,14.819999694824219,6.5595856976767095,0.01551954787857011,4727851008.0,4065908224.0,75128000.0,-0.54,-174392000.0,128513000.0,143218000.0,324047363.0,0.014879851606950587,966904000.0,880717000.0,663925000.0,-131295000.0,-174067000.0,-42772000.0,,,4.889679852394861,5.3681841136256025,62.930611862421465,166.22066728028682,-18.70513,28443220.0,0.17558489822348602,0.37004003,-0.763,revenueGrowth,,,0.0,-1.98877,-0.15500489,-2.48838,0.14812018566476093,0.1277,USD,USD,USD,1.0,1.0,14.59,2.745,1.9299999475479126,14.819999694824219,4727851008.0,75128000.0,yfinance,ABCL,fresh,2026-10-01
ABSI,Absci Corporation,10.77,57.72293479214722,3.3553267579930224,SPY,2.24,3.8080357142857135,1.149999976158142,11.619999885559082,8.36521758546451,0.07314973269624828,1848283008.0,1650969856.0,2800000.0,-0.79,-103163000.0,20025000.0,5302000.0,171614010.0,0.2407206666698718,189449000.0,147935000.0,126808000.0,-92925000.0,-94032000.0,-1107000.0,,,9.756097989432511,12.493885882313178,660.1010742857143,105.31161070754806,-15.951776,17550610.0,,0.87254995,-0.464,revenueGrowth,,,0.0,0.0,-1.07415085,0.0,0.027986423786876678,0.10627,USD,USD,USD,1.0,1.0,10.77,2.24,1.149999976158142,11.619999885559082,1848283008.0,2800000.0,yfinance,ABSI,fresh,2026-10-01
ABT,Abbott Laboratories,98.83,35.24539026546303,0.030913338270853893,SPY,81.97,0.20568500670977186,81.97532653808594,135.8106689453125,0.20560666451366116,0.27229575726634314,171013783552.0,198782779392.0,44328000000.0,3.09,12075000000.0,8522000000.0,13860000000.0,1730383296.0,0.0005720823798627002,52130000000.0,22569000000.0,9500000000.0,9566000000.0,7395000000.0,-2171000000.0,1.85,31.983818770226538,3.2805252935353924,7.57737531800257,3.8579178747518497,3.1362769978960845,16.293926,54527640150.0,0.22938814079848807,0.81816,0.13,revenueGrowth,0.005221801315965074,0.025,0.7896,0.56847,0.14706999,0.116450004,0.26587377709572224,1.376,USD,USD,USD,1.0,1.0,98.83,81.97,81.97532653808594,135.8106689453125,171013783552.0,44328000000.0,yfinance,ABT,fresh,2026-10-01
CLX,The Clorox Company,81.01,31.397415032667126,0.3149562055413646,SPY,80.84,0.002102919346858012,81.41999816894531,157.94740295410156,-0.00503559540856986,0.48710774292666936,9796621312.0,15413620736.0,6720000000.0,4.67,1168000000.0,143000000.0,5520000000.0,120931005.0,-0.02140957020608314,90000000.0,-3450000000.0,-949000000.0,612000000.0,405000000.0,-207000000.0,1.02,17.346895074946467,108.8513479111111,-2.839600380289855,1.4578305523809523,1.254023122292276,12.939675,7812153650.0,0.2402022756005057,0.88264,-0.02,revenueGrowth,0.02613145816776877,0.0613,1.0312,0.42321,0.12885,0.087349996,61.333333333333336,0.658,USD,USD,USD,1.0,1.0,81.01,80.84,81.41999816894531,157.94740295410156,9796621312.0,6720000000.0,yfinance,CLX,fresh,2026-10-01
ACGL,Arch Capital Group Ltd.,92.36,39.96458887105746,-0.3121251933439791,SPY,82.45,0.12019405700424494,69.81497192382812,109.22020721435547,0.32292540489409216,0.15436893633854443,31515922432.0,32037650432.0,19300000000.0,12.78,5565000192.0,993000000.0,2729000000.0,341229126.0,-0.015453116815086433,24206000000.0,22154000000.0,,6172000000.0,6128000000.0,-44000000.0,1.05,7.226917057902973,1.3019880373461126,1.4225838418344317,1.6329493488082902,1.9791725545248309,9.463299,15923787120.0,0.15264109258887326,0.94144,-0.105,revenueGrowth,0.05993795688753141,,0.0,0.38758,0.26584998,0.24396999,0.11274064281583078,0.589,USD,USD,USD,1.0,1.0,92.36,82.45,69.81497192382812,109.22020721435547,31515922432.0,19300000000.0,yfinance,ACGL,fresh,2026-10-01
ACHR,Archer Aviation Inc.,4.97,38.5210049639065,2.98429761199767,SPY,4.3,0.15581395348837207,2.9100000858306885,13.640000343322754,0.707903729693968,0.6356305077050102,3827033088.0,2415318272.0,300000.0,-1.08,-709300000.0,1021500000.0,121900000.0,770026800.0,0.6571562784969501,2202800000.0,2122500000.0,1971700000.0,-432900000.0,-537900000.0,-105000000.0,,,1.7373493226802252,1.803078015547703,12756.77696,26.75955179431837,-6.1560183,143015590.0,,0.50069,,,,,0.0,0.14493,-0.5514,0.0,0.055338659887416014,0.10213,USD,USD,USD,1.0,1.0,4.97,4.3,2.9100000858306885,13.640000343322754,3827033088.0,300000.0,yfinance,ACHR,fresh,2026-10-01
WHK,WhiteHawk Minerals Corp.,24.48,31.196255116592027,0.204855228471768,SPY,24.06,0.01745635910224446,24.889999389648438,28.65999984741211,-0.01647245478916937,0.14584786705047897,582512576.0,769711616.0,73182000.0,-2.96,7487000.0,28989000.0,234557000.0,23795450.0,0.0,208754000.0,208754000.0,29622000.0,13577000.0,-101765000.0,-115342000.0,,,2.7904259367485174,2.7904259367485174,7.95977939930584,5.027147095636021,20.903423,115873390.0,0.11373667041311439,0.48159,0.741,revenueGrowth,0.12944784903665324,0.08039999999999999,0.0,1.0,-0.07412,-0.46163,1.1236048171532043,1.395,USD,USD,USD,1.0,1.0,24.48,24.06,24.889999389648438,28.65999984741211,582512576.0,73182000.0,yfinance,WHK,fresh,2026-10-01
CNX,CNX Resources Corporation,31.17,23.35960586274436,-0.03417395127589094,SPY,31.105,0.0020896961903231403,19.229999542236328,42.61000061035156,0.6209048747785423,0.2684815875729501,4611403264.0,6985349120.0,2142473000.0,6.17,1547647000.0,779000.0,2604853000.0,147943637.0,0.05978650425965351,4337016000.0,3956369000.0,-634038000.0,1028957000.0,533969000.0,-494988000.0,1.93,5.051863857374393,1.0632663711639523,1.1655645021988597,2.1523740387860197,2.077158647895089,8.192585,2220053470.0,0.21144642009811432,0.92774004,-0.181,revenueGrowth,0.11353615592184306,,0.0,0.73616,0.62878,0.44368,0.6006094974055894,0.716,USD,USD,USD,1.0,1.0,31.17,31.105,19.229999542236328,42.61000061035156,4611403264.0,2142473000.0,yfinance,CNX,fresh,2026-10-01
ACLS,"Axcelis Technologies, Inc.",131.18,60.99171822434717,2.6542397544148364,SPY,73.6,0.7823369565217394,42.41999816894531,191.60000610351562,2.092409374407607,0.31534448945096866,4051033344.0,3718626816.0,839048000.0,2.98,161226000.0,145451000.0,42329000.0,30881489.0,-0.031678082191780824,1034677000.0,1034677000.0,745542000.0,118305000.0,107010000.0,-11295000.0,1.45,44.02013422818792,3.9152637431778228,3.9152637431778228,4.828130624231272,4.097025155406035,24.901289,988774340.0,0.13027942335930098,0.010335700000000001,0.106,revenueGrowth,0.029888917152294858,,0.0,0.43011,0.09425,0.10714,0.04091035173295628,4.896,USD,USD,USD,1.0,1.0,131.18,73.6,42.41999816894531,191.60000610351562,4051033344.0,839048000.0,yfinance,ACLS,fresh,2026-10-01
ACN,Accenture plc,183.37,45.919987525702986,0.2770718232428575,SPY,118.15,0.5520101565806178,122.96148681640625,386.3514709472656,0.4912799507197704,0.5253803497876969,112211812352.0,112046178304.0,69672977000.0,12.52,11867333000.0,11478729000.0,8182866000.0,611942109.0,-0.00551142522485972,31195446000.0,6248275000.0,8548592000.0,11474399000.0,10874360000.0,-600039000.0,1.29,14.646166134185304,3.597057479223089,17.958846617986563,1.6105499891586375,1.4658331118773649,12.504645,76551560640.0,0.23738069224809605,0.82542,0.056,revenueGrowth,0.04116765341521253,0.0368,0.5088,0.32013,0.16964,0.10656,0.2623096332714717,1.339,USD,USD,USD,1.0,1.0,183.37,118.15,122.96148681640625,386.3514709472656,112211812352.0,69672977000.0,yfinance,ACN,fresh,2026-10-01
ADBE,Adobe Inc.,239.94,36.43323326570464,0.3708828471977426,SPY,190.12,0.26204502419524506,193.41000366210938,634.760009765625,0.24057698907435693,0.6219988715284789,95376154624.0,94529650688.0,23769000000.0,17.91,9815000000.0,5431000000.0,6648000000.0,397500000.0,-0.051111111111111114,11623000000.0,-1729000000.0,-37000000.0,10031000000.0,9852000000.0,-179000000.0,0.56,13.396984924623116,8.205812150391464,-55.16261111856564,4.012627987041945,3.282837091200995,8.670458,29052966070.0,0.18365010304556903,0.89023,0.129,revenueGrowth,0.11827903991802688,,0.0,0.89252996,0.34822,0.28048,0.5719693710745934,0.77,USD,USD,USD,1.0,1.0,239.94,190.12,193.41000366210938,634.760009765625,95376154624.0,23769000000.0,yfinance,ADBE,fresh,2026-10-01
ADCT,ADC Therapeutics SA,1.22,54.06340469577997,1.2726380458938347,SPY,0.78,0.564102564102564,0.46799999475479126,5.289999961853027,1.6068376360542895,0.7693761798114177,155754592.0,374838592.0,81357000.0,-0.58,-88099000.0,261338000.0,117024000.0,127667695.0,0.3078178722293913,-185834000.0,-185834000.0,236172000.0,-141174000.0,-141438000.0,-264000.0,,,-0.8381382954679983,-0.8381382954679983,1.9144583994001745,1.527533701597856,-0.818792,101964750.0,,0.67552,0.022,revenueGrowth,0.0014188987763519678,,0.0,-0.11594,-1.18142,-1.21768,-0.629723301441071,3.031,USD,USD,USD,1.0,1.0,1.22,0.78,0.46799999475479126,5.289999961853027,155754592.0,81357000.0,yfinance,ADCT,fresh,2026-10-01
ADI,"Analog Devices, Inc.",396.71,64.79842776190074,1.6793892405392523,SPY,223.47,0.7752270998344296,148.75547790527344,444.1268615722656,1.6668597727380665,0.1067642281405901,192231964672.0,199071088640.0,11019707000.0,8.4,5028673000.0,2499406000.0,8664610000.0,484565465.0,-0.003986388528505285,33815755000.0,-1143240000.0,3862260000.0,4812202000.0,4278650000.0,-533552000.0,0.6,47.22738095238095,5.684686462626666,-168.1466399636122,17.44438075095826,10.555358755057561,24.2664,18211788830.0,0.16399396485100912,0.93857,0.396,revenueGrowth,0.011260551821823499,0.011000000000000001,0.4964,0.65800005,0.39503,0.29787,0.256229973277249,1.25,USD,USD,USD,1.0,1.0,396.71,223.47,148.75547790527344,444.1268615722656,192231964672.0,11019707000.0,yfinance,ADI,fresh,2026-10-01
ADM,Archer-Daniels-Midland Company,79.38,37.959709780385495,-0.027171788456864986,SPY,55.58,0.4282115869017632,39.848968505859375,88.08999633789062,0.9920214493965633,0.09887611193081809,38257950720.0,46805950464.0,80269000000.0,3.66,3048000000.0,1015000000.0,9758000000.0,481959583.0,-0.018255578093306288,22733000000.0,15988000000.0,7131000000.0,5452000000.0,4204000000.0,-1248000000.0,0.98,21.688524590163933,1.6829257343949324,2.3929166074555916,0.47662174338785834,0.42242747270105396,13.999703,90566909570.0,0.1450199203187251,0.88978,0.072,revenueGrowth,-0.0,0.0262,0.5628,0.0687,0.04008,0.021559998,0.4292438305547002,1.389,USD,USD,USD,1.0,1.0,79.38,55.58,39.848968505859375,88.08999633789062,38257950720.0,80269000000.0,yfinance,ADM,fresh,2026-10-01
ADP,"Automatic Data Processing, Inc.",258.06,39.12452513730772,-0.02510660074559919,SPY,188.16,0.37149234693877553,186.17694091796875,314.38067626953125,0.38610076375518265,0.17914802187538162,102256672768.0,103802224640.0,21947400000.0,10.94,6775500000.0,4230100000.0,5270800000.0,396251548.0,-0.008491023774866569,6031200000.0,1093500000.0,2536200000.0,5441200000.0,4776100000.0,-665100000.0,2.45,23.588665447897625,16.95461479771853,93.51318954549612,4.659170232829402,4.164315721811972,19.26045,24555456310.0,0.22979599671919446,0.91739,0.068,revenueGrowth,0.020373242582678124,0.026000000000000002,0.6069,0.48653,0.23459,0.20109,0.873922270858204,1.051,USD,USD,USD,1.0,1.0,258.06,188.16,186.17694091796875,314.38067626953125,102256672768.0,21947400000.0,yfinance,ADP,fresh,2026-10-01
ADPT,Adaptive Biotechnologies Corporation,28.9,64.63266354732153,1.6652677546222845,SPY,12.0,1.4083333333333332,2.3350000381469727,29.56999969482422,11.376873459468841,0.022658089338482255,4612319744.0,4686311936.0,276976000.0,-0.4,-29846000.0,70495000.0,79148000.0,159595842.0,0.03140883234700403,218793000.0,98095000.0,210270000.0,-45986000.0,-48945000.0,-2959000.0,,,21.080746385853296,47.01890763035833,16.652416613713825,12.796318111949256,-158.90471,360441160.0,,0.9942,0.215,revenueGrowth,,,0.0,0.46942002,-0.2204,-0.20726,0.3617483191875426,4.795,USD,USD,USD,1.0,1.0,28.9,12.0,2.3350000381469727,29.56999969482422,4612319744.0,276976000.0,yfinance,ADPT,fresh,2026-10-01
ADSK,"Autodesk, Inc.",209.0,33.28773724117124,0.49009712626348073,SPY,185.5,0.12668463611859837,187.72000122070312,326.7900085449219,0.11336031664669498,0.3604455627924438,43681001472.0,43228909568.0,7206000000.0,7.72,1989000000.0,2249000000.0,2734000000.0,209000000.0,-0.009216589861751152,3045000000.0,-1717000000.0,-866000000.0,2452000000.0,2376000000.0,-76000000.0,0.78,27.072538860103627,14.34515647684729,-25.440303711124052,6.061754298084929,4.726425181964902,14.718942,9241868810.0,0.29881472239550844,0.0101557,0.161,revenueGrowth,0.032096333709260245,,0.0,0.92503,0.29228002,0.21078,0.8978653530377668,0.855,USD,USD,USD,1.0,1.0,209.0,185.5,187.72000122070312,326.7900085449219,43681001472.0,7206000000.0,yfinance,ADSK,fresh,2026-10-01
ADYEY,Adyen N.V.,9.84,36.416254036130994,1.7537884259742813,SPY,8.925,0.10252100840336124,6.650000095367432,19.8799991607666,0.4796992268999827,0.5050301601913872,31061610496.0,19004647424.0,3000336580.1678896,0.4,1756439537.0897055,11817032111.01079,286064377.03871727,3156667700.0,0.011093372204047066,5991188916.647315,5982686309.750319,5557067413.564324,1168014025.3322124,1025423913.427949,-142590111.9042635,0.88,24.599999999999998,5.184548664404687,5.191916956330663,10.352708659860385,7.855578131483035,17.703255,3954083324.754095,0.23777693128251923,0.01007,0.189,revenueGrowth,,,0.0,0.68535006,0.43617,0.43555,0.047747514060831796,1.648,USD,USD,EUR,1.0,1.133529782295227,9.84,8.925,6.650000095367432,19.8799991607666,31061610496.0,2646897000.0,yfinance,ADYEY,fresh,2026-10-01
AEHR,"Aehr Test Systems, Inc.",99.62,54.89988442077364,5.422085715783801,SPY,18.7,4.327272727272727,6.78000020980835,145.61000061035156,13.693214884548796,0.3158436949218863,3253543936.0,3143173120.0,50001000.0,-0.23,-10613000.0,116358000.0,9882000.0,32659546.0,0.03552014045987102,219511000.0,199240000.0,166593000.0,-3310000.0,-5376000.0,-2066000.0,0.95,,14.82178084925129,16.329772816703475,65.06957732845343,16.121071931018697,72.01463,201819330.0,0.39280845262440356,0.75934,0.337,revenueGrowth,-0.0,,0.0,0.35301,-0.06403,-0.14252,0.04501824509933443,0.1033,USD,USD,USD,1.0,1.0,99.62,18.7,6.78000020980835,145.61000061035156,3253543936.0,50001000.0,yfinance,AEHR,fresh,2026-10-01
AEIS,"Advanced Energy Industries, Inc.",281.82,52.54176804535111,2.6047318782178306,SPY,167.23,0.6852239430724153,78.79473114013672,388.7937316894531,2.57663508615547,0.27514263469375533,11287015424.0,11267315712.0,1798800000.0,5.41,244300000.0,791200000.0,679000000.0,40050442.0,0.020111525146013373,1362800000.0,944300000.0,582700000.0,233300000.0,125900000.0,-107400000.0,2.77,52.09242144177449,8.28222440857059,11.952785580853542,6.27474728930398,3.752013471382021,18.3719,3008255570.0,0.11499703615886188,0.010251,0.3,revenueGrowth,0.002675640890485949,0.14,0.0738,0.3996,0.17018,0.10767,0.4982389198708541,3.79,USD,USD,USD,1.0,1.0,281.82,167.23,78.79473114013672,388.7937316894531,11287015424.0,1798800000.0,yfinance,AEIS,fresh,2026-10-01
AES,The AES Corporation,14.9,63.70101474235637,0.3821057347657275,SPY,13.21,0.12793338380015135,9.048235893249512,19.38814353942871,0.6467298350517399,0.231489081474015,10630236160.0,49602236416.0,12233000000.0,2.67,2939000000.0,1382000000.0,29897000000.0,713438630.0,0.003597379344676718,4063000000.0,1681000000.0,-1990000000.0,4306000000.0,-1623000000.0,-5929000000.0,0.81,5.580524344569288,2.616351503814915,6.3237573825104105,0.8689803122700891,0.7910622271280121,6.2855935,13437926620.0,,0.91586995,0.199,revenueGrowth,,0.047400000000000005,0.2636,0.2027,0.18673,0.1434,7.358355894659119,0.746,USD,USD,USD,1.0,1.0,14.9,13.21,9.048235893249512,19.38814353942871,10630236160.0,12233000000.0,yfinance,AES,fresh,2026-10-01
AEVA,"Aeva Technologies, Inc.",14.04,38.138564449967696,3.9782709855567657,SPY,8.83,0.5900339750849376,2.2899999618530273,37.790000915527344,5.1310044689429075,0.6284731500434769,978668864.0,904196416.0,18079000.0,-0.21,-119110000.0,72291000.0,102394000.0,69705758.0,0.06865368489337971,13215000.0,12390000.0,117656000.0,-115077000.0,-119686000.0,-4609000.0,,,74.05742444192205,78.98860887812752,54.132909121079706,13.457587435848568,-8.731343,72722460.0,,0.67421997,0.113,revenueGrowth,,,0.0,0.27225,-5.63233,-1.50116,7.748316307226636,7.846,USD,USD,USD,1.0,1.0,14.04,8.83,2.2899999618530273,37.790000915527344,978668864.0,18079000.0,yfinance,AEVA,fresh,2026-10-01
AEYE,"AudioEye, Inc.",6.72,41.89413874221325,1.9408105019353454,SPY,5.31,0.26553672316384186,3.950000047683716,33.63999938964844,0.701265802247424,0.8002378085040082,84468208.0,92489208.0,40311000.0,-0.37,554000.0,5288000.0,13200000.0,12569674.0,0.04441453566621804,4804000.0,-14393000.0,-1794000.0,4753000.0,2762000.0,-1991000.0,2.16,,17.582890924229808,-5.868700618356145,2.0954133611173127,1.7559742329689025,5.894737,48103330.0,,0.35444,0.087,revenueGrowth,0.0541623897123519,,0.0,0.78352,-0.0558,-0.109189995,2.7477102414654455,1.064,USD,USD,USD,1.0,1.0,6.72,5.31,3.950000047683716,33.63999938964844,84468208.0,40311000.0,yfinance,AEYE,fresh,2026-10-01
AFK,VanEck Africa Index ETF,27.53,38.15931255292309,1.3282861329891738,SPY,23.0,0.19695652173913047,12.636816024780273,30.559999465942383,1.178555100114998,0.09914919891668085,,,,2.7885568,,,,,,,,,,,,,9.872490314703292,,,,,,,,,,,,0.93,,,,,,,USD,USD,USD,1.0,1.0,27.53,23.0,12.636816024780273,30.559999465942383,,,yfinance,AFK,fresh,2026-10-01
RYM,"RYTHM, Inc.",20.965,43.38993140476961,1.54935832354684,SPY,14.0,0.4975,2.822000026702881,62.709999084472656,6.4291282075198,0.6656832992174121,45056468.0,84393416.0,17283000.0,-10.58,-25381000.0,32218000.0,80621000.0,2149128.0,0.9544955081676363,13020000.0,-46093000.0,4590000.0,-23537000.0,-23541000.0,-4000.0,,,3.46055821812596,-0.9775121601978608,2.60698188971822,,,0.0,-0.0,0.12529999,0.10274,revenueGrowth,,,0.0,0.75183,0.0841,-0.06205,6.192089093701997,0.591,USD,USD,USD,1.0,1.0,20.965,14.0,2.822000026702881,62.709999084472656,45056468.0,17283000.0,yfinance,RYM,fresh,2026-10-01
AGG,iShares Core U.S. Aggregate Bond ETF,94.54,27.971998954094474,0.12558549121934004,SPY,94.33,0.002226227075161751,81.98957061767578,99.045166015625,0.15307348590527356,0.04548597571045795,,,,,,,,,,,,,,,,,,,,,,,,,,,,,0.0405,,,,,,,USD,USD,USD,1.0,1.0,94.54,94.33,81.98957061767578,99.045166015625,,,yfinance,AGG,fresh,2026-10-01
AGX,"Argan, Inc.",377.95,38.528761221409596,1.727038906381414,SPY,255.6,0.4786776212832551,40.59831237792969,797.8958129882812,8.309500268919148,0.5263166019326498,5302579200.0,4285047808.0,944606000.0,12.68,140874000.0,339481000.0,2516000.0,14029842.0,0.017330648640874444,462262000.0,432779000.0,421000000.0,414718000.0,410841000.0,-3877000.0,,29.80678233438486,11.470938991307959,12.252394871285345,5.613535378771679,3.1426995424380784,23.46453,1687268900.0,0.14164314773626402,0.0112396,0.615,revenueGrowth,0.0018626784490083617,0.74,0.158,0.20711,0.14794,0.15092,0.0054428008358896034,1.501,USD,USD,USD,1.0,1.0,377.95,255.6,40.59831237792969,797.8958129882812,5302579200.0,944606000.0,yfinance,AGX,fresh,2026-10-01
AI,"C3.ai, Inc.",10.99,47.45861762250868,2.2073696163762278,SPY,7.675,0.4319218241042346,7.760000228881836,42.939998626708984,0.4162370716300334,0.7440614729511392,1766970624.0,1175366656.0,250268000.0,-3.09,-474116000.0,66197000.0,5577000.0,157279864.0,0.08849708340757152,653751000.0,653126000.0,601391000.0,-190228000.0,-192136000.0,-1908000.0,,,2.7028189998944554,2.7054054255993485,7.060313839563987,7.226573718923325,-23.104252,244510150.0,,0.64072,-0.255,revenueGrowth,-0.0,,0.0,0.29093,-1.86291,-1.9210299,0.008530770889834203,6.155,USD,USD,USD,1.0,1.0,10.99,7.675,7.760000228881836,42.939998626708984,1766970624.0,250268000.0,yfinance,AI,fresh,2026-10-01
AIG,"American International Group, Inc.",74.42,49.63425388676179,0.04733764855743118,SPY,71.25,0.04449122807017546,54.849430084228516,84.95122528076172,0.3568053466684759,0.12396790329929057,38913708032.0,37565710336.0,26774000000.0,5.48,8145999872.0,1274000000.0,9191000000.0,522893169.0,-0.13228360261676556,41139000000.0,37704000000.0,,3314000000.0,,,0.63,13.58029197080292,0.9459079713167554,1.0320843420326755,1.4534140596100695,1.2440399288112773,8.460174,31280111780.0,0.20159835009022944,0.010032099999999999,0.005,revenueGrowth,0.14997285777034838,0.026600000000000002,0.3376,0.35087,0.19414,0.11089,0.22341330610855878,0.612,USD,USD,USD,1.0,1.0,74.42,71.25,54.849430084228516,84.95122528076172,38913708032.0,26774000000.0,yfinance,AIG,fresh,2026-10-01
AIR,AAR Corp.,101.47,30.68162627431458,1.653001402467656,SPY,76.1,0.3333771353482261,48.560001373291016,153.7100067138672,1.0895798420592828,0.33986080562153975,4085064448.0,4892111872.0,3308000000.0,4.91,390100000.0,84000000.0,995000000.0,40258840.0,0.07262569832402235,1703800000.0,841900000.0,1128900000.0,98700000.0,33300000.0,-65400000.0,2.4,20.665987780040734,2.3976197018429395,4.852196754959022,1.2349046094316807,1.0399458031057658,15.099703,3928151290.0,0.23668157787718586,0.010260199000000001,0.241,revenueGrowth,-0.0,,0.0,0.19063,0.09488,0.05547,0.583988731071722,2.827,USD,USD,USD,1.0,1.0,101.47,76.1,48.560001373291016,153.7100067138672,4085064448.0,3308000000.0,yfinance,AIR,fresh,2026-10-01
ALAB,"Astera Labs, Inc.",355.97,61.34066519099541,3.7050596511551412,SPY,97.89,2.6364286443967724,36.369998931884766,483.0199890136719,8.787462481554519,0.26303256987999246,61755494400.0,60546949120.0,852525000.0,2.04,180252000.0,167611000.0,4146000.0,173485104.0,0.3678825554996876,1363634000.0,1363634000.0,1228988000.0,319306000.0,281762000.0,-37544000.0,,174.4950980392157,45.28744105823117,45.28744105823117,72.43833834784904,20.774184255228665,55.677036,2972703700.0,,0.76007,1.045,revenueGrowth,-0.0,,0.0,0.75128996,0.22744,0.30742002,0.0030404052700358014,0.10054,USD,USD,USD,1.0,1.0,355.97,97.89,36.369998931884766,483.0199890136719,61755494400.0,852525000.0,yfinance,ALAB,fresh,2026-10-01
ALB,Albemarle Corporation,105.78,35.698450740932046,1.4884996361497027,SPY,81.97,0.2904721239477858,49.59022521972656,214.34884643554688,1.1330816613819619,0.5065053917525641,12482574336.0,15343614976.0,5142733000.0,0.27,314256000.0,1618001000.0,3296651000.0,118005057.0,0.0012594029749140542,9533365000.0,5584370000.0,2210095000.0,1282267000.0,692466000.0,-589801000.0,0.79,391.77777777777777,1.3093565950742472,2.235269929463843,2.4272258225344383,1.980792411392308,9.36334,6301808440.0,,0.0101797,0.311,revenueGrowth,,0.0152,6.0,0.23959999,0.2771,0.03795,0.3458014038065258,2.086,USD,USD,USD,1.0,1.0,105.78,81.97,49.59022521972656,214.34884643554688,12482574336.0,5142733000.0,yfinance,ALB,fresh,2026-10-01
ALLO,"Allogene Therapeutics, Inc.",1.6,32.1643448344128,2.1515522081054477,SPY,1.04,0.5384615384615385,0.949999988079071,5.630000114440918,0.6842105474498467,0.7158081762918603,552785408.0,297462944.0,0.0,-0.66,-177452000.0,51688000.0,83253000.0,345490881.0,0.13249155764501194,292542000.0,292542000.0,225235000.0,-149246000.0,-149632000.0,-386000.0,,,1.8895933165152354,1.8895933165152354,119.13479,45.738420956825365,-2.4518065,12085800.0,-0.0,0.88001,,,,,0.0,0.0,-0.1011207,0.0,0.2845847775704001,0.10715999999999999,USD,USD,USD,1.0,1.0,1.6,1.04,0.949999988079071,5.630000114440918,552785408.0,0.0,yfinance,ALLO,fresh,2026-10-01
ALLY,Ally Financial Inc.,37.62,24.31483810008605,1.1974546117568803,SPY,35.92,0.047327394209354,20.658485412597656,46.923988342285156,0.821043471902307,0.1982778674825675,11443991552.0,28550131712.0,8770000000.0,4.25,,10030000000.0,21344000000.0,304199693.0,0.009295202476141346,15498000000.0,12984000000.0,,3729000000.0,-546000000.0,-4275000000.0,0.27,8.851764705882353,0.738417315266486,0.8813918324091189,1.3049021153933866,1.1958101885575565,5.921938,9570073630.0,0.18934348239771645,0.88745004,0.11,revenueGrowth,0.005155543826811801,0.0317,0.2824,0.0,0.25270998,0.1841,1.3772099625758163,,USD,USD,USD,1.0,1.0,37.62,35.92,20.658485412597656,46.923988342285156,11443991552.0,8770000000.0,yfinance,ALLY,fresh,2026-10-01
ALNY,"Alnylam Pharmaceuticals, Inc.",246.74,54.35687306564111,0.4091241167228529,SPY,197.81,0.24735857641170825,143.30999755859375,491.2200012207031,0.7217221701446045,0.4976996063131787,33016064000.0,32690051072.0,3713937000.0,5.74,631437000.0,1657250000.0,1278389000.0,133809118.0,0.055095533916694736,789176000.0,789176000.0,2584313000.0,524080000.0,465383000.0,-58697000.0,0.33,42.98606271777003,41.83612274068142,41.83612274068142,8.889774920791602,4.754862738910237,19.78434,6943641870.0,0.029103951081843837,0.0101687,0.669,revenueGrowth,,,0.0,0.79654,0.17928,0.16126,1.619903544963354,3.055,USD,USD,USD,1.0,1.0,246.74,197.81,143.30999755859375,491.2200012207031,33016064000.0,3713937000.0,yfinance,ALNY,fresh,2026-10-01
AMAT,"Applied Materials, Inc.",511.38,63.03090736346745,2.6868946494167103,SPY,203.4,1.5141592920353983,125.53392791748047,722.2277221679688,3.0736397600508036,0.29194077670551094,405829877760.0,404049985536.0,28368000000.0,11.57,9975000000.0,7241000000.0,7050000000.0,793597443.0,-0.03117505995203837,20415000000.0,16482000000.0,12882000000.0,7958000000.0,5698000000.0,-2260000000.0,1.02,44.19878997407087,19.879004543717855,24.622611197670185,14.305903756345177,8.789833812078397,27.702793,46170369820.0,0.24517312048322726,0.86297995,0.248,revenueGrowth,0.01206170434522519,0.41,0.16479999,0.49398,0.33736,0.30052,0.3453343130051433,2.423,USD,USD,USD,1.0,1.0,511.38,203.4,125.53392791748047,722.2277221679688,405829877760.0,28368000000.0,yfinance,AMAT,fresh,2026-10-01
AMBA,"Ambarella, Inc.",69.51,49.416456707149806,2.8283295676025504,SPY,48.3,0.4391304347826089,39.790000915527344,95.51000213623047,0.7469212968244733,0.2722228201727545,3068239104.0,2808548864.0,390702000.0,-1.3,-56935000.0,191019000.0,13435000.0,44140971.0,0.03392042381517965,594789000.0,233118000.0,232331000.0,73519000.0,58005000.0,-15514000.0,2.28,,5.158533705229922,13.161742568141456,7.853144094476097,6.137709923627473,62.03038,499899660.0,,0.8638,0.132,revenueGrowth,0.00032591984069830826,,0.0,0.58522,-0.07531,-0.13481,0.022587842075088814,2.848,USD,USD,USD,1.0,1.0,69.51,48.3,39.790000915527344,95.51000213623047,3068239104.0,390702000.0,yfinance,AMBA,fresh,2026-10-01
AMD,"Advanced Micro Devices, Inc.",611.76,65.52487354797341,3.2175623268657514,SPY,160.49,2.81182628201134,78.20999908447266,630.6300048828125,6.822017736367103,0.029922466004958088,998682918912.0,989831626752.0,34639000000.0,3.95,7275000000.0,5539000000.0,3847000000.0,1632475042.0,-0.0006108735491753207,62999000000.0,21168000000.0,17492000000.0,7709000000.0,6735000000.0,-974000000.0,0.62,154.8759493670886,15.852361448784901,47.17889828571428,28.83117061439418,11.33547639881985,39.270035,88102421440.0,,0.75406,0.501,revenueGrowth,0.0019255360871646662,,0.0,0.55724,0.1725,0.15577,0.0610644613406562,2.609,USD,USD,USD,1.0,1.0,611.76,160.49,78.20999908447266,630.6300048828125,998682918912.0,34639000000.0,yfinance,AMD,fresh,2026-10-01
AME,"AMETEK, Inc.",247.73,62.67246858524103,0.9396937743177952,SPY,179.24,0.38211336755188563,136.58184814453125,258.143798828125,0.8137842133886743,0.04034107685483715,56794886144.0,58610384896.0,7401116000.0,6.82,2302397000.0,457951000.0,2344442000.0,229261244.0,-0.003915268254022949,10628786000.0,-670378000.0,177090000.0,1801763000.0,1671515000.0,-130248000.0,2.85,36.32404692082111,5.3434970037029625,-84.72068913956006,7.673827317934214,5.722345347362449,25.69888,9925106350.0,0.17693938684530558,0.92644995,0.15,revenueGrowth,0.007642378204606266,0.54,0.1901,0.36905998,0.26182,0.20044,0.22057476742875431,1.214,USD,USD,USD,1.0,1.0,247.73,179.24,136.58184814453125,258.143798828125,56794886144.0,7401116000.0,yfinance,AME,fresh,2026-10-01
AMGN,Amgen Inc.,421.51,60.85862837157897,0.5050411322779333,SPY,283.0,0.48943462897526496,233.71853637695312,444.1199951171875,0.8034940939394181,0.05090965362012475,227881795584.0,271196798976.0,36751000000.0,16.1,16898000000.0,9129000000.0,54604000000.0,540632005.0,0.0018484288354898336,8658000000.0,-32298000000.0,3568000000.0,9958000000.0,8100000000.0,-1858000000.0,2.56,26.180745341614905,26.32037371032571,-7.055600829277354,6.200696459524911,5.653307927248165,17.240398,40309461030.0,0.1409313725490196,0.85022,0.095,revenueGrowth,-0.0,0.023799999999999998,0.6087,0.71891,0.35548002,0.22951001,6.306768306768307,1.371,USD,USD,USD,1.0,1.0,421.51,283.0,233.71853637695312,444.1199951171875,227881795584.0,36751000000.0,yfinance,AMGN,fresh,2026-10-01
AMP,"Ameriprise Financial, Inc.",492.35,31.572341143276603,0.8009858875303479,SPY,422.37,0.16568411582262002,295.053466796875,570.6799926757812,0.6686806135341931,0.137257295999656,43490861056.0,37493862400.0,18480000000.0,41.38,,10103000000.0,5862000000.0,88333219.0,-0.05098244357846432,6549000000.0,6549000000.0,,8323000000.0,8161000000.0,-162000000.0,1.4,11.898260028999516,6.6408399841197125,6.6408399841197125,2.353401572294372,2.0516977524565516,9.529024,21197499000.0,0.2089253996447602,0.91637003,0.116,revenueGrowth,0.0668416290092962,0.0137,0.157,0.54932,0.30719998,0.199,0.8950984883188273,2.182,USD,USD,USD,1.0,1.0,492.35,422.37,295.053466796875,570.6799926757812,43490861056.0,18480000000.0,yfinance,AMP,fresh,2026-10-01
AMRN,Amarin Corporation plc,13.0,35.76673639886617,0.46149085010939345,SPY,12.96,0.0030864197530863537,8.0,27.0,0.625,0.5185185185185185,274596832.0,-32877158.0,213646000.0,-1.2,-33013000.0,134660000.0,6080000.0,21122834.0,0.009848224910387724,459281000.0,445916000.0,455423000.0,6728000.0,6195000.0,-533000.0,0.81,,0.5978841537098204,0.6158039451376492,1.2852888984581972,1.5528194403022253,13.2653055,176837580.0,,0.20782,-0.42,revenueGrowth,,,0.0,0.41956002,-0.28358,-0.14565,0.01323808300365136,3.671,USD,USD,USD,1.0,1.0,13.0,12.96,8.0,27.0,274596832.0,213646000.0,yfinance,AMRN,fresh,2026-10-01
AMRX,"Amneal Pharmaceuticals, Inc.",20.14,64.68513954364548,0.6296488425960561,SPY,9.56,1.106694560669456,3.359999895095825,20.5,4.994047806190666,0.01756097560975607,7014682112.0,9176091648.0,3018760000.0,0.48,603872000.0,282029000.0,2689046000.0,348296027.0,0.05122371172057558,-70794000.0,-1229762000.0,1029548000.0,339992000.0,225635000.0,-114357000.0,1.92,41.958333333333336,-99.08582806452524,-5.704097306633316,2.3236965217506524,2.0365471809046913,16.887897,3444399510.0,0.08100051002449554,0.48439997,0.099,revenueGrowth,,,0.0,0.39810002,0.18335,0.050479997,-37.98409469729073,2.205,USD,USD,USD,1.0,1.0,20.14,9.56,3.359999895095825,20.5,7014682112.0,3018760000.0,yfinance,AMRX,fresh,2026-10-01
AMT,American Tower Corporation,163.69,37.937411325103554,-0.07627895495835499,SPY,160.06,0.022678995376733697,141.93751525878906,226.40650939941406,0.15325394911662704,0.27700841979226404,76273000448.0,126023196672.0,10644600000.0,7.26,6445200000.0,1474800000.0,44963900000.0,465960048.0,0.0013607621977270786,3652500000.0,-23133700000.0,-4172000000.0,5464000000.0,3783600000.0,-1680400000.0,1.58,22.546831955922865,20.882409431348393,-3.297051507022223,7.165417248933732,6.691948883382976,23.350796,11397726100.0,0.13655475987123053,0.96772003,0.047,revenueGrowth,0.004780197420561294,0.042800000000000005,0.9601,0.73774004,0.45411,0.31083,12.310444900752909,0.352,USD,USD,USD,1.0,1.0,163.69,160.06,141.93751525878906,226.40650939941406,76273000448.0,10644600000.0,yfinance,AMT,fresh,2026-10-01
AMZN,"Amazon.com, Inc.",249.15,41.926765414440695,1.4416301674649306,SPY,196.0,0.2711734693877551,119.56999969482422,284.0199890136719,1.0837166566521692,0.12277301021933823,2687409848320.0,2816057016320.0,716924000000.0,12.43,165341000000.0,86810000000.0,152987000000.0,10786313572.0,0.009887137393899823,411065000000.0,378595000000.0,11078000000.0,139514000000.0,7695000000.0,-131819000000.0,1.46,20.04424778761062,6.537676154184862,7.098376492874972,3.7485282238005704,2.8352601451601886,23.78359,947853004920.0,,0.68717,0.196,revenueGrowth,-0.0,,0.0,0.5077,0.13689,0.1744,0.37217228418863196,1.033,USD,USD,USD,1.0,1.0,249.15,196.0,119.56999969482422,284.0199890136719,2687409848320.0,716924000000.0,yfinance,AMZN,fresh,2026-10-01
ANET,"Arista Networks, Inc.",203.59,55.84956201060751,2.04470075487856,SPY,114.52,0.7777680754453371,42.45500183105469,210.5,3.795430248953126,0.03282660332541566,256772734976.0,243429425152.0,9005700000.0,3.15,3928700000.0,1963900000.0,43964000.0,1261224648.0,-0.004197249657905028,12370500000.0,11954400000.0,11010500000.0,4371900000.0,4252400000.0,-119500000.0,1.52,64.63174603174603,20.756859866294814,21.47934944254835,28.512246130339673,15.762429780349482,39.246872,16290174710.0,0.1737299103466127,0.7334,0.377,revenueGrowth,0.006243264107265276,,0.0,0.63004,0.45393002,0.38371,0.003553938806030476,2.957,USD,USD,USD,1.0,1.0,203.59,114.52,42.45500183105469,210.5,256772734976.0,9005700000.0,yfinance,ANET,fresh,2026-10-01
AON,Aon plc,276.77,26.93882937545942,-0.24115814040725458,SPY,269.02,0.028808267043342505,271.7596740722656,405.6080322265625,0.018436605595876687,0.3176417180875669,58709954560.0,73598959616.0,17181000000.0,18.13,6540000000.0,1195000000.0,16071000000.0,212125434.0,0.02164705882352941,9352000000.0,-12172000000.0,2548000000.0,3481000000.0,3218000000.0,-263000000.0,2.16,15.265857694429123,6.277796680923866,-4.823361367071969,3.4171442034805892,2.695056971159132,13.645781,21784309270.0,0.21201933179239335,0.93167,0.022,revenueGrowth,0.017032886628757765,0.011899999999999999,0.1684,0.48154,0.23457001,0.22268,1.7184559452523525,1.033,USD,USD,USD,1.0,1.0,276.77,269.02,271.7596740722656,405.6080322265625,58709954560.0,17181000000.0,yfinance,AON,fresh,2026-10-01
AOS,A. O. Smith Corporation,56.37,45.320116471782164,0.7628462104895951,SPY,54.16,0.04080502215657313,55.44425582885742,87.91035461425781,0.016696845458619134,0.35877860751050156,7661166080.0,8157066240.0,3830200000.0,3.57,813700000.0,174500000.0,192100000.0,110047214.0,-0.03514318348698703,1858000000.0,785100000.0,429000000.0,616800000.0,546000000.0,-70800000.0,1.37,15.789915966386555,4.123340193756728,9.758204152337282,2.000200010443319,1.8922464091951035,13.794842,4048714820.0,0.236190742553489,0.011800399999999999,-0.007,revenueGrowth,0.0523157957698262,0.0248,0.3955,0.38592,0.18929,0.13149,0.10339074273412271,1.594,USD,USD,USD,1.0,1.0,56.37,54.16,55.44425582885742,87.91035461425781,7661166080.0,3830200000.0,yfinance,AOS,fresh,2026-10-01
APA,APA Corporation,41.54,46.38205226813841,-0.743094367487254,SPY,21.63,0.9204808136846973,13.159220695495605,47.40999984741211,2.1567218881144776,0.12381353862696809,14553602048.0,18913601536.0,8920000000.0,4.74,5373000000.0,516000000.0,4590000000.0,350351510.0,0.0169971671388102,6093000000.0,6093000000.0,-450000000.0,4545000000.0,1779000000.0,-2766000000.0,1.14,8.763713080168776,2.388577391761037,2.388577391761037,1.63156973632287,1.7760971575776423,9.292649,8194147480.0,0.3937656753851666,0.0110144,0.092,revenueGrowth,0.02260608740811435,0.023700000000000002,0.21100001,0.78255,0.56331,0.19564,0.7533234859675036,0.946,USD,USD,USD,1.0,1.0,41.54,21.63,13.159220695495605,47.40999984741211,14553602048.0,8920000000.0,yfinance,APA,fresh,2026-10-01
APD,"Air Products and Chemicals, Inc.",278.23,34.8089153171061,0.13521944340277908,SPY,229.11,0.2143948321766837,201.8196563720703,325.2186584472656,0.37860704453416205,0.14448327986964143,61957799936.0,81941594112.0,12037300000.0,-0.22,1337500000.0,1856000000.0,18406200000.0,222685530.0,-0.0004488330341113106,15024900000.0,13767500000.0,1607200000.0,3256800000.0,-3765800000.0,-7022600000.0,2.01,,4.123674695738408,4.500294166406392,5.147150933847291,4.5975978270007545,19.272198,13476124330.0,0.21397776265032903,0.93072,0.046,revenueGrowth,,0.0259,0.7566,0.32056,0.25536,-0.00375,1.225046422937923,1.085,USD,USD,USD,1.0,1.0,278.23,229.11,201.8196563720703,325.2186584472656,61957799936.0,12037300000.0,yfinance,APD,fresh,2026-10-01
APP,AppLovin Corporation,290.43,40.49880167146307,2.1152663228825035,SPY,290.4,0.00010330578512406873,36.150001525878906,733.5999755859375,7.034024557152183,0.6041030402597422,97566908416.0,97654456320.0,5480717000.0,13.02,4354704000.0,2487096000.0,3544741000.0,305732000.0,-0.016783864858829763,2134671000.0,197971000.0,3097004000.0,3971094000.0,3942776000.0,-28318000.0,0.66,22.306451612903228,45.70582933669872,492.8343465255012,17.80185118406953,9.518924712797931,13.842663,10249782550.0,0.13147655777642295,0.76128995,0.528,revenueGrowth,0.022466059810505822,,0.0,0.88464,0.77678,0.64575994,1.6605561231683945,4.3,USD,USD,USD,1.0,1.0,290.43,290.4,36.150001525878906,733.5999755859375,97566908416.0,5480717000.0,yfinance,APP,fresh,2026-10-01
APTV,Aptiv PLC,43.02,39.68527407492124,1.1672506906211713,SPY,42.92,0.0023299161230196045,43.34000015258789,98.91999816894531,-0.007383482959419875,0.5651031055770319,8932385792.0,13855385600.0,20398000000.0,2.21,2271000000.0,1851000000.0,8094000000.0,207633331.0,-0.1399127250058443,9207000000.0,2607000000.0,3708000000.0,2185000000.0,1529000000.0,-656000000.0,0.95,19.46606334841629,0.9701733237753883,3.4263083206751053,0.4379049804882832,0.6738327687104539,6.5719323,13256086980.0,0.7616974972796517,0.010626100000000001,0.023,revenueGrowth,0.04444501270372358,,0.0,0.19251,0.12675999,0.010720001,0.8791137178233952,2.018,USD,USD,USD,1.0,1.0,43.02,42.92,43.34000015258789,98.91999816894531,8932385792.0,20398000000.0,yfinance,APTV,fresh,2026-10-01
ARAY,Accuray Incorporated,0.2701,63.726627243657035,2.5465039614097074,SPY,0.22,0.22772727272727275,0.2199999988079071,3.0799999237060547,0.2277272793798408,0.9123051926329275,32260556.0,175499616.0,401947000.0,-0.4,-6401000.0,40623000.0,183874000.0,119439307.0,0.19331893196325706,41699000.0,-16212000.0,96372000.0,-6981000.0,-19260000.0,-12279000.0,29.49,,0.7736529892803184,-1.9899183320996792,0.08026072094082055,,-1.1254166,0.0,,0.64504,-0.209,revenueGrowth,-0.0,,0.0,0.27729,0.062140003,-0.12239,4.409554185951701,1.503,USD,USD,USD,1.0,1.0,0.2701,0.22,0.2199999988079071,3.0799999237060547,32260556.0,401947000.0,yfinance,ARAY,fresh,2026-10-01
ARBE,Arbe Robotics Ltd.,0.62,37.52885786593031,3.714982000938053,SPY,0.552,0.12318840579710134,0.5550000071525574,4.0,0.11711710272028077,0.845,79507184.0,63198624.0,1026000.0,-0.34,-47667000.0,4028000.0,26787000.0,128237394.0,0.3759567748753314,39569000.0,39569000.0,38863000.0,-38124000.0,-38427000.0,-303000.0,,,2.0093301321741768,2.0093301321741768,77.4923820662768,3.6583621221184375,-4.428571,21733000.0,,0.24870001,1.566,revenueGrowth,,,0.0,-0.24094,-0.13988621,0.0,0.6769693446890243,2.3,USD,USD,USD,1.0,1.0,0.62,0.552,0.5550000071525574,4.0,79507184.0,1026000.0,yfinance,ARBE,fresh,2026-10-01
ARCC,Ares Capital Corporation,19.1,52.75224013804203,0.6967294694794655,SPY,17.4,0.09770114942528753,14.076578140258789,20.58480453491211,0.3568638492741575,0.07213109711067983,13714236416.0,29175416832.0,1506000000.0,1.34,,638000000.0,15991000000.0,718022845.0,0.1201923076923077,14318000000.0,14318000000.0,,-1717000000.0,,,3.72,14.253731343283583,0.9578318491409414,0.9578318491409414,9.106398682602922,4.2999425471861175,9.8785095,3189399920.0,0.07081545064377683,0.3609,0.031,revenueGrowth,-0.0,0.0992,1.4327999,1.0,0.75651,0.30908,1.116845928202263,0.613,USD,USD,USD,1.0,1.0,19.1,17.4,14.076578140258789,20.58480453491211,13714236416.0,1506000000.0,yfinance,ARCC,fresh,2026-10-01
ARGT,Global X MSCI Argentina ETF,86.18,25.508531945400165,1.2305910542470988,SPY,66.49,0.29613475710633197,37.041099548339844,102.56905364990234,1.3266047998259958,0.15978555974439315,,,,6.1079297,,,,,,,,,,,,,14.10952716106081,,,,,,,,,,,,0.0109,,,,,,,USD,USD,USD,1.0,1.0,86.18,66.49,37.041099548339844,102.56905364990234,,,yfinance,ARGT,fresh,2026-10-01
ARKG,ARK Genomic Revolution ETF,54.22,70.03153223069683,1.8932210063730173,SPY,24.6,1.2040650406504063,18.34000015258789,53.95000076293945,1.9563794737673006,-0.0050046197079207395,,,,,,,,,,,,,,,,,,,,,,,,,,,,,0.0,,,,,,,USD,USD,USD,1.0,1.0,54.22,24.6,18.34000015258789,53.95000076293945,,,yfinance,ARKG,fresh,2026-10-01
ARKK,ARK Innovation ETF,89.1,58.01969374952755,2.26257444963838,SPY,62.945,0.4155214870124711,34.099998474121094,92.52999877929688,1.612903342726513,0.037069045980192165,,,,1.5493801,,,,,,,,,,,,,57.50687000562353,,,,,,,,,,,,0.0,,,,,,,USD,USD,USD,1.0,1.0,89.1,62.945,34.099998474121094,92.52999877929688,,,yfinance,ARKK,fresh,2026-10-01
ARKQ,ARK Autonomous Technology & Robotics ETF,121.25,45.52627471537702,2.182650367169608,SPY,98.35,0.2328418912048806,46.470680236816406,143.82000732421875,1.6091720496042936,0.15693231939098953,,,,3.3057246,,,,,,,,,,,,,36.678796533746336,,,,,,,,,,,,0.25,,,,,,,USD,USD,USD,1.0,1.0,121.25,98.35,46.470680236816406,143.82000732421875,,,yfinance,ARKQ,fresh,2026-10-01
ARKW,ARK Next Generation Internet ETF,160.14,55.34353249705551,2.0998483925794558,SPY,113.36,0.41266760762173593,49.27812576293945,179.4259490966797,2.2497177504351495,0.10748695600483013,,,,4.4095397,,,,,,,,,,,,,36.3167157787467,,,,,,,,,,,,0.0149,,,,,,,USD,USD,USD,1.0,1.0,160.14,113.36,49.27812576293945,179.4259490966797,,,yfinance,ARKW,fresh,2026-10-01
ARKX,ARK Space & Defense Innovation ETF,31.9,44.45513427460249,1.9369877855208197,SPY,25.17,0.2673818037346046,12.680000305175781,37.7400016784668,1.515772810114122,0.15474301586475317,,,,1.024827,,,,,,,,,,,,,31.127204884336578,,,,,,,,,,,,0.0,,,,,,,USD,USD,USD,1.0,1.0,31.9,25.17,12.680000305175781,37.7400016784668,,,yfinance,ARKX,fresh,2026-10-01
ARM,Arm Holdings plc,289.66,54.76730771576515,3.4808207612387303,SPY,100.02,1.8960207958408324,47.869998931884766,439.4599914550781,5.05097151583737,0.3408728766390802,309356462080.0,306060689408.0,4920000000.0,0.97,1157000000.0,2751000000.0,457000000.0,1067998569.0,0.001876172607879925,8286000000.0,6433000000.0,5196000000.0,1524000000.0,949000000.0,-575000000.0,2.41,298.61855670103097,37.33483732560946,48.088988353800715,62.87732969105691,37.55987131566045,94.82251,8236355750.0,0.21866897147796024,0.96242994,0.224,revenueGrowth,,,0.0,0.97537005,0.07603,0.20247999,0.05515327057687666,5.252,USD,USD,USD,1.0,1.0,289.66,100.02,47.869998931884766,439.4599914550781,309356462080.0,4920000000.0,yfinance,ARM,fresh,2026-10-01
ARQQ,Arqit Quantum Inc.,24.06,59.62080251193522,4.166573405130834,SPY,11.52,1.0885416666666667,3.7899999618530273,58.27000045776367,5.348285024318695,0.5870945630515377,418702016.0,372247360.0,530000.0,-3.03,-36808000.0,36978000.0,719000.0,17402411.0,1.7249748268512268,27236000.0,25124000.0,25119000.0,-29553000.0,-30102000.0,-549000.0,,,15.373109707739756,16.665420156026112,790.0038037735849,,-22.698114,0.0,0.058113568694172696,0.82475,8.299,revenueGrowth,,,0.0,0.49723998,-0.4931621,0.0,0.026398883830224703,4.88,USD,USD,USD,1.0,1.0,24.06,11.52,3.7899999618530273,58.27000045776367,418702016.0,530000.0,yfinance,ARQQ,fresh,2026-10-01
ARVN,"Arvinas, Inc.",7.735,29.599818502216394,1.1798147798244127,SPY,6.97,0.1097560975609757,6.070000171661377,52.310001373291016,0.2742997992177829,0.8521315274912339,499071488.0,-54137812.0,262600000.0,0.26,-113300000.0,142900000.0,8900000.0,64521198.0,-0.013908205841446454,433800000.0,433800000.0,558200000.0,-273800000.0,-275700000.0,-1900000.0,,29.75,1.1504644721069617,1.1504644721069617,1.9005007159177456,7.774532348637985,-2.3933513,64193120.0,,0.83749,0.10147,revenueGrowth,0.18414195603175793,,0.0,0.97157997,0.6636,0.02937,0.020516366989396035,7.905,USD,USD,USD,1.0,1.0,7.735,6.97,6.070000171661377,52.310001373291016,499071488.0,262600000.0,yfinance,ARVN,fresh,2026-10-01
ARWR,"Arrowhead Pharmaceuticals, Inc.",65.45,32.706810357018455,1.607000893197907,SPY,34.38,0.9037230948225712,9.989999771118164,89.58999633789062,5.551551701654773,0.2694496855078116,9245104128.0,9027162112.0,829448000.0,-2.28,164822000.0,88706000.0,366284000.0,141254467.0,0.11665998797836105,466052000.0,459191000.0,755152000.0,179552000.0,156886000.0,-22666000.0,,,19.83706566649215,20.13346108264317,11.146092495249853,27.65386263277182,-13.273143,334315110.0,0.4156365823841034,0.85468,1.71,revenueGrowth,,,0.0,1.0,-2.26028,-0.4779,0.7859294670980921,5.899,USD,USD,USD,1.0,1.0,65.45,34.38,9.989999771118164,89.58999633789062,9245104128.0,829448000.0,yfinance,ARWR,fresh,2026-10-01
ASML,ASML Holding N.V.,1811.67,63.15992518307536,2.201230897561969,SPY,935.41,0.9367656963256755,556.5916137695312,1986.870361328125,2.254935854549474,0.08817906026390776,695862493184.0,38653426401280.0,37029357457.17287,28.98,14226138826.739788,14640670668.125153,4977215921.080112,384100000.0,-0.011941056910569106,22231012796.330452,16417478601.872921,7200407883.095741,,,-1849013780.8799744,1.12,62.51449275362319,31.301430103934,42.38546673693337,18.79218385003886,11.244513618321157,30.79988,61884623631.048134,0.17651958162737483,0.20408002,0.213,revenueGrowth,0.009692291610367365,0.49,0.2972,0.52733004,0.37057,0.30114,0.22388615249691518,1.334,USD,USD,EUR,1.0,1.133529782295227,1811.67,935.41,556.5916137695312,1986.870361328125,695862493184.0,32667300000.0,yfinance,ASML,fresh,2026-10-01
ASTS,"AST SpaceMobile, Inc.",58.86,45.46382328927473,3.7357719068915465,SPY,49.31,0.19367268302575535,2.009999990463257,133.08999633789062,28.283582228492538,0.5577428685882186,22906398720.0,18854637568.0,70918000.0,-2.15,-369931000.0,2335683000.0,2239510000.0,299789305.0,0.6568308428436713,1841475000.0,1596382000.0,2308168000.0,-71517000.0,-1192655000.0,-1121138000.0,,,12.43915813138924,14.348945753585294,322.9983744606447,35.19864255400322,-45.65693,650775060.0,,0.54585,0.26266,revenueGrowth,,,0.0,0.38914,-5.44626,0.0,1.2161500970689256,0.13053,USD,USD,USD,1.0,1.0,58.86,49.31,2.009999990463257,133.08999633789062,22906398720.0,70918000.0,yfinance,ASTS,fresh,2026-10-01
ASX,"ASE Technology Holding Co., Ltd.",44.46,65.67545926842796,2.468382874270544,SPY,10.93,3.0677035681610247,6.833962917327881,45.310001373291016,5.505742061793938,0.01875968544534335,115758964736.0,317900947456.0,20259532942.560204,0.82,3962246591.2270956,2902713677.326132,8276696833.355658,2603665389.0,0.008547333534759574,10741522377.135992,8686571846.595089,2050349827.580411,4465384251.014326,-740804713.5511484,-5206188964.5654745,4.96,54.21951219512196,10.776774527081958,13.326196660812116,5.713802241354706,3.5305885448696137,22.76253,32787441318.873657,0.19699894914724056,0.07361,0.267,revenueGrowth,-0.0,0.92,0.5097,0.19485001,0.11061,0.08545999,0.7705329414918995,1.07,USD,USD,TWD,1.0,0.03139125928282738,44.46,10.93,6.833962917327881,45.310001373291016,115758964736.0,645387710000.0,yfinance,ASX,fresh,2026-10-01
ASYS,"Amtech Systems, Inc.",16.78,63.20060583812521,2.632656745829438,SPY,6.75,1.485925925925926,3.3499999046325684,23.989999771118164,4.0089553664749875,0.30054188578185664,293785920.0,228567936.0,79364000.0,0.27,-25224000.0,17904000.0,19513000.0,17508101.0,0.006615990990990991,53385000.0,51386000.0,39695000.0,7877000.0,6927000.0,-950000.0,0.37,62.148148148148145,5.503154818769318,5.717236601408944,3.7017529358399273,2.448216,13.424001,120000000.0,,0.80954003,0.145,revenueGrowth,-0.0,,0.0,0.46862,0.104320005,0.048979998,0.365514657675377,5.412,USD,USD,USD,1.0,1.0,16.78,6.75,3.3499999046325684,23.989999771118164,293785920.0,79364000.0,yfinance,ASYS,fresh,2026-10-01
ATEC,"Alphatec Holdings, Inc.",10.32,58.149449382022844,0.9304835841568504,SPY,6.82,0.5131964809384164,4.980000019073486,22.68000030517578,1.0722891486896027,0.5449735510962544,1593934976.0,2104444672.0,764155000.0,-0.71,-14918000.0,160806000.0,596092000.0,154451076.0,0.049795027492899414,12425000.0,-156238000.0,231701000.0,45231000.0,-4410000.0,-49641000.0,0.48,,128.28450511066399,-10.201967357493055,2.0858791423206027,1.5680515874995888,17.189114,1016506720.0,0.00031380096650697687,0.75625,0.151,revenueGrowth,0.0006675303673115458,,0.0,0.70838,-0.00934,-0.13495,47.97521126760564,1.887,USD,USD,USD,1.0,1.0,10.32,6.82,4.980000019073486,22.68000030517578,1593934976.0,764155000.0,yfinance,ATEC,fresh,2026-10-01
ATI,ATI Inc.,189.4,44.34435686936348,1.5588006384701383,SPY,79.29,1.3886997099255896,35.58000183105469,231.77999877929688,4.323215015539691,0.18284579775000995,25790670848.0,27321169920.0,4587400000.0,3.4,801100000.0,416700000.0,1749400000.0,136170383.0,-0.03274215552523874,1804500000.0,1579300000.0,1673700000.0,614300000.0,333700000.0,-280600000.0,1.33,55.70588235294118,14.292419422554724,16.330444404483,5.6220671508915725,4.56343280025703,29.719639,5651594310.0,0.19854489756844726,0.95498,0.106,revenueGrowth,0.0195458273641258,,0.0,0.23647,0.18198,0.10090999,0.969465225824328,2.327,USD,USD,USD,1.0,1.0,189.4,79.29,35.58000183105469,231.77999877929688,25790670848.0,4587400000.0,yfinance,ATI,fresh,2026-10-01
AVAV,"AeroVironment, Inc.",142.22,39.36662972832243,2.0095210408636945,SPY,135.2,0.051923076923077,105.0199966430664,409.8299865722656,0.3542182874311642,0.6529780527054667,7227720704.0,7471502336.0,1976845000.0,-4.05,-34972000.0,377325000.0,834789000.0,50820702.0,0.742324060123475,4400400000.0,976896000.0,1451186000.0,-78404000.0,-164622000.0,-86218000.0,1.57,,1.6425144768657394,7.398659329140461,3.6561898904567633,2.845797359704358,31.90678,2539787550.0,0.07544941136436513,0.88005996,0.057,revenueGrowth,,,0.0,0.26471,-0.02269,-0.10127,0.18970752658849196,4.26,USD,USD,USD,1.0,1.0,142.22,135.2,105.0199966430664,409.8299865722656,7227720704.0,1976845000.0,yfinance,AVAV,fresh,2026-10-01
AVGO,Broadcom Inc.,351.19,46.24581051670202,2.155118519681667,SPY,289.96,0.21116705752517598,78.88060760498047,479.93511962890625,3.452171587707523,0.2682552586034006,1676451119104.0,1712372449280.0,63887000000.0,7.76,34714000000.0,16178000000.0,65136000000.0,4773629865.0,0.015696944328170783,81292000000.0,-48782000000.0,13059000000.0,27537000000.0,26914000000.0,-623000000.0,0.35,45.256443298969074,20.622584253112237,-34.366182589971714,26.240880290262496,9.644228521835092,18.117605,173829468610.0,,0.7981,0.855,revenueGrowth,0.003763903359957466,0.73,0.324,0.75515,0.54307,0.42944,0.8012596565467697,2.504,USD,USD,USD,1.0,1.0,351.19,289.96,78.88060760498047,479.93511962890625,1676451119104.0,63887000000.0,yfinance,AVGO,fresh,2026-10-01
AVNT,Avient Corporation,40.25,44.19212768801004,1.1493556083574648,SPY,27.48,0.4647016011644832,26.643701553344727,50.158058166503906,0.5106759816917106,0.19753671750236565,3691712000.0,5155012096.0,3260200000.0,1.85,396200000.0,510500000.0,2000400000.0,91719550.0,-0.002173913043478261,2374200000.0,-875800000.0,554600000.0,301600000.0,195000000.0,-106600000.0,1.22,21.756756756756754,1.5549288181282117,-4.215245489837862,1.1323575240782775,1.0476523864072822,11.516419,3523794770.0,0.25156669650850494,0.0107936,0.058,revenueGrowth,-0.0,0.027000000000000003,0.5912,0.32994,0.1277,0.051030003,0.8425574930502906,1.9,USD,USD,USD,1.0,1.0,40.25,27.48,26.643701553344727,50.158058166503906,3691712000.0,3260200000.0,yfinance,AVNT,fresh,2026-10-01
AVUV,Avantis US Small Cap Value ETF,117.77,25.245320225071296,0.7833277646003478,SPY,93.87,0.2546074358154894,69.9540023803711,128.32009887695312,0.6835348370723953,0.08221704136208373,,,,10.069584,,,,,,,,,,,,,11.695617217156139,,,,,,,,,,,,0.0125,,,,,,,USD,USD,USD,1.0,1.0,117.77,93.87,69.9540023803711,128.32009887695312,,,yfinance,AVUV,fresh,2026-10-01
AWK,"American Water Works Company, Inc.",129.47,32.54796859303674,-0.45378991412983116,SPY,120.57,0.07381604047441326,107.02721405029297,146.20452880859375,0.20969233058015488,0.11445971574862812,25729443840.0,41570443264.0,5140000000.0,5.78,2931000000.0,98000000.0,15918000000.0,198728989.0,0.0,10837000000.0,9681000000.0,-2556000000.0,2059000000.0,-1242000000.0,-3301000000.0,2.3,22.399653979238753,2.374222002399188,2.6577258382398514,5.005728373540856,4.4576492614009275,19.718697,5771975840.0,0.21870604781997188,0.010714099999999999,0.062,revenueGrowth,-0.0,0.0276,0.5854,0.61469,0.40664002,0.21347,1.468856694657193,0.523,USD,USD,USD,1.0,1.0,129.47,120.57,107.02721405029297,146.20452880859375,25729443840.0,5140000000.0,yfinance,AWK,fresh,2026-10-01
AXON,"Axon Enterprise, Inc.",422.52,32.03138792173016,1.5723785031497917,SPY,339.01,0.24633491637414823,192.05999755859375,870.969970703125,1.1999375474900618,0.5148856858303577,34324432896.0,35482505216.0,2779536000.0,2.39,196373000.0,1201147000.0,1909664000.0,81237415.0,0.04852465694136816,3242658000.0,1675497000.0,2242905000.0,211339000.0,75081000.0,-136258000.0,1.93,176.78661087866107,10.585276922820723,20.486120175685183,12.34897943253838,7.163111569258242,40.07257,4791832790.0,,0.91225,0.353,revenueGrowth,2.155898692462406e-06,,0.0,0.59525,0.0517,0.06191,0.5889193371610574,2.149,USD,USD,USD,1.0,1.0,422.52,339.01,192.05999755859375,870.969970703125,34324432896.0,2779536000.0,yfinance,AXON,fresh,2026-10-01
AXSM,"Axsome Therapeutics, Inc.",184.39,32.45138815907177,0.6170541478998444,SPY,117.3,0.5719522591645353,57.41999816894531,255.1699981689453,2.2112505377912806,0.27738369979562666,9658499072.0,9556532224.0,638496000.0,-3.74,-168083000.0,322933000.0,218113000.0,52380818.0,0.03825427477706894,88295000.0,35734000.0,210150000.0,-93405000.0,-93885000.0,-480000.0,,,109.38896961322838,270.28877461241393,15.126953139878715,6.2405509833616115,39.40395,1547699730.0,0.0028850759918129165,0.74598,0.455,revenueGrowth,,,0.0,0.93236,-0.23419,-0.24678,2.4702757800554958,1.426,USD,USD,USD,1.0,1.0,184.39,117.3,57.41999816894531,255.1699981689453,9658499072.0,638496000.0,yfinance,AXSM,fresh,2026-10-01
AZN,AstraZeneca PLC,161.47,49.529967041770526,0.2532290654525571,SPY,153.41,0.05253894791734569,115.77542877197266,208.6199951171875,0.3946828071613176,0.22600899348455106,250423164928.0,277896953856.0,58739000000.0,6.68,19506000000.0,5711000000.0,29149000000.0,1550895914.0,-0.0006397952655150352,48667000000.0,-10421000000.0,-1894000000.0,14575000000.0,8670000000.0,-5905000000.0,1.15,24.172155688622755,5.145646226971048,-24.03062709221764,4.263320194896066,3.7372094271869867,13.943869,67008063050.0,0.1748911465892598,0.6493,0.064,revenueGrowth,,0.0195,0.4741,0.8169,0.23459,0.17021999,0.5989479524112848,0.886,USD,USD,USD,1.0,1.0,161.47,153.41,115.77542877197266,208.6199951171875,250423164928.0,58739000000.0,yfinance,AZN,fresh,2026-10-01
AZO,"AutoZone, Inc.",2830.02,45.982142275375345,0.1070018681095047,SPY,2764.88,0.023559792830068527,2416.5400390625,4354.5400390625,0.1711041217003423,0.3500989829894222,45769912320.0,58308567040.0,18938717000.0,145.33,4234327000.0,271803000.0,12288796000.0,16173000.0,-0.03134303207324608,-3414313000.0,-3716958000.0,-1178018000.0,3117337000.0,1790080000.0,-1327257000.0,1.29,19.47306130874561,-13.405306519935342,-12.31380938929092,2.4167377505033736,1.9576173592710977,14.71786,23380418090.0,0.20294116896359415,0.98967004,0.056,revenueGrowth,0.03448086133454057,,0.0,0.52339,0.19969,0.1265,-3.5992001904922013,0.901,USD,USD,USD,1.0,1.0,2830.02,2764.88,2416.5400390625,4354.5400390625,45769912320.0,18938717000.0,yfinance,AZO,fresh,2026-10-01
B,Barrick Mining Corporation,40.67,42.6431470501643,1.6469955828056602,SPY,30.35,0.3400329489291598,13.231146812438965,52.11696243286133,2.073807628055719,0.2196398619280173,66938118144.0,75237122048.0,16956000000.0,3.87,11069000000.0,6706000000.0,5211000000.0,1645884419.0,-0.025128498001142203,26557000000.0,23457000000.0,6720000000.0,7689000000.0,3868000000.0,-3821000000.0,2.04,10.509043927648579,2.520545172421584,2.853652135567208,3.947754077848549,2.7513157515697215,9.28772,24329493300.0,0.18750709823963657,0.65373003,0.438,revenueGrowth,0.022408756648538267,0.017,0.2377,0.56267,0.51342,0.316,0.19621945249839967,3.014,USD,USD,USD,1.0,1.0,40.67,30.35,13.231146812438965,52.11696243286133,66938118144.0,16956000000.0,yfinance,B,fresh,2026-10-01
BA,The Boeing Company,186.05,32.23962947069542,1.2409244005512723,SPY,176.77,0.05249759574588449,136.58999633789062,264.2699890136719,0.36210560793747515,0.2959851374180259,147048349696.0,176136339456.0,89463000000.0,2.78,7359000000.0,10921000000.0,54433000000.0,790370020.0,0.17784301606922126,5454000000.0,-13394000000.0,20344000000.0,1065000000.0,-1886000000.0,-2951000000.0,1.4,66.92446043165468,26.961560266960028,-10.978673263849485,1.6436778298961583,1.3036037602667068,45.08303,112801415720.0,0.1506641366223909,0.76813006,0.08,revenueGrowth,,,0.0,0.0471,4.0000003e-05,0.025910001,9.98038137147048,1.138,USD,USD,USD,1.0,1.0,186.05,176.77,136.58999633789062,264.2699890136719,147048349696.0,89463000000.0,yfinance,BA,fresh,2026-10-01
BABA,Alibaba Group Holding Limited,107.54,38.912055966448364,1.2968627551790477,SPY,91.99,0.16904011305576708,64.89946746826172,187.61692810058594,0.6570243824048496,0.42681078360719543,267384045568.0,196673912832.0,152718178593.36734,4.42,27793225585.9673,19622556126.862762,42029238631.278275,2486368315.0,-0.004296511025986127,158270319160.67004,117195429282.85896,20046396178.230644,11369983046.427368,-7567357538.044453,-18937340584.47182,0.5,24.33031674208145,1.689413700471292,2.281522813681162,1.7508331230163892,1.4155375752179864,11.70661,188892227411.78317,0.23221034570706486,0.10135999,0.086,revenueGrowth,0.004261621982174009,0.98,0.24040002,0.38199002,0.07295,0.07039,0.2655535090480975,1.362,USD,USD,CNY,1.0,0.14918692409992218,107.54,91.99,64.89946746826172,187.61692810058594,267384045568.0,1023670000000.0,yfinance,BABA,fresh,2026-10-01
BAC,Bank of America Corporation,54.43,25.545817314362736,0.7313518152909133,SPY,46.12,0.1801821335646141,23.424177169799805,64.48101043701172,1.3236675339945436,0.15587551077274214,380615294976.0,326454280192.0,113097000000.0,4.33,,239319000000.0,365904000000.0,6992748365.0,-0.032120265127649386,303243000000.0,208230000000.0,,12613000000.0,,,0.86,12.570438799076213,1.2551494839979818,1.8278600344618932,3.365388073742009,2.9222552500078183,10.308497,130247107940.0,0.19063536278020957,0.71218,0.168,revenueGrowth,0.063323782092151,0.0233,0.2587,0.0,0.38305,0.29524,1.2066362620076967,,USD,USD,USD,1.0,1.0,54.43,46.12,23.424177169799805,64.48101043701172,380615294976.0,113097000000.0,yfinance,BAC,fresh,2026-10-01
BAK,Braskem S.A.,1.45,31.532644147072205,1.7118231502426544,SPY,1.4,0.03571428571428575,1.4199999570846558,10.899999618530273,0.0211267914239491,0.8669724724086263,577802112.0,62445977600.0,13591843585.461378,-2.68,1360395221.7698097,2018297573.2982159,13706971691.966057,172530183.0,-0.00030029309497179435,-3103461662.322283,-3692171829.6408653,-1877798999.2499352,-807242149.1146088,-1409214151.7400742,-601972002.6254654,1.46,,-0.18617987746226505,-0.1564938303687243,0.04251094477117516,0.03789780351540719,-1.3392321,15246321907.94638,,0.109069996,0.216,revenueGrowth,,,0.0,0.11517,0.17352,-0.07847,-4.4166718275840715,0.771,USD,USD,BRL,1.0,0.19220051169395447,1.45,1.4,1.4199999570846558,10.899999618530273,577802112.0,70717000000.0,yfinance,BAK,fresh,2026-10-01
BASFY,BASF SE,14.22,34.174443610111396,0.265304017008351,SPY,11.93,0.19195305951383076,9.069547653198242,15.829999923706055,0.5678841485534868,0.10170561790685893,48969240576.0,69200412672.0,67621852692.604065,0.68,8609158696.53225,3026524518.728256,26308092717.289925,3443687612.0,-0.0010212621414548628,37626387593.50777,26640216943.502426,17312400364.995003,6359102078.676224,1522330497.62249,-4836771581.053734,0.68,20.91176470588235,1.3014600578996156,1.8381697371253445,0.7241629536328256,0.6709920345853096,21.66395,72980360499.00987,0.37065794850837763,0.00061,0.164,revenueGrowth,0.00821746606607628,0.0464,0.9516,0.23552,0.05184,0.094239995,0.6991926251732241,1.855,USD,USD,EUR,1.0,1.133529782295227,14.22,11.93,9.069547653198242,15.829999923706055,48969240576.0,59656000000.0,yfinance,BASFY,fresh,2026-10-01
BATT,Amplify Lithium & Battery Technology ETF,14.3,36.85854552896503,1.8456431729103535,SPY,12.25,0.16734693877551027,6.7652587890625,18.030000686645508,1.1137402789556305,0.2068774567162524,,,,0.74684775,,,,,,,,,,,,,19.147142104933703,,,,,,,,,,,,0.0161,,,,,,,USD,USD,USD,1.0,1.0,14.3,12.25,6.7652587890625,18.030000686645508,,,yfinance,BATT,fresh,2026-10-01
BAX,Baxter International Inc.,24.0,39.96628834420181,1.1051063037623086,SPY,15.73,0.5257469802924348,15.7857027053833,42.02083969116211,0.520363106281954,0.428854821169894,12407904256.0,19897903104.0,11244000000.0,-1.88,766000000.0,1966000000.0,9780000000.0,516995999.0,0.0058823529411764705,6129000000.0,-3169000000.0,3902000000.0,845000000.0,323000000.0,-522000000.0,36.68,,2.0244581915483764,-3.9154005225623223,1.1035133632159373,1.0458686759260407,11.785503,11863730640.0,,0.0110222,0.053,revenueGrowth,-0.0,0.17,3.0769,0.34098,0.14425999,-0.09268,1.595692608908468,1.946,USD,USD,USD,1.0,1.0,24.0,15.73,15.7857027053833,42.02083969116211,12407904256.0,11244000000.0,yfinance,BAX,fresh,2026-10-01
BBAI,"BigBear.ai Holdings, Inc.",2.65,35.4675352968483,3.3385640955996267,SPY,2.59,0.02316602316602319,1.190000057220459,9.779999732971191,1.2268906492237772,0.7290388474075221,1270660480.0,974219392.0,127672000.0,-0.02,-282239000.0,87126000.0,114812000.0,479494493.0,0.5359352024468707,611870000.0,231300000.0,145023000.0,-41951000.0,-46317000.0,-4366000.0,,,2.076683740010133,5.493560224816256,9.95253837959772,7.892129549978727,-13.25,161003500.0,0.06881977974629003,0.42766997,0.132,revenueGrowth,0.00043363275137037394,,0.0,0.27919,-0.74447995,-0.65199995,0.1876411656070734,5.673,USD,USD,USD,1.0,1.0,2.65,2.59,1.190000057220459,9.779999732971191,1270660480.0,127672000.0,yfinance,BBAI,fresh,2026-10-01
BBAR,Banco BBVA Argentina S.A.,12.85,21.987678588370912,2.281116124002569,SPY,7.76,0.6559278350515464,3.1872684955596924,23.23015022277832,3.0316653642144784,0.44683956510104983,2624441600.0,209285431296.0,2002964565.183179,1.09,,3116462106.630072,978269300.7861971,204236693.0,0.0,2250825200.3193808,2172567062.2036753,,655974142.8258394,513778547.4890828,-142195595.33675656,4.37,11.788990825688073,1.1659908550995453,1.2079910653427564,1.3102785968457633,0.6731578880559096,11.692449,3898701399.131529,0.3602138018685904,0.11212,0.051,revenueGrowth,,0.0363,0.32389998,0.0,0.19021,0.086219996,0.43462695399331125,,USD,USD,ARS,1.0,0.0006557818269357085,12.85,7.76,3.1872684955596924,23.23015022277832,2624441600.0,3054315449000.0,yfinance,BBAR,fresh,2026-10-01
BBEU,JPMorgan BetaBuilders Europe ETF,75.69,38.55697852887747,0.9007671178856369,SPY,68.24,0.1091735052754983,44.06778335571289,80.99949645996094,0.7175812858349192,0.06554974650472661,,,,4.4162583,,,,,,,,,,,,,17.13894316371848,,,,,,,,,,,,0.0285,,,,,,,USD,USD,USD,1.0,1.0,75.69,68.24,44.06778335571289,80.99949645996094,,,yfinance,BBEU,fresh,2026-10-01
BBIO,"BridgeBio Pharma, Inc.",65.8,31.38143034987975,1.0914090104541898,SPY,51.85,0.2690453230472516,22.350000381469727,90.16999816894531,1.944071538117487,0.2702672581104519,12863439872.0,15525388288.0,502076000.0,-3.56,-548828000.0,570119000.0,1862473000.0,195492997.0,0.02929777467710712,-2086610000.0,-2114687000.0,509778000.0,-445910000.0,-455502000.0,-9592000.0,,,-6.164755211563254,-6.082904880012976,25.620503413825794,7.57980936762516,2395.3406,1697066410.0,,0.99693,1.204,revenueGrowth,0.004858886940191545,,0.0,0.94439006,-0.43943,-0.97026,-0.8925831851663704,1.227,USD,USD,USD,1.0,1.0,65.8,51.85,22.350000381469727,90.16999816894531,12863439872.0,502076000.0,yfinance,BBIO,fresh,2026-10-01
BCE,BCE Inc.,20.34,17.57197328230788,-0.15661372820403271,SPY,20.13,0.010432190760059655,19.278976440429688,34.11415100097656,0.055035264078919344,0.4037664897649735,18967574528.0,63794573312.0,17193451134.6817,4.76,10343616180.419922,224861221.31347656,28851802768.468857,932525817.0,0.017835612188972925,16175954108.23822,-7541985901.117325,-3828964984.178543,4913920377.0160675,2311854431.629181,-2602065945.3868866,0.22,4.273109243697479,1.1725784087344833,-2.5149310508774625,1.1031859967740643,1.0655601839382796,10.87581,17800566137.8003,0.15479434280524199,0.53209996,0.015,revenueGrowth,0.006742549999381755,0.062400000000000004,0.25959998,0.44945,0.22052999,0.2589,1.7836229365768896,0.733,USD,USD,CAD,1.0,0.7026913166046143,20.34,20.13,19.278976440429688,34.11415100097656,18967574528.0,24468000000.0,yfinance,BCE,fresh,2026-10-01
BDSX,"Biodesix, Inc.",29.83,57.458232725977844,0.9548528232351102,SPY,5.26,4.671102661596959,4.400000095367432,42.599998474121094,5.779545307602767,0.2997652331344259,314739840.0,354007584.0,88499000.0,-3.1,-21948000.0,18987000.0,72854000.0,10551118.0,0.1646487236831958,-2465000.0,-21379000.0,15082000.0,-23271000.0,-23674000.0,-403000.0,,,-127.68350507099392,-14.721915898779177,3.556422558446988,2.3378383949261288,-135.59091,134628570.0,,0.41414002,0.342,revenueGrowth,,,0.0,0.82504,-0.20014,-0.26969,-29.555375253549695,2.849,USD,USD,USD,1.0,1.0,29.83,5.26,4.400000095367432,42.599998474121094,314739840.0,88499000.0,yfinance,BDSX,fresh,2026-10-01
BE,Bloom Energy Corporation,276.98,60.26546587034543,4.222712484836746,SPY,75.7,2.6589167767503303,8.579999923706055,345.8500061035156,31.282051569105487,0.1991325860578481,81578188800.0,81705017344.0,2023994000.0,0.76,20050000.0,2454108000.0,2991952000.0,294527346.0,0.05733952015481714,768641000.0,768641000.0,3106735000.0,113949000.0,57190000.0,-56759000.0,0.66,364.44736842105266,106.13301762461279,106.13301762461279,40.30554873186383,12.012733544659845,56.19726,6790976300.0,,0.86218,1.655,revenueGrowth,,,0.0,0.31651,0.17106001,0.07868,3.8925219966148044,4.087,USD,USD,USD,1.0,1.0,276.98,75.7,8.579999923706055,345.8500061035156,81578188800.0,2023994000.0,yfinance,BE,fresh,2026-10-01
BEAM,Beam Therapeutics Inc.,24.45,42.236837868517135,2.125206563267437,SPY,20.23,0.208601087493821,14.539999961853027,45.06999969482422,0.6815680924447546,0.4575105354880265,2525383424.0,1537614336.0,139743000.0,-0.69,-361399000.0,294944000.0,154123000.0,103287665.0,0.2015789412045299,1238358000.0,1238358000.0,1171753000.0,-345102000.0,-360048000.0,-14946000.0,,,2.03929996333855,2.03929996333855,18.071627373106345,40.24593663813065,-5.1567373,62748780.0,-0.0,0.0107807,-0.942,revenueGrowth,,,0.0,-1.61905,-2.5827142,-0.55449003,0.12445754781735169,0.14572,USD,USD,USD,1.0,1.0,24.45,20.23,14.539999961853027,45.06999969482422,2525383424.0,139743000.0,yfinance,BEAM,fresh,2026-10-01
BEEM,Beam Global,1.13,33.51796502634822,2.6016217588367696,SPY,0.965,0.17098445595854914,0.9789999723434448,8.369999885559082,0.15423905201458216,0.8649940244384459,25575646.0,26469646.0,28236000.0,-0.78,-22852000.0,969000.0,1498000.0,22633315.0,0.14998974078380412,24845000.0,17718000.0,8932000.0,-10482000.0,-10964000.0,-482000.0,,,1.02940817065808,1.443483801783497,0.9057814846295509,0.7223397738335743,-5.9473686,35406670.0,0.014812652778284505,0.13483,0.21,revenueGrowth,0.024647393070736122,,0.0,0.10175,-0.34992,-0.64602,0.060293821694505936,1.455,USD,USD,USD,1.0,1.0,1.13,0.965,0.9789999723434448,8.369999885559082,25575646.0,28236000.0,yfinance,BEEM,fresh,2026-10-01
BFLY,"Butterfly Network, Inc.",8.96,57.183096152617196,3.1481612633688965,SPY,1.865,3.8042895442359255,0.7049999833106995,9.930000305175781,11.709220159018434,0.09768381423615771,2385915136.0,2280353280.0,97610000.0,-0.29,-67383000.0,150489000.0,20398000.0,244858246.0,0.16742792374778181,195979000.0,165083000.0,183986000.0,-12700000.0,-16048000.0,-3348000.0,,,12.174340801820604,14.452821526141395,24.443347361950618,15.80955721063373,-179.2,150916000.0,,0.61516,0.395,revenueGrowth,,,0.0,0.68158996,-0.30897,-0.66745,0.1040825802764582,4.06,USD,USD,USD,1.0,1.0,8.96,1.865,0.7049999833106995,9.930000305175781,2385915136.0,97610000.0,yfinance,BFLY,fresh,2026-10-01
BGM,BGM Group Ltd.,0.2518,42.93718154267768,1.1074593800419774,SPY,0.229,0.09956331877729263,0.23999999463558197,16.360000610351562,0.04916669011736972,0.9846088025301982,100876960.0,1506669312.0,37919425.0,-0.16,-10986212.0,9819570.0,1938719.0,380623358.0,14.673096306915676,390878117.0,35541105.0,9949006.0,-2372437.0,-4559341.0,-2186904.0,,,0.25807778847849905,2.838318054545575,2.660297723396386,,,0.0,,0.00099,0.698,revenueGrowth,,,0.0,0.16925,-0.03613,-0.44223,0.004959906722023019,1.25,USD,USD,USD,1.0,1.0,0.2518,0.229,0.23999999463558197,16.360000610351562,100876960.0,37919425.0,yfinance,BGM,fresh,2026-10-01
BHP,BHP Group Limited,84.84,41.92982832205232,1.540836871300635,SPY,52.18,0.6259103104637793,38.60087966918945,96.58228302001953,1.1978773729272758,0.12157802293393286,215618895872.0,230764511232.0,58760000000.0,3.87,30723000000.0,18445000000.0,27121000000.0,2541476901.0,0.0011804052724768838,49420000000.0,47307000000.0,14568000000.0,21778000000.0,11929000000.0,-9849000000.0,5.95,21.92248062015504,4.362988585026305,4.5578644993764135,3.6694842728386656,3.7804062164587386,18.11489,57035906600.0,0.41884536450432763,0.0464,0.183,revenueGrowth,,0.0467,0.6884,0.85920995,0.4334,0.16734,0.5487859166329422,1.885,USD,USD,USD,1.0,1.0,84.84,52.18,38.60087966918945,96.58228302001953,215618895872.0,58760000000.0,yfinance,BHP,fresh,2026-10-01
BHVN,Biohaven Ltd.,13.35,45.71008449736342,1.2224536688886956,SPY,7.48,0.7847593582887699,7.789999961853027,59.75,0.7137355668002341,0.7765690376569038,2016434432.0,2045603456.0,0.0,-4.55,-735456000.0,229957000.0,284614000.0,151043781.0,0.17965328119828394,52072000.0,32282000.0,252395000.0,-609438000.0,-610153000.0,-715000.0,,,38.72396742971271,62.463119757140205,,65.66757196312206,-7.131677,30706700.0,,0.95996004,,,,,0.0,0.0,0.0,0.0,5.465778153326164,4.733,USD,USD,USD,1.0,1.0,13.35,7.48,7.789999961853027,59.75,2016434432.0,0.0,yfinance,BHVN,fresh,2026-10-01
BIDU,"Baidu, Inc.",86.87,33.9216476504954,1.7786914544737367,SPY,85.83,0.012116975416521103,76.86000061035156,162.52000427246094,0.13023678519591747,0.4654811855999923,29578967040.0,-315688256.0,19256898975.893856,-2.33,4602565795.406699,3670893454.402685,14482619030.848145,274994366.0,-0.01929949964260186,39732953495.53227,30601072684.45194,9792928071.767092,-449500202.3130655,-2451141162.9617214,-2001640960.648656,0.77,,0.7444442065784507,0.966599025629214,1.5360192249555602,1.4642004581469212,11.231982,20201446376.703686,0.18746277546158427,0.23311001,-0.042,revenueGrowth,0.027921827381608564,,0.0,0.40870997,0.096540004,-0.02895,0.36449892989899746,2.327,USD,USD,CNY,1.0,0.14918692409992218,86.87,85.83,76.86000061035156,162.52000427246094,29578967040.0,129079000000.0,yfinance,BIDU,fresh,2026-10-01
BIIB,Biogen Inc.,225.88,61.011241074750814,0.3083404190299096,SPY,138.0,0.6368115942028986,113.37999725341797,267.94000244140625,0.9922385382946425,0.15697544994463467,33374674944.0,40469893120.0,9890600000.0,5.63,2603900000.0,3008500000.0,6577200000.0,147753998.0,0.00822481151473612,18256800000.0,2587200000.0,5624700000.0,2204600000.0,1969200000.0,-235400000.0,2.34,40.120781527531086,1.8280681687919023,12.899920742115027,3.3743832471235313,3.1314940612426483,13.660017,10657748120.0,0.1693543205910697,0.99499,0.034,revenueGrowth,-0.0,,0.0,0.78322,0.25058,0.083229996,0.3602602865781517,1.865,USD,USD,USD,1.0,1.0,225.88,138.0,113.37999725341797,267.94000244140625,33374674944.0,9890600000.0,yfinance,BIIB,fresh,2026-10-01
BILL,"BILL Holdings, Inc.",42.54,31.849427863817724,1.5094305531695709,SPY,31.41,0.3543457497612225,31.959999084472656,115.70999908447266,0.3310388366271104,0.632356751044962,3627674368.0,3587610368.0,1653160000.0,-0.11,125856000.0,1031053000.0,1884591000.0,85276782.0,-0.038436369235506966,3530602000.0,971947000.0,2510209000.0,415832000.0,354676000.0,-61156000.0,0.41,,1.0274945655160226,3.7323787902015235,2.1943879406711995,1.8311906729996081,9.783381,1981046770.0,,0.011802601,0.138,revenueGrowth,0.15450256642219107,,0.0,0.83938,0.09702,-0.0068,0.5337874390826267,1.51,USD,USD,USD,1.0,1.0,42.54,31.41,31.959999084472656,115.70999908447266,3627674368.0,1653160000.0,yfinance,BILL,fresh,2026-10-01
BINC,iShares Flexible Income Active ETF,50.79,27.02261129320206,0.11827192165573472,SPY,50.772,0.0003545261167572812,41.82420349121094,51.91116714477539,0.214368613395666,0.0215978026779587,,,,1.0454,,,,,,,,,,,,,48.58427396211976,,,,,,,,,,,,0.0559,,,,,,,USD,USD,USD,1.0,1.0,50.79,50.772,41.82420349121094,51.91116714477539,,,yfinance,BINC,fresh,2026-10-01
BIOX,Bioceres Crop Solutions Corp.,0.348,37.725168072803264,1.7029237714632892,SPY,0.301,0.15614617940199332,0.3230000138282776,13.859999656677246,0.07739933467932787,0.974891774269825,22207930.0,271732800.0,333343987.0,-0.74,-9759509.0,32695079.0,276608578.0,63815891.0,0.006329113924050633,262808684.0,-30527827.0,-29674474.0,49905611.0,35298158.0,-14607453.0,1.04,,0.08450226857800483,-0.7274651418851398,0.0666216607051022,,0.54375,0.0,,0.23132999,-0.234,revenueGrowth,0.041737298343429576,,0.0,0.34693,-0.15965,-0.19722,1.0525092770526563,0.806,USD,USD,USD,1.0,1.0,0.348,0.301,0.3230000138282776,13.859999656677246,22207930.0,333343987.0,yfinance,BIOX,fresh,2026-10-01
BITD,BITD,,,,SPY,,,,,,,,,,,,,,,,,,,,,,,,,,,,,,,,,,,,,,,,,,USD,USD,USD,1.0,1.0,,,,,,,yfinance,BITD,unresolved,
BITF,BITF,,,,SPY,,,,,,,,,,,,,,,,,,,,,,,,,,,,,,,,,,,,,,,,,,USD,USD,USD,1.0,1.0,,,,,,,yfinance,BITF,unresolved,
BITO,ProShares Bitcoin ETF,11.2,62.28850282353235,1.7427887362706778,SPY,7.87,0.42312579415501894,4.3001708984375,17.457124710083008,1.6045476481108238,0.35842813831014075,,,,,,,,,,,,,,,,,,,,,,,,,,,,,0.38159999999999994,,,,,,,USD,USD,USD,1.0,1.0,11.2,7.87,4.3001708984375,17.457124710083008,,,yfinance,BITO,fresh,2026-10-01
BITX,2x Bitcoin Strategy ETF,19.59,60.965004219494254,3.4859178498666448,SPY,10.085,0.942488844819038,7.72224760055542,62.14777374267578,1.5368261953412368,0.6847835598888413,,,,,,,,,,,,,,,,,,,,,,,,,,,,,0.1474,,,,,,,USD,USD,USD,1.0,1.0,19.59,10.085,7.72224760055542,62.14777374267578,,,yfinance,BITX,fresh,2026-10-01
BKNG,Booking Holdings Inc.,162.91,32.642851217093835,0.8805253715947051,SPY,150.14,0.08505394964699621,107.16686248779297,230.13021850585938,0.5201527432843949,0.29209644410148544,122407395328.0,126117396480.0,26917000000.0,9.01,9217000000.0,17203000000.0,19293000000.0,751380500.0,-0.041833020197275715,-5578000000.0,-9165000000.0,5566000000.0,9409000000.0,9087000000.0,-322000000.0,0.89,18.081021087680355,-21.94467467335963,-13.35596239258047,4.54758685321544,3.823330250535806,13.172843,32015909510.0,0.20901639344262296,0.98487,0.081,revenueGrowth,0.052611200350628544,0.0103,0.17860001,0.87227994,0.34412,0.25527,-3.458766583004661,1.094,USD,USD,USD,1.0,1.0,162.91,150.14,107.16686248779297,230.13021850585938,122407395328.0,26917000000.0,yfinance,BKNG,fresh,2026-10-01
BKRKY,PT Bank Rakyat Indonesia (Persero) Tbk,8.65,40.19340602894223,0.5592038706929436,SPY,7.04,0.22869318181818185,7.199999809265137,16.949758529663086,0.20138892071482664,0.4896682460188453,26068363264.0,28619920389.532127,10536329182.962706,1.13,,7126144812.887771,9677701938.419897,2997561591.0,-0.001070603140037837,18269425715.307713,16329363282.783558,,824125656.2684393,466427606.39548576,-357698049.87295353,1.23,7.65486725663717,1.4268846580195271,1.5964102710290307,2.474140928147221,1.9727098532694118,,13214494377.26302,0.2151373475452297,0.00025,0.04,revenueGrowth,0.001894108500966013,0.11230000000000001,0.83559996,0.0,0.0,0.41705,0.5297211904318961,,USD,USD,IDR,1.0,5.6381224567303434e-05,8.65,7.04,7.199999809265137,16.949758529663086,26068363264.0,186876558000000.0,yfinance,BKRKY,fresh,2026-10-01
BKSY,BlackSky Technology Inc.,21.31,43.910071474753444,3.207389095701075,SPY,12.41,0.7171635777598709,4.059999942779541,51.630001068115234,4.248768546881021,0.5872554801638332,872108480.0,859259456.0,106575000.0,-1.73,-24235000.0,42445000.0,209465000.0,40924846.0,0.5658256773772327,94875000.0,80174000.0,147334000.0,-28311000.0,-44523000.0,-16212000.0,,,9.192184242424242,10.877697009005413,8.183049307999061,4.508878879021198,-59.19444,193420250.0,,0.80066,0.501,revenueGrowth,,,0.0,0.69852996,-0.23358,-0.61241,2.2077997364953887,5.835,USD,USD,USD,1.0,1.0,21.31,12.41,4.059999942779541,51.630001068115234,872108480.0,106575000.0,yfinance,BKSY,fresh,2026-10-01
BLDP,Ballard Power Systems Inc.,2.04,36.8765629864958,2.7376192460162234,SPY,1.92,0.06250000000000006,1.0199999809265137,6.380000114440918,1.0000000373989935,0.6802507894345444,716225024.0,129614248.0,99370000.0,-0.26,-84831000.0,527052000.0,22140000.0,351090706.0,0.0028252912201001353,589930000.0,589682000.0,540439000.0,-56167000.0,-66348000.0,-10181000.0,3.52,,1.2140847625989524,1.2145953649594188,7.207658488477407,5.184000801385807,-14.232889,138160670.0,,0.32848,0.154,revenueGrowth,,,0.0,0.16398,-0.6203,-0.72783995,0.03752987642601665,0.11189,USD,USD,USD,1.0,1.0,2.04,1.92,1.0199999809265137,6.380000114440918,716225024.0,99370000.0,yfinance,BLDP,fresh,2026-10-01
BLFS,"BioLife Solutions, Inc.",38.85,72.25318919381772,1.0912424358353927,SPY,17.86,1.1752519596864504,8.989999771118164,39.220001220703125,3.321468408131883,0.009433993095028525,1900671360.0,1833347456.0,96214000.0,1.0,-11915000.0,33038000.0,17897000.0,48923333.0,0.05596211853963459,371888000.0,159044000.0,113582000.0,20115000.0,416000.0,-19699000.0,15.09,38.85,5.110870369573635,11.950600840019113,19.75462365144366,14.094263695804916,117.727264,134854250.0,,0.010568500000000002,0.215,revenueGrowth,,,0.0,0.63613,0.059580002,0.54346,0.04812470421202082,9.694,USD,USD,USD,1.0,1.0,38.85,17.86,8.989999771118164,39.220001220703125,1900671360.0,96214000.0,yfinance,BLFS,fresh,2026-10-01
BLK,"BlackRock, Inc.",1058.29,44.72890533315979,1.2021271966862352,SPY,917.39,0.1535878960965347,559.4161987304688,1177.4276123046875,0.8917757519386611,0.10118465972739378,171946934272.0,171948589056.0,24216000000.0,41.76,9359000000.0,11468000000.0,14996000000.0,154869259.0,0.06134564643799472,55888000000.0,-7363000000.0,25684000000.0,3927000000.0,3552000000.0,-375000000.0,0.9,25.342193486590038,3.0766342376180935,-23.352836380823035,7.100550638916419,5.2558602120076054,16.46204,32715279200.0,0.22010762567266046,0.84622,0.306,revenueGrowth,0.01134652390436776,0.0215,0.5243,0.47152,0.35079,0.24089001,0.26832235900372176,2.447,USD,USD,USD,1.0,1.0,1058.29,917.39,559.4161987304688,1177.4276123046875,171946934272.0,24216000000.0,yfinance,BLK,fresh,2026-10-01
BLOX,Nicholas Crypto Income ETF,13.57,51.41583902999037,2.9587184663504087,SPY,11.93,0.13746856663872595,10.216085433959961,19.30461883544922,0.3282974273972956,0.2970594179730031,,,,0.59549165,,,,,,,,,,,,,22.787892995644857,,,,,,,,,,,,0.4771,,,,,,,USD,USD,USD,1.0,1.0,13.57,11.93,10.216085433959961,19.30461883544922,,,yfinance,BLOX,fresh,2026-10-01
BLV,Vanguard Long-Term Bond Index Fund ETF Shares,62.73,27.087246814873396,0.2320787465094811,SPY,62.575,0.002477027566919601,54.91401672363281,69.78478240966797,0.14233129795809482,0.10109342131717536,,,,,,,,,,,,,,,,,,,,,,,,,,,,,0.0495,,,,,,,USD,USD,USD,1.0,1.0,62.73,62.575,54.91401672363281,69.78478240966797,,,yfinance,BLV,fresh,2026-10-01
BMA,Banco Macro S.A.,66.93,21.069281493803828,2.029227486129133,SPY,39.3,0.7030534351145041,15.36449146270752,110.81180572509766,3.3561480809470052,0.3960029839596676,4279439360.0,-1645730988032.0,3901782101.5535035,3.91,,2394876101.467594,385143614.6986537,62815463.0,-6.255737684407418e-06,3493034101.3381596,3365810635.316681,,1727190349.6829464,1619773520.5449896,-107416829.13795684,0.47,17.11764705882353,1.2251352938010462,1.271443887869633,1.096790965927116,1.0221967970016157,5.972766,4186512198.5832596,0.09311673932745058,0.12118,0.012,revenueGrowth,-0.0,0.0795,1.2506,0.0,0.25737,0.08988,0.11026047943565956,,USD,USD,ARS,1.0,0.0006557818269357085,66.93,39.3,15.36449146270752,110.81180572509766,4279439360.0,5949817365000.0,yfinance,BMA,fresh,2026-10-01
BMNR,"Bitmine Immersion Technologies, Inc.",26.43,57.545825204156145,4.043449650859779,SPY,12.8,1.0648437499999999,4.263747692108154,134.96035766601562,5.198772044818635,0.8041647157945007,15943273472.0,15604852736.0,6095000.0,-4.5,441878000.0,511999000.0,1625000.0,603226394.0,8.829953595348067,8692797000.0,8692797000.0,503046000.0,-4149000.0,-5214000.0,-1065000.0,,,1.8340786598375645,1.8340786598375645,2615.7954835110745,25.517403124199745,28.117022,624800000.0,0.20934647698198117,0.41426998,0.21678,revenueGrowth,,0.04,0.0,0.84438,0.08424,0.0,0.00018693637962556816,0.36683,USD,USD,USD,1.0,1.0,26.43,12.8,4.263747692108154,134.96035766601562,15943273472.0,6095000.0,yfinance,BMNR,fresh,2026-10-01
BMRN,BioMarin Pharmaceutical Inc.,60.0,33.50910606667185,0.4370442952421965,SPY,49.26,0.218026796589525,49.66999816894531,99.0,0.20797266381848215,0.3939393939393939,11614425088.0,14942620672.0,3221253000.0,0.36,572936000.0,1311679000.0,605861000.0,193573759.0,0.0034874026475791528,6086999000.0,5676963000.0,3194459000.0,827994000.0,717019000.0,-110975000.0,0.35,166.66666666666669,1.9080708059915896,2.0458870505233167,3.605561279415184,2.5991410679066655,9.0637865,4468562800.0,0.27685914442049414,0.010384500000000001,0.199,revenueGrowth,-0.0,,0.0,0.50968,0.21162,0.02142,0.09953361254043248,2.387,USD,USD,USD,1.0,1.0,60.0,49.26,49.66999816894531,99.0,11614425088.0,3221253000.0,yfinance,BMRN,fresh,2026-10-01
BMY,Bristol-Myers Squibb Company,62.4,45.24247088732309,0.23502670771856235,SPY,42.52,0.4675446848541861,35.96019744873047,68.08999633789062,0.7352518736574111,0.08356581941427224,127465398272.0,161451393024.0,48195000000.0,4.54,15230000000.0,10209000000.0,47139000000.0,2042714656.0,0.0059200789343857915,18473000000.0,-22634000000.0,5973000000.0,14156000000.0,12845000000.0,-1311000000.0,17.5,13.744493392070485,6.900091932658475,-5.631589567553238,2.6447846928519554,2.644070853521012,9.505182,48208011560.0,0.24356775300171526,0.84870005,0.057,revenueGrowth,-0.0,0.0401,0.5529,0.71661,0.34418,0.18871,2.5517782709900936,1.532,USD,USD,USD,1.0,1.0,62.4,42.52,35.96019744873047,68.08999633789062,127465398272.0,48195000000.0,yfinance,BMY,fresh,2026-10-01
BND,Vanguard Total Bond Market Index Fund ETF Shares,70.15,28.535731639684826,0.11703680996377028,SPY,69.9737,0.0025195180474951577,60.921329498291016,73.42872619628906,0.15148504764604448,0.04465181906498546,,,,,,,,,,,,,,,,,,,,,,,,,,,,,0.0404,,,,,,,USD,USD,USD,1.0,1.0,70.15,69.9737,60.921329498291016,73.42872619628906,,,yfinance,BND,fresh,2026-10-01
BNDX,Vanguard Total International Bond Index Fund ETF Shares,46.87,37.55565462864073,0.13843478681584262,SPY,46.75,0.0025668449197860416,41.43534851074219,48.398677825927734,0.1311597871042129,0.03158511543281884,,,,,,,,,,,,,,,,,,,,,,,,,,,,,0.0458,,,,,,,USD,USD,USD,1.0,1.0,46.87,46.75,41.43534851074219,48.398677825927734,,,yfinance,BNDX,fresh,2026-10-01
BNGO,"Bionano Genomics, Inc.",1.56,68.76614756389863,1.5973337256826101,SPY,1.0,0.56,1.059999942779541,177.0,0.471698192652119,0.9911864406779661,18372120.0,15157120.0,28508000.0,-3.01,-16299000.0,2990000.0,6915000.0,11777000.0,4.757585504449448,44424000.0,40079000.0,22444000.0,-16345000.0,-16448000.0,-103000.0,,,0.41356293895191787,0.4583976646123905,0.6444548898554792,0.42429838337182446,-1.6082473,43300000.0,,0.12946999,0.214,revenueGrowth,,,0.0,0.47505,-0.88337,-1.06585,0.15565910318746623,2.478,USD,USD,USD,1.0,1.0,1.56,1.0,1.059999942779541,177.0,18372120.0,28508000.0,yfinance,BNGO,fresh,2026-10-01
BOTT,Themes Humanoid Robotics ETF,41.7261,47.27474277727071,1.931864222233686,SPY,34.52,0.2087514484356894,22.022083282470703,63.7400016784668,0.8947389974323385,0.34537027139589366,,,,1.2871573,,,,,,,,,,,,,32.41725001287721,,,,,,,,,,,,0.0,,,,,,,USD,USD,USD,1.0,1.0,41.7261,34.52,22.022083282470703,63.7400016784668,,,yfinance,BOTT,fresh,2026-10-01
BOTZ,Global X Robotics & Artificial Intelligence ETF,35.23,47.08300808042094,1.7046066978357537,SPY,31.875,0.10525490196078421,22.144372940063477,41.60919189453125,0.5909233508374525,0.15331208331805354,,,,1.0505003,,,,,,,,,,,,,33.53640165547787,,,,,,,,,,,,0.49,,,,,,,USD,USD,USD,1.0,1.0,35.23,31.875,22.144372940063477,41.60919189453125,,,yfinance,BOTZ,fresh,2026-10-01
BP,BP p.l.c.,43.99,46.37917033522641,-0.3495037778195794,SPY,32.72,0.34443765281173605,24.08297348022461,46.959999084472656,0.8266016875416885,0.0632452968989662,113292050432.0,508675358720.0,189335000000.0,2.09,30696000000.0,36556000000.0,72529000000.0,2575404456.0,-0.05373622236297713,53052000000.0,34555000000.0,21205000000.0,24493000000.0,11272000000.0,-13221000000.0,0.06,21.047846889952154,2.1354906588253035,3.278600793864853,0.598368238476774,0.5502538707579943,8.481815,205890510640.0,0.8328169377743352,0.14106,0.482,revenueGrowth,0.03959677649838795,0.0464,0.9539,0.28304002,0.13149999,0.02549,1.3671303626630475,1.272,USD,USD,USD,1.0,1.0,43.99,32.72,24.08297348022461,46.959999084472656,113292050432.0,189335000000.0,yfinance,BP,fresh,2026-10-01
BRK.B,Berkshire Hathaway Inc.,497.95,44.41160582390345,0.008794325745139045,SPY,464.01,0.07314497532380768,331.7099914550781,539.7999877929688,0.5011606910473028,0.077528693477888,1065966436352.0,-233937354752.0,410522000000.0,39.79,130683002880.0,51877000000.0,129081000000.0,1408035161.0,0.0003498592109489235,717419000000.0,600543000000.0,,45969000000.0,25042000000.0,-20927000000.0,10.06,12.514450867052023,1.4858352460026847,1.7750043483181055,2.596612206780635,2.518229237779353,22.437721,423300000000.0,0.18432190543179033,0.66884005,0.1,revenueGrowth,-0.0,,0.0,0.30332002,0.32561,0.22296,0.17992414474665433,2.891,USD,USD,USD,1.0,1.0,497.95,464.01,331.7099914550781,539.7999877929688,1065966436352.0,410522000000.0,yfinance,BRK-B,fresh,2026-10-01
BRKR,Bruker Corporation,64.75,61.36971421733136,1.2822928731577978,SPY,32.37,1.0003089280197714,29.181509017944336,93.28360748291016,1.218870859631825,0.3058801889510716,9865265152.0,11586918400.0,3436500000.0,-0.75,302600000.0,298800000.0,2042900000.0,152359316.0,0.015384615384615385,2456500000.0,9200000.0,933300000.0,134100000.0,13900000.0,-120200000.0,1.52,,4.015984185629962,1072.3114295652174,2.8707304385275716,2.664557795945027,27.08899,3702402390.0,1.3318181818181818,0.95285004,0.052,revenueGrowth,0.0010136574989038874,0.31,0.38459998,0.48477,0.09875,-0.020350002,0.8316303684103399,1.847,USD,USD,USD,1.0,1.0,64.75,32.37,29.181509017944336,93.28360748291016,9865265152.0,3436500000.0,yfinance,BRKR,fresh,2026-10-01
BSV,Vanguard Short-Term Bond Index Fund ETF Shares,76.4,32.28207973758869,0.04486223879508133,SPY,76.27,0.001704470958437258,67.09001922607422,77.4612045288086,0.1387684916672003,0.013699819609878589,,,,,,,,,,,,,,,,,,,,,,,,,,,,,0.0403,,,,,,,USD,USD,USD,1.0,1.0,76.4,76.27,67.09001922607422,77.4612045288086,,,yfinance,BSV,fresh,2026-10-01
BSX,Boston Scientific Corporation,43.65,41.686260132073166,0.19670847923864201,SPY,42.2,0.03436018957345961,42.630001068115234,108.13999938964844,0.023926786449171924,0.5963565725322323,63258873856.0,75585871872.0,20074000000.0,2.47,5102000000.0,1965000000.0,11436000000.0,1449229526.0,0.005787738071202638,24232000000.0,-1070000000.0,3355000000.0,4534000000.0,3404000000.0,-1130000000.0,0.61,17.672064777327932,2.610551083525916,-59.12044285607477,3.151283942213809,2.843461702293185,12.790947,22247134120.0,0.14564254062038404,0.94865996,0.075,revenueGrowth,-0.0,,0.0,0.69189,0.22895999,0.17499,0.4719379333113239,1.24,USD,USD,USD,1.0,1.0,43.65,42.2,42.630001068115234,108.13999938964844,63258873856.0,20074000000.0,yfinance,BSX,fresh,2026-10-01
BTAI,"BioXcel Therapeutics, Inc.",0.0739,,,SPY,0.019,2.8894736842105258,0.03530000150203705,0.061500001698732376,1.0934843301843902,-0.20162598306925256,2313476.0,93158840.0,642000.0,-2.58,-52613000.0,28415000.0,109659000.0,31305499.0,3.8157790927021695,-95463000.0,-95463000.0,-9241000.0,-57615000.0,-57635000.0,-20000.0,,,-0.024234268774289514,-0.024234268774289514,3.603545171339564,0.11135672257905518,-0.034532707,20775360.0,,0.25991,0.517,revenueGrowth,-0.0,,,0.53099996,-0.5600549,0.0,-1.1487068288237328,0.209,USD,USD,USD,1.0,1.0,0.0739,0.019,0.03530000150203705,0.061500001698732376,2313476.0,642000.0,yfinance,BTAI,fresh,2026-10-01
BTG,B2Gold Corp.,5.22,51.310399393918644,1.930108993413379,SPY,3.57,0.46218487394957986,2.150132656097412,6.133162498474121,1.4277571828868156,0.1488893370591939,6895988736.0,7096411136.0,3061238000.0,0.56,1455332000.0,380424000.0,598310000.0,1321070762.0,0.13141918478053252,3593565000.0,3593565000.0,68418000.0,895836000.0,878975000.0,-16861000.0,,9.32142857142857,1.9189826080786072,1.9189826080786072,2.252679711933538,1.5626751989838752,4.863641,4412937980.0,0.5631660147072223,0.69455004,0.14,revenueGrowth,0.0014282215904129923,0.015,0.1429,0.63159,0.45736,0.21326,0.16649483173394666,1.581,USD,USD,USD,1.0,1.0,5.22,3.57,2.150132656097412,6.133162498474121,6895988736.0,3061238000.0,yfinance,BTG,fresh,2026-10-01
BTI,British American Tobacco p.l.c.,54.4,40.410417079886855,0.13603587239032905,SPY,49.88,0.09061748195669599,23.57601547241211,65.78501892089844,1.307429771738024,0.17306400617727377,117055012864.0,621625999360.0,33973177700.042725,3.84,18646114242.55371,4632344261.169434,46522426471.710205,2151746530.0,-0.011685393258426966,63576669834.13696,-51746416076.66016,-2440868682.861328,8413037601.470947,7479140018.463135,-933897583.0078125,1.38,14.166666666666666,1.841163011044474,-2.262089275720813,3.445512630508296,3.256100636170471,10.383978,35949445654.0107,0.21239476620346892,0.15697,0.014,revenueGrowth,0.013293354528370287,0.060899999999999996,0.84510005,0.82716006,0.34908,0.24992001,0.7317531193923966,0.835,USD,USD,GBP,1.0,1.326559066772461,54.4,49.88,23.57601547241211,65.78501892089844,117055012864.0,25610000000.0,yfinance,BTI,fresh,2026-10-01
BUG,Global X Cybersecurity ETF,46.18,57.456552388268385,1.071734002394291,SPY,23.145,0.9952473536400951,22.55672264099121,47.119998931884766,1.047283230591282,0.01994904399814609,,,,1.1871036,,,,,,,,,,,,,38.90140675169379,,,,,,,,,,,,0.03,,,,,,,USD,USD,USD,1.0,1.0,46.18,23.145,22.55672264099121,47.119998931884766,,,yfinance,BUG,fresh,2026-10-01
BULL,Webull Corporation,6.97,35.471433647765934,2.2681205150442274,SPY,4.5,0.5488888888888889,4.630000114440918,62.900001525878906,0.5053995308252042,0.8891891918773271,3761154304.0,1845640704.0,570996806.0,0.61,53894895.0,653188906.0,77523016.0,455761395.0,1.8596328214082227,1016292713.0,930594008.0,907459788.0,566424456.0,561537184.0,-4887272.0,,11.426229508196721,3.7008572981866887,4.041670450987903,6.586997097843661,3.8339915163293457,22.48387,981002250.0,0.46091043327120734,0.5502,0.519,revenueGrowth,0.0053190189455199766,,0.0,0.77176005,0.22273001,0.06337,0.07628020452017155,1.214,USD,USD,USD,1.0,1.0,6.97,4.5,4.630000114440918,62.900001525878906,3761154304.0,570996806.0,yfinance,BULL,fresh,2026-10-01
BUSE,First Busey Corporation,29.13,36.804059210595646,0.5597708054465492,SPY,22.0,0.32409090909090904,16.453384399414062,31.579999923706055,0.7704564175281394,0.07758074507995556,2405466880.0,2209356800.0,719584000.0,2.45,,294052000.0,323126000.0,82576956.0,0.599064428356804,2468982000.0,1988253000.0,,192571000.0,172953000.0,-19618000.0,1.91,11.889795918367346,0.974274773975671,1.209839431903284,3.3428576510872947,2.9987718890766493,10.631387,802150670.0,0.2752786112301757,0.68937,-0.009,revenueGrowth,0.029041763401872322,0.0354,0.4163,0.0,0.47087002,0.29507,0.1308741821528063,,USD,USD,USD,1.0,1.0,29.13,22.0,16.453384399414062,31.579999923706055,2405466880.0,719584000.0,yfinance,BUSE,fresh,2026-10-01
BX,Blackstone Inc.,112.09,27.42743636515077,1.3777155858519352,SPY,101.73,0.10183819915462498,82.17418670654297,187.20639038085938,0.36405365836221953,0.40124907182943864,133980921856.0,115724124160.0,12410012000.0,4.47,,2631241000.0,13306165000.0,750625114.0,0.017699614957353983,8665526000.0,6643965000.0,,4663161000.0,4547458000.0,-115703000.0,1.04,25.076062639821032,15.461372091665295,20.165807895736958,10.79619599529799,7.194715602702648,14.975484,18622128970.0,0.1568709610039313,0.73753,0.286,revenueGrowth,0.0023322723539389227,0.045899999999999996,1.1119,1.0,0.54357,0.22728,1.5355288299867775,0.872,USD,USD,USD,1.0,1.0,112.09,101.73,82.17418670654297,187.20639038085938,133980921856.0,12410012000.0,yfinance,BX,fresh,2026-10-01
BXSL,Blackstone Secured Lending Fund,23.98,50.680157386572375,0.5857677784293535,SPY,22.47,0.06720071206052522,19.363513946533203,29.075576782226562,0.23841158511899757,0.17525281855599875,5586621952.0,12939271168.0,607894000.0,1.26,,289605000.0,8080129000.0,232970063.0,0.13800339121612176,6245175000.0,6245175000.0,,-458657000.0,,,,19.03174603174603,0.8945501050010608,0.8945501050010608,9.190125173138737,4.372737033335081,9.297817,1277603000.0,0.02778664467293235,0.45622003,-0.071,revenueGrowth,0.047079792092579384,0.1251,2.4252,1.0,0.87144,0.21531999,1.2938194686297821,1.309,USD,USD,USD,1.0,1.0,23.98,22.47,19.363513946533203,29.075576782226562,5586621952.0,607894000.0,yfinance,BXSL,fresh,2026-10-01
BYDDY,BYD Company Limited,9.59,29.430225967391806,1.055968528371951,SPY,9.21,0.04125950054288805,7.06503438949585,19.427194595336914,0.3573890049648192,0.5063620764728493,87433920512.0,96995016704.0,119941059168.14313,0.48,18033014206.655323,11252386005.944834,17771241878.414154,3683400000.0,0.04346060964008821,36740950953.06024,29000519874.12438,-14468714660.335108,8822249914.33561,-14571431349.447144,-23393681263.782753,0.76,19.979166666666668,2.3797402692081766,3.014908728929809,0.7289740570777187,0.5567611651621555,11.669648,157040264269.3929,0.1507378968591818,0.0014399999,-0.032,revenueGrowth,,0.55,0.1105,0.17898001,0.07244,0.03786,0.4836903078833877,0.871,USD,USD,CNY,1.0,0.14918692409992218,9.59,9.21,7.06503438949585,19.427194595336914,87433920512.0,803964958000.0,yfinance,BYDDY,fresh,2026-10-01
BZAI,"Blaize Holdings, Inc.",0.4769,37.922093461203104,3.210286867973753,SPY,0.42,0.1354761904761905,0.44999998807907104,15.0,0.05977780585230205,0.9682066666666667,69070400.0,31977184.0,38632000.0,-0.58,-90603000.0,45781000.0,2948000.0,144832039.0,0.02644281243651193,39000000.0,39000000.0,53218000.0,-73751000.0,-74539000.0,-788000.0,,,1.7710358974358975,1.7710358974358975,1.7879063988403396,0.7004500621649633,-1.4598831,98608600.0,,0.37414002,5.047,revenueGrowth,0.04017144826148394,,0.0,0.13561,-2.55353,-1.60855,0.07558974358974359,3.717,USD,USD,USD,1.0,1.0,0.4769,0.42,0.44999998807907104,15.0,69070400.0,38632000.0,yfinance,BZAI,fresh,2026-10-01
C,Citigroup Inc.,129.48,42.04638293915326,1.3568278687326112,SPY,93.66,0.3824471492632927,34.88557815551758,144.93312072753906,2.711562394717576,0.10662242453600043,217194512384.0,25079515136.0,85213000000.0,9.27,,349579000000.0,367705000000.0,1677436783.0,-0.034534302355548684,212291000000.0,168859000000.0,,-67632000000.0,-74152000000.0,-6520000000.0,0.61,13.967637540453074,1.0230980700265202,1.2862477711226525,2.548842458122587,2.177515971608212,10.029582,99744165010.0,0.27098043171272945,0.82018995,0.155,revenueGrowth,0.08402606400908505,0.020499999999999997,0.2586,0.0,0.36229,0.21832001,1.732080022233632,,USD,USD,USD,1.0,1.0,129.48,93.66,34.88557815551758,144.93312072753906,217194512384.0,85213000000.0,yfinance,C,fresh,2026-10-01
CAE,CAE Inc.,24.01,46.75021595054606,0.9279250388769315,SPY,22.76,0.05492091388400703,16.290000915527344,34.04999923706055,0.4739102916264474,0.29486048346611576,7727596544.0,10420263936.0,3453025129.7950745,0.63,735577270.2217102,388166683.2923889,2272644256.1626434,321849081.0,0.0076303776363696625,3727636896.3241577,1133160017.156601,-67528635.52570343,556461253.619194,302438342.666626,-254022910.95256805,1.83,38.111111111111114,2.073055063818105,6.819510419535089,2.237920737188092,2.1547338981503312,22.95056,3586334512.4117327,0.19365317341329336,0.87817,0.068,revenueGrowth,0.0006365289890880074,,0.0,0.28572,0.10065,0.05751,0.6096742572764289,0.833,USD,USD,CAD,1.0,0.7026913166046143,24.01,22.76,16.290000915527344,34.04999923706055,7727596544.0,4914000000.0,yfinance,CAE,fresh,2026-10-01
CAG,"Conagra Brands, Inc.",13.44,30.564882746681917,-0.2612798296160682,SPY,12.53,0.07262569832402237,12.437968254089355,28.700864791870117,0.08056233344872833,0.5317214272997429,6431921664.0,14019232768.0,11281600000.0,-3.95,-1038300000.0,218000000.0,7268400000.0,478565642.0,-0.001459245361684386,6357600000.0,-3592400000.0,-305900000.0,1402100000.0,978700000.0,-423400000.0,10.86,,1.011690207625519,-1.7904246921278255,0.5701249524890086,0.593036283440825,8.747437,10845747290.0,,0.90585,0.036,revenueGrowth,0.002378760314453979,0.0495,0.791,0.23952,0.13771,-0.16985,1.1432616081540203,0.904,USD,USD,USD,1.0,1.0,13.44,12.53,12.437968254089355,28.700864791870117,6431921664.0,11281600000.0,yfinance,CAG,fresh,2026-10-01
CAH,"Cardinal Health, Inc.",222.5,40.374685600533866,-0.08781247523750585,SPY,150.78,0.47565990184374585,82.94498443603516,248.61000061035156,1.6825009554566346,0.10502393526507398,51521953792.0,57049100288.0,254248000000.0,7.23,3478000000.0,4856000000.0,8886000000.0,231559345.0,-0.02066115702479339,-2883000000.0,-16514000000.0,-5151000000.0,5174000000.0,4525000000.0,-649000000.0,1.12,30.77455048409405,-17.87095171418661,-3.119895470025433,0.20264448016110254,0.18250270891645318,15.82723,282307885170.0,0.21573137074517018,0.91463995,0.058,revenueGrowth,0.026357696089756237,0.92,0.2833,0.03844,0.013300001,0.00674,-3.0822060353798126,0.883,USD,USD,USD,1.0,1.0,222.5,150.78,82.94498443603516,248.61000061035156,51521953792.0,254248000000.0,yfinance,CAH,fresh,2026-10-01
CAI,"Caris Life Sciences, Inc.",30.63,70.7156013975503,1.3244362099081224,SPY,14.19,1.1585623678646932,14.550000190734863,39.29999923706055,1.105154611578943,0.22061067189244613,8658509824.0,8306699776.0,812033000.0,9.58,11380000.0,796274000.0,427686000.0,282680695.0,-0.39839548036901395,577307000.0,557963000.0,870655000.0,83155000.0,66895000.0,-16260000.0,,3.197286012526096,14.99810295735198,15.518071671419072,10.662756099813677,7.128679634018111,81.553856,1214602180.0,-0.0,0.56347,0.454,revenueGrowth,1.3050744561931677e-05,,0.0,0.69848996,0.1021,0.10624,0.7408294027267988,5.526,USD,USD,USD,1.0,1.0,30.63,14.19,14.550000190734863,39.29999923706055,8658509824.0,812033000.0,yfinance,CAI,fresh,2026-10-01
CALX,"Calix, Inc.",34.36,32.895016860595916,0.8666569321617021,SPY,32.35,0.062132921174652175,27.729999542236328,68.41999816894531,0.23909125738229223,0.4978076451397009,2163442688.0,1983120640.0,1000010000.0,0.76,38700000.0,143086000.0,15593000.0,62963989.0,0.05200443236843304,859219000.0,743044000.0,528305000.0,134953000.0,115518000.0,-19435000.0,3.34,45.21052631578947,2.5179176531245235,2.911594317429385,2.1634210537894623,1.5702221725453878,14.924466,1377794000.0,0.4765862795598221,0.98589,0.213,revenueGrowth,0.0432782437544285,,0.0,0.56581,0.074489996,0.04607,0.0181478761526456,2.83,USD,USD,USD,1.0,1.0,34.36,32.35,27.729999542236328,68.41999816894531,2163442688.0,1000010000.0,yfinance,CALX,fresh,2026-10-01
CAPR,"Capricor Therapeutics, Inc.",9.47,46.56165929033906,1.085526140400694,SPY,2.96,2.1993243243243246,2.7100000381469727,35.34000015258789,2.494464895460053,0.7320316932905693,550576256.0,403686816.0,0.0,-2.45,-100107580.0,287847312.0,14522765.0,58138989.0,0.3197111483161695,305792145.0,305792145.0,287102996.0,-69811261.0,-81535457.0,-11724196.0,0.38,,1.8004918210047547,1.8004918210047547,,9.73807681491373,-6.4082613,56538500.0,,0.76469004,,,,,0.0,0.0,0.0,0.0,0.047492276166871454,7.346,USD,USD,USD,1.0,1.0,9.47,2.96,2.7100000381469727,35.34000015258789,550576256.0,0.0,yfinance,CAPR,fresh,2026-10-01
CAT,Caterpillar Inc.,810.79,53.90353824483673,1.7255877865865143,SPY,471.14,0.720910981873753,217.8406982421875,1062.92822265625,2.7219399613684336,0.2372109586347782,372699791360.0,411899789312.0,67589000000.0,23.23,14305000000.0,9980000000.0,43330000000.0,459674889.0,-0.034940743767879034,21318000000.0,15756000000.0,15927000000.0,11739000000.0,7453000000.0,-4286000000.0,1.45,34.90271201033146,17.4828685317572,23.654467590759076,5.5142078054121235,4.2326662949646146,25.041897,88053195170.0,0.23984056840828352,0.73504996,0.24,revenueGrowth,0.013968346966342665,0.79,0.2601,0.29713,0.22183001,0.14511,2.03255464865372,1.368,USD,USD,USD,1.0,1.0,810.79,471.14,217.8406982421875,1062.92822265625,372699791360.0,67589000000.0,yfinance,CAT,fresh,2026-10-01
CB,Chubb Limited,325.25,37.713791169469204,-0.34522201927095497,SPY,265.3,0.22597059932152275,198.3278045654297,362.40521240234375,0.6399616821891346,0.1025239459334649,125481410560.0,148000407552.0,59783000000.0,28.23,14883000320.0,2272000000.0,17227000000.0,385799859.0,-0.02526261949879708,73757000000.0,44334000000.0,,12816000000.0,,,2.5,11.521431101664895,1.7012813774963733,2.830365195109848,2.0989480380710237,2.439250020733538,11.175751,51442619450.0,0.18567923949708678,0.83810997,0.061,revenueGrowth,0.02943862348625482,0.0123,0.1393,0.31129998,0.23527001,0.18070999,0.2335642718657212,0.41,USD,USD,USD,1.0,1.0,325.25,265.3,198.3278045654297,362.40521240234375,125481410560.0,59783000000.0,yfinance,CB,fresh,2026-10-01
CC,The Chemours Company,13.57,36.27776897701636,1.564700468917277,SPY,10.44,0.29980842911877403,9.14522647857666,29.495649337768555,0.48383422015722466,0.5399321491585574,2042271232.0,5493271552.0,5808000000.0,-2.02,332000000.0,670000000.0,4394000000.0,150498995.0,0.003127028316122957,250000000.0,202000000.0,1315000000.0,264000000.0,51000000.0,-213000000.0,1.6,,8.169084928,10.110253623762377,0.3516307217630854,0.32880943090187736,7.0381265,6211109050.0,,0.91566,-0.015,revenueGrowth,-0.0,0.0252,5.5556,0.15405,0.01131,-0.05244,17.576,1.663,USD,USD,USD,1.0,1.0,13.57,10.44,9.14522647857666,29.495649337768555,2042271232.0,5808000000.0,yfinance,CC,fresh,2026-10-01
CCJ,Cameco Corporation,86.67,34.70926153455811,2.1745001866742437,SPY,77.7,0.11544401544401542,35.949466705322266,134.08999633789062,1.410884164442101,0.35364305789372946,37747642368.0,37857091584.0,2446724084.0990543,0.57,819390074.318409,783402441.2298203,700125087.9163742,435532978.0,-0.0008624723595959226,4850933235.46958,4825522512.078524,1102543053.8008213,989692936.4280701,755679160.7158184,-234013775.71225166,1.92,152.0526315789474,7.781521726993209,7.822498449342174,15.427829649169304,13.499681467682784,47.455193,2796187632.898228,0.2415134684488222,0.6974,-0.072,revenueGrowth,,0.2,0.2963,0.35112998,0.09111,0.102139995,0.14432791669799197,3.061,USD,USD,CAD,1.0,0.7026913166046143,86.67,77.7,35.949466705322266,134.08999633789062,37747642368.0,3481933000.0,yfinance,CCJ,fresh,2026-10-01
CCNE,CNB Financial Corporation,33.28,41.73947232772017,0.538093063537396,SPY,22.8,0.45964912280701753,16.029600143432617,35.519325256347656,1.0761590870770992,0.06304526451969876,985782976.0,854562624.0,277018000.0,3.18,,527896000.0,313241000.0,29620885.0,0.4042959421749351,872127000.0,689529000.0,,64983000.0,58651000.0,-6332000.0,1.06,10.465408805031446,1.1303204418622517,1.4296468690947008,3.558552065208759,3.0649279289556217,8.934228,321633330.0,0.19807190929485236,0.68354,0.51,revenueGrowth,0.00033780254691677695,0.0229,0.2327,0.0,0.43319,0.29163998,0.3591690201083099,,USD,USD,USD,1.0,1.0,33.28,22.8,16.029600143432617,35.519325256347656,985782976.0,277018000.0,yfinance,CCNE,fresh,2026-10-01
CDNS,"Cadence Design Systems, Inc.",330.185,59.61747662298807,1.5919048384114667,SPY,262.75,0.25665080875356805,228.69000244140625,416.3900146484375,0.44381038294229,0.20702949546285662,90930634752.0,92050161664.0,5296759000.0,5.02,1872428000.0,3001317000.0,2616439000.0,275393000.0,-0.0019026194797559096,5474181000.0,2006815000.0,3034382000.0,1728781000.0,1586910000.0,-141871000.0,2.48,65.77390438247012,16.610819911142872,45.310920414686954,17.167221455988464,12.685031544619937,34.54678,7168341240.0,0.27144765292439177,0.91617996,0.242,revenueGrowth,0.012040782547995118,,0.0,0.85871005,0.28575,0.23605,0.477959899389516,1.743,USD,USD,USD,1.0,1.0,330.185,262.75,228.69000244140625,416.3900146484375,90930634752.0,5296759000.0,yfinance,CDNS,fresh,2026-10-01
CDXS,"Codexis, Inc.",1.39,39.246028568395054,1.7625690113407089,SPY,0.96,0.44791666666666663,0.9800000190734863,5.809999942779541,0.41836731933345944,0.7607573126179732,152213008.0,169334480.0,70387000.0,-0.33,-33866000.0,50793000.0,73208000.0,109505765.0,0.1870913251961639,50529000.0,48066000.0,71499000.0,-19376000.0,-23847000.0,-4471000.0,13.53,,3.012389083496606,3.166750052011817,2.1625159191327943,1.735836358147932,-4.34375,87688570.0,,0.70488,-0.027,revenueGrowth,,,0.0,0.24269,-0.75287,-0.39551,1.448831364167112,3.059,USD,USD,USD,1.0,1.0,1.39,0.96,0.9800000190734863,5.809999942779541,152213008.0,70387000.0,yfinance,CDXS,fresh,2026-10-01
CDZI,Cadiz Inc.,3.92,45.95882477530464,1.4867689934368187,SPY,2.87,0.3658536585365853,2.1500000953674316,6.920000076293945,0.8232557330794341,0.4335260178061467,331934144.0,447001504.0,16313000.0,-0.5,-23410000.0,8599000.0,104209000.0,84677075.0,0.1774514503173704,23256000.0,17540000.0,2863000.0,-18930000.0,-26506000.0,-7576000.0,1.51,,14.27305400756794,18.924409578107184,20.34782958376755,12.45983604557451,-7.396227,26640330.0,,0.49795,-0.763,revenueGrowth,,,0.0,0.27136,-9.024509,0.0,4.480951152390781,1.161,USD,USD,USD,1.0,1.0,3.92,2.87,2.1500000953674316,6.920000076293945,331934144.0,16313000.0,yfinance,CDZI,fresh,2026-10-01
CE,Celanese Corporation,44.37,45.750916240902264,0.5668779723885986,SPY,35.13,0.2630230572160545,35.46926498413086,168.57408142089844,0.2509421895224323,0.7367922777570042,4869559808.0,16323559424.0,9544000000.0,-10.59,267000000.0,1263000000.0,12934000000.0,109748926.0,0.0018298261665141812,4049000000.0,-3306000000.0,2010000000.0,1146000000.0,803000000.0,-343000000.0,1.74,,1.202657398863917,-1.4729461004234725,0.5102221089689858,0.4894329584219059,7.2177324,9949390870.0,0.07377049180327869,0.0111995,0.087,revenueGrowth,-0.0,0.27,0.2789,0.21375999,0.11047,-0.12037,3.1943689799950605,1.447,USD,USD,USD,1.0,1.0,44.37,35.13,35.46926498413086,168.57408142089844,4869559808.0,9544000000.0,yfinance,CE,fresh,2026-10-01
CEG,Constellation Energy Corporation,254.02,45.77836451219742,1.3081161073153813,SPY,228.63,0.11105279272186509,102.73342895507812,401.7044677734375,1.4726128834955408,0.3676445736140828,90001162240.0,114345615360.0,25533000000.0,10.24,5959000000.0,3641000000.0,8992000000.0,354307379.0,-0.0031746031746031746,14517000000.0,14097000000.0,4175000000.0,4237000000.0,1288000000.0,-2949000000.0,3.74,24.806640625,6.199708082937246,6.384419538908988,3.5248957129988643,2.4538297518188914,19.070341,36677834790.0,0.3380803189974366,0.82972,0.23,revenueGrowth,0.004444387050617714,0.64,0.1592,0.22107,0.086619996,0.110810004,0.6194117241854378,1.455,USD,USD,USD,1.0,1.0,254.02,228.63,102.73342895507812,401.7044677734375,90001162240.0,25533000000.0,yfinance,CEG,fresh,2026-10-01
CELH,"Celsius Holdings, Inc.",27.35,42.27668025525161,1.064506337657861,SPY,23.56,0.1608658743633278,21.280000686645508,96.11000061035156,0.2852443194310509,0.7154302379948767,6920508416.0,8725364736.0,2515269000.0,0.23,203461000.0,398866000.0,669926000.0,253035047.0,0.06932633667791722,2941442000.0,-1128008000.0,732428000.0,359442000.0,323375000.0,-36067000.0,0.25,118.91304347826087,2.3527604542261926,-6.135158984688052,2.7513989223419046,2.011241910537238,15.799477,3440912990.0,0.1362360336871066,0.75218004,0.106,revenueGrowth,0.006575239457089044,,0.0,0.48759997,0.19087,0.04237,0.22775427834375112,1.798,USD,USD,USD,1.0,1.0,27.35,23.56,21.280000686645508,96.11000061035156,6920508416.0,2515269000.0,yfinance,CELH,fresh,2026-10-01
CEVA,"CEVA, Inc.",35.33,61.9862290549451,3.48113121738464,SPY,17.02,1.0757931844888367,16.1299991607666,50.060001373291016,1.1903286942465587,0.29424692307639555,994683392.0,791950464.0,109598000.0,-0.4,-7077000.0,40586000.0,16131000.0,28154072.0,0.02888239529072968,336458000.0,277106000.0,256153000.0,-3356000.0,-6277000.0,-2921000.0,2.46,,2.9563374685696284,3.5895411575353835,9.075744009927188,7.025897734645205,44.025475,141573850.0,,0.91988,0.131,revenueGrowth,0.007188216931644517,,0.0,0.87474,-0.0715,-0.094840005,0.047943576910045235,0.10122,USD,USD,USD,1.0,1.0,35.33,17.02,16.1299991607666,50.060001373291016,994683392.0,109598000.0,yfinance,CEVA,fresh,2026-10-01
CGNX,Cognex Corporation,60.65,46.88274008729471,1.9320148949728928,SPY,34.6,0.7528901734104045,23.020835876464844,72.31848907470703,1.6345698447033807,0.16134862915420087,10202776576.0,9870882816.0,994359000.0,1.06,193359000.0,262925000.0,76586000.0,168223842.0,-0.01879370376163744,1491901000.0,1024522000.0,513695000.0,245514000.0,236771000.0,-8743000.0,2.71,57.21698113207547,6.83877588124145,9.958572462084758,10.260656941808744,8.104194579276811,30.040369,1258950100.0,0.37395652126344353,0.0112911,0.169,revenueGrowth,0.014822729761204956,0.57,0.32209998,0.68865997,0.29361,0.16051,0.05133450543970411,3.934,USD,USD,USD,1.0,1.0,60.65,34.6,23.020835876464844,72.31848907470703,10202776576.0,994359000.0,yfinance,CGNX,fresh,2026-10-01
CHD,"Church & Dwight Co., Inc.",94.22,40.93284256369283,-0.049098625678949036,SPY,81.33,0.15849010205336286,80.75416564941406,111.0439224243164,0.16675095634132953,0.15150691777645908,22349352960.0,24522852352.0,6203200000.0,3.12,1299500000.0,409000000.0,2205100000.0,237203907.0,-0.010530579181855002,4002200000.0,-2136800000.0,99300000.0,1215400000.0,1093000000.0,-122400000.0,2.67,30.19871794871795,5.584266893208735,-10.45926289779109,3.6028748001031725,3.435617141886815,23.349234,6505193110.0,0.2300135855366287,0.94861,0.016,revenueGrowth,0.04026962219491476,0.013000000000000001,0.38619998,0.45562,0.18065001,0.119569995,0.5509719654190195,1.147,USD,USD,USD,1.0,1.0,94.22,81.33,80.75416564941406,111.0439224243164,22349352960.0,6203200000.0,yfinance,CHD,fresh,2026-10-01
CHPT,"ChargePoint Holdings, Inc.",10.08,60.663717782614484,3.211655983346108,SPY,4.44,1.2702702702702702,4.510000228881836,95.0,1.2350331459959003,0.8938947368421053,270651264.0,425422272.0,411224000.0,-7.16,-165242000.0,141564000.0,271528000.0,26850324.0,0.07999648434634449,21299000.0,-267173000.0,78458000.0,-62835000.0,-67000000.0,-4165000.0,,,12.70722869618292,-1.0130187706093057,0.6581601852031983,0.5368170245155742,-8.78707,504177870.0,,0.33097,0.177,revenueGrowth,,,0.0,0.30969998,-0.29084998,-0.40594003,12.748391943283723,1.074,USD,USD,USD,1.0,1.0,10.08,4.44,4.510000228881836,95.0,270651264.0,411224000.0,yfinance,CHPT,fresh,2026-10-01
CHPX,Global X AI Semiconductor & Quantum ETF,101.09,59.860578645747374,2.5226164220527174,SPY,49.0,1.063061224489796,50.344722747802734,110.73999786376953,1.0079562361759558,0.08714103350119974,,,,3.0661817,,,,,,,,,,,,,32.96934424988578,,,,,,,,,,,,,,,,,,,USD,USD,USD,1.0,1.0,101.09,49.0,50.344722747802734,110.73999786376953,,,yfinance,CHPX,fresh,2026-10-01
CHRD,Chord Energy Corporation,134.07,38.83450342190724,-0.5497289875128262,SPY,84.25,0.5913353115727003,76.57366943359375,166.1542205810547,0.7508629401163573,0.19309904057118496,7333344256.0,8226216448.0,4877126000.0,14.67,1793805000.0,189531000.0,1626061000.0,54697872.0,0.09676196253886403,8079954000.0,8079954000.0,87482000.0,2040657000.0,692720000.0,-1347937000.0,,9.139059304703476,0.907597277905295,0.907597277905295,1.5036200122777226,1.2699004221766121,8.51589,5774739600.0,0.8174048397430632,0.0103031,0.841,revenueGrowth,0.049755880436332264,0.0387,0.3514,0.4811,0.34717,0.14236,0.20124631897656844,1.221,USD,USD,USD,1.0,1.0,134.07,84.25,76.57366943359375,166.1542205810547,7333344256.0,4877126000.0,yfinance,CHRD,fresh,2026-10-01
CHTR,"Charter Communications, Inc.",110.9,28.667886379403043,0.2874953311650662,SPY,109.96,0.008548563113859695,110.66999816894531,454.45001220703125,0.002078267234662638,0.7559687599931719,14412298240.0,114380259328.0,54774000000.0,38.42,21211000000.0,477000000.0,97121000000.0,114457596.0,-0.05242086764521264,16054000000.0,-81567000000.0,-8162000000.0,16077000000.0,4418000000.0,-11659000000.0,0.63,2.8865174388339407,0.8977387716456958,-0.1766927585910969,0.2631229824369226,0.2184756663980045,2.357568,65967521590.0,0.22687047465808527,0.88755,-0.017,revenueGrowth,0.3560847766636281,,0.0,0.55189997,0.23503,0.09052,6.049644948299489,0.361,USD,USD,USD,1.0,1.0,110.9,109.96,110.66999816894531,454.45001220703125,14412298240.0,54774000000.0,yfinance,CHTR,fresh,2026-10-01
CHWY,"Chewy, Inc.",18.2,28.747369500690695,0.7729609700324784,SPY,17.4,0.04597701149425292,14.989999771118164,48.209999084472656,0.21414278037993514,0.6224849544570557,7315076608.0,7864075776.0,12601500000.0,0.65,397200000.0,860100000.0,518700000.0,225449020.0,-0.012042042738810646,497900000.0,458500000.0,-265800000.0,691600000.0,562400000.0,-129200000.0,0.37,27.999999999999996,14.691859023900381,15.954365557251908,0.5804925293020672,0.506670213233282,9.735016,14437550140.0,0.15381693885301936,0.010165800000000001,0.073,revenueGrowth,0.03588479165247862,,0.0,0.29846,0.024619998,0.02094,1.04177545691906,0.838,USD,USD,USD,1.0,1.0,18.2,17.4,14.989999771118164,48.209999084472656,7315076608.0,12601500000.0,yfinance,CHWY,fresh,2026-10-01
CI,The Cigna Group,271.83,48.42554179207289,0.19051327818058267,SPY,239.51,0.13494217360444238,238.99339294433594,351.9920349121094,0.13739545956114374,0.2277382070083644,71828488192.0,96739491840.0,273854000000.0,24.17,11964000000.0,7676000000.0,31463000000.0,264240486.0,-0.051744592504713686,41713000000.0,-31771000000.0,-8528000000.0,9601000000.0,8389000000.0,-1212000000.0,0.75,11.246586677699627,1.7219688872054275,-2.26081924371282,0.26228752617087936,0.240446605118737,8.131146,298729475330.0,0.1918776506875723,0.92183,0.067,revenueGrowth,0.05041175292901813,0.0227,0.2539,0.091359995,0.03985,0.022720002,0.7542732481480594,0.846,USD,USD,USD,1.0,1.0,271.83,239.51,238.99339294433594,351.9920349121094,71828488192.0,273854000000.0,yfinance,CI,fresh,2026-10-01
CIEN,Ciena Corporation,351.82,48.04748451289369,2.4784924989385617,SPY,143.19,1.4570151546895733,40.599998474121094,627.0,7.6655175670574005,0.4388835725677831,49891078144.0,50546950144.0,4769507000.0,4.47,388389000.0,1091952000.0,1625554000.0,141808525.0,-0.0049053191197829605,2729323000.0,1983909000.0,2257113000.0,806093000.0,665292000.0,-140801000.0,0.36,78.70693512304251,18.279653285448443,25.147866229751465,10.460426652901443,5.939258724864065,29.743845,8400219700.0,0.21082367695329746,0.95931,0.37,revenueGrowth,0.008535033032779032,,0.0,0.44072,0.18076,0.10869,0.5955887229177346,3.797,USD,USD,USD,1.0,1.0,351.82,143.19,40.599998474121094,627.0,49891078144.0,4769507000.0,yfinance,CIEN,fresh,2026-10-01
CL,Colgate-Palmolive Company,85.32,41.15780070613887,-0.12657080430527648,SPY,74.55,0.14446680080482893,64.19456481933594,103.78702545166016,0.32908448308852617,0.17793192714884545,68014784512.0,74748788736.0,20382000000.0,2.54,3956000000.0,1288000000.0,8554000000.0,797172829.0,-0.014698736637512148,54000000.0,-4604000000.0,-1144000000.0,4198000000.0,3634000000.0,-564000000.0,1.58,33.590551181102356,1259.5330465185186,-14.772976653344918,3.337002478265136,3.0824574031577745,20.807116,22065117410.0,0.2608695652173913,0.86411005,0.049,revenueGrowth,0.017790249703526106,0.0245,0.8228,0.60431,0.20966,0.096829996,158.40740740740742,1.026,USD,USD,USD,1.0,1.0,85.32,74.55,64.19456481933594,103.78702545166016,68014784512.0,20382000000.0,yfinance,CL,fresh,2026-10-01
CLF,Cleveland-Cliffs Inc.,11.01,40.03285492270698,2.2166370063389,SPY,7.73,0.4243208279430788,5.829999923706055,22.829999923706055,0.8885077434102412,0.5177398144199066,6281646080.0,14148645888.0,18610000000.0,-1.57,-175000000.0,57000000.0,7253000000.0,570540047.0,0.05777188344344152,6116000000.0,3167000000.0,3133000000.0,-462000000.0,-1023000000.0,-561000000.0,0.43,,1.027084054937868,1.9834689232712346,0.3375414336378291,0.28347304696094916,15.080127,22159588530.0,0.2899201596806387,0.84466004,0.059,revenueGrowth,-0.0,,0.0,-0.01052,0.0034400001,-0.045640003,1.1859058207979072,1.89,USD,USD,USD,1.0,1.0,11.01,7.73,5.829999923706055,22.829999923706055,6281646080.0,18610000000.0,yfinance,CLF,fresh,2026-10-01
CLMB,"Climb Global Solutions, Inc.",32.125,73.46799879830483,0.6453037958247081,SPY,15.25,1.1065573770491803,10.10413932800293,35.79486083984375,2.1793900457179727,0.10252479696076308,599473088.0,535942944.0,652517000.0,1.11,38331000.0,36563000.0,2198000.0,18660639.0,0.013213885778275475,116579000.0,47513000.0,36748000.0,16604000.0,14609000.0,-1995000.0,1.87,28.941441441441437,5.142204753857899,12.617032980447457,0.9187087662083899,0.7482542121020592,18.392141,801162330.0,0.23597678916827852,0.8336,0.094,revenueGrowth,0.0034196697750675338,,0.0766,0.15767,0.042529996,0.02885,0.018854167560195232,1.125,USD,USD,USD,1.0,1.0,32.125,15.25,10.10413932800293,35.79486083984375,599473088.0,652517000.0,yfinance,CLMB,fresh,2026-10-01
CLOV,"Clover Health Investments, Corp.",4.31,44.877113707348265,1.2491445711026454,SPY,1.58,1.7278481012658224,0.621999979019165,5.409999847412109,5.929260683893367,0.20332714943389474,2289283328.0,2046183552.0,1924308000.0,-0.05,-83863000.0,78301000.0,4663000.0,435441337.0,0.04479097360217231,308704000.0,305714000.0,99032000.0,-66934000.0,-68977000.0,-2043000.0,,,7.415787706022598,7.488316949828925,1.1896657541308355,0.6493532878624824,28.733332,3525482000.0,,0.34002,0.556,revenueGrowth,0.02411147599114477,,0.0,0.18544,0.03768,-0.0074199997,0.015105084482222452,1.501,USD,USD,USD,1.0,1.0,4.31,1.58,0.621999979019165,5.409999847412109,2289283328.0,1924308000.0,yfinance,CLOV,fresh,2026-10-01
CLPT,"ClearPoint Neuro, Inc.",12.21,35.040342653860435,1.850257527971749,SPY,8.27,0.4764207980652964,4.460000038146973,29.600000381469727,1.7376681380193384,0.5875000053160898,372456640.0,407344640.0,36971000.0,-1.18,-20860000.0,45923000.0,58232000.0,30504227.0,0.04763862189934679,28020000.0,6626000.0,52835000.0,-23925000.0,-24447000.0,-522000.0,0.61,,13.292528194147037,56.21138545125264,10.0742917421763,6.586324314765694,-10.217573,56550000.0,,0.52476,0.181,revenueGrowth,,,0.0,0.62608004,-0.94154,-0.81757003,2.0782298358315487,4.745,USD,USD,USD,1.0,1.0,12.21,8.27,4.460000038146973,29.600000381469727,372456640.0,36971000.0,yfinance,CLPT,fresh,2026-10-01
CLS,Celestica Inc.,361.43,60.578746481858666,3.1497343606111707,SPY,230.24,0.5697967338429465,22.25,472.3999938964844,15.244044943820224,0.23490684870923367,45580341248.0,42002173952.0,12390900000.0,9.64,1211500000.0,595600000.0,776500000.0,126111117.0,-0.02106149957877001,2216300000.0,1610800000.0,1733600000.0,659500000.0,458300000.0,-201200000.0,1.0,37.49273858921162,20.565961849930062,28.296710484231436,3.6785335405822015,1.2858382794616914,18.501862,35447957940.0,0.15327502034174126,0.67519,0.624,revenueGrowth,0.003365485992422906,,0.0,0.11951999,0.098179996,0.07159,0.35035870595136037,1.226,USD,USD,USD,1.0,1.0,361.43,230.24,22.25,472.3999938964844,45580341248.0,12390900000.0,yfinance,CLS,fresh,2026-10-01
CLSK,"CleanSpark, Inc.",12.88,49.51344055501112,3.529091710265899,SPY,8.0,0.6100000000000001,3.4700000286102295,23.399999618530273,2.7118155313556502,0.4495726405995139,3307803904.0,4890814976.0,766314000.0,-3.78,763245000.0,42966000.0,824437000.0,256817073.0,0.46527722926288495,2175127000.0,2037618000.0,1004276000.0,-461032000.0,-1023905000.0,-562873000.0,,,1.520740583883148,1.6233680228580627,4.316512427020777,5.345214521281485,-7.106207,618834640.0,0.09691135476677197,0.010064601,-0.305,revenueGrowth,0.043835730354105054,,0.0,0.46993,-1.65191,-1.46901,0.3790293624234355,5.912,USD,USD,USD,1.0,1.0,12.88,8.0,3.4700000286102295,23.399999618530273,3307803904.0,766314000.0,yfinance,CLSK,fresh,2026-10-01
CMCSA,Comcast Corporation,21.76,25.875499869826413,0.14877850136483498,SPY,21.28,0.02255639097744363,21.600000381469727,39.75458908081055,0.007407389615952783,0.4526418080748442,77218332672.0,160130334720.0,123707000000.0,3.12,46386000000.0,9481000000.0,98937000000.0,3539192198.0,-0.05092118730808598,96903000000.0,-58676000000.0,-3957000000.0,33643000000.0,19235000000.0,-14408000000.0,142.98,6.9743589743589745,0.7968621474257763,-1.3160122140568546,0.6242034215687067,0.656660443465926,6.0730724,117592483970.0,0.2369789645268959,0.91583997,-0.012,revenueGrowth,0.09265934335039666,0.0611,0.42310002,0.6939,0.17233999,0.08966,1.0209900622271757,0.796,USD,USD,USD,1.0,1.0,21.76,21.28,21.600000381469727,39.75458908081055,77218332672.0,123707000000.0,yfinance,CMCSA,fresh,2026-10-01
CME,CME Group Inc.,261.98,40.1615555693916,-0.30052354082480337,SPY,218.31,0.20003664513764838,176.1367950439453,315.7112731933594,0.48736667960057534,0.1701911770519873,94202576896.0,95795478528.0,6520600000.0,11.79,5834800000.0,4416900000.0,3422300000.0,359576125.0,0.0010168248394194653,28728200000.0,-1572500000.0,5062600000.0,4277100000.0,4193600000.0,-83500000.0,4.58,22.220525869380836,3.279097781831093,-59.90624921844197,14.446918519154679,12.809202166292842,20.267036,7354289180.0,0.23605665509802082,0.91829,0.008,revenueGrowth,0.0028247634912766284,0.019799999999999998,0.95419997,1.0,0.65036005,0.63443,0.11912685096873456,1.018,USD,USD,USD,1.0,1.0,261.98,218.31,176.1367950439453,315.7112731933594,94202576896.0,6520600000.0,yfinance,CME,fresh,2026-10-01
CNBS,Amplify Seymour Cannabis ETF,26.1317,54.12939722032068,1.1938532493549079,SPY,18.43,0.41788931090613124,13.963000297546387,52.50406265258789,0.8714960569464376,0.5022918479107067,,,,1.331733,,,,,,,,,,,,,19.622326697618814,,,,,,,,,,,,0.0,,,,,,,USD,USD,USD,1.0,1.0,26.1317,18.43,13.963000297546387,52.50406265258789,,,yfinance,CNBS,fresh,2026-10-01
VCLT,Vanguard Long-Term Corporate Bond Index Fund ETF Shares,68.5,27.744207690747302,0.2878864929663127,SPY,68.355,0.0021212786189744133,57.9151496887207,75.33329010009766,0.1827647924277187,0.09070744276558283,,,,,,,,,,,,,,,,,,,,,,,,,,,,,0.056600000000000004,,,,,,,USD,USD,USD,1.0,1.0,68.5,68.355,57.9151496887207,75.33329010009766,,,yfinance,VCLT,fresh,2026-10-01
ZROZ,PIMCO 25+ Year Zero Coupon U.S. Treasury Index Exchange-Traded Fund,53.92,29.312148888193136,0.2743049853902993,SPY,53.655,0.004938961886124324,54.650001525878906,78.9649658203125,-0.013357758563523925,0.31716553740177866,,,,,,,,,,,,,,,,,,,,,,,,,,,,,0.0553,,,,,,,USD,USD,USD,1.0,1.0,53.92,53.655,54.650001525878906,78.9649658203125,,,yfinance,ZROZ,fresh,2026-10-01
IGOV,iShares International Treasury Bond ETF,39.77,29.90500401854922,0.28905865346397674,SPY,39.69,0.0020156210632402472,35.9320068359375,42.9900016784668,0.10681265818484492,0.07490117591876383,,,,,,,,,,,,,,,,,,,,,,,,,,,,,0.014199999999999999,,,,,,,USD,USD,USD,1.0,1.0,39.77,39.69,35.9320068359375,42.9900016784668,,,yfinance,IGOV,fresh,2026-10-01
SCMB,Schwab Municipal Bond ETF,24.16,12.724447151894083,0.07963705991173485,SPY,23.84,0.01342281879194632,22.060697555541992,25.65683364868164,0.09516029305839563,0.05834054463531022,,,,,,,,,,,,,,,,,,,,,,,,,,,,,0.036000000000000004,,,,,,,USD,USD,USD,1.0,1.0,24.16,23.84,22.060697555541992,25.65683364868164,,,yfinance,SCMB,fresh,2026-10-01
WIP,State Street SPDR FTSE International Government Inflation-Protected Bond ETF,38.15,31.735427414099078,0.36764474339716097,SPY,38.05,0.002628120893561141,31.619234085083008,39.9873161315918,0.20654408950398984,0.04594747308235161,,,,,,,,,,,,,,,,,,,,,,,,,,,,,0.060599999999999994,,,,,,,USD,USD,USD,1.0,1.0,38.15,38.05,31.619234085083008,39.9873161315918,,,yfinance,WIP,fresh,2026-10-01
BWX,State Street SPDR Bloomberg International Treasury Bond ETF,21.18,33.39640684091616,0.2673904425151978,SPY,21.13,0.002366303833412244,19.626970291137695,22.865934371948242,0.07912732764279747,0.0737312696049952,,,,,,,,,,,,,,,,,,,,,,,,,,,,,0.024,,,,,,,USD,USD,USD,1.0,1.0,21.18,21.13,19.626970291137695,22.865934371948242,,,yfinance,BWX,fresh,2026-10-01
LTPZ,PIMCO 15+ Year U.S. TIPS Index Exchange-Traded Fund,45.1,25.609800062784117,0.21540640055266003,SPY,44.87,0.005125919322487274,43.512691497802734,53.16489791870117,0.036479207503802,0.15169591656197423,,,,,,,,,,,,,,,,,,,,,,,,,,,,,0.0697,,,,,,,USD,USD,USD,1.0,1.0,45.1,44.87,43.512691497802734,53.16489791870117,,,yfinance,LTPZ,fresh,2026-10-01
CNC,Centene Corporation,62.12,41.37898507449707,0.34638515836142425,SPY,31.63,0.963958267467594,25.209999084472656,80.41000366210938,1.4641016364915678,0.2274593064187106,30686969856.0,19829968896.0,194777000000.0,-10.36,-4775000000.0,17888000000.0,18162000000.0,493995000.0,-0.058478951548848294,19953000000.0,4588000000.0,3674000000.0,5088000000.0,4321000000.0,-767000000.0,0.75,,1.5379627051571192,6.688528739319965,0.15754924788861108,0.1592032877894475,11.616077,192753367610.0,0.00758026159334126,0.010168,0.046,revenueGrowth,0.015478882477773435,,0.0,0.11415,0.0376,-0.02829,0.9102390617952187,1.145,USD,USD,USD,1.0,1.0,62.12,31.63,25.209999084472656,80.41000366210938,30686969856.0,194777000000.0,yfinance,CNC,fresh,2026-10-01
CNDT,Conduent Incorporated,1.56,45.45180993536534,1.6201597332623578,SPY,1.15,0.35652173913043494,1.159999966621399,4.420000076293945,0.344827624903849,0.6470588296215553,242612432.0,1007612416.0,3042000000.0,-1.13,82000000.0,233000000.0,841000000.0,155520800.0,-0.17112959765604563,685000000.0,-101000000.0,388000000.0,-73000000.0,-154000000.0,-81000000.0,,,0.3541787328467153,-2.4021032871287127,0.07975425115055884,0.1092356740207114,-26.0,2221000000.0,,0.7565,-0.119,revenueGrowth,0.10304500801508804,,0.0,0.18611999,-0.03955,-0.07758,1.2277372262773723,1.552,USD,USD,USD,1.0,1.0,1.56,1.15,1.159999966621399,4.420000076293945,242612432.0,3042000000.0,yfinance,CNDT,fresh,2026-10-01
CNI,Canadian National Railway Company,118.9,44.96318246072371,0.3699050500231307,SPY,90.74,0.3103372272426715,89.36901092529297,129.8782501220703,0.33043880388687685,0.08452724079476001,71827488768.0,94273486848.0,12159370542.526245,5.5,6405031350.851059,245941960.811615,15199213178.157806,604100000.0,-0.01702127659574468,15155646316.52832,15001054226.875305,-860796862.8406525,4953271090.745926,2382826254.606247,-2570444836.139679,2.44,21.61818181818182,4.739322049873054,4.788162730544409,5.907171634978157,5.2959505863720535,18.73831,13562718835.18551,0.24648786717752236,0.74092,0.113,revenueGrowth,0.020691133159605538,0.022000000000000002,0.4628,0.55965,0.40269002,0.26924,1.0028746290801187,0.871,USD,USD,CAD,1.0,0.7026913166046143,118.9,90.74,89.36901092529297,129.8782501220703,71827488768.0,17304000000.0,yfinance,CNI,fresh,2026-10-01
CNQ,Canadian Natural Resources Limited,47.07,40.370793249116744,-0.38053120790267153,SPY,29.68,0.5859164420485176,24.112314224243164,51.54999923706055,0.9521145735847523,0.08690590307205603,97034805248.0,114599804928.0,31035767380.475998,3.97,15379804846.525192,472911256.0749054,11676621608.018875,2061500000.0,-0.0198665781485861,31175602952.480316,31175602952.480316,-280373835.3252411,10614855028.629303,5842878297.567368,-4771976731.061935,3.42,11.856423173803526,3.1125237704594246,3.1125237704594246,3.126547639645048,3.259740147506795,12.221228,29767650443.614914,0.18284117513782946,0.78552,0.695,revenueGrowth,0.010493139190188381,0.0382,0.43150002,0.51576,0.43091,0.26309,0.374543569399991,1.001,USD,USD,CAD,1.0,0.7026913166046143,47.07,29.68,24.112314224243164,51.54999923706055,97034805248.0,44167000000.0,yfinance,CNQ,fresh,2026-10-01
COF,Capital One Financial Corporation,193.07,35.166215306177676,1.33497019134226,SPY,174.24,0.10806932966023866,84.93435668945312,254.95816040039062,1.273167273238143,0.2427384960073465,118445531136.0,121614516224.0,53434000000.0,18.16,,57434000000.0,50413000000.0,613484836.0,0.41110531803962463,113616000000.0,68529000000.0,,27718000000.0,26140000000.0,-1578000000.0,0.17,10.631607929515418,1.042507491339248,1.7284001099680428,2.21666974465696,1.751671433941339,8.013541,67618577800.0,0.08461201227531784,0.89225996,0.11109999999999999,revenueGrowth,0.03882797397159202,0.0163,0.16530001,0.0,0.33629,0.21867001,0.4437139135333052,,USD,USD,USD,1.0,1.0,193.07,174.24,84.93435668945312,254.95816040039062,118445531136.0,53434000000.0,yfinance,COF,fresh,2026-10-01
COHR,Coherent Corp.,287.81,48.825506386780646,3.2192120929239993,SPY,105.02,1.74052561416873,29.149999618530273,426.8900146484375,8.87341350828159,0.3257982381316085,56362475520.0,58259832832.0,7118181000.0,4.12,1559895000.0,1162018000.0,3538434000.0,195832246.0,0.2621899224806202,10903495000.0,3643424000.0,4071570000.0,79514000.0,-1030569000.0,-1110083000.0,0.92,69.85679611650485,5.169211846293321,15.469644905451576,7.918100919321945,3.8189345405084896,20.491186,14758691180.0,0.07177849629541377,0.8752,0.337,revenueGrowth,-0.0,,0.0,0.37495998,0.118269995,0.11309,0.3245229167344966,2.427,USD,USD,USD,1.0,1.0,287.81,105.02,29.149999618530273,426.8900146484375,56362475520.0,7118181000.0,yfinance,COHR,fresh,2026-10-01
COIN,"Coinbase Global, Inc.",186.41,53.90938968316038,2.893389078196511,SPY,139.11,0.3400186902451296,70.77999877929688,419.7799987792969,1.6336536198772138,0.5559340594071355,49181843456.0,47042818048.0,7181325000.0,-3.88,1795906000.0,11285452000.0,7831459000.0,222803032.0,0.05059679490227781,14793058000.0,9226297000.0,11687163000.0,2426383000.0,2363181000.0,-63202000.0,1.92,,3.3246569746431063,5.330615679941801,6.848575082731947,7.1244295896497,65.748215,6903267530.0,0.17196243261621547,0.68678004,-0.173,revenueGrowth,0.016066803203644436,,0.0,0.8581,-0.13922,-0.16344,0.5294009527982653,2.423,USD,USD,USD,1.0,1.0,186.41,139.11,70.77999877929688,419.7799987792969,49181843456.0,7181325000.0,yfinance,COIN,fresh,2026-10-01
CONY,YieldMax COIN Option Income Strategy ETF,20.06,55.39950512047963,2.475759785580121,SPY,17.22,0.16492450638792103,13.571942329406738,40.69834899902344,0.4780493103433979,0.5071053127859968,,,,,,,,,,,,,,,,,,,,,,,,,,,,,0.2982,,,,,,,USD,USD,USD,1.0,1.0,20.06,17.22,13.571942329406738,40.69834899902344,,,yfinance,CONY,fresh,2026-10-01
COP,ConocoPhillips,125.15,41.639517893941466,-0.525502222143212,SPY,85.57,0.4625452845623468,78.80731201171875,141.22000122070312,0.5880506111081423,0.11379408781896559,150347382784.0,165945393152.0,58944000000.0,7.56,25570000000.0,6497000000.0,23444000000.0,1201337479.0,0.06145887230696664,64487000000.0,64487000000.0,3560000000.0,19796000000.0,7243000000.0,-12553000000.0,1.06,16.554232804232807,2.331437076992262,2.331437076992262,2.550681711183496,2.2531058205687993,12.95424,66728948730.0,0.3688369152970923,0.86932,0.355,revenueGrowth,0.0340411645698741,0.0268,0.4365,0.47574002,0.3151,0.144,0.36354614108269884,1.542,USD,USD,USD,1.0,1.0,125.15,85.57,78.80731201171875,141.22000122070312,150347382784.0,58944000000.0,yfinance,COP,fresh,2026-10-01
CORT,Corcept Therapeutics Incorporated,115.23,51.850748773706705,1.8460771645395238,SPY,28.66,3.0205861828332172,21.100000381469727,123.56999969482422,4.46113734202566,0.06749210743239598,12456178688.0,12154159104.0,761407000.0,0.45,116080000.0,120495000.0,6107000.0,108098397.0,0.05734050052872753,647805000.0,647805000.0,319379000.0,141996000.0,141785000.0,-211000.0,0.81,256.06666666666666,19.22828426455492,19.22828426455492,16.359422343109532,7.306100875065473,26.173765,1704901000.0,,0.76862,0.317,revenueGrowth,-0.0,,0.0,0.98305,0.16124001,0.066420004,0.009427219610839681,2.859,USD,USD,USD,1.0,1.0,115.23,28.66,21.100000381469727,123.56999969482422,12456178688.0,761407000.0,yfinance,CORT,fresh,2026-10-01
CORZ,"Core Scientific, Inc.",15.98,39.97585424935595,2.6815956963530962,SPY,13.355,0.19655559715462373,2.6700000762939453,29.15999984741211,4.98501855557278,0.45198902319547873,5135020032.0,7775840768.0,319019000.0,-5.04,-144371000.0,311378000.0,1162523000.0,321340441.0,0.24326902029456832,-962740000.0,-962740000.0,114136000.0,278250000.0,-460961000.0,-739211000.0,,,-5.333755772067224,-5.333755772067224,16.096282766857147,4.4716664276997715,98.181366,1148345950.0,,0.011977100000000001,1.088,revenueGrowth,-0.0,,0.0,0.32136002,0.06874,0.0,-1.2075150092444482,0.893,USD,USD,USD,1.0,1.0,15.98,13.355,2.6700000762939453,29.15999984741211,5135020032.0,319019000.0,yfinance,CORZ,fresh,2026-10-01
COST,Costco Wholesale Corporation,910.34,53.16487443654489,-0.11464593164143942,SPY,844.06,0.07852522332535612,521.8674926757812,1092.5828857421875,0.7443891654036472,0.16680005528220457,403522781184.0,390828785664.0,275235000000.0,20.8,13398000000.0,14161000000.0,8173000000.0,443266000.0,9.892998230502362e-05,29164000000.0,29164000000.0,1272000000.0,13335000000.0,7837000000.0,-5498000000.0,4.48,43.76634615384615,13.836331819503497,13.836331819503497,1.466102716529511,1.143329621266107,36.39254,352936523010.0,0.2513403586614901,0.74468005,0.111,revenueGrowth,0.002237791872246852,0.64,0.2669,0.12824,0.03971,0.03043,0.2802427650528048,1.06,USD,USD,USD,1.0,1.0,910.34,844.06,521.8674926757812,1092.5828857421875,403522781184.0,275235000000.0,yfinance,COST,fresh,2026-10-01
CPNG,"Coupang, Inc.",13.87,32.48634523991228,1.361073538943143,SPY,13.405,0.03468854904886236,13.75,33.529998779296875,0.00872727272727267,0.5863405754561483,24931487744.0,24454488064.0,34534000000.0,-0.43,1200000000.0,6318000000.0,4635000000.0,1639708712.0,0.01588170865279299,4623000000.0,4433000000.0,334000000.0,1773000000.0,522000000.0,-1251000000.0,1.12,,5.392924019900497,5.624066714189037,0.7219403412289338,0.5923716833108235,50.908424,42087575160.0,0.6415410385259631,0.83726,0.039,revenueGrowth,0.009746710765725574,,0.0,0.28354,-0.06278,-0.02163,1.0025957170668398,0.87,USD,USD,USD,1.0,1.0,13.87,13.405,13.75,33.529998779296875,24931487744.0,34534000000.0,yfinance,CPNG,fresh,2026-10-01
CRBU,"Caribou Biosciences, Inc.",1.27,33.068081492570315,2.1790291653809404,SPY,1.22,0.04098360655737709,0.7329999804496765,8.260000228881836,0.7326057760886814,0.8462469776260623,136153536.0,50494540.0,11159000.0,-1.08,-132549000.0,12360000.0,27227000.0,107207513.0,0.034006073545201576,122175000.0,122175000.0,119818000.0,-110992000.0,-112351000.0,-1359000.0,,,1.114414045426642,1.114414045426642,12.201230934671566,4.5693368710235385,-1.0052797,29797220.0,0.0036993442071632755,0.44908002,-0.438,revenueGrowth,,,0.0,0.0,-0.16903939999999998,0.0,0.2228524657253939,6.487,USD,USD,USD,1.0,1.0,1.27,1.22,0.7329999804496765,8.260000228881836,136153536.0,11159000.0,yfinance,CRBU,fresh,2026-10-01
CRCL,Circle Internet Group,82.17,45.94933802008566,3.008761427064436,SPY,49.9,0.6466933867735472,50.22999954223633,263.45001220703125,0.6358749900227781,0.6881002232202327,22399057920.0,19148199936.0,2746642000.0,4.99,-25040000.0,1526046000.0,36821000.0,234685190.0,-0.286874638309592,3329327000.0,2652439000.0,2473072000.0,542129000.0,485929000.0,-56200000.0,4.34,16.46693386773547,6.727803523054359,8.444702373928298,8.155070052813581,5.997674368215093,54.8085,3734623880.0,0.3243660890439583,0.68060994,0.066,revenueGrowth,-0.0,,0.0,0.21997999,0.04899,0.15531999,0.011059592524254902,1.035,USD,USD,USD,1.0,1.0,82.17,49.9,50.22999954223633,263.45001220703125,22399057920.0,2746642000.0,yfinance,CRCL,fresh,2026-10-01
CRDO,Credo Technology Group Holding Ltd,194.79,49.50136789527902,3.3332151075561227,SPY,86.485,1.2522980863733595,13.600000381469727,302.5199890136719,13.322793715903513,0.3561086636453739,36611153920.0,35884380160.0,1335116000.0,2.85,480042000.0,1164952000.0,25448000.0,187951918.0,0.03904878614248336,2063612000.0,1941552000.0,1803979000.0,464292000.0,406996000.0,-57296000.0,,68.34736842105262,17.741297259368526,18.85664350993432,27.421702623592257,9.452432968200188,20.10086,3873199000.0,0.006638131395458896,0.73779,1.147,revenueGrowth,-0.0,,0.0,0.67067003,0.25198,0.33833,0.012331775546953593,7.399,USD,USD,USD,1.0,1.0,194.79,86.485,13.600000381469727,302.5199890136719,36611153920.0,1335116000.0,yfinance,CRDO,fresh,2026-10-01
CRM,"Salesforce, Inc.",229.57,44.15650103508488,0.4683460443441847,SPY,146.32,0.5689584472389284,149.85635375976562,362.5813903808594,0.5319337101183119,0.3668456073852626,188936110080.0,219909111808.0,41525000000.0,10.93,12548000000.0,7327000000.0,17176000000.0,823000000.0,-0.018480492813141684,59142000000.0,-5614000000.0,-8896000000.0,14996000000.0,14402000000.0,-594000000.0,0.75,21.003659652333027,3.194618208379832,-33.65445494834343,4.54993642576761,3.7202714235010963,14.342083,50785571420.0,0.21670168067226891,0.87421995,0.108,revenueGrowth,0.06666803923647288,0.78,0.1568,0.77282,0.21375,0.2199,0.29041966791789253,0.839,USD,USD,USD,1.0,1.0,229.57,146.32,149.85635375976562,362.5813903808594,188936110080.0,41525000000.0,yfinance,CRM,fresh,2026-10-01
CRNX,Crinetics Pharmaceuticals Inc,84.95,,,SPY,32.3,1.6300309597523224,83.86000061035156,84.94999694824219,0.012997846192644701,-3.5924166273973235e-08,9012787200.0,7851659264.0,7696000.0,-5.05,-512879000.0,101536000.0,48541000.0,106095205.0,0.16431674981122266,992083000.0,992083000.0,963270000.0,-377922000.0,-383684000.0,-5762000.0,,,9.084710855845731,9.084710855845731,1171.1002079002078,50.459378177754786,-21.169441,178614710.0,,0.0119214,0.23363,revenueGrowth,-0.0,,0.0,0.0,-5.27347,0.0,0.04892836587261348,0.15571,USD,USD,USD,1.0,1.0,84.95,32.3,83.86000061035156,84.94999694824219,9012787200.0,7696000.0,yfinance,CRNX,fresh,2026-10-01
CRS,Carpenter Technology Corporation,388.82,26.580365716647506,1.5593454609569308,SPY,233.78,0.6631876122850543,58.44091033935547,618.9904174804688,5.6532160047164695,0.371848111021414,19269363712.0,19603562496.0,3124200000.0,10.54,847100000.0,393300000.0,699500000.0,49558566.0,-0.005917159763313609,2227600000.0,1996400000.0,1461200000.0,605000000.0,362300000.0,-242700000.0,1.59,36.889943074003796,8.650279992817381,9.652055556000802,6.167775338326612,5.017472672325836,24.484333,3840452150.0,0.19262419993904298,0.95419,0.126,revenueGrowth,0.009294546653269379,0.2,0.076,0.30584,0.24078,0.16958,0.314015083497935,3.81,USD,USD,USD,1.0,1.0,388.82,233.78,58.44091033935547,618.9904174804688,19269363712.0,3124200000.0,yfinance,CRS,fresh,2026-10-01
CRSP,CRISPR Therapeutics AG,55.32,52.20833558590537,1.8117061839888027,SPY,44.12,0.2538531278331823,31.270000457763672,89.12000274658203,0.7691077451284536,0.3792639329544718,5349037568.0,3765532672.0,0.0,-4.71,-645092000.0,347559000.0,206746000.0,96692653.0,0.06597961908709202,1921813000.0,1921813000.0,1836551000.0,-345014000.0,-370928000.0,-25914000.0,,,2.7833288504136457,2.7833288504136457,399.42038,34.161546949667986,-15.817826,156580660.0,,0.77726,0.10414,revenueGrowth,,,0.0,0.0,-0.11275510000000001,0.0,0.10757862497547889,0.17847000000000002,USD,USD,USD,1.0,1.0,55.32,44.12,31.270000457763672,89.12000274658203,5349037568.0,0.0,yfinance,CRSP,fresh,2026-10-01
CRUS,"Cirrus Logic, Inc.",119.97,53.99043224168931,1.1594706397751762,SPY,106.26,0.12902315076228113,66.01000213623047,178.89999389648438,0.8174518424103014,0.329401877624337,6012603904.0,5250302464.0,1997379000.0,8.26,549932000.0,800930000.0,133977000.0,50117561.0,-0.043789938632537426,2127996000.0,1671333000.0,1239052000.0,650598000.0,635762000.0,-14836000.0,9.35,14.524213075060533,2.825477070445621,3.5974900896470063,3.010246880536944,2.8055582942360364,13.479473,2143104250.0,0.16573457826522847,0.0107471,0.129,revenueGrowth,0.05289455368720061,,0.0,0.52785,0.18367,0.21004999,0.06295923488577986,7.583,USD,USD,USD,1.0,1.0,119.97,106.26,66.01000213623047,178.89999389648438,6012603904.0,1997379000.0,yfinance,CRUS,fresh,2026-10-01
CRWD,"CrowdStrike Holdings, Inc.",264.75,66.00849356267368,1.4921204464369577,SPY,85.68,2.089985994397759,40.50749969482422,262.739990234375,5.535826747999161,-0.00765018588845949,271086747648.0,266910400512.0,4812005000.0,0.03,182483000.0,5230125000.0,820077000.0,1023934842.0,0.02380388151174668,4428390000.0,2928394000.0,3234927000.0,1612349000.0,1241490000.0,-370859000.0,8.41,8825.0,61.21564443240094,92.57181501123141,56.33550830641281,36.81384879595888,164.8598,7363716550.0,,0.76383,0.258,revenueGrowth,,,0.0,0.75185996,-0.02259,0.00834,0.18518626408243177,1.57,USD,USD,USD,1.0,1.0,264.75,85.68,40.50749969482422,262.739990234375,271086747648.0,4812005000.0,yfinance,CRWD,fresh,2026-10-01
CRWV,"CoreWeave, Inc.",87.12,48.93003792468837,3.2724752944028634,SPY,60.55,0.4388109000825765,35.415000915527344,183.5800018310547,1.4599745234456039,0.5254385056593749,48049868800.0,94123868160.0,5131000000.0,-3.55,2468000000.0,3127000000.0,29822000000.0,458871690.0,-0.06270006505507962,3335000000.0,1999000000.0,-8952000000.0,3058000000.0,-7251000000.0,-10309000000.0,,,14.40775676161919,24.036952876438217,9.364620697719742,1.8295252894733838,-48.072308,26263571800.0,0.03950617283950617,0.76738,1.125,revenueGrowth,3.059321568844742e-05,,0.0,0.67418,-0.01903,-0.25402,8.942128935532233,0.455,USD,USD,USD,1.0,1.0,87.12,60.55,35.415000915527344,183.5800018310547,48049868800.0,5131000000.0,yfinance,CRWV,fresh,2026-10-01
CSCO,"Cisco Systems, Inc.",107.63,42.435209137256805,1.043175787145312,SPY,66.81,0.6109863792845381,42.66243362426758,129.51548767089844,1.5228284196796749,0.16897969551340394,424340619264.0,439568203776.0,63325000000.0,3.33,20019000000.0,7218000000.0,29533000000.0,3942586873.0,-0.015755785327424915,50285000000.0,-16749000000.0,-2860000000.0,14177000000.0,12767000000.0,-1410000000.0,0.99,32.32132132132132,8.438711728427961,-25.33528086835035,6.700996751109357,5.435243406167277,19.14484,78072054470.0,0.17127865575613718,0.83376,0.176,revenueGrowth,0.018803290653247436,0.015700000000000002,0.4985,0.64524,0.27719,0.20951,0.5873123197772696,0.931,USD,USD,USD,1.0,1.0,107.63,66.81,42.66243362426758,129.51548767089844,424340619264.0,63325000000.0,yfinance,CSCO,fresh,2026-10-01
CSX,CSX Corporation,46.51,37.43684838795489,0.4277895816840136,SPY,33.63,0.38299137674695194,26.13779640197754,53.08467483520508,0.7794154979522733,0.12385259692397776,86158606336.0,104217985024.0,14092000000.0,1.73,6293000000.0,670000000.0,19352000000.0,1852474917.0,-0.03602676273803397,13155000000.0,12888000000.0,-583000000.0,4613000000.0,1711000000.0,-2902000000.0,1.69,26.884393063583815,6.549494970429494,6.685180504034761,6.11400839738859,5.396645659004654,20.451597,15965214650.0,0.23348368267444947,0.81498003,0.101,revenueGrowth,0.016202676196454487,0.011899999999999999,0.314,0.47070998,0.38424,0.22208999,1.4710756366400608,0.82,USD,USD,USD,1.0,1.0,46.51,33.63,26.13779640197754,53.08467483520508,86158606336.0,14092000000.0,yfinance,CSX,fresh,2026-10-01
CTM,"Castellum, Inc.",0.6275,48.97140528746014,2.2904023570729857,SPY,0.48,0.30729166666666663,0.13699999451637268,2.5799999237060547,3.580292154135877,0.7567829385441902,59475256.0,43569648.0,52866001.0,-0.03,-1315698.0,14884778.0,1221087.0,94781286.0,0.6814390054546895,35752797.0,19703716.0,19045866.0,-1948377.0,-2100118.0,-151741.0,,,1.6635133749116189,3.0184791538814304,1.1250190079631708,0.9908826856595443,62.75,60022500.0,,0.083730005,-0.011,revenueGrowth,,,0.0,0.35304,-0.07891,-0.041279998,0.03415360761844731,4.71,USD,USD,USD,1.0,1.0,0.6275,0.48,0.13699999451637268,2.5799999237060547,59475256.0,52866001.0,yfinance,CTM,fresh,2026-10-01
CTRA,CTRA,,,,SPY,,,,,,,,,,,,,,,,,,,,,,,,,,,,,,,,,,,,,,,,,,USD,USD,USD,1.0,1.0,,,,,,,yfinance,CTRA,unresolved,
CVS,CVS Health Corporation,85.69,35.758302256971405,0.15535837974571667,SPY,69.51,0.23277226298374323,41.025672912597656,109.91949462890625,1.0886921265753906,0.22042945803841482,109594976256.0,172139970560.0,402067000000.0,3.79,9861000000.0,8453000000.0,79950000000.0,1278970369.0,0.0071315372424722665,75214000000.0,-35772000000.0,-13978000000.0,10639000000.0,7807000000.0,-2832000000.0,0.2,22.609498680738785,1.4571087331613795,-3.063708382422006,0.2725788892299045,0.25493065874798443,10.047264,429901122110.0,0.19101123595505617,0.90813005,0.071,revenueGrowth,-0.0,0.0305,0.7018,0.13645001,0.03861,0.011849999,1.0629670008243146,0.866,USD,USD,USD,1.0,1.0,85.69,69.51,41.025672912597656,109.91949462890625,109594976256.0,402067000000.0,yfinance,CVS,fresh,2026-10-01
CVX,Chevron Corporation,204.21,48.01631883369504,-0.49363511013361216,SPY,146.49,0.3940200696293262,125.20362091064453,217.77000427246094,0.6310231167015596,0.062267548360312536,400579035136.0,434799017984.0,184432000000.0,10.28,41417000000.0,6293000000.0,40758000000.0,1961603274.0,0.021487920854430416,186450000000.0,181882000000.0,5165000000.0,33939000000.0,16592000000.0,-17347000000.0,0.89,19.8647859922179,2.148452856722982,2.2024116467599875,2.1719605878372517,1.8322355896226543,14.445401,218628563600.0,0.3676239679886542,0.71184,0.535,revenueGrowth,0.03015384965391181,0.0348,0.6718,0.44267,0.21866,0.09834,0.21860016090104586,1.252,USD,USD,USD,1.0,1.0,204.21,146.49,125.20362091064453,217.77000427246094,400579035136.0,184432000000.0,yfinance,CVX,fresh,2026-10-01
CWCO,Consolidated Water Co. Ltd.,28.02,40.43417533164364,0.5068923170605264,SPY,27.23,0.029012118986412015,22.322168350219727,38.08594512939453,0.2552543982459565,0.26429553199208095,448680480.0,323900352.0,132073368.0,1.02,29007646.0,123788390.0,3031711.0,16012865.0,0.004524420929216573,221650522.0,206663859.0,141934445.0,41713571.0,33172207.0,-8541364.0,2.35,27.470588235294116,2.02426989998246,2.171064075601143,3.3972063164164936,2.384062061636557,20.602942,188200000.0,0.10122208721151398,0.68427,-0.021,revenueGrowth,6.483232789623476e-05,0.02,0.549,0.35356998,0.11318,0.12662,0.013677887932066318,5.947,USD,USD,USD,1.0,1.0,28.02,27.23,22.322168350219727,38.08594512939453,448680480.0,132073368.0,yfinance,CWCO,fresh,2026-10-01
CYTK,"Cytokinetics, Incorporated",65.91,32.885013064291414,0.841595676290821,SPY,53.61,0.22943480693900387,26.8799991607666,108.05999755859375,1.45200900512678,0.3900610633989568,9163034624.0,9420411904.0,88039000.0,-7.22,-670962000.0,122518000.0,1284243000.0,139023418.0,0.07254931728270479,-659625000.0,-659625000.0,714523000.0,-510009000.0,-534816000.0,-24807000.0,,,-13.89127856585181,-13.89127856585181,104.07926741557719,21.56980361312972,-14.804982,424808440.0,,0.0125926,-0.571,revenueGrowth,,,0.0,0.0,-6.2595,0.0,-1.9469289368959637,6.661,USD,USD,USD,1.0,1.0,65.91,53.61,26.8799991607666,108.05999755859375,9163034624.0,88039000.0,yfinance,CYTK,fresh,2026-10-01
D,"Dominion Energy, Inc.",60.52,27.423078332372896,-0.07637360669806643,SPY,55.85,0.0836168307967771,34.32126235961914,70.9729995727539,0.7633384042192202,0.14728135538415013,53228912640.0,112542908416.0,16506000000.0,2.89,8317000000.0,250000000.0,48941000000.0,879525949.0,0.03169014084507042,29083000000.0,22267000000.0,-2373000000.0,5361000000.0,-7280000000.0,-12641000000.0,2.36,20.941176470588236,1.830241468899357,2.3904842430502535,3.2248220428934933,2.7415037425643445,15.866899,19415954760.0,0.14732761008031017,0.83042,0.176,revenueGrowth,-0.0,0.044000000000000004,0.9239,0.46222,0.29219,0.13984999,1.682804387442836,0.809,USD,USD,USD,1.0,1.0,60.52,55.85,34.32126235961914,70.9729995727539,53228912640.0,16506000000.0,yfinance,D,fresh,2026-10-01
DAT,ProShares Big Data Refiners ETF,50.9704,53.11596189565277,1.1352026869071767,SPY,31.875,0.5990713725490195,25.898000717163086,52.0099983215332,0.9681210359308148,0.019988432130035087,,,,2.1005204,,,,,,,,,,,,,24.265605799400944,,,,,,,,,,,,0.0,,,,,,,USD,USD,USD,1.0,1.0,50.9704,31.875,25.898000717163086,52.0099983215332,,,yfinance,DAT,fresh,2026-10-01
DD,"DuPont de Nemours, Inc.",129.89,44.98752030333266,1.1383092184446875,SPY,92.48536,0.40443849707672636,67.24327850341797,152.69178771972656,0.9316428777843974,0.14933211576237748,17540732928.0,19091732480.0,6849000000.0,2.33,1160000000.0,715000000.0,3194000000.0,135042975.0,-0.0033285734902180706,13919000000.0,3068000000.0,3270000000.0,560000000.0,172000000.0,-388000000.0,1.72,55.74678111587982,1.260200655794238,5.717318425032595,2.5610648164695577,2.3549343809111636,16.308088,7448501780.0,0.51,0.79923,0.04,revenueGrowth,0.0285050802638844,0.0184,1.3003999,0.35132,0.14239,0.00787,0.2294705079387887,2.427,USD,USD,USD,1.0,1.0,129.89,92.48536,67.24327850341797,152.69178771972656,17540732928.0,6849000000.0,yfinance,DD,fresh,2026-10-01
DDD,3D Systems Corporation,3.6,54.93608216571097,3.048774207474157,SPY,1.7,1.1176470588235294,1.3700000047683716,6.789999961853027,1.6277372171313669,0.469808538994816,598129280.0,617966272.0,386902000.0,-0.4,76265000.0,95635000.0,158456000.0,166147027.0,0.3310531544581036,240358000.0,208169000.0,226084000.0,-87828000.0,-97772000.0,-9944000.0,0.85,,2.488493330781584,2.8732869927799047,1.5459451747470936,1.457084742955038,-28.8,410497250.0,0.29986691401839005,0.75458,-0.003,revenueGrowth,0.02501131527953288,,0.0,0.33806,-0.11255,-0.1415,0.6592499521547026,3.398,USD,USD,USD,1.0,1.0,3.6,1.7,1.3700000047683716,6.789999961853027,598129280.0,386902000.0,yfinance,DDD,fresh,2026-10-01
DDOG,"Datadog, Inc.",273.85,67.07653354260904,1.1626984462927643,SPY,98.01,1.7941026425874913,79.23999786376953,288.1499938964844,2.4559566807511355,0.04962691028763829,98332696576.0,94625054720.0,3427158000.0,0.51,193836000.0,401305000.0,1279005000.0,334904614.0,0.013481635976310241,3732206000.0,3186670000.0,3790879000.0,1050135000.0,914717000.0,-135418000.0,1.36,536.9607843137255,26.34707102876958,30.85750848879865,28.692198193371883,17.951738585688723,92.10461,5477614110.0,0.15178592516198108,0.92814004,0.356,revenueGrowth,-0.0,,0.0,0.79536,0.00666,0.044770002,0.34269410638105186,3.205,USD,USD,USD,1.0,1.0,273.85,98.01,79.23999786376953,288.1499938964844,98332696576.0,3427158000.0,yfinance,DDOG,fresh,2026-10-01
DE,Deere & Company,671.55,53.749521055647435,0.48021416820927365,SPY,433.0,0.5509237875288683,335.8411865234375,709.47998046875,0.99960584629823,0.053461664194795026,181066940416.0,238755938304.0,44665000000.0,17.97,11656000000.0,8276000000.0,64250000000.0,269625412.0,-0.019487549621075424,25950000000.0,20400000000.0,42447000000.0,7459000000.0,3231000000.0,-4228000000.0,1.58,37.37061769616027,6.9775314225818885,8.87583041254902,4.053888736505093,4.051413729535794,29.39854,44692285830.0,0.2012146396036439,0.84462,0.049,revenueGrowth,0.0062849684066315645,0.95,0.36020002,0.25184,0.13372,0.10168,2.4759152215799616,2.132,USD,USD,USD,1.0,1.0,671.55,433.0,335.8411865234375,709.47998046875,181066940416.0,44665000000.0,yfinance,DE,fresh,2026-10-01
DECK,Deckers Outdoor Corporation,78.14,33.763383126124324,1.0613544119846843,SPY,77.2,0.012176165803108778,77.51000213623047,223.11000061035156,0.008127955701281709,0.649769173115342,10641250304.0,9529152512.0,5472296000.0,7.03,1404659000.0,1907249000.0,375194000.0,136181857.0,-0.04496626711207179,2499638000.0,2470005000.0,2046346000.0,1181955000.0,1097332000.0,-84623000.0,0.95,11.115220483641536,4.257116552076741,4.308189782611776,1.9445677470663136,1.68817107757128,9.385488,6303419390.0,0.22790638410803735,0.010145301,0.057,revenueGrowth,0.10182168157370693,,0.0,0.57804,0.15233,0.18361,0.15009933438361875,2.747,USD,USD,USD,1.0,1.0,78.14,77.2,77.51000213623047,223.11000061035156,10641250304.0,5472296000.0,yfinance,DECK,fresh,2026-10-01
DEO,Diageo plc,85.6,40.297437099813294,0.30721943796768725,SPY,72.45,0.18150448585231183,71.74566650390625,147.57205200195312,0.19310341894084201,0.4199443672514151,47585107968.0,880193437696.0,19643000000.0,3.14,6118000000.0,1520000000.0,22196000000.0,555900799.0,0.0013464991023339318,10871000000.0,-2504000000.0,6482000000.0,4392000000.0,3195000000.0,-1197000000.0,0.54,27.261146496815282,4.377252135774078,-19.00363736741214,2.4224969693020415,2.4548337115821885,11.911388,19384249020.0,0.23634945397815912,0.1015,-0.017,revenueGrowth,-0.0,0.023399999999999997,1.0652,0.59818,0.27039,0.08843,2.0417624873516695,1.604,USD,USD,USD,1.0,1.0,85.6,72.45,71.74566650390625,147.57205200195312,47585107968.0,19643000000.0,yfinance,DEO,fresh,2026-10-01
DFEN,Direxion Daily Aerospace & Defense Bull 3X Shares,47.09,26.222824361564662,3.0986465652800823,SPY,46.88,0.004479522184300359,8.150504112243652,97.3760757446289,4.777556743914969,0.5164109906883632,,,,1.8438655,,,,,,,,,,,,,25.538739132545192,,,,,,,,,,,,0.16,,,,,,,USD,USD,USD,1.0,1.0,47.09,46.88,8.150504112243652,97.3760757446289,,,yfinance,DFEN,fresh,2026-10-01
DGII,Digi International Inc.,76.23,57.888957853765866,1.363076792360115,SPY,34.41,1.2153443766346996,22.06999969482422,85.23999786376953,2.454010016043507,0.10570152615640953,2892785664.0,2982062848.0,430221000.0,1.26,90481000.0,21902000.0,171184000.0,37948123.0,0.020414233181916503,636077000.0,-107483000.0,22889000.0,107959000.0,105329000.0,-2630000.0,0.98,60.5,4.547854527046254,-26.913890233804416,6.723952721973125,5.000279441780197,24.339083,578524800.0,0.18256305467075346,0.010725499000000001,0.29,revenueGrowth,,,0.0,0.64914,0.16510001,0.096269995,0.2691246500030657,1.129,USD,USD,USD,1.0,1.0,76.23,34.41,22.06999969482422,85.23999786376953,2892785664.0,430221000.0,yfinance,DGII,fresh,2026-10-01
DGRO,iShares Core Dividend Growth ETF,75.39,34.003263434876615,0.4802784718942576,SPY,66.925,0.12648487112439302,44.34286880493164,79.64594268798828,0.7001606353356962,0.05343577518645072,,,,3.4969354,,,,,,,,,,,,,21.558876952659748,,,,,,,,,,,,0.0187,,,,,,,USD,USD,USD,1.0,1.0,75.39,66.925,44.34286880493164,79.64594268798828,,,yfinance,DGRO,fresh,2026-10-01
DGX,Quest Diagnostics Incorporated,233.07,41.98327944432674,-0.1298446015946841,SPY,171.18,0.36154924640729047,114.0074462890625,247.4499969482422,1.0443401513358865,0.058112738434383505,25724719104.0,31885719552.0,11035000000.0,9.42,2165000000.0,420000000.0,6585000000.0,110373360.0,0.0,7170000000.0,-3411000000.0,100000000.0,1886000000.0,1359000000.0,-527000000.0,1.51,24.74203821656051,3.587826932217573,-7.541694255057168,2.331193394109651,2.0462637683177824,19.329542,12571555780.0,0.23823975720789076,0.98887,0.102,revenueGrowth,0.017492902378476442,0.0148,0.2611,0.33192003,0.15248,0.09187,0.9184100418410042,1.591,USD,USD,USD,1.0,1.0,233.07,171.18,114.0074462890625,247.4499969482422,25724719104.0,11035000000.0,yfinance,DGX,fresh,2026-10-01
DHI,"D.R. Horton, Inc.",136.65,45.448799750906886,0.905580200000005,SPY,131.75,0.037191650853889986,97.5657730102539,192.56863403320312,0.40059362811217053,0.29038287732550205,38221176832.0,43917377536.0,34250400000.0,10.33,4525500000.0,2985400000.0,6031100000.0,279701267.0,-0.06544028950542823,24190400000.0,23999800000.0,32179800000.0,3420900000.0,3283500000.0,-137400000.0,1.17,13.228460793804453,1.5800142549110392,1.5925623060192169,1.1159337360147619,1.1090726346258069,11.749976,34462284650.0,0.2360809299774257,0.87904,0.0,revenueGrowth,0.11370136558332124,0.0129,0.1668,0.21298,0.1299,0.09154,0.2493179112375157,6.011,USD,USD,USD,1.0,1.0,136.65,131.75,97.5657730102539,192.56863403320312,38221176832.0,34250400000.0,yfinance,DHI,fresh,2026-10-01
DHR,Danaher Corporation,221.55,68.82162675874334,0.39035992487917526,SPY,160.93,0.3766855154414963,161.57479858398438,277.24249267578125,0.37119155921361924,0.20088007483365952,155746566144.0,179267567616.0,24568000000.0,5.61,6945000000.0,4615000000.0,19696000000.0,702986054.0,-0.0286218122626153,52534000000.0,-8434000000.0,5949000000.0,6416000000.0,5260000000.0,-1156000000.0,1.35,39.49197860962567,2.964681275821373,-18.466512466682477,6.339407609247802,5.472296363511749,23.81746,28460915820.0,0.14953933380581147,0.84403,0.055,revenueGrowth,0.019827082397084122,0.71,0.2567,0.58752996,0.19777,0.15948,0.3749191000114212,1.651,USD,USD,USD,1.0,1.0,221.55,160.93,161.57479858398438,277.24249267578125,155746566144.0,24568000000.0,yfinance,DHR,fresh,2026-10-01
DIA,State Street SPDR Dow Jones Industrial Average ETF Trust,508.55,39.535617405399485,0.820781817052554,SPY,450.44,0.12900719296687685,309.15142822265625,541.1130981445312,0.6449867397466249,0.06017798914162237,,,,24.62764,,,,,,,,,,,,,20.649562848896608,,,,,,,,,,,,0.0138,,,,,,,USD,USD,USD,1.0,1.0,508.55,450.44,309.15142822265625,541.1130981445312,,,yfinance,DIA,fresh,2026-10-01
DINO,HF Sinclair Corporation,107.32,52.575903455974405,-0.15578410661427927,SPY,45.71,1.3478451104791072,24.488679885864258,116.62000274658203,3.3824330466236745,0.07974620586136634,19079763968.0,20221763584.0,26869000000.0,10.49,1858000000.0,978000000.0,3232000000.0,177783849.0,-0.02919723230230173,9184000000.0,5905000000.0,2327000000.0,1315000000.0,794000000.0,-521000000.0,1.13,10.23069590085796,2.077500432055749,3.2311200623200675,0.7101032404629871,0.6115396669083126,9.075879,31199552540.0,0.1994535519125683,0.89614,0.532,revenueGrowth,0.018553688640683293,0.0199,0.1907,0.12892,0.11694,0.06132,0.3519163763066202,1.971,USD,USD,USD,1.0,1.0,107.32,45.71,24.488679885864258,116.62000274658203,19079763968.0,26869000000.0,yfinance,DINO,fresh,2026-10-01
DIS,The Walt Disney Company,104.9,50.58527832986715,0.6534950831302425,SPY,92.19,0.13786744766243636,76.90575408935547,122.23994445800781,0.36400717010223327,0.1418517043253768,181129445376.0,228795449344.0,94425000000.0,4.85,19141000000.0,5695000000.0,44877000000.0,1726686902.0,-0.010922992900054615,109869000000.0,27303000000.0,-9895000000.0,18101000000.0,10077000000.0,-8024000000.0,3.43,21.628865979381445,1.6485946479534719,6.634049202505219,1.918236117299444,1.706399854152023,14.013704,106147128960.0,,0.78573996,0.068,revenueGrowth,0.019323197245674096,0.014199999999999999,0.3093,0.37595,0.19301,0.086990006,0.4084591650055976,0.709,USD,USD,USD,1.0,1.0,104.9,92.19,76.90575408935547,122.23994445800781,181129445376.0,94425000000.0,yfinance,DIS,fresh,2026-10-01
DLR,"Digital Realty Trust, Inc.",175.53,38.681228779651775,0.7921554133195591,SPY,146.23,0.20036928126923348,105.19139099121094,201.1799774169922,0.6686726769747352,0.1274976652563523,66291310592.0,85963366400.0,6112692000.0,2.05,3677788000.0,3451647000.0,19655352000.0,370998727.0,0.04905186896578766,22925663000.0,10347322000.0,476860000.0,2412136000.0,,,11.4,85.62439024390245,2.891576596585233,6.406615218121172,10.844863538355932,8.387895341977854,63.549934,7903211460.0,0.023817931096003955,0.010496299,0.299,revenueGrowth,-0.0,0.0276,2.3805,0.56994,0.25882,0.11825,0.8573515191250958,0.89,USD,USD,USD,1.0,1.0,175.53,146.23,105.19139099121094,201.1799774169922,66291310592.0,6112692000.0,yfinance,DLR,fresh,2026-10-01
DLTR,"Dollar Tree, Inc.",114.02,38.673547966822376,0.8045332167692718,SPY,84.71,0.3460040136937788,61.209999084472656,150.02000427246094,0.8627675495084892,0.239968025911258,21393606656.0,28000677888.0,19411800000.0,8.16,2363100000.0,717800000.0,7055600000.0,187630299.0,-0.0444650301065308,3754900000.0,3331700000.0,217600000.0,2534000000.0,1400000000.0,-1134000000.0,1.14,13.973039215686274,5.697517019361368,6.42122839871537,1.1020928845341493,0.9750690619010853,14.410165,21940606560.0,0.24805154955507824,0.010771200000000002,0.07,revenueGrowth,0.07235806588814941,,0.0,0.3718,0.062090002,0.08035,1.879038056938933,1.134,USD,USD,USD,1.0,1.0,114.02,84.71,61.209999084472656,150.02000427246094,21393606656.0,19411800000.0,yfinance,DLTR,fresh,2026-10-01
DNA,"Ginkgo Bioworks Holdings, Inc.",12.83,77.38317710760182,2.936476762809677,SPY,5.37,1.3891992551210428,5.360000133514404,71.5999984741211,1.3936566567933504,0.8208100520471765,863975808.0,965925760.0,170155000.0,-5.33,-254610000.0,167202000.0,439885000.0,55383808.0,0.06865905744136692,508590000.0,451666000.0,375868000.0,-171059000.0,-178724000.0,-7665000.0,,,1.6987668023358697,1.9128643909437504,5.077581076077694,8.962404647302904,-4.4241376,96400000.0,0.0026690051020408162,0.7372,-0.485,revenueGrowth,-0.0,,0.0,0.68042,-2.84987,-2.19605,0.8649108319078236,4.572,USD,USD,USD,1.0,1.0,12.83,5.37,5.360000133514404,71.5999984741211,863975808.0,170155000.0,yfinance,DNA,fresh,2026-10-01
DOC,"Healthpeak Properties, Inc.",19.97,40.52018030977138,0.45387210018514534,SPY,15.7,0.2719745222929936,12.804917335510254,22.59394073486328,0.5595571198745446,0.1161347091087322,14157676544.0,24103016448.0,2822512000.0,0.35,1648337000.0,467457000.0,10144154000.0,689527260.0,0.029296115392179915,7500094000.0,6777049000.0,-506589000.0,1251959000.0,,,4.32,57.05714285714286,1.8876665471126095,2.0890621484365837,5.015984535761053,4.491742716985009,142.64285,3151933990.0,0.032652817154072894,0.97828,0.111,revenueGrowth,0.006861648498472717,0.060599999999999994,3.4857998,0.57648,0.1599,0.08248,1.352536914870667,2.286,USD,USD,USD,1.0,1.0,19.97,15.7,12.804917335510254,22.59394073486328,14157676544.0,2822512000.0,yfinance,DOC,fresh,2026-10-01
DOW,Dow Inc.,27.54,35.78883780988585,-0.0890792014267697,SPY,20.65,0.33365617433414047,19.605085372924805,51.80554962158203,0.40473757069344585,0.4683967219502885,19893264384.0,36600262656.0,39968000000.0,-1.83,1188000000.0,3816000000.0,19598000000.0,722340711.0,0.009218550560204226,16008000000.0,6544000000.0,8879000000.0,1032000000.0,-1447000000.0,-2479000000.0,38.89,,1.2427076701649176,3.03992426405868,0.4977297934347478,0.46472980909470646,15.707613,42806086450.0,0.026682596575069693,0.79501,0.197,revenueGrowth,-0.0,0.0507,7.0,0.09787,0.11594,-0.03129,1.224262868565717,1.749,USD,USD,USD,1.0,1.0,27.54,20.65,19.605085372924805,51.80554962158203,19893264384.0,39968000000.0,yfinance,DOW,fresh,2026-10-01
DOX,Amdocs Limited,57.18,39.09487595495497,0.2947852032324567,SPY,49.74,0.1495778045838359,49.31847381591797,90.5041732788086,0.1594032737798276,0.36820592986524076,5970449920.0,6889906176.0,4532913000.0,4.21,931113000.0,324999000.0,826402000.0,104415000.0,-0.037875069955658876,3429453000.0,382491000.0,233345000.0,749096000.0,645144000.0,-103952000.0,0.77,13.581947743467934,1.7409335891175648,15.60938667837936,1.3171331371239643,1.2312624016880642,7.122278,4849047540.0,0.18099451562369273,0.010469,0.027,revenueGrowth,0.09234479936815214,0.0398,0.5207,0.38275,0.17955999,0.09754,0.24097195675228675,0.936,USD,USD,USD,1.0,1.0,57.18,49.74,49.31847381591797,90.5041732788086,5970449920.0,4532913000.0,yfinance,DOX,fresh,2026-10-01
DRS,"Leonardo DRS, Inc.",36.63,37.59524102470291,0.9575190305658087,SPY,32.43,0.12950971322849222,15.9244966506958,49.59099197387695,1.3002296903619557,0.2613577881383057,9776236544.0,9778574336.0,3648000000.0,1.19,437000000.0,647000000.0,470000000.0,266891515.0,0.0037089189603074705,2730000000.0,1380000000.0,1095000000.0,366000000.0,227000000.0,-139000000.0,,30.78151260504202,3.581039027106227,7.084229379710145,2.679889403508772,2.3140583628087157,24.965921,4224714770.0,0.17261904761904762,0.28194,0.101,revenueGrowth,0.003580109773579554,0.98,0.3025,0.24874,0.111719996,0.085209996,0.17216117216117216,1.915,USD,USD,USD,1.0,1.0,36.63,32.43,15.9244966506958,49.59099197387695,9776236544.0,3648000000.0,yfinance,DRS,fresh,2026-10-01
DT,"Dynatrace, Inc.",57.74,65.29795622011804,0.5551251396572896,SPY,31.635,0.8251936146672989,32.36000061035156,62.41999816894531,0.7843015732678847,0.07497594210558091,16757815296.0,15737392128.0,2018387000.0,0.5,287971000.0,1097220000.0,164324000.0,290228871.0,0.00041172324292988846,2611390000.0,1238284000.0,554383000.0,561850000.0,529483000.0,-32367000.0,1.17,115.48,6.417201297393342,13.533095231788508,8.302577898093874,6.2962143520695895,25.141953,2661570010.0,0.45733767901761735,0.0108108,0.162,revenueGrowth,0.028566253508848796,,0.0,0.81597,0.12889,0.072230004,0.06292587472572078,1.208,USD,USD,USD,1.0,1.0,57.74,31.635,32.36000061035156,62.41999816894531,16757815296.0,2018387000.0,yfinance,DT,fresh,2026-10-01
DTCR,Global X Data Center & Digital Infrastructure ETF,27.14,42.37721971268987,1.4382961641901622,SPY,19.25,0.4098701298701299,11.542449951171875,32.34149932861328,1.351320570139838,0.16083049446045294,,,,1.4433075,,,,,,,,,,,,,18.80403171188399,,,,,,,,,,,,0.89,,,,,,,USD,USD,USD,1.0,1.0,27.14,19.25,11.542449951171875,32.34149932861328,,,yfinance,DTCR,fresh,2026-10-01
DUK,Duke Energy Corporation,114.01,31.146593345432876,-0.28934480676761953,SPY,112.4,0.014323843416370101,76.31893157958984,131.1634063720703,0.493862631988024,0.13077890279405643,88893849600.0,183511842816.0,32237000000.0,6.64,17050000000.0,245000000.0,90869000000.0,779702193.0,0.006476683937823834,51842000000.0,31859000000.0,-9434000000.0,12330000000.0,-1694000000.0,-14024000000.0,2.13,17.17018072289157,1.7147071795069635,2.790227238770834,2.7575099916245307,2.5193625008104568,15.897939,35284263210.0,0.11239495798319328,0.71159,0.011,revenueGrowth,-0.0,0.038,0.6416,0.51971,0.27503002,0.15995,1.7528066046834614,0.661,USD,USD,USD,1.0,1.0,114.01,112.4,76.31893157958984,131.1634063720703,88893849600.0,32237000000.0,yfinance,DUK,fresh,2026-10-01
DUOL,"Duolingo, Inc.",142.4,48.41778585399886,0.7189800076307601,SPY,87.89,0.6202070770281034,90.02999877929688,540.6799926757812,0.5816950120046657,0.7366279464211835,6634859520.0,5438845440.0,1037589000.0,8.46,149961000.0,1036389000.0,93779000.0,40237065.0,0.03765355171799893,1347006000.0,1283362000.0,885458000.0,387823000.0,360424000.0,-27399000.0,,16.832151300236404,4.925634718776308,5.169904921604348,6.394496780517141,4.851848800846578,18.64106,1367490990.0,,0.99749,0.183,revenueGrowth,-0.0,,0.0,0.72717005,0.11684,0.35875,0.06962032834300663,2.719,USD,USD,USD,1.0,1.0,142.4,87.89,90.02999877929688,540.6799926757812,6634859520.0,1037589000.0,yfinance,DUOL,fresh,2026-10-01
DVN,Devon Energy Corporation,46.04,44.92935746235958,-0.5387513831144017,SPY,31.47,0.4629806164601208,25.77204132080078,51.36956787109375,0.7864320263541102,0.10374951731086608,50644000768.0,61587001344.0,17188000000.0,4.6,7558000000.0,1434000000.0,8586000000.0,1100000000.0,-0.0015772870662460567,15528000000.0,14775000000.0,-80000000.0,6711000000.0,2797000000.0,-3914000000.0,2.92,10.008695652173914,3.261463212776919,3.427681947072758,2.946474329066791,1.8743396613278205,8.545533,27019649540.0,0.2264858626658973,0.94793,0.642,revenueGrowth,0.0207329591674648,0.0275,0.22610001,0.50349,0.41077,0.17464,0.5529366306027821,0.717,USD,USD,USD,1.0,1.0,46.04,31.47,25.77204132080078,51.36956787109375,50644000768.0,17188000000.0,yfinance,DVN,fresh,2026-10-01
DYN,"Dyne Therapeutics, Inc.",16.11,24.411120176474213,2.043357181740415,SPY,12.334,0.30614561375060806,6.619999885559082,47.040000915527344,1.433534785271292,0.6575255168695738,3008485120.0,2339624960.0,0.0,-3.26,-437973000.0,893369000.0,169199000.0,186746431.0,0.3643282257263149,972129000.0,972129000.0,1075962000.0,-403207000.0,-423917000.0,-20710000.0,,,3.0947385789334545,3.0947385789334545,,56.97744962106068,-4.8292093,52801330.0,,0.010364801,,,,,0.0,0.0,0.0,0.0,0.17404994604625518,0.1202,USD,USD,USD,1.0,1.0,16.11,12.334,6.619999885559082,47.040000915527344,3008485120.0,0.0,yfinance,DYN,fresh,2026-10-01
EAF,GrafTech International Ltd.,8.27,51.21377361332923,1.8559343737175882,SPY,4.92,0.6808943089430893,5.230000019073486,37.70000076293945,0.5812619445200423,0.7806366092138193,215782208.0,1269024256.0,504134000.0,-6.77,-13772000.0,138427000.0,1094706000.0,26092164.0,0.009246503783641467,-259628000.0,-286678000.0,356343000.0,-81616000.0,-120501000.0,-38885000.0,,,-0.8311207111713683,-0.7526988746956516,0.42802550115643856,0.3688322030121376,-1.9232558,585041670.0,,0.41452,-0.034,revenueGrowth,-0.0,,0.0,-0.0574,-0.11445,-0.34576,-4.216440445560571,4.134,USD,USD,USD,1.0,1.0,8.27,4.92,5.230000019073486,37.70000076293945,215782208.0,504134000.0,yfinance,EAF,fresh,2026-10-01
EH,EHang Holdings Limited,4.22,34.50889179978395,2.307293613489805,SPY,4.21,0.0023752969121139636,4.349999904632568,26.450000762939453,-0.02988503620290293,0.8404536908024263,320067392.0,-4904000.0,62357299.72220957,-0.69,-35745485.388189554,38251527.33922005,67527223.38996828,56332082.0,0.09152544895696116,159469931.21735752,157372363.0645126,114533188.62229586,-26779947.99748063,-50706546.88462615,-23926598.88714552,,,2.00707048380016,2.0338221131546,5.132797498061045,2.838944588321897,30.363138,112741683.4117189,0.015999448420013645,0.33229,-0.471,revenueGrowth,-0.0,,0.0,0.61479,-1.6914101,-0.91285,0.4234479997230868,1.842,USD,USD,CNY,1.0,0.14918692409992218,4.22,4.21,4.349999904632568,26.450000762939453,320067392.0,417981000.0,yfinance,EH,fresh,2026-10-01
EIDO,iShares MSCI Indonesia ETF,11.73,32.693068939601716,0.6613059061330182,SPY,10.72,0.09421641791044774,10.600454330444336,21.975940704345703,0.10655634507208124,0.4662344534957535,,,,1.3038067,,,,,,,,,,,,,8.996732414398545,,,,,,,,,,,,0.032,,,,,,,USD,USD,USD,1.0,1.0,11.73,10.72,10.600454330444336,21.975940704345703,,,yfinance,EIDO,fresh,2026-10-01
EIS,iShares MSCI Israel ETF,121.32,43.814799117213234,1.22323619602077,SPY,97.5,0.24430769230769223,42.87553405761719,136.87208557128906,1.8295857454968891,0.11362496236085226,,,,6.863292,,,,2550000.0,,,,,,,,,17.676648465488572,,,,,,,,,,,,0.0151,,,,,,,USD,USD,USD,1.0,1.0,121.32,97.5,42.87553405761719,136.87208557128906,,,yfinance,EIS,fresh,2026-10-01
EIX,Edison International,53.73,36.265063576776484,0.053615175470945596,SPY,51.1,0.05146771037181987,45.0745964050293,80.37999725341797,0.1920239843568506,0.3315501140090515,20676055040.0,65621053440.0,19317000000.0,9.69,10768000000.0,158000000.0,41549000000.0,384813979.0,-0.005154639175257732,17579000000.0,17082000000.0,-2850000000.0,5800000000.0,-715000000.0,-6515000000.0,2.38,5.544891640866873,1.1761792502417658,1.210400131132186,1.0703553885178858,1.0476153959967929,8.262467,19736303150.0,0.2154539385847797,0.95949996,-0.041,revenueGrowth,0.08202725310601611,0.0655,0.35709998,0.61005,0.26899,0.19281,2.3635587917401444,0.662,USD,USD,USD,1.0,1.0,53.73,51.1,45.0745964050293,80.37999725341797,20676055040.0,19317000000.0,yfinance,EIX,fresh,2026-10-01
EL,The Estée Lauder Companies Inc.,92.77,46.407461022947324,1.4112236709211134,SPY,66.22,0.40093627302929624,48.9189338684082,150.93360900878906,0.8964027353815813,0.3853588964761462,33564051456.0,39312052224.0,15049000000.0,0.5,1647000000.0,3498000000.0,9246000000.0,247291223.0,0.013051930019439044,3806000000.0,-1880000000.0,1381000000.0,1773000000.0,1316000000.0,-457000000.0,2.12,185.54,8.818720823962165,-17.85321885957447,2.2303177258289586,2.049883133082847,23.717426,16373641460.0,0.6479690522243714,0.95678,0.063,revenueGrowth,0.0020855646730182395,0.0148,2.8,0.75487,0.07003,0.01209,2.4293221229637414,1.222,USD,USD,USD,1.0,1.0,92.77,66.22,48.9189338684082,150.93360900878906,33564051456.0,15049000000.0,yfinance,EL,fresh,2026-10-01
ELV,"Elevance Health, Inc.",388.82,41.79655386686648,0.3095841013076217,SPY,274.84,0.41471401542715775,267.84332275390625,539.8101196289062,0.4516695656335133,0.2797096870520041,84323123200.0,77992116224.0,199125000000.0,22.62,8323999744.0,9491000000.0,32046000000.0,216869290.0,-0.035637612709317305,43882000000.0,4338000000.0,,4290000000.0,3174000000.0,-1116000000.0,1.28,17.18921308576481,1.9215879677316439,19.43824877823882,0.4234682897677338,0.4209315935314138,13.162687,200325004100.0,0.15633383010432192,0.94149,0.014,revenueGrowth,0.030893068249160865,0.0175,0.3034,0.2599,0.04559,0.02468,0.7302766510186409,1.518,USD,USD,USD,1.0,1.0,388.82,274.84,267.84332275390625,539.8101196289062,84323123200.0,199125000000.0,yfinance,ELV,fresh,2026-10-01
EMB,iShares J.P. Morgan USD Emerging Markets Bond ETF,90.84,25.032273145576013,0.3152398714622094,SPY,90.775,0.0007160561828697077,68.40823364257812,95.57737731933594,0.32791032837690565,0.04956588527751463,,,,,,,,,,,,,,,,,,,,,,,,,,,,,0.051399999999999994,,,,,,,USD,USD,USD,1.0,1.0,90.84,90.775,68.40823364257812,95.57737731933594,,,yfinance,EMB,fresh,2026-10-01
EMN,Eastman Chemical Company,64.84,40.25223966128863,0.9060219892419983,SPY,56.11,0.15558723935127436,53.68513870239258,104.03237915039062,0.20778303953809638,0.3767325083831216,7412937728.0,12264938496.0,8752000000.0,3.84,1300000000.0,566000000.0,4787000000.0,114326623.0,-0.019508057675996608,5961000000.0,1326000000.0,993000000.0,970000000.0,424000000.0,-546000000.0,0.51,16.885416666666668,1.2435728448246939,5.590450775263951,0.8469992833638026,0.7868135120745801,9.414579,9421467240.0,0.1637323943661972,0.95392,0.099,revenueGrowth,0.013489928510026734,0.051100000000000007,0.8724,0.19662,0.12893,0.04986,0.8030531789968126,1.498,USD,USD,USD,1.0,1.0,64.84,56.11,53.68513870239258,104.03237915039062,7412937728.0,8752000000.0,yfinance,EMN,fresh,2026-10-01
EMOTF,Emerita Resources Corp.,0.23309,37.63093119552843,2.0694546638752342,SPY,0.167,0.3957485029940118,0.1835000067949295,1.340000033378601,0.2702451845709728,0.826052243138905,69140080.0,73764584.0,0.0,-0.04,-7390607.921546459,19142041.560587645,5474627.994261503,296623968.0,0.0563225418585703,49686277.06779003,49686277.06779003,19618001.794285297,-3304169.8120508194,-12236612.480121374,-8932442.668070555,,,1.3915327144689862,1.3915327144689862,,,,0.0,-0.0,0.049390003,,,,,0.0,0.0,0.0,0.0,0.11018390423561285,8.159,USD,USD,CAD,1.0,0.7026913166046143,0.23309,0.167,0.1835000067949295,1.340000033378601,69140080.0,0.0,yfinance,EMOTF,fresh,2026-10-01
EMR,Emerson Electric Co.,155.1,57.77899017822353,1.5364767968240942,SPY,122.64,0.2646771037181996,80.39224243164062,163.82443237304688,0.9292906294022721,0.05325476943011989,86514786304.0,98151776256.0,18016000000.0,4.58,4839000000.0,1544000000.0,13759000000.0,557800000.0,-0.012717770034843206,20282000000.0,-7369000000.0,-1214000000.0,3098000000.0,2667000000.0,-431000000.0,1.81,33.8646288209607,4.265594433685041,-11.740369969330981,4.802108476021314,4.336191331492107,21.336863,19951791720.0,0.23721881390593047,0.84073997,0.07,revenueGrowth,0.013489023666998804,0.0141,0.4798,0.53161,0.26924,0.13828,0.6783847746770535,0.896,USD,USD,USD,1.0,1.0,155.1,122.64,80.39224243164062,163.82443237304688,86514786304.0,18016000000.0,yfinance,EMR,fresh,2026-10-01
ENPH,"Enphase Energy, Inc.",32.99,33.6428753412018,2.5149751072127917,SPY,25.78,0.2796741660201707,26.1200008392334,137.33999633789062,0.2630168047486262,0.759793207516648,4359452160.0,4035108864.0,1472985000.0,1.01,289980000.0,474318000.0,1212588000.0,132144648.0,-0.03655609839718865,1087023000.0,849975000.0,1344710000.0,136540000.0,95901000.0,-40639000.0,0.75,32.663366336633665,4.010450708034696,5.1289180975911055,2.959603906353425,3.5141309192454737,14.654147,1240549160.0,0.15956428759752753,0.96630996,-0.196,revenueGrowth,0.029810397093565078,,0.0,0.30037,0.17981,0.100880004,1.1155127352411127,3.451,USD,USD,USD,1.0,1.0,32.99,25.78,26.1200008392334,137.33999633789062,4359452160.0,1472985000.0,yfinance,ENPH,fresh,2026-10-01
ENVX,Enovix Corporation,2.9,35.63783655464185,3.7290764052710808,SPY,2.48,0.16935483870967738,2.555000066757202,18.309999465942383,0.13502932455131814,0.8416165983295542,636400768.0,690752960.0,31821000.0,-0.79,-101210000.0,106014000.0,540380000.0,219448535.0,0.18623237853000776,271214000.0,227359000.0,477194000.0,-95291000.0,-113514000.0,-18223000.0,,,2.346489370017772,2.7991008405209383,19.999395619245153,8.224071404082748,-4.587519,77382690.0,0.008308056661959612,0.51745,0.208,revenueGrowth,0.09174250399396124,,0.0,0.1883,-4.7978697,0.0,1.9924487673940137,9.705,USD,USD,USD,1.0,1.0,2.9,2.48,2.555000066757202,18.309999465942383,636400768.0,31821000.0,yfinance,ENVX,fresh,2026-10-01
EOG,"EOG Resources, Inc.",137.76,41.7372373833125,-0.5906451338037105,SPY,101.59,0.3560389802145879,99.30517578125,153.74000549316406,0.3872388716521533,0.10394175180301142,72259133440.0,75602141184.0,22582000000.0,12.85,11058000000.0,3396000000.0,8408000000.0,524529176.0,-0.040421792618629174,29833000000.0,29833000000.0,2965000000.0,10044000000.0,3450000000.0,-6594000000.0,1.31,10.720622568093384,2.4221209211276102,2.4221209211276102,3.1998553467363386,2.5821199539882147,9.231319,27984421610.0,0.2172272870166614,0.9814,0.587,revenueGrowth,0.035483403660369166,0.0292,0.314,0.62636,0.40717998,0.25733,0.2818355512352093,1.851,USD,USD,USD,1.0,1.0,137.76,101.59,99.30517578125,153.74000549316406,72259133440.0,22582000000.0,yfinance,EOG,fresh,2026-10-01
EOSE,"Eos Energy Enterprises, Inc.",3.065,37.03614367935212,4.066927237738179,SPY,3.01,0.01827242524916949,0.6449999809265137,19.190000534057617,3.751938125017096,0.8402814010056766,1108571648.0,2164730112.0,114203000.0,-6.29,-930297000.0,567992000.0,834408000.0,361687337.0,0.23012171183448954,-2238862000.0,-2244172000.0,564940000.0,-211190000.0,-265881000.0,-54691000.0,,,-0.495149610829073,-0.4939780230748802,9.707027381067046,1.9259358618116276,-17.660618,575601540.0,,0.64502,3.514,revenueGrowth,0.00044020609843343204,,0.0,-0.84749,-1.2185501,-2.46757,-0.37269291273870386,3.256,USD,USD,USD,1.0,1.0,3.065,3.01,0.6449999809265137,19.190000534057617,1108571648.0,114203000.0,yfinance,EOSE,fresh,2026-10-01
EPD,Enterprise Products Partners L.P.,35.61,28.06007922628973,-0.2280150546882664,SPY,30.01,0.18660446517827384,21.48672103881836,39.36000061035156,0.6573026631502419,0.0952744042733913,76898983936.0,111722979328.0,52596000000.0,2.89,9630000000.0,969000000.0,34772000000.0,2159477169.0,-0.0018248175182481751,0.0,19912000000.0,528000000.0,8585000000.0,2965000000.0,-5620000000.0,1.28,12.321799307958477,2.5423002,3.861941740458015,1.4620690534641418,1.1795762058389898,11.192165,65192044020.0,0.0038989659264282083,0.25643,0.608,revenueGrowth,0.0039012218971537804,0.061200000000000004,0.7578,0.13325,0.11763,0.107880004,1.09972,0.927,USD,USD,USD,1.0,1.0,35.61,30.01,21.48672103881836,39.36000061035156,76898983936.0,52596000000.0,yfinance,EPD,fresh,2026-10-01
EPI,WisdomTree India Earnings Fund,40.73,32.84746782385723,0.6881901844681488,SPY,39.41,0.03349403704643492,35.316898345947266,50.686378479003906,0.1532722834556026,0.1964310486914782,,,,2.3395624,,,,,,,,,,,,,17.40923858239472,,,,,,,,,,,,0.0,,,,,,,USD,USD,USD,1.0,1.0,40.73,39.41,35.316898345947266,50.686378479003906,,,yfinance,EPI,fresh,2026-10-01
EQIX,"Equinix, Inc.",1011.58,44.382267849451964,0.48387441754957894,SPY,720.62,0.403763425938775,640.2484130859375,1110.6331787109375,0.579980487767676,0.08918622332704311,99814309888.0,122216185856.0,9217000000.0,15.53,4101000000.0,1727000000.0,22726000000.0,98671686.0,0.02395984430275392,14156000000.0,6856000000.0,1232000000.0,3911000000.0,-400000000.0,-4311000000.0,2.86,65.13715389568577,7.051024999152303,14.558679971995332,10.829370715851145,8.757187791381778,54.327602,11397986690.0,0.10610079575596817,0.010071399000000002,0.167,revenueGrowth,,0.0203,1.2677,0.51979,0.27021998,0.15479,1.6053970048036168,1.129,USD,USD,USD,1.0,1.0,1011.58,720.62,640.2484130859375,1110.6331787109375,99814309888.0,9217000000.0,yfinance,EQIX,fresh,2026-10-01
EQNR,Equinor ASA,41.6,43.5003915378423,-0.9027609690829448,SPY,22.26,0.8688230008984725,19.843456268310547,45.75,1.0964089842773033,0.09071038251366118,98585559040.0,211021201408.0,105828000000.0,3.69,38393000000.0,5036000000.0,31220000000.0,2369845252.0,-0.07994340290060134,40424000000.0,35980000000.0,8161000000.0,19971000000.0,5977000000.0,-13994000000.0,1.08,11.273712737127372,2.438787825054423,2.740009978877154,0.9315640382507465,0.8320959190596401,9.3231735,118478599380.0,0.7983896683673469,0.06933,0.374,revenueGrowth,,0.0377,0.4065,0.40133998,0.36112,0.0797,0.7723134771422917,1.176,USD,USD,USD,1.0,1.0,41.6,22.26,19.843456268310547,45.75,98585559040.0,105828000000.0,yfinance,EQNR,fresh,2026-10-01
EQT,EQT Corporation,48.56,30.708141176229205,0.1517119418964497,SPY,47.94,0.012932832707551202,29.315349578857422,67.52731323242188,0.6564700983481381,0.2808835762077248,30375059456.0,39522430976.0,8353217000.0,4.31,6016627000.0,110795000.0,7858452000.0,625516000.0,0.1965125837312206,23752677000.0,21489729000.0,-589690000.0,5125952000.0,2837527000.0,-2288425000.0,1.43,11.266821345707658,1.278805730234112,1.4134687066551654,3.636330704206535,3.336766043878492,12.913451,9103143300.0,0.21893360362339137,0.95895,-0.039,revenueGrowth,-0.0,0.013500000000000002,0.1514,0.80748004,0.23372999,0.29176,0.33084489802980943,0.673,USD,USD,USD,1.0,1.0,48.56,47.94,29.315349578857422,67.52731323242188,30375059456.0,8353217000.0,yfinance,EQT,fresh,2026-10-01
ERII,"Energy Recovery, Inc.",6.67,31.723005965445097,1.5591429197292448,SPY,6.6,0.01060606060606065,6.71999979019165,20.84000015258789,-0.0074404452012973195,0.6799424207695255,340469312.0,255646320.0,134987000.0,0.26,27962000.0,48076000.0,9429000.0,51044875.0,-0.06336688457680467,206192000.0,193402000.0,163857000.0,18770000.0,17440000.0,-1330000.0,3.33,25.653846153846153,1.6512246449910764,1.7604229118623385,2.522237785860861,3.2457720080555785,19.910448,104896250.0,0.16789273419097664,0.97732,-0.572,revenueGrowth,0.10462910677835188,,0.0,0.65363,-0.41922,0.12722,0.045729223248234654,8.052,USD,USD,USD,1.0,1.0,6.67,6.6,6.71999979019165,20.84000015258789,340469312.0,134987000.0,yfinance,ERII,fresh,2026-10-01
ERJ,ERJ,,,,SPY,,,,,,,,,,,,,,,,,,,,,,,,,,,,,,,,,,,,,,,,,,USD,USD,USD,1.0,1.0,,,,,,,yfinance,ERJ,unresolved,
ESI,Element Solutions Inc,36.28,54.32623663944002,2.155327579430607,SPY,22.86,0.5870516185476816,16.999095916748047,48.97949981689453,1.134231148390415,0.25928194171787117,8841106432.0,10782406656.0,2551200000.0,0.74,470200000.0,626500000.0,1642400000.0,243690914.0,-0.0008244023083264633,2674500000.0,-224600000.0,1152600000.0,289800000.0,227600000.0,-62200000.0,,49.02702702702703,3.305704405309404,-39.36378642920748,3.46546975227344,2.194708656131823,17.204994,4028373610.0,0.2808734939759036,0.0105971,0.564,revenueGrowth,0.0028277003780334087,0.89,0.43240002,0.38591,0.118310004,0.05669,0.6140960927276127,2.907,USD,USD,USD,1.0,1.0,36.28,22.86,16.999095916748047,48.97949981689453,8841106432.0,2551200000.0,yfinance,ESI,fresh,2026-10-01
ESTC,Elastic N.V.,91.7,54.47846321714872,0.9322163636465707,SPY,42.05,1.1807372175980977,43.29999923706055,133.80999755859375,1.1177829472457312,0.3146999351835,9627700224.0,8762433536.0,1739331000.0,3.5,34675000.0,768725000.0,591563000.0,104991280.0,0.03433345066370894,1276500000.0,906999000.0,818342000.0,326894000.0,321802000.0,-5092000.0,1.37,26.2,7.542264178613396,10.614896184009023,5.535289271564757,4.185779815430839,23.185488,2300097150.0,160.82877009995653,0.8921,0.151,revenueGrowth,0.03532390831532396,,0.0,0.75586,-0.00606,0.20844,0.4634257735996866,1.81,USD,USD,USD,1.0,1.0,91.7,42.05,43.29999923706055,133.80999755859375,9627700224.0,1739331000.0,yfinance,ESTC,fresh,2026-10-01
ET,Energy Transfer LP,19.77,28.088266501315346,-0.0908939670747268,SPY,16.18,0.2218788627935723,10.586153984069824,21.729999542236328,0.8675337643633505,0.09019786394503608,68074033152.0,156097036288.0,85536000000.0,1.46,15214000000.0,1272000000.0,70093000000.0,3443299601.0,0.008448810150266035,0.0,21476000000.0,3278000000.0,10149000000.0,3846000000.0,-6303000000.0,0.61,13.54109589041096,2.1290114,3.169772450735705,0.7958524264870932,0.5526399056712317,11.335034,123179727800.0,0.0577748431825685,0.32521,0.784,revenueGrowth,0.007344944567682195,0.0683,0.91440004,0.17509001,0.1041,0.04921,1.3833000000000002,1.164,USD,USD,USD,1.0,1.0,19.77,16.18,10.586153984069824,21.729999542236328,68074033152.0,85536000000.0,yfinance,ET,fresh,2026-10-01
ETHD,Proshares UltraShort Ether ETF,25.01,30.731919729435447,-5.094618857382223,SPY,23.03,0.08597481545809815,23.260000228881836,575.3609008789062,0.07523644685717581,0.9565316309088863,,,,,,,,,,,,,,,,,,,,,,,,,,,,,0.1678,,,,,,,USD,USD,USD,1.0,1.0,25.01,23.03,23.260000228881836,575.3609008789062,,,yfinance,ETHD,fresh,2026-10-01
ETN,Eaton Corporation plc,429.71,55.511832210323426,1.7551648149068255,SPY,311.92,0.3776288791997947,186.8695068359375,459.9599914550781,1.2995190990537842,0.06576657104323932,166899367936.0,187575369728.0,27448000000.0,9.84,6179000000.0,622000000.0,10532000000.0,388400000.0,-0.020530796194291438,19425000000.0,-1398000000.0,2985000000.0,4472000000.0,3553000000.0,-919000000.0,2.63,43.66971544715447,8.591988053333333,-119.38438335908441,6.080565721946955,4.555090553084088,26.561264,36640186620.0,0.1705190592051906,0.87901,0.214,revenueGrowth,0.011156423316797767,0.0102,0.43580002,0.36022,0.16563,0.12752,0.5421879021879021,1.24,USD,USD,USD,1.0,1.0,429.71,311.92,186.8695068359375,459.9599914550781,166899367936.0,27448000000.0,yfinance,ETN,fresh,2026-10-01
EVEX,"Eve Holding, Inc.",1.93,35.16162668811137,2.8119250788399635,SPY,1.93,0.0,1.940000057220459,8.220000267028809,-0.005154668518302344,0.7652068202793848,672578624.0,586766592.0,0.0,-0.62,-212178000.0,103233000.0,179786000.0,348486333.0,0.11376523270161235,123758000.0,123758000.0,286105000.0,-160432000.0,-175167000.0,-14735000.0,,,5.434627450346644,5.434627450346644,,479.0787264050146,-3.4198027,1403900.0,,0.16725,,,,,0.0,0.0,0.0,0.0,1.4527222482586983,3.476,USD,USD,USD,1.0,1.0,1.93,1.93,1.940000057220459,8.220000267028809,672578624.0,0.0,yfinance,EVEX,fresh,2026-10-01
EVGO,"EVgo, Inc.",1.26,42.52782964495383,2.7709205794405007,SPY,1.23,0.024390243902439046,1.25,8.9399995803833,0.008000000000000007,0.8590603960692829,396289792.0,802342784.0,384086000.0,-0.4,-20405000.0,151000000.0,311210000.0,141715720.0,0.2343650507616605,-116904000.0,-180377000.0,161158000.0,-7728000.0,-124435000.0,-116707000.0,,,-3.3898736741257784,-2.1970084434268227,1.0317735923725415,0.7451161333737708,-2.8636363,531849700.0,0.051000825320433145,0.73364997,-0.157,revenueGrowth,,,0.0,0.39938,-0.45885,-0.13502,-2.6620988161226307,2.188,USD,USD,USD,1.0,1.0,1.26,1.23,1.25,8.9399995803833,396289792.0,384086000.0,yfinance,EVGO,fresh,2026-10-01
EW,Edwards Lifesciences Corporation,86.32,50.32520709522519,0.5553288806159301,SPY,72.3,0.19391424619640382,59.70000076293945,95.55999755859375,0.4458961289257754,0.09669315398347664,49754849280.0,46313447424.0,6067600000.0,1.68,1449900000.0,2938000000.0,705400000.0,576400000.0,-0.0225262806607709,10337600000.0,7440800000.0,4925200000.0,1595200000.0,1335000000.0,-260200000.0,1.88,51.38095238095238,4.812998111747407,6.686760735404795,8.200087230535962,6.697510884851085,25.56009,7428856800.0,0.17039830308743814,0.95707,0.136,revenueGrowth,0.017956038716393435,,0.0,0.77839,0.29839,0.15431,0.06823634112366507,4.522,USD,USD,USD,1.0,1.0,86.32,72.3,59.70000076293945,95.55999755859375,49754849280.0,6067600000.0,yfinance,EW,fresh,2026-10-01
EWC,iShares MSCI Canada ETF,58.38,35.92056928840768,0.7601771312973344,SPY,49.31,0.1839383492192253,29.7595272064209,62.63999938964844,0.9617247140742198,0.06800765375410302,,,,3.1525877,,,,,,,,,,,,,18.518120844029177,,,,,,,,,,,,0.012199999999999999,,,,,,,USD,USD,USD,1.0,1.0,58.38,49.31,29.7595272064209,62.63999938964844,,,yfinance,EWC,fresh,2026-10-01
EWJ,iShares MSCI Japan ETF,97.46,49.09133781194256,1.1992772653014478,SPY,78.21,0.24613220815752462,52.56150436401367,98.77999877929688,0.8542087251735161,0.013363016760570536,,,,5.018359,,,,,,,,,,,,,19.420691106395534,,,,,,,,,,,,0.037200000000000004,,,,,,,USD,USD,USD,1.0,1.0,97.46,78.21,52.56150436401367,98.77999877929688,,,yfinance,EWJ,fresh,2026-10-01
EWM,iShares MSCI Malaysia ETF,27.38,38.920223765718504,0.6019512233152211,SPY,25.32,0.0813586097946287,18.253454208374023,29.8018741607666,0.49999006694519477,0.08126583407814457,,,,3.5811145,,,,14925000.0,,286933125.0,,,,,,,7.645664499138467,1.4241872,,,,,,,,,,,0.035,,,,,,,USD,USD,USD,1.0,1.0,27.38,25.32,18.253454208374023,29.8018741607666,,,yfinance,EWM,fresh,2026-10-01
EWT,iShares MSCI Taiwan ETF,112.9,60.1337303518995,1.8614178683244986,SPY,59.96,0.8829219479653103,35.754425048828125,115.63999938964844,2.1576511115985735,0.023694218299119985,,,,3.9625406,,,,,,,,,,,,,28.491821635846456,,,,,,,,,,,,0.92,,,,,,,USD,USD,USD,1.0,1.0,112.9,59.96,35.754425048828125,115.63999938964844,,,yfinance,EWT,fresh,2026-10-01
EWTX,"Edgewise Therapeutics, Inc.",40.6,36.872446931010785,1.3292627063946256,SPY,14.25,1.849122807017544,5.510000228881836,48.349998474121094,6.368420746552148,0.16028952882530514,4409327616.0,3952208640.0,0.0,-1.85,-189140000.0,61148000.0,3990000.0,108604129.0,0.08666408035517158,522257000.0,522257000.0,516015000.0,-143816000.0,-144072000.0,-256000.0,,,8.442831050613012,8.442831050613012,,103.19703589768314,-22.355103,42727270.0,,0.0111684,,,,,0.0,0.0,0.0,0.0,0.007639916745969896,0.16236,USD,USD,USD,1.0,1.0,40.6,14.25,5.510000228881836,48.349998474121094,4409327616.0,0.0,yfinance,EWTX,fresh,2026-10-01
EWW,iShares MSCI Mexico ETF,71.09,36.6879769645304,0.950537864138397,SPY,64.18,0.10766593954502954,44.34579849243164,80.0519790649414,0.6030830973115235,0.11195199880906233,,,,6.050139,,,,18900000.0,,968436000.0,,,,,,,11.750143261171356,1.3873925,,,,,,,,,,,0.0321,,,,,,,USD,USD,USD,1.0,1.0,71.09,64.18,44.34579849243164,80.0519790649414,,,yfinance,EWW,fresh,2026-10-01
EWY,iShares MSCI South Korea ETF,182.78,54.147932284197964,2.8190814188159496,SPY,80.63,1.2668981768572494,47.84537124633789,219.1999969482422,2.8202232575212816,0.16614962342742062,,,,17.378836,,,,,,,,,,,,,10.517390232579443,,,,,,,,,,,,0.011200000000000002,,,,,,,USD,USD,USD,1.0,1.0,182.78,80.63,47.84537124633789,219.1999969482422,,,yfinance,EWY,fresh,2026-10-01
EWZ,iShares MSCI Brazil ETF,37.25,45.55763855594693,0.9576456322628869,SPY,28.66,0.2997208653175157,21.045246124267578,41.33647918701172,0.769995930674647,0.0988589078553097,,,,3.438343,,,,200550000.0,,7336520100.0,,,,,,,10.83370681749901,1.0182604,,,,,,,,,,,0.0407,,,,,,,USD,USD,USD,1.0,1.0,37.25,28.66,21.045246124267578,41.33647918701172,,,yfinance,EWZ,fresh,2026-10-01
EXEL,"Exelixis, Inc.",58.41,57.94759163656881,0.571619753808905,SPY,33.76,0.730154028436019,19.25,59.130001068115234,2.0342857142857143,0.01217657796565617,14472929280.0,13801950208.0,2320126000.0,3.18,921756000.0,482488000.0,173038000.0,247781692.0,-0.04818459335701646,2161319000.0,2097635000.0,,884267000.0,844339000.0,-39928000.0,2.56,18.367924528301884,6.696341113921638,6.899641396143752,6.237992798666969,4.98027351611358,13.727379,2906051090.0,0.1685454618861333,0.010688701,0.106,revenueGrowth,0.06546781108848201,,0.0,0.96483004,0.39513,0.35331002,0.08006129590310361,3.456,USD,USD,USD,1.0,1.0,58.41,33.76,19.25,59.130001068115234,14472929280.0,2320126000.0,yfinance,EXEL,fresh,2026-10-01
EXPI,EXPI,,,,SPY,,,,,,,,,,,,,,,,,,,,,,,,,,,,,,,,,,,,,,,,,,USD,USD,USD,1.0,1.0,,,,,,,yfinance,EXPI,unresolved,
EZA,iShares MSCI South Africa ETF,63.98,37.22483263281272,1.6225466584133659,SPY,60.27,0.061556329849012666,30.64179229736328,79.8501205444336,1.087997966277758,0.19874886144476728,,,,7.5724044,,,,7900000.0,,363494800.0,,,,,,,8.449099733764879,1.3905067,,,,,,,,,,,0.07150000000000001,,,,,,,USD,USD,USD,1.0,1.0,63.98,60.27,30.64179229736328,79.8501205444336,,,yfinance,EZA,fresh,2026-10-01
F,Ford Motor Company,12.06,31.33468192033058,1.1745353430252776,SPY,11.11,0.0855085508550856,8.075042724609375,17.253143310546875,0.4934905499937643,0.3009969381853043,48090406912.0,189302407168.0,187267000000.0,-1.87,3638000000.0,23356000000.0,165738000000.0,3916743591.0,-0.010445162894802289,35952000000.0,35952000000.0,8597000000.0,21282000000.0,12467000000.0,-8815000000.0,8.48,,1.3376281406319537,1.3376281406319537,0.2568012885986319,0.2660905884824506,6.1716394,180729454530.0,0.31005917159763313,0.67916,-0.038,revenueGrowth,-0.0,0.048799999999999996,0.641,0.07115,0.018819999,-0.03935,4.6099799732977305,1.089,USD,USD,USD,1.0,1.0,12.06,11.11,8.075042724609375,17.253143310546875,48090406912.0,187267000000.0,yfinance,F,fresh,2026-10-01
FANG,"Diamondback Energy, Inc.",183.81,36.61329307032112,-0.37076776099165915,SPY,137.03,0.341385098153689,114.81498718261719,211.52999877929688,0.6009234030366077,0.1310452367950844,51470434304.0,69680275456.0,14929000000.0,5.25,7177000000.0,104000000.0,14879000000.0,280019792.0,0.3537146737221663,36972000000.0,36972000000.0,-2685000000.0,8758000000.0,-703000000.0,-9461000000.0,20.39,35.011428571428574,1.392146335172563,1.392146335172563,3.44768131180923,2.944721285074313,9.796705,17478881470.0,0.1744930629669157,0.73379,0.525,revenueGrowth,0.03905154536152406,0.0239,0.79050004,0.72353995,0.48466998,0.09029,0.4024396840852537,0.467,USD,USD,USD,1.0,1.0,183.81,137.03,114.81498718261719,211.52999877929688,51470434304.0,14929000000.0,yfinance,FANG,fresh,2026-10-01
FANUY,Fanuc Corporation,18.91,48.15163635323811,1.8516536857289083,SPY,14.03,0.3478260869565218,10.90999984741211,26.610000610351562,0.7332722515560364,0.2893649167131617,35142373376.0,-709708611584.0,5435433565.330691,0.57,1467127516.8238208,4549878957.149572,0.0,1858401596.0,-0.005169926726926943,11816292985.928246,11762168719.592505,6701023908.267729,1589740333.2442045,1455532175.2885356,-134208157.95566887,2.54,33.17543859649123,2.9740607665915406,2.9877460707958194,6.465422298627973,5.358121458111857,28.223879,6558711602.701105,0.2553487043101743,0.0023,0.177,revenueGrowth,9.970719484184875e-05,0.0176,0.585,0.38426,0.23153,0.20131999,0.0,7.342,USD,USD,JPY,1.0,0.0063362522050738335,18.91,14.03,10.90999984741211,26.610000610351562,35142373376.0,857831000000.0,yfinance,FANUY,fresh,2026-10-01
FAST,Fastenal Company,49.53,51.53454322133703,0.4968293972618473,SPY,38.97,0.2709776751347191,25.21368980407715,52.380001068115234,0.9644090327466,0.0544100994654253,56835555328.0,57072353280.0,8200500000.0,1.17,1840400000.0,276800000.0,441900000.0,1147497573.0,0.0014800626850078357,3943600000.0,3943600000.0,2756500000.0,1295900000.0,1050600000.0,-245300000.0,3.32,42.333333333333336,14.412099434019677,14.412099434019677,6.930742677641607,5.59683125016143,35.30821,10154952470.0,0.23963746223564955,0.87535006,0.147,revenueGrowth,-0.0,0.0192,0.78629994,0.44701,0.21023001,0.15454,0.11205497514960949,4.18,USD,USD,USD,1.0,1.0,49.53,38.97,25.21368980407715,52.380001068115234,56835555328.0,8200500000.0,yfinance,FAST,fresh,2026-10-01
FATE,"Fate Therapeutics, Inc.",2.37,45.32102984844855,1.8161974499876952,SPY,0.95,1.4947368421052634,0.6800000071525574,8.350000381469727,2.485294080987109,0.7161676776375375,283974592.0,207080816.0,6646000.0,-1.05,-134803000.0,46628000.0,77849000.0,119820514.0,0.04490292520721501,207184000.0,207181000.0,172633000.0,-106084000.0,-112037000.0,-5953000.0,,,1.3706395860684222,1.37065943305612,42.72864760758351,59.5766723870984,-2.4496124,4766540.0,,0.69045997,0.092,revenueGrowth,,,0.0,0.0,-0.14953891,0.0,0.3757481272685149,4.846,USD,USD,USD,1.0,1.0,2.37,0.95,0.6800000071525574,8.350000381469727,283974592.0,6646000.0,yfinance,FATE,fresh,2026-10-01
FBTC,Fidelity Wise Origin Bitcoin Fund,72.64,62.899448214143284,1.7436979132457788,SPY,50.48,0.4389857369255152,34.34000015258789,109.44000244140625,1.1153174046950547,0.33625732474840564,,,,,,,,,,,,,,,,,,,,,,,,,,,,,0.0,,,,,,,USD,USD,USD,1.0,1.0,72.64,50.48,34.34000015258789,109.44000244140625,,,yfinance,FBTC,fresh,2026-10-01
FCEL,"FuelCell Energy, Inc.",16.42,47.67702899395791,3.497144415984362,SPY,5.71,1.875656742556918,3.7300000190734863,53.400001525878906,3.402144749607441,0.6925093720822746,1312847872.0,887837376.0,158162000.0,-2.76,-140457000.0,278099000.0,143960000.0,79954196.0,0.5597001609850728,722036000.0,658288000.0,381971000.0,-125291000.0,-147831000.0,-22540000.0,0.36,,1.8182581921123047,1.9943366307755876,8.300652950771994,5.403978661813252,-16.92016,242940980.0,,0.57132,-0.294,revenueGrowth,-0.0,,0.0,-0.32387,-1.4139,-1.13602,0.19938064030048364,8.673,USD,USD,USD,1.0,1.0,16.42,5.71,3.7300000190734863,53.400001525878906,1312847872.0,158162000.0,yfinance,FCEL,fresh,2026-10-01
FCX,Freeport-McMoRan Inc.,70.0,47.207277966889514,2.1507585849356876,SPY,38.19,0.8329405603561143,28.617403030395508,79.91000366210938,1.4460640235471627,0.12401455647546622,100521230336.0,118913228800.0,25915000000.0,2.04,8985000000.0,3824000000.0,10492000000.0,1436017523.0,-0.001384083044982699,18899000000.0,18467000000.0,7771000000.0,5610000000.0,1116000000.0,-4494000000.0,4.42,34.31372549019608,5.31886503709191,5.4432896700059565,3.878882127570905,2.842380342529304,16.838459,35365158150.0,0.348556183301946,0.89422,-0.073,revenueGrowth,0.0010644517545432364,0.85,0.2941,0.38275,0.33404,0.113850005,0.5551616487644849,2.066,USD,USD,USD,1.0,1.0,70.0,38.19,28.617403030395508,79.91000366210938,100521230336.0,25915000000.0,yfinance,FCX,fresh,2026-10-01
FERG,Ferguson Enterprises Inc.,222.62,48.81672901911522,1.1749601830090692,SPY,212.13,0.04945080846650643,143.080322265625,265.6917419433594,0.5559092716237499,0.16211170745585868,43066441728.0,49516445696.0,30762000000.0,10.16,2986000000.0,674000000.0,5966000000.0,193452717.0,-0.009036144578313253,5832000000.0,2642000000.0,4118000000.0,1908000000.0,1603000000.0,-305000000.0,1.4,21.911417322834644,7.384506469135802,16.300697096139288,1.3999883534230544,1.2369278207077377,17.761076,34817263390.0,0.23400742880726372,0.99100995,0.046,revenueGrowth,0.022012498872960057,0.0159,0.3327,0.30633,0.10159001,0.063200004,1.0229766803840878,1.729,USD,USD,USD,1.0,1.0,222.62,212.13,143.080322265625,265.6917419433594,43066441728.0,30762000000.0,yfinance,FERG,fresh,2026-10-01
FETH,Fidelity Ethereum Fund,26.57,65.45942442993329,2.557541649479531,SPY,15.22,0.7457293035479632,14.630000114440918,48.400001525878906,0.8161312229774624,0.4510330751582035,,,,,,,,,,,,,,,,,,,,,,,,,,,,,0.0,,,,,,,USD,USD,USD,1.0,1.0,26.57,15.22,14.630000114440918,48.400001525878906,,,yfinance,FETH,fresh,2026-10-01
FICO,Fair Isaac Corporation,592.47,16.5255198738748,0.4311735330591722,SPY,586.0497,0.010955214207941745,617.8699951171875,2382.39990234375,-0.04110896356501341,0.7513137910150426,12795951104.0,18145517568.0,1990869000.0,34.54,951194000.0,134136000.0,3074878000.0,21597635.0,-0.02065473104988237,-1745784000.0,-2529124000.0,-144050000.0,778807000.0,739400000.0,-39407000.0,0.49,17.153155761436018,-7.329630185635795,-5.05943998949834,6.427319479081747,4.474384280794353,11.383887,2859823900.0,0.18770239037123332,0.010237000000000001,0.257,revenueGrowth,0.1105429356914179,,0.0,0.851,0.53787,0.3405,-1.7613164056950916,1.183,USD,USD,USD,1.0,1.0,592.47,586.0497,617.8699951171875,2382.39990234375,12795951104.0,1990869000.0,yfinance,FICO,fresh,2026-10-01
FIG,"Figma, Inc.",21.02,36.1996302233512,1.2943345217405557,SPY,16.6,0.26626506024096375,16.84000015258789,122.0,0.24821851600575826,0.8277049180327869,11203867648.0,9604480000.0,1055788000.0,-4.35,-1274863000.0,403469000.0,58475000.0,455113611.0,-0.30857224051053794,1510641000.0,1390162000.0,1228594000.0,250681000.0,237440000.0,-13241000.0,7.95,,7.4166315147013755,8.05939714076489,10.611853561510454,6.161407661809735,60.057144,1818394150.0,,0.88352996,0.482,revenueGrowth,-0.0,,0.0,0.79139,-0.31693,-1.23149,0.038708733577335716,2.451,USD,USD,USD,1.0,1.0,21.02,16.6,16.84000015258789,122.0,11203867648.0,1055788000.0,yfinance,FIG,fresh,2026-10-01
FIP,FTAI Infrastructure Inc.,2.76,33.6376760941539,2.025504247030392,SPY,2.75,0.0036363636363635587,2.6789777278900146,9.79487419128418,0.030243727398883216,0.7182199642282344,326181600.0,4153145856.0,502520000.0,-5.2,243031000.0,57351000.0,3854281000.0,118181737.0,0.06465696409791688,1111544000.0,-387552000.0,74014000.0,-118008000.0,-399258000.0,-281250000.0,,,0.2934491122258768,-0.8416460242754521,0.6490917774416939,0.39249465057492217,-2.090909,831047250.0,0.021355199134979276,0.89853996,0.527,revenueGrowth,1.3707732134491952,0.0425,0.0,0.39953,0.12086,-0.83348,3.4675019612359024,0.276,USD,USD,USD,1.0,1.0,2.76,2.75,2.6789777278900146,9.79487419128418,326181600.0,502520000.0,yfinance,FIP,fresh,2026-10-01
FIS,"Fidelity National Information Services, Inc.",32.9,24.969742493684706,0.3629421910303024,SPY,32.745,0.004733547106428497,33.349998474121094,85.816162109375,-0.013493208237184317,0.6166223332375542,16966725632.0,37481725952.0,10677000000.0,6.51,3450000000.0,599000000.0,13331000000.0,515705917.0,-0.05405405405405406,13899000000.0,-7698000000.0,-3128000000.0,2816000000.0,1827000000.0,-989000000.0,0.18,5.053763440860215,1.2207155645729908,-2.204043340088335,1.5890910960007494,1.190101805796897,4.9109025,14256532970.0,0.22534013605442177,0.0101467,0.291,revenueGrowth,0.08398792029219748,0.0528,0.2581,0.35836,0.20669001,0.27648002,0.9591337506295416,0.535,USD,USD,USD,1.0,1.0,32.9,32.745,33.349998474121094,85.816162109375,16966725632.0,10677000000.0,yfinance,FIS,fresh,2026-10-01
FISV,"Fiserv, Inc.",45.18,31.604052015970453,0.6318416822101305,SPY,44.82,0.008032128514056212,45.36000061035156,237.7899932861328,-0.003968267370580348,0.8100004151745995,24025221120.0,52350221120.0,21193000000.0,5.22,8956000000.0,798000000.0,29123000000.0,531766721.0,-0.05686308194468304,25792000000.0,-22072000000.0,764000000.0,6062000000.0,4299000000.0,-1763000000.0,,8.655172413793103,0.9314989578163771,-1.0884931641899238,1.133639462086538,1.1851158915619182,5.6305733,20272465580.0,0.1901969981238274,,,,0.2455336402747747,,,,,,1.1291485732009925,1.03197990791126,USD,USD,USD,1.0,1.0,45.18,44.82,45.36000061035156,237.7899932861328,24025221120.0,21193000000.0,yfinance,FISV,fresh,2026-10-01
FLAU,Franklin FTSE Australia ETF,33.8893,39.051979667206574,0.9348375659859529,SPY,29.996,0.12979397252967062,21.756139755249023,36.39400100708008,0.5576890193410186,0.06882180957770528,,,,1.7227182,,,,,,,,,,,,,19.671992784426376,,,,,,,,,,,,0.0296,,,,,,,USD,USD,USD,1.0,1.0,33.8893,29.996,21.756139755249023,36.39400100708008,,,yfinance,FLAU,fresh,2026-10-01
FLNC,"Fluence Energy, Inc.",7.68,34.44991994113603,4.087819713538771,SPY,7.01,0.0955777460770328,3.609999895095825,32.22999954223633,1.1274238845361901,0.7617126866559332,1495010176.0,1232779008.0,2262830000.0,-0.6,-16994000.0,690768000.0,390804000.0,143163588.0,-0.2919429404537941,429595000.0,337608000.0,693887000.0,-145538000.0,-175337000.0,-29799000.0,3.18,,3.4800455685005645,4.4282427430629605,0.6606816137314778,0.457196764490369,-28.835323,3269949160.0,,0.84602,0.079,revenueGrowth,0.0005036755014034099,,0.0,0.09364,-0.08851,-0.03073,0.9097033252249211,1.341,USD,USD,USD,1.0,1.0,7.68,7.01,3.609999895095825,32.22999954223633,1495010176.0,2262830000.0,yfinance,FLNC,fresh,2026-10-01
FLO,"Flowers Foods, Inc.",5.55,28.03374720252789,0.06554060895434004,SPY,5.5,0.00909090909090906,5.650000095367432,21.665510177612305,-0.01769913162469223,0.7438324805415845,1176918784.0,3131935744.0,5256479000.0,0.26,359160000.0,12100000.0,2083842000.0,212057418.0,-0.00014141804588544196,1303487000.0,-728950000.0,-247063000.0,446203000.0,319090000.0,-127113000.0,6.1,21.346153846153843,0.9029002851581949,-1.6145397955964058,0.22389869416390706,0.23232698649653763,7.768866,5065785950.0,0.27151771126638163,0.0105644,,,0.004672369984027717,0.08800000000000001,3.3365,0.48629,0.062529996,0.01056,1.598667267107382,0.772,USD,USD,USD,1.0,1.0,5.55,5.5,5.650000095367432,21.665510177612305,1176918784.0,5256479000.0,yfinance,FLO,fresh,2026-10-01
FLSA,Franklin FTSE Saudi Arabia ETF,31.4623,29.597661913794028,0.47691151572821805,SPY,30.88,0.018856865284974097,28.64027214050293,35.51642608642578,0.09853355602393776,0.11414791782710511,,,,2.1982837,,,,,,,,,,,,,14.312210930736555,,,,,,,,,,,,0.0297,,,,,,,USD,USD,USD,1.0,1.0,31.4623,30.88,28.64027214050293,35.51642608642578,,,yfinance,FLSA,fresh,2026-10-01
FMET,Fidelity Metaverse ETF,38.7878,48.721459307495074,1.4719452037284853,SPY,30.14,0.28692103516921025,22.46631622314453,39.9513053894043,0.7264868710448075,0.029123088171053337,,,,1.7646253,,,,,,,,,,,,,21.98075704796933,,,,,,,,,,,,0.49,,,,,,,USD,USD,USD,1.0,1.0,38.7878,30.14,22.46631622314453,39.9513053894043,,,yfinance,FMET,fresh,2026-10-01
FOUR,"Shift4 Payments, Inc.",36.17,34.55266156134647,1.4014888704371535,SPY,34.56,0.046585648148148126,35.630001068115234,125.66000366210938,0.01515573717925045,0.7121598046641913,2855987456.0,8194987520.0,4180000000.0,0.64,817000000.0,964000000.0,4616000000.0,78960120.0,-0.02806757868482233,1442000000.0,-5245000000.0,867000000.0,634000000.0,373000000.0,-261000000.0,0.27,56.515625,1.9805738252427185,-0.544516197521449,0.6832505875598086,0.4893629053505974,5.8294044,5836133930.0,0.24615384615384617,0.92043996,0.341,revenueGrowth,0.15861414203634375,,0.0,0.35904998,0.0749,0.021960001,3.201109570041609,1.211,USD,USD,USD,1.0,1.0,36.17,34.56,35.630001068115234,125.66000366210938,2855987456.0,4180000000.0,yfinance,FOUR,fresh,2026-10-01
FROG,JFrog Ltd.,97.04,49.05702559669236,1.3202675814547826,SPY,34.05,1.8499265785609402,21.450000762939453,104.02999877929688,3.524009163098132,0.0671921451631119,11965159424.0,11163873280.0,531840000.0,-0.38,-65425000.0,75840000.0,12456000.0,123301311.0,0.059348533608044415,887447000.0,476027000.0,465489000.0,145729000.0,142269000.0,-3460000.0,,,13.48267493608069,25.135463795120867,22.497667388688328,15.590271779182672,84.75035,767476000.0,,0.96915,0.287,revenueGrowth,,,0.0,0.77862,-0.07117,-0.073460005,0.014035767769793577,2.135,USD,USD,USD,1.0,1.0,97.04,34.05,21.450000762939453,104.02999877929688,11965159424.0,531840000.0,yfinance,FROG,fresh,2026-10-01
FSLR,"First Solar, Inc.",175.16,36.32491983591514,1.8244476385088915,SPY,170.8,0.025526932084309045,120.37999725341797,318.25,0.455059013095522,0.44961508248232523,18824409088.0,17291454464.0,5219376000.0,16.22,2154260000.0,2803514000.0,655335000.0,107469788.0,0.0001116019530341781,9537993000.0,9455891000.0,3774730000.0,2057105000.0,1187230000.0,-869875000.0,0.33,10.79901356350185,1.9736237055321806,1.990759949326827,3.60663977609584,3.186708682681349,7.545349,5907163460.0,0.033325046982345015,0.96445,-0.037,revenueGrowth,,,0.0,0.44015998,0.42641997,0.32465,0.06870785080257451,2.518,USD,USD,USD,1.0,1.0,175.16,170.8,120.37999725341797,318.25,18824409088.0,5219376000.0,yfinance,FSLR,fresh,2026-10-01
FSLY,"Fastly, Inc.",25.67,52.7963536236392,1.1498785645194198,SPY,7.735,2.318681318681319,5.0,33.5,4.134,0.23373134328358203,4089231104.0,4146839040.0,624018000.0,-0.53,-28638000.0,180563000.0,430187000.0,159300000.0,0.06374412559106149,929578000.0,233451000.0,312711000.0,94444000.0,48093000.0,-46351000.0,,,4.399018806383111,17.51644286809652,6.553065943610601,4.829731759409284,40.71372,846678720.0,,0.95419997,0.233,revenueGrowth,0.0026056243164093865,,0.0,0.61472,-0.07873,-0.11802,0.4627766577952576,3.361,USD,USD,USD,1.0,1.0,25.67,7.735,5.0,33.5,4089231104.0,624018000.0,yfinance,FSLY,fresh,2026-10-01
FTML,FTML,,,,SPY,,,,,,,,,,,,,,,,,,,,,,,,,,,,,,,,,,,,,,,,,,USD,USD,USD,1.0,1.0,,,,,,,yfinance,FTML,unresolved,
FTNT,"Fortinet, Inc.",178.76,59.62184690430512,0.9146515105089091,SPY,73.55,1.430455472467709,49.52000045776367,178.74000549316406,2.6098545708307697,-0.00011186363556810509,131158646784.0,127657787392.0,6799600000.0,2.83,2454300000.0,2495300000.0,996300000.0,733713653.0,-0.009457183573001684,1237500000.0,882800000.0,866200000.0,2590600000.0,2225800000.0,-364800000.0,1.93,63.166077738515895,105.98678528,148.57119028545537,19.289170948879345,14.507919535208451,47.31892,9040486230.0,0.1924020681798265,0.71468,0.256,revenueGrowth,0.017458246605509594,,0.0,0.80204004,0.33595002,0.28173,0.8050909090909091,1.282,USD,USD,USD,1.0,1.0,178.76,73.55,49.52000045776367,178.74000549316406,131158646784.0,6799600000.0,yfinance,FTNT,fresh,2026-10-01
FTV,Fortive Corporation,54.81,41.43901415969521,0.608197417085567,SPY,47.71,0.148815761894781,46.28852462768555,64.31815338134766,0.1840947716708536,0.14783001192482978,16553554944.0,19786254336.0,4159100000.0,1.89,1160300000.0,375500000.0,3306600000.0,302017052.0,-0.051587301587301584,6453400000.0,-3033300000.0,-640900000.0,1083200000.0,962800000.0,-120400000.0,0.98,29.000000000000004,2.5650904862553072,-5.457275885669073,3.980081013680844,3.6469142675924635,16.861502,4539057880.0,0.11541016273663235,0.011249601,0.079,revenueGrowth,0.09726611627815913,0.51,0.127,0.6323,0.19137,0.12382,0.5123810704434871,1.241,USD,USD,USD,1.0,1.0,54.81,47.71,46.28852462768555,64.31815338134766,16553554944.0,4159100000.0,yfinance,FTV,fresh,2026-10-01
FUBO,FuboTV Inc.,8.96,37.02527183516401,1.193280085357949,SPY,7.95,0.1270440251572328,8.09000015258789,65.5199966430664,0.10754015216350868,0.8632478562413329,270630304.0,2268603392.0,1622796000.0,3.84,-113731000.0,161435000.0,378424000.0,30204277.0,0.15698128529022917,196370000.0,-552732000.0,-241289000.0,-79478000.0,-95313000.0,-15835000.0,,2.3333333333333335,1.3781652187197637,-0.4896230071716492,0.16676791414324413,0.04176791729051085,16.231884,6479382300.0,,0.51598,0.38,revenueGrowth,-0.0,,0.0,0.05979,-0.01795,-0.00964,1.9270968070479197,1.005,USD,USD,USD,1.0,1.0,8.96,7.95,8.09000015258789,65.5199966430664,270630304.0,1622796000.0,yfinance,FUBO,fresh,2026-10-01
FXI,iShares China Large-Cap ETF,34.02,39.72926336932736,0.7815036257229878,SPY,31.19,0.09073420968259063,20.102453231811523,40.99387741088867,0.6923307622058975,0.17011997525845868,,,,3.7746866,,,,,,,,,,,,,9.012668760368081,,,,,,,,,,,,0.0192,,,,,,,USD,USD,USD,1.0,1.0,34.02,31.19,20.102453231811523,40.99387741088867,,,yfinance,FXI,fresh,2026-10-01
FXY,Invesco CurrencyShares Japanese Yen Trust,58.24,50.194390771764844,0.11653544098340378,SPY,55.96,0.04074338813438172,56.0,65.80999755859375,0.040000000000000036,0.11502807839878465,,,,,,,,,,,,,,,,,,,,,,,,,,,,,0.0,,,,,,,USD,USD,USD,1.0,1.0,58.24,55.96,56.0,65.80999755859375,,,yfinance,FXY,fresh,2026-10-01
GAMB,Gambling.com Group Ltd,1.84,,,SPY,1.625,0.13230769230769235,,,,,64852964.0,176799968.0,165447000.0,-1.27,-10386000.0,15814000.0,123423000.0,35246174.0,-0.023640084476168034,107955000.0,-137726000.0,7262000.0,19104000.0,14348000.0,-4756000.0,,,0.6007407160390904,-0.4708839580035723,0.39198634003638627,0.363264679913468,2.379567,178528130.0,,0.40042,-0.005,revenueGrowth,0.08600994705500276,,0.0,0.8844,0.08956,-0.27437,1.143281923023482,1.307,USD,USD,USD,1.0,1.0,1.84,1.625,,,64852964.0,165447000.0,yfinance,GAMB,stale_fallback,2026-09-24
GBDC,"Golub Capital BDC, Inc.",12.63,53.680295092091015,0.5664102560673897,SPY,11.77,0.07306711979609186,10.029711723327637,13.546049118041992,0.2592585259080254,0.06762481887223522,3279399424.0,7799542272.0,407833000.0,0.66,,23616000.0,4900773000.0,259651589.0,0.32166387201142305,3982567000.0,3982567000.0,,-113593000.0,,,1.4,19.136363636363637,0.8234386073103102,0.8234386073103102,8.04103499226399,4.414287784342796,9.944882,742905670.0,,0.50146,-0.14,revenueGrowth,0.023734223843054503,0.1043,2.1818,1.0,0.77883005,0.21450001,1.230556322090752,0.136,USD,USD,USD,1.0,1.0,12.63,11.77,10.029711723327637,13.546049118041992,3279399424.0,407833000.0,yfinance,GBDC,fresh,2026-10-01
GD,General Dynamics Corporation,331.83,20.950507432640322,0.40207257954950176,SPY,306.77,0.08168986537145094,205.4705352783203,395.9700012207031,0.6149760818529009,0.1619819709143906,89778987008.0,94789943296.0,52550000000.0,16.38,6429000000.0,2333000000.0,9789000000.0,270557195.0,-0.018378378378378378,25622000000.0,3238000000.0,7452000000.0,5120000000.0,3959000000.0,-1161000000.0,2.05,20.25824175824176,3.5039804468035283,27.726679125386042,1.708448848867745,1.5328970254631835,17.84677,58568178760.0,0.17499510092102685,0.87614,0.081,revenueGrowth,0.007095201463380717,0.0191,0.3768,0.15375,0.1038,0.08179,0.38205448442744516,1.441,USD,USD,USD,1.0,1.0,331.83,306.77,205.4705352783203,395.9700012207031,89778987008.0,52550000000.0,yfinance,GD,fresh,2026-10-01
GDRX,"GoodRx Holdings, Inc.",3.29,39.830573067428055,1.3286741898503223,SPY,1.77,0.8587570621468926,1.8700000047683716,9.050000190734863,0.7593582842838107,0.6364640960595548,1122368256.0,1366911104.0,796853000.0,0.06,184361000.0,261820000.0,542806000.0,107181201.0,-0.08975398549615984,616262000.0,-17412000.0,397100000.0,167904000.0,93884000.0,-74020000.0,,54.833333333333336,1.821251766294206,-64.45946795313577,1.4085010108514369,1.338286982607751,9.273875,838660370.0,0.4616187343025929,0.5589,-0.013,revenueGrowth,0.1927816461694369,,0.0,0.90826,0.11792,0.02069,0.8808039437771598,1.381,USD,USD,USD,1.0,1.0,3.29,1.77,1.8700000047683716,9.050000190734863,1122368256.0,796853000.0,yfinance,GDRX,fresh,2026-10-01
GDX,VanEck Gold Miners ETF,87.8,42.00790989362322,1.8504137982135291,SPY,68.13,0.288712755027154,25.01395606994629,115.83999633789062,2.5100405451455052,0.24205798708851392,,,,7.7915583,,,,,,,,,,,,,11.268605921873164,,,,,,,,,,,,0.64,,,,,,,USD,USD,USD,1.0,1.0,87.8,68.13,25.01395606994629,115.83999633789062,,,yfinance,GDX,fresh,2026-10-01
GDXY,YieldMax Gold Miners Option Income Strategy ETF,10.09,42.22276204828686,1.490983019854825,SPY,9.27,0.08845738942826326,5.648168087005615,13.381548881530762,0.7864199231629504,0.2459766736026921,,,,,,,,,,,,,,,,,,,,,,,,,,,,,0.7421,,,,,,,USD,USD,USD,1.0,1.0,10.09,9.27,5.648168087005615,13.381548881530762,,,yfinance,GDXY,fresh,2026-10-01
GE,GE Aerospace,312.29,40.36479738410489,1.2455306859288393,SPY,268.91,0.16131791305641288,83.35138702392578,381.2200012207031,2.746668305715873,0.18081423062793822,324020404224.0,334532411392.0,45855000000.0,8.49,12063000000.0,12392000000.0,20495000000.0,1037562513.0,-0.024203782767595588,18677000000.0,5391000000.0,1614000000.0,8537000000.0,7264000000.0,-1273000000.0,4.04,36.783274440518255,17.348632233442203,60.1039518130217,7.066195708734053,5.806548613701204,34.414356,55802581840.0,0.1405,0.80957,0.211,revenueGrowth,0.023304087957312355,0.59,0.1958,0.31051,0.20571,0.17716,1.09733897306848,0.982,USD,USD,USD,1.0,1.0,312.29,268.91,83.35138702392578,381.2200012207031,324020404224.0,45855000000.0,yfinance,GE,fresh,2026-10-01
GENI,Genius Sports Limited,5.73,42.29125138212498,1.5281738928176816,SPY,3.825,0.4980392156862746,3.9200000762939453,13.550000190734863,0.4617346654281877,0.577121777170304,1533502464.0,2199441408.0,669489000.0,-0.67,-70860000.0,280559000.0,30495000.0,267626957.0,0.11001143488084347,724475000.0,242223000.0,196800000.0,86395000.0,5501000.0,-80894000.0,,,2.1167086014010144,6.330953146480723,2.290556624530052,1.1788812319003872,5.3551397,1300811670.0,0.021200332953947035,0.9182,0.647,revenueGrowth,,,0.0,0.27446,-0.12399,-0.22985001,0.042092549777425034,0.973,USD,USD,USD,1.0,1.0,5.73,3.825,3.9200000762939453,13.550000190734863,1533502464.0,669489000.0,yfinance,GENI,fresh,2026-10-01
GEV,GE Vernova Inc.,950.49,52.82739190665249,1.9772876002606588,SPY,530.16,0.7928361249434135,122.18366241455078,1174.8599853515625,6.779190615314267,0.19097593598306314,253147398144.0,245305409536.0,38068000000.0,34.84,2242000000.0,8848000000.0,1172000000.0,266333581.0,-0.007194244604316547,11178000000.0,6013000000.0,-756000000.0,4987000000.0,3710000000.0,-1277000000.0,1.88,27.281572904707232,22.6469313064949,42.100016321969065,6.64987386109068,4.797136814046789,37.82929,52770518740.0,,0.81647,0.219,revenueGrowth,0.013099087821213676,0.21,0.0573,0.2057,0.07466,0.23035,0.10484881016281983,0.85,USD,USD,USD,1.0,1.0,950.49,530.16,122.18366241455078,1174.8599853515625,253147398144.0,38068000000.0,yfinance,GEV,fresh,2026-10-01
GFS,GLOBALFOUNDRIES Inc.,47.92,51.324177463775634,2.2528600529387885,SPY,32.02,0.4965646470955652,30.250402450561523,89.60572814941406,0.5841111561512626,0.4652127605046045,26711498752.0,25678639104.0,6791000000.0,1.28,2275000000.0,1809000000.0,1707000000.0,557418603.0,0.009041591320072333,11928000000.0,10560000000.0,3837000000.0,1731000000.0,1009000000.0,-722000000.0,0.72,37.4375,2.2393945969148223,2.5294979878787878,3.933367508761596,3.2488961408550083,18.261429,8221715190.0,0.025246981339187707,0.0100234,0.058,revenueGrowth,0.00018718530346881527,1.0,0.0938,0.2714,0.09742,0.103199996,0.14310865191146882,2.475,USD,USD,USD,1.0,1.0,47.92,32.02,30.250402450561523,89.60572814941406,26711498752.0,6791000000.0,yfinance,GFS,fresh,2026-10-01
GGAL,Grupo Financiero Galicia S.A.,37.24,23.082313848352953,1.9324328915924742,SPY,26.06,0.4290099769762089,9.712191581726074,68.28976440429688,2.8343559933546554,0.4546766953312726,6310446592.0,337843159040.0,5598849055.963139,0.35,,6142854433.22575,1916257004.1509748,132503208.0,0.07928548405751851,5088431411.322121,4838366351.803256,,-1052806852.1816192,-1214073295.2247303,-161266443.043111,0.18,106.4,1.2401555768166215,1.3042515041565839,1.1270971103032263,1035.4739480693102,5.3740015,6094259.159070225,0.3002767564669567,0.25499,-0.079,revenueGrowth,,0.0455,4.0457,0.0,0.17318001,0.01496,0.37659090773772974,,USD,USD,ARS,1.0,0.0006557818269357085,37.24,26.06,9.712191581726074,68.28976440429688,6310446592.0,8537670344000.0,yfinance,GGAL,fresh,2026-10-01
GH,"Guardant Health, Inc.",178.36,59.90539264915546,0.9147839114667415,SPY,60.45,1.9505376344086023,16.06999969482422,183.10000610351562,10.098942338962564,0.025887525644514988,23935227904.0,24586823680.0,982021000.0,-3.5,-373907000.0,378203000.0,1710142000.0,134196170.0,0.021418387714367184,-99307000.0,-202485000.0,1163316000.0,-184760000.0,-233066000.0,-48306000.0,,,-241.02256541834916,-118.20741242067314,24.373437944809734,13.01519000079689,-426.77002,1839022550.0,0.003024859893662883,0.010088699999999999,0.443,revenueGrowth,0.001880491808163566,,0.0,0.65012,-0.38247,-0.38326,-17.220759865870484,4.026,USD,USD,USD,1.0,1.0,178.36,60.45,16.06999969482422,183.10000610351562,23935227904.0,982021000.0,yfinance,GH,fresh,2026-10-01
GILD,"Gilead Sciences, Inc.",149.05,60.14170085906962,0.33903042830597935,SPY,108.46,0.3742393509127791,58.831241607666016,153.04669189453125,1.5335178372400358,0.026114199823969213,184815321088.0,206082916352.0,29442000000.0,-2.65,13580000000.0,7564000000.0,24936000000.0,1239955155.0,0.0,22702000000.0,-2590000000.0,6529000000.0,10019000000.0,9456000000.0,-563000000.0,2.25,,8.14092683851643,-71.35726682934363,6.277267885605597,5.65487815364505,15.072136,32682458590.0,0.13127807268272765,0.92226,0.102,revenueGrowth,0.01039957071029213,0.022000000000000002,0.43400002,0.79603994,0.33679,-0.10637999,1.0984054268346402,1.265,USD,USD,USD,1.0,1.0,149.05,108.46,58.831241607666016,153.04669189453125,184815321088.0,29442000000.0,yfinance,GILD,fresh,2026-10-01
GILT,Gilat Satellite Networks Ltd.,9.87,44.42813532604574,2.274179795294882,SPY,9.37,0.05336179295624333,4.070000171661377,20.850000381469727,1.4250613227790254,0.5266187136969127,760282688.0,610742720.0,451657000.0,0.44,49086000.0,168907000.0,8059000.0,77029657.0,0.059372638858780864,500278000.0,276758000.0,175703000.0,20675000.0,9185000.0,-11490000.0,4.99,22.43181818181818,1.519720411451233,2.7471028407489575,1.6833187308067847,1.3414230258749862,12.8738575,566773250.0,,0.50014997,0.169,revenueGrowth,,,0.0,0.30326,0.095319994,0.06206,0.01610904337188523,1.967,USD,USD,USD,1.0,1.0,9.87,9.37,4.070000171661377,20.850000381469727,760282688.0,451657000.0,yfinance,GILT,fresh,2026-10-01
GIS,"General Mills, Inc.",32.16,30.816250309938695,-0.34965399914639644,SPY,31.75,0.012913385826771547,31.62261390686035,67.9317626953125,0.016993727802591996,0.5265837551684915,17195538432.0,30391439360.0,18424600000.0,-1.64,1530300000.0,453800000.0,13940400000.0,534687144.0,-0.035515695067264576,7368400000.0,-13470900000.0,-2155800000.0,2166200000.0,1626300000.0,-539900000.0,11.74,,2.3336868834482383,-1.2764951437543148,0.9332923608653648,0.9693231770258,10.198774,17739737210.0,1.0217016029593096,0.91138,-0.028,revenueGrowth,0.029094756292653668,0.0721,0.5941,0.33728,0.15243,-0.04891,1.8919168340480972,0.704,USD,USD,USD,1.0,1.0,32.16,31.75,31.62261390686035,67.9317626953125,17195538432.0,18424600000.0,yfinance,GIS,fresh,2026-10-01
GLCR,GlacierShares Nasdaq Iceland ETF,23.77,37.252340192138014,0.6065005395936419,SPY,23.147,0.026914934980775095,21.216903686523438,28.68000030517578,0.12033312453118401,0.17119945093897684,,,,2.0008557,,,,,,,,,,,,,11.879917177435635,,,,,,,,,,,,0.0103,,,,,,,USD,USD,USD,1.0,1.0,23.77,23.147,21.216903686523438,28.68000030517578,,,yfinance,GLCR,fresh,2026-10-01
GLD,SPDR Gold Shares,380.84,39.884074551328126,0.7650708173482533,SPY,351.4,0.08377916903813318,168.8300018310547,495.8999938964844,1.2557602077212562,0.2320225757463961,,,,-9.394,,,,260300000.0,,44255425100.0,,,,,,,,2.2400112,,,,,,,,,,,0.0,,,,,,,USD,USD,USD,1.0,1.0,380.84,351.4,168.8300018310547,495.8999938964844,,,yfinance,GLD,fresh,2026-10-01
GLW,Corning Incorporated,153.76,53.17850636963664,2.840397658493491,SPY,77.39,0.9868200025843131,24.9720516204834,255.20944213867188,5.157283443779121,0.39751445435764016,132447068160.0,139889065984.0,15629000000.0,2.17,3735000000.0,1526000000.0,9377000000.0,861388331.0,0.0023014959723820483,11807000000.0,8661000000.0,3308000000.0,2695000000.0,1413000000.0,-1282000000.0,0.95,70.85714285714286,11.217673258236639,15.292352864565293,8.474442904856357,5.772454424841355,35.329094,22944671090.0,0.15107212475633527,0.74914,0.166,revenueGrowth,0.0012306803182920679,0.73,0.5161,0.36395,0.15649,0.111999996,0.7941898873549589,1.813,USD,USD,USD,1.0,1.0,153.76,77.39,24.9720516204834,255.20944213867188,132447068160.0,15629000000.0,yfinance,GLW,fresh,2026-10-01
GLXY,Galaxy Digital,22.74,45.729934044916305,3.8678364163974424,SPY,16.43,0.3840535605599512,16.84000015258789,42.86000061035156,0.35035628230118654,0.46943537853082007,13400621056.0,8841281536.0,60406728000.0,-0.43,-177364000.0,1246240000.0,5339585000.0,194292392.0,0.027336025907912464,1955735000.0,1862388000.0,3204420000.0,-316636000.0,-1509170000.0,-1192534000.0,,,6.851961567390265,7.195397015015131,0.22183987611446196,0.20338381079748893,-66.74297,65888336950.0,0.1083571315100174,0.83859,-0.038,revenueGrowth,0.0038354192529746586,,0.0,1.0,0.96228,-0.00416,2.730219073647503,1.504,USD,USD,USD,1.0,1.0,22.74,16.43,16.84000015258789,42.86000061035156,13400621056.0,60406728000.0,yfinance,GLXY,fresh,2026-10-01
GM,General Motors Company,77.0,40.89976172228312,1.1065872381870885,SPY,54.33,0.41726486287502307,25.860084533691406,90.1136474609375,1.9775618057118782,0.14552343435684378,69642764288.0,173257768960.0,185019000000.0,2.24,18432000000.0,20945000000.0,131312000000.0,904451541.0,-0.13817537643932684,61119000000.0,56766000000.0,15425000000.0,26867000000.0,1771000000.0,-25096000000.0,0.28,34.375,1.139461776010733,1.2268393807560865,0.37640871633724104,0.3660876777239605,5.1202393,190235204640.0,0.10843760025665704,0.90194,0.019,revenueGrowth,0.0863262689450125,0.89,0.29459998,0.10177,0.03202,0.01051,2.1484644709501137,1.136,USD,USD,USD,1.0,1.0,77.0,54.33,25.860084533691406,90.1136474609375,69642764288.0,185019000000.0,yfinance,GM,fresh,2026-10-01
GMAB,Genmab A/S,35.675,67.31616723323384,0.7490466391405802,SPY,23.62,0.5103725656223538,17.979999542236328,35.56999969482422,0.984149105020655,-0.0029519343850614925,22263287808.0,25064503296.0,3720000000.0,1.27,1336000000.0,1715000000.0,5426000000.0,624058550.0,-0.03003592285914891,5847000000.0,-3631000000.0,1458000000.0,1186000000.0,1131000000.0,-55000000.0,4.47,28.09055118110236,3.8076428609543354,-6.131448033048747,5.984754787096774,0.6603102243432154,22.437105,33716406300.0,0.20016611295681064,0.17018999,0.249,revenueGrowth,0.01931430809808269,,0.0,0.93027997,0.35237998,0.19075,0.9279972635539593,2.457,USD,USD,USD,1.0,1.0,35.675,23.62,17.979999542236328,35.56999969482422,22263287808.0,3720000000.0,yfinance,GMAB,fresh,2026-10-01
GNTX,Gentex Corporation,21.74,40.872829624916655,0.7446542326683582,SPY,20.48,0.0615234374999999,20.192575454711914,35.41403579711914,0.07663334222812052,0.38611910473732275,4580255744.0,4349368832.0,2534268965.0,1.89,589622256.0,145645715.0,3795925.0,210683331.0,-0.037635039874519556,2487829724.0,1859921267.0,740891499.0,587126291.0,458037513.0,-129088778.0,0.65,11.502645502645503,1.841064804320989,2.4626073292811057,1.807328190991756,1.6306805337123023,9.823458,2808800160.0,0.16566160136909014,0.0102523,-0.01,revenueGrowth,0.06888249840924167,0.0217,0.254,0.34333,0.18993,0.15499,0.0015257977519043421,3.038,USD,USD,USD,1.0,1.0,21.74,20.48,20.192575454711914,35.41403579711914,4580255744.0,2534268965.0,yfinance,GNTX,fresh,2026-10-01
GOOGL,Alphabet Inc.,344.08,47.41311442191914,1.35761758145095,SPY,235.84,0.45895522388059695,121.01842498779297,402.1211853027344,1.843203421584003,0.14433754655089473,4208075997184.0,4105294577664.0,402836000000.0,19.94,180698000000.0,30708000000.0,59291000000.0,5867155790.0,-0.017433919820036958,415265000000.0,381885000000.0,103293000000.0,164713000000.0,73266000000.0,-91447000000.0,1.22,17.255767301905717,10.133471391000928,11.019223057161188,10.446126952864192,6.842477775924324,22.829782,614993009110.0,0.16783146336242177,0.80991,0.242,revenueGrowth,0.010862208769658148,0.26,0.042600002,0.60897,0.34033,0.54771,0.14277870757227312,2.724,USD,USD,USD,1.0,1.0,344.08,235.84,121.01842498779297,402.1211853027344,4208075997184.0,402836000000.0,yfinance,GOOGL,fresh,2026-10-01
GOP,Subversive Congressional Republicans Trading ETF,44.52,48.729418445210605,1.0327821143054883,SPY,34.81,0.278942832519391,23.169170379638672,45.71500015258789,0.9215189525786681,0.026140219809673116,,,,2.2920313,,,,,,,,,,,,,19.423818514171252,,,,,,,,,,,,0.56,,,,,,,USD,USD,USD,1.0,1.0,44.52,34.81,23.169170379638672,45.71500015258789,,,yfinance,GOP,fresh,2026-10-01
GPN,Global Payments Inc.,81.67,39.21367720194873,1.0916896831100384,SPY,61.16,0.3353499018966646,62.05564880371094,134.76690673828125,0.316076804842239,0.3939906912117231,21611382784.0,40617172992.0,7705878000.0,2.11,3325139000.0,8336402000.0,21865376000.0,264618390.0,-0.05113037336420177,22888767000.0,1580916000.0,5145827000.0,2656592000.0,2038823000.0,-617769000.0,0.2,38.70616113744076,0.9441916545351701,13.67016513464346,2.8045321745296254,1.6624487773533905,5.1010814,12999728520.0,0.19962955879563757,0.0112943,0.686,revenueGrowth,0.05694475972685636,0.012,0.4739,0.63959,0.16108,-0.091529995,0.9552885046188814,0.825,USD,USD,USD,1.0,1.0,81.67,61.16,62.05564880371094,134.76690673828125,21611382784.0,7705878000.0,yfinance,GPN,fresh,2026-10-01
GPRE,Green Plains Inc.,15.06,43.344880414410774,0.4880965910565001,SPY,8.68,0.7350230414746545,3.299999952316284,29.3799991607666,3.5636364295791343,0.487406384268697,1055635648.0,1418796672.0,2091680000.0,1.67,31285000.0,182319000.0,456121000.0,70095328.0,0.057997366606056804,766247000.0,766247000.0,213506000.0,110864000.0,73665000.0,-37199000.0,1.16,9.017964071856287,1.3776701872894772,1.3776701872894772,0.5046831484739539,0.5391153142708882,8.953627,1958088780.0,0.35980447374093466,0.0117346,-0.193,revenueGrowth,0.02841889628948946,,0.0,0.1604,0.15211001,0.06776,0.5952662783671584,1.993,USD,USD,USD,1.0,1.0,15.06,8.68,3.299999952316284,29.3799991607666,1055635648.0,2091680000.0,yfinance,GPRE,fresh,2026-10-01
GPUS,"Hyperscale Data, Inc.",0.1645,21.617460385577928,3.5689377245030016,SPY,0.16,0.028125000000000025,0.1599999964237213,1324.462890625,0.02812502298038509,0.9998757987096774,22526166.0,133704648.0,102112000.0,14.65,-28378000.0,13076000.0,106374000.0,135982035.0,99.45293466223698,119757000.0,95756000.0,-40672000.0,-62516000.0,-87055000.0,-24539000.0,2.19,0.011228668941979523,0.18809895037450838,0.2352454780901458,0.22060253447195236,,,0.0,,0.04601,0.348,revenueGrowth,-0.0,,0.0,0.26143,-0.5974,-0.71028,0.8882487036248403,0.565,USD,USD,USD,1.0,1.0,0.1645,0.16,0.1599999964237213,1324.462890625,22526166.0,102112000.0,yfinance,GPUS,fresh,2026-10-01
GRBK,"Green Brick Partners, Inc.",66.11,43.218551967499415,0.857128092286486,SPY,60.44,0.0938120450033091,38.189998626708984,83.7699966430664,0.7310814971793315,0.21081529605776955,2843437056.0,3124702208.0,2039994000.0,6.64,414554000.0,154590000.0,328913000.0,43010696.0,-0.020406342692745154,1858962000.0,1810482000.0,2092050000.0,213244000.0,208446000.0,-4798000.0,1.15,9.956325301204819,1.5295832061117978,1.570541466857997,1.393845793664099,1.441357017361551,11.027523,1972750000.0,0.2160469033132654,0.83362997,-0.087,revenueGrowth,0.029460824470594504,,0.0,0.30501,0.19545001,0.14794,0.17693368664878573,7.051,USD,USD,USD,1.0,1.0,66.11,60.44,38.189998626708984,83.7699966430664,2843437056.0,2039994000.0,yfinance,GRBK,fresh,2026-10-01
GS,"The Goldman Sachs Group, Inc.",900.36,33.10656810524367,1.6025991371646091,SPY,740.01,0.21668626099647306,271.1636047363281,1146.455078125,2.320357099085937,0.21465741032564714,262159073280.0,27240775680.0,58283000000.0,64.78,,164259000000.0,386150000000.0,291171408.0,-0.047961630695443645,124972000000.0,103028000000.0,,-45154000000.0,-47218000000.0,-2064000000.0,1.13,13.89873417721519,2.0977424805556444,2.544542001009434,4.498036705042637,3.5892632398807214,12.285257,73039801140.0,0.21398498993227164,0.75802004,0.425,revenueGrowth,0.047146947253657916,0.0222,0.2625,0.82075995,0.42176998,0.31039,3.089892135838428,1.563,USD,USD,USD,1.0,1.0,900.36,740.01,271.1636047363281,1146.455078125,262159073280.0,58283000000.0,yfinance,GS,fresh,2026-10-01
GSAT,"Globalstar, Inc.",82.89,53.69103085004812,1.5261873067182454,SPY,35.39,1.342187058491099,15.449999809265137,84.43000030517578,4.3650486099224475,0.018239965647392928,10739509248.0,10750181376.0,272986000.0,-0.48,102059000.0,447471000.0,546335000.0,129563390.0,0.006990951484385551,355729000.0,232833000.0,291242000.0,621650000.0,513556000.0,-108094000.0,0.5,,30.19014263104779,46.1253741866488,39.340879195270084,30.767436961115518,336.5408,349054400.0,,0.27236998,-0.035,revenueGrowth,1.6853656514491787e-05,,0.0,0.62247,-0.07372,-0.18488,1.5358179962836878,1.545,USD,USD,USD,1.0,1.0,82.89,35.39,15.449999809265137,84.43000030517578,10739509248.0,272986000.0,yfinance,GSAT,fresh,2026-10-01
GTLB,GitLab Inc.,47.25,51.6853708896796,0.8652782290718405,SPY,18.73,1.5226908702616124,19.420000076293945,77.5999984741211,1.4330586928101108,0.39110823544980544,7872559104.0,6664154112.0,955224000.0,-0.32,-59136000.0,229576000.0,187000.0,165500000.0,0.03868476771702578,990668000.0,963515000.0,1003636000.0,232856000.0,222029000.0,-10827000.0,,,7.9467178752114735,8.170665847443994,8.241584281801964,6.007465824834661,45.504887,1310462570.0,,0.90072,0.213,revenueGrowth,-0.0,,0.0,0.859,-0.11545,-0.04993,0.00018876152252823348,2.408,USD,USD,USD,1.0,1.0,47.25,18.73,19.420000076293945,77.5999984741211,7872559104.0,955224000.0,yfinance,GTLB,fresh,2026-10-01
HAL,Halliburton Company,31.8,30.28103871517372,0.24041111328320314,SPY,21.46,0.4818266542404473,18.58041763305664,42.6002197265625,0.7114792911556651,0.25352497700447874,26493544448.0,32686544896.0,22184000000.0,1.91,3259000000.0,2206000000.0,8133000000.0,833130367.0,-0.03397508493771234,10461000000.0,7523000000.0,5810000000.0,2926000000.0,1672000000.0,-1254000000.0,0.65,16.649214659685864,2.5326015149603287,3.5216727964907615,1.194263633609809,1.1238024070758177,10.962758,23574913420.0,0.2704686617730096,0.90443003,0.037,revenueGrowth,0.03800925927357442,0.0216,0.35599998,0.15076,0.12793,0.0716,0.7774591339260108,2.018,USD,USD,USD,1.0,1.0,31.8,21.46,18.58041763305664,42.6002197265625,26493544448.0,22184000000.0,yfinance,HAL,fresh,2026-10-01
HALO,"Halozyme Therapeutics, Inc.",110.4,57.86569907284678,0.5390028253466291,SPY,61.23,0.8030377266046058,33.31999969482422,115.22000122070312,2.3133253604785913,0.04183302525288504,12530179072.0,14475439104.0,1396611000.0,3.41,573052000.0,133820000.0,2142630000.0,113498000.0,-0.04265051304240326,48814000.0,-1513013000.0,648115000.0,651558000.0,356817000.0,-294741000.0,,32.375366568914956,256.69232334985867,-8.2816070132907,8.971846184800206,6.111397335130355,10.622474,2050296910.0,0.32125515394912985,0.0112219,0.477,revenueGrowth,0.0273237914664018,,0.0,0.76271003,0.59803003,0.24858999,43.89375998688901,2.709,USD,USD,USD,1.0,1.0,110.4,61.23,33.31999969482422,115.22000122070312,12530179072.0,1396611000.0,yfinance,HALO,fresh,2026-10-01
HBAN,Huntington Bancshares Incorporated,15.26,33.00948023286618,0.836390881178215,SPY,14.89,0.024848891873740713,8.345320701599121,18.719980239868164,0.8285696314913213,0.1848281993641961,30831532032.0,39766630400.0,8131000000.0,1.3,,14078000000.0,18460000000.0,2020414826.0,0.019342446232225852,24342000000.0,14862000000.0,,2482000000.0,2215000000.0,-267000000.0,1.83,11.738461538461538,1.2665981444417056,2.0745210625756965,3.7918499608904193,2.5757588725880667,8.594472,11969882880.0,0.17075892857142858,0.89919,0.476,revenueGrowth,-0.0,0.0406,0.47689998,0.0,0.41932,0.26131,0.7583600361515077,,USD,USD,USD,1.0,1.0,15.26,14.89,8.345320701599121,18.719980239868164,30831532032.0,8131000000.0,yfinance,HBAN,fresh,2026-10-01
HCA,"HCA Healthcare, Inc.",426.74,56.33559903565692,0.16861167096686236,SPY,353.99,0.20551428006440858,216.79507446289062,542.2318725585938,0.968402654245017,0.2129935151425715,92389851136.0,146244845568.0,75600000000.0,29.83,15603000000.0,1040000000.0,48697000000.0,216501500.0,-0.08521959007814947,-6027000000.0,-16320000000.0,-567000000.0,12636000000.0,7692000000.0,-4944000000.0,1.32,14.305732484076435,-15.329326553177369,-5.661142839215686,1.222087977989418,1.1315418359349243,13.329036,81649522980.0,0.20850284784377543,0.78896004,0.087,revenueGrowth,0.10896218444146147,0.72,0.100600004,0.42580003,0.15161,0.08768,-8.079807532769205,0.993,USD,USD,USD,1.0,1.0,426.74,353.99,216.79507446289062,542.2318725585938,92389851136.0,75600000000.0,yfinance,HCA,fresh,2026-10-01
HCAT,"Health Catalyst, Inc.",1.73,48.96717511960036,1.339125694636929,SPY,0.955,0.8115183246073299,0.9959999918937683,11.210000038146973,0.7369478053013065,0.8456735063235583,130193544.0,196919680.0,311136000.0,-3.73,-102504000.0,50814000.0,171238000.0,75256381.0,0.1613524964692199,245780000.0,-40971000.0,79734000.0,731000.0,-20822000.0,-21553000.0,,,0.5297157783383514,-3.177699934099729,0.4184457729095958,0.6334139200340951,220.38217,205542600.0,,0.71514,-0.127,revenueGrowth,0.03840436204732241,,0.0,0.51163,-0.05347,-0.90615,0.6967125071201888,2.702,USD,USD,USD,1.0,1.0,1.73,0.955,0.9959999918937683,11.210000038146973,130193544.0,311136000.0,yfinance,HCAT,fresh,2026-10-01
HD,"The Home Depot, Inc.",284.49,28.939111107388683,0.7046545894628475,SPY,284.01,0.0016900813351643188,255.97286987304688,411.9336853027344,0.11140684612825016,0.30937913030607017,283832713216.0,344935727104.0,164683000000.0,14.28,25135000000.0,1389000000.0,65350000000.0,997689626.0,0.002014098690835851,12813000000.0,-19860000000.0,1967000000.0,16325000000.0,12646000000.0,-3679000000.0,2.43,19.922268907563026,22.151932663388745,-14.291677402618328,1.7235094892368976,1.5996264605896477,17.753107,177436870550.0,0.23900655843457694,0.76798,0.057,revenueGrowth,-0.0,0.032400000000000005,0.648,0.32801,0.12858,0.0841,5.100288769218762,1.078,USD,USD,USD,1.0,1.0,284.49,284.01,255.97286987304688,411.9336853027344,283832713216.0,164683000000.0,yfinance,HD,fresh,2026-10-01
HEI,HEICO Corporation,303.18,39.507696914523144,1.1766611812018306,SPY,256.11,0.18378821600093706,156.46051025390625,374.6700134277344,0.9377413476921133,0.19080793996214276,42371649536.0,45367001088.0,4485044000.0,5.99,1219507000.0,217781000.0,2193681000.0,55241647.0,0.004087076848457182,4305319000.0,-827745000.0,1524362000.0,934266000.0,861380000.0,-72886000.0,2.11,50.6143572621035,9.841698033525507,-51.189254584443276,9.44732081468989,7.041794019057324,42.041943,6017166850.0,0.16563072852899768,0.81251997,0.231,revenueGrowth,,0.08,0.0417,0.40398,0.25136998,0.16375999,0.5095280976856768,2.717,USD,USD,USD,1.0,1.0,303.18,256.11,156.46051025390625,374.6700134277344,42371649536.0,4485044000.0,yfinance,HEI,fresh,2026-10-01
HIMS,"Hims & Hers Health, Inc.",29.79,48.40280270870885,2.706308011879046,SPY,13.74,1.1681222707423577,5.78000020980835,68.73999786376953,4.153979051669924,0.5666278596772946,6950406656.0,7655597568.0,2347637000.0,-0.64,160115000.0,228616000.0,1120590000.0,224935790.0,0.09045974695644432,540928000.0,66487000.0,363207000.0,300006000.0,57415000.0,-242591000.0,2.62,,12.849042120208235,104.53782928993638,2.960596828214924,1.7388863662890621,40.406372,3997044770.0,,0.71514,0.382,revenueGrowth,0.012943127568275625,,0.0,0.69528997,-0.12751001,-0.05509,2.0716065724088972,0.934,USD,USD,USD,1.0,1.0,29.79,13.74,5.78000020980835,68.73999786376953,6950406656.0,2347637000.0,yfinance,HIMS,fresh,2026-10-01
HIMX,"Himax Technologies, Inc.",14.07,50.86645848358959,2.8590618338547924,SPY,6.85,1.0540145985401461,4.4014668464660645,23.77161407470703,2.1966615882377476,0.40811759959663557,2454172672.0,2757331456.0,832173000.0,0.21,80907000.0,257504000.0,598592000.0,174425914.0,-0.5012027609219833,893392000.0,862689000.0,465823000.0,140027000.0,119505000.0,-20522000.0,1.49,67.0,2.7470278130988413,2.844794209732592,2.949113552109958,1.9942853459179757,10.823077,1230602570.0,0.17482275320320045,0.24324,0.059,revenueGrowth,0.001839723851346023,0.0179,1.1943,0.31074,0.10803001,0.04257,0.6700216702186722,1.546,USD,USD,USD,1.0,1.0,14.07,6.85,4.4014668464660645,23.77161407470703,2454172672.0,832173000.0,yfinance,HIMX,fresh,2026-10-01
HIVE,HIVE Digital Technologies Ltd.,2.95,47.204697812632794,3.561064093435035,SPY,1.73,0.7052023121387284,1.309999942779541,6.960000038146973,1.2519084953093418,0.5761494276104333,809118208.0,963153792.0,297791000.0,-1.39,27170000.0,23113000.0,71066000.0,274277338.0,0.7618848225271321,529359000.0,529359000.0,5413000.0,62337000.0,-116085000.0,-178422000.0,,,1.528486732066518,1.528486732066518,2.7170673660385973,1.5607517141021825,-14.04762,518415710.0,,0.43258998,0.735,revenueGrowth,,,0.0,0.35094002,-0.58647996,-0.98512,0.13424915794385284,1.957,USD,USD,USD,1.0,1.0,2.95,1.73,1.309999942779541,6.960000038146973,809118208.0,297791000.0,yfinance,HIVE,fresh,2026-10-01
HL,Hecla Mining Company,17.03,40.01206728892259,2.468962055611976,SPY,11.57,0.4719101123595506,3.33575439453125,31.790327072143555,4.1052919327392825,0.464302460262429,11440217088.0,10976392192.0,1423019000.0,0.83,686330000.0,241558000.0,275800000.0,671768431.0,0.05338334390837463,2591646000.0,2591607000.0,397780000.0,562638000.0,310249000.0,-252389000.0,5.64,20.518072289156628,4.414266874411089,4.414333302850316,8.039398692498132,6.547555923880384,16.295092,1747250000.0,0.3286183242587843,0.77287,0.524,revenueGrowth,,0.09,0.018099999,0.61395,0.4427,0.19150999,0.10641885504424602,5.197,USD,USD,USD,1.0,1.0,17.03,11.57,3.33575439453125,31.790327072143555,11440217088.0,1423019000.0,yfinance,HL,fresh,2026-10-01
HMC,"Honda Motor Co., Ltd.",31.6,50.758544797689666,0.9880009333831444,SPY,23.25,0.3591397849462366,23.11347198486328,35.66761016845703,0.36716803173034496,0.1140421281169619,41006440448.0,9182253154304.0,138108818175.63437,-0.7,6231862449.995242,32104700087.729843,31145575255.19561,1297672194.0,-0.14430555839465023,74878736468.48648,69906299188.03275,18186767289.161682,7193300014.584325,1506228529.1813307,-5687071485.402994,3.45,,0.5476379861892835,0.5865914935319576,0.29691399137057056,0.2670597858400446,,153547792001.0046,0.12466402181998512,0.041989997,0.135,revenueGrowth,,0.0415,0.5535,0.17447,0.08756,-0.00754,0.4159468592035278,1.289,USD,USD,JPY,1.0,0.0063362522050738335,31.6,23.25,23.11347198486328,35.66761016845703,41006440448.0,21796610000000.0,yfinance,HMC,fresh,2026-10-01
HON,Honeywell International Inc.,210.94,45.254960316861506,0.7122664828018247,SPY,195.86786,0.07695055227539623,163.5641326904297,257.9405517578125,0.28964704260216045,0.1822146670522075,66855325696.0,92934324224.0,37442000000.0,26.01,8208000000.0,12487000000.0,35563000000.0,316940010.0,-0.019075232717839157,13904000000.0,-13911000000.0,6973000000.0,6408000000.0,5422000000.0,-986000000.0,3.43,8.109957708573624,4.808351963176064,-4.80593240572209,1.7855703673949042,3.251001595669686,21.399153,20564531800.0,0.18407596785975164,0.84499,0.043,revenueGrowth,0.05689898239816063,0.013300000000000001,0.3614,0.36511,0.20249,0.21581,2.5577531645569622,1.211,USD,USD,USD,1.0,1.0,210.94,195.86786,163.5641326904297,257.9405517578125,66855325696.0,37442000000.0,yfinance,HON,fresh,2026-10-01
HOOD,"Robinhood Markets, Inc.",112.5,53.60491001982716,3.1434470523477747,SPY,63.515,0.7712351413052034,7.929999828338623,152.4600067138672,13.1866333461913,0.26210156732357387,101146763264.0,100281704448.0,4473000000.0,2.25,2180000000.0,4261000000.0,11626000000.0,790630234.0,0.013916065495698925,9140000000.0,8587000000.0,7534000000.0,1638000000.0,1584000000.0,-54000000.0,2.03,50.0,11.066385477461706,11.77905709374636,22.61273491258663,15.0860494353548,32.588104,6704655430.0,0.10673624288425047,0.79471,0.323,revenueGrowth,0.0064559653609045815,,0.0,0.9189,0.43884,0.42011002,1.2719912472647703,1.116,USD,USD,USD,1.0,1.0,112.5,63.515,7.929999828338623,152.4600067138672,101146763264.0,4473000000.0,yfinance,HOOD,fresh,2026-10-01
HOVR,New Horizon Aircraft Ltd.,1.7,47.519676009916765,4.011343501053296,SPY,1.16,0.4655172413793104,0.25999999046325684,10.640000343322754,5.538461778290887,0.8402255690652443,114110712.0,41673924.0,0.0,-0.54,-16281357.805728912,55005973.5724926,50593.77479553223,67123941.0,1.8701185121958002,49968379.52375412,45450777.049303055,55657368.42298508,-11588785.193443298,-12268287.69659996,-679502.503156662,,,2.283658447353765,2.510643808712392,,56.4838094578526,-2.1834538,2020237.535238266,-0.0,0.06852,,,,,0.0,0.0,0.0,0.0,0.0010125158205596962,0.22760000000000002,USD,USD,CAD,1.0,0.7026913166046143,1.7,1.16,0.25999999046325684,10.640000343322754,114110712.0,0.0,yfinance,HOVR,fresh,2026-10-01
HPQ,HP Inc.,31.28,46.4636444782234,0.7693543504372653,SPY,17.56,0.7813211845102508,17.523693084716797,35.93421173095703,0.7850118607293288,0.12952035140783302,28208021504.0,34378022912.0,55295000000.0,2.62,4139000000.0,3690000000.0,10882000000.0,901790969.0,-0.03640040444893832,-346000000.0,-10064000000.0,-6805000000.0,3697000000.0,2800000000.0,-897000000.0,3.28,11.938931297709924,-81.52607371098266,-2.8028638219395865,0.5101369292702777,0.4705889676575518,9.968228,59941952410.0,0.05209895052473763,0.95947,0.125,revenueGrowth,0.030133272547295347,0.039,0.45400003,0.1966,0.05396,0.04143,-31.45086705202312,0.788,USD,USD,USD,1.0,1.0,31.28,17.56,17.523693084716797,35.93421173095703,28208021504.0,55295000000.0,yfinance,HPQ,fresh,2026-10-01
HRL,Hormel Foods Corporation,19.94,26.663798534349112,-0.12246747734253755,SPY,19.42,0.026776519052523148,19.506120681762695,33.66292190551758,0.02224323971516093,0.4076568856391607,10973995008.0,12976881664.0,12106160000.0,0.62,1005388000.0,670679000.0,2857424000.0,550350800.0,0.0030318931840708995,7901171000.0,1329786000.0,2024860000.0,845251000.0,534349000.0,-310902000.0,1.4,32.16129032258065,1.3889074173942064,8.252451904291368,0.9064802553410826,0.8856913109048966,12.835285,12390315760.0,0.27987682549826737,0.91359,-0.024,revenueGrowth,-0.0,0.058899999999999994,1.8831,0.15741,0.08615,0.028210001,0.3616456345521442,1.882,USD,USD,USD,1.0,1.0,19.94,19.42,19.506120681762695,33.66292190551758,10973995008.0,12106160000.0,yfinance,HRL,fresh,2026-10-01
HSAI,Hesai Group,15.95,37.97199542875355,2.935297509345483,SPY,14.29,0.11616515045486356,3.549999952316284,29.799999237060547,3.492957806828429,0.46476508696805935,20051345408.0,-3445526528.0,451674303.3579737,0.5,90929579.42582667,248171254.74482775,149109048.52554202,1041146800.0,0.1335185412745947,1336528953.0278742,1316460029.6241045,771867485.1420522,17452930.689677596,-33598088.802695274,-51051019.49237287,0.51,31.9,15.002552217499037,15.231260316901047,44.39337208012106,22.13102204832864,17.292624,906028893.0268496,0.06605768345012415,0.32772,0.219,revenueGrowth,,,0.0,0.40652,0.0025499999,0.14929,0.11156439835271735,5.366,USD,USD,CNY,1.0,0.14918692409992218,15.95,14.29,3.549999952316284,29.799999237060547,20051345408.0,3027573000.0,yfinance,HSAI,fresh,2026-10-01
HSBC,HSBC Holdings plc,99.31,43.29803027407808,1.2304526142591612,SPY,64.65,0.5361175560711523,29.40061378479004,107.34169006347656,2.3778206375873867,0.07482358493449298,339771031552.0,981969469440.0,71020000000.0,7.0,,307737000000.0,256139000000.0,3421317591.0,-0.05074384636191507,198225000000.0,185118000000.0,,29766000000.0,25105000000.0,-4661000000.0,0.88,14.187142857142858,1.7140675068835918,1.8354294641904083,4.784159835989862,4.246730905227808,10.485848,80007666870.0,0.226569030661718,0.024920002,0.254,revenueGrowth,0.037272159260174735,0.037200000000000004,0.5357,0.0,0.58768004,0.37797,1.2921629461470552,,USD,USD,USD,1.0,1.0,99.31,64.65,29.40061378479004,107.34169006347656,339771031552.0,71020000000.0,yfinance,HSBC,fresh,2026-10-01
HTGC,"Hercules Capital, Inc.",16.81,44.54117839485502,0.7046004891493056,SPY,13.7,0.22700729927007296,10.991950035095215,18.20069694519043,0.5293009835678704,0.07640899408293952,3146226688.0,5404871680.0,438518000.0,2.02,474260000.0,56987000.0,2302711000.0,187164000.0,0.168701538994672,2216053000.0,2216053000.0,,-425801000.0,-425890000.0,-89000.0,0.52,8.321782178217822,1.4197434303240943,1.4197434303240943,7.174680829521251,5.04792680090104,8.545922,623271060.0,,0.36435002,0.085,revenueGrowth,0.0020627884267695844,0.1108,0.9307,1.0,0.83192,0.67682,1.0391046604029777,0.118,USD,USD,USD,1.0,1.0,16.81,13.7,10.991950035095215,18.20069694519043,3146226688.0,438518000.0,yfinance,HTGC,fresh,2026-10-01
HUBS,"HubSpot, Inc.",204.98,36.48748134395756,0.5774500231280767,SPY,169.63,0.20839474149619758,170.27999877929688,819.7100219726562,0.20378201473725896,0.7499359596620404,10493071360.0,9120544768.0,3131266000.0,2.81,206634000.0,882242000.0,262305000.0,51190708.0,0.026534668750844283,2066244000.0,1525773000.0,982264000.0,760717000.0,576654000.0,-184063000.0,0.24,72.94661921708185,5.078331194186166,6.87721657153456,3.351063550653314,2.4964431779315674,12.171457,4203208570.0,0.3390582036479853,0.0100243,0.198,revenueGrowth,0.04765230148973274,,0.0,0.83248,0.04869,0.042579997,0.12694773705331994,1.378,USD,USD,USD,1.0,1.0,204.98,169.63,170.27999877929688,819.7100219726562,10493071360.0,3131266000.0,yfinance,HUBS,fresh,2026-10-01
HUM,Humana Inc.,381.57,49.073144141141235,0.5498558418043988,SPY,163.11,1.3393415486481512,162.4596710205078,506.4293212890625,1.348705974862113,0.2465483652708857,45819043840.0,36756041728.0,129664000000.0,10.52,3596000000.0,4200000000.0,12369000000.0,120080308.0,-0.00035575705929560104,17657000000.0,6843000000.0,,921000000.0,375000000.0,-546000000.0,1.29,36.27091254752852,2.5949506620603726,6.695753885722636,0.3533675024679171,0.272095219258352,22.996756,168393417440.0,0.1607717041800643,0.010090001,0.262,revenueGrowth,0.0032955729178306657,0.92,0.3346,0.13653,0.034649998,0.00878,0.7005153763379962,1.742,USD,USD,USD,1.0,1.0,381.57,163.11,162.4596710205078,506.4293212890625,45819043840.0,129664000000.0,yfinance,HUM,fresh,2026-10-01
HUMA,"Humacyte, Inc.",0.5177,36.75099996437925,3.0247188638374176,SPY,0.5104,0.014302507836990762,0.5329999923706055,9.460000038146973,-0.02870542699739296,0.9452748416583087,143816080.0,130306936.0,2038000.0,-0.52,-22238000.0,50497000.0,64846000.0,277798105.0,0.3349229695766503,3109000.0,3109000.0,49423000.0,-105042000.0,-105926000.0,-884000.0,,,46.25798649083306,46.25798649083306,70.5672620215898,6.61807572661844,-2.0917172,21730800.0,,0.26860002,0.349,revenueGrowth,,,0.0,0.0,-0.66492615,0.0,20.857510453522032,6.207,USD,USD,USD,1.0,1.0,0.5177,0.5104,0.5329999923706055,9.460000038146973,143816080.0,2038000.0,yfinance,HUMA,fresh,2026-10-01
HUMN,Roundhill Humanoid Robotics ETF,29.0175,40.99390277997929,2.0462501483520996,SPY,26.1,0.11178160919540217,23.939794540405273,38.91999816894531,0.21210313442851983,0.254432133474421,,,,1.00634,,,,,,,,,,,,,28.83468807758809,,,,,,,,,,,,0.41,,,,,,,USD,USD,USD,1.0,1.0,29.0175,26.1,23.939794540405273,38.91999816894531,,,yfinance,HUMN,fresh,2026-10-01
HUN,Huntsman Corporation,8.4,29.57490867978862,1.204087432487379,SPY,7.3,0.1506849315068494,7.198248386383057,23.248872756958008,0.16695056201315586,0.6386921599247852,1473180416.0,3865180416.0,5683000000.0,-0.98,174000000.0,429000000.0,2401000000.0,175378616.0,0.005813953488372093,2750000000.0,1812000000.0,475000000.0,289000000.0,116000000.0,-173000000.0,2.22,,0.5357019694545454,0.8130134746136866,0.2592258342424776,0.234180431210369,37.35824,6290792140.0,,0.91972,0.141,revenueGrowth,-0.0,0.0418,1.8,0.13496,0.017439999,-0.03052,0.8730909090909091,1.325,USD,USD,USD,1.0,1.0,8.4,7.3,7.198248386383057,23.248872756958008,1473180416.0,5683000000.0,yfinance,HUN,fresh,2026-10-01
HUT,Hut 8 Corp.,86.1,48.85123790864322,4.44673538957238,SPY,31.67,1.7186611935585725,6.329999923706055,133.02000427246094,12.601895898537487,0.3527289337350801,10612640768.0,18359930880.0,235118000.0,-5.4,-165248000.0,44914000.0,429331000.0,123259468.0,0.10669037093342798,1421925000.0,1200697000.0,32600000.0,-139226000.0,-787312000.0,-648086000.0,,,7.463572810098985,8.838733475639566,45.137508689253906,18.88718009501109,-16.188896,561896520.0,0.17288232822161595,0.81499,0.814,revenueGrowth,,,0.0,0.62328,-2.754,-1.8858501,0.30193645937725266,0.19347,USD,USD,USD,1.0,1.0,86.1,31.67,6.329999923706055,133.02000427246094,10612640768.0,235118000.0,yfinance,HUT,fresh,2026-10-01
HXGBY,Hexagon AB (publ),9.79,48.79249705301607,1.217080150622576,SPY,8.003,0.22329126577533412,6.31666898727417,10.649999618530273,0.5498675044906342,0.08075114078257183,26280058880.0,26738171904.0,6148945657.038689,0.9,1951484873.199463,734980710.8402252,4663454877.340794,2574127888.0,0.0,11587734905.469418,-2169009238.421917,54296076.571941376,1662774837.6488686,965427315.5808449,-697347522.0680237,0.71,10.877777777777776,2.2679202703882875,-12.116158112410947,4.273913016277393,4.8821212173610915,24.292805,5382918143.561586,0.21008191556395714,0.00028,0.04,revenueGrowth,0.0012335950966348632,0.0165,0.1766,0.65706,0.23976,0.09961,0.40244749430189675,1.527,USD,USD,EUR,1.0,1.133529782295227,9.79,8.003,6.31666898727417,10.649999618530273,26280058880.0,5424600000.0,yfinance,HXGBY,fresh,2026-10-01
HYDR,Global X Hydrogen ETF,44.18,48.93371811223535,2.642505477545437,SPY,31.69,0.39413064058062475,14.72060489654541,72.7698745727539,2.0012353643407708,0.392880635573589,,,,,,,,,,,,,,,,,,,,,,,,,,,,,0.0305,,,,,,,USD,USD,USD,1.0,1.0,44.18,31.69,14.72060489654541,72.7698745727539,,,yfinance,HYDR,fresh,2026-10-01
HYFM,"Hydrofarm Holdings Group, Inc.",0.96,45.29278348865361,3.6722843342718496,SPY,0.5,0.9199999999999999,0.5400000214576721,11.699999809265137,0.7777777071352385,0.9179487166111076,4626550.0,156625552.0,134252000.0,-60.89,-253961000.0,6309000.0,160082000.0,4819323.0,0.010721648139449924,-63296000.0,-66097000.0,-88592000.0,-14059000.0,-15083000.0,-1024000.0,,,-0.07309387639029323,-0.0699963689728732,0.034461683997258886,,-1.548387,0.0,0.002547069149485423,0.12981,-0.409,revenueGrowth,-0.0,,0.0,0.12020001,-0.17504999,-2.67198,-2.529101365015167,0.269,USD,USD,USD,1.0,1.0,0.96,0.5,0.5400000214576721,11.699999809265137,4626550.0,134252000.0,yfinance,HYFM,fresh,2026-10-01
HYG,iShares iBoxx $ High Yield Corporate Bond ETF,77.21,22.59896772561804,0.23009852519908497,SPY,77.16,0.0006480041472265055,60.38707733154297,79.4843978881836,0.27858481337147994,0.028614394127803026,,,,7.2726674,,,,195600000.0,,17206149600.0,,,,,,,10.63708756982342,0.87943065,,,,1289.3334,,,,,,,0.0588,,,,,,,USD,USD,USD,1.0,1.0,77.21,77.16,60.38707733154297,79.4843978881836,,,yfinance,HYG,stale_fallback,2026-09-30
HYMTF,HYMTF,,,,SPY,,,,,,,,,,,,,,,,,,,,,,,,,,,,,,,,,,,,,,,,,,USD,USD,USD,1.0,1.0,,,,,,,yfinance,HYMTF,unresolved,
HYSR,"SunHydrogen, Inc.",0.0182,46.4123788033655,0.7339054239627123,SPY,0.015,0.21333333333333343,0.009999999776482582,0.04399999976158142,0.8200000406801711,0.5863636341223046,104248872.0,74103080.0,0.0,0.0,-8187361.0,34628625.0,45829.0,5727959657.0,0.05786031321374669,37248978.0,36532009.0,37048679.0,-3647278.0,-3664278.0,-17000.0,,,2.798704222166847,2.853630962370561,83399.09,,,0.0,,6.0000002e-05,,,,,0.0,1.0,-60.16523,0.0,0.001230342480805782,0.37883,USD,USD,USD,1.0,1.0,0.0182,0.015,0.009999999776482582,0.04399999976158142,104248872.0,0.0,yfinance,HYSR,fresh,2026-10-01
IAU,iShares Gold Trust,78.1,39.893346219845036,0.7595294877550947,SPY,71.95,0.08547602501737306,34.470001220703125,101.56999969482422,1.2657382429418695,0.2310721646681289,,,,-1.65,,,,970150016.0,,33582712953.856,,,,,,,,2.256182,,,,,,,,,,,0.0,,,,,,,USD,USD,USD,1.0,1.0,78.1,71.95,34.470001220703125,101.56999969482422,,,yfinance,IAU,fresh,2026-10-01
IBB,iShares Biotechnology ETF,210.53,57.49821969444826,0.7718942087969471,SPY,144.65,0.4554441755962668,111.60653686523438,216.94834899902344,0.8863590423401128,0.02958468699410258,,,,8.004525,,,,,,,,,,,,,26.30137328573526,,,,,,,,,,,,0.2,,,,,,,USD,USD,USD,1.0,1.0,210.53,144.65,111.60653686523438,216.94834899902344,,,yfinance,IBB,fresh,2026-10-01
IBM,International Business Machines Corporation,219.93,37.22514565518262,0.8887082167306423,SPY,199.19,0.10412169285606712,124.33511352539062,326.8851013183594,0.7688486684422243,0.32719478767003773,207203614720.0,264432615424.0,67536000000.0,11.26,17284000000.0,13587000000.0,64607000000.0,942134390.0,0.012286043964618834,32648000000.0,-46459000000.0,-1714000000.0,13193000000.0,11455000000.0,-1738000000.0,2.08,19.531971580817054,6.346594422935555,-4.4599241206224844,3.0680468893627104,2.8345367035199827,16.727602,73099640750.0,,0.66586,0.011,revenueGrowth,0.004913041702364371,0.030699999999999998,0.5977,0.58098,0.16548,0.15522,1.978896103896104,0.791,USD,USD,USD,1.0,1.0,219.93,199.19,124.33511352539062,326.8851013183594,207203614720.0,67536000000.0,yfinance,IBM,fresh,2026-10-01
IBOT,Vaneck Robotics ETF,64.57,51.560191597711096,1.6722084338053322,SPY,47.92,0.34745409015025025,30.90888023376465,69.06999969482422,1.0890436506161154,0.06515129165638948,,,,2.1937768,,,,,,,,,,,,,29.433258661501018,,,,,,,,,,,,0.31,,,,,,,USD,USD,USD,1.0,1.0,64.57,47.92,30.90888023376465,69.06999969482422,,,yfinance,IBOT,fresh,2026-10-01
ICE,"Intercontinental Exchange, Inc.",152.03,43.147255898069496,0.24986031422738042,SPY,121.79,0.24829624763937921,100.87944030761719,185.454833984375,0.5070464262728522,0.18023166755087722,85348802560.0,104909807616.0,12640000000.0,7.09,6709000000.0,837000000.0,20279000000.0,561394487.0,-0.001736111111111111,28915000000.0,-17084000000.0,1662000000.0,4662000000.0,3871000000.0,-791000000.0,2.1,21.442877291960507,2.9517137319730242,-4.995832507609459,6.752278683544303,7.3593148615065855,17.2749,11597384290.0,0.22457432121491025,0.96683,0.048,revenueGrowth,0.01636812653602155,0.0137,0.2821,1.0,0.52626,0.38246,0.7013314888466194,1.012,USD,USD,USD,1.0,1.0,152.03,121.79,100.87944030761719,185.454833984375,85348802560.0,12640000000.0,yfinance,ICE,fresh,2026-10-01
ICLN,iShares Global Clean Energy ETF,17.0,41.424367186296784,1.6319270236049854,SPY,15.54,0.09395109395109401,10.340421676635742,23.686424255371094,0.6440335347649916,0.2822893056074047,,,,0.81880903,,,,,,,,,,,,,20.761861895929506,,,,,,,,,,,,0.0106,,,,,,,USD,USD,USD,1.0,1.0,17.0,15.54,10.340421676635742,23.686424255371094,,,yfinance,ICLN,fresh,2026-10-01
IDCC,"InterDigital, Inc.",326.07,46.321879249732525,1.3513802026682755,SPY,249.14,0.3087822108051698,72.69416809082031,393.77691650390625,3.4855042510786434,0.17194231979119734,8414565376.0,7702403584.0,834015000.0,8.5,586925000.0,738960000.0,488208000.0,25806007.0,0.16031099592743428,1101120000.0,758290000.0,635468000.0,544450000.0,473935000.0,-70515000.0,1.32,38.361176470588234,7.641824120895088,11.096764266969101,10.089225464769818,11.155092799522752,28.139807,754325000.0,0.1337531314439578,0.010896701,-0.134,revenueGrowth,0.012159748653428252,0.93,0.3176,0.82498,0.53518003,0.38323003,0.4433740191804708,1.743,USD,USD,USD,1.0,1.0,326.07,249.14,72.69416809082031,393.77691650390625,8414565376.0,834015000.0,yfinance,IDCC,fresh,2026-10-01
IDXX,"IDEXX Laboratories, Inc.",522.19,52.84201030040839,0.8609672201960008,SPY,500.61,0.04310740896106758,361.0400085449219,766.6799926757812,0.44634940073414975,0.3188944475027833,41138712576.0,42037858304.0,4303702000.0,14.23,1508224000.0,180070000.0,976062000.0,78781116.0,-0.026679960598707444,1605383000.0,1081536000.0,265013000.0,1181805000.0,1043579000.0,-138226000.0,2.92,36.6964160224877,25.62548163024026,38.037303035682584,9.558912902426794,8.002267816411067,31.199326,5140881750.0,0.19991481578535994,0.96725,0.097,revenueGrowth,0.02958196608004615,,0.0,0.62446,0.3498,0.25030002,0.6079932327675078,1.172,USD,USD,USD,1.0,1.0,522.19,500.61,361.0400085449219,766.6799926757812,41138712576.0,4303702000.0,yfinance,IDXX,fresh,2026-10-01
IDYA,"IDEAYA Biosciences, Inc.",38.42,48.07315484301636,0.9963319642556234,SPY,26.05,0.47485604606525916,14.5,47.130001068115234,1.6496551724137931,0.18480799640821124,3707126016.0,2907478016.0,218710000.0,-1.92,-154720000.0,112825000.0,27914000.0,96489484.0,0.08334145362814589,1022934000.0,1022934000.0,607912000.0,-71098000.0,-73466000.0,-2368000.0,,,3.6240129040583264,3.6240129040583264,16.94996120890677,30.9547216870994,-9.374985,119759630.0,,0.0107668,,,,,0.0,-0.59745,-0.13807270000000002,-0.74754,0.027288173039511837,0.10451,USD,USD,USD,1.0,1.0,38.42,26.05,14.5,47.130001068115234,3707126016.0,218710000.0,yfinance,IDYA,fresh,2026-10-01
IEF,iShares 7-10 Year Treasury Bond ETF,89.31,28.09596805401935,0.11700660355838455,SPY,89.15,0.0017947279865395017,79.83436584472656,95.74549865722656,0.11869116833348467,0.06721463408181674,,,,,,,,,,,,,,,,,,,,,,,,,,,,,0.0397,,,,,,,USD,USD,USD,1.0,1.0,89.31,89.15,79.83436584472656,95.74549865722656,,,yfinance,IEF,fresh,2026-10-01
IEUR,iShares Core MSCI Europe ETF,73.7,38.37847875163265,0.9060161652740999,SPY,66.45,0.109104589917231,42.93817138671875,78.7699966430664,0.7164214874505863,0.06436456594051006,,,,4.271765,,,,,,,,,,,,,17.25282172591423,,,,,,,,,,,,0.030899999999999997,,,,,,,USD,USD,USD,1.0,1.0,73.7,66.45,42.93817138671875,78.7699966430664,,,yfinance,IEUR,fresh,2026-10-01
IFF,International Flavors & Fragrances Inc.,83.48,54.31248173151806,0.7194611570000521,SPY,59.14,0.4115657761244505,58.25315475463867,101.53688049316406,0.433055434535973,0.17783568300958125,21299920896.0,27042918400.0,10890000000.0,-3.09,779000000.0,590000000.0,6619000000.0,255149963.0,0.0,14154000000.0,-158000000.0,1661000000.0,850000000.0,254000000.0,-596000000.0,1.76,,1.5048693582026282,-134.80962592405064,1.9559156011019283,2.717499042202423,21.075434,7838060130.0,0.12864077669902912,0.010958,0.018,revenueGrowth,0.001784044184273763,0.018799999999999997,0.4954,0.36583,0.08495,0.02569,0.46764165606895575,2.061,USD,USD,USD,1.0,1.0,83.48,59.14,58.25315475463867,101.53688049316406,21299920896.0,10890000000.0,yfinance,IFF,fresh,2026-10-01
IFNNY,Infineon Technologies AG,67.4,52.6471105473008,2.679147637908485,SPY,36.1,0.8670360110803325,26.208059310913086,102.41000366210938,1.5717280016965818,0.34186116990700494,87586275328.0,93474603008.0,16619813668.012619,0.93,3982090125.2031326,1537066384.792328,8179550909.042358,1299499659.0,0.0018390804597701149,19327816317.915916,6719564549.446106,4578326790.690422,3646565309.6437454,1272953945.51754,-2373611364.1262054,0.52,72.47311827956989,4.53161774135922,13.034516549918363,5.269991413716823,3.885620544002429,19.654558,22541129360.454926,0.2690909090909091,0.0060900003,0.126,revenueGrowth,0.00010353492284495901,0.61,0.42560002,0.41132998,0.14238,0.07774,0.42320098527945577,1.728,USD,USD,EUR,1.0,1.133529782295227,67.4,36.1,26.208059310913086,102.41000366210938,87586275328.0,14662000000.0,yfinance,IFNNY,fresh,2026-10-01
IGV,iShares Expanded Tech-Software Sector ETF,106.48,51.67536431039587,1.2061019173310146,SPY,73.93,0.4402813472203435,65.82565307617188,117.7679214477539,0.6176064349378181,0.09584886367177356,,,,3.2158153,,,,12500000.0,,4987237500.0,,,,,,,33.11135437411471,0.26688123,,,,,,,,,,,0.02,,,,,,,USD,USD,USD,1.0,1.0,106.48,73.93,65.82565307617188,117.7679214477539,,,yfinance,IGV,fresh,2026-10-01
IHF,iShares U.S. Healthcare Providers ETF,54.89,41.30722754104167,0.3764699287878515,SPY,40.85,0.3436964504283965,40.27394104003906,57.97687911987305,0.36291603410329576,0.053243278471243896,,,,2.6581576,,,,,,,,,,,,,20.649640939273127,,,,,,,,,,,,0.92,,,,,,,USD,USD,USD,1.0,1.0,54.89,40.85,40.27394104003906,57.97687911987305,,,yfinance,IHF,fresh,2026-10-01
IHI,iShares U.S. Medical Devices ETF,51.15,43.412605504956396,0.439593403096727,SPY,47.37,0.07979734008866374,43.851707458496094,64.61515045166016,0.1664312056357543,0.20838998837793773,,,,1.7722328,,,,,,,,,,,,,28.861896698898697,,,,,,,,,,,,0.44,,,,,,,USD,USD,USD,1.0,1.0,51.15,47.37,43.851707458496094,64.61515045166016,,,yfinance,IHI,fresh,2026-10-01
ILIT,Ishares Lithium Miners And Producers ETF,12.695,30.175281283732232,1.8053382695227331,SPY,12.2,0.040573770491803364,6.276632785797119,23.73031234741211,1.0225812841443396,0.46503021898131724,,,,0.7267684,,,,,,,,,,,,,17.467738002918125,,,,,,,,,,,,0.0206,,,,,,,USD,USD,USD,1.0,1.0,12.695,12.2,6.276632785797119,23.73031234741211,,,yfinance,ILIT,fresh,2026-10-01
ILMN,"Illumina, Inc.",273.68,74.28186772021253,0.7665366386023976,SPY,88.0,2.11,70.30000305175781,273.8999938964844,2.893029702978893,0.0008031905855664639,41325678592.0,42684678144.0,4343000000.0,5.37,1457000000.0,1418000000.0,2553000000.0,151000000.0,-0.018867924528301886,2723000000.0,1400000000.0,1704000000.0,1079000000.0,931000000.0,-148000000.0,3.36,50.96461824953445,15.176525373485127,29.51834185142857,9.515468245912963,8.399365849653458,44.82949,4920095080.0,0.21731123388581952,0.010647,0.094,revenueGrowth,0.017954938074353593,,0.0,0.67934996,0.21139,0.18336001,0.9375688578773411,1.796,USD,USD,USD,1.0,1.0,273.68,88.0,70.30000305175781,273.8999938964844,41325678592.0,4343000000.0,yfinance,ILMN,fresh,2026-10-01
IMMR,Immersion Corporation,7.23,46.226245050920014,1.3769640310001086,SPY,5.25,0.3771428571428572,5.335556983947754,12.379260063171387,0.3550600287377227,0.4159586305558412,240079664.0,563809728.0,1730694000.0,0.34,80833000.0,138286000.0,222681000.0,33206041.0,0.0037572341908311364,297165000.0,140270000.0,381801000.0,59066000.0,42870000.0,-16196000.0,2.21,21.264705882352942,0.8079002035905978,1.7115538889284951,0.1387187243961093,,13.145454,0.0,0.6460486380575512,0.62217,0.008,revenueGrowth,4.165284070041018e-05,0.041299999999999996,0.79410005,0.21535999,-0.06787,0.00596,0.7493513704507597,2.138,USD,USD,USD,1.0,1.0,7.23,5.25,5.335556983947754,12.379260063171387,240079664.0,1730694000.0,yfinance,IMMR,fresh,2026-10-01
IMNM,"Immunome, Inc.",21.51,34.83218114144029,1.6754785989626304,SPY,11.25,0.9120000000000001,5.559999942779541,29.825000762939453,2.868705075785806,0.27879297737593595,2443054848.0,1932341888.0,6941000.0,-2.53,-221158000.0,653482000.0,3855000.0,113577629.0,0.48962804744335814,634343000.0,634343000.0,615787000.0,-190919000.0,-206850000.0,-15931000.0,,,3.851315215900546,3.851315215900546,351.9744774528166,45.02483678632721,-8.863998,54260160.0,,0.010683199999999999,,,,,0.0,0.0,0.0,0.0,0.006077153842637185,0.15077,USD,USD,USD,1.0,1.0,21.51,11.25,5.559999942779541,29.825000762939453,2443054848.0,6941000.0,yfinance,IMNM,fresh,2026-10-01
INCY,Incyte Corporation,121.35,47.39552476445016,0.44999062262097217,SPY,82.82,0.46522579087177013,51.18000030517578,129.92999267578125,1.371043362180832,0.06603550495989947,24597370880.0,20081655808.0,5141242000.0,7.85,1760165000.0,3097817000.0,40412000.0,202697746.0,-0.04669168289554933,5167478000.0,4917347000.0,3508732000.0,1413498000.0,1329631000.0,-83867000.0,10.82,15.45859872611465,4.760033981760541,5.002162930539577,4.784324659294389,3.9257999407402595,13.657112,6265569120.0,0.22698235033653738,0.010349200000000001,0.377,revenueGrowth,-0.0,,0.0,0.55659,0.41899,0.27706,0.007820449356533303,4.593,USD,USD,USD,1.0,1.0,121.35,82.82,51.18000030517578,129.92999267578125,24597370880.0,5141242000.0,yfinance,INCY,fresh,2026-10-01
INDA,iShares MSCI India ETF,46.68,33.34931610395226,0.6850267948350538,SPY,45.21,0.03251493032514928,42.42308044433594,58.774784088134766,0.10034442362688963,0.20578185485119316,,,,2.177172,,,,,,,,,,,,,21.4406578809575,,,,,,,,,,,,0.0,,,,,,,USD,USD,USD,1.0,1.0,46.68,45.21,42.42308044433594,58.774784088134766,,,yfinance,INDA,fresh,2026-10-01
INDI,"indie Semiconductor, Inc.",2.925,36.74787273987944,2.8364401491782205,SPY,2.32,0.2607758620689655,1.600000023841858,8.569999694824219,0.828124972758815,0.6586931033653911,678040960.0,957252544.0,217394000.0,-0.73,-94180000.0,145456000.0,369674000.0,217928736.0,0.12693153417149608,358031000.0,-130521000.0,209222000.0,-57130000.0,-71424000.0,-14294000.0,,,1.8938051732950498,-5.1948802108472965,3.1189497410232114,1.9095530887760406,35.428776,355078350.0,0.019599934948772157,0.0113353,0.24,revenueGrowth,-0.0,,0.0,-0.27054,-0.54807997,-0.64785004,1.0325195304317223,3.653,USD,USD,USD,1.0,1.0,2.925,2.32,1.600000023841858,8.569999694824219,678040960.0,217394000.0,yfinance,INDI,fresh,2026-10-01
INFY,Infosys Limited,10.76,37.74933805647275,0.47988154655826065,SPY,10.3,0.04466019417475719,10.489999771118164,22.270336151123047,0.02573882123670013,0.5168460894804502,43581698048.0,85002379264.0,20158000000.0,0.81,5105000000.0,2341000000.0,967000000.0,4050343559.0,-0.0076933097845934455,9786000000.0,8210000000.0,5396000000.0,4039000000.0,3733000000.0,-306000000.0,1.8,13.28395061728395,4.453474151645207,5.308367606333739,2.1620050624069846,0.02154514707953684,12.691524,2022808100920.0,0.26409232134931204,0.14429,0.029,revenueGrowth,0.046028495672441036,0.0492,0.6464,0.29676,0.21173,0.16370001,0.0988146331493971,1.862,USD,USD,USD,1.0,1.0,10.76,10.3,10.489999771118164,22.270336151123047,43581698048.0,20158000000.0,yfinance,INFY,fresh,2026-10-01
INOD,Innodata Inc.,65.76,59.87510051390999,3.3141520516231706,SPY,34.23,0.921121822962314,5.690000057220459,121.5,10.557117634217299,0.4587654320987654,2261003264.0,2014381184.0,251663000.0,1.29,46762000.0,82230000.0,4430000.0,34382651.0,0.08851042670230289,107145000.0,91083000.0,84862000.0,46752000.0,35648000.0,-11104000.0,0.87,50.97674418604652,21.102275085164962,24.823548455804048,8.984249826156407,4.914762392448971,31.499231,460043250.0,0.22315027157513578,0.58472,0.578,revenueGrowth,,,0.0,0.43198,0.17212999,0.14656,0.04134583974987167,1.728,USD,USD,USD,1.0,1.0,65.76,34.23,5.690000057220459,121.5,2261003264.0,251663000.0,yfinance,INOD,fresh,2026-10-01
INSM,Insmed Incorporated,114.14,41.02417563403778,0.516354081484096,SPY,90.39,0.26275030423719437,22.0,211.41000366210938,4.1881818181818184,0.46010123445990414,24926064640.0,24505477120.0,606423000.0,-4.12,-1177720000.0,510445000.0,573857000.0,218381503.0,0.21318190962125785,738976000.0,505215000.0,1325334000.0,-935014000.0,-967575000.0,-32561000.0,1.09,,33.730546918979776,49.337538750828855,41.10342886071274,8.668014544185452,148.89897,2875637150.0,,0.0104985,2.961,revenueGrowth,,,0.0,0.83455,-0.23809999,-0.76941,0.7765570194431213,3.724,USD,USD,USD,1.0,1.0,114.14,90.39,22.0,211.41000366210938,24926064640.0,606423000.0,yfinance,INSM,fresh,2026-10-01
INTC,Intel Corporation,120.23,58.40940195778971,2.965746935378786,SPY,32.89,2.6555183946488294,18.1299991607666,140.94000244140625,5.63155022423709,0.1469419758951411,635548401664.0,642851143680.0,52853000000.0,-2.09,14354000000.0,14265000000.0,46585000000.0,5286105262.0,0.05841121495327103,114281000000.0,87597000000.0,32113000000.0,9697000000.0,-4949000000.0,-14646000000.0,1.36,,5.561277917274087,7.255367211936482,12.024831166896865,8.826162217795025,58.30521,72007332970.0,0.98330122029544,0.62579,0.254,revenueGrowth,-0.0,,0.0,0.38873002,0.12189999,-0.19794,0.4076355649670549,1.604,USD,USD,USD,1.0,1.0,120.23,32.89,18.1299991607666,140.94000244140625,635548401664.0,52853000000.0,yfinance,INTC,fresh,2026-10-01
INTU,Intuit Inc.,275.71,27.380221740910983,0.3028147789068986,SPY,252.84,0.09045246005378886,253.9451141357422,798.4204711914062,0.0857070471244575,0.6546806977674502,73679634432.0,74900635648.0,21448000000.0,16.46,7119000000.0,4705000000.0,8421000000.0,267236000.0,-0.02120141342756184,18992000000.0,369000000.0,5148000000.0,8838000000.0,8617000000.0,-221000000.0,0.85,16.750303766707166,3.8795089738837407,199.67380604878048,3.43526829690414,2.8815422383426035,10.183037,25569513940.0,0.24115007478810038,0.93535006,0.137,revenueGrowth,0.07345313317202752,0.0206,0.2916,0.80982,0.17638999,0.21289,0.4433972198820556,1.507,USD,USD,USD,1.0,1.0,275.71,252.84,253.9451141357422,798.4204711914062,73679634432.0,21448000000.0,yfinance,INTU,fresh,2026-10-01
INVH,Invitation Homes Inc.,26.33,26.97370423496632,0.08787517637943386,SPY,24.25,0.0857731958762886,23.58642578125,34.11722183227539,0.11632004968429761,0.22824900194272463,15551110144.0,24061941760.0,2729296000.0,1.09,1690169000.0,129971000.0,8380020000.0,590623226.0,-0.0007395495724595299,9530132000.0,9271925000.0,193722000.0,1206230000.0,963478000.0,-242752000.0,13.14,24.15596330275229,1.6317832894654554,1.6772256186282783,5.697846676945264,5.1404563791187154,37.03808,3025239200.0,,0.010270600000000001,0.101,revenueGrowth,0.0034214277635046244,0.0452,1.0917,0.56262,0.25115,0.23197001,0.8793183557163742,0.43,USD,USD,USD,1.0,1.0,26.33,24.25,23.58642578125,34.11722183227539,15551110144.0,2729296000.0,yfinance,INVH,fresh,2026-10-01
INVZ,Innoviz Technologies Ltd.,0.3632,53.68185832516335,2.3606540085151275,SPY,0.291,0.248109965635739,0.30300000309944153,2.880000114440918,0.1986798557252868,0.873888893900094,108272504.0,68385208.0,55089000.0,-0.38,-61860000.0,8638000.0,35251000.0,298107111.0,0.1954307860482548,77718000.0,77718000.0,58807000.0,-47918000.0,-52168000.0,-4250000.0,,,1.393145783473584,1.393145783473584,1.9654105901359618,1.136786514183097,-2.0590737,95244360.0,,0.11529,0.855,revenueGrowth,,,0.0,0.0654,-1.01864,-1.53097,0.4535757482179161,1.732,USD,USD,USD,1.0,1.0,0.3632,0.291,0.30300000309944153,2.880000114440918,108272504.0,55089000.0,yfinance,INVZ,fresh,2026-10-01
IONQ,"IonQ, Inc.",43.86,58.0628670189068,3.55649832504755,SPY,25.89,0.6940903823870219,6.570000171661377,82.08999633789062,5.675798912332293,0.4657083450282071,17769248768.0,14658661376.0,130016000.0,-3.87,-551711000.0,1030865000.0,30021000.0,405135656.0,0.31599249709071797,3799517000.0,1068501000.0,2419614000.0,-283187000.0,-299604000.0,-16417000.0,,,4.676712531619151,16.63007219272607,136.66970809746493,21.818202496287157,-33.934235,814423130.0,0.08006567353999422,0.50617003,2.868,revenueGrowth,,,0.0,0.30854,-4.08174,0.0,0.007901267450573323,0.1066,USD,USD,USD,1.0,1.0,43.86,25.89,6.570000171661377,82.08999633789062,17769248768.0,130016000.0,yfinance,IONQ,fresh,2026-10-01
IONZ,Defiance Daily Target 2X Short IONQ ETF,20.32,37.58420339284448,-7.148340313162691,SPY,17.07,0.1903925014645577,18.399999618530273,1377.1199951171875,0.10434784898235175,0.985244568322261,,,,,,,,,,,,,,,,,,,,,,,,,,,,,0.0,,,,,,,USD,USD,USD,1.0,1.0,20.32,17.07,18.399999618530273,1377.1199951171875,,,yfinance,IONZ,fresh,2026-10-01
IOT,Samsara Inc.,38.13,45.4671709657565,0.9055446793684241,SPY,23.38,0.6308810949529514,22.139999389648438,60.959999084472656,0.722222269700138,0.37450786462179864,22329126912.0,21569689600.0,1618635000.0,0.15,-28528000.0,318789000.0,72768000.0,380273036.0,0.030855971367714088,1420447000.0,1420447000.0,590080000.0,236210000.0,207444000.0,-28766000.0,,254.20000000000002,15.719788849566369,15.719788849566369,13.795035268605956,9.095997576467528,40.157978,2454829910.0,11.062913907284768,0.0107666,0.299,revenueGrowth,-0.0,,0.0,0.76432,0.00959,0.04901,0.05122894412815121,1.625,USD,USD,USD,1.0,1.0,38.13,23.38,22.139999389648438,60.959999084472656,22329126912.0,1618635000.0,yfinance,IOT,fresh,2026-10-01
IPGP,IPG Photonics Corporation,78.28,49.215878103820145,2.0437023725718717,SPY,69.41,0.12779138452672534,49.68000030517578,153.91000366210938,0.5756843703530453,0.49139108480658483,3329603840.0,2471986688.0,1003777000.0,0.65,89913000.0,403790000.0,17250000.0,42534539.0,-0.03802778780223746,2128130000.0,2006462000.0,1189403000.0,75344000.0,-3454000.0,-78798000.0,1.83,120.43076923076923,1.5645678788419881,1.6594402684925007,3.3170752467928635,2.719250032751261,33.92945,1224456670.0,0.3104488202944829,0.75131,0.111,revenueGrowth,0.01595745396545434,,0.0,0.37877998,0.05904,0.02577,0.00810570782799923,6.179,USD,USD,USD,1.0,1.0,78.28,69.41,49.68000030517578,153.91000366210938,3329603840.0,1003777000.0,yfinance,IPGP,fresh,2026-10-01
IQV,IQVIA Holdings Inc.,268.85,58.36470054906425,0.7434764354573283,SPY,154.5,0.7401294498381878,137.0,275.0199890136719,0.9624087591240877,0.022434692968317762,44252712960.0,58557710336.0,16310000000.0,8.04,3464000000.0,1980000000.0,15949000000.0,164600000.0,-0.0539803707742639,6503000000.0,-15075000000.0,-2089000000.0,2654000000.0,2051000000.0,-603000000.0,0.98,33.43905472636816,6.804968931262494,-2.9355033472636816,2.7132258099325566,2.3952996404373352,18.577368,18474813010.0,0.1583909490886235,0.010341499999999998,0.087,revenueGrowth,0.028111270853031108,,0.0,0.32968,0.13027,0.08096,2.4525603567584193,0.706,USD,USD,USD,1.0,1.0,268.85,154.5,137.0,275.0199890136719,44252712960.0,16310000000.0,yfinance,IQV,fresh,2026-10-01
IRD,"Opus Genetics, Inc.",4.84,52.90049677983266,1.0334310343990554,SPY,1.62,1.987654320987654,0.7099999785423279,6.070000171661377,5.816901614471605,0.20263593688247333,402667808.0,350059776.0,14196000.0,-1.29,-48072000.0,45091000.0,1129000.0,83195823.0,1.3290539366509198,15348000.0,15348000.0,42263000.0,-35253000.0,,,,,26.235848840239772,26.235848840239772,28.36487799380107,29.621256624304465,-6.7692313,13593880.0,-0.0,0.69263,-0.738,revenueGrowth,0.0003774823737585697,,0.0,-2.91853,-0.2182781,0.0,0.07356007297367735,0.12189,USD,USD,USD,1.0,1.0,4.84,1.62,0.7099999785423279,6.070000171661377,402667808.0,14196000.0,yfinance,IRD,fresh,2026-10-01
IRDM,Iridium Communications Inc.,47.9,51.20176050355783,1.382542813645315,SPY,15.65,2.060702875399361,15.518256187438965,55.53901290893555,2.0866870234280563,0.13754318827129397,5076516352.0,6681544192.0,871659000.0,0.87,443272000.0,96501000.0,1760526000.0,105981552.0,-0.10065770827172994,462600000.0,276730000.0,164833000.0,400073000.0,299793000.0,-100280000.0,1.87,55.05747126436781,10.973878841331604,18.34465490550356,5.82397055729362,5.101692900361711,27.930029,995065060.0,0.19071492200285886,0.89958,0.038,revenueGrowth,0.036732867003675514,0.0125,0.6897,0.71851,0.15099,0.10548,3.8057198443579767,2.782,USD,USD,USD,1.0,1.0,47.9,15.65,15.518256187438965,55.53901290893555,5076516352.0,871659000.0,yfinance,IRDM,fresh,2026-10-01
IREN,IREN Limited,40.88,45.28186411634838,3.8321157266813644,SPY,28.93,0.41306602143104054,2.8299999237060547,76.41000366210938,13.44523007140763,0.4649915189014471,16109118464.0,18053052416.0,707007000.0,-2.22,-231703000.0,5895591000.0,7839526000.0,394058648.0,0.22479354760753867,4185613000.0,3831604000.0,5665076000.0,2100418000.0,-2350426000.0,-4450844000.0,3.11,,3.848687985248517,4.204275406331134,22.784949037279688,2.203812631840712,-10.264548,7309658830.0,0.008553895041929889,0.59233004,-0.267,revenueGrowth,,,0.0,0.68924004,-1.0247,-0.9938,1.8729696223707257,3.551,USD,USD,USD,1.0,1.0,40.88,28.93,2.8299999237060547,76.41000366210938,16109118464.0,707007000.0,yfinance,IREN,fresh,2026-10-01
IRS,IRSA Inversiones y Representaciones Sociedad Anónima,13.92,32.75624667408641,1.3799333322403804,SPY,10.87,0.28058877644894215,4.715773105621338,18.40999984741211,1.951795959692581,0.24388918439036641,1177624960.0,1048943722496.0,431241473.611095,3.3,444400391.7503869,74098100.18911958,668989928.7120206,84599499.0,0.013370322173970994,1495021243.0839891,1476528195.5644023,224441330.26874626,99211921.03344947,92981337.8957333,-6230583.137716167,2.73,4.218181818181819,0.7876978106148836,0.7975634759550618,2.730778536069129,2.9263875486895854,53.745174,402415927.626309,0.2627450499644487,0.19601,0.041,revenueGrowth,-0.0,0.17170000000000002,0.4052,0.65952003,0.39091998,0.56479,0.4474785437376138,0.743,USD,USD,ARS,1.0,0.0006557818269357085,13.92,10.87,4.715773105621338,18.40999984741211,1177624960.0,657599000000.0,yfinance,IRS,fresh,2026-10-01
ISRG,"Intuitive Surgical, Inc.",406.63,67.2058825904061,0.9335889685252087,SPY,328.57,0.237574945978026,258.489990234375,610.4500122070312,0.573097664754079,0.33388485237331217,145686609920.0,138566549504.0,10064700000.0,8.74,3622600000.0,3368000000.0,87000000.0,358278038.0,0.0019337016574585636,17824000000.0,17442600000.0,7773300000.0,3030500000.0,2490700000.0,-539800000.0,1.92,46.525171624713956,8.17362039497307,8.352344829325903,14.475007692231264,10.98621585207801,33.629215,13260854500.0,0.1313039801896479,0.89445,0.185,revenueGrowth,0.015755051210680267,,0.0,0.66679,0.33603,0.28445998,0.004881059245960503,4.963,USD,USD,USD,1.0,1.0,406.63,328.57,258.489990234375,610.4500122070312,145686609920.0,10064700000.0,yfinance,ISRG,fresh,2026-10-01
IT,"Gartner, Inc.",186.54,52.010020483269635,0.4611714166340553,SPY,124.25,0.501327967806841,125.7300033569336,551.7999877929688,0.483655412546467,0.6619427253956585,11779809280.0,13620599808.0,6497226000.0,11.11,1293704000.0,1722521000.0,3347950000.0,63148976.0,-0.03488728331078148,319908000.0,-2757197000.0,-5755000.0,1290365000.0,1175223000.0,-115142000.0,0.74,16.79027902790279,36.82249046600898,-4.272385788900829,1.8130521056216915,1.7634015266813556,11.403113,6680162800.0,0.2467540113911734,0.012016899999999999,-0.006,revenueGrowth,0.16903049554296348,,0.0,0.69629997,0.22623,0.11996,10.465352538854921,0.88,USD,USD,USD,1.0,1.0,186.54,124.25,125.7300033569336,551.7999877929688,11779809280.0,6497226000.0,yfinance,IT,fresh,2026-10-01
ITA,iShares U.S. Aerospace & Defense ETF,207.18,26.362600403073543,1.0205673005478357,SPY,195.71,0.05860712278371059,101.01963806152344,252.9268035888672,1.0508883616651081,0.18086973361363734,,,,6.587898,,,,,,,,,,,,,31.44857434040418,,,,,,,,,,,,0.47,,,,,,,USD,USD,USD,1.0,1.0,207.18,195.71,101.01963806152344,252.9268035888672,,,yfinance,ITA,fresh,2026-10-01
ITB,iShares U.S. Home Construction ETF,87.02,41.83513857553937,0.999903313059184,SPY,84.98,0.02400564838785587,69.00458526611328,125.51850128173828,0.2610756178652625,0.306715750177137,,,,5.8452134,,,,,,,,,,,,,14.887394872529377,,,,,,,,,,,,0.68,,,,,,,USD,USD,USD,1.0,1.0,87.02,84.98,69.00458526611328,125.51850128173828,,,yfinance,ITB,fresh,2026-10-01
ITRI,"Itron, Inc.",86.34,31.689694402584834,1.4581007570204578,SPY,77.77,0.1101967339591103,56.810001373291016,138.4199981689453,0.5198028148718263,0.37624619894431927,3780548096.0,4658581504.0,2367194000.0,5.98,414235000.0,1020397000.0,1267950000.0,43786753.0,0.0029445514971745295,1716596000.0,288276000.0,810091000.0,405952000.0,383061000.0,-22891000.0,0.68,14.438127090301004,2.20235168671021,13.114335206538179,1.5970588367493328,1.4848176007163356,12.483137,2546136370.0,0.11374745447267777,0.0125269,-0.072,revenueGrowth,0.02645119106031339,,0.0,0.39869,0.13455,0.11895,0.7386420567215582,2.746,USD,USD,USD,1.0,1.0,86.34,77.77,56.810001373291016,138.4199981689453,3780548096.0,2367194000.0,yfinance,ITRI,fresh,2026-10-01
ITW,Illinois Tool Works Inc.,257.28,40.62843666615777,0.48527429799015337,SPY,238.82,0.07729670881835683,208.39683532714844,297.32000732421875,0.23456769195229418,0.1346697374474242,73273344000.0,82129346560.0,16044000000.0,11.03,4655000000.0,851000000.0,9211000000.0,284800000.0,-0.018468770987239758,3225000000.0,-2464000000.0,1074000000.0,3126000000.0,2707000000.0,-419000000.0,2.48,23.325475974614687,22.720416744186046,-29.73755844155844,4.567024682124159,4.194782535051296,20.768017,17467733640.0,0.22692889561270801,0.86816,0.061,revenueGrowth,0.020471291715579407,0.0258,0.5833,0.44162,0.26900998,0.19393998,2.856124031007752,1.109,USD,USD,USD,1.0,1.0,257.28,238.82,208.39683532714844,297.32000732421875,73273344000.0,16044000000.0,yfinance,ITW,fresh,2026-10-01
IWM,iShares Russell 2000 ETF,277.89,31.488365078524524,1.1815654973385927,SPY,228.9,0.2140235910878112,156.8976287841797,304.2952575683594,0.7711548743815063,0.08677512025447026,,,,16.986216,,,,281049984.0,,61463945200.895996,,,,,,,16.359735446670406,1.2706796,,,,,,,,,,,0.9,,,,,,,USD,USD,USD,1.0,1.0,277.89,228.9,156.8976287841797,304.2952575683594,,,yfinance,IWM,fresh,2026-10-01
IYH,iShares U.S. Healthcare ETF,71.56,57.71358876233693,0.31835874965768785,SPY,58.96,0.2137042062415197,49.62750244140625,74.12967681884766,0.441942400476204,0.03466461650881374,,,,2.3672972,,,,,,,,,,,,,30.228566147081153,,,,,,,,,,,,0.0111,,,,,,,USD,USD,USD,1.0,1.0,71.56,58.96,49.62750244140625,74.12967681884766,,,yfinance,IYH,fresh,2026-10-01
J,Jacobs Solutions Inc.,135.27,37.31384734902149,0.8613138455289402,SPY,105.68,0.27999621498864496,98.6612319946289,162.70655822753906,0.371055249009703,0.1686260131516644,15831813120.0,18693523456.0,12029783000.0,3.02,926841000.0,1235448000.0,2709857000.0,117038611.0,-0.03137089791151961,3640807000.0,-1857681000.0,1008420000.0,686704000.0,607472000.0,-79232000.0,0.41,44.79139072847683,4.348435146383755,-8.522352933576864,1.3160514300216388,1.006725476118922,16.362686,15726047960.0,0.39662212016331877,0.94792,0.345,revenueGrowth,0.047633836648016216,0.0106,0.4518,0.22067,0.07387,0.0238,0.7443011947625897,1.287,USD,USD,USD,1.0,1.0,135.27,105.68,98.6612319946289,162.70655822753906,15831813120.0,12029783000.0,yfinance,J,fresh,2026-10-01
JAZZ,Jazz Pharmaceuticals plc,231.52,36.71724515657062,0.525093522396129,SPY,128.8,0.7975155279503104,97.77999877929688,261.6199951171875,1.367764398551211,0.11505234951061287,15029022720.0,17239820288.0,4267586000.0,14.61,263489000.0,1391899000.0,5423866000.0,64914577.0,-0.07614343933219204,4318584000.0,-1940266000.0,1923522000.0,1355773000.0,1146021000.0,-209752000.0,0.96,15.846680355920604,3.480081137706248,-7.7458568670481265,3.5216683905139816,3.009549663716124,8.995061,4993777940.0,0.4339238587007592,0.0102349,0.155,revenueGrowth,0.008318771109023914,,0.0,0.91353995,0.26914,0.20445,1.2559362050153475,1.779,USD,USD,USD,1.0,1.0,231.52,128.8,97.77999877929688,261.6199951171875,15029022720.0,4267586000.0,yfinance,JAZZ,fresh,2026-10-01
JBTM,JBT Marel Corporation,105.59,37.92483051145198,1.0220243220855159,SPY,105.31,0.002658816826512213,84.41740417480469,168.16908264160156,0.2508084207535312,0.37212002146059625,5477672960.0,7041576448.0,3798200000.0,3.71,318200000.0,167900000.0,1881900000.0,51876817.0,0.6149068322981367,4463800000.0,-1189900000.0,-39100000.0,341700000.0,238100000.0,-103600000.0,1.22,28.460916442048518,1.227132255029347,-4.603473367509875,1.4421760202201042,1.2966592071170435,11.441581,4224450750.0,0.20993589743589744,0.0109247,0.049,revenueGrowth,-0.0,0.36,0.1078,0.35551,0.08053,0.04903,0.4215914691518437,1.239,USD,USD,USD,1.0,1.0,105.59,105.31,84.41740417480469,168.16908264160156,5477672960.0,3798200000.0,yfinance,JBTM,fresh,2026-10-01
JD,"JD.com, Inc.",26.6,32.42487234883724,0.7979069012821453,SPY,24.508,0.08535988248735117,19.548694610595703,44.15753173828125,0.3607046674913208,0.3976112578561585,35923300352.0,-17346600960.0,195298364535.34662,1.5,5650156376.436353,20511411820.6501,15978665505.722164,1350500000.0,-0.03185955786736021,33573025399.446487,22996865976.154804,10196777075.30558,2833208875.581622,717141544.1483259,-2116067331.4332962,0.48,17.733333333333334,1.0700048602885894,1.5620954781076897,0.18394061024253136,0.16769454357035685,6.349729,214218659636.5209,0.0861272361094657,0.16537,-0.029,revenueGrowth,0.08899727341681561,0.038,0.6785,0.09421,0.01196,0.01126,0.4759376110913615,1.141,USD,USD,CNY,1.0,0.14918692409992218,26.6,24.508,19.548694610595703,44.15753173828125,35923300352.0,1309085000000.0,yfinance,JD,fresh,2026-10-01
JEPI,JPMorgan Equity Premium Income ETF,56.22,45.91955127130532,0.4332196311533009,SPY,55.1,0.02032667876588017,40.86638641357422,57.78474044799805,0.37570274579809454,0.027078783012034077,,,,2.2494,,,,,,,,,,,,,24.993331555081355,,,,,,,,,,,,0.0797,,,,,,,USD,USD,USD,1.0,1.0,56.22,55.1,40.86638641357422,57.78474044799805,,,yfinance,JEPI,fresh,2026-10-01
JEPQ,JPMorgan Nasdaq Equity Premium Income ETF,61.26,66.05691169763018,1.0366172491482204,SPY,53.51,0.1448327415436367,32.84942626953125,61.2400016784668,0.8648727529472969,-0.00032655651510592534,,,,2.0673525,,,,,,,,,,,,,29.632101927465197,,,,,,,,,,,,0.1084,,,,,,,USD,USD,USD,1.0,1.0,61.26,53.51,32.84942626953125,61.2400016784668,,,yfinance,JEPQ,fresh,2026-10-01
JMIA,Jumia Technologies AG,6.65,44.05224043939298,2.5520028659487837,SPY,5.69,0.16871704745166957,1.7300000190734863,14.600000381469727,2.843930593458291,0.5445205598460012,888611840.0,793498368.0,188930000.0,-0.46,-49368000.0,76670000.0,11722000.0,133625841.0,0.011348668463266301,26273000.0,26273000.0,13749000.0,-47920000.0,-52585000.0,-4665000.0,,,33.82224489019145,33.82224489019145,4.703391944106283,3.573563207250754,-19.558825,248662690.0,,0.26405,0.139,revenueGrowth,,,0.0,0.56334996,-0.23805,-0.2754,0.44616145853157235,0.881,USD,USD,USD,1.0,1.0,6.65,5.69,1.7300000190734863,14.600000381469727,888611840.0,188930000.0,yfinance,JMIA,fresh,2026-10-01
JNJ,Johnson & Johnson,264.74,48.950191479096034,-0.17310664250374283,SPY,182.94,0.44714113917131304,133.70167541503906,278.42999267578125,0.9800798993594471,0.0491685272273185,637996498944.0,666274562048.0,94193000000.0,8.62,41055000000.0,19709000000.0,47933000000.0,2409898597.0,0.0,81544000000.0,-17631000000.0,1498000000.0,24530000000.0,19313000000.0,-5217000000.0,2.81,30.712296983758705,7.8239539260276665,-36.186064258635355,6.77328993602497,5.872839228408908,21.810843,108635103760.0,0.177311930266106,0.76724,0.066,revenueGrowth,0.009330772206200653,0.02,0.6079,0.6814,0.2919,0.21482,0.5878176199352497,1.089,USD,USD,USD,1.0,1.0,264.74,182.94,133.70167541503906,278.42999267578125,637996498944.0,94193000000.0,yfinance,JNJ,fresh,2026-10-01
JOBY,"Joby Aviation, Inc.",6.05,33.63227802058569,3.1336918976477497,SPY,5.93,0.020236087689713342,4.539999961853027,20.389999389648438,0.33259913013978465,0.7032859155909806,6027580416.0,4468088832.0,53425000.0,-0.98,-679433000.0,240810000.0,36825000.0,996294246.0,0.18069042178734732,1409713000.0,1301432000.0,1385728000.0,-509893000.0,-563811000.0,-53918000.0,,,4.275750039901739,4.631498546216783,112.82321789424427,27.510951476440923,-9.379846,219097490.0,,0.45636,25.74933,revenueGrowth,,,0.0,0.34289002,-6.75181,0.0,0.02612233837667667,0.17975000000000002,USD,USD,USD,1.0,1.0,6.05,5.93,4.539999961853027,20.389999389648438,6027580416.0,53425000.0,yfinance,JOBY,fresh,2026-10-01
JPM,JPMorgan Chase & Co.,330.83,34.72401843500994,0.7940615404488126,SPY,279.1,0.18534575420996044,127.9610595703125,365.17999267578125,1.5853959095908732,0.09406318353885919,879407726592.0,717335756800.0,181847000000.0,23.35,,343338000000.0,499982000000.0,2658186195.0,-0.033865925668634944,362438000000.0,277935000000.0,,-147782000000.0,,,1.55,14.168308351177728,2.426367341702581,3.164076948178531,4.8359759940609415,4.1041154215740905,13.207034,214274608840.0,0.21416075487292513,0.75677,0.304,revenueGrowth,0.039334428108849726,0.0197,0.2571,0.0,0.50394,0.34921002,1.379496631147948,,USD,USD,USD,1.0,1.0,330.83,279.1,127.9610595703125,365.17999267578125,879407726592.0,181847000000.0,yfinance,JPM,fresh,2026-10-01
KDP,Keurig Dr Pepper Inc.,30.34,47.86508077922268,0.0570170894774081,SPY,24.88,0.21945337620578784,24.51886558532715,35.53003692626953,0.2374145082045068,0.14607462798419496,41287458816.0,81930682368.0,16603000000.0,0.99,4194000000.0,1026000000.0,16141000000.0,1360826038.0,-0.004019586348023094,25516000000.0,-18456000000.0,-3024000000.0,1991000000.0,1488000000.0,-503000000.0,0.96,30.646464646464647,1.6181007530960965,-2.237075141742523,2.486746902126122,1.3784772605528246,11.969954,29951497930.0,0.22627465574990696,0.0109486,0.756,revenueGrowth,0.00021798386866358214,0.0296,0.9293,0.50956,0.12888,0.07103,0.6325834770340178,0.479,USD,USD,USD,1.0,1.0,30.34,24.88,24.51886558532715,35.53003692626953,41287458816.0,16603000000.0,yfinance,KDP,fresh,2026-10-01
KEY,KeyCorp,20.07,32.021212952930085,0.8329889887297214,SPY,16.47,0.2185792349726777,8.48438835144043,23.762420654296875,1.3655211393750775,0.15538907874813618,21417269248.0,36420268032.0,7285000000.0,1.71,,1287000000.0,10988000000.0,1067128554.0,0.166848680600825,20381000000.0,15121000000.0,,2208000000.0,2101000000.0,-107000000.0,1.31,11.736842105263158,1.05084486767087,1.416392384630646,2.9399134177076185,2.488263370786762,9.399367,8607316050.0,0.2065972222222222,0.90212995,0.101,revenueGrowth,0.009338258658660534,0.0408,0.4795,0.0,0.3471,0.2754,0.5391295814729404,,USD,USD,USD,1.0,1.0,20.07,16.47,8.48438835144043,23.762420654296875,21417269248.0,7285000000.0,yfinance,KEY,fresh,2026-10-01
KEYS,"Keysight Technologies, Inc.",364.04,64.82064986434327,1.8509040574805546,SPY,158.79,1.2925876944391967,119.30999755859375,373.3399963378906,2.051211193104066,0.0249102598947734,61975900160.0,62136897536.0,5375000000.0,7.39,1454000000.0,1873000000.0,2778000000.0,170244745.0,-0.011428571428571429,5881000000.0,1153000000.0,2498000000.0,1409000000.0,1281000000.0,-128000000.0,0.72,49.26116373477673,10.538326842373746,53.751864839549,11.530400029767442,7.56273638439849,26.243607,8194904200.0,0.19685767097966728,0.92981005,0.365,revenueGrowth,0.006083009670318921,,0.0,0.63278997,0.25677,0.19143,0.4723686447883013,2.024,USD,USD,USD,1.0,1.0,364.04,158.79,119.30999755859375,373.3399963378906,61975900160.0,5375000000.0,yfinance,KEYS,fresh,2026-10-01
KHC,The Kraft Heinz Company,22.72,34.810774826189686,-0.08980502641525838,SPY,21.035,0.08010458759210833,20.50461769104004,33.45988845825195,0.10804309265068725,0.32097801137777726,26941915136.0,43385917440.0,24942000000.0,-2.88,-3530000000.0,2615000000.0,21219000000.0,1185823758.0,-0.023045267489711935,41664000000.0,-18044000000.0,1349000000.0,4462000000.0,3661000000.0,-801000000.0,0.99,,0.6466473486943164,-1.4931232063843938,1.080182629139604,1.0914913035045055,10.883468,24683582040.0,,0.66697997,-0.014,revenueGrowth,0.016182962413737744,0.0704,0.7306,0.33498,0.1549,-0.13639,0.509288594470046,1.061,USD,USD,USD,1.0,1.0,22.72,21.035,20.50461769104004,33.45988845825195,26941915136.0,24942000000.0,yfinance,KHC,fresh,2026-10-01
KIGRY,KION GROUP AG,11.28,40.891904558520835,1.551733290139343,SPY,10.26,0.09941520467836254,6.968907356262207,20.237058639526367,0.6186181596837956,0.44260674434335684,5995697152.0,13201975296.0,12805712656.545639,0.83,2148038937.4494553,537519822.7643967,8410450925.695896,524499084.0,0.0,6911924553.501606,707775996.0651398,-29471774.339675903,1282929007.601738,904556766.2715912,-378372241.3301468,0.35,13.590361445783133,0.8674425054252882,8.47117899636736,0.46820487955703893,0.42851125001120355,,13991924720.39705,0.31966053748231965,0.00028,0.077,revenueGrowth,,0.016,0.21129999,0.26319,0.06708,0.03356,1.216803056890303,1.003,USD,USD,EUR,1.0,1.133529782295227,11.28,10.26,6.968907356262207,20.237058639526367,5995697152.0,11297200000.0,yfinance,KIGRY,fresh,2026-10-01
KLAC,KLA Corporation,194.93,60.989416757772666,2.773819381474383,SPY,98.097,0.9871147945400982,44.12066650390625,301.3693542480469,3.4181109544830144,0.35318572624487976,254384898048.0,256117391360.0,13579476000.0,3.66,6284343000.0,1649842000.0,6151713000.0,1305006492.0,-0.013358504672897197,6349820000.0,4305227000.0,8076863000.0,4143079000.0,3767134000.0,-375945000.0,1.88,53.259562841530055,40.061749474473295,59.0874530072398,18.733042279981937,11.878171953100377,29.070642,21416165640.0,0.1382740582508685,0.93934995,0.152,revenueGrowth,0.009001198646501186,0.47,0.2186,0.61301,0.42486,0.35574,0.9688011628676089,2.876,USD,USD,USD,1.0,1.0,194.93,98.097,44.12066650390625,301.3693542480469,254384898048.0,13579476000.0,yfinance,KLAC,fresh,2026-10-01
KMB,Kimberly-Clark Corporation,97.43,40.45398533389191,0.024951715325735268,SPY,92.42,0.05420904566111237,90.70086669921875,137.56072998046875,0.07419039691314458,0.29173100481632086,32403175424.0,38106849280.0,16447000000.0,5.06,3113000000.0,688000000.0,7296000000.0,332579038.0,-0.011275964391691394,1502000000.0,-414000000.0,-1815000000.0,2777000000.0,1639000000.0,-1138000000.0,2.02,19.254940711462453,21.573352479360853,-78.26853967149758,1.9701571973004195,1.901168861953197,13.024077,17043817660.0,0.2919103313840156,0.99333,0.006,revenueGrowth,0.004351425382080479,0.051699999999999996,1.0040001,0.37612998,0.19002001,0.1179,4.857523302263648,0.909,USD,USD,USD,1.0,1.0,97.43,92.42,90.70086669921875,137.56072998046875,32403175424.0,16447000000.0,yfinance,KMB,fresh,2026-10-01
KMI,"Kinder Morgan, Inc.",30.15,39.37528703988598,-0.13024714001032528,SPY,25.6,0.1777343749999999,13.856544494628906,33.99227523803711,1.1758671515605341,0.1130337763839248,67138084864.0,100720082944.0,16937000000.0,1.55,7177000000.0,63000000.0,31782000000.0,2226802089.0,0.0013513513513513514,31162000000.0,9348000000.0,-1568000000.0,5917000000.0,2891000000.0,-3026000000.0,3.11,19.451612903225804,2.1544857475129966,7.182080109542148,3.963989187223239,3.5802772904458386,19.520374,18752202530.0,0.20841683366733466,0.70847,0.108,revenueGrowth,-0.0,0.0388,0.7581,0.49407002,0.30065,0.19305,1.0198960272126307,0.458,USD,USD,USD,1.0,1.0,30.15,25.6,13.856544494628906,33.99227523803711,67138084864.0,16937000000.0,yfinance,KMI,fresh,2026-10-01
KMTUY,Komatsu Ltd.,47.91,58.595675318097236,1.0881586462398662,SPY,30.65,0.5631321370309951,21.74753189086914,51.09000015258789,1.2030086099156547,0.06224310321178998,42521518080.0,1397064204288.0,26186152636.77109,2.63,4767535556.646064,2786056430.8231697,8994645826.469175,887529061.0,-0.021225381118639638,22245111481.50265,19443423516.489567,12297277890.8154,2844742798.7465634,1499803569.4453864,-1344939229.301177,3.03,18.216730038022813,1.911499437319416,2.1869357545978656,1.6238169336984036,1.4589066919686202,17.61397,29146153290.051945,0.2710224882644837,0.00703,0.147,revenueGrowth,0.015753637531475587,0.0253,0.4461,0.30388,0.14528,0.08939,0.4043425825916153,1.96,USD,USD,JPY,1.0,0.0063362522050738335,47.91,30.65,21.74753189086914,51.09000015258789,42521518080.0,4132751000000.0,yfinance,KMTUY,fresh,2026-10-01
KNG,FT Cboe Vest S&P 500 Dividend Aristocrats Target Income ETF,48.14,31.84820090261877,0.2788898698312853,SPY,47.68,0.009647651006711427,36.29432678222656,51.78453826904297,0.32637809453940053,0.07037888896697356,,,,2.2417576,,,,,,,,,,,,,21.474221833796836,,,,,,,,,,,,0.0679,,,,,,,USD,USD,USD,1.0,1.0,48.14,47.68,36.29432678222656,51.78453826904297,,,yfinance,KNG,fresh,2026-10-01
KO,The Coca-Cola Company,86.08,44.490033856286615,-0.24955319770541062,SPY,65.84,0.30741190765492094,48.047752380371094,91.4443359375,0.7915510244588712,0.058662309507790576,370363432960.0,400418439168.0,47941000000.0,3.33,18702000000.0,10270000000.0,45492000000.0,4302549243.0,-0.0016203703703703703,32169000000.0,4147000000.0,9763000000.0,7408000000.0,5296000000.0,-2112000000.0,3.94,25.84984984984985,11.513053963753924,89.30876126356402,7.725400658309172,7.43063148300863,24.410301,49842793820.0,0.1788348543567946,0.6822,0.067,revenueGrowth,0.00201423772870301,0.0246,0.6246,0.61888003,0.34873,0.28558,1.4141564860580063,1.305,USD,USD,USD,1.0,1.0,86.08,65.84,48.047752380371094,91.4443359375,370363432960.0,47941000000.0,yfinance,KO,fresh,2026-10-01
KOPN,Kopin Corporation,4.6,53.20471684034695,4.387640134121594,SPY,1.81,1.5414364640883975,0.6000000238418579,6.389999866485596,6.666666362020716,0.28012518057689245,855013952.0,802060992.0,38465639.0,0.04,-14124581.0,36350083.0,1479976.0,185872614.0,0.2888296842784441,64117163.0,64117163.0,57817643.0,-15538486.0,-16975825.0,-1437339.0,27.14,114.99999999999999,13.335180659818027,13.335180659818027,22.22799293676104,10.754139011895644,,79505570.0,0.07390171569228321,0.56833,0.506,revenueGrowth,0.0011919840578227196,,0.0,0.19985001,-0.27513,0.18263,0.023082368756708715,2.179,USD,USD,USD,1.0,1.0,4.6,1.81,0.6000000238418579,6.389999866485596,855013952.0,38465639.0,yfinance,KOPN,fresh,2026-10-01
KR,The Kroger Co.,58.62,58.76675940104262,-0.629136061161689,SPY,54.15,0.08254847645429361,39.953346252441406,74.69134521484375,0.46721127260818457,0.2151701133326197,34620305408.0,57108307968.0,147642000000.0,1.85,5759000000.0,3334000000.0,24692000000.0,590588700.0,-0.09027777777777778,5927000000.0,2524000000.0,-3603000000.0,7311000000.0,3456000000.0,-3855000000.0,0.62,31.686486486486483,5.841117834992407,13.716444297939779,0.23448819040652388,0.22716226460887895,10.638394,152403417300.0,0.14666666666666667,0.85486,0.02,revenueGrowth,0.07796002860726699,0.025699999999999997,0.7568,0.23900999,0.029779999,0.0072600003,4.1660199088915135,0.702,USD,USD,USD,1.0,1.0,58.62,54.15,39.953346252441406,74.69134521484375,34620305408.0,147642000000.0,yfinance,KR,fresh,2026-10-01
KRRO,"Korro Bio, Inc.",9.91,32.343201708895606,2.7000782101655245,SPY,5.204,0.9043043812451961,5.28000020980835,90.0,0.876893864812878,0.889888888888889,145931152.0,72960896.0,6392000.0,-9.88,-83062000.0,21824000.0,43486000.0,14725646.0,0.05322994820617224,51439000.0,51439000.0,70435000.0,-78561000.0,-79079000.0,-518000.0,,,2.836974902311476,2.836974902311476,22.83028035043805,128.76315989164675,-2.2225263,1133330.0,,0.0105264,,,,,0.0,0.0,-0.3228338,0.0,0.845389684869457,9.553,USD,USD,USD,1.0,1.0,9.91,5.204,5.28000020980835,90.0,145931152.0,6392000.0,yfinance,KRRO,fresh,2026-10-01
KSA,iShares MSCI Saudi Arabia ETF,36.32,27.831924540390943,0.5037400087090574,SPY,35.81,0.014241831890533314,33.18503952026367,41.654239654541016,0.09446908983857132,0.1280599453688382,,,,2.5803313,,,,,,,,,,,,,14.075711905676608,,,,,,,,,,,,0.026699999999999998,,,,,,,USD,USD,USD,1.0,1.0,36.32,35.81,33.18503952026367,41.654239654541016,,,yfinance,KSA,fresh,2026-10-01
KSCP,"Knightscope, Inc.",0.7752,20.193412531045468,2.9341327635028454,SPY,0.7631,0.015856375311230506,0.8100000023841858,48.099998474121094,-0.04296296577994333,0.9838835753723137,18308950.0,18103674.0,11335000.0,-3.41,-31216000.0,20566000.0,7780000.0,23328262.0,1.9230846057241517,27766000.0,24920000.0,19765000.0,-30345000.0,-30999000.0,-654000.0,,,0.6594017863574155,0.7347090690208667,1.6152580502867226,0.4461788716948946,-0.34684566,41035000.0,-0.0,0.07112,2.283,revenueGrowth,-0.0,,0.0,-0.09947,-1.4509101,-2.17292,0.28019880429302024,1.159,USD,USD,USD,1.0,1.0,0.7752,0.7631,0.8100000023841858,48.099998474121094,18308950.0,11335000.0,yfinance,KSCP,fresh,2026-10-01
KSPI,Joint Stock Company Kaspi.kz,94.06,45.23716002294929,1.0325186843568972,SPY,68.59,0.3713369295815716,64.4773941040039,126.11723327636719,0.4588058544717005,0.2541859858764783,17873963008.0,16890677452.084091,9155809761.196375,12.22,2986151901.714504,2052970908.1519394,1069685352.2360325,190027266.0,0.002457489967770669,5664309181.028977,3737618045.6932635,4206400986.4628315,1531212428.6089091,1116334741.067141,-414877687.54176795,,7.69721767594108,3.155541556217279,4.782180198588133,1.9521990380088936,1.4144731292888817,0.013825359,12636481130.600222,0.19836881850083865,0.47451,0.136,revenueGrowth,0.0027860462935337072,0.0599,0.3105,0.69443,0.0,0.24152,0.18884656858397578,6.515,USD,USD,KZT,1.0,0.002273140475153923,94.06,68.59,64.4773941040039,126.11723327636719,17873963008.0,4027824000000.0,yfinance,KSPI,fresh,2026-10-01
KTOS,"Kratos Defense & Security Solutions, Inc.",42.69,29.762921632094447,2.127004857817214,SPY,42.46,0.005416862929816224,14.779999732971191,130.72000122070312,1.888362704416512,0.6734241156567641,8013823488.0,6769823232.0,1346800000.0,0.17,102900000.0,560600000.0,145800000.0,187721327.0,0.09476474486414845,1996300000.0,1346700000.0,951900000.0,35300000.0,-60000000.0,-95300000.0,36.41,251.1176470588235,4.014338269799128,5.95071173089775,5.95026989010989,3.6161014365958466,38.766445,2216150080.0,0.35294117647058826,0.85397005,0.305,revenueGrowth,,,0.0,0.23002,-0.00174,0.020299999,0.07303511496268096,5.541,USD,USD,USD,1.0,1.0,42.69,42.46,14.779999732971191,130.72000122070312,8013823488.0,1346800000.0,yfinance,KTOS,fresh,2026-10-01
KTWIY,Kurita Water Industries Ltd.,97.0,43.13456848799484,-4.941887649314838,SPY,3.58,26.094972067039105,3.5799999237060547,122.41000366210938,26.094972644464345,0.20758110368372412,5223291904.0,57394053120.0,2552806314.6499915,4.6,603027458.6090817,393924799.5894402,627612117.1647682,53848372.0,-0.023156243469926174,2161618776.0131435,1674411671.460606,823199550.2309873,352244932.58446455,164514452.252537,-187730480.33192754,,21.086956521739133,2.4163797807279224,3.119478914909659,2.0460980036067293,1.7147768241176553,,3046047643.3647065,0.30821870701513066,0.0,0.143,revenueGrowth,0.01839630379767967,0.0146,0.3009,0.37487,0.14308,0.059380002,0.290343572201166,2.021,USD,USD,JPY,1.0,0.0063362522050738335,97.0,3.58,3.5799999237060547,122.41000366210938,5223291904.0,402889000000.0,yfinance,KTWIY,fresh,2026-10-01
KVUE,Kenvue Inc.,17.66,46.08290832115978,0.14668674076411836,SPY,14.02,0.2596291012838802,13.303447723388672,22.62635612487793,0.3274754309705831,0.21949429671609233,33920860160.0,41423859712.0,15124000000.0,0.85,2986000000.0,1062000000.0,8674000000.0,1920773467.0,0.0005200208008320333,10765000000.0,-7438000000.0,-248000000.0,2197000000.0,1722000000.0,-475000000.0,1.42,20.776470588235295,3.151032063167673,-4.560481333691853,2.24284978577096,2.1244914308960343,14.244118,15966578950.0,0.26463231615807903,0.95922,0.03,revenueGrowth,0.005807635745991649,0.046900000000000004,0.97650003,0.58437,0.19418,0.107609995,0.8057594054807246,1.005,USD,USD,USD,1.0,1.0,17.66,14.02,13.303447723388672,22.62635612487793,33920860160.0,15124000000.0,yfinance,KVUE,fresh,2026-10-01
KWEB,KraneShares CSI China Internet ETF,24.51,37.363427063772015,1.1242150893246436,SPY,23.23,0.05510116229014211,21.059877395629883,40.47418212890625,0.1638244392194824,0.3944287763014436,,,,1.9810969,,,,,,,,,,,,,12.371933952347309,,,,,,,,,,,,0.0801,,,,,,,USD,USD,USD,1.0,1.0,24.51,23.23,21.059877395629883,40.47418212890625,,,yfinance,KWEB,fresh,2026-10-01
KYMR,"Kymera Therapeutics, Inc.",111.79,40.310158794234425,0.8121939230215183,SPY,54.09,1.0667406174893697,10.970000267028809,127.30999755859375,9.19051935085121,0.12190713892246166,9195575296.0,8682980352.0,39211000.0,-3.25,-302668000.0,357011000.0,82252000.0,82257588.0,0.12588075173134117,1579664000.0,1579664000.0,788002000.0,-232891000.0,-234340000.0,-1449000.0,,,5.8212222953742065,5.8212222953742065,234.51519461375634,228.71458990893277,-21.923477,40205460.0,,0.0119274,4.664,revenueGrowth,,,0.0,-2.57685,-1.16318,-2.8533401,0.05206930081333752,0.10337,USD,USD,USD,1.0,1.0,111.79,54.09,10.970000267028809,127.30999755859375,9195575296.0,39211000.0,yfinance,KYMR,fresh,2026-10-01
LAES,SEALSQ Corp,2.34,45.369499418781466,3.401026529195627,SPY,1.99,0.17587939698492455,0.34200000762939453,9.079999923706055,5.842105110523042,0.7422907467332979,526337504.0,72694648.0,18252000.0,-0.2,-33794000.0,417657000.0,7998000.0,223430764.0,3.8660080743535308,461508000.0,434899000.0,421390000.0,-31257000.0,-32500000.0,-1243000.0,,,1.1404731965643067,1.210252274666072,28.83725093140478,12.744249491525423,-8.666666,41300000.0,0.004735734331150608,0.067140006,1.311,revenueGrowth,,,0.0,0.52616,-2.88647,-1.7038001,0.017330143789490108,0.14431,USD,USD,USD,1.0,1.0,2.34,1.99,0.34200000762939453,9.079999923706055,526337504.0,18252000.0,yfinance,LAES,fresh,2026-10-01
LAR,Lithium Argentina AG,5.5,36.26565230123549,2.7859756689630926,SPY,3.4,0.6176470588235294,1.7300000190734863,11.789999961853027,2.179190716394075,0.5335029671081044,902550016.0,1105360000.0,0.0,-0.34,-48086000.0,61134000.0,249506000.0,164100000.0,0.0051692719632076755,767880000.0,767880000.0,-196243000.0,-29956000.0,-30185000.0,-229000.0,0.42,,1.1753789862999426,1.1753789862999426,,,16.06543,0.0,,0.4138,,,,,0.0,0.0,0.0,0.0,0.32492837422513937,0.474,USD,USD,USD,1.0,1.0,5.5,3.4,1.7300000190734863,11.789999961853027,902550016.0,0.0,yfinance,LAR,fresh,2026-10-01
LASE,Laser Photonics Corporation,0.852,38.12654060047936,2.0754182992400603,SPY,0.38,1.2421052631578946,0.6010000109672546,18.799999237060547,0.4176372453451104,0.9546808492246932,51691128.0,45489208.0,8342008.0,-0.97,-12695735.0,650339.0,8922029.0,60670338.0,0.47127884037816714,-5036586.0,-5959287.0,-7344637.0,-6390628.0,-6410105.0,-19477.0,,,-10.263128238056494,-8.674045737350793,6.196485066904755,,,0.0,-0.0,0.14023,-0.305,revenueGrowth,0.0004882849528839842,,0.0,-0.16792999,-1.3222001,0.0,-1.7714437914889174,0.597,USD,USD,USD,1.0,1.0,0.852,0.38,0.6010000109672546,18.799999237060547,51691128.0,8342008.0,yfinance,LASE,fresh,2026-10-01
LASR,"nLIGHT, Inc.",38.945,37.51320791706391,3.2084064009303104,SPY,28.045,0.3886610804064895,6.440000057220459,84.94999694824219,5.047360194715416,0.5415538387396509,2246744576.0,1931140736.0,261330000.0,-0.24,-7427000.0,98699000.0,36207000.0,57690197.0,0.043402922755741126,226749000.0,214301000.0,178983000.0,21330000.0,12298000.0,-9032000.0,1.78,,9.908509303238382,10.48406015837537,8.597346557991811,6.473462344771948,61.81746,347070000.0,,0.94551,0.338,revenueGrowth,,,0.0,0.31524,-0.04319,-0.040159997,0.15967876374316975,8.171,USD,USD,USD,1.0,1.0,38.945,28.045,6.440000057220459,84.94999694824219,2246744576.0,261330000.0,yfinance,LASR,fresh,2026-10-01
LCTX,"Lineage Cell Therapeutics, Inc.",0.9557,38.78690184098556,1.345242127064242,SPY,0.91,0.05021978021978018,0.38999998569488525,1.9600000381469727,1.4505129103970984,0.5123979686737455,241703648.0,192055664.0,14556000.0,-0.19,-21080000.0,40791000.0,2419000.0,252907464.0,0.14947076071590915,44549000.0,2177000.0,47790000.0,-18919000.0,-19441000.0,-522000.0,10.64,,5.425568430267795,111.02602112999541,16.605087111843915,14.357697171808015,-9.369608,16834430.0,0.07691523300362725,0.48204,-0.613,revenueGrowth,6.619676671160545e-05,,0.0,-0.57365,-8.34705,-2.4658,0.05429975981503513,6.608,USD,USD,USD,1.0,1.0,0.9557,0.91,0.38999998569488525,1.9600000381469727,241703648.0,14556000.0,yfinance,LCTX,fresh,2026-10-01
LDOS,"Leidos Holdings, Inc.",121.83,39.30718957787624,0.3941224833618998,SPY,98.86,0.23234877604693505,87.46639251708984,197.2655792236328,0.3928778413514189,0.38240619331826886,15288716288.0,21170716672.0,17174000000.0,10.71,2402000000.0,1108000000.0,5235000000.0,125492209.0,-0.04411764705882353,4916000000.0,-1884000000.0,1987000000.0,1750000000.0,1625000000.0,-125000000.0,2.46,11.375350140056021,3.1099911082180633,-8.115029876857749,0.8902245422149762,0.796634594124095,9.555069,19191629890.0,0.23415400733368255,0.84725,0.072,revenueGrowth,0.06174488310316404,0.013999999999999999,0.1578,0.17795,0.11715999,0.07803,1.0648901545972336,1.629,USD,USD,USD,1.0,1.0,121.83,98.86,87.46639251708984,197.2655792236328,15288716288.0,17174000000.0,yfinance,LDOS,fresh,2026-10-01
LECO,"Lincoln Electric Holdings, Inc.",264.58,54.32168968792971,1.12591535343223,SPY,216.22,0.22366108593099615,158.38861083984375,297.02239990234375,0.6704483901783364,0.10922543186308613,14421132288.0,15374812160.0,4233003000.0,9.99,825557000.0,308789000.0,1291330000.0,54505757.0,-0.023061859635626115,1469794000.0,332684000.0,782821000.0,661173000.0,534199000.0,-126974000.0,1.53,26.484484484484483,9.811669042056234,43.34783845330704,3.406832522443287,2.8874672468890874,21.123138,4994388180.0,0.22935376415722852,0.83048,0.12,revenueGrowth,0.02345918428898334,0.011699999999999999,0.312,0.36051998,0.18243,0.12353,0.878578902893875,1.982,USD,USD,USD,1.0,1.0,264.58,216.22,158.38861083984375,297.02239990234375,14421132288.0,4233003000.0,yfinance,LECO,fresh,2026-10-01
LEN,Lennar Corporation,81.59,52.34970333789944,0.9686667056643782,SPY,75.7,0.07780713342140026,76.43000030517578,179.82760620117188,0.06751275250845172,0.5462876822776263,19654633472.0,24403677184.0,34186934000.0,5.28,2884717000.0,3756305000.0,5874995000.0,210506003.0,-0.05247059948018337,21959417000.0,18327359000.0,17582051000.0,216812000.0,28183000.0,-188629000.0,11.3,15.452651515151516,0.8950435010182647,1.0724203892115607,0.5749165301573987,0.6027025934196667,15.479946,32610832750.0,0.2507453276865292,0.98,-0.087,revenueGrowth,0.09200726142139477,0.0241,0.3788,0.16014999,0.05766,0.04092,0.26753875114261916,0.11392,USD,USD,USD,1.0,1.0,81.59,75.7,76.43000030517578,179.82760620117188,19654633472.0,34186934000.0,yfinance,LEN,fresh,2026-10-01
LHX,"L3Harris Technologies, Inc.",236.78,22.896045138687413,0.2665583800377774,SPY,234.01,0.011837100978590703,152.2511444091797,373.85308837890625,0.5551935646778876,0.36664960820112424,44091899904.0,55505895424.0,21865000000.0,9.91,3753000000.0,1069000000.0,11116000000.0,186214616.0,-0.012060828526481384,19635000000.0,-6884000000.0,1367000000.0,3106000000.0,2682000000.0,-424000000.0,1.18,23.893037336024218,2.245576771275783,-6.404982554328878,2.0165515620397896,1.749108538699011,17.48831,25208212600.0,0.16873706004140787,0.89257,0.084,revenueGrowth,0.026172607724152742,0.021099999999999997,0.49490002,0.25484,0.12566,0.08172,0.5661319073083779,1.184,USD,USD,USD,1.0,1.0,236.78,234.01,152.2511444091797,373.85308837890625,44091899904.0,21865000000.0,yfinance,LHX,fresh,2026-10-01
LIN,Linde plc,474.65,50.59482240728596,0.07557435656179623,SPY,387.78,0.2240187735313838,350.6591491699219,544.8457641601562,0.3535936567563928,0.128836028060819,218804224000.0,243468238848.0,33986000000.0,15.48,13124000000.0,5056000000.0,28069000000.0,460980163.0,-0.01903578570065465,38245000000.0,-1553000000.0,-1873000000.0,10350000000.0,5089000000.0,-5261000000.0,1.83,30.662144702842376,5.721119728069029,-140.89132260141662,6.4380693226622725,5.741843885536849,24.268147,38106961520.0,0.22355850286613466,0.88671,0.093,revenueGrowth,0.02102793042971602,0.013500000000000002,0.4,0.48348,0.28119,0.20435,0.7339260033991372,0.879,USD,USD,USD,1.0,1.0,474.65,387.78,350.6591491699219,544.8457641601562,218804224000.0,33986000000.0,yfinance,LIN,fresh,2026-10-01
LIT,Global X Lithium & Battery Tech ETF,68.42,34.05469293434122,1.535066474566444,SPY,53.88,0.2698589458054937,31.486284255981445,91.22784423828125,1.1730096648988444,0.25000968102138454,,,,3.6207018,,,,,,,,,,,,,18.89688899538758,,,,,,,,,,,,0.66,,,,,,,USD,USD,USD,1.0,1.0,68.42,53.88,31.486284255981445,91.22784423828125,,,yfinance,LIT,fresh,2026-10-01
LITE,Lumentum Holdings Inc.,971.26,57.33880572536304,2.8618741620386716,SPY,147.81,5.57100331506664,36.06999969482422,1053.0899658203125,25.92708644905724,0.0777046296861925,87122026496.0,85969608704.0,3014000000.0,-92.97,-6884000000.0,2043500000.0,1671200000.0,89700000.0,0.07183908045977011,4643900000.0,3247700000.0,1681400000.0,751400000.0,300100000.0,-451300000.0,0.63,,18.76053026464825,26.825761768636266,28.90578185003318,8.996913262667363,27.968569,9683546340.0,0.03313908097256302,0.94344,1.093,revenueGrowth,0.0011707716647831085,,0.0,0.44244,0.27954,-2.3009598,0.35986993690647945,1.678,USD,USD,USD,1.0,1.0,971.26,147.81,36.06999969482422,1053.0899658203125,87122026496.0,3014000000.0,yfinance,LITE,fresh,2026-10-01
LKQ,LKQ Corporation,22.83,40.85498802470675,0.616033282587871,SPY,21.17,0.07841284837033521,22.189559936523438,48.8500862121582,0.028862224636659564,0.5326517971565445,5776037376.0,10812037120.0,13651000000.0,1.8,1442000000.0,319000000.0,5061000000.0,253002086.0,-0.023114816218264493,6537000000.0,51000000.0,2111000000.0,1063000000.0,847000000.0,-216000000.0,0.92,12.683333333333332,0.8835914603028913,113.2556348235294,0.42312192337557686,0.4144845597624976,7.3828306,13935470550.0,0.255,0.0110523,-0.03,revenueGrowth,0.02752752270278938,0.0525,0.6667,0.3834,0.07013,0.03368,0.7742083524552547,1.578,USD,USD,USD,1.0,1.0,22.83,21.17,22.189559936523438,48.8500862121582,5776037376.0,13651000000.0,yfinance,LKQ,fresh,2026-10-01
LLY,Eli Lilly and Company,1157.08,56.05312658572562,0.2830227198227443,SPY,763.3,0.5158915236473208,514.4805297851562,1280.3399658203125,1.2490258289914082,0.09627127880940593,1031816085504.0,1077329461248.0,65179000000.0,29.73,31693000000.0,7268000000.0,42503000000.0,891741406.0,-0.005262930848539752,26535000000.0,14115000000.0,20401000000.0,16813000000.0,5964000000.0,-10849000000.0,1.17,38.91960982172889,38.88509837964952,73.10067910053135,15.83049886472637,10.109725817252208,24.439667,102061727900.0,0.19785472776028915,0.85317004,0.477,revenueGrowth,0.00398132967465167,0.58,0.2169,0.83399004,0.54222,0.33528998,1.6017712455247786,1.355,USD,USD,USD,1.0,1.0,1157.08,763.3,514.4805297851562,1280.3399658203125,1031816085504.0,65179000000.0,yfinance,LLY,fresh,2026-10-01
LMND,"Lemonade, Inc.",45.14,34.0953623510034,2.781044362300914,SPY,43.28,0.04297597042513862,10.569999694824219,96.56999969482422,3.270577228313788,0.5325670483312704,3493683200.0,3343283200.0,737900000.0,-1.82,-92100000.0,385000000.0,182100000.0,77396615.0,0.041120654874120914,533600000.0,506500000.0,,-16500000.0,-25900000.0,-9400000.0,,,6.547382308845577,6.897696347482724,4.734629624610381,2.1277728341111817,-51.885056,1641943700.0,,0.61406,0.794,revenueGrowth,,,0.0,0.51651,-0.11821,-0.14195,0.3412668665667166,1.191,USD,USD,USD,1.0,1.0,45.14,43.28,10.569999694824219,96.56999969482422,3493683200.0,737900000.0,yfinance,LMND,fresh,2026-10-01
LMT,Lockheed Martin Corporation,509.25,34.084388733714846,0.02233780414448867,SPY,437.25,0.1646655231560892,366.820068359375,668.1660766601562,0.3882828229045687,0.237839187308793,117530189824.0,134277193728.0,75048000000.0,27.1,8727000000.0,4121000000.0,21700000000.0,230790753.0,-0.023829431438127092,6721000000.0,-8897000000.0,2027000000.0,8557000000.0,6908000000.0,-1649000000.0,0.97,18.79151291512915,17.48700934741854,-13.210092146116668,1.5660669148278434,1.3737569037157453,15.547657,85553848360.0,0.15281999324552517,0.76662004,0.105,revenueGrowth,0.025525356544496888,0.0269,0.5033,0.11798,0.119569995,0.08163,3.228686207409612,1.193,USD,USD,USD,1.0,1.0,509.25,437.25,366.820068359375,668.1660766601562,117530189824.0,75048000000.0,yfinance,LMT,fresh,2026-10-01
LNC,Lincoln National Corporation,40.26,38.168925155994266,1.0554325998722227,SPY,32.18,0.2510876320696084,18.354930877685547,47.0,1.19341605088499,0.14340425531914897,7707668992.0,-29614329856.0,18342000000.0,11.87,,9502000000.0,6431000000.0,191447336.0,0.07856730213749277,10906000000.0,8776000000.0,,-167000000.0,,,1.01,3.391743892165122,0.7067365662937832,0.8782667493163172,0.42021965936102934,0.374204212691038,4.6293206,20597493910.0,0.1203288490284006,0.86953,0.126,revenueGrowth,-0.0,0.044000000000000004,0.1516,0.27076998,0.046079997,0.12169,0.5896754080322758,2.184,USD,USD,USD,1.0,1.0,40.26,32.18,18.354930877685547,47.0,7707668992.0,18342000000.0,yfinance,LNC,fresh,2026-10-01
LNG,"Cheniere Energy, Inc.",269.03,43.07100727580532,-0.5118487035368,SPY,186.2,0.44484425349087,149.26626586914062,295.8599853515625,0.8023496362925989,0.09068473832201801,55563886592.0,87715880960.0,19976000000.0,13.2,10559000000.0,1099000000.0,25515000000.0,206534158.0,-0.03841117415975556,7915000000.0,7838000000.0,-224000000.0,5539000000.0,2461000000.0,-3078000000.0,9.46,20.381060606060604,7.020074111433986,7.089038860933912,2.781532168201842,2.368916455853463,12.774357,23455401500.0,0.17966674716252112,0.91539,0.227,revenueGrowth,0.049024648329625616,0.83,0.16399999,0.3685,0.74996,0.13944,3.2236260265319014,0.871,USD,USD,USD,1.0,1.0,269.03,186.2,149.26626586914062,295.8599853515625,55563886592.0,19976000000.0,yfinance,LNG,fresh,2026-10-01
LNSTY,LNSTY,,,,SPY,,,,,,,,,,,,,,,,,,,,,,,,,,,,,,,,,,,,,,,,,,USD,USD,USD,1.0,1.0,,,,,,,yfinance,LNSTY,unresolved,
LOGI,Logitech International S.A.,100.99,50.7443795177828,1.3891158690730545,SPY,83.32,0.2120739318290927,63.58335876464844,124.61939239501953,0.5883086701004727,0.18961248278373002,14460590080.0,12796730368.0,4840761000.0,5.45,862508000.0,1741546000.0,88155000.0,143188332.0,-0.029950780186406952,2211394000.0,1733591000.0,1602283000.0,1037207000.0,975645000.0,-61562000.0,1.85,18.530275229357798,6.539128748653564,8.341408140674472,2.98725553275611,2.7947144481749375,16.610853,5174263900.0,0.13953944192450507,0.73406,0.069,revenueGrowth,0.036992888743859614,0.016399999999999998,0.2899,0.45239,0.21221,0.16277,0.039863995289848846,2.311,USD,USD,USD,1.0,1.0,100.99,83.32,63.58335876464844,124.61939239501953,14460590080.0,4840761000.0,yfinance,LOGI,fresh,2026-10-01
LOW,"Lowe's Companies, Inc.",184.29,31.553535713410568,0.6324430313342503,SPY,184.23,0.00032567985670087544,173.94696044921875,284.26031494140625,0.059460881202352135,0.3516857953316939,103396638720.0,142255652864.0,86286000000.0,11.83,12468000000.0,982000000.0,44677000000.0,561054019.0,-0.014084507042253521,-9917000000.0,-19770000000.0,1492000000.0,9864000000.0,7651000000.0,-2213000000.0,2.22,15.5781910397295,-10.42620134314813,-5.229976667678301,1.1983014477435505,1.0944927162409035,14.151323,94469919430.0,0.23928203955641936,0.8135,0.083,revenueGrowth,0.0020406852931785517,0.026699999999999998,0.41,0.32994,0.13365,0.073460005,-4.505092265806192,1.105,USD,USD,USD,1.0,1.0,184.29,184.23,173.94696044921875,284.26031494140625,103396638720.0,86286000000.0,yfinance,LOW,fresh,2026-10-01
LQDA,Liquidia Corporation,30.26,50.78580456293062,0.833712596278792,SPY,21.35,0.4173302107728337,5.769999980926514,91.02999877929688,4.244367435013583,0.6675821113283141,2708538880.0,2607254016.0,158320000.0,1.4,-43224000.0,190680000.0,197927000.0,89508891.0,0.09340403036289946,44748000.0,37893000.0,137633000.0,-35686000.0,-42022000.0,-6336000.0,,21.614285714285717,60.52871368552785,71.47860765840656,17.10800202122284,2.209438931866262,5.841699,1225894430.0,,0.81858003,0.18427,revenueGrowth,,,0.0,0.92542,0.49812,0.30739,4.423147403235899,2.312,USD,USD,USD,1.0,1.0,30.26,21.35,5.769999980926514,91.02999877929688,2708538880.0,158320000.0,yfinance,LQDA,fresh,2026-10-01
LRCX,Lam Research Corporation,328.51,59.674831664380285,3.2101577249055095,SPY,131.02,1.5073271256296745,56.89807891845703,432.8701477050781,4.773657147033051,0.24108880748270148,411105427456.0,409613860864.0,23232690000.0,5.93,8860890000.0,5579171000.0,3734563000.0,1251424362.0,-0.022509150155564272,12470921000.0,10575062000.0,9673456000.0,5857657000.0,4891252000.0,-966405000.0,1.51,55.39797639123103,32.96512161820286,38.87498980677371,17.69512817740864,9.971529920170388,27.98321,41227918960.0,0.12067537164720538,0.88844,0.3,revenueGrowth,0.009368261138834523,0.41,0.18059999,0.50469,0.37390998,0.31272,0.29946168370403436,2.629,USD,USD,USD,1.0,1.0,328.51,131.02,56.89807891845703,432.8701477050781,411105427456.0,23232690000.0,yfinance,LRCX,fresh,2026-10-01
LRNZ,"TrueShares Technology, AI and Deep Learning ETF",69.2243,67.25105865064607,1.761783547592762,SPY,37.89,0.8269807337028239,27.219999313354492,69.61799621582031,1.5431411368933299,0.005655092608523652,,,,1.7398552,,,,,,,,,,,,,39.78739150246526,,,,,,,,,,,,0.0,,,,,,,USD,USD,USD,1.0,1.0,69.2243,37.89,27.219999313354492,69.61799621582031,,,yfinance,LRNZ,fresh,2026-10-01
LSCC,Lattice Semiconductor Corporation,125.62,57.60294348523599,2.9574190746987297,SPY,60.5,1.0763636363636364,37.84000015258789,155.27000427246094,2.3197674284736705,0.19095770887229715,17841842176.0,17706618880.0,523262000.0,0.25,57591000.0,133886000.0,42107000.0,142030272.0,-0.0006072786686138141,714054000.0,394553000.0,246201000.0,175107000.0,112799000.0,-62308000.0,0.59,502.48,24.986684726925414,45.220394157438925,34.0973397189171,13.379720104908072,39.099243,1333498910.0,0.7694550347611572,0.0103179,0.622,revenueGrowth,0.00560480240849318,,0.0,0.69024,0.1333,0.05579,0.05896892952073653,3.024,USD,USD,USD,1.0,1.0,125.62,60.5,37.84000015258789,155.27000427246094,17841842176.0,523262000.0,yfinance,LSCC,fresh,2026-10-01
LTRX,"Lantronix, Inc.",7.21,74.9279799317286,2.7011794451042266,SPY,4.37,0.6498855835240274,1.9600000381469727,8.449999809265137,2.6785713569763465,0.14674554287037014,338000480.0,284570304.0,120899000.0,-0.1,-77000.0,60466000.0,8291000.0,46879400.0,0.03967575686944811,119275000.0,86009000.0,85359000.0,9877000.0,9265000.0,-612000.0,0.91,,2.8337914902536157,3.929826878582474,2.7957260192391997,2.1507688064898147,22.53125,157153330.0,,0.65199995,0.08,revenueGrowth,,,0.0,0.43789002,-0.00212,-0.03458,0.06951163278138756,3.661,USD,USD,USD,1.0,1.0,7.21,4.37,1.9600000381469727,8.449999809265137,338000480.0,120899000.0,yfinance,LTRX,fresh,2026-10-01
LULU,lululemon athletica inc.,96.19,36.740657985847605,1.2610024271242133,SPY,95.35,0.008809648662821221,95.9800033569336,511.2900085449219,0.0021879207722619214,0.8118680232501575,10649197568.0,11400587264.0,11102600000.0,12.15,2706843000.0,1807202000.0,1798441000.0,105594064.0,-0.039270585387501514,4961840000.0,4770646000.0,2375153000.0,1602477000.0,921675000.0,-680802000.0,1.06,7.916872427983539,2.146219460522709,2.2322338668599597,0.9591624995946896,1.0298184186561117,11.125106,10340849780.0,0.2946823244826744,0.80698997,-0.043,revenueGrowth,0.11065143570449344,,0.0,0.54895,0.13212,0.12782,0.3624544523805685,2.19,USD,USD,USD,1.0,1.0,96.19,95.35,95.9800033569336,511.2900085449219,10649197568.0,11102600000.0,yfinance,LULU,fresh,2026-10-01
LUNR,"Intuitive Machines, Inc.",14.24,44.82765242666623,3.674286640500218,SPY,7.78,0.8303341902313625,2.109999895095825,45.70000076293945,5.748815501411811,0.6884026310225366,2284840704.0,3783072256.0,207132000.0,-0.94,-95110000.0,582606000.0,372159000.0,160452309.0,0.20547744237593057,-748351000.0,-786629000.0,493982000.0,-14318000.0,-56015000.0,-41697000.0,,,-3.053167168881982,-2.904597598105333,11.030843635942297,1.9425985978119442,-91.870964,1176177470.0,,0.93894994,3.098,revenueGrowth,0.00905971254965878,,0.0,0.16349001,-0.18099001,-0.26635998,-0.49730540882553775,1.658,USD,USD,USD,1.0,1.0,14.24,7.78,2.109999895095825,45.70000076293945,2284840704.0,207132000.0,yfinance,LUNR,fresh,2026-10-01
LYB,LyondellBasell Industries N.V.,57.47,36.09052772206743,-0.39504028161197763,SPY,41.58,0.3821548821548822,39.86776351928711,89.29301452636719,0.44151552349299283,0.35638862340088456,18564990976.0,30368991232.0,30153000000.0,-0.83,1162000000.0,3443000000.0,14635000000.0,323037952.0,-0.012269938650306749,10082000000.0,8924000000.0,4739000000.0,2262000000.0,384000000.0,-1878000000.0,1.53,,1.8413996207101766,2.0803441255042583,0.6156929982422976,0.5794739908549028,9.112849,32037660480.0,,0.76132005,0.198,revenueGrowth,0.010826829932739743,0.047400000000000005,0.11468101000000001,0.12888,0.17924999,-0.01132,1.4515969053759175,1.641,USD,USD,USD,1.0,1.0,57.47,41.58,39.86776351928711,89.29301452636719,18564990976.0,30153000000.0,yfinance,LYB,fresh,2026-10-01
MA,Mastercard Incorporated,551.47,45.38935642750346,0.28741584073954557,SPY,464.52,0.18718246792387852,358.1614685058594,599.8599853515625,0.5397245334640965,0.08066880027545485,483093151744.0,496122200064.0,32791000000.0,18.2,20443000000.0,10566000000.0,19000000000.0,869464115.0,-0.022653721682847898,7737000000.0,-7377000000.0,796000000.0,17648000000.0,16433000000.0,-1215000000.0,1.47,30.300549450549454,62.43933717771746,-65.48639714572319,14.732492200420847,11.513657564533265,23.951118,41958269910.0,0.19431585746581978,0.91161,0.141,revenueGrowth,0.024274821445232065,0.63,0.17930001,1.0,0.61108,0.46339,2.455732195941579,1.061,USD,USD,USD,1.0,1.0,551.47,464.52,358.1614685058594,599.8599853515625,483093151744.0,32791000000.0,yfinance,MA,fresh,2026-10-01
MANH,"Manhattan Associates, Inc.",198.7,42.80923980888282,0.33774032799405995,SPY,119.06,0.6689064337308919,120.87999725341797,309.7799987792969,0.6437789916840986,0.35857705215641106,11585198080.0,11452969984.0,1081392000.0,3.48,289054000.0,328747000.0,56180000.0,58304972.0,-0.018156087676696204,314765000.0,252521000.0,127425000.0,389470000.0,374013000.0,-15457000.0,2.57,57.09770114942528,36.80586494686512,45.878156984963624,10.713227099886073,9.158101673158544,32.344707,1265021780.0,0.23066591114189175,0.0112929,0.093,revenueGrowth,0.027203850795100088,,0.0,0.5581,0.25015,0.18667999,0.1784823598557654,0.983,USD,USD,USD,1.0,1.0,198.7,119.06,120.87999725341797,309.7799987792969,11585198080.0,1081392000.0,yfinance,MANH,fresh,2026-10-01
MAR,"Marriott International, Inc.",355.67,65.1436770854998,0.6223608510928945,SPY,256.76,0.3852235550708834,180.14166259765625,401.7236328125,0.9743905705721375,0.11464008848589448,92746752000.0,110058741760.0,26186000000.0,9.66,4802000000.0,358000000.0,17083000000.0,260766288.0,-0.04067321178120617,-3771000000.0,-23014000000.0,-4814000000.0,3212000000.0,2608000000.0,-604000000.0,1.81,36.81884057971015,-24.594736674622116,-4.030014426001564,3.5418449553196365,3.1461796186811015,27.033026,29479166240.0,0.23364761343547436,0.63632,0.111,revenueGrowth,0.03558076082276175,0.81,0.2836,0.79241997,0.65276,0.35029998,-4.530098117210289,0.535,USD,USD,USD,1.0,1.0,355.67,256.76,180.14166259765625,401.7236328125,92746752000.0,26186000000.0,yfinance,MAR,fresh,2026-10-01
MARA,"MARA Holdings, Inc.",11.33,50.53400230827082,3.318879161505111,SPY,6.66,0.7012012012012012,6.730000019073486,31.06999969482422,0.6835066817072301,0.6353395522598798,4376771072.0,6512576000.0,907093000.0,-9.39,-547119000.0,547132000.0,3645353000.0,386299297.0,0.1389367747952936,3471720000.0,3470732000.0,142393000.0,-802725000.0,-1209796000.0,-407071000.0,0.1,,1.2606924152869472,1.2610512917736085,4.825052196412055,5.435199412585277,-53.95238,805264120.0,0.04120245448990987,0.75789,-0.267,revenueGrowth,-0.0,,0.0,0.40122002,-2.65211,0.0,1.0500135379581303,0.891,USD,USD,USD,1.0,1.0,11.33,6.66,6.730000019073486,31.06999969482422,4376771072.0,907093000.0,yfinance,MARA,fresh,2026-10-01
MAS,Masco Corporation,67.4,43.270367075295255,1.1454731016795319,SPY,58.16,0.158872077028886,45.855316162109375,82.71571350097656,0.4698404817824194,0.18516087031995118,13290432512.0,16482433024.0,7562000000.0,4.34,1384000000.0,647000000.0,3215000000.0,197187430.0,-0.0410958904109589,-186000000.0,-1014000000.0,1267000000.0,1022000000.0,866000000.0,-156000000.0,1.57,15.529953917050694,-71.45393823655914,-13.10693541617357,1.7575287638190955,1.6888101583619068,14.477251,7869701900.0,0.24405286343612334,0.0106695,-0.029,revenueGrowth,0.042963236861136095,0.0187,0.2903,0.37205002,0.23645,0.11614,-17.28494623655914,1.865,USD,USD,USD,1.0,1.0,67.4,58.16,45.855316162109375,82.71571350097656,13290432512.0,7562000000.0,yfinance,MAS,fresh,2026-10-01
MBLY,Mobileye Global Inc.,7.39,37.733542337462914,2.181428687488977,SPY,6.47,0.14219474497681606,6.559999942779541,43.970001220703125,0.12652440007015897,0.8319308666172962,6282886144.0,4927886336.0,1894000000.0,-4.97,77000000.0,1836000000.0,88000000.0,252419583.0,0.004944375772558714,11881000000.0,2515000000.0,2072000000.0,602000000.0,523000000.0,-79000000.0,0.23,,0.5288179567376483,2.4981654648111333,3.317257731784583,2.8564917000681374,14.991074,2199511430.0,,0.55728,0.004,revenueGrowth,0.015916252134458544,,0.0,0.47370997,-0.05906,-2.0148802,0.007406783940745729,4.604,USD,USD,USD,1.0,1.0,7.39,6.47,6.559999942779541,43.970001220703125,6282886144.0,1894000000.0,yfinance,MBLY,fresh,2026-10-01
MCD,McDonald's Corporation,230.94,23.855730803458115,0.0017119254875498423,SPY,230.88,0.0002598752598752697,228.99851989746094,334.5029602050781,0.008478133847364604,0.30960252232621627,163422732288.0,217204736000.0,26885000000.0,12.31,14678000000.0,774000000.0,54814000000.0,707641531.0,-0.007618783765064413,-1790000000.0,-5144000000.0,-198000000.0,10551000000.0,7186000000.0,-3365000000.0,2.02,18.760357432981316,-91.29761580335196,-31.769582482115087,6.0785840538590294,5.595048775626216,16.665886,29208455340.0,0.21418739102505277,0.76357,0.037,revenueGrowth,0.012580869082379003,0.033,0.5971,0.57382,0.46485,0.3172,-30.622346368715085,1.081,USD,USD,USD,1.0,1.0,230.94,230.88,228.99851989746094,334.5029602050781,163422732288.0,26885000000.0,yfinance,MCD,fresh,2026-10-01
MCHP,Microchip Technology Incorporated,77.77,59.035057277586304,2.2010661430550065,SPY,48.52,0.6028441879637261,33.938297271728516,102.09573364257812,1.2915115445342165,0.23826395848957685,42229784576.0,47356186624.0,4713100000.0,0.68,1178200000.0,240300000.0,5535200000.0,543008691.0,0.014703145356411687,6432400000.0,-2296500000.0,1241300000.0,962100000.0,871000000.0,-91100000.0,0.23,114.36764705882352,6.565167678626951,-18.38875879642935,8.960086689440072,5.681236619975439,16.967197,7433202910.0,0.1590493601462523,0.010260199000000001,0.38,revenueGrowth,-0.0,0.0231,2.6764998,0.60194,0.23958,0.0934,0.8605186244636528,1.921,USD,USD,USD,1.0,1.0,77.77,48.52,33.938297271728516,102.09573364257812,42229784576.0,4713100000.0,yfinance,MCHP,fresh,2026-10-01
MCO,Moody's Corporation,454.13,36.0098192935023,0.5217871605660017,SPY,402.28,0.12889032514666407,294.7175598144531,536.0316772460938,0.5408990230711362,0.15279260671098818,78646681600.0,84911677440.0,7718000000.0,15.56,3891000000.0,2384000000.0,7351000000.0,173180984.0,-0.01532567049808429,4054000000.0,-4180000000.0,2205000000.0,2901000000.0,2575000000.0,-326000000.0,1.59,29.18573264781491,19.399773458312776,-18.814995598086124,10.190033894791396,8.848384979927928,23.99738,8888252690.0,0.2134185303514377,0.78915,0.151,revenueGrowth,0.021691951463086268,0.91,0.25,0.74974996,0.49473998,0.34252,1.8132708436112481,1.19,USD,USD,USD,1.0,1.0,454.13,402.28,294.7175598144531,536.0316772460938,78646681600.0,7718000000.0,yfinance,MCO,fresh,2026-10-01
MDB,"MongoDB, Inc.",348.61,37.689469612379014,1.7508971952805912,SPY,215.68,0.6163297477744807,145.85000610351562,500.8999938964844,1.3901953062146426,0.3040327325856516,28039372800.0,25728921600.0,2463797000.0,0.71,-15151000.0,1083540000.0,32859000.0,80431927.0,0.08975278532958507,2952358000.0,2726459000.0,2445359000.0,505148000.0,500188000.0,-4960000.0,1.67,491.00000000000006,9.497280749827764,10.284171814063589,11.380553186808816,7.808781760799812,44.735683,3590748680.0,,0.96752,0.305,revenueGrowth,0.014277530487415183,,0.0,0.72688,0.0368,0.02116,0.01112974781513624,4.866,USD,USD,USD,1.0,1.0,348.61,215.68,145.85000610351562,500.8999938964844,28039372800.0,2463797000.0,yfinance,MDB,fresh,2026-10-01
MDGL,"Madrigal Pharmaceuticals, Inc.",503.96,40.948812750488564,0.30351093341656094,SPY,393.61,0.2803536495515865,120.4000015258789,602.8300170898438,3.185714232667001,0.1640097776934497,11643554816.0,11125059584.0,958403000.0,-14.01,-264469000.0,198693000.0,347630000.0,23104126.0,0.05459267966538933,602689000.0,595308000.0,935482000.0,-189553000.0,-193020000.0,-3467000.0,,,19.31934184297374,19.558875096588658,12.14891315657401,5.470384008954408,52.359478,2128471200.0,,0.010462998999999999,0.712,revenueGrowth,,,0.0,0.91476995,-0.15459,-0.2532,0.5767983155491473,3.205,USD,USD,USD,1.0,1.0,503.96,393.61,120.4000015258789,602.8300170898438,11643554816.0,958403000.0,yfinance,MDGL,fresh,2026-10-01
MDT,Medtronic plc,86.29,39.78632268885718,0.1505160866120734,SPY,73.31,0.17705633610694316,62.932472229003906,101.9701919555664,0.3711522357806124,0.15377230987658683,110376812544.0,130328805376.0,36364000000.0,4.06,9809000000.0,1949000000.0,27961000000.0,1279137890.0,-0.0013954570121714862,49463000000.0,-3270000000.0,13129000000.0,7330000000.0,5426000000.0,-1904000000.0,1.56,21.25369458128079,2.2315025886824493,-33.75437692477064,3.0353319916400836,2.7325873489980594,13.471888,40392784730.0,0.21170143415906129,0.88681,0.137,revenueGrowth,0.00937696945712591,0.0331,0.70199996,0.65271,0.19332,0.13934,0.5652912277864263,2.067,USD,USD,USD,1.0,1.0,86.29,73.31,62.932472229003906,101.9701919555664,110376812544.0,36364000000.0,yfinance,MDT,fresh,2026-10-01
MELI,"MercadoLibre, Inc.",1728.53,34.70801977354334,1.1073482868536222,SPY,1495.0,0.15620735785953174,1169.6700439453125,2613.6298828125,0.47779282623127245,0.3386477514023727,87630938112.0,95092940800.0,28893000000.0,36.74,3820000000.0,3670000000.0,11392000000.0,50696802.0,-2.130285583718369e-06,6748000000.0,6552000000.0,4940000000.0,12116000000.0,10773000000.0,-1343000000.0,0.95,47.04763200870985,12.986208967397747,13.374685304029304,3.0329470152632125,1.6400899611249593,30.921593,53430567950.0,0.2973258268824771,0.80254996,0.498,revenueGrowth,1.1411494861802262e-05,,0.0,0.47749,0.06716,0.052950002,1.6882039122703023,1.121,USD,USD,USD,1.0,1.0,1728.53,1495.0,1169.6700439453125,2613.6298828125,87630938112.0,28893000000.0,yfinance,MELI,fresh,2026-10-01
MESO,Mesoblast Limited,14.65,43.27360706066423,1.5102407661629809,SPY,13.05,0.1226053639846743,1.7200000286102295,21.040000915527344,7.517441718787231,0.3037072546328444,1902373888.0,1930162432.0,120250000.0,-0.44,-37015000.0,47390000.0,127334000.0,129854878.0,0.22406968249369325,568405000.0,2035000.0,116379000.0,-49954000.0,-50852000.0,-898000.0,,,3.346863394938468,934.8274633906634,15.820157072765072,4.489842201499162,32.1978,423706180.0,,0.03271,3.907,revenueGrowth,,,0.0,0.80019,-0.33278,-0.47817,0.2240198450048821,2.435,USD,USD,USD,1.0,1.0,14.65,13.05,1.7200000286102295,21.040000915527344,1902373888.0,120250000.0,yfinance,MESO,fresh,2026-10-01
MET,"MetLife, Inc.",94.16,44.52081022250664,0.6553182819220975,SPY,67.33,0.398485073518491,53.33108139038086,99.94999694824219,0.7655745494968214,0.0579289357181318,59836510208.0,83350503424.0,75654000000.0,5.22,6040000000.0,22032000000.0,20183000000.0,635476927.0,-0.049153726224636284,28398000000.0,18785000000.0,,17092000000.0,,,0.5,18.038314176245212,2.1070677585745474,3.1853345865318072,0.7909232850609353,0.7156125608199773,8.613049,83615790840.0,0.2698991632696846,0.78349,0.105,revenueGrowth,0.06489349038742658,0.024900000000000002,0.4397,0.23951,0.055180002,0.04567,0.7107190647228678,2.027,USD,USD,USD,1.0,1.0,94.16,67.33,53.33108139038086,99.94999694824219,59836510208.0,75654000000.0,yfinance,MET,fresh,2026-10-01
META,"Meta Platforms, Inc.",725.18,64.56221970719554,1.4554136003550804,SPY,520.26,0.3938799830853803,285.6144714355469,786.7982788085938,1.5390170055288936,0.07831521810380551,1847400464384.0,1869458571264.0,200966000000.0,26.52,105713000000.0,35873000000.0,83897000000.0,2205128509.0,-0.015302218821729151,217243000000.0,189017000000.0,66886000000.0,115800000000.0,46109000000.0,-69691000000.0,0.98,27.3446455505279,8.503843458173566,9.773726513403556,9.192602053999185,6.028613451582519,20.817175,306438699250.0,0.2964436996695061,0.79016995,0.28,revenueGrowth,0.014208072643714622,0.28,0.0791,0.81747,0.34827,0.29834998,0.38618965858508675,2.226,USD,USD,USD,1.0,1.0,725.18,520.26,285.6144714355469,786.7982788085938,1847400464384.0,200966000000.0,yfinance,META,fresh,2026-10-01
MGA,Magna International Inc.,63.67,47.58107549805344,1.2369695620499794,SPY,43.11,0.4769195082347484,29.405303955078125,73.05000305175781,1.1652556320202418,0.128405238328489,17032987648.0,22282477568.0,42010000000.0,2.72,3508000000.0,1612000000.0,6689000000.0,267519846.0,-0.01533635413035901,12493000000.0,9491000000.0,2749000000.0,3598000000.0,2285000000.0,-1313000000.0,0.36,23.408088235294116,1.3634025172496598,1.7946462594036456,0.40545078905022613,0.4007288112616435,8.155742,42505023770.0,0.32492354740061163,0.76956004,0.033,revenueGrowth,0.008043216071731633,0.030699999999999998,0.72059995,0.14713,0.056009997,0.01783,0.5354198351076603,1.215,USD,USD,USD,1.0,1.0,63.67,43.11,29.405303955078125,73.05000305175781,17032987648.0,42010000000.0,yfinance,MGA,fresh,2026-10-01
MGX,"Metagenomi Therapeutics, Inc.",1.06,41.60815363390238,1.474816169809228,SPY,1.06,0.0,1.100000023841858,12.25,-0.03636365724989155,0.913469387755102,40043728.0,-42900268.0,25210000.0,-2.49,-90696000.0,41722000.0,40657000.0,37777105.0,0.12786651305507293,158596000.0,158596000.0,142605000.0,-88892000.0,-89466000.0,-574000.0,,,0.2524888900098363,0.2524888900098363,1.5884065053550178,5.356590507785328,-0.5776566,7475600.0,0.0006596456110820462,0.18721001,,,,,0.0,0.0,1.119572,0.0,0.2563557718984085,4.504,USD,USD,USD,1.0,1.0,1.06,1.06,1.100000023841858,12.25,40043728.0,25210000.0,yfinance,MGX,fresh,2026-10-01
MIELY,Mitsubishi Electric Corporation,66.02,43.32562237595605,1.5590538237214349,SPY,49.64,0.329975825946817,22.233341217041016,85.0999984741211,1.9694142394305612,0.224206801600864,67552841728.0,-376498946048.0,37350603677.10236,2.52,4858536810.815334,4635659139.501863,2301821028.554812,1023217888.0,2.3482506393188995e-05,28413440330.63762,25402250522.71597,11060923015.552572,3649636916.3570924,2113494940.5156074,-1536141975.841485,2.63,26.198412698412696,2.3774960350422325,2.659325073091097,1.8086144553913328,1.6075961869914421,,42021026346.43759,0.17546290752114235,0.00102,0.14,revenueGrowth,0.009513451983848105,0.011399999999999999,0.2712,0.32464,0.09318,0.07018,0.08101169734355633,1.99,USD,USD,JPY,1.0,0.0063362522050738335,66.02,49.64,22.233341217041016,85.0999984741211,67552841728.0,5894747000000.0,yfinance,MIELY,fresh,2026-10-01
MKSI,MKS Inc.,265.36,51.01812114884585,2.824860200024205,SPY,120.91,1.1946902654867257,58.259254455566406,444.3866882324219,3.554812835828284,0.40286240108701865,17942994944.0,21526110208.0,3931000000.0,6.28,877000000.0,675000000.0,4447000000.0,67617558.0,0.0014792899408284023,2719000000.0,-1995000000.0,1583000000.0,645000000.0,497000000.0,-148000000.0,1.32,42.254777070063696,6.599115463037881,-8.993982428070176,4.564486121597558,2.925922019960465,15.034781,6132424180.0,0.029605263157894735,0.010713098999999998,0.283,revenueGrowth,0.002507942522440918,0.38,0.1497,0.46952,0.20593001,0.10099,1.6355277675616036,1.144,USD,USD,USD,1.0,1.0,265.36,120.91,58.259254455566406,444.3866882324219,17942994944.0,3931000000.0,yfinance,MKSI,fresh,2026-10-01
MMM,3M Company,164.15,48.65493224740155,0.7350977644492551,SPY,139.34,0.1780536816420267,65.91104125976562,182.97898864746094,1.490478027088958,0.10290246320979547,84655833088.0,92565831680.0,24948000000.0,5.63,6467000000.0,5235000000.0,12602000000.0,515722417.0,-0.02009413468501086,4702000000.0,-2820000000.0,6792000000.0,2306000000.0,1396000000.0,-910000000.0,1.58,29.156305506216697,18.004218011059123,-30.019798967375888,3.393291369568703,3.185803030576749,16.699509,26572839650.0,0.238072632328507,0.76704,0.025,revenueGrowth,0.038402551618865716,0.018500000000000003,0.5364,0.39408,0.20354,0.11902001,2.6801361122926415,1.24,USD,USD,USD,1.0,1.0,164.15,139.34,65.91104125976562,182.97898864746094,84655833088.0,24948000000.0,yfinance,MMM,fresh,2026-10-01
MMS,"Maximus, Inc.",53.19,36.70730381032316,0.30793231783083164,SPY,51.04,0.04212382445141063,52.099998474121094,97.36822509765625,0.02092133508257827,0.45372322493654726,2784909312.0,4460603392.0,5431276000.0,6.76,662645000.0,222351000.0,1444167000.0,52357763.0,-0.05795003578166678,1674035000.0,-860586000.0,487761000.0,429372000.0,366159000.0,-63213000.0,2.06,7.868343195266272,1.6635908520431173,-3.2360616045345845,0.512754150590027,0.5178737460794426,6.36244,5377583500.0,0.28282630735373127,0.0110602,-0.051,revenueGrowth,0.16068099527400337,0.024900000000000002,0.1864,0.25594,0.12622,0.07067,0.8626862640267378,2.421,USD,USD,USD,1.0,1.0,53.19,51.04,52.099998474121094,97.36822509765625,2784909312.0,5431276000.0,yfinance,MMS,fresh,2026-10-01
MNRO,"Monro, Inc.",13.99,56.394470362033125,1.8558992793188438,SPY,11.06,0.2649186256781193,11.024620056152344,28.682409286499023,0.26897797191594025,0.5122446005055379,437384192.0,955701184.0,1157176000.0,0.23,81703000.0,14633000.0,485902000.0,31264060.0,0.001893941416642014,591473000.0,-152714000.0,-281196000.0,70438000.0,38781000.0,-31657000.0,4.83,60.826086956521735,0.7394829383589784,-2.864073968332962,0.3779755128001272,0.36879969321232264,35.32828,1185966800.0,0.2990322580645161,0.011659999999999998,-0.046,revenueGrowth,-0.0,0.0801,4.8696,0.34877998,0.00751,0.0070599997,0.8215117173564981,0.49,USD,USD,USD,1.0,1.0,13.99,11.06,11.024620056152344,28.682409286499023,437384192.0,1157176000.0,yfinance,MNRO,fresh,2026-10-01
MO,"Altria Group, Inc.",67.34,52.31674878013337,-0.5023698447972059,SPY,54.7,0.23107861060329069,31.434711456298828,73.74224853515625,1.14221785027731,0.08681927473507953,112440549376.0,134700556288.0,20139000000.0,4.75,10832000000.0,4474000000.0,25709000000.0,1669743926.0,-0.0228320312378548,-3502000000.0,-21165000000.0,-3222000000.0,9290000000.0,9074000000.0,-216000000.0,2.63,14.176842105263159,-32.107524093660764,-5.312570251641861,5.583224061572074,5.4165927196341475,11.48357,20758538660.0,0.26009159654915326,0.65169996,0.012,revenueGrowth,0.008893588705761395,0.0646,0.8926,0.87008005,0.76363,0.38999,-7.341233580810965,0.518,USD,USD,USD,1.0,1.0,67.34,54.7,31.434711456298828,73.74224853515625,112440549376.0,20139000000.0,yfinance,MO,fresh,2026-10-01
MOB,Mobilicom Limited,4.5,38.494822913005,2.7951243648097353,SPY,4.33,0.03926096997690529,0.7210000157356262,10.199999809265137,5.241331347834595,0.5588235211619867,57904440.0,43251012.0,3363538.0,-3.2,-23685023.0,19003784.0,437148.0,12867653.0,0.4566971678621261,8823498.0,8823498.0,17827981.0,-4229188.297974,-4265795.297974,-36607.0,,,6.562526562594563,6.562526562594563,17.215336945799333,2.05051312015298,13.839766,28239000.0,0.0031412147458939627,0.23313999,0.19,revenueGrowth,-0.0,,0.0,0.517,-3.2514002,0.0,0.049543616375274296,0.10765000000000001,USD,USD,USD,1.0,1.0,4.5,4.33,0.7210000157356262,10.199999809265137,57904440.0,3363538.0,yfinance,MOB,fresh,2026-10-01
MOG.A,Moog Inc.,381.47,56.67043514413995,1.1202414989289011,SPY,192.33,0.9834139239848178,108.09044647216797,445.3800048828125,2.5291740616338756,0.14349545148446516,12081600512.0,13160324096.0,3860624000.0,11.78,488451000.0,62013000.0,945686000.0,28443048.0,-0.008551998189826998,1992555000.0,1084141000.0,1250912000.0,273086000.0,128355000.0,-144731000.0,1.49,32.38285229202038,6.063371155124953,11.143938391777453,3.129442419671017,2.5643041294538165,31.77958,4711453830.0,0.2482664210230035,0.0104942,0.152,revenueGrowth,0.011811928383019855,0.31,0.1003,0.28204,0.14516,0.087340005,0.4746097347375606,2.087,USD,USD,USD,1.0,1.0,381.47,192.33,108.09044647216797,445.3800048828125,12081600512.0,3860624000.0,yfinance,MOG-A,fresh,2026-10-01
MOH,"Molina Healthcare, Inc.",189.1,40.1094860195376,-0.11061679355426793,SPY,121.06,0.562035354369734,122.6500015258789,419.5299987792969,0.5417855495101667,0.5492575011316884,9871020032.0,4909020160.0,45426000000.0,0.15,976000000.0,4248000000.0,3950000000.0,52200000.0,-0.0831889081455806,4069000000.0,1874000000.0,5072000000.0,-535000000.0,-636000000.0,-101000000.0,0.88,1260.6666666666667,2.425908093389039,5.267353272145144,0.21729890441597324,0.20547596199228316,19.404783,48039780110.0,0.19864176570458403,0.0111775,-0.057,revenueGrowth,0.1013066528847259,,0.0,0.08427,0.01398,-0.00016000001,0.9707544851314819,1.679,USD,USD,USD,1.0,1.0,189.1,121.06,122.6500015258789,419.5299987792969,9871020032.0,45426000000.0,yfinance,MOH,fresh,2026-10-01
MPC,Marathon Petroleum Corporation,395.42,55.175383999887025,-0.13965007625990458,SPY,161.93,1.4419193478663621,115.30363464355469,424.8900146484375,2.429380185823166,0.06935916032957744,111043731456.0,144210722816.0,132699000000.0,28.85,11678000000.0,3672000000.0,34358000000.0,280824763.0,-0.10263929618768329,17314000000.0,5246000000.0,5102000000.0,8253000000.0,4767000000.0,-3486000000.0,0.9,13.706065857885616,6.4135226669747025,21.167314421654595,0.8368091052381706,0.7585292362825206,8.389233,146393475880.0,0.16208125445473984,0.79494005,0.537,revenueGrowth,0.031411048190343696,0.0102,0.1356,0.12819,0.13561,0.05549,1.9844056832621,1.25,USD,USD,USD,1.0,1.0,395.42,161.93,115.30363464355469,424.8900146484375,111043731456.0,132699000000.0,yfinance,MPC,fresh,2026-10-01
MPWR,"Monolithic Power Systems, Inc.",1347.22,58.73903994004422,2.531263989833731,SPY,833.18,0.6169615209198493,391.73406982421875,1687.3154296875,2.439118789449518,0.2015600780409431,66206429184.0,64846987264.0,2790459000.0,16.41,781149000.0,1099302000.0,19972000.0,49143000.0,-0.010770963448346473,3531497000.0,3496763000.0,1814437000.0,838202000.0,663261000.0,-174941000.0,1.02,82.0975015234613,18.747411985342193,18.933633530210656,23.72599962371782,12.52576254862331,38.634727,5285620650.0,0.18889321026968897,0.0100746,0.476,revenueGrowth,0.0001160914445127251,0.59,0.4344,0.55195,0.30989,0.24500999,0.0056553920334634295,4.975,USD,USD,USD,1.0,1.0,1347.22,833.18,391.73406982421875,1687.3154296875,66206429184.0,2790459000.0,yfinance,MPWR,fresh,2026-10-01
MRCY,"Mercury Systems, Inc.",83.0,41.258650965418,2.1823581322816183,SPY,65.04,0.27613776137761364,26.229999542236328,126.20999908447266,2.1643157243045668,0.3423658933358529,5051677696.0,5279875072.0,983622000.0,-0.5,73384000.0,214306000.0,487720000.0,60863586.0,0.012154018997038097,1497458000.0,379219000.0,644914000.0,102388000.0,68087000.0,-34301000.0,2.79,,3.373502092212269,13.321267383754506,5.135791692337097,4.172187945338968,37.21973,1210798210.0,,0.0112912,0.061,revenueGrowth,0.0029695085282020334,,0.0,0.28585,0.01227,-0.03017,0.32569861725671106,2.963,USD,USD,USD,1.0,1.0,83.0,65.04,26.229999542236328,126.20999908447266,5051677696.0,983622000.0,yfinance,MRCY,fresh,2026-10-01
MRK,"Merck & Co., Inc.",145.31,58.90976885138251,0.17869949356157408,SPY,82.01,0.7718570905987074,69.97541809082031,155.53192138671875,1.076586377967814,0.06572233722556985,358504693760.0,405325709312.0,65011000000.0,1.25,28262000000.0,14565000000.0,49339000000.0,2467171638.0,-0.01338055883510429,52606000000.0,4346000000.0,15189000000.0,16472000000.0,12360000000.0,-4112000000.0,2.73,116.248,6.814901223434589,82.49072566958122,5.514523600006153,5.10206500968169,15.242776,70266586780.0,0.13309915982342052,0.8307,0.051,revenueGrowth,0.014181125347841248,0.022799999999999997,2.688,0.759,-0.00241,0.047659997,0.9378968178534768,1.323,USD,USD,USD,1.0,1.0,145.31,82.01,69.97541809082031,155.53192138671875,358504693760.0,65011000000.0,yfinance,MRK,fresh,2026-10-01
MRNA,"Moderna, Inc.",192.57,76.42259963890587,1.9527987764138073,SPY,22.28,7.643177737881508,22.360000610351562,203.4600067138672,7.6122537899596345,0.053524065440448874,76880863232.0,73013886976.0,1922000000.0,-7.98,-2543000000.0,2595000000.0,1305000000.0,399235889.0,0.013020833333333334,8650000000.0,8553000000.0,4557000000.0,-1873000000.0,-2075000000.0,-202000000.0,,,8.887961067283237,8.988759877469894,40.000449132154,31.533898719233992,-43.266964,2438038630.0,,0.80456,0.021,revenueGrowth,-0.0,,0.0,-0.66023004,-5.5793104,-1.41427,0.1508670520231214,2.295,USD,USD,USD,1.0,1.0,192.57,22.28,22.360000610351562,203.4600067138672,76880863232.0,1922000000.0,yfinance,MRNA,fresh,2026-10-01
MRVL,"Marvell Technology, Inc.",264.21,61.5642356348464,3.0591339577469476,SPY,70.69,2.7375866459188,46.25166702270508,316.3519592285156,4.712442750880709,0.16482262147411295,237446742016.0,233039052800.0,8194600000.0,3.03,4539800000.0,2638800000.0,4790300000.0,876926613.0,0.004852686308492201,14308400000.0,1195200000.0,3240100000.0,1750500000.0,1391900000.0,-358600000.0,1.4,87.1980198019802,16.594919209415448,198.66695282463186,28.97600151514412,13.029943211342548,39.0316,18223160160.0,0.1235803846911311,0.81817,0.365,revenueGrowth,0.008591821402470667,0.09,0.0795,0.52216,0.16679001,0.27934998,0.334789354505046,3.168,USD,USD,USD,1.0,1.0,264.21,70.69,46.25166702270508,316.3519592285156,237446742016.0,8194600000.0,yfinance,MRVL,fresh,2026-10-01
MS,Morgan Stanley,188.08,28.549200364889813,1.3989762588531238,SPY,151.84,0.23867228661749215,64.21942138671875,227.2987823486328,1.9287090406407326,0.17254286161761614,295392116736.0,174673100800.0,65966000000.0,12.38,,81310000000.0,370538000000.0,1570566292.0,-0.011793916821849782,111632000000.0,79146000000.0,,-17889000000.0,-20787000000.0,-2898000000.0,1.69,15.192245557350565,2.6461240212125556,3.732243154878326,4.477944952490677,3.4194780617350915,13.78916,86385147500.0,0.22451489477999453,0.63181,0.28,revenueGrowth,0.01975340460833929,0.0239,0.3231,0.87641,0.41567,0.25897,3.319281209688978,1.999,USD,USD,USD,1.0,1.0,188.08,151.84,64.21942138671875,227.2987823486328,295392116736.0,65966000000.0,yfinance,MS,fresh,2026-10-01
MSFT,Microsoft Corporation,512.9,58.463073738924344,0.9627137753358012,SPY,349.2,0.46878579610538373,306.2178955078125,537.6464233398438,0.6749510969939848,0.04602731882064744,3808562511872.0,3860532297728.0,331839000000.0,17.97,207519000000.0,20935000000.0,56826000000.0,7425545491.0,-0.001607501674480911,442387000000.0,304127000000.0,38885000000.0,182935000000.0,66987000000.0,-115948000000.0,1.65,28.54201446855871,8.609119417776743,12.522934536795484,11.47713955222864,8.150619940464601,21.692709,467272739950.0,0.19396265985271252,0.75801,0.177,revenueGrowth,0.005847613090392278,0.77,0.1983,0.67944,0.45111,0.40305,0.12845314170624364,1.23,USD,USD,USD,1.0,1.0,512.9,349.2,306.2178955078125,537.6464233398438,3808562511872.0,331839000000.0,yfinance,MSFT,fresh,2026-10-01
MSOS,AdvisorShares Pure US Cannabis ETF,4.52,54.63671470693547,1.333698045768262,SPY,2.96,0.5270270270270269,2.059999942779541,11.260000228881836,1.1941748182289755,0.5985790490122527,,,,,,,,,,,,,,,,,,,,,,,,,,,,,0.0,,,,,,,USD,USD,USD,1.0,1.0,4.52,2.96,2.059999942779541,11.260000228881836,,,yfinance,MSOS,fresh,2026-10-01
MSTY,Yieldmax MSTR Option Income Strategy ETF,16.05,57.775231893576006,2.719827047852009,SPY,11.53,0.3920208152645275,9.493029594421387,42.003334045410156,0.6907142067092935,0.6178874757263743,,,,,,,,,,,,,,,,,,,,,,,,,,,,,0.2446,,,,,,,USD,USD,USD,1.0,1.0,16.05,11.53,9.493029594421387,42.003334045410156,,,yfinance,MSTY,fresh,2026-10-01
MT,ArcelorMittal S.A.,66.74,34.82962714342594,2.0332342749907455,SPY,36.7,0.8185286103542232,20.389732360839844,78.73999786376953,2.2732160883180423,0.15240028180507573,50217947136.0,112225484800.0,61352000000.0,2.38,7124000000.0,5392000000.0,13410000000.0,752441542.0,-0.0316055625790139,54466000000.0,49214000000.0,8085000000.0,4808000000.0,471000000.0,-4337000000.0,0.42,28.04201680672269,0.9220054187199354,1.0203996248222051,0.8185217618985526,0.6931257794908444,8.998769,72451420250.0,0.09966685174902831,0.05472,0.052,revenueGrowth,0.005217258270045426,0.88,0.24159999,0.09003,0.06294,0.02883,0.24620864392465025,1.429,USD,USD,USD,1.0,1.0,66.74,36.7,20.389732360839844,78.73999786376953,50217947136.0,61352000000.0,yfinance,MT,fresh,2026-10-01
MTN,"Vail Resorts, Inc.",137.18,52.1641013868631,0.4538274950139926,SPY,118.51,0.15753944814783563,117.18816375732422,206.31475830078125,0.17059603633755466,0.3350936155521718,4888449536.0,8349166080.0,2964347000.0,4.64,870462000.0,440290000.0,3444242000.0,35635298.0,-0.019838238006164872,424499000.0,-1549213000.0,-617836000.0,554870000.0,319679000.0,-235191000.0,3.33,29.564655172413797,11.515809309326995,-3.155440559819728,1.649081411859003,1.5602927906161181,22.26478,3133033470.0,0.25949746146218783,0.0133501,0.025,revenueGrowth,0.055232236317801685,0.06280000000000001,2.1553,0.4373,-0.73705,0.05198,8.113663400856067,0.799,USD,USD,USD,1.0,1.0,137.18,118.51,117.18816375732422,206.31475830078125,4888449536.0,2964347000.0,yfinance,MTN,fresh,2026-10-01
MTSI,"MACOM Technology Solutions Holdings, Inc.",284.82,54.55026050023305,2.231905978634966,SPY,121.97,1.3351643846847585,70.23999786376953,409.67999267578125,3.0549545652380052,0.3047744456844756,21751967744.0,21509099520.0,967258000.0,3.13,39786000.0,112142000.0,537990000.0,76370931.0,0.005586136595310908,1327095000.0,912210000.0,879969000.0,235368000.0,153201000.0,-82167000.0,2.05,90.99680511182109,16.390663625437515,23.8453511187117,22.488278974172353,12.09207166957936,33.546913,1798861960.0,,0.97331,0.358,revenueGrowth,0.0019830389833075325,,0.0,0.56536,0.23337,0.20698999,0.4053892147886926,2.338,USD,USD,USD,1.0,1.0,284.82,121.97,70.23999786376953,409.67999267578125,21751967744.0,967258000.0,yfinance,MTSI,fresh,2026-10-01
MU,"Micron Technology, Inc.",1065.11,59.65751471738773,3.3198782025263562,SPY,165.5,5.435709969788519,63.923274993896484,1213.3734130859375,15.662319008243847,0.12219108436607619,1202927960064.0,1187620454400.0,37378000000.0,44.2,18483000000.0,9642000000.0,15278000000.0,1129393151.0,0.006261180679785331,54165000000.0,52562000000.0,17387000000.0,17525000000.0,1668000000.0,-15857000000.0,0.16,24.09751131221719,22.20858414223207,22.885886383014345,32.182780246776176,4.213054739545278,6.59541,285523933210.0,0.1164284234514191,0.79902,3.457,revenueGrowth,-0.0,0.05,0.0112,0.72569,0.80370003,0.55906,0.28206406350964647,3.425,USD,USD,USD,1.0,1.0,1065.11,165.5,63.923274993896484,1213.3734130859375,1202927960064.0,37378000000.0,yfinance,MU,fresh,2026-10-01
MVIS,"MicroVision, Inc.",1.5,30.350691274542328,2.695224005229669,SPY,1.4,0.0714285714285715,1.4600000381469727,41.70000076293945,0.027397233430072485,0.9640287776365435,45883280.0,53925636.0,1208000.0,-5.52,-70710000.0,32363000.0,36768000.0,30588853.0,0.3036895447398584,55548000.0,55516000.0,50963000.0,-58720000.0,-59399000.0,-679000.0,,,0.8260113775473464,0.8264874990993587,37.98284768211921,,-7.894737,0.0,0.0008836059538210697,0.12195,8.503,revenueGrowth,,,0.0,0.0,-0.1491582,0.0,0.6619140203067617,0.68,USD,USD,USD,1.0,1.0,1.5,1.4,1.4600000381469727,41.70000076293945,45883280.0,1208000.0,yfinance,MVIS,fresh,2026-10-01
MYNZ,MYNZ,,,,SPY,,,,,,,,,,,,,,,,,,,,,,,,,,,,,,,,,,,,,,,,,,USD,USD,USD,1.0,1.0,,,,,,,yfinance,MYNZ,unresolved,
MYO,"Myomo, Inc.",1.56,56.56126684442452,2.1055499356642837,SPY,0.605,1.578512396694215,0.6399999856948853,6.989999771118164,1.437500054482372,0.7768240270270491,61788252.0,68416440.0,40928042.0,-0.35,-12638852.0,14132027.0,19382439.0,39607854.0,0.10849830994529837,11403467.0,9812603.0,19211756.0,-14511454.0,-17844565.0,-3333111.0,,,5.418374254075537,6.296825826949282,1.5096801356878984,1.2065472908058457,-7.090909,51210800.0,,0.37870997,0.213,revenueGrowth,,,0.0,0.68353,-0.19262,-0.33534,1.6996970307363541,2.312,USD,USD,USD,1.0,1.0,1.56,0.605,0.6399999856948853,6.989999771118164,61788252.0,40928042.0,yfinance,MYO,fresh,2026-10-01
NANC,Unusual Whales Subversive Democratic Trading ETF,52.4994,57.982027729472115,1.1322138036826754,SPY,40.785,0.2872232438396471,25.65126609802246,52.73500061035156,1.0466592097006608,0.004467632646719153,,,,1.9365395,,,,,,,,,,,,,27.109904032424847,,,,,,,,,,,,0.18,,,,,,,USD,USD,USD,1.0,1.0,52.4994,40.785,25.65126609802246,52.73500061035156,,,yfinance,NANC,fresh,2026-10-01
NBIS,Nebius Group N.V.,235.88,55.241010131683645,3.5866944180231983,SPY,73.52,2.2083786724700767,17.15999984741211,286.69000244140625,12.745920868150412,0.17722976737492202,64125214720.0,66808635392.0,529800000.0,-0.07,543800000.0,3678100000.0,4973100000.0,238400165.0,-0.11859309691272432,4594000000.0,4574300000.0,3183600000.0,384800000.0,-3681200000.0,-4066000000.0,0.56,,13.95847077057031,14.01858529611088,121.03664537561343,5.212760568831177,-67.576744,12301584520.0,0.2898550724637681,0.69461995,4.54,revenueGrowth,-0.0,,0.0,0.7426,-0.00223,0.03129,1.082520679146713,4.03,USD,USD,USD,1.0,1.0,235.88,73.52,17.15999984741211,286.69000244140625,64125214720.0,529800000.0,yfinance,NBIS,fresh,2026-10-01
NBIX,"Neurocrine Biosciences, Inc.",141.84,28.742715296398757,0.6255365474708146,SPY,122.14,0.16129032258064518,87.54000091552734,185.5,0.6202878514574157,0.23536388140161724,14417920000.0,14489719808.0,2860500000.0,6.84,666600000.0,713000000.0,415300000.0,101649181.0,-0.011571841851494697,3253100000.0,3253100000.0,1779300000.0,782700000.0,748700000.0,-34000000.0,0.28,20.736842105263158,4.432055577756602,4.432055577756602,5.040349589232652,3.1694078492643247,11.942038,4549089510.0,0.3215197051318401,0.010283500000000001,0.395,revenueGrowth,0.011631358753551136,,0.0,0.6448,0.2219,0.20910999,0.12766284467123667,1.872,USD,USD,USD,1.0,1.0,141.84,122.14,87.54000091552734,185.5,14417920000.0,2860500000.0,yfinance,NBIX,fresh,2026-10-01
NDSN,Nordson Corporation,327.85,64.86723401321285,0.834795095364323,SPY,223.29,0.46826996282860867,164.2432861328125,333.6978454589844,0.9961242113415204,0.017524372837771664,18261039104.0,19959754752.0,2791687000.0,9.89,852327000.0,108442000.0,2092358000.0,55699366.0,-0.01214940294362677,3043571000.0,-942701000.0,484591000.0,719175000.0,661115000.0,-58060000.0,1.88,33.14964610717897,5.999872880902072,-19.37097669780768,6.541220095232739,5.680501731846295,25.252527,3214687710.0,0.18936564666827296,0.78328,0.103,revenueGrowth,0.01677708471326211,0.011399999999999999,0.33200002,0.55391,0.27403998,0.18631001,0.6874681090074783,1.823,USD,USD,USD,1.0,1.0,327.85,223.29,164.2432861328125,333.6978454589844,18261039104.0,2791687000.0,yfinance,NDSN,fresh,2026-10-01
NEE,"NextEra Energy, Inc.",75.74,24.93357244381255,0.17937675167089953,SPY,74.78,0.012837657127574134,45.1152229309082,96.44304656982422,0.678812495640156,0.21466603665237116,157991993344.0,276342734848.0,27412000000.0,4.45,16043000000.0,2812000000.0,95619000000.0,2085978209.0,0.011656143759106362,54608000000.0,47992000000.0,-9233000000.0,12485000000.0,3211000000.0,-9274000000.0,1.53,17.020224719101122,2.8932023392909465,3.2920485360893483,5.76360693652415,4.570065789607371,17.23867,34571054470.0,,0.87031996,0.124,revenueGrowth,,0.032799999999999996,0.53470004,0.61024,0.31524,0.32401,1.751007178435394,0.534,USD,USD,USD,1.0,1.0,75.74,74.78,45.1152229309082,96.44304656982422,157991993344.0,27412000000.0,yfinance,NEE,fresh,2026-10-01
NEM,Newmont Corporation,115.34,42.87728270109183,1.6210547948639393,SPY,76.05,0.5166337935568706,28.463985443115234,134.85926818847656,3.052138103798041,0.1447380550901168,121532866560.0,118292865024.0,22669000000.0,7.93,14092000000.0,7647000000.0,5589000000.0,1053692271.0,-0.03484320557491289,33867000000.0,31209000000.0,7354000000.0,10334000000.0,7299000000.0,-3035000000.0,2.78,14.544766708701136,3.5885335742758437,3.894160868980102,5.361192225506198,4.168308169305461,11.272985,29156401500.0,0.40521953800035265,0.8162,0.151,revenueGrowth,0.018949606515394943,0.89,0.1286,0.68041,0.51569,0.33363998,0.16502790326866862,2.546,USD,USD,USD,1.0,1.0,115.34,76.05,28.463985443115234,134.85926818847656,121532866560.0,22669000000.0,yfinance,NEM,fresh,2026-10-01
NET,"Cloudflare, Inc.",347.28,62.73861367006908,1.5711441579439163,SPY,158.83,1.1864886986085748,54.95000076293945,358.82000732421875,5.319927118803972,0.032160991830624375,123659362304.0,123025915904.0,2167937000.0,-0.56,105802000.0,943536000.0,3518327000.0,322618775.0,0.02053243744343328,1459123000.0,1190761000.0,2294274000.0,603114000.0,260562000.0,-342552000.0,2.38,,84.74910086675352,103.84901949593579,57.040108778068735,33.45817368620931,207.19034,3695938800.0,,0.90186995,0.359,revenueGrowth,-0.0,,0.0,0.72577006,-0.07603,-0.082100004,2.41126142210081,1.818,USD,USD,USD,1.0,1.0,347.28,158.83,54.95000076293945,358.82000732421875,123659362304.0,2167937000.0,yfinance,NET,fresh,2026-10-01
NFLX,"Netflix, Inc.",69.58,37.140658755121756,0.3156871513514666,SPY,65.08,0.06914566687154272,34.61899948120117,133.91299438476562,1.0098789983166143,0.48040890042321654,289726922752.0,297253666816.0,45183036000.0,3.18,30254617000.0,9033681000.0,14462836000.0,4163939676.0,-0.011097502396069762,26615488000.0,-6162904000.0,2039261000.0,10149273000.0,9461053000.0,-688220000.0,1.2,21.880503144654085,10.885651345261827,-47.01142882511232,6.412294267963755,5.0847030494307015,18.250301,56980106790.0,0.13687120319885507,0.84022003,0.134,revenueGrowth,0.03150265399330064,,0.0,0.49118,0.33381,0.28219,0.5433992418249104,1.142,USD,USD,USD,1.0,1.0,69.58,65.08,34.61899948120117,133.91299438476562,289726922752.0,45183036000.0,yfinance,NFLX,fresh,2026-10-01
NICE,NICE Ltd.,111.27,49.96577860272375,0.28875426355492473,SPY,83.1,0.3389891696750903,83.1500015258789,261.57000732421875,0.3381839802536775,0.5746071916338648,6520109056.0,163232858112.0,2945399000.0,6.87,903061000.0,379388000.0,88801000.0,58597188.0,-0.033325191585503615,3876528000.0,848397000.0,491505000.0,716549000.0,622801000.0,-93748000.0,0.71,16.19650655021834,1.6819455595316222,7.685209938271823,2.2136590173351727,1.8789459617984112,8.778864,3470088650.0,0.13055934728848878,0.62528,0.076,revenueGrowth,0.07498509546402286,,0.0,0.65117997,0.13832,0.13861,0.022907354209746454,1.329,USD,USD,USD,1.0,1.0,111.27,83.1,83.1500015258789,261.57000732421875,6520109056.0,2945399000.0,yfinance,NICE,fresh,2026-10-01
NINOY,Nikon Corporation,12.18,58.18437458249172,0.9336509340487735,SPY,10.05,0.21194029850746257,8.619999885559082,14.65999984741211,0.412993058202346,0.16916779489939063,4012296448.0,67770195968.0,4290675551.944412,-1.66,-627244614.536874,1001355953.4810483,1393703026.2714252,329416763.0,-0.04483620008397783,3718017750.154249,3112183331.81832,2016201787.906699,305774858.91245306,-135608469.69299018,-441383328.60544324,3.11,,1.0791493525907836,1.2892223947667574,0.9351199827220078,0.8438700516062775,10.972973,4754637802.778677,0.19224305470796443,0.0,0.038,revenueGrowth,0.04738098925955289,0.0152,1.9528,0.40193,-0.00607,-0.13798,0.3748510953756487,1.906,USD,USD,JPY,1.0,0.0063362522050738335,12.18,10.05,8.619999885559082,14.65999984741211,4012296448.0,677163000000.0,yfinance,NINOY,fresh,2026-10-01
NIO,NIO Inc.,3.43,24.495760851219785,1.3548028205169242,SPY,3.38,0.014792899408284103,3.140000104904175,9.430000305175781,0.09235665140357549,0.636267244008741,8594438144.0,4675641856.0,13051992514.061182,-0.27,-680320868.5981482,1681947405.873388,4664050948.370621,2357167022.0,0.10611307993081537,620537043.3166623,586770224.10281,-290843787.3928249,446458579.3045163,-458393831.6063583,-904852410.9108746,,,13.850000151585192,14.647025003937724,0.6584770972509395,0.3772377939122801,26.999374,22782547991.462605,,0.12084,0.691,revenueGrowth,,,0.0,0.1736,-0.0108,-0.04168,7.516152337082217,1.019,USD,USD,CNY,1.0,0.14918692409992218,3.43,3.38,3.140000104904175,9.430000305175781,8594438144.0,87487510000.0,yfinance,NIO,fresh,2026-10-01
NKE,"NIKE, Inc.",35.4,38.30097565416787,0.6897341134736551,SPY,35.155,0.006969136680415231,35.5099983215332,114.7721939086914,-0.0030976718313867604,0.6915629230877737,52515856384.0,54531854336.0,46398000000.0,2.1,4594000000.0,7563000000.0,11033000000.0,1202110951.0,-0.004436676525947835,14865000000.0,14366000000.0,12056000000.0,2868000000.0,2184000000.0,-684000000.0,1.41,16.857142857142854,3.5328527671712076,3.655565667826813,1.1318560365532997,1.1214894121942158,16.411684,46826885580.0,0.20307692307692307,0.82572,-0.011,revenueGrowth,0.0027801127136238,0.0463,0.77620006,0.43245,0.12687,0.066989996,0.7422132526067945,1.961,USD,USD,USD,1.0,1.0,35.4,35.155,35.5099983215332,114.7721939086914,52515856384.0,46398000000.0,yfinance,NKE,fresh,2026-10-01
NLR,VanEck Uranium and Nuclear ETF,103.46,36.47039288556724,2.0062544784767007,SPY,101.92,0.015109890109890032,61.83646774291992,164.3699951171875,0.6731227344699978,0.3705663863636533,,,,5.9237876,,,,,,,,,,,,,17.465177178195923,,,,,,,,,,,,0.026699999999999998,,,,,,,USD,USD,USD,1.0,1.0,103.46,101.92,61.83646774291992,164.3699951171875,,,yfinance,NLR,fresh,2026-10-01
NLY,"Annaly Capital Management, Inc.",18.89,23.01888251117485,0.6423556068984566,SPY,18.87,0.0010598834128245666,10.183696746826172,23.739999771118164,0.854925619803753,0.2042965382425413,14237665280.0,140835651584.0,2244449000.0,4.14,,354779000.0,31926408000.0,753714442.0,0.22629492461955014,16090772000.0,14148489000.0,,692911000.0,-222163000.0,-915074000.0,32.03,4.56280193236715,0.8848341944065828,1.0063028836506853,6.343501358239817,5.95092991421983,6.074287,2392511000.0,,0.61767,4.794,revenueGrowth,-0.0,0.1476,0.6884,0.97972,0.91652,0.90681,1.9841439553055626,0.558,USD,USD,USD,1.0,1.0,18.89,18.87,10.183696746826172,23.739999771118164,14237665280.0,2244449000.0,yfinance,NLY,fresh,2026-10-01
NNDM,Nano Dimension Ltd.,1.57,54.10872379698497,1.2751314916508076,SPY,1.19,0.31932773109243706,1.2300000190734863,2.950000047683716,0.27642274443428316,0.4677966187720118,331017248.0,-73830752.0,102437000.0,-0.66,-86991000.0,204672000.0,9239000.0,210839011.0,-0.010089473381062204,551988000.0,490647000.0,473342000.0,-101284000.0,-102348000.0,-1064000.0,,,0.5996819641006689,0.6746545846606623,3.231422708591622,,157.00002,0.0,0.06695984454754224,0.33988997,0.121,revenueGrowth,0.07508974275564033,,0.0,0.38782,-0.47675,-1.3517799,0.016737682703247173,0.10662,USD,USD,USD,1.0,1.0,1.57,1.19,1.2300000190734863,2.950000047683716,331017248.0,102437000.0,yfinance,NNDM,fresh,2026-10-01
NNE,NANO Nuclear Energy Inc.,15.85,41.35340895438866,4.03331423122495,SPY,14.71,0.07749830047586667,3.259999990463257,56.630001068115234,3.8619632044071452,0.7201130195824041,851115584.0,272314560.0,0.0,-0.69,-44358295.0,203265052.0,2795542.0,53698146.0,0.44572908198252476,222568728.0,213493683.0,200841189.0,-19621963.0,-37146340.0,-17524377.0,,,3.8240573671248193,3.986607809843254,3976.3953,102.18001457458188,-15.73201,8329570.0,,0.44727,,,,,0.0,0.29065,-0.73782745,0.0,0.01256035394154744,0.7917700000000001,USD,USD,USD,1.0,1.0,15.85,14.71,3.259999990463257,56.630001068115234,851115584.0,0.0,yfinance,NNE,fresh,2026-10-01
NNOX,Nano-X Imaging Ltd.,0.6936,37.520665398740825,1.5580953740901111,SPY,0.63,0.10095238095238093,0.6320000290870667,12.949999809265137,0.09746830392067451,0.946440153651295,54509080.0,25298544.0,13021000.0,-1.72,-49002000.0,49151000.0,7851000.0,78588638.0,0.10425579056806368,139732000.0,79548000.0,49905000.0,-40793000.0,-45000000.0,-4207000.0,,,0.3900973291729883,0.6852350781917835,4.186243760079871,1.3148975998070196,-1.734,41455000.0,0.02333029553443562,0.13247,0.367,revenueGrowth,,,0.0,-0.77182996,-3.55342,0.0,0.05618612773022643,2.843,USD,USD,USD,1.0,1.0,0.6936,0.63,0.6320000290870667,12.949999809265137,54509080.0,13021000.0,yfinance,NNOX,fresh,2026-10-01
NOC,Northrop Grumman Corporation,483.48,35.03022871826704,0.06689135255697987,SPY,479.02,0.009310675963425403,399.5843505859375,761.1927490234375,0.20995729510187439,0.36483893124274436,68684632064.0,83429629952.0,41954000000.0,31.44,7205000000.0,4403000000.0,17019000000.0,142063026.0,-0.02376103190767142,16674000000.0,-763000000.0,1405000000.0,4757000000.0,3307000000.0,-1450000000.0,3.34,15.377862595419847,4.1192654470433006,-90.019177017038,1.6371414421509272,1.4607007630920092,15.876607,47021699310.0,0.17482241515390687,0.84476,0.051,revenueGrowth,0.023644299331570487,0.0196,0.2988,0.2006,0.11604,0.104820006,1.0206908960057575,1.168,USD,USD,USD,1.0,1.0,483.48,479.02,399.5843505859375,761.1927490234375,68684632064.0,41954000000.0,yfinance,NOC,fresh,2026-10-01
NOMD,Nomad Foods Limited,10.33,34.42627535269963,-0.004342897604869902,SPY,8.99,0.14905450500556172,8.957356452941895,18.966733932495117,0.15324203678500298,0.4553622127686448,1444042752.0,3482642688.0,3437429064.810276,0.99,417932430.7322502,367263649.46365356,2597143437.194824,139791169.0,-0.07409633466670859,2830197160.434723,-2348333649.981022,89435499.82309341,374858299.0050316,285876211.09485626,-88982087.91017532,,10.434343434343434,0.5102269100496846,-0.6149223097031676,0.4200938331449472,0.424295332147874,6.130871,3403390616.3660717,0.05918788713007571,0.66738,-0.031,revenueGrowth,0.1589563609504433,0.0647,0.6686,0.27203,0.13915,0.041929998,0.9176545978852931,1.098,USD,USD,EUR,1.0,1.133529782295227,10.33,8.99,8.957356452941895,18.966733932495117,1444042752.0,3032500000.0,yfinance,NOMD,fresh,2026-10-01
NOVT,Novanta Inc.,142.19,47.00297711873416,1.9267302571668947,SPY,98.27,0.4469319222550117,99.22000122070312,186.1999969482422,0.43307799083488424,0.23635874151209357,5377308672.0,4943121408.0,980600000.0,1.58,178596000.0,380871000.0,301907000.0,37817770.0,0.016000442918835123,1314287000.0,486163000.0,570234000.0,64056000.0,48429000.0,-15627000.0,,89.99367088607595,4.091426508821893,11.060711473312448,5.483692302671834,4.094826684891522,32.56257,1313195670.0,0.2270612561385371,0.012358599999999999,0.103,revenueGrowth,0.007304397496190451,,0.0,0.44544998,0.11497,0.05998,0.2297116231081948,4.569,USD,USD,USD,1.0,1.0,142.19,98.27,99.22000122070312,186.1999969482422,5377308672.0,980600000.0,yfinance,NOVT,fresh,2026-10-01
NOW,"ServiceNow, Inc.",134.01,45.43735899326691,0.6592207681054176,SPY,81.24,0.6495568685376661,83.0,234.0780029296875,0.6145783132530119,0.4274985332976632,138547838976.0,142336851968.0,13278000000.0,1.6,3022000000.0,3726000000.0,2403000000.0,1033862000.0,0.006730769230769231,12964000000.0,8265000000.0,28000000.0,5444000000.0,4533000000.0,-911000000.0,0.94,83.75625,10.687121179882752,16.76319890816697,10.434390644374153,7.192019703071359,26.772497,19264107260.0,0.226890756302521,0.84846,0.24,revenueGrowth,0.01328061132962698,,0.0,0.74768996,0.04063,0.11336,0.1853594569577291,0.701,USD,USD,USD,1.0,1.0,134.01,81.24,83.0,234.0780029296875,138547838976.0,13278000000.0,yfinance,NOW,fresh,2026-10-01
NRIX,"Nurix Therapeutics, Inc.",23.71,38.875012721595596,1.42012906428018,SPY,8.85,1.6790960451977404,4.25,28.139999389648438,4.578823529411765,0.1574271316892087,2460663552.0,2075277696.0,83980000.0,-3.46,-266810000.0,246960000.0,55730000.0,103781683.0,0.2912181694869922,538747000.0,538747000.0,520348000.0,-249465000.0,-263467000.0,-14002000.0,,,4.5673823742870026,4.5673823742870026,29.300590045248867,20.376232218457776,-22.256222,120761460.0,,0.0114833,-0.795,revenueGrowth,,,0.0,0.0,-0.1041734,0.0,0.1034437314732147,6.338,USD,USD,USD,1.0,1.0,23.71,8.85,4.25,28.139999389648438,2460663552.0,83980000.0,yfinance,NRIX,fresh,2026-10-01
NSC,Norfolk Southern Corporation,309.0,34.03237723721446,0.24216744586429084,SPY,277.8,0.11231101511879045,173.18051147460938,352.9800109863281,0.784265431305783,0.1245963216541222,69403983872.0,85484986368.0,12180000000.0,11.71,5850000000.0,1530000000.0,17305000000.0,224608373.0,-0.004858657243816254,15547000000.0,15547000000.0,-577000000.0,4361000000.0,2157000000.0,-2204000000.0,3.69,26.38770281810418,4.464139954460667,4.464139954460667,5.698192436124795,5.034336591168748,21.586231,13786123080.0,0.21609822646657573,0.77629995,0.114,revenueGrowth,0.00769408282073321,0.0173,0.46080002,0.45159,0.35296002,0.21021,1.1130764777770632,0.831,USD,USD,USD,1.0,1.0,309.0,277.8,173.18051147460938,352.9800109863281,69403983872.0,12180000000.0,yfinance,NSC,fresh,2026-10-01
NSRGY,Nestlé S.A.,90.65,31.754629083643877,0.11694821023443161,SPY,90.5,0.0016574585635359745,74.81260681152344,105.48999786376953,0.21169417646916058,0.14067682400500184,233171730432.0,290561949696.0,107659595537.18567,3.44,19411904821.395874,5125164480.209351,69292127952.57568,2572220000.0,-0.008849557522123894,39298117923.73657,-13771708621.97876,-10450352907.180786,19048987121.58203,13166845788.955688,-5882141332.626343,1.85,26.351744186046513,5.933407062508743,-16.931212882319695,2.1658239497236678,2.098948711646245,15.328683,111089770387.53796,0.24555855269277277,0.00984,-0.025,revenueGrowth,0.0010941307626049228,0.0431,1.0791,0.45701998,0.16113001,0.083809994,1.7632429137458092,0.83,USD,USD,CHF,1.0,1.1977481842041016,90.65,90.5,74.81260681152344,105.48999786376953,233171730432.0,89885000000.0,yfinance,NSRGY,fresh,2026-10-01
NTAP,"NetApp, Inc.",210.08,66.21556330301297,1.3014732738725352,SPY,93.69,1.2422883979079946,67.58370971679688,209.17999267578125,2.1084413815151657,-0.004302549745346486,41263706112.0,40221704192.0,6925000000.0,7.07,1957000000.0,2070000000.0,2733000000.0,196419005.0,-0.03827751196172249,1351000000.0,-1443000000.0,1755000000.0,2067000000.0,1869000000.0,-198000000.0,2.32,29.714285714285715,30.543083724648408,-28.59577693139293,5.958657922310469,4.768578319362116,18.89049,8653251210.0,0.22572815533980584,0.010197799,0.299,revenueGrowth,0.023022653307520725,0.99,0.2938,0.70625997,0.26667,0.19184999,2.0229459659511475,1.242,USD,USD,USD,1.0,1.0,210.08,93.69,67.58370971679688,209.17999267578125,41263706112.0,6925000000.0,yfinance,NTAP,fresh,2026-10-01
NTDOY,"Nintendo Co., Ltd.",12.53,39.729135005036035,0.5225889413592057,SPY,10.18,0.23084479371316305,9.915045738220215,24.889999389648438,0.2637359756899294,0.49658496154037146,57782005760.0,-1908918190080.0,14656074499.198236,0.58,3702006040.832028,11353309373.555704,0.0,4611492820.0,-0.0007609824392632135,18717434747.58882,18434540095.38889,14254261065.613478,1836176190.2561412,1664026554.0964901,-172149636.15965098,1.99,21.603448275862068,3.0870686362319746,3.1344424900761836,3.942529479033487,3.5561043025587318,5.8551397,16248681378.221663,0.2536123225518045,0.00125,-0.095,revenueGrowth,0.010958660153545585,0.027200000000000002,0.5887,0.0,0.27538002,0.0,0.0,3.728,USD,USD,JPY,1.0,0.0063362522050738335,12.53,10.18,9.915045738220215,24.889999389648438,57782005760.0,2313051000000.0,yfinance,NTDOY,fresh,2026-10-01
NTES,"NetEase, Inc.",121.16,54.20513608274007,0.5490277164611379,SPY,106.06,0.14237224212709781,72.521484375,155.57420349121094,0.6706773316097061,0.22120764701941828,77582434304.0,229763547136.0,16802297720.601484,7.5,5681380304.528922,7036834514.000416,1003989508.9660585,640330430.0,-0.0038469610307924032,23914084938.765095,22892112736.341877,19132703994.506077,7569714691.445231,7263513751.272485,-306200940.1727468,1.21,16.154666666666667,3.244215051617455,3.3890464893978827,4.617370528369778,4.003818561545101,11.264387,19377110403.83918,0.14774960954404884,0.10029,0.079,revenueGrowth,0.0012294074422269851,0.0241,0.4168,0.67154,0.40155,0.27883,0.04198318737835443,3.453,USD,USD,CNY,1.0,0.14918692409992218,121.16,106.06,72.521484375,155.57420349121094,77582434304.0,112625807000.0,yfinance,NTES,fresh,2026-10-01
NTLA,"Intellia Therapeutics, Inc.",12.06,48.30511768499428,2.2605694420738396,SPY,7.95,0.5169811320754717,6.28000020980835,32.79999923706055,0.9203821014471021,0.6323170646182982,1689927936.0,1325578880.0,67671000.0,-3.34,-425067000.0,155464000.0,93329000.0,140126693.0,0.09637932604275208,671394000.0,671394000.0,423827000.0,-394736000.0,-395865000.0,-1129000.0,,,2.517043548199716,2.517043548199716,24.972705235625305,13.385002724241424,-4.640193,126255330.0,,0.99849,-0.462,revenueGrowth,,,0.0,0.0,-0.1472255,0.0,0.1390077957205456,6.648,USD,USD,USD,1.0,1.0,12.06,7.95,6.28000020980835,32.79999923706055,1689927936.0,67671000.0,yfinance,NTLA,fresh,2026-10-01
NTNX,"Nutanix, Inc.",70.41,61.548015407726105,0.665262293829055,SPY,34.01,1.0702734489855925,34.029998779296875,83.06999969482422,1.0690567888834583,0.15240158590746955,19050846208.0,18210850816.0,2853545000.0,5.17,409732000.0,777308000.0,1518734000.0,270570179.0,-0.006460761077654947,702565000.0,515493000.0,1344419000.0,916688000.0,840675000.0,-76013000.0,1.44,13.618955512572533,27.11613332289539,36.95655655459919,6.676203181656501,5.217256765279896,26.474306,3651506350.0,,0.96902,0.159,revenueGrowth,0.025381707180909704,,0.0,0.86927,0.12891,0.52806,2.161698917537879,1.798,USD,USD,USD,1.0,1.0,70.41,34.01,34.029998779296875,83.06999969482422,19050846208.0,2853545000.0,yfinance,NTNX,fresh,2026-10-01
NTRA,"Natera, Inc.",413.31,83.5652099111972,1.240548504264817,SPY,157.425,1.6254406860409718,37.54999923706055,414.5199890136719,10.006924324836666,0.0029190124619827788,59576229888.0,58723213312.0,2306113000.0,-1.37,-220536000.0,1076140000.0,214377000.0,144144170.0,0.09624111996664475,1712413000.0,1197630000.0,1055711000.0,215301000.0,76113000.0,-139188000.0,,,34.79080682522265,49.7451048220235,25.834046244915147,17.006566865086313,-3968.0298,3503130900.0,0.22354143586644734,0.96730006,0.377,revenueGrowth,,,0.0,0.65230006,-0.102910005,-0.07105,0.12519000965304514,2.999,USD,USD,USD,1.0,1.0,413.31,157.425,37.54999923706055,414.5199890136719,59576229888.0,2306113000.0,yfinance,NTRA,fresh,2026-10-01
NU,Nu Holdings Ltd.,12.66,30.32768488163778,1.4779233533962466,SPY,11.2,0.13035714285714295,6.840000152587891,18.760000228881836,0.8508771516927719,0.3251599229455563,61156519936.0,51884421120.0,10626855000.0,0.73,,20929905000.0,1897823000.0,3808087961.0,0.003770568457069642,11290948000.0,10279908000.0,,3500464000.0,3159695000.0,-340769000.0,0.57,17.34246575342466,5.4164202984550105,5.949131056036689,5.754903020319746,2.167547511355165,11.205027,28214615650.0,0.25766262651486305,0.82278,0.521,revenueGrowth,-0.0,,0.0,0.0,0.50154,0.42728,0.16808358341567067,,USD,USD,USD,1.0,1.0,12.66,11.2,6.840000152587891,18.760000228881836,61156519936.0,10626855000.0,yfinance,NU,fresh,2026-10-01
NUE,Nucor Corporation,233.75,35.913402825047456,0.9273276227211166,SPY,131.32,0.7800030459945173,101.42884826660156,274.739990234375,1.3045711747174504,0.14919557287385535,53032189952.0,58596188160.0,32494000000.0,12.54,4218000000.0,2260000000.0,7121000000.0,226875676.0,-0.031865828092243184,20936000000.0,13759000000.0,7761000000.0,3234000000.0,-188000000.0,-3422000000.0,5.21,18.640350877192983,2.5330621872372947,3.8543636857329746,1.632060994398966,1.2935724979098635,11.755766,40996689430.0,0.20638629283489096,0.80972,0.23,revenueGrowth,0.0131995303349452,0.95,0.17799999,0.15554,0.15668,0.07989,0.34013183034008404,2.508,USD,USD,USD,1.0,1.0,233.75,131.32,101.42884826660156,274.739990234375,53032189952.0,32494000000.0,yfinance,NUE,fresh,2026-10-01
NVDA,NVIDIA Corporation,228.38,56.709045381842685,1.8819300142271327,SPY,164.27,0.39027211298472014,40.20592498779297,235.202392578125,4.680257326982008,0.029006476096364,5514691870720.0,5480348909568.0,215938000000.0,7.91,144552000000.0,10605000000.0,11040000000.0,24147000000.0,-0.011691662635058862,157293000000.0,133155000000.0,93442000000.0,102718000000.0,96676000000.0,-6042000000.0,0.47,28.872313527180783,35.059995490708424,41.41558237182231,25.538311324176384,8.077374866706236,14.562609,682733185190.0,0.1511700247437257,0.71419,1.059,revenueGrowth,0.007268946468765508,0.44,0.0354,0.74674004,0.66236997,0.63663,0.07018748450344262,4.589,USD,USD,USD,1.0,1.0,228.38,164.27,40.20592498779297,235.202392578125,5514691870720.0,215938000000.0,yfinance,NVDA,fresh,2026-10-01
NVDQ,T-Rex 2X Inverse NVIDIA Daily Target ETF,8.17,41.44550633007288,-3.7166477922269396,SPY,7.8,0.04743589743589745,8.119999885559082,1657.0234375,0.006157649648473519,0.9950694722747396,,,,,,,,,,,,,,,,,,,,,,,,,,,,,0.49,,,,,,,USD,USD,USD,1.0,1.0,8.17,7.8,8.119999885559082,1657.0234375,,,yfinance,NVDQ,fresh,2026-10-01
NVDW,Roundhill ETF Trust - Roundhill NVDA WeeklyPay ETF,37.3,55.80103305895937,2.2347442500550514,SPY,31.77,0.17406358199559324,14.044696807861328,39.4112663269043,1.6558067084169328,0.053570121533066124,,,,0.48052925,,,,,,,,,,,,,77.6227461699782,,,,,,,,,,,,,,,,,,,USD,USD,USD,1.0,1.0,37.3,31.77,14.044696807861328,39.4112663269043,,,yfinance,NVDW,fresh,2026-10-01
NVO,Novo Nordisk A/S,37.91,29.810093327143534,1.0350114831264017,SPY,35.12,0.07944191343963551,34.32636642456055,135.6634979248047,0.10439886153739117,0.7205585837023554,167394639872.0,263012712448.0,46865441927.67143,4.0,22656492748.230698,4012913361.5493774,19858037636.101246,3340708124.0,-0.0033944364777055793,29424644765.287636,9703838333.547115,-6551918097.257614,18060233040.630817,4395796003.550291,-13664437037.080526,4.37,9.4775,5.688926449486863,17.250353325992705,3.5718139632683754,3.6299287174221715,11.297972,46115131426.29338,0.21530565343955876,0.09905,0.021,revenueGrowth,0.0012573385010656005,0.046900000000000004,0.4446,0.81987,0.42540002,0.35347,0.6748777358062737,0.873,USD,USD,DKK,1.0,0.15163668990135193,37.91,35.12,34.32636642456055,135.6634979248047,167394639872.0,309064000000.0,yfinance,NVO,fresh,2026-10-01
NVS,Novartis AG,142.57,48.49274008872207,0.3200750741297368,SPY,121.57,0.17273998519371556,83.18689727783203,163.63934326171875,0.7138516360796233,0.12875475323816976,270984937472.0,312784912384.0,56674000000.0,6.62,22821000000.0,11435000000.0,35376000000.0,1900714840.0,-0.03931203931203931,46130000000.0,-8848000000.0,3182000000.0,19144000000.0,15244000000.0,-3900000000.0,3.41,21.536253776435043,5.874375405853024,-30.626688231464737,4.781468353601299,4.411600078573304,14.49305,61425544620.0,0.1458537181996086,0.072670005,0.008,revenueGrowth,0.033994509384684325,0.0325,0.71599996,0.74976,0.3462,0.22502,0.766876219380013,0.862,USD,USD,USD,1.0,1.0,142.57,121.57,83.18689727783203,163.63934326171875,270984937472.0,56674000000.0,yfinance,NVS,fresh,2026-10-01
NVTS,Navitas Semiconductor Corporation,11.61,48.231189014017126,4.687653172354294,SPY,6.85,0.6948905109489051,1.6050000190734863,31.790000915527344,6.233644773849953,0.6347908252393516,3048269056.0,2480327936.0,45916000.0,-1.34,-67326000.0,236857000.0,6472000.0,262555476.0,0.11892903991334781,443661000.0,227188000.0,207785000.0,-42891000.0,-44369000.0,-1478000.0,,,6.870716731919191,13.417385847844077,66.38794877602578,41.053879888943435,-92.128235,74250450.0,,0.56490004,-0.273,revenueGrowth,-0.0,,0.0,0.3812,-2.54972,0.0,0.014587714493723812,0.21792999999999998,USD,USD,USD,1.0,1.0,11.61,6.85,1.6050000190734863,31.790000915527344,3048269056.0,45916000.0,yfinance,NVTS,fresh,2026-10-01
NXPI,NXP Semiconductors N.V.,237.53,54.248937864753785,1.8294212344379162,SPY,183.0,0.29797814207650275,149.44692993164062,330.06011962890625,0.5893936403287103,0.28034322878189544,59896557568.0,68015079424.0,12269000000.0,11.73,3961000000.0,2906000000.0,12222000000.0,252164174.0,-0.013639818807979895,10056000000.0,-1790000000.0,4059000000.0,2820000000.0,2283000000.0,-537000000.0,0.47,20.249786871270246,5.956300474144789,-33.46176400446927,4.881942910424647,3.7727943727625295,13.126751,15875913620.0,0.19714607585429966,0.99362,0.195,revenueGrowth,0.015009209819435345,0.0172,0.3461,0.56102,0.30406,0.22564,1.2153937947494033,2.04,USD,USD,USD,1.0,1.0,237.53,183.0,149.44692993164062,330.06011962890625,59896557568.0,12269000000.0,yfinance,NXPI,fresh,2026-10-01
NXT,Nextpower Inc.,77.93,39.78619607805079,2.6273838538949117,SPY,73.07,0.06651156425345578,31.290000915527344,156.39999389648438,1.4905719948805767,0.5017263232658492,11973037056.0,10638161920.0,3559390000.0,3.87,747051000.0,1094976000.0,147717000.0,151729520.0,0.02300436774833195,2334397000.0,1767401000.0,1682694000.0,562911000.0,513634000.0,-49277000.0,3.15,20.136950904392766,5.1289635207721735,6.7743749471681864,3.3637890357617457,2.3083416906110346,13.505785,5186856480.0,0.17923555600384408,0.0109804,0.082,revenueGrowth,3.299079407776954e-05,,0.0,0.22983,0.20858,0.16364,0.06327843978552063,2.689,USD,USD,USD,1.0,1.0,77.93,73.07,31.290000915527344,156.39999389648438,11973037056.0,3559390000.0,yfinance,NXT,fresh,2026-10-01
NXXT,"NextNRG, Inc.",0.8419,63.80430800361123,-0.28856173816572644,SPY,0.816,0.03174019607843142,0.1459999978542328,7.125,4.766438440913935,0.8818385964912281,14312300.0,34472252.0,81835279.0,-4.4,-68215725.0,384140.0,26483343.0,16800000.0,0.09532072193359041,-19677465.0,-19677507.0,-25115995.0,-14497300.0,-20193684.0,-5696384.0,,,-0.7273447062413781,-0.7273431537846741,0.1748915647981111,0.12517535727404713,-0.5261875,114338000.0,,0.08881,0.409,revenueGrowth,,,0.0,0.08964,-0.15955,-0.61454,-1.3458716862156788,0.182,USD,USD,USD,1.0,1.0,0.8419,0.816,0.1459999978542328,7.125,14312300.0,81835279.0,yfinance,NXXT,fresh,2026-10-01
O,Realty Income Corporation,54.3,16.15730098719567,-0.013058046660887288,SPY,54.225,0.0013831258644535866,39.319454193115234,65.82343292236328,0.38099577204985285,0.17506581487408623,51379638272.0,84528005120.0,5749377000.0,1.37,4785826000.0,434842000.0,29345846000.0,946218033.0,0.05217233629230275,39438695000.0,28789255000.0,1513344000.0,3994754000.0,,,2.78,39.63503649635036,1.3027722715470174,1.784681064932038,8.936557521275784,8.347327474875128,34.964134,6155220150.0,0.07388438867001001,0.81732005,0.096,revenueGrowth,-0.0,0.0591,2.3641999,0.9268,0.46965998,0.20898001,0.744087653001703,1.528,USD,USD,USD,1.0,1.0,54.3,54.225,39.319454193115234,65.82343292236328,51379638272.0,5749377000.0,yfinance,O,fresh,2026-10-01
OBDC,Blue Owl Capital Corporation,10.49,37.447404882900166,0.8851731989868643,SPY,10.47,0.0019102196752626144,9.460134506225586,13.342016220092773,0.10886372631347617,0.21376201115673218,5206243840.0,12858948608.0,709659000.0,0.56,,521094000.0,9300076000.0,496305424.0,0.29746291854779305,7397279000.0,7397279000.0,,1741520000.0,,,,18.732142857142854,0.7038052559596576,0.7038052559596576,7.336261274781268,3.3588478589505844,8.017058,1550008830.0,0.023478891565965023,0.56477,-0.174,revenueGrowth,0.02846581999509266,0.11470000000000001,2.5714002,1.0,0.74716,0.16989,1.2572293136435708,0.18,USD,USD,USD,1.0,1.0,10.49,10.47,9.460134506225586,13.342016220092773,5206243840.0,709659000.0,yfinance,OBDC,fresh,2026-10-01
OC,Owens Corning,116.74,32.91378921746059,1.5020866624888054,SPY,97.53,0.19696503639905663,96.36537170410156,202.7744903564453,0.21143101443597956,0.4242865569786928,9228142592.0,14725143552.0,10103000000.0,-4.82,1054000000.0,345000000.0,5705000000.0,79048683.0,-0.04328018223234624,3853000000.0,-361000000.0,685000000.0,1786000000.0,962000000.0,-824000000.0,1.51,,2.3950538780171295,-25.562721861495845,0.9134061755914085,0.8952105163360405,9.802925,10308349180.0,2.8173076923076925,0.011099600999999999,0.003,revenueGrowth,0.08831679743511271,0.026699999999999998,0.3158,0.26231,0.17816,-0.06814,1.48066441733714,1.16,USD,USD,USD,1.0,1.0,116.74,97.53,96.36537170410156,202.7744903564453,9228142592.0,10103000000.0,yfinance,OC,fresh,2026-10-01
ODFL,"Old Dominion Freight Line, Inc.",173.84,37.352712491637405,0.998409902985149,SPY,126.01,0.3795730497579557,125.50997924804688,248.3442840576172,0.3850691478200146,0.3000040219984761,36153204736.0,35782934528.0,5496389000.0,5.2,1726295000.0,120091000.0,39995000.0,207968283.0,-0.0225743123080121,4311057000.0,4311057000.0,210927000.0,1370133000.0,955099000.0,-415034000.0,2.16,33.43076923076923,8.386157904198436,8.386157904198436,6.5776284640697735,5.665771468351671,26.019356,6380985350.0,0.2480004525059722,0.81297994,0.104,revenueGrowth,0.020201196694265858,0.65,0.2192,0.39566,0.28835,0.19443001,0.009277307166200772,1.889,USD,USD,USD,1.0,1.0,173.84,126.01,125.50997924804688,248.3442840576172,36153204736.0,5496389000.0,yfinance,ODFL,fresh,2026-10-01
OII,"Oceaneering International, Inc.",43.63,34.501171371160126,0.9020961207975694,SPY,22.02,0.9813805631244324,15.949999809265137,54.11000061035156,1.7354232302031711,0.193679550769524,4342478848.0,4532792320.0,2784156000.0,3.46,425132000.0,688874000.0,873139000.0,99529645.0,-0.010813820590217741,1070600000.0,989229000.0,750674000.0,318861000.0,207846000.0,-111015000.0,8.01,12.609826589595377,4.056116988604521,4.3897609633360934,1.5597110391802758,1.4206857923367655,18.808548,3056607500.0,,0.010829899999999998,0.1,revenueGrowth,0.009273505159051497,,0.0,0.1982,0.11486,0.121879995,0.8155604334018307,2.176,USD,USD,USD,1.0,1.0,43.63,22.02,15.949999809265137,54.11000061035156,4342478848.0,2784156000.0,yfinance,OII,fresh,2026-10-01
OKE,"ONEOK, Inc.",85.27,31.380556237786948,-0.4343547744022655,SPY,64.02,0.33192752264917214,52.70231628417969,107.11885833740234,0.6179554526637866,0.2039683644553319,53754990592.0,86756622336.0,33629000000.0,5.67,7787000000.0,78000000.0,32816000000.0,630409203.0,0.06717817561807332,22485000000.0,11526000000.0,-1877000000.0,5599000000.0,2447000000.0,-3152000000.0,1.64,15.038800705467372,2.3907044959750947,4.663802758285615,1.5984712775283239,1.3441046470177795,13.672184,39993158800.0,0.2289532293986637,0.84844,0.528,revenueGrowth,0.0013952192935768415,0.0493,0.72540003,0.27214,0.13254,0.09287,1.459461863464532,0.737,USD,USD,USD,1.0,1.0,85.27,64.02,52.70231628417969,107.11885833740234,53754990592.0,33629000000.0,yfinance,OKE,fresh,2026-10-01
OKLO,Oklo Inc.,37.02,42.857370881723895,3.890847122331441,SPY,34.38,0.0767888307155323,5.590000152587891,174.13999938964844,5.622540069674523,0.7874124260379398,6886373376.0,4425361408.0,0.0,-0.94,-138772000.0,788445000.0,1450000.0,186017650.0,0.4796456957295112,1476210000.0,1442089000.0,1228223000.0,-82174000.0,-115379000.0,-33205000.0,,,4.664900912471802,4.775276266582714,5691.218,773.9254725229771,-35.252106,8897980.0,0.04110098736750399,0.47296003,,,,,0.0,0.40412998,-0.604876,0.0,0.0009822450735328984,0.48463,USD,USD,USD,1.0,1.0,37.02,34.38,5.590000152587891,174.13999938964844,6886373376.0,0.0,yfinance,OKLO,fresh,2026-10-01
OLN,Olin Corporation,15.5,28.58850099062363,0.699038990682849,SPY,15.375,0.008130081300813009,15.430000305175781,55.35930252075195,0.004536597112103641,0.7200109232917146,1766728576.0,4997228544.0,6780800000.0,-1.73,548800000.0,167600000.0,3139500000.0,113982490.0,-0.04100418410041841,1838900000.0,236900000.0,341600000.0,474200000.0,247900000.0,-226300000.0,7.05,,0.9607529370819512,7.457697661460532,0.260548692779613,0.242224614324312,19.674793,7293761540.0,0.37243947858473,0.0107026,-0.009,revenueGrowth,0.028583903994090373,0.0518,1.7391,0.06858,0.0403,-0.02937,1.7072706509326228,1.418,USD,USD,USD,1.0,1.0,15.5,15.375,15.430000305175781,55.35930252075195,1766728576.0,6780800000.0,yfinance,OLN,fresh,2026-10-01
OMAH,VistaShares Target 15 Berkshire Select Income ETF,17.49,27.441187267376165,0.26923602979984185,SPY,17.48,0.0005720823798625864,14.183825492858887,18.793411254882812,0.23309469711155623,0.06935469230175911,,,,1.0240612,,,,,,,,,,,,,17.079057384461006,,,,,,,,,,,,0.0725,,,,,,,USD,USD,USD,1.0,1.0,17.49,17.48,14.183825492858887,18.793411254882812,,,yfinance,OMAH,fresh,2026-10-01
OMCL,"Omnicell, Inc.",34.05,51.68923080978921,0.957547958629406,SPY,29.06,0.17171369580178936,24.6299991607666,53.04999923706055,0.3824604612345509,0.3581526769144082,1548556800.0,1461017856.0,1184845000.0,0.84,91794000.0,196520000.0,204345000.0,45478909.0,0.0023132634309804344,1231814000.0,269566000.0,203460000.0,127300000.0,69367000.0,-57933000.0,15.4,40.535714285714285,1.2571352493152375,5.744629515591729,1.3069699412159397,1.2020356839595312,16.291866,1288278560.0,0.8188079470198676,0.010820401,0.075,revenueGrowth,0.050111174481943445,,0.0,0.44014,0.05909,0.03135,0.1658894930565816,1.644,USD,USD,USD,1.0,1.0,34.05,29.06,24.6299991607666,53.04999923706055,1548556800.0,1184845000.0,yfinance,OMCL,fresh,2026-10-01
ON,ON Semiconductor Corporation,76.87,52.52489552562373,2.667502021975389,SPY,44.56,0.7250897666068222,31.950000762939453,133.92999267578125,1.405946734410276,0.4260434241485588,29926924288.0,30790692864.0,5995400000.0,1.51,888200000.0,2147600000.0,3004800000.0,389318613.0,-0.048301363531315,7673300000.0,5649500000.0,4535400000.0,1759800000.0,1418600000.0,-341200000.0,0.17,50.90728476821192,3.900137396947858,5.297269543853439,4.991647644527471,4.035370382318014,16.973593,7416153030.0,0.05864432597105865,0.0105912,0.092,revenueGrowth,0.04603212768351159,,0.0,0.42776,0.19532,0.10168,0.39159162290018634,3.464,USD,USD,USD,1.0,1.0,76.87,44.56,31.950000762939453,133.92999267578125,29926924288.0,5995400000.0,yfinance,ON,fresh,2026-10-01
ONB,Old National Bancorp,24.64,39.74232750990991,0.8152213443489137,SPY,19.39,0.27075812274368233,12.276268005371094,27.1376895904541,1.0071246399328808,0.09203766525992998,9426524160.0,16644814848.0,2524405000.0,2.26,,1826177000.0,7089804000.0,382570000.0,0.1751216234031402,8494788000.0,5356302000.0,,681472000.0,637408000.0,-44064000.0,1.59,10.902654867256638,1.1096832740263796,1.7598940761741964,3.7341568250736312,3.0736294434014853,8.514814,3066903260.0,0.20458454016137526,0.97981,0.288,revenueGrowth,0.0076166993030864945,0.0233,0.2522,0.0,0.52542,0.33310002,0.8346063492108338,,USD,USD,USD,1.0,1.0,24.64,19.39,12.276268005371094,27.1376895904541,9426524160.0,2524405000.0,yfinance,ONB,fresh,2026-10-01
ONDS,Ondas Inc.,7.33,45.82283768911628,3.3778560455485036,SPY,4.95,0.4808080808080808,0.335999995470047,14.010000228881836,20.81547648459251,0.47680229263029633,4268278784.0,2841483776.0,50731000.0,-0.03,-118331000.0,550744000.0,15564000.0,582302699.0,2.171889526152438,437808000.0,49109000.0,544080000.0,-38746000.0,-40885000.0,-2139000.0,,,9.749202353543106,86.91439011179213,84.13551445861505,4.23948096488615,-366.5,1006792770.0,,0.57265997,0.12354,revenueGrowth,,,0.0,0.43724,-1.66299,0.96248,0.03554983006249315,9.845,USD,USD,USD,1.0,1.0,7.33,4.95,0.335999995470047,14.010000228881836,4268278784.0,50731000.0,yfinance,ONDS,fresh,2026-10-01
ONON,On Holding AG,29.61,51.1102659301393,1.3140901090565174,SPY,26.365,0.12307984069789499,23.670000076293945,63.619998931884766,0.2509505663100991,0.5345803128399582,9896096768.0,9219196928.0,3610013027.191162,1.42,424601731.300354,1220505399.7039795,624625678.062439,301715535.0,-0.0014466555852657398,1955204135.8947754,1890286184.310913,1482812252.0446777,430590472.2213745,336447464.9429321,-94143007.27844238,0.47,20.85211267605634,5.061413581488345,5.235237314929397,2.7412911514338334,1.978565301974215,14.501875,5001652843.161488,0.007309941520467836,0.72119004,0.135,revenueGrowth,,,0.0,0.64824,0.14019,0.12303001,0.3194682675814751,2.831,USD,USD,CHF,1.0,1.1977481842041016,29.61,26.365,23.670000076293945,63.619998931884766,9896096768.0,3014000000.0,yfinance,ONON,fresh,2026-10-01
ORA,"Ormat Technologies, Inc.",91.49,36.97837077161202,0.8890298394666531,SPY,89.31,0.024409360653902056,57.99892044067383,144.94125366210938,0.5774431541977347,0.36877874526127846,5626354688.0,8670776320.0,989543000.0,2.04,539723000.0,147448000.0,2856956000.0,61496941.0,0.009409442342490542,2543943000.0,2101150000.0,-140618000.0,335101000.0,-284675000.0,-619776000.0,3.37,44.84803921568627,2.2116669626638648,2.6777501311186733,5.685811215884504,4.875837584632176,35.562965,1153925780.0,,0.96462995,0.106,revenueGrowth,-0.0,0.53,0.2353,0.2793,0.13597,0.10656,1.12304245810539,1.046,USD,USD,USD,1.0,1.0,91.49,89.31,57.99892044067383,144.94125366210938,5626354688.0,989543000.0,yfinance,ORA,fresh,2026-10-01
ORAN,ORAN,,,,SPY,,,,,,,,,,,,,,,,,,,,,,,,,,,,,,,,,,,,,,,,,,USD,USD,EUR,1.0,1.133529782295227,,,,,,,yfinance,ORAN,unresolved,
ORCL,Oracle Corporation,137.3,43.07895653108881,2.0182164981772073,SPY,114.5,0.19912663755458526,97.18477630615234,324.6299743652344,0.41277271213215877,0.5770569237530523,416225099776.0,552602959872.0,67357000000.0,6.38,33447000000.0,31289000000.0,156189000000.0,3031501149.0,0.01674808094905792,42508000000.0,-24707000000.0,4803000000.0,31977000000.0,-23686000000.0,-55663000000.0,0.77,21.52037617554859,9.791688618048367,-16.84644431845226,6.179388924328578,3.1664650839904054,12.485007,131447872860.0,0.12616344481947428,0.4348,0.296,revenueGrowth,0.0004949245014557341,0.014499999999999999,0.31350002,0.63957,0.35632,0.2636,3.674343652959443,1.171,USD,USD,USD,1.0,1.0,137.3,114.5,97.18477630615234,324.6299743652344,416225099776.0,67357000000.0,yfinance,ORCL,fresh,2026-10-01
OSCR,"Oscar Health, Inc.",30.84,43.225973825318,1.4054074167023574,SPY,10.69,1.8849391955098223,4.849999904632568,33.810001373291016,5.358763011632762,0.08784387023530961,9518611456.0,1438608256.0,11701427000.0,1.3,657964032.0,2774151000.0,430095000.0,273469000.0,-0.013033518523394507,977648000.0,977648000.0,,1094854000.0,1058482000.0,-36372000.0,,23.72307692307692,9.736235798569629,9.736235798569629,0.8134573207182337,0.45773452503602,14.241449,20795048080.0,,0.73976,0.704,revenueGrowth,-0.0,,0.0,0.20158,0.079629995,0.03595,0.4399282768440175,1.079,USD,USD,USD,1.0,1.0,30.84,10.69,4.849999904632568,33.810001373291016,9518611456.0,11701427000.0,yfinance,OSCR,fresh,2026-10-01
KYCCF,Keyence Corporation,513.5,54.95970679917215,1.5644490278511933,SPY,316.2,0.6239721695129665,329.7469787597656,551.9759521484375,0.5572546014867541,0.06970584859481439,124536659968.0,-1300647116800.0,7408910004.618578,11.64,3884033894.179389,3782590496.376157,0.0,242525136.0,1.8513557975361422e-06,21996115778.599865,21811217603.003605,11352498333.273455,2728897099.6811986,2549131288.371049,-179765811.31014973,2.36,44.11512027491409,5.661756885693535,5.709752762764155,16.809039371562907,12.083029678636013,,10306741213.107594,0.29975336449832957,0.37401,0.328,revenueGrowth,,0.68,0.2996,0.83663005,0.53971,0.39224,0.0,0.11867000000000001,USD,USD,JPY,1.0,0.0063362522050738335,513.5,316.2,329.7469787597656,551.9759521484375,124536659968.0,1169289000000.0,yfinance,KYCCF,fresh,2026-10-01
TBIIF,Tobii AB (publ),0.103,9.059034999448656,0.24124097109752562,SPY,0.102,0.00980392156862746,0.10300000011920929,1.2699999809265137,-1.157371796844167e-09,0.9188976365772403,24206438.0,72277449.93070412,83349737.94221878,-0.13,31081257.194280624,11692948.84800911,59763960.77871323,235013959.0,0.17286776076990654,39276315.36126137,-41874748.438596725,3497890.681028366,26184210.240840912,8494877.368211746,-17689332.872629166,,,0.6163113259823516,-0.5780676637495565,0.29042008526506496,0.3460147873015203,,69957813.62056732,,0.13687,-0.458,revenueGrowth,,,0.0,0.81044996,0.0,-0.45672,1.5216284987277353,0.526,USD,USD,SEK,1.0,0.0999397337436676,0.103,0.102,0.10300000011920929,1.2699999809265137,24206438.0,834000000.0,yfinance,TBIIF,fresh,2026-10-01
OTIS,Otis Worldwide Corporation,64.32,35.21839663359751,0.2601671440489757,SPY,64.27,0.0007779679477205098,65.62999725341797,102.02304077148438,-0.019960342956585324,0.3695541760604184,24484653056.0,32811651072.0,14431000000.0,3.89,2394000000.0,1096000000.0,8511000000.0,380669339.0,-0.023491592482690407,-5392000000.0,-7430000000.0,-1155000000.0,1596000000.0,1444000000.0,-152000000.0,1.49,16.534704370179945,-4.540922302670623,-3.2953772619111708,1.6966705741805834,1.530014645487712,14.185554,16002888030.0,0.24767321613236815,0.96141,0.073,revenueGrowth,0.03304110530582966,0.0268,0.437,0.30313,0.15133001,0.10167,-1.5784495548961424,0.831,USD,USD,USD,1.0,1.0,64.32,64.27,65.62999725341797,102.02304077148438,24484653056.0,14431000000.0,yfinance,OTIS,fresh,2026-10-01
OUST,"Ouster, Inc.",40.34,54.10551404566636,4.554977441314375,SPY,16.4,1.459756097560976,3.7799999713897705,62.52000045776367,9.671957752732053,0.35476647945240664,2909011712.0,2664327424.0,169384000.0,-0.83,-50423000.0,67413000.0,17080000.0,72112333.0,0.20930645161878916,261738000.0,248422000.0,207857000.0,-39956000.0,-64849000.0,-24893000.0,,,11.114212349754334,11.709960116253795,17.17406432720918,9.71451565202872,-322.72,299450000.0,0.04635772049532474,0.51736,0.559,revenueGrowth,-0.0,,0.0,0.46623,-0.46580002,-0.26025,0.06525609579044693,4.164,USD,USD,USD,1.0,1.0,40.34,16.4,3.7799999713897705,62.52000045776367,2909011712.0,169384000.0,yfinance,OUST,fresh,2026-10-01
OVV,Ovintiv Inc.,57.82,37.74909788782644,-0.3682440395222982,SPY,35.47,0.6301099520721737,30.03542709350586,66.97000122070312,0.9250600239509034,0.13662835678543322,15993012224.0,20258617344.0,8908000000.0,3.58,3325000000.0,35000000.0,6424000000.0,276600000.0,-0.028795811518324606,11195000000.0,8619000000.0,-1272000000.0,3652000000.0,1505000000.0,-2147000000.0,3.94,16.150837988826815,1.4285852812862885,1.855553106392853,1.795353864391558,1.741724387330265,7.801316,9182286440.0,,0.98167,0.297,revenueGrowth,0.01919588353339084,0.0204,0.3352,0.53859,0.36176997,0.09661,0.5738276016078606,1.008,USD,USD,USD,1.0,1.0,57.82,35.47,30.03542709350586,66.97000122070312,15993012224.0,8908000000.0,yfinance,OVV,fresh,2026-10-01
OXY,Occidental Petroleum Corporation,55.32,36.00957638478747,-0.6263726587804062,SPY,38.8,0.42577319587628876,35.02131271362305,66.0032958984375,0.5796095495438384,0.16186003673023253,55299940352.0,74697940992.0,21593000000.0,3.39,11664000000.0,1968000000.0,23351000000.0,999637371.0,0.034122634681005064,36034000000.0,27747000000.0,-601000000.0,10532000000.0,4105000000.0,-6427000000.0,1.1,16.318584070796458,1.534660053060998,1.9930061034346056,2.5610123814199044,2.255562372174226,13.765645,24517140840.0,0.33453473132372213,0.58085996,0.534,revenueGrowth,-0.0,0.0204,0.295,0.73318,0.45443,0.30318,0.6480268635177887,1.411,USD,USD,USD,1.0,1.0,55.32,38.8,35.02131271362305,66.0032958984375,55299940352.0,21593000000.0,yfinance,OXY,fresh,2026-10-01
PACB,"Pacific Biosciences of California, Inc.",2.37,74.24761261232595,2.3808344118067324,SPY,1.07,1.2149532710280373,0.9100000262260437,10.359999656677246,1.6043955293373726,0.771235513654435,736668864.0,1207368704.0,160005000.0,-0.42,-152692000.0,63707000.0,702422000.0,310830759.0,0.040202381695484214,5349000.0,-327536000.0,302221000.0,-111209000.0,-118923000.0,-7714000.0,,,137.72085698261358,-2.2491233452200676,4.604036523858629,3.9963858168798914,-5.897723,184333770.0,,0.5552,-0.019,revenueGrowth,,,0.0,0.29424,-1.14364,-0.82492995,131.31837726677884,4.922,USD,USD,USD,1.0,1.0,2.37,1.07,0.9100000262260437,10.359999656677246,736668864.0,160005000.0,yfinance,PACB,fresh,2026-10-01
PAHC,Phibro Animal Health Corporation,35.74,49.93103025204887,0.783658867068262,SPY,28.25,0.26513274336283194,9.059426307678223,59.14376449584961,2.9450621690811634,0.3957097539418878,1451101440.0,2162766336.0,1518093000.0,2.43,232959000.0,61419000.0,788767000.0,21105569.0,0.007030827474310438,385477000.0,295380000.0,619038000.0,68954000.0,9866000.0,-59088000.0,1.68,14.707818930041151,3.7644306664210836,4.912659760308755,0.9558712410899728,0.8895639920841083,9.302253,1631250200.0,0.2739504608798218,0.010378499999999999,0.048,revenueGrowth,,0.0134,0.1975,0.33328998,0.106429994,0.065689996,2.046210279731346,2.956,USD,USD,USD,1.0,1.0,35.74,28.25,9.059426307678223,59.14376449584961,1451101440.0,1518093000.0,yfinance,PAHC,fresh,2026-10-01
PAM,Pampa Energía S.A.,77.77,31.51323843008312,0.6817566003622467,SPY,57.14,0.36104305215260757,35.400001525878906,94.87999725341797,1.1968925606725418,0.18033302854887678,4168764928.0,5474827776.0,1998000000.0,11.0,1185000000.0,725000000.0,1928000000.0,53603767.0,0.0,3596000000.0,3507000000.0,1349000000.0,778000000.0,-215000000.0,-993000000.0,,7.069999999999999,1.1592783448275863,1.1886982971200457,2.086468932932933,0.000920196243845624,6.6264043,4530299874490.0,0.35051546391752575,0.09822,0.535,revenueGrowth,0.011274322446036468,,0.0,0.33456,0.25603,0.23583001,0.5361512791991101,3.641,USD,USD,USD,1.0,1.0,77.77,57.14,35.400001525878906,94.87999725341797,4168764928.0,1998000000.0,yfinance,PAM,fresh,2026-10-01
PANW,"Palo Alto Networks, Inc.",397.31,58.227872105917335,1.1832376242656526,SPY,139.57,1.846671920899907,115.8550033569336,396.0,2.429372823683252,-0.0033080808080808138,324999577600.0,324495572992.0,11480000000.0,0.39,1391000000.0,2514000000.0,2500000000.0,818000000.0,0.07757404795486601,27492000000.0,-1535000000.0,-1280000000.0,4553000000.0,4113000000.0,-440000000.0,1.98,1018.7435897435897,11.82160547068238,-211.72610918566775,28.310067735191637,20.027340337628033,81.4315,16227795210.0,0.42723880597014924,0.84436995,0.345,revenueGrowth,0.003076927075981529,,0.0,0.70383,0.05396,0.02674,0.09093554488578495,0.871,USD,USD,USD,1.0,1.0,397.31,139.57,115.8550033569336,396.0,324999577600.0,11480000000.0,yfinance,PANW,fresh,2026-10-01
PARRO.PA,Parrot S.A.,9.32895010828972,36.87172867611164,,SPY,6.030378441810608,0.5469924812030075,2.0630242632333164,14.962592910093349,3.521977891655396,0.3765151425060379,288640917.4385891,277330575.40732384,90428471.91238403,0.0793470847606659,-10558829.92208004,26048514.397144318,8863069.36776638,30940345.0,0.007716928110490923,31912263.960957527,26089321.469306946,29945589.78867531,-8604624.577403069,-11009974.77543354,-2405350.198030472,10.03,117.57142857142857,9.04482733634071,11.063565519638512,3.1919251905334938,,-35.782604,0.0,,0.14175999,0.706,revenueGrowth,-0.0,,0.0,0.73227996,0.04543,0.01963,0.2777323908642063,1.823,USD,EUR,EUR,1.133529782295227,1.133529782295227,8.23,5.32,1.8200000524520874,13.199999809265137,254639024.0,79776000.0,yfinance,PARRO.PA,fresh,2026-10-01
PATH,"UiPath, Inc.",12.84,34.28544760431977,1.2293219853111437,SPY,9.2,0.3956521739130436,9.380000114440918,26.8799991607666,0.3688699193331844,0.5223214136575959,6691635712.0,5487405568.0,1610572000.0,0.67,73729000.0,871157000.0,81246000.0,456464703.0,-0.026919292129594076,2082587000.0,1937288000.0,1338522000.0,371208000.0,352160000.0,-19048000.0,0.45,19.16417910447761,3.2131362156779044,3.4541254124322247,4.15481935113736,3.445615225459902,13.942277,1942072830.0,,0.90359,0.134,revenueGrowth,0.049180949795253885,,0.0,0.82583,0.08922,0.21031,0.03901205567882638,2.387,USD,USD,USD,1.0,1.0,12.84,9.2,9.380000114440918,26.8799991607666,6691635712.0,1610572000.0,yfinance,PATH,fresh,2026-10-01
PAYX,"Paychex, Inc.",98.5,20.461093457022713,0.05301586967169835,SPY,85.45,0.15272088940901107,83.61278533935547,151.8873291015625,0.17804950044688095,0.3514929745447298,35064078336.0,38750777344.0,6512000000.0,5.04,3023000000.0,1088200000.0,4608300000.0,355980473.0,-0.0055248618784530384,3735100000.0,-2476300000.0,1772700000.0,2556700000.0,2321800000.0,-234900000.0,1.85,19.543650793650794,9.387721436106128,-14.159866872349877,5.384532914004914,4.8432356972127195,15.418185,7239804240.0,0.23834869531351421,0.85807,0.059,revenueGrowth,0.01742524055944432,0.0479,0.9008,0.74391997,0.38504001,0.27353,1.2337822280527964,1.277,USD,USD,USD,1.0,1.0,98.5,85.45,83.61278533935547,151.8873291015625,35064078336.0,6512000000.0,yfinance,PAYX,fresh,2026-10-01
PBR,Petróleo Brasileiro S.A. - Petrobras,20.87,55.723744700800914,-0.21016104512000047,SPY,11.43,0.8258967629046371,9.783712387084961,21.770000457763672,1.1331371134283905,0.04134131551856309,134493929472.0,448166920192.0,17143324640.542269,3.96,8848527157.366276,1243729511.1715794,13414250312.656164,3721115691.0,-1.551742934648023e-10,14523631666.15367,14038709775.149822,-2037902025.4909992,6928251845.031977,3176305656.2542915,-3751946188.777685,5.91,5.270202020202021,9.260351168601233,9.580220093307304,7.845265273337655,1.2423406405745654,5.234946,108258496163.98158,0.2640417988430677,0.22348,0.423,revenueGrowth,-0.0,0.08109999999999999,0.2894,0.50595003,0.44679,0.24317,0.9236154304241382,0.854,USD,USD,BRL,1.0,0.19220051169395447,20.87,11.43,9.783712387084961,21.770000457763672,134493929472.0,89195000000.0,yfinance,PBR,fresh,2026-10-01
PDD,PDD Holdings Inc.,77.94,38.18741378655277,0.9644958539949434,SPY,71.94,0.08340283569641369,73.30000305175781,157.57000732421875,0.06330145641284408,0.5053627189365466,110939529216.0,-341927919616.0,64425733608.20778,9.27,18267439676.587433,16246543607.205973,802445881.4140409,1423396462.0,0.002194506567294145,61671659892.20649,61669364353.00536,45538223097.4415,15953854228.375107,15783023712.88754,-170830515.4875666,0.68,8.407766990291263,1.798873735681947,1.7989406957555827,1.7219754126612912,1.4354245542504664,6.327275,77286910612.95738,0.18194584360887223,0.31395,0.081,revenueGrowth,,,0.0,0.56318,0.2471,0.20426,0.01301158235106052,2.618,USD,USD,CNY,1.0,0.14918692409992218,77.94,71.94,73.30000305175781,157.57000732421875,110939529216.0,431845713000.0,yfinance,PDD,fresh,2026-10-01
PDYN,Palladyne AI Corp.,5.16,34.660394008820745,2.948118586575695,SPY,4.14,0.24637681159420302,0.460999995470047,13.3100004196167,10.193058678316767,0.6123215749569001,254586720.0,221644400.0,5246000.0,-0.71,-31312000.0,18219000.0,10783000.0,49338510.0,0.5733369635996705,74675000.0,49514000.0,46891000.0,-27637000.0,-28350000.0,-713000.0,,,3.4092630733177103,5.141711839075817,48.52968356843309,6.36180518766555,-7.068493,40018000.0,,0.26543,4.698,revenueGrowth,-0.0,,0.0,0.28745002,-2.31938,-2.54746,0.14439906260462002,6.3,USD,USD,USD,1.0,1.0,5.16,4.14,0.460999995470047,13.3100004196167,254586720.0,5246000.0,yfinance,PDYN,fresh,2026-10-01
PEGA,Pegasystems Inc.,33.28,40.011008291109235,0.7374063017485573,SPY,25.1,0.32589641434262945,18.89212417602539,66.32218933105469,0.7615806295743709,0.49820715607141486,5471396352.0,5181505536.0,1745812000.0,1.76,307824000.0,212447000.0,75967000.0,164404945.0,0.030803043487962155,787381000.0,704673000.0,240517000.0,505227000.0,490723000.0,-14504000.0,2.99,18.90909090909091,6.948854940619598,7.764447271287533,3.1340123403894578,2.698438701087511,12.743585,2027615580.0,,0.61591,0.094,revenueGrowth,0.09453345484849277,0.36,0.0682,0.75573,0.046040002,0.18662001,0.09648061103836643,1.059,USD,USD,USD,1.0,1.0,33.28,25.1,18.89212417602539,66.32218933105469,5471396352.0,1745812000.0,yfinance,PEGA,fresh,2026-10-01
PEP,"PepsiCo, Inc.",126.72,30.466797619579054,-0.24481631413436178,SPY,126.42,0.002373042240151852,120.92517852783203,166.8337860107422,0.047920718767715004,0.2404416213881241,173099515904.0,215642701824.0,93925000000.0,7.63,15543000000.0,9159000000.0,49901000000.0,1366000000.0,-0.00362844702467344,20406000000.0,-13576000000.0,-4815000000.0,12087000000.0,7672000000.0,-4415000000.0,1.32,16.608125819134994,8.482775453494071,-12.750406298173248,1.8429546542879958,1.7023450751340734,14.197475,101682977460.0,0.1902577118313159,0.81524,0.064,revenueGrowth,0.005777023666285666,0.046,0.7533,0.54171,0.16836001,0.10785,2.4454082132706065,0.934,USD,USD,USD,1.0,1.0,126.72,126.42,120.92517852783203,166.8337860107422,173099515904.0,93925000000.0,yfinance,PEP,fresh,2026-10-01
PERF,Perfect Corp.,1.92,41.10749102954096,0.32954317226549645,SPY,1.24,0.5483870967741935,1.2999999523162842,3.259999990463257,0.4769231310962945,0.4110429430623521,195549440.0,27669152.0,69154000.0,0.06,6769000.0,125976000.0,683000.0,85059953.0,-0.07528380800637323,153095000.0,148674000.0,135681000.0,13305000.0,12880000.0,-425000.0,1.14,32.0,1.2773078154087332,1.3152900977978665,2.827738670214304,2.3897108325517307,20.534758,81829750.0,0.19069199930277148,0.09121,-0.0,revenueGrowth,-0.0,,0.0,0.79726,-0.00661,0.08127,0.0044612822103922405,4.629,USD,USD,USD,1.0,1.0,1.92,1.24,1.2999999523162842,3.259999990463257,195549440.0,69154000.0,yfinance,PERF,fresh,2026-10-01
PEX,ProShares Global Listed Private Equity ETF,22.5331,38.17146478811066,0.8220284719196571,SPY,20.49,0.09971205466081029,18.008604049682617,27.034915924072266,0.25124079233654556,0.16651858421589485,,,,1.6459047,,,,,,,,,,,,,13.69040382471719,,,,,,,,,,,,0.0803,,,,,,,USD,USD,USD,1.0,1.0,22.5331,20.49,18.008604049682617,27.034915924072266,,,yfinance,PEX,fresh,2026-10-01
PFE,Pfizer Inc.,28.52,67.02214201355395,0.3028984622101913,SPY,23.62,0.20745131244707868,19.461584091186523,29.020000457763672,0.46545110954846264,0.017229512400986472,162554691584.0,214632693760.0,62579000000.0,0.76,16783000000.0,1142000000.0,63961000000.0,5699673589.0,0.0022807017543859647,86476000000.0,-38518000000.0,5914000000.0,11704000000.0,9075000000.0,-2629000000.0,13.14,37.526315789473685,1.879766543133355,-4.220226688405421,2.597591709423289,2.7198342565347513,9.84521,59766396130.0,,0.69121003,0.026,revenueGrowth,-0.0,0.0599,2.2632,0.74716,0.27877,0.06804,0.7396387436976734,1.267,USD,USD,USD,1.0,1.0,28.52,23.62,19.461584091186523,29.020000457763672,162554691584.0,62579000000.0,yfinance,PFE,fresh,2026-10-01
PG,The Procter & Gamble Company,145.28,56.34360333728462,-0.04036935857117661,SPY,137.62,0.055660514460107516,132.14117431640625,171.2625274658203,0.09943021735324835,0.15171168994341608,337437851648.0,363762647040.0,87032000000.0,6.62,24414000000.0,9942000000.0,35026000000.0,2322672312.0,-0.012997066492829204,54081000000.0,-9395000000.0,-12486000000.0,19556000000.0,15147000000.0,-4409000000.0,3.79,21.94561933534743,6.239489869787911,-35.916748445769024,3.8771699104697124,3.689130351733487,19.632565,91468129200.0,0.20773421013888207,0.71839,0.015,revenueGrowth,0.014900521608479725,0.0294,0.6433,0.50873,0.22084999,0.18437,0.6476581424160056,0.677,USD,USD,USD,1.0,1.0,145.28,137.62,132.14117431640625,171.2625274658203,337437851648.0,87032000000.0,yfinance,PG,fresh,2026-10-01
PGY,Pagaya Technologies Ltd.,17.32,35.0111896349847,3.1449945043866983,SPY,10.4,0.6653846153846154,8.539999961853027,43.810001373291016,1.0281030535557367,0.6046564835179571,1444935552.0,1147637632.0,1261341000.0,1.41,253885000.0,235329000.0,858484000.0,72137266.0,0.17236813300013643,480017000.0,449453000.0,1323086000.0,238620000.0,224718000.0,-13902000.0,0.03,12.283687943262413,3.0101757896074512,3.2148757534158188,1.1455550497446765,0.8516994209606163,4.1926284,1696532270.0,,0.48323002,0.186,revenueGrowth,,,0.0,0.43387002,0.27335,0.091230005,1.7884449925731798,0.14584,USD,USD,USD,1.0,1.0,17.32,10.4,8.539999961853027,43.810001373291016,1444935552.0,1261341000.0,yfinance,PGY,fresh,2026-10-01
PI,"Impinj, Inc.",179.29,53.74109381011823,2.317720911299381,SPY,87.36,1.052312271062271,49.22999954223633,241.91000366210938,2.6418850633175435,0.25885661078148137,5478100480.0,5604405760.0,361075000.0,-0.92,7177000.0,48206000.0,304198000.0,30554413.0,-0.006379152387092396,209231000.0,179009000.0,212691000.0,58746000.0,45885000.0,-12861000.0,,,26.18206900507095,30.602374629208587,15.171641570310877,11.695518919994361,63.956993,468393110.0,0.006320996702088677,0.010923400000000002,0.107,revenueGrowth,,,0.0,0.52856,0.09693,-0.07265,1.4538858964493788,3.277,USD,USD,USD,1.0,1.0,179.29,87.36,49.22999954223633,241.91000366210938,5478100480.0,361075000.0,yfinance,PI,fresh,2026-10-01
PINS,"Pinterest, Inc.",18.89,38.28141413370862,0.9706234825202311,SPY,13.84,0.3648843930635839,15.420000076293945,44.97999954223633,0.22503241936040494,0.5800355670910524,10697652224.0,10619386880.0,4221767000.0,0.34,345034000.0,969342000.0,262018000.0,492198008.0,-0.015185229732980515,4745238000.0,4638928000.0,3090264000.0,1284264000.0,1251889000.0,-32375000.0,0.24,55.55882352941176,2.254397403038583,2.3060612762258867,2.533927671517637,1.9267258379721137,7.8642797,5552244130.0,0.06511695709704188,0.0108049,0.182,revenueGrowth,0.12395196368649496,,0.0,0.79473,-0.03464,0.054640003,0.05521704074695516,3.81,USD,USD,USD,1.0,1.0,18.89,13.84,15.420000076293945,44.97999954223633,10697652224.0,4221767000.0,yfinance,PINS,fresh,2026-10-01
PL,Planet Labs PBC,16.39,36.32258837692145,2.5301069812383306,SPY,10.52,0.5579847908745248,1.690000057220459,51.400001525878906,8.698224523706001,0.6811284141353974,5963468288.0,5596673536.0,307727000.0,-1.1,-196944000.0,229441000.0,462480000.0,340354193.0,0.05365912210292707,188431000.0,-3129000.0,305907000.0,134362000.0,51414000.0,-82948000.0,,,31.648021227929586,-1905.870338127197,19.37908694394707,10.451909582009728,-13112.0,570562560.0,,0.83062,0.581,revenueGrowth,0.0015043259336268982,,0.0,0.55486,-0.11995,-0.95132005,2.454373218844033,2.843,USD,USD,USD,1.0,1.0,16.39,10.52,1.690000057220459,51.400001525878906,5963468288.0,307727000.0,yfinance,PL,fresh,2026-10-01
PLD,"Prologis, Inc.",129.84,36.74609755747402,0.45192612036876323,SPY,111.03,0.16941367198054583,85.44293212890625,148.87799072265625,0.5196107713638932,0.12787646199579616,126216339456.0,160935362560.0,8790127000.0,4.5,7367603000.0,1145647000.0,35680534000.0,950333372.0,0.003399783974244696,53193178000.0,52540803000.0,-245154000.0,5008434000.0,,,115.44,28.853333333333335,2.3727918541734807,2.4022537199517107,14.35887552659933,13.52971855112793,38.952038,9328822250.0,0.05412573527929205,0.96211,0.123,revenueGrowth,-0.0,0.0323,0.9265,0.75549006,0.43030998,0.43575,0.6707727445801415,0.649,USD,USD,USD,1.0,1.0,129.84,111.03,85.44293212890625,148.87799072265625,126216339456.0,8790127000.0,yfinance,PLD,fresh,2026-10-01
PLTR,Palantir Technologies Inc.,187.05,60.37168878124479,1.938595502608088,SPY,106.37,0.7584845351132838,14.6899995803833,207.17999267578125,11.733152167668026,0.0971618562960514,449492090880.0,440405065728.0,4475446000.0,1.18,1440160000.0,1423796000.0,229338000.0,2300713329.0,0.048197430317212527,7387268000.0,7387268000.0,7182593000.0,2134473000.0,2100591000.0,-33882000.0,1.8,158.5169491525424,60.84686393941576,60.84686393941576,100.43515012358544,36.66771079273296,80.521225,12258526130.0,0.013710895830014818,0.64755,0.928,revenueGrowth,0.00016682162271909384,,0.0,0.84796,0.47120997,0.49005002,0.031045035864408873,7.228,USD,USD,USD,1.0,1.0,187.05,106.37,14.6899995803833,207.17999267578125,449492090880.0,4475446000.0,yfinance,PLTR,fresh,2026-10-01
PM,Philip Morris International Inc.,190.82,57.63210104809641,-0.1685331516691806,SPY,142.11,0.34276264865245215,78.005615234375,200.1699981689453,1.446234151562857,0.04671028752797327,297414623232.0,342476619776.0,40648000000.0,7.29,17463000000.0,4872000000.0,48835000000.0,1558613439.0,0.0012853470437017994,-9994000000.0,-38142000000.0,-1064000000.0,12233000000.0,10664000000.0,-1569000000.0,2.33,26.175582990397803,-29.75931791394837,-7.797562352052855,7.31683288801417,6.456875752608043,20.762114,46061692160.0,0.19719020172910662,0.84422,0.104,revenueGrowth,-0.0,0.033,0.80730003,0.67481005,0.40002,0.25559,-4.886431859115469,0.98,USD,USD,USD,1.0,1.0,190.82,142.11,78.005615234375,200.1699981689453,297414623232.0,40648000000.0,yfinance,PM,fresh,2026-10-01
PNC,"The PNC Financial Services Group, Inc.",222.26,26.97357670119142,0.5968321901106649,SPY,176.88,0.256558118498417,99.48837280273438,256.9700012207031,1.2340299045869139,0.13507413727601553,88669216768.0,169106227200.0,23077000000.0,18.15,,39713000000.0,57101000000.0,398943667.0,-0.01,60585000000.0,45967000000.0,,4384000000.0,,,1.55,12.245730027548209,1.463550660526533,1.9289754991189332,3.8423199188802704,3.1980466800329177,10.368766,27726054570.0,0.175465472543012,0.8563,0.236,revenueGrowth,0.015089791573335216,0.0361,0.3744,0.0,0.38689,0.31366,0.9424940166707931,,USD,USD,USD,1.0,1.0,222.26,176.88,99.48837280273438,256.9700012207031,88669216768.0,23077000000.0,yfinance,PNC,fresh,2026-10-01
POET,POET Technologies Inc.,7.48,47.72759838122686,4.60590762978097,SPY,3.87,0.9328165374677003,0.7699999809265137,20.56999969482422,8.714285954915976,0.6363636309687403,1294474496.0,505759008.0,1074865.0,-0.69,-59503268.0,39959201.0,7066198.0,173058088.0,0.5462466271777786,183789272.0,183232897.0,170708559.0,-31086630.0,-33388274.0,-2301644.0,,,7.043253841279702,7.0646402321521995,1204.3135612379228,9.352125824513239,-44.0,138415000.0,-0.0,0.20471,1.123,revenueGrowth,,,0.0,1.0,-0.3542654,0.0,0.03844728216780792,0.24455,USD,USD,USD,1.0,1.0,7.48,3.87,0.7699999809265137,20.56999969482422,1294474496.0,1074865.0,yfinance,POET,fresh,2026-10-01
PONY,Pony AI Inc.,6.54,38.61393459960994,2.9939891236540555,SPY,6.365,0.027494108405341684,4.159999847412109,24.059999465942383,0.5721154422802354,0.7281795450886208,2841064960.0,1810430464.0,90001000.0,-0.33,-254637000.0,293489000.0,28878000.0,353324845.0,2.3232891992841247,1652277000.0,1651245000.0,1159164000.0,-164955000.0,-208830000.0,-43875000.0,,,1.7194846626806521,1.7205593113075286,31.567037699581117,9.441512760954572,-9.884231,300912050.0,-0.0,0.38826,0.688,revenueGrowth,-0.0,,0.0,0.16229999,-1.81507,-1.18472,0.017477698957257166,0.15943,USD,USD,USD,1.0,1.0,6.54,6.365,4.159999847412109,24.059999465942383,2841064960.0,90001000.0,yfinance,PONY,fresh,2026-10-01
POOL,Pool Corporation,161.87,29.905600064536486,0.6929013939925182,SPY,160.38,0.0092904352163612,161.7100067138672,400.03692626953125,0.000989383955786436,0.5953623543969101,5882476544.0,7545970176.0,5289396000.0,10.89,631809000.0,104963000.0,1535031000.0,36340747.0,-0.024589306267657214,1185229000.0,194002000.0,1089579000.0,365850000.0,309516000.0,-56334000.0,1.6,14.864095500459136,4.963156102322842,30.321731446067567,1.112126326711027,1.0451046015299628,13.701331,5628600750.0,0.23832751568141514,0.011238201000000001,0.022,revenueGrowth,0.058867383050291,0.032,0.4637,0.29579002,0.15137,0.07414,1.2951345267454644,2.671,USD,USD,USD,1.0,1.0,161.87,160.38,161.7100067138672,400.03692626953125,5882476544.0,5289396000.0,yfinance,POOL,fresh,2026-10-01
POWW,Outdoor Holding Company,2.25,56.15719333859235,1.1115787946126765,SPY,1.42,0.5845070422535212,0.9800000190734863,3.0199999809265137,1.2959183226620747,0.254966882711795,261137088.0,203135248.0,51125398.0,0.02,11270414.0,68103395.0,11168712.0,116060931.0,-0.004644437551983883,234955103.0,57193556.0,61267940.0,963847.0,-1927126.0,-2890973.0,,112.5,1.1114339917103226,4.56584808260567,5.107776138974996,4.539589787842998,,57524380.0,,0.56493,0.221,revenueGrowth,0.005077042139644293,,0.0,0.87843,0.22760001,0.120900005,0.04753551575340758,4.741,USD,USD,USD,1.0,1.0,2.25,1.42,0.9800000190734863,3.0199999809265137,261137088.0,51125398.0,yfinance,POWW,fresh,2026-10-01
PPERY,PT Bank Mandiri (Persero) Tbk,8.92,36.21852684613643,0.670008762873751,SPY,8.2,0.08780487804878058,8.184975624084473,16.083450317382812,0.08980165728932676,0.445392635039301,20733052928.0,11367642025.579205,7903128153.952628,1.49,,21701464632.03065,12336053729.609856,2312200000.0,-0.0001379464285911352,16562022435.68462,16138083099.929583,,11644985902.739841,11221882756.926363,-423103145.81347847,3.72,5.9865771812080535,1.2518430649706438,1.2847283533996963,2.6233982954750243,2.283646127740064,0.009533479,9078925441.27132,0.19722468773310659,0.00017000001,-0.054,revenueGrowth,0.0010976131612168258,0.1367,0.7112,0.0,0.0,0.43377998,0.7448398151563018,,USD,USD,IDR,1.0,5.6381224567303434e-05,8.92,8.2,8.184975624084473,16.083450317382812,20733052928.0,140173049000000.0,yfinance,PPERY,fresh,2026-10-01
PPG,"PPG Industries, Inc.",104.33,41.736535594041875,1.0411059668839404,SPY,93.39,0.11714316307955881,88.17814636230469,140.8911590576172,0.1831729777050527,0.25949931352800903,23192559616.0,29200558080.0,15875000000.0,6.97,2814000000.0,2163000000.0,7896000000.0,222300000.0,-0.033205619412515965,7941000000.0,-179000000.0,3059000000.0,1941000000.0,1163000000.0,-778000000.0,1.51,14.968436154949785,2.9206094466691854,-129.56737215642457,1.4609486372283464,1.3384950001711862,12.055851,17327341240.0,0.223960880195599,0.94278,0.072,revenueGrowth,0.034062648240645144,0.0279,0.4075,0.41202998,0.14016,0.09573,0.994333207404609,1.58,USD,USD,USD,1.0,1.0,104.33,93.39,88.17814636230469,140.8911590576172,23192559616.0,15875000000.0,yfinance,PPG,fresh,2026-10-01
PRAX,"Praxis Precision Medicines, Inc.",291.23,28.372278951295897,0.39197742486212384,SPY,50.31,4.788709998012323,13.050000190734863,386.3299865722656,21.31647476961458,0.24616258089630977,8131138560.0,7373673984.0,0.0,-12.96,-326058000.0,357329000.0,110000.0,27919988.0,0.256767459322981,878136000.0,878136000.0,551140000.0,-249068000.0,-249124000.0,-56000.0,,,9.259543578671185,9.259543578671185,,23.363299086421787,-31.335945,348030410.0,-0.0,0.0123197,,,-0.0,,0.0,0.0,0.0,0.0,0.0001252653347545255,0.15734,USD,USD,USD,1.0,1.0,291.23,50.31,13.050000190734863,386.3299865722656,8131138560.0,0.0,yfinance,PRAX,fresh,2026-10-01
PRCT,PROCEPT BioRobotics Corporation,18.22,41.42143298032153,0.7954081193038915,SPY,16.665,0.09330933093309329,16.690000534057617,99.44999694824219,0.09167162474442493,0.816792352346854,1037061312.0,893112064.0,308054000.0,-1.95,-85406000.0,286503000.0,78483000.0,56918844.0,0.06559232613908873,365870000.0,365161000.0,384583000.0,-48985000.0,-58341000.0,-9356000.0,,,2.834507644791866,2.8400111512456148,3.36649195270959,2.1747740827467923,-15.802117,476859330.0,,0.0100404,0.193,revenueGrowth,,,0.0,0.63362,-0.32054,-0.32535,0.21451061852570585,6.547,USD,USD,USD,1.0,1.0,18.22,16.665,16.690000534057617,99.44999694824219,1037061312.0,308054000.0,yfinance,PRCT,fresh,2026-10-01
PRME,"Prime Medicine, Inc.",3.055,46.18565312566549,2.2503692468784204,SPY,2.67,0.14419475655430722,1.149999976158142,9.550000190734863,1.6565217942055785,0.6801047184309092,554106304.0,560904640.0,4632000.0,-1.05,-201029000.0,63032000.0,116427000.0,181376856.0,0.2542837193752354,120868000.0,120868000.0,143845000.0,-162564000.0,-167095000.0,-4531000.0,,,4.584392097163848,4.584392097163848,119.62571329879101,52.52152628226516,-3.4404702,10550080.0,-0.0,0.70967,0.035,revenueGrowth,,,0.0,0.0,-0.3750867,0.0,0.9632574378661019,3.055,USD,USD,USD,1.0,1.0,3.055,2.67,1.149999976158142,9.550000190734863,554106304.0,4632000.0,yfinance,PRME,fresh,2026-10-01
PRNT,The 3D Printing ETF,24.8011,51.050316083686575,1.2788290658818957,SPY,19.822,0.25119059630713364,16.719524383544922,26.440000534057617,0.48336157363476395,0.06198564678342317,,,,1.0463004,,,,,,,,,,,,,23.703613226182462,,,,,,,,,,,,0.68,,,,,,,USD,USD,USD,1.0,1.0,24.8011,19.822,16.719524383544922,26.440000534057617,,,yfinance,PRNT,fresh,2026-10-01
PRU,"Prudential Financial, Inc.",113.58,38.64714465523128,0.6617714150608217,SPY,91.89,0.23604309500489715,76.53575897216797,123.70191955566406,0.4840121993342102,0.08182508074265854,39185100800.0,59744100352.0,60967000000.0,11.03,5206000128.0,19712000000.0,22958000000.0,345000000.0,-0.015585861397161147,32438000000.0,30561000000.0,,6271000000.0,,,0.67,10.2973708068903,1.2079999013502682,1.2821930172442002,0.6427264060885397,0.6474950511796329,7.6434717,60517992730.0,0.226159793814433,0.64901,0.141,revenueGrowth,0.025519903728306856,0.0487,0.4986,0.29015,0.075219996,0.06007,0.7077501695542265,0.777,USD,USD,USD,1.0,1.0,113.58,91.89,76.53575897216797,123.70191955566406,39185100800.0,60967000000.0,yfinance,PRU,fresh,2026-10-01
PSA,Public Storage,282.84,34.93065531157353,0.40646123470814405,SPY,256.54,0.10251812582833068,210.89854431152344,336.8643493652344,0.3411187873454927,0.16037419651867116,52849299456.0,64038494208.0,4824113000.0,10.48,3246139000.0,318095000.0,10253881000.0,186852295.0,-0.0007725604698985446,9248128000.0,4646515000.0,-152686000.0,3186449000.0,2897071000.0,-289378000.0,3.82,26.988549618320608,5.714594289352396,11.37396510201732,10.9552366323094,9.695228401016825,27.65507,5451062860.0,,0.83839995,0.033,revenueGrowth,-0.0,0.042,1.145,0.7442,0.45703998,0.41632998,1.1087520631202337,0.22,USD,USD,USD,1.0,1.0,282.84,256.54,210.89854431152344,336.8643493652344,52849299456.0,4824113000.0,yfinance,PSA,fresh,2026-10-01
PSLV,Sprott Physical Silver Trust,19.37,37.04118412615347,1.831734313230331,SPY,15.06,0.2861885790172643,7.139999866485596,36.36000061035156,1.712885204791212,0.4672717361152785,12238860288.0,12039927288.0,8486897000.0,8.12,,198933000.0,,631846127.0,0.11822709713596453,15108911000.0,15108911000.0,,145214000.0,,,,2.3854679802955667,0.8100425164990382,0.8100425164990382,1.4420889387487559,,,0.0,,,,,1.0131662351075283e-05,,,,,,,,USD,USD,USD,1.0,1.0,19.37,15.06,7.139999866485596,36.36000061035156,12238860288.0,8486897000.0,yfinance,PSLV,fresh,2026-10-01
PSNL,"Personalis, Inc.",16.28,53.80991545461089,2.789492913612076,SPY,4.955,2.285570131180626,0.9300000071525574,18.3799991607666,16.50537620945354,0.1142545841486868,1738701952.0,1564039936.0,69648000.0,-1.1,-70998000.0,124245000.0,39948000.0,106799872.0,0.5061419287464334,261185000.0,261185000.0,228321000.0,-74946000.0,-79450000.0,-4504000.0,,,6.656974757355897,6.656974757355897,24.964133241442685,15.77747990726079,-17.292843,110201500.0,,0.66782,0.3,revenueGrowth,,,0.0,0.12686,-1.50248,-1.5383999,0.15294905909604303,5.283,USD,USD,USD,1.0,1.0,16.28,4.955,0.9300000071525574,18.3799991607666,1738701952.0,69648000.0,yfinance,PSNL,fresh,2026-10-01
PSTG,PSTG,,,,SPY,,,,,,,,,,,,,,,,,,,,,,,,,,,,,,,,,,,,,,,,,,USD,USD,USD,1.0,1.0,,,,,,,yfinance,PSTG,unresolved,
PSX,Phillips 66,255.31,50.907858953157906,-0.24112341968468856,SPY,126.74,1.0144390089947926,88.46539306640625,274.2099914550781,1.8859872900621422,0.06892524723401398,102362718208.0,119537033216.0,132376000000.0,17.53,9757000000.0,1116000000.0,19716000000.0,400935020.0,-0.0327930635618932,29093000000.0,26683000000.0,3945000000.0,4962000000.0,2729000000.0,-2233000000.0,0.81,14.564175698802053,3.518465548688688,3.83625222831016,0.7732724829878528,0.6892559372496527,9.911776,148511913610.0,0.16457564575645756,0.80550003,0.531,revenueGrowth,0.011791402388781708,0.020099999999999996,0.282,0.13098,0.08529,0.046609998,0.6776887911181384,1.32,USD,USD,USD,1.0,1.0,255.31,126.74,88.46539306640625,274.2099914550781,102362718208.0,132376000000.0,yfinance,PSX,fresh,2026-10-01
PTC,PTC Inc.,140.3,47.45334353862501,0.5051092072573117,SPY,108.5,0.29308755760368677,112.33000183105469,216.52999877929688,0.24899846624245986,0.35205282967278834,15223429120.0,16479668224.0,2739226000.0,10.31,1132612000.0,184415000.0,1369867000.0,108506261.0,0.0002898742773848371,3826229000.0,-491750000.0,145963000.0,867696000.0,856688000.0,-11008000.0,1.29,13.608147429679923,3.9787030833753025,-30.957659623792576,5.557565940159739,5.253228523123263,15.711579,2897918690.0,0.20233063856192884,0.010792401,-0.068,revenueGrowth,0.019706335388383244,,0.0,0.84501,0.28232,0.41429,0.35802012895725793,1.025,USD,USD,USD,1.0,1.0,140.3,108.5,112.33000183105469,216.52999877929688,15223429120.0,2739226000.0,yfinance,PTC,fresh,2026-10-01
PYPL,"PayPal Holdings, Inc.",52.53,47.501971058796116,1.1155870846923202,SPY,38.46,0.3658346333853354,38.738338470458984,90.79743957519531,0.3560209878402048,0.42145945694320525,44937359360.0,47902359552.0,33172000000.0,5.29,7696000000.0,8049000000.0,9987000000.0,855460874.0,-0.068334937439846,20256000000.0,9184000000.0,13316000000.0,6416000000.0,5564000000.0,-852000000.0,0.95,9.930056710775048,2.218471532385466,4.893005156794425,1.3546774195104305,1.2410077154920758,9.079878,36210378710.0,0.1683089637635092,0.78954005,0.048,revenueGrowth,0.13467636029782057,0.0104,0.0794,0.40477002,0.16966,0.14364,0.49303909952606634,1.288,USD,USD,USD,1.0,1.0,52.53,38.46,38.738338470458984,90.79743957519531,44937359360.0,33172000000.0,yfinance,PYPL,fresh,2026-10-01
QBTS,D-Wave Quantum Inc.,16.57,42.76141551535814,4.273335873569828,SPY,12.75,0.2996078431372549,0.6060000061988831,44.779998779296875,26.34323404373348,0.6299687259558211,6290413056.0,5671360512.0,24587000.0,-0.7,-348743000.0,635347000.0,43457000.0,376450532.0,0.6718035438774279,852230000.0,851315000.0,875084000.0,-71982000.0,-76289000.0,-4307000.0,,,7.381121359257477,7.389054646047585,255.84304941635824,78.03680063179605,-43.876606,80608290.0,,0.53897,-0.006,revenueGrowth,,,0.0,0.64185,-0.1732055,0.0,0.05099210307076728,0.20545000000000002,USD,USD,USD,1.0,1.0,16.57,12.75,0.6060000061988831,44.779998779296875,6290413056.0,24587000.0,yfinance,QBTS,fresh,2026-10-01
QCOM,QUALCOMM Incorporated,184.04,51.97400635247726,2.1338091573942988,SPY,121.99,0.5086482498565457,98.33132934570312,248.7425079345703,0.8716313633162751,0.26011841913079764,196565843968.0,200251047936.0,44284000000.0,8.74,14929000000.0,5520000000.0,14811000000.0,1068060487.0,-0.022123893805309734,21206000000.0,8700000000.0,16610000000.0,14012000000.0,12820000000.0,-1192000000.0,0.82,21.05720823798627,9.269350371027068,22.593775168735633,4.4387553962605,4.376556096090624,18.036045,44913361020.0,0.5624259654110401,0.83087,-0.04,revenueGrowth,0.04472292755719622,0.02,0.4103,0.54226,0.18528,0.21013,0.6984344053569744,2.016,USD,USD,USD,1.0,1.0,184.04,121.99,98.33132934570312,248.7425079345703,196565843968.0,44284000000.0,yfinance,QCOM,fresh,2026-10-01
QQQ,Invesco QQQ Trust,739.77,59.46425997827335,1.4267780525791882,SPY,555.6,0.3314794816414686,337.8992004394531,747.4600219726562,1.1893215463010738,0.010288205049898422,,,,24.534697,,,,393100000.0,,140640959400.0,,,,,,,30.15199250269934,2.067702,,,,,,,,,,,0.42,,,,,,,USD,USD,USD,1.0,1.0,739.77,555.6,337.8992004394531,747.4600219726562,,,yfinance,QQQ,fresh,2026-10-01
QQQI,NEOS NASDAQ-100(R) High Income ETF,55.55,61.78209210537296,1.1944277698502828,SPY,47.87,0.16043451013160645,33.605743408203125,55.83000183105469,0.6529912558470676,0.0050152574220218476,,,,1.8662281,,,,,,,,,,,,,29.7659219684882,,,,,,,,,,,,0.09,,,,,,,USD,USD,USD,1.0,1.0,55.55,47.87,33.605743408203125,55.83000183105469,,,yfinance,QQQI,fresh,2026-10-01
QRVO,"Qorvo, Inc.",114.48,61.01363060987628,1.212341761814549,SPY,74.92,0.5280298985584624,50.810001373291016,129.2100067138672,1.2530997226104783,0.11400051039766966,10099612672.0,10317160448.0,3678517000.0,4.31,733796000.0,1219015000.0,1549154000.0,88221633.0,-0.01993713986380304,3344299000.0,869567000.0,1593557000.0,808631000.0,679561000.0,-129070000.0,1.07,26.561484918793507,3.019949075127553,11.614530763011937,2.7455663986329273,2.788643636621326,14.479427,3621693550.0,0.14885267140880754,0.99831,-0.042,revenueGrowth,0.05272994294884579,,0.0,0.48535,0.1578,0.10953,0.4632223374764039,3.543,USD,USD,USD,1.0,1.0,114.48,74.92,50.810001373291016,129.2100067138672,10099612672.0,3678517000.0,yfinance,QRVO,fresh,2026-10-01
QS,QuantumScape Corporation,4.645,30.488348908606667,3.236119529066258,SPY,4.54,0.023127753303964656,3.4700000286102295,18.440000534057617,0.33861670366048086,0.7481019595731057,2857348864.0,2083898240.0,0.0,-0.67,-358245000.0,230524000.0,71000000.0,578338434.0,0.1335322435259062,1168973000.0,1168973000.0,920096000.0,-242473000.0,-278750000.0,-36277000.0,,,2.44432408960686,2.44432408960686,,276.3730265003279,-6.8252616,10338740.0,,0.36853,,,,,0.0,0.0,0.0,0.0,0.06073707433790173,0.18420000000000003,USD,USD,USD,1.0,1.0,4.645,4.54,3.4700000286102295,18.440000534057617,2857348864.0,0.0,yfinance,QS,fresh,2026-10-01
QTUM,Defiance Quantum ETF,151.62,55.583363188167034,2.0975645026823355,SPY,98.21,0.5438346400570209,43.38553237915039,167.97372436523438,2.49471336838691,0.09735882458422832,,,,5.5682735,,,,,,,,,,,,,27.22926594751497,,,,,,,,,,,,0.79,,,,,,,USD,USD,USD,1.0,1.0,151.62,98.21,43.38553237915039,167.97372436523438,,,yfinance,QTUM,fresh,2026-10-01
QUBT,Quantum Computing Inc.,8.45,48.95803835377722,3.6895405803740577,SPY,6.18,0.36731391585760514,0.42100000381469727,25.68000030517578,19.071258725496968,0.6709501596735998,1912630912.0,981849984.0,682000.0,-0.04,-13666000.0,737880000.0,1808000.0,226346861.0,0.7521330194608068,1598265000.0,1536170000.0,1122646000.0,-30294000.0,-36984000.0,-6690000.0,,,1.1966919828689235,1.2450646165463457,2804.4441524926688,36.51429672168923,-35.70372,52380330.0,-0.0,0.47743,0.9,revenueGrowth,-0.0,,0.0,-0.18923001,-2.8126502,-1.52453,0.001131226673924537,0.53135,USD,USD,USD,1.0,1.0,8.45,6.18,0.42100000381469727,25.68000030517578,1912630912.0,682000.0,yfinance,QUBT,fresh,2026-10-01
RACE,Ferrari N.V.,392.85,44.54889681355547,0.9359876366820611,SPY,312.51,0.2570797734472498,287.0458679199219,511.74395751953125,0.3685966039044139,0.23233094552952002,68934770688.0,70849175552.0,8099940845.3722,10.57,3136182189.8674965,1663694130.30231,3269349268.69154,175473500.0,-0.009283745944264189,4428579571.7407465,1681312583.7085247,2759674605.0292253,2663008318.7248707,1593878897.4809647,-1069129421.243906,3.45,37.16650898770104,15.565887339561506,41.00056786344177,8.510527669765024,7.333762127570446,31.394358,9399646387.33612,0.22490362879094414,0.45839,0.084,revenueGrowth,0.012913567442316757,0.0105,0.38959998,0.51618,0.31065,0.2225,0.7382387999876117,2.429,USD,USD,EUR,1.0,1.133529782295227,392.85,312.51,287.0458679199219,511.74395751953125,68934770688.0,7145768000.0,yfinance,RACE,fresh,2026-10-01
RAYS,Global X Solar ETF,,,,SPY,,,,,,,,,,,,,,,,,,,,,,,,,,,,,,,,,,,,,,,,,,USD,USD,USD,1.0,1.0,,,,,,,yfinance,RAYS,unresolved,
RBLX,Roblox Corporation,42.37,40.34242934979745,1.5164248901156263,SPY,33.88,0.2505903187721368,28.420000076293945,141.55999755859375,0.49085150901678587,0.7006922807944918,30268106752.0,29067108352.0,4890551000.0,-1.41,-802175000.0,1205319000.0,1802704000.0,669992988.0,0.06506744589038768,394484000.0,233626000.0,-228367000.0,1796358000.0,1352880000.0,-443478000.0,8.18,,76.7283508380568,129.5579548166728,6.189099500649314,3.902238662643014,-34.01246,7756600600.0,,0.8635,0.359,revenueGrowth,,,0.0,0.25674,-0.13274,-0.17607,4.569777227973758,0.821,USD,USD,USD,1.0,1.0,42.37,33.88,28.420000076293945,141.55999755859375,30268106752.0,4890551000.0,yfinance,RBLX,fresh,2026-10-01
RBOT,Vicarious Surgical Inc.,0.08,64.90903101868328,3.0036930698314026,SPY,0.02,3.0,0.028999999165534973,18.8700008392334,1.7586207690335365,0.9957604665372528,570508.0,3876335.0,0.0,-6.62,-49543000.0,2569000.0,7790000.0,6477365.0,0.041637803794998256,9841000.0,9841000.0,7680000.0,-45076000.0,-45208000.0,-132000.0,,,0.05797256376384514,0.05797256376384514,,,-0.036866356,0.0,-0.0,0.14949,,,,,0.0,0.0,0.0,0.0,0.7915862209125089,1.539,USD,USD,USD,1.0,1.0,0.08,0.02,0.028999999165534973,18.8700008392334,570508.0,0.0,yfinance,RBOT,fresh,2026-10-01
RBRK,"Rubrik, Inc.",114.47,64.3479233812364,1.5804649171625205,SPY,42.25,1.7093491124260354,28.649999618530273,115.56999969482422,2.995462531383874,0.009518038398623299,23561195520.0,23132076032.0,1316191000.0,-1.27,-272131000.0,380196000.0,1143430000.0,160956763.0,0.27333532088091567,-519562000.0,-719168000.0,909505000.0,282908000.0,237840000.0,-45068000.0,,,-45.34818851263179,-32.76174067811694,17.901045912029485,11.470663975293405,149.11743,2054039380.0,,0.79515,0.379,revenueGrowth,-0.0,,0.0,0.80206,-0.16829,-0.16498,-2.2007575611765295,1.642,USD,USD,USD,1.0,1.0,114.47,42.25,28.649999618530273,115.56999969482422,23561195520.0,1316191000.0,yfinance,RBRK,fresh,2026-10-01
RCAT,"Red Cat Holdings, Inc.",6.46,31.66839101905778,3.703118031046182,SPY,5.77,0.11958405545927217,0.550000011920929,17.360000610351562,10.74545429087868,0.6278801974149714,986534848.0,675091200.0,40729000.0,-0.8,-64332000.0,167865000.0,18435000.0,152714362.0,0.6460187295197858,245832000.0,30852127.0,212092000.0,-89134000.0,-95781000.0,-6647000.0,,,4.0130448761755995,31.97623450726752,24.221926587934888,4.500883346425659,-11.63964,219186940.0,,0.59015,5.272,revenueGrowth,,,0.0,0.0975,-1.91416,-1.36265,0.074990237235185,0.14856999999999998,USD,USD,USD,1.0,1.0,6.46,5.77,0.550000011920929,17.360000610351562,986534848.0,40729000.0,yfinance,RCAT,fresh,2026-10-01
RDDT,"Reddit, Inc.",142.44,42.185045060868774,2.0317336460979365,SPY,119.27,0.19426511276934688,39.16999816894531,270.7099914550781,2.6364566417807245,0.47382806510251535,27404959744.0,24639469568.0,2202506000.0,4.3,457932000.0,953569000.0,23214000.0,146103200.0,0.38932191455245846,2929038000.0,2871368000.0,2864702000.0,690875000.0,684169000.0,-6706000.0,0.73,33.12558139534884,9.356300513684015,9.544217161993865,12.442626600790192,6.139590816472371,14.703499,4463645960.0,,0.89094,0.611,revenueGrowth,-0.0,,0.0,0.91442,0.28788,0.31348,0.007925469044785353,0.10486000000000001,USD,USD,USD,1.0,1.0,142.44,119.27,39.16999816894531,270.7099914550781,27404959744.0,2202506000.0,yfinance,RDDT,fresh,2026-10-01
RDW,Redwire Corporation,10.44,45.559407560224,3.9553756158007327,SPY,4.87,1.1437371663244351,2.440000057220459,25.899999618530273,3.2786884242506082,0.5969111909742789,2609922816.0,2132411904.0,335381000.0,-1.2,-179223000.0,95183000.0,123799000.0,249992609.0,0.8072746329699738,1137050000.0,-55251000.0,97198000.0,-177331000.0,-200611000.0,-23280000.0,,,2.2953456892836726,-47.23756703046099,7.781963844105659,4.628417222477394,-30.705881,563891000.0,0.0994331507437412,0.69431,0.896,revenueGrowth,0.024469305991920952,,0.0,0.22729,-0.18858999,-0.57263,0.10887735807572227,3.919,USD,USD,USD,1.0,1.0,10.44,4.87,2.440000057220459,25.899999618530273,2609922816.0,335381000.0,yfinance,RDW,fresh,2026-10-01
REGN,"Regeneron Pharmaceuticals, Inc.",758.27,37.310569542387505,0.47798274293816895,SPY,541.0,0.4016081330868761,479.8768615722656,1190.525390625,0.5801345318372066,0.3630795227290997,78067687424.0,70429040640.0,14342900000.0,40.38,5818200000.0,3118100000.0,2705900000.0,101137842.0,-0.05647263249348393,31256900000.0,29999500000.0,13653500000.0,4978900000.0,3765200000.0,-1213700000.0,1.24,18.778355621594848,2.4976145242810386,2.6022996191269856,5.442949990866561,4.211655935673999,12.454417,18536102810.0,0.1387577188521613,0.9355,0.167,revenueGrowth,0.05086227261266747,0.5,0.090100005,0.44458,0.33106,0.27865,0.0865696854134607,3.335,USD,USD,USD,1.0,1.0,758.27,541.0,479.8768615722656,1190.525390625,78067687424.0,14342900000.0,yfinance,REGN,fresh,2026-10-01
RELX,RELX PLC,33.18,42.56945461339555,0.2760478678950581,SPY,27.57,0.2034820457018498,26.9852237701416,53.87623977661133,0.22956178843003502,0.3841441025287728,57659969536.0,240936452096.0,12721701450.3479,1.65,4889696720.123291,173779237.74719238,9640104738.235474,1737792947.0,-0.017690627164704,3138638751.9836426,-11456164100.646973,-4034066122.0550537,3762121513.366699,3065678003.311157,-696443510.055542,1.18,20.10909090909091,18.371011795976354,-5.033095635627611,4.532410209518254,4.050185495234629,15.35841,14236377470.573044,0.24436363636363637,0.05072,0.027,revenueGrowth,0.0345098794912879,0.0275,0.5345,0.6642,0.32006,0.23271999,3.0714285714285716,0.449,USD,USD,GBP,1.0,1.326559066772461,33.18,27.57,26.9852237701416,53.87623977661133,57659969536.0,9590000000.0,yfinance,RELX,fresh,2026-10-01
RGEN,Repligen Corporation,192.23,70.90611473275928,1.1430048027435018,SPY,100.99,0.9034557877017526,102.87000274658203,208.4199981689453,0.8686691442358987,0.07767967714797552,10848618496.0,10729112576.0,738256000.0,0.74,180852000.0,566021000.0,689948000.0,56435621.0,0.011159908089763741,2106129000.0,605574000.0,1001559000.0,117417000.0,91687000.0,-25730000.0,1.94,259.77027027027026,5.1509753182259965,17.914604154075306,14.694927634858368,11.114044894145117,72.541534,976117930.0,0.21622878027667794,0.011948199999999999,0.119,revenueGrowth,-0.0,,0.0,0.53836,0.09309,0.05291,0.32759057018824583,9.05,USD,USD,USD,1.0,1.0,192.23,100.99,102.87000274658203,208.4199981689453,10848618496.0,738256000.0,yfinance,RGEN,fresh,2026-10-01
RGNX,REGENXBIO Inc.,7.53,35.62815827928593,2.0123971666934155,SPY,5.455,0.38038496791934007,5.309999942779541,24.610000610351562,0.4180791113263913,0.6940268259549452,497079360.0,640043968.0,170441000.0,-3.78,-133255000.0,34466000.0,73501000.0,66013192.0,0.041689389807913715,102733000.0,102733000.0,163186000.0,-123963000.0,-126377000.0,-2414000.0,,,4.838555868124167,4.838555868124167,2.9164306710239907,2.290641109835203,-2.5073924,217004470.0,-0.0,0.65715,4.057,revenueGrowth,,,0.0,-0.44946998,0.27091,-1.1258,0.7154565718902397,2.858,USD,USD,USD,1.0,1.0,7.53,5.455,5.309999942779541,24.610000610351562,497079360.0,170441000.0,yfinance,RGNX,fresh,2026-10-01
RGTI,"Rigetti Computing, Inc.",15.74,47.62912978551845,3.970677577524501,SPY,12.53,0.25618515562649646,0.6880000233650208,56.34000015258789,21.87790619979251,0.7206247788894085,5253519872.0,4867512320.0,7088000.0,-0.83,-208041000.0,44851000.0,7167000.0,333768747.0,0.6774230231878093,546199000.0,546199000.0,442608000.0,-58543000.0,-77219000.0,-18676000.0,,,9.618325687157977,9.618325687157977,741.1850835214447,119.61952941101465,-76.40777,43918580.0,-0.0,0.55925,1.853,revenueGrowth,,,0.0,0.34614,-5.4616604,0.0,0.0131215912149235,3.944,USD,USD,USD,1.0,1.0,15.74,12.53,0.6880000233650208,56.34000015258789,5253519872.0,7088000.0,yfinance,RGTI,fresh,2026-10-01
RIO,Rio Tinto Group,94.17,36.241603428493626,1.2314787553215267,SPY,65.29,0.4423342012559349,48.624141693115234,109.63262176513672,0.9366922833176441,0.1410403355879048,153154256896.0,172685590528.0,57638000000.0,7.38,22974000000.0,6904000000.0,23517000000.0,1254609242.0,0.002805596836386347,62203000000.0,56752000000.0,6639000000.0,16832000000.0,4497000000.0,-12335000000.0,5.69,12.760162601626016,2.4621683342604053,2.698658318579081,2.657175073666678,2.3830308959283375,11.241938,64268682860.0,0.2964717188358045,0.104770005,0.155,revenueGrowth,-0.0,0.049400000000000006,0.5446,0.29751,0.28049,0.19584998,0.37806858190119447,1.424,USD,USD,USD,1.0,1.0,94.17,65.29,48.624141693115234,109.63262176513672,153154256896.0,57638000000.0,yfinance,RIO,fresh,2026-10-01
RIOT,"Riot Platforms, Inc.",20.15,48.05393357059637,3.805797102179227,SPY,11.5,0.7521739130434781,6.289999961853027,28.690000534057617,2.203497634690578,0.2976647046039566,7561467392.0,7967879680.0,647435000.0,-3.84,-292376000.0,233517000.0,866758000.0,375258935.0,0.06833353086611849,1348369000.0,2545387000.0,-21065000.0,-86082000.0,-653033000.0,-566951000.0,,,5.607862085230378,2.970655303888957,11.679114338891162,9.449594213691645,-21.548727,800189640.0,0.0002261314487035884,0.87505996,0.139,revenueGrowth,0.0005672179456249119,,0.0,0.28257,-1.22334,-1.96277,0.6428195842532719,1.585,USD,USD,USD,1.0,1.0,20.15,11.5,6.289999961853027,28.690000534057617,7561467392.0,647435000.0,yfinance,RIOT,fresh,2026-10-01
RIVN,"Rivian Automotive, Inc.",14.94,42.65324098477363,2.0636456763005726,SPY,12.39,0.20581113801452774,8.399999618530273,24.350000381469727,0.778571509341808,0.38644764821567346,21631037440.0,21695037440.0,5387000000.0,-2.59,-2562000000.0,3579000000.0,6651000000.0,1443948130.0,0.17077986179664364,4566000000.0,4566000000.0,4899000000.0,-779000000.0,-2489000000.0,-1710000000.0,,,4.737415120455541,4.737415120455541,4.015414412474476,1.8362973703150844,-8.5706415,11779702890.0,,0.40325,0.272,revenueGrowth,,,0.0,0.07513,-0.50422,-0.54955,1.4566360052562417,2.104,USD,USD,USD,1.0,1.0,14.94,12.39,8.399999618530273,24.350000381469727,21631037440.0,5387000000.0,yfinance,RIVN,fresh,2026-10-01
RKLB,Rocket Lab Corporation,69.68,50.90750444355856,3.69767672029582,SPY,37.57,0.8546712802768168,3.5299999713897705,150.22999572753906,18.739376930523544,0.5361778474228713,44554158080.0,39524573184.0,601799000.0,-0.27,-155473000.0,828660000.0,253955000.0,598459739.0,0.0700399849485974,1721854000.0,1291353000.0,1031068000.0,-165521000.0,-321806000.0,-156285000.0,,,25.87568869369877,34.5019201411233,74.03494867887783,32.699268491321554,1529.4119,1362542960.0,0.12256913549095384,0.61902,0.62,revenueGrowth,-0.0,,0.0,0.37264,-0.24572,-0.21511999,0.14748927609425655,5.482,USD,USD,USD,1.0,1.0,69.68,37.57,3.5299999713897705,150.22999572753906,44554158080.0,601799000.0,yfinance,RKLB,fresh,2026-10-01
RKT,"Rocket Companies, Inc.",11.51,35.12848236605424,2.1729393674685524,SPY,11.375,0.01186813186813185,6.822885990142822,23.440000534057617,0.686969416846296,0.5089590555564913,32592203776.0,62324203520.0,6257000000.0,,2580000000.0,2696000000.0,15561000000.0,1906422676.0,8.375993035817396,22898000000.0,-9379000000.0,,-3927000000.0,-4568000000.0,-641000000.0,0.53,,1.4233646508865403,-3.4750190613071754,5.208918615310852,2.6931186569150873,13.500833,12102030370.0,,0.52461,0.919,revenueGrowth,-0.0,,0.0,1.0,0.27083,0.04598,0.6795790025329723,1.879,USD,USD,USD,1.0,1.0,11.51,11.375,6.822885990142822,23.440000534057617,32592203776.0,6257000000.0,yfinance,RKT,fresh,2026-10-01
RLAY,"Relay Therapeutics, Inc.",18.05,47.030402447443656,1.4229273492726735,SPY,5.165,2.494675701839303,2.0,20.75,8.025,0.1301204819277108,3955506176.0,3073039104.0,15355000.0,-1.56,-299181000.0,84018000.0,32458000.0,219141631.0,0.20101594029794417,567060000.0,567060000.0,552701000.0,-235455000.0,-235865000.0,-410000.0,,,6.975463224350157,6.975463224350157,257.6037887333116,220.51344212834303,-11.025728,17937710.0,,0.011092900000000001,-0.483,revenueGrowth,,,0.0,0.0,-2.5949716,0.0,0.05723909286495256,0.18268,USD,USD,USD,1.0,1.0,18.05,5.165,2.0,20.75,3955506176.0,15355000.0,yfinance,RLAY,fresh,2026-10-01
RMAX,RE/MAX Holdings Inc,12.36,,,SPY,5.46,1.2637362637362637,12.359999656677246,12.359999656677246,2.777692256264283e-08,-2.777692256264283e-08,681161536.0,114182288.0,291601000.0,-0.41,77176000.0,118736000.0,459482000.0,21317742.0,0.05733548870320025,452413000.0,134987000.0,98372000.0,40878000.0,33504000.0,-7374000.0,,,1.5056188394232703,5.046126930741479,2.3359369000792176,2.2365391076775443,8.428863,304560530.0,0.31562054208273893,0.86168,-0.058,revenueGrowth,-0.0,,0.0,0.75504994,0.18787001,-0.03041,1.015625103611081,1.539,USD,USD,USD,1.0,1.0,12.36,5.46,12.359999656677246,12.359999656677246,681161536.0,291601000.0,yfinance,RMAX,fresh,2026-10-01
RMBS,Rambus Inc.,106.76,61.523562808240335,3.5188008266797284,SPY,77.89,0.37065091796122746,37.86000061035156,170.66000366210938,1.819862606415543,0.37442870204447737,11579360256.0,10771876864.0,707630000.0,2.18,325318000.0,182826000.0,24981000.0,108461603.0,0.0017791472932199815,1364425000.0,1067442000.0,868242000.0,360019000.0,333177000.0,-26842000.0,3.8,48.97247706422018,8.48662275757187,10.847765270618918,16.363580198691405,11.708827690986157,28.689285,988942750.0,0.18265615911702535,0.95005995,0.204,revenueGrowth,0.0006143690016306199,,0.0,0.80357003,0.36671,0.3169,0.018308811404071312,9.754,USD,USD,USD,1.0,1.0,106.76,77.89,37.86000061035156,170.66000366210938,11579360256.0,707630000.0,yfinance,RMBS,fresh,2026-10-01
RMD,ResMed Inc.,221.1,48.052485879661916,0.402301807333823,SPY,180.27,0.22649359294391735,130.73460388183594,290.6549072265625,0.6912125285501346,0.23930408707101294,31894185984.0,31250870272.0,5653443000.0,10.43,2152612000.0,1469234000.0,825919000.0,144252306.0,0.0006442643518361534,6585393000.0,3223081000.0,2929629000.0,1805829000.0,1628656000.0,-177173000.0,1.29,21.198465963566633,4.8431712403496645,9.895558313303328,5.641550818501221,5.168008487993681,16.711868,6171465480.0,0.2063768354541173,0.71234,0.086,revenueGrowth,0.021948733864886213,0.0118,0.2301,0.61618,0.30857,0.26945,0.12541681263365756,3.1,USD,USD,USD,1.0,1.0,221.1,180.27,130.73460388183594,290.6549072265625,31894185984.0,5653443000.0,yfinance,RMD,fresh,2026-10-01
RNA,"Atrium Therapeutics, Inc.",8.28,26.769399037578907,1.1487405273507505,SPY,8.05,0.0285714285714284,8.1899995803833,16.540000915527344,0.010989062787288503,0.4993954327882207,141634720.0,-120582272.0,18618000.0,-5.44,-76491000.0,270000000.0,3672000.0,17105643.0,-0.0010720042046250876,207287000.0,207287000.0,231044000.0,-41129000.0,-42574000.0,-1445000.0,,,0.6832783532011173,0.6832783532011173,7.607407884842625,70.81736,-1.0272952,2000000.0,0.0018483325957358186,0.84463996,-0.219,revenueGrowth,,,0.0,-0.56366,-7.52929,-1.8414501,0.01771456965463343,8.73,USD,USD,USD,1.0,1.0,8.28,8.05,8.1899995803833,16.540000915527344,141634720.0,18618000.0,yfinance,RNA,fresh,2026-10-01
ROBO,Robo Global Robotics and Automation Index ETF,80.46,51.42940047637572,1.7733494374743675,SPY,62.796,0.28129180202560666,43.706573486328125,90.33999633789062,0.8409130156398265,0.10936458643342604,,,,2.746555,,,,,,,,,,,,,29.294880313702073,265.54456,,,,,,,,,,,0.36,,,,,,,USD,USD,USD,1.0,1.0,80.46,62.796,43.706573486328125,90.33999633789062,,,yfinance,ROBO,fresh,2026-10-01
ROK,"Rockwell Automation, Inc.",435.33,51.635733012636265,1.3681874641999265,SPY,332.71,0.3084367767725647,214.3401641845703,493.55963134765625,1.0310239177811455,0.11797891814746121,48440889344.0,51478818816.0,8342000000.0,10.66,1398000000.0,468000000.0,3647000000.0,111273953.0,-0.01222707423580786,3654000000.0,-1049000000.0,466000000.0,1544000000.0,1358000000.0,-186000000.0,1.9,40.83771106941838,13.256948370005473,-46.17815952716873,5.806867578997842,5.056495434059579,29.192913,9579933370.0,0.183206106870229,0.92914003,0.079,revenueGrowth,0.008773579629843056,0.0128,0.5103,0.49091998,0.20968,0.13385001,0.9980842911877394,1.075,USD,USD,USD,1.0,1.0,435.33,332.71,214.3401641845703,493.55963134765625,48440889344.0,8342000000.0,yfinance,ROK,fresh,2026-10-01
ROL,"Rollins, Inc.",30.12,25.14659523924024,0.0889303112192333,SPY,29.695,0.014312173766627401,30.030000686645508,64.86322021484375,0.0029969800631578516,0.5356382260973973,14492099584.0,15498317824.0,3761050000.0,1.1,854228000.0,100004000.0,1038005000.0,481145404.0,-0.00030559886019884577,1374321000.0,-582727000.0,-312843000.0,678107000.0,650021000.0,-28086000.0,2.45,27.38181818181818,10.544916059639633,-24.869449303018396,3.8532057760465825,3.2661129707178036,23.349743,4437109100.0,0.24855833568736216,0.61204,0.079,revenueGrowth,0.014963670291047318,0.0239,0.649,0.52366,0.18799,0.1355,0.7552857010843901,0.629,USD,USD,USD,1.0,1.0,30.12,29.695,30.030000686645508,64.86322021484375,14492099584.0,3761050000.0,yfinance,ROL,fresh,2026-10-01
ROOT,"Root, Inc.",46.11,32.47140066173496,1.8636971960689035,SPY,40.91,0.1271082864825227,7.349999904632568,177.69000244140625,5.273469469154377,0.7405031269825948,714393856.0,503638912.0,1517100000.0,3.58,91400000.0,669300000.0,200300000.0,13687016.0,0.011834319526627219,284300000.0,256700000.0,,206500000.0,192400000.0,-14100000.0,,12.879888268156424,2.512816939852269,2.7829912582781455,0.4708943747940149,0.45437933186188384,16.351065,1572241090.0,,0.64725995,0.016,revenueGrowth,-0.0,,0.0,0.39305001,0.0889,0.037130002,0.7045374604291241,1.98,USD,USD,USD,1.0,1.0,46.11,40.91,7.349999904632568,177.69000244140625,714393856.0,1517100000.0,yfinance,ROOT,fresh,2026-10-01
ROP,"Roper Technologies, Inc.",349.41,25.631876962655,0.04522811726408985,SPY,305.96,0.14201202771604146,313.9403381347656,586.9385375976562,0.11298217386135415,0.4046906488196571,34556952576.0,45508489216.0,7902500000.0,24.01,3159300000.0,297400000.0,9349300000.0,98900874.0,0.001851851851851852,19881500000.0,-11223900000.0,-1797500000.0,2540300000.0,2435600000.0,-104700000.0,1.38,14.55268638067472,1.7381461447073914,-3.0788721011413145,4.37291396089845,3.8013298974802128,14.332405,9090753370.0,0.20649759826455244,0.010678099000000002,0.085,revenueGrowth,0.01446886842525729,0.0104,0.1446,0.69525003,0.27725,0.30244,0.47025123858863765,0.553,USD,USD,USD,1.0,1.0,349.41,305.96,313.9403381347656,586.9385375976562,34556952576.0,7902500000.0,yfinance,ROP,fresh,2026-10-01
RPRX,Royalty Pharma plc,58.36,43.055739242926755,0.26015588523097904,SPY,35.23,0.6565427192733467,23.362045288085938,63.959999084472656,1.4980689524543533,0.08755470864026559,33722476544.0,37064265728.0,2378193000.0,1.86,1635708000.0,618696000.0,8950917000.0,445277344.0,-0.050505050505050504,6476900000.0,5552266000.0,891880000.0,2489823000.0,,,1.36,31.376344086021504,5.206576686995322,6.0736421028819585,14.179873771388612,8.854913634971844,10.177815,3808334890.0,0.0,0.87338996,0.165,revenueGrowth,0.03639658547611562,0.0161,0.4892,0.95821,0.19746,0.32019,1.3819754820979173,2.797,USD,USD,USD,1.0,1.0,58.36,35.23,23.362045288085938,63.959999084472656,33722476544.0,2378193000.0,yfinance,RPRX,fresh,2026-10-01
RR,Richtech Robotics Inc.,1.58,43.8115699683057,3.735441048683938,SPY,1.3,0.2153846153846154,0.3700000047683716,11.100000381469727,3.2702702152372023,0.8576576625494858,355661056.0,14444051.0,5045000.0,0.07,-47808000.0,185574000.0,730000.0,185167097.0,0.74349242284074,250873000.0,240158000.0,233608000.0,-8911000.0,-14645000.0,-5734000.0,,22.57142857142857,1.417693637816744,1.4809461104772692,70.49773161546085,53.16308759342302,,6690000.0,0.0019481310118105442,0.42345002,0.167,revenueGrowth,,,0.0,0.58935,-2.7669299,-0.81778,0.0029098388427610785,0.9361499999999999,USD,USD,USD,1.0,1.0,1.58,1.3,0.3700000047683716,11.100000381469727,355661056.0,5045000.0,yfinance,RR,fresh,2026-10-01
RSKD,Riskified Ltd.,7.91,71.66400904837212,0.8112770542800088,SPY,3.7,1.1378378378378378,3.630000114440918,7.909999847412109,1.17906329218347,-1.929050489388192e-08,1044418496.0,844377472.0,344638000.0,-0.11,-30488000.0,162152000.0,25022000.0,91847753.0,-0.07867698508755856,294759000.0,294759000.0,285138000.0,33879000.0,33069000.0,-810000.0,,,3.5432963743261445,3.5432963743261445,3.0304797961919463,2.310813813102945,20.412903,451969990.0,,0.62567,0.218,revenueGrowth,0.10171018648830976,,0.0,0.51272,-0.07506,-0.04231,0.08488968954298257,3.617,USD,USD,USD,1.0,1.0,7.91,3.7,3.630000114440918,7.909999847412109,1044418496.0,344638000.0,yfinance,RSKD,fresh,2026-10-01
RTX,RTX Corporation,185.65,26.550535861732058,0.3470645627584287,SPY,155.64,0.19281675661783618,65.35176086425781,225.49000549316406,1.8407803790568666,0.17668191282372311,250211287040.0,282529300480.0,88603000000.0,5.68,14946000000.0,7435000000.0,39506000000.0,1347758144.0,0.009526644834772254,65245000000.0,-19943000000.0,1548000000.0,10567000000.0,7448000000.0,-3119000000.0,2.17,32.68485915492958,3.8349496059468158,-12.54632136789851,2.823959539067526,2.423083685597226,23.645494,103261512810.0,0.19054162372609643,0.81701,0.145,revenueGrowth,0.00019983111310245072,0.015600000000000001,0.48770002,0.20347,0.12696,0.08276,0.6055023373438577,1.011,USD,USD,USD,1.0,1.0,185.65,155.64,65.35176086425781,225.49000549316406,250211287040.0,88603000000.0,yfinance,RTX,fresh,2026-10-01
RUN,Sunrun Inc.,7.77,36.38638508111553,2.8366787806330818,SPY,7.49,0.03738317757009337,5.664999961853027,21.5,0.37157988567018885,0.6386046511627907,1853527936.0,18095542272.0,2956997000.0,1.47,546036000.0,823380000.0,14776833000.0,238549287.0,0.19013117926332607,3132484000.0,3132484000.0,853454000.0,-421440000.0,-2921778000.0,-2500338000.0,3.07,5.285714285714286,0.5917118606192402,0.5917118606192402,0.6268278040187393,0.5795415118124445,7.6566057,3198266040.0,0.14215301226532825,0.0116697,0.528,revenueGrowth,-0.0,,0.0,0.35292998,0.03999,0.11594,4.717289218396647,1.422,USD,USD,USD,1.0,1.0,7.77,7.49,5.664999961853027,21.5,1853527936.0,2956997000.0,yfinance,RUN,fresh,2026-10-01
RXRX,"Recursion Pharmaceuticals, Inc.",4.13,60.94115331352104,2.8909894398280747,SPY,2.77,0.4909747292418772,2.8399999141693115,15.520000457763672,0.4542253960623827,0.733891760426204,2214799616.0,1731918208.0,74256000.0,-1.0,-559384000.0,743294000.0,77965000.0,535342170.0,0.631781357733106,1130865000.0,658804000.0,665138000.0,-371808000.0,-380435000.0,-8627000.0,,,1.9585004540771886,3.361849071954633,29.826540831717303,42.286859071781514,-4.5792727,52375600.0,0.00021088704362725715,0.70629,-0.601,revenueGrowth,,,0.0,0.0,-0.17596869999999998,0.0,0.06894280042268529,5.034,USD,USD,USD,1.0,1.0,4.13,2.77,2.8399999141693115,15.520000457763672,2214799616.0,74256000.0,yfinance,RXRX,fresh,2026-10-01
RY,Royal Bank of Canada,196.59,39.29915316242544,0.6851028676448573,SPY,143.13,0.3735066023894362,72.39681243896484,216.56854248046875,1.7154510451097276,0.09225043605892352,272165060608.0,-51067944960.0,46751458676.338196,11.21,,61406788775.44403,383275249037.5042,1384429799.0,-0.0018450383459320502,97738740609.169,70720259485.72159,,38802614502.9068,37226477879.76265,-1576136623.1441498,2.26,17.53702051739518,2.7846180430778724,3.848473727149574,5.821530885104724,5.067021595822597,15.606768,53713025583.38827,0.20591789793770224,0.49547002,0.089,revenueGrowth,0.04090952705952454,0.0254,0.4149,0.0,0.46436,0.33870998,3.9214261064619103,,USD,USD,CAD,1.0,0.7026913166046143,196.59,143.13,72.39681243896484,216.56854248046875,272165060608.0,66532000000.0,yfinance,RY,fresh,2026-10-01
S,"SentinelOne, Inc.",23.76,57.48430378489414,1.1668047972023066,SPY,11.81,1.0118543607112618,11.9399995803833,30.0,0.9899498186780717,0.20799999999999993,8269647360.0,7614398976.0,1001278000.0,-1.02,-254111000.0,169627000.0,15001000.0,342184493.0,0.04859845096712914,1437145000.0,394926000.0,294230000.0,76616000.0,51686000.0,-24930000.0,,,5.75421920543856,20.939738989076435,8.25909224011713,5.823563104454586,51.450844,1420032240.0,,0.86544997,0.206,revenueGrowth,0.02418627920792018,,0.0,0.72540003,-0.22719,-0.30953,0.010438056006874741,1.449,USD,USD,USD,1.0,1.0,23.76,11.81,11.9399995803833,30.0,8269647360.0,1001278000.0,yfinance,S,fresh,2026-10-01
SAN,"Banco Santander, S.A.",13.83,44.438659700541635,1.6510699209846051,SPY,9.62,0.43762993762993774,3.1986799240112305,15.050000190734863,3.323658611849106,0.0810631345696543,200485289984.0,294097420288.0,68037858122.70641,1.01,,203237355846.40503,369771017342.0906,14496405510.0,-0.038036618990907704,116946267639.39857,97327134167.43279,,-16815914320.349693,-25497618922.948837,-8681704602.599144,0.93,13.693069306930694,1.714336797837724,2.05991157244087,2.946672566064975,2.544409524475636,9.663017,78794426783.68253,0.2528237246400086,0.03536,0.102,revenueGrowth,0.023073688059188784,0.0196,0.2525,0.0,0.43438998,0.33464,3.1618881457788115,,USD,USD,EUR,1.0,1.133529782295227,13.83,9.62,3.1986799240112305,15.050000190734863,200485289984.0,60023000000.0,yfinance,SAN,fresh,2026-10-01
SANA,"Sana Biotechnology, Inc.",2.915,37.09378675870993,2.3919509867402304,SPY,2.61,0.11685823754789279,1.340000033378601,11.270000457763672,1.1753730801411117,0.7413487239042732,872636224.0,791588480.0,0.0,-0.75,-192958000.0,71870000.0,78862000.0,299360637.0,0.09676860509937589,160884000.0,-38938000.0,69950000.0,-143828000.0,-144766000.0,-938000.0,,,5.42400875164715,-22.41091540397555,,,-5.2512116,0.0,-0.0,0.77695,,,,,0.0,0.0,0.0,0.0,0.49017925959076103,1.379,USD,USD,USD,1.0,1.0,2.915,2.61,1.340000033378601,11.270000457763672,872636224.0,0.0,yfinance,SANA,fresh,2026-10-01
SAP,SAP SE,208.48,52.3334471108104,0.7017854190295163,SPY,144.97,0.43809063944264326,122.76508331298828,306.6001281738281,0.6982027330074174,0.32002637689113606,240628498432.0,3387940405248.0,41713895988.464355,7.59,13685105061.650276,9317614810.466766,8474268652.439117,1154204232.0,-0.00423728813559322,50539558873.41499,15064610806.703568,3219224581.718445,10378598686.695099,9540920177.578926,-837678509.1161728,1.62,27.46772068511199,4.761191110407105,15.973097580783385,5.7685452947992175,4.717503531844407,21.520872,51007592640.40682,0.2866601752677702,0.07748,0.094,revenueGrowth,0.009124634873314184,0.013999999999999999,0.3753,0.73658997,0.2762,0.20413,0.16767595209258512,1.148,USD,USD,EUR,1.0,1.133529782295227,208.48,144.97,122.76508331298828,306.6001281738281,240628498432.0,36800000000.0,yfinance,SAP,fresh,2026-10-01
SATS,SATS,,,,SPY,,,,,,,,,,,,,,,,,,,,,,,,,,,,,,,,,,,,,,,,,,USD,USD,USD,1.0,1.0,,,,,,,yfinance,SATS,unresolved,
SBLK,Star Bulk Carriers Corp.,29.36,41.85980634507974,0.7815332138830466,SPY,16.72,0.7559808612440192,11.735734939575195,32.47999954223633,1.501760661021095,0.09605910056061254,3407855872.0,3957480448.0,1042499000.0,2.55,321851000.0,488511000.0,1229286000.0,116071386.0,0.06179582662437945,2449263000.0,2449263000.0,299668000.0,295936000.0,211948000.0,-83988000.0,,11.513725490196078,1.3913801302677582,1.3913801302677582,3.2689296315871768,3.2821166379329667,8.337641,1038310410.0,0.0,0.35794,0.445,revenueGrowth,0.028795525305596023,0.0644,0.4039,0.47327998,0.39711,0.2387,0.5019003675799618,1.915,USD,USD,USD,1.0,1.0,29.36,16.72,11.735734939575195,32.47999954223633,3407855872.0,1042499000.0,yfinance,SBLK,fresh,2026-10-01
SBUX,Starbucks Corporation,93.96,34.64978253603185,0.5486604795830448,SPY,77.99,0.20476984228747275,68.00852966308594,111.40367889404297,0.38159140427645716,0.1565808155279487,107114397696.0,125964402688.0,37184400000.0,1.73,4821400000.0,3219800000.0,26611500000.0,1140000000.0,0.0021981886925173657,-8096600000.0,-11632300000.0,-2828100000.0,4747500000.0,2442000000.0,-2305500000.0,1.13,54.312138728323696,-13.229552861200998,-9.208359283718611,2.880627297899119,2.7760797683036045,30.088863,38584769400.0,0.25948231164998203,0.87095,-0.014,revenueGrowth,-0.0,0.026000000000000002,1.4277,0.22341,0.12919,0.05172,-3.2867499938245683,0.76,USD,USD,USD,1.0,1.0,93.96,77.99,68.00852966308594,111.40367889404297,107114397696.0,37184400000.0,yfinance,SBUX,fresh,2026-10-01
SCHD,Schwab U.S. Dividend Equity ETF,32.53,31.442196552460146,0.2563054132910992,SPY,26.32,0.2359422492401216,19.987531661987305,34.931365966796875,0.6275146201202132,0.06874526375749038,,,,1.812008,,,,,,,,,,,,,17.952459371040305,,,,,,,,,,,,0.03,,,,,,,USD,USD,USD,1.0,1.0,32.53,26.32,19.987531661987305,34.931365966796875,,,yfinance,SCHD,fresh,2026-10-01
SCHG,Schwab U.S. Large-Cap Growth ETF,35.93,56.09537889313321,1.225496455735424,SPY,27.96,0.2850500715307582,17.291933059692383,36.28300094604492,1.0778475070409035,0.009729100042464968,,,,1.2136576,,,,,,,,,,,,,29.604725418437624,,,,,,,,,,,,0.37,,,,,,,USD,USD,USD,1.0,1.0,35.93,27.96,17.291933059692383,36.28300094604492,,,yfinance,SCHG,fresh,2026-10-01
SCHP,Schwab U.S. TIPS ETF,25.13,26.54439074058118,0.07303982890387044,SPY,25.09,0.0015942606616181406,22.23175621032715,26.137706756591797,0.13036504009190922,0.03855375553701395,,,,,,,,115900000.0,,,,,,,,,,,,,,,,,,,,,0.0504,,,,,,,USD,USD,USD,1.0,1.0,25.13,25.09,22.23175621032715,26.137706756591797,,,yfinance,SCHP,fresh,2026-10-01
SCHQ,Schwab Long-Term U.S. Treasury ETF,28.46,27.429440215962956,0.18881072514165673,SPY,28.3699,0.0031759012192499663,26.0638427734375,32.83766174316406,0.09193414982553923,0.1333122247681163,,,,,,,,,,,,,,,,,,,,,,,,,,,,,0.049,,,,,,,USD,USD,USD,1.0,1.0,28.46,28.3699,26.0638427734375,32.83766174316406,,,yfinance,SCHQ,fresh,2026-10-01
SCHW,The Charles Schwab Corporation,97.74,33.17141284063284,0.4705188581520316,SPY,83.96,0.1641257741781801,47.33394241333008,113.6500015258789,1.0649030065257077,0.1399912126024573,169025273856.0,154657275904.0,23921000000.0,5.49,,46030000000.0,30951000000.0,1729335714.0,-0.013631406761177753,49425000000.0,23478000000.0,,9311000000.0,8763000000.0,-548000000.0,0.84,17.80327868852459,3.4198335630955996,7.1993046194735495,7.065978590192718,5.3402738387264215,12.482041,31651049920.0,0.22750676324286587,0.85554004,0.209,revenueGrowth,0.05800315997921385,0.0129,0.2149,0.97495,0.52277,0.38793,0.6262215477996965,0.655,USD,USD,USD,1.0,1.0,97.74,83.96,47.33394241333008,113.6500015258789,169025273856.0,23921000000.0,yfinance,SCHW,fresh,2026-10-01
SD,"SandRidge Energy, Inc.",13.49,35.954334692778374,-0.3402608710209914,SPY,11.2,0.20446428571428582,8.479698181152344,17.419675827026367,0.5908585083822859,0.2255883442405704,500145728.0,387339904.0,156357000.0,2.24,108002000.0,110998000.0,1443000.0,37075296.0,-0.007529310530278584,510871000.0,510871000.0,79818000.0,100140000.0,40967000.0,-59173000.0,,6.022321428571428,0.979005909515318,0.979005909515318,3.1987421605684427,2.92482881871345,8.993333,171000000.0,,0.83572,0.48,revenueGrowth,0.012802268701973197,0.0387,0.2188,0.70671,0.50751996,0.46058998,0.002824587811795933,2.624,USD,USD,USD,1.0,1.0,13.49,11.2,8.479698181152344,17.419675827026367,500145728.0,156357000.0,yfinance,SD,fresh,2026-10-01
SDGR,"Schrödinger, Inc.",31.05,72.65448495148266,1.6671950666356588,SPY,10.945,1.8369118318867061,11.069999694824219,37.209999084472656,1.8048781261048668,0.16554687546453498,2322714880.0,2016978688.0,255869000.0,-0.74,-160874000.0,230517000.0,109228000.0,65641435.0,0.010637124838973062,364053000.0,359262000.0,330129000.0,13899000.0,12457000.0,-1442000.0,,,6.380155856427498,6.4652395187913,9.077750255013308,9.279653781279878,-22.999998,250301890.0,,0.96859,0.075,revenueGrowth,,,0.0,0.56869,-0.70551,-0.20976,0.3000332369188003,2.706,USD,USD,USD,1.0,1.0,31.05,10.945,11.069999694824219,37.209999084472656,2322714880.0,255869000.0,yfinance,SDGR,fresh,2026-10-01
SDOW,ProShares UltraPro Short Dow30,26.06,61.44301494808198,-2.4542191648652363,SPY,21.13,0.23331755797444392,21.364625930786133,98.94924926757812,0.2197732871347818,0.7366326658070071,,,,,,,,,,,,,,,,,,,,,,,,,,,,,0.056299999999999996,,,,,,,USD,USD,USD,1.0,1.0,26.06,21.13,21.364625930786133,98.94924926757812,,,yfinance,SDOW,fresh,2026-10-01
SE,Sea Limited,97.36,33.537695531646065,1.261779117714891,SPY,77.05,0.26359506813757305,34.81999969482422,196.5,1.7960942232423962,0.504529262086514,59631497216.0,57113419776.0,22938469000.0,2.59,2686640000.0,4158920000.0,3375847000.0,566956729.0,0.055419854854356104,12526503000.0,12409831000.0,8568945000.0,5024523000.0,4500024000.0,-524499000.0,0.95,37.59073359073359,4.760426530532903,4.805182054131116,2.5996284763381547,1.5591376618424788,18.788294,38246460640.0,0.2854542959472725,0.69631,0.481,revenueGrowth,0.00023522803643837324,,0.0,0.44342998,0.08351,0.05908,0.26949636303124663,1.494,USD,USD,USD,1.0,1.0,97.36,77.05,34.81999969482422,196.5,59631497216.0,22938469000.0,yfinance,SE,fresh,2026-10-01
SEDG,"SolarEdge Technologies, Inc.",31.87,40.72027207356186,2.5845849133621286,SPY,28.21,0.12974122651542006,10.46500015258789,127.6500015258789,2.04538934881132,0.7503329446217132,1960825600.0,1821236608.0,1184444000.0,-4.49,-348898000.0,455075000.0,415925000.0,61525748.0,0.03264005390418502,427464000.0,370212000.0,936352000.0,104261000.0,80794000.0,-23467000.0,4.61,,4.5871128328935304,5.296493900791979,1.655481896991331,1.3546657612097974,37.049957,1447460810.0,,0.010168299999999998,0.196,revenueGrowth,-0.0,,0.0,0.21253,-0.06515,-0.20289,0.973005913948309,2.03,USD,USD,USD,1.0,1.0,31.87,28.21,10.46500015258789,127.6500015258789,1960825600.0,1184444000.0,yfinance,SEDG,fresh,2026-10-01
SERV,Serve Robotics Inc.,4.65,49.92281983126884,3.5742986161041657,SPY,4.17,0.11510791366906485,1.8200000524520874,23.799999237060547,1.5549449813119796,0.804621842476399,403189888.0,177293248.0,2651000.0,-2.48,-96801000.0,106239000.0,5254000.0,86707507.0,0.6990297345518409,350744000.0,303901000.0,227777000.0,-80240000.0,-117979000.0,-37739000.0,,,1.1495275414547361,1.3267145813932826,152.08973519426632,12.036467590281742,-2.6495726,33497360.0,0.034813411162002345,0.43395,4.044,revenueGrowth,,,0.0,0.0,-0.2027949,0.0,0.014979586250940858,0.12832000000000002,USD,USD,USD,1.0,1.0,4.65,4.17,1.8200000524520874,23.799999237060547,403189888.0,2651000.0,yfinance,SERV,fresh,2026-10-01
SFTBY,SoftBank Group Corp.,20.06,52.85363808472827,3.3266963268638543,SPY,10.55,0.9014218009478671,4.724213600158691,28.68000030517578,3.246209358384253,0.30055788749835405,228640800768.0,83785550921728.0,49414213259.09905,2.77,49583993136.934006,33975934761.436657,162610826657.55786,11397847402.0,-0.01350136650006676,111656314841.17079,49660047172.151505,-17952382983.843796,-2717187705.606222,-13703171866.329388,-10985984160.723166,1258.01,7.241877256317689,2.0477193886726215,4.604119685496751,4.627025013413493,3.950683684563697,,57873729972.7023,0.0819782865423344,0.00023,0.109,revenueGrowth,0.0025839591615705016,0.17,0.012200001,0.51453,-0.115509994,0.61613,1.4563513661441272,0.682,USD,USD,JPY,1.0,0.0063362522050738335,20.06,10.55,4.724213600158691,28.68000030517578,228640800768.0,7798650000000.0,yfinance,SFTBY,fresh,2026-10-01
SGML,Sigma Lithium Corporation,9.4,42.86880055012851,2.215628225646083,SPY,4.615,1.0368364030335862,4.28000020980835,33.20000076293945,1.1962615745808374,0.716867476385933,1058142080.0,1319017984.0,110012000.0,-0.24,-1350000.0,6214000.0,143334000.0,112568313.0,0.005071216257060015,56630000.0,56630000.0,-151222000.0,2445000.0,-8440000.0,-10885000.0,,,18.68518594384602,18.68518594384602,9.618424171908519,1.5029872192220173,5.446307,704026000.0,,0.82331,2.239,revenueGrowth,,,0.0,0.49076998,0.24627,-0.19344,2.53106127494261,0.343,USD,USD,USD,1.0,1.0,9.4,4.615,4.28000020980835,33.20000076293945,1058142080.0,110012000.0,yfinance,SGML,fresh,2026-10-01
SGMO,SGMO,,,,SPY,,,,,,,,,,,,,,,,,,,,,,,,,,,,,,,,,,,,,,,,,,USD,USD,USD,1.0,1.0,,,,,,,yfinance,SGMO,unresolved,
SGOV,iShares 0-3 Month Treasury Bond ETF,100.68,99.99999991462141,-0.0018279981300840682,SPY,100.27,0.004088959808517112,88.1570816040039,100.68000030517578,0.14205232487445837,3.031145942627706e-09,,,,,,,,,,,,,,,,,,,,,,,,,,,,,0.0374,,,,,,,USD,USD,USD,1.0,1.0,100.68,100.27,88.1570816040039,100.68000030517578,,,yfinance,SGOV,fresh,2026-10-01
SHOP,Shopify Inc.,148.3,58.42420849615242,1.8606039757017667,SPY,94.0,0.5776595744680852,46.400001525878906,179.00999450683594,2.1961205845497203,0.17155463632877319,192442187776.0,186053165056.0,11556000000.0,1.48,1916000000.0,1534000000.0,188000000.0,1219581025.0,0.007202459484047437,13473000000.0,12952000000.0,6904000000.0,2033000000.0,2007000000.0,-26000000.0,1.73,100.20270270270271,14.28354396021673,14.858105912291538,16.65301036483212,10.03425411993492,60.521225,19178524430.0,0.18422796554009277,0.73175,0.337,revenueGrowth,,,0.0,0.47765,0.17555,0.1453,0.01395383359311215,5.353,USD,USD,USD,1.0,1.0,148.3,94.0,46.400001525878906,179.00999450683594,192442187776.0,11556000000.0,yfinance,SHOP,fresh,2026-10-01
SHW,The Sherwin-Williams Company,323.27,49.93382258148423,0.8177573485519732,SPY,289.86,0.11526254053681076,228.81002807617188,393.37506103515625,0.4128314336484499,0.17821429973388914,78476419072.0,92753362944.0,23574300000.0,10.84,4480100000.0,207200000.0,12942600000.0,242758151.0,-0.014561196379378197,4598300000.0,-7404400000.0,-912900000.0,3451600000.0,2654000000.0,-797600000.0,2.13,29.821955719557195,17.066398249787966,-10.598619614283399,3.3288971071039226,2.9848614903371873,23.768803,26291477620.0,0.23057336289018035,0.85042,0.075,revenueGrowth,0.021106977351760887,0.97,0.2934,0.48981997,0.18124,0.11013,2.8146488919818196,0.727,USD,USD,USD,1.0,1.0,323.27,289.86,228.81002807617188,393.37506103515625,78476419072.0,23574300000.0,yfinance,SHW,fresh,2026-10-01
SIEGY,Siemens Aktiengesellschaft,155.65,47.12651265715804,1.7211468228838402,SPY,115.56,0.34691934925579787,60.492366790771484,167.5500030517578,1.5730519114643975,0.0710235919726112,238288650240.0,286311940096.0,89451369240.04555,5.7,17976648817.420006,16430514194.369316,63494670755.26714,1530926212.0,-0.00642621555484626,70555427769.18411,10627975238.800049,19780094701.051712,15027204323.887825,12255724006.175995,-2771480317.71183,2.41,27.30701754385965,3.3773255690482156,22.42088872865157,2.6638904721575023,2.328417973889724,21.376207,102339293422.447,0.230932594644506,0.00418,0.073,revenueGrowth,0.010793544188686367,0.019799999999999998,0.53540003,0.39356998,0.14903,0.097959995,0.8999260972945183,1.444,USD,USD,EUR,1.0,1.133529782295227,155.65,115.56,60.492366790771484,167.5500030517578,238288650240.0,78914000000.0,yfinance,SIEGY,fresh,2026-10-01
SJM,The J. M. Smucker Company,118.91,44.29925019208344,-0.2960312865811358,SPY,88.25,0.34742209631728044,87.72500610351562,132.33999633789062,0.3554857991082501,0.10148100883727658,12702345216.0,19599345664.0,9050900000.0,2.14,875800000.0,58600000.0,7089000000.0,106823183.0,0.002819548872180451,5543800000.0,-5344900000.0,-565100000.0,1473600000.0,1156200000.0,-317400000.0,2.17,55.56542056074766,2.291270467188571,-2.3765356163819717,1.4034344889458508,1.4055104232910671,10.88742,9037531850.0,,0.90764,0.05,revenueGrowth,0.00044086347086097017,0.0371,2.0561,0.37951002,0.17898001,0.02506,1.278725783758433,0.87,USD,USD,USD,1.0,1.0,118.91,88.25,87.72500610351562,132.33999633789062,12702345216.0,9050900000.0,yfinance,SJM,fresh,2026-10-01
SKYT,SkyWater Technology Inc,32.46,,,SPY,9.54,2.4025157232704406,32.459999084472656,32.459999084472656,2.82047865195596e-08,-2.82047865195596e-08,1597181312.0,1853486720.0,442139000.0,2.34,144840000.0,23224000.0,250343000.0,49204602.0,0.02768166089965398,187819000.0,178651000.0,-130824000.0,-28966000.0,-56172000.0,-27206000.0,,13.871794871794872,8.503832477012443,8.940231580007948,3.6123963549924345,,-249.6923,0.0,,0.61209,1.648,revenueGrowth,-0.0,,0.0,0.20214,0.01222,0.184,1.3328949680277289,0.565,USD,USD,USD,1.0,1.0,32.46,9.54,32.459999084472656,32.459999084472656,1597181312.0,442139000.0,yfinance,SKYT,fresh,2026-10-01
SLB,SLB N.V.,48.72,35.53578858042826,0.7560786902046704,SPY,31.64,0.5398230088495575,30.681438446044922,59.78976821899414,0.5879307642526906,0.1851448592081592,72307458048.0,82173460480.0,35708000000.0,2.05,6958000000.0,3036000000.0,11636000000.0,1484143231.0,0.0006963788300835655,26109000000.0,4327000000.0,4792000000.0,6489000000.0,4543000000.0,-1946000000.0,1.31,23.765853658536585,2.7694457102148684,16.710759890917494,2.024965219222583,1.8079693830407062,15.073325,39993740340.0,0.19575856443719414,0.92542,0.05,revenueGrowth,0.03338521454311822,0.023700000000000002,0.5659,0.16991,0.12706,0.08527,0.44567007545290893,1.439,USD,USD,USD,1.0,1.0,48.72,31.64,30.681438446044922,59.78976821899414,72307458048.0,35708000000.0,yfinance,SLB,fresh,2026-10-01
SLDP,"Solid Power, Inc.",2.375,41.71886647675983,3.0695261218855836,SPY,1.98,0.1994949494949495,0.9269999861717224,8.510000228881836,1.5620280856833177,0.720916576248781,541930368.0,307200384.0,17913000.0,-0.46,-73666000.0,21607000.0,7990000.0,228181212.0,0.030688193289295965,416174000.0,414008000.0,250632000.0,-73393000.0,-84475000.0,-11082000.0,,,1.302172572049191,1.3089852563235493,30.253467760844078,82.5107137637028,-5.277778,6568000.0,8.557705679107431e-05,0.37278,,,0.006628157807904944,,0.0,-1.0505999,0.2978269,0.0,0.01919870054352266,0.14609,USD,USD,USD,1.0,1.0,2.375,1.98,0.9269999861717224,8.510000228881836,541930368.0,17913000.0,yfinance,SLDP,fresh,2026-10-01
SLG,SL Green Realty Corp.,48.92,34.058456542441505,0.9967723314346837,SPY,34.77,0.40696002300834044,25.119293212890625,74.44806671142578,0.9475070251935042,0.34289764447983856,3753544704.0,10792767488.0,940312000.0,-2.72,418525000.0,155747000.0,4944811000.0,70849907.0,0.0723876507124589,3671155000.0,3308129000.0,774940000.0,82906000.0,,,1.3,,1.0224424476765486,1.1346427856954793,3.9918077233939373,5.79672348103562,-64.328636,647528680.0,,0.0104742,0.273,revenueGrowth,0.0002914578315356598,0.0504,1.5375,0.44757998,0.18843001,-0.16719,1.346936046012767,2.466,USD,USD,USD,1.0,1.0,48.92,34.77,25.119293212890625,74.44806671142578,3753544704.0,940312000.0,yfinance,SLG,fresh,2026-10-01
SLI,Standard Lithium Ltd.,1.83,28.228880270833713,2.0548457184320434,SPY,1.77,0.03389830508474579,1.0499999523162842,5.650000095367432,0.7428572220056272,0.6761062001573309,451615008.0,314530016.0,0.0,-0.22,-50533000.0,152314000.0,257000.0,246784162.0,0.15022676061452334,353958000.0,352991000.0,147601000.0,-12646000.0,-12710000.0,-64000.0,,,1.2758999881341855,1.2793952480374853,,,-23.375141,0.0,0.060013983840894965,0.24392,,,,,0.0,0.0,0.0,0.0,0.0007260748450381119,0.17875,USD,USD,USD,1.0,1.0,1.83,1.77,1.0499999523162842,5.650000095367432,451615008.0,0.0,yfinance,SLI,fresh,2026-10-01
SLVR,Sprott Silver Miners & Physical Silver ETF,54.44,40.40846288921229,2.5406628761646,SPY,38.37,0.418816783945791,19.114404678344727,83.36000061035156,1.8481138134360355,0.34692898750723267,,,,2.3204653,,,,,,,,,,,,,23.460811932848124,,,,,,,,,,,,0.0327,,,,,,,USD,USD,USD,1.0,1.0,54.44,38.37,19.114404678344727,83.36000061035156,,,yfinance,SLVR,fresh,2026-10-01
SMCI,"Super Micro Computer, Inc.",41.07,56.40673157264327,3.745602077359018,SPY,19.48,1.1083162217659137,18.010000228881836,118.80699920654297,1.2803997489204841,0.6543132957293127,26981568512.0,32916723712.0,39063072000.0,3.26,3074105000.0,7521474000.0,8760913000.0,656965384.0,0.10971639173649989,14479452000.0,10253194000.0,20566146000.0,-6809886000.0,-6971885000.0,-161999000.0,0.91,12.598159509202455,1.8634385135570048,2.6315281376710518,0.6907180395848027,0.34256929004496345,7.711344,78762368070.0,0.19945369100952795,0.69574,0.932,revenueGrowth,3.691408820643733e-05,,0.0,0.108219996,0.13382,0.0571,0.6050583267930305,3.872,USD,USD,USD,1.0,1.0,41.07,19.48,18.010000228881836,118.80699920654297,26981568512.0,39063072000.0,yfinance,SMCI,fresh,2026-10-01
SMH,VanEck Semiconductor ETF,609.0,61.76522428907421,2.37664415678231,SPY,315.05,0.9330265037295666,135.61151123046875,668.9099731445312,3.4907692162283923,0.08956358187170654,,,,14.641087,,,,,,,,,,,,,41.59527226359627,,,,,,,,,,,,0.2,,,,,,,USD,USD,USD,1.0,1.0,609.0,315.05,135.61151123046875,668.9099731445312,,,yfinance,SMH,fresh,2026-10-01
SMMT,Summit Therapeutics Inc.,16.91,52.409206136558765,1.6892531685730907,SPY,12.07,0.4009942004971002,1.6699999570846558,36.70000076293945,9.125748763203589,0.5392370667992975,13489946624.0,12811674624.0,0.0,-1.11,-1079390000.0,225266000.0,20890000.0,797749602.0,0.04057954610902744,658860000.0,656859000.0,647313000.0,-322930000.0,-323587000.0,-657000.0,,,20.474678420301732,20.537050758229697,,322.26287782127457,-14.648113,41860070.0,-0.0,0.17507,,,,,0.0,0.0,0.0,0.0,0.0317062805451841,6.958,USD,USD,USD,1.0,1.0,16.91,12.07,1.6699999570846558,36.70000076293945,13489946624.0,0.0,yfinance,SMMT,fresh,2026-10-01
SMR,NuScale Power Corporation,7.9,38.84565042053412,4.018212625870317,SPY,7.21,0.09570041608876566,1.9199999570846558,53.43000030517578,3.11458342530144,0.8521429916736362,3242077440.0,2128969216.0,31479000.0,-2.2,-688390000.0,836417000.0,1495000.0,410389522.0,0.7558380455471295,1168841000.0,1143159000.0,976516000.0,-459610000.0,-460118000.0,-508000.0,,,2.7737540349799503,2.8360686833590076,102.991754503002,25.012364623424393,-11.967884,129618990.0,,0.59468,-0.991,revenueGrowth,-0.0,,0.0,0.23545,-8.5337335,0.0,0.0012790447973676487,0.3788,USD,USD,USD,1.0,1.0,7.9,7.21,1.9199999570846558,53.43000030517578,3242077440.0,31479000.0,yfinance,SMR,fresh,2026-10-01
SMTC,Semtech Corporation,178.35,60.62830820587372,2.9926492549850328,SPY,60.28,1.9586927670869274,13.430000305175781,185.0,12.279969914167893,0.035945945945945974,16644625408.0,16965567488.0,1049975000.0,1.51,39494000.0,195179000.0,497297000.0,93325626.0,0.2345334189872357,549718000.0,51778000.0,379184000.0,181168000.0,165363000.0,-15805000.0,1.21,118.11258278145695,30.278479889688896,321.4613428096875,15.852401636229434,8.663852468152365,30.56084,1921157530.0,,0.010157399000000001,0.327,revenueGrowth,-0.0,,0.0,0.52901,0.16222,0.13116999,0.904640197337544,1.698,USD,USD,USD,1.0,1.0,178.35,60.28,13.430000305175781,185.0,16644625408.0,1049975000.0,yfinance,SMTC,fresh,2026-10-01
SNAP,Snap Inc.,5.4,47.19412372524554,2.16592572562847,SPY,3.81,0.4173228346456694,3.930000066757202,17.450000762939453,0.3740457781863991,0.6905444261372989,9132468224.0,10698457088.0,5931447000.0,-0.18,-165505000.0,1030435000.0,4143131000.0,1437047479.0,0.02136700364705478,2281495000.0,494113000.0,3298006000.0,656170000.0,437189000.0,-218981000.0,508.87,,4.002843847564864,18.48254999160111,1.5396695315662434,1.2141116195982038,6.9636087,7521934620.0,,0.44595,0.189,revenueGrowth,0.08221939366038357,,0.0,0.57333,-0.026400002,-0.04901,1.8159719832828913,2.936,USD,USD,USD,1.0,1.0,5.4,3.81,3.930000066757202,17.450000762939453,9132468224.0,5931447000.0,yfinance,SNAP,fresh,2026-10-01
SNGX,"Soligenix, Inc.",0.362,44.9290378762323,2.0782556494585775,SPY,0.28,0.2928571428571427,0.2800000011920929,15.680000305175781,0.29285713735283636,0.9769132657554536,7879103.0,-1457501.0,0.0,-0.72,-11842252.0,7936153.0,358144.0,21765479.0,2.1250050439258183,5292125.0,5292125.0,5149732.0,-10266553.0,-10272436.0,-5883.0,,,1.4888353922101236,1.4888353922101236,,,-1.448,0.0,0.04372272534854809,0.06723,,,,,0.0,0.0,0.0,0.0,0.06767489430049366,2.77,USD,USD,USD,1.0,1.0,0.362,0.28,0.2800000011920929,15.680000305175781,7879103.0,0.0,yfinance,SNGX,fresh,2026-10-01
SNOW,Snowflake Inc.,339.56,51.38345359064862,1.323219809194544,SPY,118.3,1.8703296703296703,108.55999755859375,356.4700012207031,2.127855634085909,0.04743737527083954,119796768768.0,120086511616.0,4683946000.0,-3.17,-1083169000.0,2828163000.0,2741114000.0,352800000.0,0.014385029470374835,1924102000.0,365193000.0,1320921000.0,1221942000.0,1117213000.0,-104729000.0,8.3,,62.26113208551314,328.03687027955084,25.576035412876237,14.765117832392658,112.684845,8113499000.0,,0.81003,0.351,revenueGrowth,0.007291824387114341,,0.0,0.6703,-0.17001,-0.20071,1.42461990060818,0.939,USD,USD,USD,1.0,1.0,339.56,118.3,108.55999755859375,356.4700012207031,119796768768.0,4683946000.0,yfinance,SNOW,fresh,2026-10-01
SNPS,"Synopsys, Inc.",434.94,54.29037694910411,1.6586222956180996,SPY,362.55,0.19966901117087293,367.70001220703125,645.3499755859375,0.18286642795951197,0.3260401077646255,83350437888.0,90583400448.0,7054178000.0,5.73,2500301000.0,2888030000.0,14293418000.0,191636646.0,0.062278766736777305,28327602000.0,-11251204000.0,2289608000.0,1518608000.0,1349154000.0,-169454000.0,2.22,75.90575916230365,2.942375351362251,-7.408134977198885,11.815754845993396,7.714180270688617,24.582367,10804834080.0,0.04019044720495111,0.93038005,0.424,revenueGrowth,-0.0,,0.0,0.82921,0.14521,0.11432999,0.5045756432189353,1.337,USD,USD,USD,1.0,1.0,434.94,362.55,367.70001220703125,645.3499755859375,83350437888.0,7054178000.0,yfinance,SNPS,fresh,2026-10-01
SNTI,"Senti Biosciences Holdings, Inc.",0.3122,37.5377258997369,2.1293012395033175,SPY,0.29,0.07655172413793103,0.29899999499320984,10.0,0.04414717467500261,0.96878,9723591.0,23342392.0,22000.0,-1.69,-60090000.0,16420000.0,28891000.0,31145390.0,3.8920050409643627,5589000.0,5589000.0,9300000.0,-43444000.0,-43640000.0,-196000.0,,,1.7397729468599035,1.7397729468599035,441.9814090909091,194.47182,-0.32863158,50000.0,,0.19028999,,,,,0.0,0.0,-7.9370590000000005,0.0,5.169261048488101,0.825,USD,USD,USD,1.0,1.0,0.3122,0.29,0.29899999499320984,10.0,9723591.0,22000.0,yfinance,SNTI,fresh,2026-10-01
SNY,Sanofi,41.23,30.045704348155923,0.3180945262215056,SPY,40.4,0.020544554455445504,37.53820037841797,53.90803146362305,0.09834780528542794,0.23517889856872518,98792742912.0,116378771456.0,52953977309.70383,1.84,14145318153.262138,8679437543.034554,23043526944.27967,2396137370.0,-0.02061690906185073,80906821741.10413,4324416119.456291,2955112142.443657,12185445159.67369,8175016789.9131775,-4010428369.7605133,27.68,22.407608695652172,1.2210681471103821,22.84533684617317,1.865634045469446,1.7209275891221105,7.6338844,57406682033.842415,0.16890688259109313,0.08019,0.146,revenueGrowth,0.05771329590498122,0.0594,1.2819,0.73452,0.21033001,0.08091,0.2848156242994844,0.987,USD,USD,EUR,1.0,1.133529782295227,41.23,40.4,37.53820037841797,53.90803146362305,98792742912.0,46716000000.0,yfinance,SNY,fresh,2026-10-01
SO,The Southern Company,82.89,30.44467469389798,-0.23321271136199223,SPY,81.69,0.014689680499449171,56.55200958251953,97.49111938476562,0.46573040661001824,0.14976871203150077,95353585664.0,172228591616.0,29553000000.0,4.15,14267000000.0,1639000000.0,74075000000.0,1150362966.0,0.003980426175136527,36016000000.0,30555000000.0,-5971000000.0,9802000000.0,-2935000000.0,-12737000000.0,1.97,19.97349397590361,2.64753403109729,3.1207195439044346,3.226528124522045,2.9120603685313706,16.836576,32744371200.0,0.16563312662532506,0.74214995,0.001,revenueGrowth,-0.0,0.0364,0.71809995,0.48289,0.29612,0.15435,2.0567247889826743,0.787,USD,USD,USD,1.0,1.0,82.89,81.69,56.55200958251953,97.49111938476562,95353585664.0,29553000000.0,yfinance,SO,fresh,2026-10-01
SOFI,"SoFi Technologies, Inc.",15.72,36.53594106304205,2.700714065626908,SPY,14.88,0.05645161290322579,6.320000171661377,32.209999084472656,1.4873417045916928,0.511952795814326,20303484928.0,20352362496.0,3613354000.0,0.49,,4929452000.0,1934625000.0,1291570324.0,0.13653383451819973,10489495000.0,8485893000.0,,-3742458000.0,-3993575000.0,-251117000.0,0.56,32.08163265306123,1.9356017547079245,2.3926161840598272,5.619013506011313,3.324455563241662,19.077902,6107311270.0,0.08469412787126539,0.51445,0.426,revenueGrowth,-0.0,,0.0,0.83734,0.16956,0.14906,0.18443452234831134,1.105,USD,USD,USD,1.0,1.0,15.72,14.88,6.320000171661377,32.209999084472656,20303484928.0,3613354000.0,yfinance,SOFI,fresh,2026-10-01
SONY,Sony Group Corporation,23.53,47.13080817119341,0.7538668331240957,SPY,19.32,0.21790890269151142,14.980045318603516,30.260000228881836,0.5707562627182717,0.22240582214068677,137540681728.0,244437024768.0,79074019743.48352,1.18,16718860413.316637,13996014434.491283,10579443882.993422,5845333109.0,-0.010184913278279866,51444101351.76871,20446528275.579216,5812668676.611967,12327920006.479137,9427937761.00874,-2899982245.470397,1.54,19.940677966101696,2.6735947973415457,6.726847701195068,1.7393915495150316,1.6959386561735852,19.77311,81100033440.07877,0.25809526889552253,0.088190004,0.082,revenueGrowth,0.024051702637601112,0.68,0.131,0.32248002,0.16721001,-0.01746,0.20564930876433102,1.245,USD,USD,JPY,1.0,0.0063362522050738335,23.53,19.32,14.980045318603516,30.260000228881836,137540681728.0,12479620000000.0,yfinance,SONY,fresh,2026-10-01
SOUN,"SoundHound AI, Inc.",6.02,36.01533329334663,3.040661419204094,SPY,5.65,0.06548672566371667,1.5399999618530273,24.229999542236328,2.9090910059220696,0.7515476634860729,2673555200.0,2476203264.0,168920000.0,-0.62,28432000.0,248490000.0,4213000.0,411576753.0,0.20975367279455837,463786000.0,160114000.0,257390000.0,-98222000.0,-103124000.0,-4902000.0,,,5.764631101413152,16.697822801254105,15.82734548898887,6.851176604746395,-38.22222,390233000.0,,0.38619,0.45,revenueGrowth,,,0.0,0.42294997,-0.75925004,-0.6745,0.009083930950912705,3.909,USD,USD,USD,1.0,1.0,6.02,5.65,1.5399999618530273,24.229999542236328,2673555200.0,168920000.0,yfinance,SOUN,fresh,2026-10-01
SOXL,Direxion Daily Semiconductor Bull 3X Shares,147.86,58.339959661230026,7.729364675969214,SPY,28.12,4.258179231863442,8.216228485107422,300.5729064941406,16.996091548331233,0.5080727610328298,,,,3.0045462,,,,,,,,,,,,,49.21209066447373,,,,,,,,,,,,0.01,,,,,,,USD,USD,USD,1.0,1.0,147.86,28.12,8.216228485107422,300.5729064941406,,,yfinance,SOXL,fresh,2026-10-01
SOXS,Direxion Daily Semiconductor Bear 3X Shares,33.08,37.49204281145041,-7.836354251598315,SPY,31.7,0.04353312302839114,32.000160217285156,24526.740234375,0.03374482425658474,0.998651267975936,,,,,,,,,,,,,,,,,,,,,,,,,,,,,0.46240000000000003,,,,,,,USD,USD,USD,1.0,1.0,33.08,31.7,32.000160217285156,24526.740234375,,,yfinance,SOXS,fresh,2026-10-01
SPGI,S&P Global Inc.,394.47,34.27837876072117,0.33203575237624,SPY,361.03122,0.09262018946727102,316.2696533203125,528.1023559570312,0.24725845764433033,0.2530425294446218,116289757184.0,133042757632.0,15336000000.0,16.44,7693000000.0,1745000000.0,13582000000.0,294800000.0,-0.021801859570375122,31127000000.0,-21619000000.0,-1341000000.0,5651000000.0,5456000000.0,-195000000.0,1.88,23.994525547445257,3.735977035499727,-5.379053479994449,7.582795851851852,7.441207904539391,19.509626,15627806490.0,0.22595150152561427,0.90826,0.104,revenueGrowth,0.04300464736620909,0.99,0.2349,0.70903,0.4479,0.30536,0.4363414399074758,0.954,USD,USD,USD,1.0,1.0,394.47,361.03122,316.2696533203125,528.1023559570312,116289757184.0,15336000000.0,yfinance,SPGI,fresh,2026-10-01
SPWR,SunPower Inc.,0.3071,45.487567426461105,2.5176680689913455,SPY,0.203,0.5128078817733989,0.21799999475479126,3.0799999237060547,0.4087156302248051,0.9002922053223698,64121540.0,201017056.0,300000000.0,-0.23,-8455000.0,9617000.0,186738000.0,208796937.0,0.46892396434588335,-90144000.0,-203588000.0,-41787000.0,-15327000.0,-16484000.0,-1157000.0,,,-0.7113234380546681,-0.3149573648741576,0.21373846666666665,0.18859276470588235,7.6775002,340000000.0,,0.28275,-0.17,revenueGrowth,,,0.0,0.52168,-0.42758,-0.03774,-2.071552183173589,0.818,USD,USD,USD,1.0,1.0,0.3071,0.203,0.21799999475479126,3.0799999237060547,64121540.0,300000000.0,yfinance,SPWR,fresh,2026-10-01
SPXS,Direxion Daily S&P 500 Bear 3X Shares,24.77,50.554628254294414,-2.9938678849547937,SPY,23.4,0.058547008547008596,23.227354049682617,157.74046325683594,0.06641505300249476,0.8429699045598146,,,,,,,,,,,,,,,,,,,,,,,,,,,,,0.0479,,,,,,,USD,USD,USD,1.0,1.0,24.77,23.4,23.227354049682617,157.74046325683594,,,yfinance,SPXS,fresh,2026-10-01
SPY,State Street SPDR S&P 500 ETF Trust,762.63,50.244973950145905,1.0000000000000002,SPY,629.28,0.21190884820747524,396.0606689453125,775.9531860351562,0.925538332374283,0.017170089993744312,,,,30.95047,,,,917782016.0,,393930396907.52,,,,,,,24.640336641091395,1.7767812,,,,,,,,,,,0.98,,,,,,,USD,USD,USD,1.0,1.0,762.63,629.28,396.0606689453125,775.9531860351562,,,yfinance,SPY,fresh,2026-10-01
SPYI,Neos S&P 500(R) High Income ETF,53.17,52.93539096080748,0.8253494481653083,SPY,47.77,0.11304165794431648,31.673532485961914,53.720001220703125,0.6786886661146994,0.010238295014988916,,,,2.1626358,,,,,,,,,,,,,24.58573930941123,,,,,,,,,,,,0.014499999999999999,,,,,,,USD,USD,USD,1.0,1.0,53.17,47.77,31.673532485961914,53.720001220703125,,,yfinance,SPYI,fresh,2026-10-01
SQM,Sociedad Química y Minera de Chile S.A.,64.87,37.662667512735965,1.0652573419734463,SPY,40.58,0.5985707244948252,29.134843826293945,92.85328674316406,1.2265435979943502,0.30137098776661464,18529327104.0,21859592192.0,4576224000.0,4.86,1146205000.0,1750321000.0,4728213000.0,142818904.0,0.0,5691262000.0,3270325000.0,4011658000.0,,,-876676000.0,0.3,13.347736625514404,3.2557501489124907,5.665897763677922,4.049042858041914,2.32398845055448,9.237333,7973071940.0,0.3331678334925879,0.33838,1.367,revenueGrowth,,0.036699999999999997,0.21190001,0.42168,0.48824,0.20622,0.8307846308955729,2.605,USD,USD,USD,1.0,1.0,64.87,40.58,29.134843826293945,92.85328674316406,18529327104.0,4576224000.0,yfinance,SQM,fresh,2026-10-01
SQQQ,ProShares UltraPro Short QQQ,34.41,40.35353353150176,-4.266826996325236,SPY,33.35,0.03178410794602684,33.297000885009766,470.3181457519531,0.033426407346233415,0.9268367586689971,,,,,,,,,,,,,,,,,,,,,,,,,,,,,0.1038,,,,,,,USD,USD,USD,1.0,1.0,34.41,33.35,33.297000885009766,470.3181457519531,,,yfinance,SQQQ,fresh,2026-10-01
SRFM,Surf Air Mobility Inc.,1.2,79.11349866899755,3.433323735277156,SPY,0.456,1.631578947368421,0.4690000116825104,12.8100004196167,1.5586353307222094,0.9063231880802776,148373088.0,216163088.0,106557000.0,-1.24,-88437000.0,12672000.0,100119000.0,123644243.0,1.7188896094998576,-54857000.0,-76569000.0,-102689000.0,-64160000.0,-72552000.0,-8392000.0,,,-2.70472479355415,-1.9377696979195236,1.3924292913651848,0.906668817645851,-0.20168069,163646400.0,0.003425398427922406,0.15764,0.076,revenueGrowth,0.0025611113519454416,,0.0,0.01569,-0.63703,-1.01576,-1.8250906903403394,0.262,USD,USD,USD,1.0,1.0,1.2,0.456,0.4690000116825104,12.8100004196167,148373088.0,106557000.0,yfinance,SRFM,fresh,2026-10-01
SRPT,"Sarepta Therapeutics, Inc.",18.22,43.530375006241826,2.0290825220630966,SPY,14.68,0.24114441416893728,11.930000305175781,163.85000610351562,0.5272422073698797,0.8888007365194168,1924524288.0,2198446336.0,2198237000.0,-1.57,-619564000.0,801282000.0,1039745000.0,105627021.0,-0.09623174971031286,1140622000.0,1111673000.0,1442648000.0,-205479000.0,-315327000.0,-109848000.0,-0.09,,1.6872586080226404,1.731196393183967,0.8754853493959023,1.3939274290774764,6.921887,1380648840.0,,0.0104004,-0.343,revenueGrowth,0.012996978087501278,,0.0,0.19108,0.13032,-0.06925,0.9115596578007438,4.422,USD,USD,USD,1.0,1.0,18.22,14.68,11.930000305175781,163.85000610351562,1924524288.0,2198237000.0,yfinance,SRPT,fresh,2026-10-01
SRRK,Scholar Rock Holding Corporation,48.32,38.659268687035315,0.9646666971853967,SPY,27.07,0.7850018470631696,6.519999980926514,60.040000915527344,6.411042966465403,0.19520321014013103,5884664832.0,5596409856.0,0.0,-3.31,-369388000.0,323527000.0,108915000.0,121785282.0,0.14887154004590353,245488000.0,245488000.0,329728000.0,-300035000.0,-300637000.0,-602000.0,,,23.971293228182233,23.971293228182233,,41.613425899309576,-18.966276,141412650.0,,0.011755100000000001,,,,,0.0,0.0,0.0,0.0,0.44366730756696865,7.021,USD,USD,USD,1.0,1.0,48.32,27.07,6.519999980926514,60.040000915527344,5884664832.0,0.0,yfinance,SRRK,fresh,2026-10-01
SSYS,Stratasys Ltd.,8.31,62.311857468410984,2.3434235834936152,SPY,7.34,0.1321525885558584,6.159999847412109,14.819999694824219,0.34902600744237555,0.43927124351411356,727848000.0,539856128.0,551102000.0,-1.37,-29315000.0,94527000.0,26500000.0,87587000.0,0.151627198058088,842900000.0,645459000.0,418943000.0,15144000.0,-11912000.0,-27056000.0,2.06,,0.8635045675643611,1.1276440486537487,1.3207137698647438,1.240552024584422,44.320004,586713000.0,,0.6363,-0.003,revenueGrowth,-0.0,,0.0,0.42375,-0.087919995,-0.21045,0.03143907936884565,3.484,USD,USD,USD,1.0,1.0,8.31,7.34,6.159999847412109,14.819999694824219,727848000.0,551102000.0,yfinance,SSYS,fresh,2026-10-01
STCE,Schwab Crypto Thematic Natural Language Processing ETF,66.02,48.33155592419048,3.187244669715066,SPY,48.35,0.3654601861427093,17.99150276184082,106.42413330078125,2.669510038929349,0.3796519835081866,,,,5.309034,,,,,,,,,,,,,12.435407269947792,,,,,,,,,,,,0.0174,,,,,,,USD,USD,USD,1.0,1.0,66.02,48.35,17.99150276184082,106.42413330078125,,,yfinance,STCE,fresh,2026-10-01
STEM,"Stem, Inc.",4.25,45.437722763162746,3.883155454392123,SPY,3.7,0.1486486486486486,3.819999933242798,82.80000305175781,0.1125654644690465,0.9486714994763545,40913664.0,368522656.0,156266000.0,-8.74,207177000.0,48915000.0,325247000.0,9626744.0,0.05175240676961599,-249442000.0,-372470000.0,-10474000.0,6861000.0,259000.0,-6602000.0,,,-0.16402075031470242,-0.10984418610894837,0.26182063916654935,0.23667260368033144,-0.7347475,172870300.0,0.003875716754521067,0.25432,-0.123,revenueGrowth,,,0.0,0.41939,-0.24115999,-0.49366,-1.3038983010078495,0.831,USD,USD,USD,1.0,1.0,4.25,3.7,3.819999933242798,82.80000305175781,40913664.0,156266000.0,yfinance,STEM,fresh,2026-10-01
STGW,Stagwell Inc.,8.14,41.56662360323153,0.850847037633922,SPY,4.29,0.8974358974358976,4.019999980926514,9.350000381469727,1.0248756314978702,0.12941180022492427,1990030336.0,3623581184.0,2909000000.0,0.06,403968000.0,104537000.0,1605796000.0,244475451.0,0.9894309676255749,758393000.0,-1671093000.0,-317719000.0,291028000.0,179798000.0,-111230000.0,0.38,135.66666666666669,2.6240093671750664,-1.1908555274900918,0.6840943059470609,0.5992429159960029,6.5777783,3320907570.0,0.556377751286599,0.45848,0.112,revenueGrowth,0.06746681071700004,,0.0,0.35833,0.02592,0.00532,2.117366589617784,0.807,USD,USD,USD,1.0,1.0,8.14,4.29,4.019999980926514,9.350000381469727,1990030336.0,2909000000.0,yfinance,STGW,fresh,2026-10-01
STLA,Stellantis N.V.,4.36,31.58260369752979,1.3729300103930189,SPY,4.36,0.0,4.429999828338623,25.285106658935547,-0.015801316264356307,0.8275664778159355,16425532416.0,33253103616.0,174005889820.5757,-7.7,-20571298489.09378,34171388817.071915,52082292907.1188,2900941252.0,-0.029953424602294495,60701653371.6917,9823169093.370438,2039220078.3491135,-5270913487.672806,-15633642757.415771,-10362729269.742966,0.78,,0.2705944814290688,1.672121518002315,0.09439641631060311,0.08787573941301473,3.5118809,186917715011.19586,0.1606089080999812,0.47839,0.131,revenueGrowth,-0.0,,0.0,0.06554,0.02238,-0.12104999,0.8580045190566002,1.037,USD,USD,EUR,1.0,1.133529782295227,4.36,4.36,4.429999828338623,25.285106658935547,16425532416.0,153508000000.0,yfinance,STLA,fresh,2026-10-01
STM,STMicroelectronics N.V.,53.36,55.423058879132114,2.6689748594826033,SPY,21.11,1.5277119848413074,17.508569717407227,79.68085479736328,2.0476504284041463,0.33032846929541554,47593283584.0,46232211456.0,11800000000.0,-0.06,2309000000.0,2837000000.0,2354000000.0,891928108.0,-0.017246885978920472,17828000000.0,17189000000.0,7920000000.0,2152000000.0,-1484000000.0,-3636000000.0,0.2,,2.6695806363024457,2.7688221295014253,4.033329117288136,2.7703590574661914,20.998615,17179463960.0,0.55,0.19243,0.261,revenueGrowth,0.0077111720890671795,0.68,0.70589995,0.34476003,0.06883,0.03558,0.13203948844514246,2.778,USD,USD,USD,1.0,1.0,53.36,21.11,17.508569717407227,79.68085479736328,47593283584.0,11800000000.0,yfinance,STM,fresh,2026-10-01
STNE,StoneCo Ltd.,9.34,40.30630396941991,1.5644491564856544,SPY,9.04,0.03318584070796468,6.4850172996521,16.07623291015625,0.44024288115639426,0.4190181212105105,2153763328.0,10961468416.0,2575430349.748552,2.63,1098528943.8052177,926733783.8362753,3379281889.636368,216544468.0,-0.1297422346229822,2113247701.2832165,1731357777.580589,2929712207.550436,130036331.394732,-98405124.38321114,-228441455.77794313,,3.5513307984790874,1.0191722090563171,1.2439735772057947,0.8362731798242105,0.7146437715418813,4.079484,3013757922.1507006,0.14795194525234262,0.80824,0.016,revenueGrowth,0.26656107278990665,,0.0,0.71558,0.39575002,0.24714,1.5990940804451763,1.262,USD,USD,BRL,1.0,0.19220051169395447,9.34,9.04,6.4850172996521,16.07623291015625,2153763328.0,13399706000.0,yfinance,STNE,fresh,2026-10-01
STX,Seagate Technology Holdings plc,922.34,57.725847939387144,2.341938013566486,SPY,209.0,3.41311004784689,61.468162536621094,1092.3848876953125,14.005166283447865,0.1556638961328631,209733681152.0,211237306368.0,12195000000.0,13.88,4250000000.0,1704000000.0,3858000000.0,227393014.0,0.05534702978684732,2167000000.0,946000000.0,2094000000.0,3674000000.0,3105000000.0,-569000000.0,0.52,66.45100864553314,96.78527049007845,221.7057940295983,17.198333837802377,8.354148059097398,16.657337,25105334460.0,0.13712737127371274,0.84444,0.485,revenueGrowth,0.0008391594475111881,0.32,0.21149999,0.45576,0.4307,0.26108998,1.7803414859252422,1.67,USD,USD,USD,1.0,1.0,922.34,209.0,61.468162536621094,1092.3848876953125,209733681152.0,12195000000.0,yfinance,STX,fresh,2026-10-01
STZ,"Constellation Brands, Inc.",113.06,23.63683705509854,0.018175635978552138,SPY,111.54,0.013627398242782822,112.7699966430664,256.5883483886719,0.002571635768080221,0.5593720419886709,19311138816.0,30036678656.0,9139000000.0,10.5,3158100000.0,102400000.0,11202600000.0,170752511.0,-0.032555269016288656,8082400000.0,315500000.0,216500000.0,2669000000.0,1794000000.0,-875000000.0,1.43,10.767619047619048,2.3892827397802634,61.20804696038035,2.113047249808513,2.0886147921190554,9.217416,9245907330.0,0.2611657834973505,0.88405,-0.033,revenueGrowth,0.04785321097864765,0.0365,0.38950002,0.5272,0.35931,0.20143999,1.386048698406414,0.913,USD,USD,USD,1.0,1.0,113.06,111.54,112.7699966430664,256.5883483886719,19311138816.0,9139000000.0,yfinance,STZ,fresh,2026-10-01
SU,Suncor Energy Inc.,67.87,49.65494778131975,-0.2903737355617597,SPY,37.77,0.7969287794545936,27.162193298339844,71.87000274658203,1.4986936531428126,0.05565608172697972,80137183232.0,88690761728.0,36804863089.79988,5.29,10966903378.248215,2564823305.606842,10191834856.033325,1180745189.0,-0.0438871473354232,31708242970.466614,29280444471.59767,2824116401.4339447,8981097717.523575,4866137367.486954,-4114960350.036621,11.4,12.829867674858225,2.5273296696584735,2.736884110817849,2.17735311326859,2.012748229335447,11.662382,39814807467.72737,0.2554101660795169,0.72470003,0.459,revenueGrowth,0.027436965475695123,0.025099999999999997,0.3164,0.60398,0.29944,0.1578,0.32142540554915344,1.654,USD,USD,CAD,1.0,0.7026913166046143,67.87,37.77,27.162193298339844,71.87000274658203,80137183232.0,52377000000.0,yfinance,SU,fresh,2026-10-01
SVXY,ProShares Short VIX Short-Term Futures ETF,63.78,60.78149030492863,1.7865448265159025,SPY,43.29,0.4733194733194734,34.13999938964844,64.47000122070312,0.8681898400776974,0.010702671128250966,,,,,,,,,,,,,,,,,,,,,,,,,,,,,0.0,,,,,,,USD,USD,USD,1.0,1.0,63.78,43.29,34.13999938964844,64.47000122070312,,,yfinance,SVXY,fresh,2026-10-01
SWK,"Stanley Black & Decker, Inc.",88.59,40.189745194401716,1.5191133777610621,SPY,61.9,0.43117932148626825,52.284542083740234,103.10271453857422,0.6943822489276474,0.1407597714912202,13378564096.0,17997664256.0,15130400000.0,4.09,1446600000.0,280100000.0,5996800000.0,151016641.0,0.0038401290177597705,9054600000.0,-1320500000.0,733300000.0,971200000.0,687900000.0,-283300000.0,1.39,21.660146699266505,1.4775433587347868,-10.131438164331692,0.8842174758102892,0.8669761106899507,13.886167,15431294970.0,0.0382866714525006,0.010140199999999999,0.004,revenueGrowth,0.0015024033861757715,0.0378,0.8117,0.32213002,0.08443,0.040689997,0.6622931990369536,1.432,USD,USD,USD,1.0,1.0,88.59,61.9,52.284542083740234,103.10271453857422,13378564096.0,15130400000.0,yfinance,SWK,fresh,2026-10-01
SWKS,"Skyworks Solutions, Inc.",85.48,60.0918762440601,1.48641089430659,SPY,51.93,0.6460620065472753,46.737979888916016,111.8204574584961,0.8289194398894361,0.2355602727548558,12862413824.0,12744313856.0,4086900000.0,1.93,1016800000.0,1161300000.0,1203100000.0,150472782.0,-0.039628482972136225,5757100000.0,2771400000.0,1753800000.0,1300800000.0,1075900000.0,-224900000.0,12.47,44.29015544041451,2.2341828045370065,4.641124999639172,3.1472298867111994,3.18527848992841,17.22467,4038081400.0,0.09417125498386178,0.0123622,-0.031,revenueGrowth,0.06799656829327652,0.041299999999999996,1.4714999,0.40734002,0.08825,0.072270006,0.20897674176234562,3.101,USD,USD,USD,1.0,1.0,85.48,51.93,46.737979888916016,111.8204574584961,12862413824.0,4086900000.0,yfinance,SWKS,fresh,2026-10-01
SYK,Stryker Corporation,275.39,39.06172139035234,0.148466060063729,SPY,267.0,0.03142322097378272,247.22735595703125,399.462890625,0.11391394748347944,0.31059929104021516,105632186368.0,117602181120.0,25116000000.0,9.65,6314000000.0,4011000000.0,15859000000.0,383573046.0,0.00233402489626556,22420000000.0,-2552000000.0,6961000000.0,5044000000.0,4283000000.0,-761000000.0,1.3,28.53782383419689,4.711515895093666,-41.39192255799373,4.205772669533365,3.569033033273055,16.471838,29596864300.0,0.2809038546743465,0.82812,0.094,revenueGrowth,-0.0,0.0126,0.36060002,0.65588,0.27015,0.14433,0.7073595004460304,2.157,USD,USD,USD,1.0,1.0,275.39,267.0,247.22735595703125,399.462890625,105632186368.0,25116000000.0,yfinance,SYK,fresh,2026-10-01
SYM,Symbotic Inc.,42.07,46.646034719628005,2.9446342699107984,SPY,37.68,0.11650743099787687,17.5,87.30000305175781,1.404,0.5180985277279104,25467697152.0,4169649920.0,2246922000.0,0.04,-48004000.0,1244993000.0,25827000.0,129873381.0,0.13556058302460314,221318000.0,82298000.0,160905000.0,866939000.0,787909000.0,-79030000.0,5.12,1051.75,115.07286868668612,309.4570603416851,11.334482083490215,7.025465577523751,54.523067,3625054720.0,0.020609807075991537,0.78970003,0.217,revenueGrowth,,,0.0,0.21268,0.045939997,0.0031,0.11669633739686786,1.331,USD,USD,USD,1.0,1.0,42.07,37.68,17.5,87.30000305175781,25467697152.0,2246922000.0,yfinance,SYM,fresh,2026-10-01
SYNA,Synaptics Incorporated,101.395,53.116504268800924,2.468808822908129,SPY,58.28,0.7397906657515442,42.91999816894531,147.57000732421875,1.3624185537212852,0.3129023855285846,4024612096.0,4401703936.0,1197200000.0,-12.62,93800000.0,442500000.0,837300000.0,39692413.0,-0.010178117048346057,929500000.0,-218600000.0,85700000.0,149400000.0,101400000.0,-48000000.0,0.51,,4.329867774072082,-18.41085130832571,3.3616873504844635,2.7430327450304817,15.415876,1467212560.0,,0.010656699999999998,0.089,revenueGrowth,0.02303327570180816,,0.0,0.44721,-0.02792,-0.40995997,0.90080688542227,1.122,USD,USD,USD,1.0,1.0,101.395,58.28,42.91999816894531,147.57000732421875,4024612096.0,1197200000.0,yfinance,SYNA,fresh,2026-10-01
T,AT&T Inc.,24.4,39.99167934103597,-0.3389919547346169,SPY,19.89,0.22674710910005016,12.458250045776367,28.41807746887207,0.9585415215094482,0.14139160093687897,167198212096.0,333379207168.0,125648000000.0,3.03,54697000000.0,18234000000.0,155043000000.0,6852385650.0,-0.003470294280955025,110533000000.0,-86294000000.0,-5048000000.0,40284000000.0,19442000000.0,-20842000000.0,1.49,8.052805280528053,1.5126542489211368,-1.9375415683129766,1.3306874132178785,1.2661327252748895,9.48302,132054253680.0,0.13407635057577666,0.68446,0.023,revenueGrowth,0.03932458318528454,0.0453,0.36630002,0.59721,0.24786,0.16943,1.402685170944424,0.971,USD,USD,USD,1.0,1.0,24.4,19.89,12.458250045776367,28.41807746887207,167198212096.0,125648000000.0,yfinance,T,fresh,2026-10-01
TAN,Invesco Solar ETF,43.97,35.658433942258156,1.93211175872347,SPY,42.84,0.026377217553688034,26.030000686645508,73.93000030517578,0.6892047191746127,0.4052482102191782,,,,2.2991586,,,,,,,,,,,,,19.124387504193923,,,,,,,,,,,,0.0,,,,,,,USD,USD,USD,1.0,1.0,43.97,42.84,26.030000686645508,73.93000030517578,,,yfinance,TAN,fresh,2026-10-01
TATT,TAT Technologies Ltd.,35.04,35.687727272141885,1.8905770119406156,SPY,31.52,0.11167512690355329,7.079999923706055,61.11000061035156,3.9491525957048554,0.42660776223156355,455454720.0,417498720.0,178015000.0,1.6,23588000.0,51259000.0,17634000.0,12998137.0,0.09517666419070123,176391000.0,174939000.0,132316000.0,14974000.0,4020000.0,-10954000.0,4.62,21.9,2.5820745956426348,2.6035059077735667,2.5585187765075976,1.9960026019417798,17.176472,228183430.0,0.12261829833495451,0.69958,0.228,revenueGrowth,,,0.0,0.24976999,0.10622,0.11259,0.09997108696021906,4.827,USD,USD,USD,1.0,1.0,35.04,31.52,7.079999923706055,61.11000061035156,455454720.0,178015000.0,yfinance,TATT,fresh,2026-10-01
TCEHY,Tencent Holdings Limited,54.28,43.11193221301989,0.9895234824974694,SPY,52.84,0.027252081756245224,33.09214782714844,86.3226318359375,0.6402682679747151,0.37119618754021394,488909373440.0,587673239552.0,112153657182.9021,3.79,53219898994.93754,21041472961.977123,51895119108.93023,9007173792.0,-0.017431972789115645,172184386823.77338,136718328544.42299,27257793715.37268,45211395722.32962,28371026543.006306,-16840369179.323315,1.32,14.321899736147758,2.839452417601528,3.576033869380885,4.359281593846541,3.6216416319119844,12.989368,134996618420.77084,0.17113857939974536,0.00169,0.11,revenueGrowth,0.022370591307461874,0.0124,0.17950001,0.56699,0.32852,0.29868,0.30139271083878033,1.287,USD,USD,CNY,1.0,0.14918692409992218,54.28,52.84,33.09214782714844,86.3226318359375,488909373440.0,751766000000.0,yfinance,TCEHY,fresh,2026-10-01
TD,The Toronto-Dominion Bank,117.53,44.49709329613104,0.7615031780466809,SPY,77.95,0.5077613855035279,48.97672653198242,124.80000305175781,1.3997112163723606,0.0582532281569156,192560807936.0,95315795968.0,43061626572.84737,6.59,,82164992959.26094,310891016514.06287,1638397000.0,-0.01818181818181818,89822922927.61803,65921580484.62868,,-48939639436.244965,-50446912310.36186,-1507272874.1168976,1.01,17.834597875569045,2.1437824740035594,2.9210587264499908,4.471749519499567,4.2898489342298,14.8986025,44887549862.0728,0.14422873577803155,0.57171,0.115,revenueGrowth,0.07986256200692296,0.027200000000000002,0.4636,0.0,0.3802,0.26617,3.4611545291683288,,USD,USD,CAD,1.0,0.7026913166046143,117.53,77.95,48.97672653198242,124.80000305175781,192560807936.0,61281000000.0,yfinance,TD,fresh,2026-10-01
TDY,Teledyne Technologies Incorporated,606.81,42.07981820333435,1.0586515258732487,SPY,483.02,0.2562833837108194,362.5,691.2999877929688,0.6739586206896551,0.12221899216678701,28129085440.0,29815986176.0,6115400000.0,20.65,1490400000.0,352400000.0,2642100000.0,46355673.0,-0.004201680672268907,10513900000.0,-273800000.0,1195500000.0,1191300000.0,1074000000.0,-117300000.0,1.4,29.38547215496368,2.6754187732430403,-102.73588546384222,4.5997130915393925,4.061638267106929,22.662872,6925551610.0,0.18163544997715853,0.0100625,0.098,revenueGrowth,0.01432325273636767,,0.0,0.43339002,0.20198,0.15292,0.2512959035181997,2.181,USD,USD,USD,1.0,1.0,606.81,483.02,362.5,691.2999877929688,28129085440.0,6115400000.0,yfinance,TDY,fresh,2026-10-01
TEAM,Atlassian Corporation,179.29,47.72534133509701,0.785642870955685,SPY,56.01,2.2010355293697557,57.150001525878906,322.94000244140625,2.1371827683821345,0.4448194753063145,45385256960.0,45376122880.0,6572308000.0,-0.21,212168000.0,1239512000.0,1232910000.0,159005198.0,0.003974792866983364,1058442000.0,-1676555000.0,-774006000.0,1353135000.0,1319075000.0,-34060000.0,1.83,,42.8793046383269,-27.070544634682427,6.905528006295505,5.297196442354616,26.648018,8567788160.0,3.4411791383219956,0.010467299000000001,0.276,revenueGrowth,0.03967114258242155,,0.0,0.85643,0.122609995,-0.00819,1.164834728780604,0.783,USD,USD,USD,1.0,1.0,179.29,56.01,57.150001525878906,322.94000244140625,45385256960.0,6572308000.0,yfinance,TEAM,fresh,2026-10-01
TEL,TE Connectivity plc,211.08,54.36664025508533,1.5860034429784222,SPY,190.27,0.10937089399274716,110.4837417602539,246.32162475585938,0.9105073437686124,0.14307158289812738,61110448128.0,65836453888.0,17262000000.0,10.2,4119000000.0,1255000000.0,5820000000.0,289513228.0,-0.032362459546925564,12585000000.0,3232000000.0,2846000000.0,4139000000.0,3203000000.0,-936000000.0,0.91,20.694117647058825,4.855816299404053,18.90793568316832,3.540171945776851,2.819375015854831,16.341484,21675175450.0,0.4247815230961298,0.99171996,0.138,revenueGrowth,0.02204205731201016,0.0147,0.285,0.36119,0.20775,0.15609,0.46245530393325385,1.876,USD,USD,USD,1.0,1.0,211.08,190.27,110.4837417602539,246.32162475585938,61110448128.0,17262000000.0,yfinance,TEL,fresh,2026-10-01
TELO,"Telomir Pharmaceuticals, Inc.",1.2,48.20208389431573,1.7510967595347429,SPY,0.888,0.35135135135135126,0.9190000295639038,11.899999618530273,0.3057670961876247,0.8991596606329801,82529952.0,77496560.0,0.0,-1.1,-10413205.0,7286670.0,101000.0,68774956.0,0.07156164149092771,5913370.0,5913370.0,5913370.0,-3688188.0,,,,,13.95650060794437,13.95650060794437,,,-4.2857146,0.0,,0.043109998,,,,,0.0,0.0,0.0,0.0,0.017079939188652155,0.16142,USD,USD,USD,1.0,1.0,1.2,0.888,0.9190000295639038,11.899999618530273,82529952.0,0.0,yfinance,TELO,fresh,2026-10-01
TEM,"Tempus AI, Inc.",81.9,67.5230603608563,2.4858829175232784,SPY,40.77,1.0088300220750552,24.959999084472656,103.25,2.2812501203555375,0.20677966101694908,14777606144.0,15405783040.0,1271789000.0,-1.44,-118507000.0,604787000.0,1327130000.0,175390967.0,0.4540296539812598,491326000.0,-334138000.0,794787000.0,-218090000.0,-245355000.0,-27265000.0,,,30.076987873631765,-44.226056731051244,11.61954234861286,7.511354386712549,-10086.207,1967369050.0,0.177548454472377,0.59276,0.216,revenueGrowth,0.00020571667497271202,,0.0,0.63979,-0.20106001,-0.17767,2.701119012631125,3.297,USD,USD,USD,1.0,1.0,81.9,40.77,24.959999084472656,103.25,14777606144.0,1271789000.0,yfinance,TEM,fresh,2026-10-01
TENB,"Tenable Holdings, Inc.",36.39,49.58507310132206,1.0392179700665356,SPY,15.73,1.3134138588684043,16.040000915527344,51.88999938964844,1.2687031124027597,0.29870879884304913,4007993856.0,4129144064.0,999405000.0,0.06,47441000.0,187762000.0,414682000.0,110139983.0,0.011238414331293302,326376000.0,-486806000.0,-39365000.0,266750000.0,250174000.0,-16576000.0,1.19,606.5,12.280295904110597,-8.233246623911784,4.0103800321191105,3.4678797365497562,16.68409,1155747650.0,,0.010929,0.086,revenueGrowth,0.06174360762293544,,0.0,0.78051,0.04849,0.0064600003,1.2705652376400225,0.786,USD,USD,USD,1.0,1.0,36.39,15.73,16.040000915527344,51.88999938964844,4007993856.0,999405000.0,yfinance,TENB,fresh,2026-10-01
TEO,Telecom Argentina S.A.,12.27,34.02818883465804,1.531509522255943,SPY,6.93,0.7705627705627706,4.5168046951293945,15.979999542236328,1.7165221496583873,0.23216518451271062,,5159004930048.0,5461884861.127707,1.21,1532169316.2344162,294181760.21787804,3820386877.615703,,7.679908579556937e-06,4501195306.412759,-165035366.13029426,-1314506802.7107046,1564602318.0491757,587070974.4548658,-977531343.5943099,1.41,10.140495867768594,0.90140045,,,,12.947819,4610029.474845927,0.2421663120123503,0.12854,0.004,revenueGrowth,,0.36,0.0339,0.76451,0.13954,0.08915,0.8487494137774644,0.577,USD,USD,ARS,1.0,0.0006557818269357085,12.27,6.93,4.5168046951293945,15.979999542236328,,8328814000000.0,yfinance,TEO,fresh,2026-10-01
TER,"Teradyne, Inc.",400.91,59.28939466872016,3.2653532455001155,SPY,131.75,2.0429601518026566,67.6574935913086,483.6542053222656,4.925581612906536,0.1710813312728915,62678573056.0,62460018688.0,3190024000.0,7.29,788087000.0,293751000.0,283239000.0,156340750.0,-0.022012809679513086,2795752000.0,2223462000.0,834093000.0,674415000.0,450406000.0,-224009000.0,0.74,54.99451303155007,22.41921781903402,28.189630880131975,19.648307679189873,10.005883867596188,34.405582,6264171550.0,0.12138964577656676,0.010072399000000001,1.039,revenueGrowth,0.011201515378671993,0.13,0.0687,0.59242,0.33161,0.25766,0.10131048819780868,2.125,USD,USD,USD,1.0,1.0,400.91,131.75,67.6574935913086,483.6542053222656,62678573056.0,3190024000.0,yfinance,TER,fresh,2026-10-01
TEVA,Teva Pharmaceutical Industries Limited,39.6,59.88674739805578,0.6928525339584903,SPY,18.83,1.103027084439724,8.119999885559082,40.220001220703125,3.8768473593732624,0.015415246193080169,46185185280.0,59388723200.0,17257000000.0,0.6,3141000000.0,3556000000.0,17094000000.0,1166292643.0,0.028293545534924844,7910000000.0,-11871000000.0,490000000.0,1649000000.0,1148000000.0,-501000000.0,0.71,66.0,5.838835054361567,-3.890589274703058,2.67631600394043,2.6679099402525512,13.000613,17311373440.0,,0.23002,-0.008,revenueGrowth,,,0.0,0.52457,0.04032,0.04077,2.161061946902655,0.879,USD,USD,USD,1.0,1.0,39.6,18.83,8.119999885559082,40.220001220703125,46185185280.0,17257000000.0,yfinance,TEVA,fresh,2026-10-01
TFC,Truist Financial Corporation,46.3,31.10480085199235,0.7225423611146772,SPY,40.78,0.13536047081902883,23.323467254638672,54.138484954833984,0.9851250885861172,0.1447858203156846,56561295360.0,84805296128.0,20319000000.0,4.35,,36377000000.0,64305000000.0,1221626188.0,-0.021326179280542895,65189000000.0,37920000000.0,,5739000000.0,5175000000.0,-564000000.0,1.05,10.64367816091954,0.8676509128840756,1.491595341772152,2.783665306363502,2.582264396382795,9.304457,21903758360.0,0.1641203339108521,0.78355,0.082,revenueGrowth,0.06187977092326621,0.044800000000000006,0.4782,0.0,0.39815,0.30692,0.9864394299651782,,USD,USD,USD,1.0,1.0,46.3,40.78,23.323467254638672,54.138484954833984,56561295360.0,20319000000.0,yfinance,TFC,fresh,2026-10-01
TGT,Target Corporation,156.69,48.68209192962848,0.45252948933687964,SPY,83.44,0.87787631831256,81.4371109008789,169.88999938964844,0.9240613802068085,0.07769733025528947,71183753216.0,84968759296.0,104780000000.0,9.64,8346000000.0,5488000000.0,20290000000.0,454296736.0,-0.013425725422260719,16165000000.0,15534000000.0,-1225000000.0,6562000000.0,2835000000.0,-3727000000.0,1.95,16.25414937759336,4.403572732199196,4.582448385219519,0.6793639360183241,0.6253788769664658,16.411196,113825004070.0,0.22278162366268092,0.89103997,0.053,revenueGrowth,0.0057316449550217545,0.0297,0.473,0.2838,0.06044,0.04078,1.2551809464893289,0.988,USD,USD,USD,1.0,1.0,156.69,83.44,81.4371109008789,169.88999938964844,71183753216.0,104780000000.0,yfinance,TGT,fresh,2026-10-01
THC,Tenet Healthcare Corporation,255.56,48.12874643238468,0.4918709427617529,SPY,157.58,0.6217794136311714,52.65999984741211,280.7699890136719,3.8530193836025823,0.08978875948328043,20577435648.0,35697434624.0,21310000000.0,25.86,4484000000.0,2883000000.0,13171000000.0,80519000.0,-0.07200580296482463,4220000000.0,-8326000000.0,3386000000.0,3540000000.0,2530000000.0,-1010000000.0,1.79,9.882443928847641,4.876169584834123,-2.4714671688686045,0.9656234466447677,0.9137028450190886,12.1158495,22520927630.0,0.15464285714285714,0.010193801,0.068,revenueGrowth,0.06735533152473791,,0.0,0.41661,0.18159,0.102740005,3.121090047393365,1.406,USD,USD,USD,1.0,1.0,255.56,157.58,52.65999984741211,280.7699890136719,20577435648.0,21310000000.0,yfinance,THC,fresh,2026-10-01
THD,iShares MSCI Thailand ETF,70.51,45.58387775044679,0.8966186107925289,SPY,57.52,0.2258344923504868,42.753719329833984,75.05999755859375,0.6492132405144317,0.060618141574570406,,,,4.9884644,,,,5100000.0,,,,,,,,,14.134610241981482,,,,,,,,,,,,0.0347,,,,,,,USD,USD,USD,1.0,1.0,70.51,57.52,42.753719329833984,75.05999755859375,,,yfinance,THD,fresh,2026-10-01
TIP,iShares TIPS Bond ETF,104.04,25.82305347008119,0.07722491063409928,SPY,103.8088,0.002227171492204911,92.39732360839844,108.2607650756836,0.12600664106837084,0.038987024271747106,,,,,,,,,,,,,,,,,,,,,,,,,,,,,0.049800000000000004,,,,,,,USD,USD,USD,1.0,1.0,104.04,103.8088,92.39732360839844,108.2607650756836,,,yfinance,TIP,fresh,2026-10-01
TLT,iShares 20+ Year Treasury Bond ETF,77.78,27.072484397119766,0.19538097092399645,SPY,77.55,0.0029658284977434426,73.12677001953125,92.81707000732422,0.06363237401605365,0.16200759198860337,,,,-12.586,,,,109700000.0,,16330490500.000002,,,,,,,,0.5224868,,,,-3889.0,,,,,,,0.0473,,,,,,,USD,USD,USD,1.0,1.0,77.78,77.55,73.12677001953125,92.81707000732422,,,yfinance,TLT,fresh,2026-10-01
ELWS.TA,Electreon Wireless Ltd,,43.685843048144044,,SPY,,0.0792698174543636,,,0.0691107257864751,0.8235486508585446,,,5206560.297012329,,-32023541.235625744,7348788.575530052,1381199.2371082306,15108021.0,0.07593542133085782,34181094.43485737,34181094.43485737,15828686.724603176,-29292118.664979935,-29646222.152113914,-354103.4871339798,,,5.493191,,25.119894,,,0.0,-0.0,0.06832,1.272,revenueGrowth,,,0.0,0.37083,-2.27538,0.0,0.04040828007249833,4.452,USD,ILA,ILS,,0.3260621428489685,4316.0,3999.0,4037.0,24460.0,652062208.0,15968000.0,yfinance,ELWS.TA,fresh,2026-10-01
TM,Toyota Motor Corporation,183.1,41.799557510823654,0.8929836559525578,SPY,166.1,0.10234798314268513,158.6300048828125,248.2899932861328,0.1542583014812654,0.26255586229368083,216823988224.0,34991895478272.0,321152638874.0614,22.31,48192317711.3682,80214557812.90121,273760748222.49915,1184183366.0,-0.0021231330661269786,252935926681.52042,244111079741.64282,58414301926.21239,34677801418.19269,1137813480.9695206,-33539987937.223167,1.56,8.20708202599731,0.8572289080032901,0.8882185456451941,0.675143100128866,0.6189746548397309,11.603296,350295422484.04584,0.2265156037380972,0.02227,0.104,revenueGrowth,,0.0336,0.2638,0.16767,0.07863,0.0863,1.0823323986204614,1.169,USD,USD,JPY,1.0,0.0063362522050738335,183.1,166.1,158.6300048828125,248.2899932861328,216823988224.0,50684952000000.0,yfinance,TM,fresh,2026-10-01
TMC,TMC the metals company Inc.,3.84,40.89016673799726,3.3641853253685685,SPY,3.4,0.12941176470588234,0.7250000238418579,10.6899995803833,4.296551549959132,0.6407857670035275,2172813824.0,1595305216.0,0.0,-0.75,-316233000.0,117633000.0,11775000.0,441135482.0,0.19460166297449896,-33443000.0,-35568000.0,61283000.0,-42851000.0,-43096000.0,-245000.0,,,-64.97066124450558,-61.089007647323434,,99.34984172621081,-16.0,21870330.0,,0.13788,,,,,0.0,0.0,0.0,0.0,-0.35209161857488863,1.927,USD,USD,USD,1.0,1.0,3.84,3.4,0.7250000238418579,10.6899995803833,2172813824.0,0.0,yfinance,TMC,fresh,2026-10-01
TMF,Direxion Daily 20+ Year Treasury Bull 3X Shares,25.68,26.119049789040645,0.570793109087408,SPY,25.39,0.011421819614021235,26.06999969482422,61.252891540527344,-0.014959712289588067,0.5807544859656284,,,,,,,,,,,,,,,,,,,,,,,,,,,,,0.047,,,,,,,USD,USD,USD,1.0,1.0,25.68,25.39,26.06999969482422,61.252891540527344,,,yfinance,TMF,fresh,2026-10-01
TMO,Thermo Fisher Scientific Inc.,675.05,73.83058822718425,0.5425410209484328,SPY,435.27,0.5508764674799549,388.54461669921875,679.6099853515625,0.7373809106781978,0.006709709171214816,249597902848.0,288210911232.0,44557000000.0,18.55,11507000000.0,9852000000.0,39385000000.0,369747286.0,-0.013054830287206266,53407000000.0,-11793000000.0,13518000000.0,7818000000.0,6293000000.0,-1525000000.0,2.02,36.39083557951482,4.673505399067538,-21.16492010921733,5.601766340821869,4.9599970827023325,24.504278,50322187430.0,0.07484948002189382,0.94073,0.105,revenueGrowth,0.012019331756272561,0.28,0.09689999,0.40987998,0.18751,0.15036,0.7374501469844776,1.551,USD,USD,USD,1.0,1.0,675.05,435.27,388.54461669921875,679.6099853515625,249597902848.0,44557000000.0,yfinance,TMO,fresh,2026-10-01
TMUS,"T-Mobile US, Inc.",163.08,35.1647994560977,-0.3438640997248219,SPY,161.14,0.012039220553556077,129.71852111816406,265.2681884765625,0.25718362030543107,0.38522594459377185,174931296256.0,292522557440.0,88309000000.0,9.57,31563000000.0,5598000000.0,122269000000.0,1072671613.0,-0.035916423315333075,59203000000.0,-56350000000.0,-39000000.0,27950000000.0,15427000000.0,-12523000000.0,0.58,17.04075235109718,2.9547708098576084,-3.1043708297426797,1.980899979118776,1.7744103803701563,11.295881,98585591130.0,0.2303060009803235,0.43490002,0.079,revenueGrowth,0.057016670049730454,0.0287,0.4121,0.63054,0.2522,0.11455,2.065250071786903,0.924,USD,USD,USD,1.0,1.0,163.08,161.14,129.71852111816406,265.2681884765625,174931296256.0,88309000000.0,yfinance,TMUS,fresh,2026-10-01
TOST,"Toast, Inc.",28.99,39.34618784137614,1.0618428789588301,SPY,22.26,0.3023360287511229,13.8100004196167,49.29999923706055,1.099203411957943,0.411967536538881,16756219904.0,15043220480.0,6153000000.0,0.79,368000000.0,1353000000.0,20000000.0,514000000.0,0.02707275803722504,2124000000.0,1997000000.0,1700000000.0,661000000.0,608000000.0,-53000000.0,0.23,36.69620253164557,7.8889924218455745,8.39069599599399,2.723260182675118,1.8946421791773471,16.720594,8844002360.0,0.011560693641618497,0.95492995,0.231,revenueGrowth,0.006385688455572086,,0.0,0.26646,0.07442,0.07143,0.009416195856873822,2.4,USD,USD,USD,1.0,1.0,28.99,22.26,13.8100004196167,49.29999923706055,16756219904.0,6153000000.0,yfinance,TOST,fresh,2026-10-01
TPL,Texas Pacific Land Corporation,325.83,36.12193254791514,0.40216046854453014,SPY,269.23334,0.21021415846937822,153.50559997558594,570.1275634765625,1.1225935734710728,0.42849632104588714,22474018816.0,22243424256.0,798190000.0,7.86,673552000.0,144809000.0,16175000.0,68974683.0,-0.00045990940562302344,1458907000.0,1426061000.0,245751000.0,545910000.0,32135000.0,-513775000.0,7.33,41.45419847328244,15.404695992273668,15.759507353472257,28.156226983550283,19.35746668044789,4.456099,1161000000.0,0.21128440562385206,0.74608004,0.312,revenueGrowth,0.000372875010411311,0.73,0.2891,0.93336,0.78177,0.60322,0.011087067235951297,4.552,USD,USD,USD,1.0,1.0,325.83,269.23334,153.50559997558594,570.1275634765625,22474018816.0,798190000.0,yfinance,TPL,fresh,2026-10-01
TQQQ,ProShares UltraPro QQQ,78.03,57.97591280048695,4.244279324623801,SPY,37.32,1.0908360128617363,14.936930656433105,86.85169982910156,4.223964802058828,0.1015719881874512,,,,2.4618218,,,,,,,,,,,,,31.69603908780075,,,,,,,,,,,,0.52,,,,,,,USD,USD,USD,1.0,1.0,78.03,37.32,14.936930656433105,86.85169982910156,,,yfinance,TQQQ,fresh,2026-10-01
TREX,"Trex Company, Inc.",43.56,47.232119511498894,1.4748273446178077,SPY,29.77,0.46321800470272095,30.1299991607666,100.0999984741211,0.4457351879624712,0.5648351582017097,4437248000.0,4734144512.0,1174267000.0,1.7,320918000.0,3807000.0,187334000.0,101865190.0,-0.01132357672143986,1034264000.0,1002735000.0,59701000.0,358113000.0,124538000.0,-233575000.0,1.0,25.623529411764707,4.290246977560855,4.425145227801962,3.778738566271555,3.3557536626057005,21.589476,1322280610.0,0.2618457828896616,0.0109321,0.078,revenueGrowth,0.012276077424565856,,0.0,0.38204,0.20618999,0.14682999,0.18112783583301748,1.061,USD,USD,USD,1.0,1.0,43.56,29.77,30.1299991607666,100.0999984741211,4437248000.0,1174267000.0,yfinance,TREX,fresh,2026-10-01
TRMB,Trimble Inc.,57.11,45.83864376872243,1.1038999130178775,SPY,47.92,0.19177796327212016,40.81999969482422,85.23999786376953,0.3990690942420873,0.3300093684742562,13316900864.0,14561801216.0,3587300000.0,-0.48,783700000.0,253400000.0,1392200000.0,233179848.0,-0.023058252427184466,5836200000.0,-327600000.0,128500000.0,386200000.0,360900000.0,-25300000.0,1.35,,2.2817759610705597,-40.649880537240534,3.7122350692721544,3.1407473944833564,13.804623,4240042000.0,0.16764821358460935,0.010290200000000001,0.11,revenueGrowth,0.06483490481888744,,0.0,0.71773005,0.15134,-0.027679998,0.2385456290051746,0.954,USD,USD,USD,1.0,1.0,57.11,47.92,40.81999969482422,85.23999786376953,13316900864.0,3587300000.0,yfinance,TRMB,fresh,2026-10-01
TROX,Tronox Holdings plc,3.95,26.005720666064292,1.9279508521119733,SPY,2.86,0.38111888111888126,2.820937156677246,18.17945098876953,0.4002438837214885,0.7827217113189977,630815104.0,3981815040.0,2898000000.0,-3.46,21000000.0,199000000.0,3392000000.0,159700029.0,0.004213687832263543,1418000000.0,1204000000.0,,60000000.0,-281000000.0,-341000000.0,,,0.4448625557122708,0.5239328106312292,0.21767256866804693,0.1834964583995273,-12.766645,3437750840.0,,0.81627,0.187,revenueGrowth,-0.0,0.0501,0.1558,0.05594,-0.01959,-0.19202,2.392101551480959,2.549,USD,USD,USD,1.0,1.0,3.95,2.86,2.820937156677246,18.17945098876953,630815104.0,2898000000.0,yfinance,TROX,fresh,2026-10-01
TRP,TC Energy Corporation,57.78,31.803928698843833,-0.04167765514559519,SPY,49.27,0.17272173736553678,28.896923065185547,69.8453598022461,0.999520844127942,0.17274389932855774,60193292288.0,131119996928.0,10708312973.737717,2.48,7771765961.647034,118052141.1895752,42602769143.10455,1041766896.0,0.0019267822736030828,19179959486.722946,8449160390.853882,-2559904466.3906097,5161970411.777496,1447544112.2055054,-3714426299.571991,2.97,23.298387096774196,3.138343036108494,7.124174415384343,5.62117416960308,5.084054642636278,20.921677,11839623394.918404,0.20903747244673035,0.72204,0.057,revenueGrowth,0.002918478496086105,0.0429,0.9843,0.69528,0.44251,0.22913,2.221212676314343,0.61,USD,USD,CAD,1.0,0.7026913166046143,57.78,49.27,28.896923065185547,69.8453598022461,60193292288.0,15239000000.0,yfinance,TRP,fresh,2026-10-01
TSEM,Tower Semiconductor Ltd.,227.43,55.516019284535034,2.9899357443476435,SPY,70.9,2.2077574047954864,21.90999984741211,316.8500061035156,9.380191765581541,0.28221557323973,25706694656.0,24340858880.0,1566104000.0,2.53,547153000.0,235369000.0,161518000.0,113031240.0,0.01116224419857045,2919287000.0,2908306000.0,1445875000.0,395482000.0,-48943000.0,-444425000.0,3.43,89.89328063241108,8.805812739891625,8.839061177193871,16.414423726649062,9.435309233096172,34.24104,2724520630.0,0.08972764296976075,0.65089995,0.237,revenueGrowth,,,0.0,0.26871002,0.19625,0.16939,0.05532789342055098,4.913,USD,USD,USD,1.0,1.0,227.43,70.9,21.90999984741211,316.8500061035156,25706694656.0,1566104000.0,yfinance,TSEM,fresh,2026-10-01
TSLA,"Tesla, Inc.",354.81,44.80152794353632,2.210774791151795,SPY,297.38,0.19311991391485644,142.0500030517578,489.8800048828125,1.4977824172993524,0.27572059185212816,1401338986496.0,1373884514304.0,94827000000.0,1.09,11764000000.0,16513000000.0,14719000000.0,3949547394.0,0.09647077114427861,82137000000.0,80748000000.0,36928000000.0,14747000000.0,6220000000.0,-8527000000.0,4.22,325.5137614678899,17.06099548919488,17.354473008569872,14.777847938835986,11.575123925224549,164.03606,121064707000.0,0.2696097006441834,0.43668,0.255,revenueGrowth,,,0.0,0.18852,0.014099999,0.03671,0.17920060386914546,1.941,USD,USD,USD,1.0,1.0,354.81,297.38,142.0500030517578,489.8800048828125,1401338986496.0,94827000000.0,yfinance,TSLA,fresh,2026-10-01
TSLL,Direxion Daily TSLA Bull 2X Shares,9.01,43.37106522599908,4.3973798264671125,SPY,6.695,0.34578043315907386,4.667147636413574,37.004478454589844,0.9305153172578122,0.7565159576277599,,,,0.16633326,,,,,,,,,,,,,54.16836055518902,,,,,,,,,,,,0.0384,,,,,,,USD,USD,USD,1.0,1.0,9.01,6.695,4.667147636413574,37.004478454589844,,,yfinance,TSLL,fresh,2026-10-01
TSLZ,T-Rex 2X Inverse Tesla Daily Target ETF,12.23,52.056819388767245,-4.370817437817251,SPY,9.735,0.25629173086800217,10.090023040771484,1129.48779296875,0.2120884115508316,0.989172083066206,,,,,,,,,,,,,,,,,,,,,,,,,,,,,0.69,,,,,,,USD,USD,USD,1.0,1.0,12.23,9.735,10.090023040771484,1129.48779296875,,,yfinance,TSLZ,fresh,2026-10-01
TSM,Taiwan Semiconductor Manufacturing Company Limited,456.19,65.30426628680162,2.168861841393043,SPY,266.82,0.7097294055917848,82.06307983398438,476.2922668457031,4.559016319188648,0.04220573846145468,2366017634304.0,16520642035712.0,119571011153.66853,13.43,86078646991.51553,86886497910.03317,33418591563.712433,5186474013.0,3.5172097419767994e-05,168101408301.27484,167318114764.89417,72034050049.45993,71414348921.70578,31152007661.077377,-40262341260.6284,0.87,33.96798212956069,14.074942370878738,14.140833690533704,19.78755227940053,10.286672231613633,20.806746,230008070737.64917,0.1697298764575616,0.1548,0.36,revenueGrowth,-0.0,0.89,0.2574,0.6423,0.60344005,0.49923,0.19880018794261936,2.458,USD,USD,TWD,1.0,0.03139125928282738,456.19,266.82,82.06307983398438,476.2922668457031,2366017634304.0,3809054300000.0,yfinance,TSM,fresh,2026-10-01
TSNDF,TerrAscend Corp.,0.505,32.514921439517394,1.512442105440814,SPY,0.35,0.44285714285714295,0.23999999463558197,2.299999952316284,1.1041667136984576,0.7804347780566585,188197184.0,362055712.0,260558000.0,-0.1,58484000.0,37414000.0,256485000.0,309175647.0,0.032826828230798674,97485000.0,-179595000.0,30177000.0,21528000.0,12176000.0,-9352000.0,,,1.9305245319792788,-1.0478976808931206,0.7222851879427997,0.6586462419347439,101.0,285733330.0,5.920433996383363,0.13756,0.033,revenueGrowth,0.0021785660724870357,,0.0,0.52769,0.18047,-0.15722999,2.6310201569472227,1.83,USD,USD,USD,1.0,1.0,0.505,0.35,0.23999999463558197,2.299999952316284,188197184.0,260558000.0,yfinance,TSNDF,fresh,2026-10-01
TSYY,GraniteShares YieldBOOST TSLA ETF,19.5254,38.342081443164446,1.2331633337370576,SPY,19.3454,0.009304537512793724,18.52114486694336,32.273109436035156,0.05422208725601201,0.3949947699121132,,,,,,,,,,,,,,,,,,,,,,,,,,,,,1.4824000000000002,,,,,,,USD,USD,USD,1.0,1.0,19.5254,19.3454,18.52114486694336,32.273109436035156,,,yfinance,TSYY,fresh,2026-10-01
TTD,"The Trade Desk, Inc.",12.17,29.382289595331898,0.8821853685790428,SPY,11.85,0.027004219409282725,12.050000190734863,139.50999450683594,0.009958490237817873,0.9127661065214674,5753916416.0,4667218944.0,2896284000.0,84.0,705105000.0,658175000.0,436330000.0,429686475.0,-0.016681808401271907,2484391000.0,2464462000.0,1995007000.0,992721000.0,782958000.0,-209763000.0,0.87,0.1448809523809524,2.3160269120279375,2.334755583977355,1.9866547672811092,2.1970535129404722,12.056907,2618924110.0,0.3270578591433841,0.89057,0.03,revenueGrowth,0.23990998481685277,,0.0,0.76872003,0.14205,0.13608,0.1756285544425173,1.724,USD,USD,USD,1.0,1.0,12.17,11.85,12.050000190734863,139.50999450683594,5753916416.0,2896284000.0,yfinance,TTD,fresh,2026-10-01
TTE,TotalEnergies SE,85.5,42.49706155500772,-0.22093917062168658,SPY,57.39,0.4898065865133298,49.21111297607422,93.5999984741211,0.7374124426238632,0.08653844664709705,188807069696.0,223913132032.0,182344000000.0,7.99,38854000000.0,24152000000.0,60071000000.0,2208269731.0,-0.0385837938177353,114883000000.0,98238000000.0,-3094000000.0,27343000000.0,10390000000.0,-16953000000.0,0.79,10.700876095118899,1.6434726608462522,1.92193519509762,1.0354443781862852,0.9344272580241307,8.095287,202056466220.0,0.4050069045391777,0.54187,0.278,revenueGrowth,0.04085652095771828,0.0483,0.49310002,0.37682,0.12788999,0.09083,0.5228885039561989,1.061,USD,USD,USD,1.0,1.0,85.5,57.39,49.21111297607422,93.5999984741211,188807069696.0,182344000000.0,yfinance,TTE,fresh,2026-10-01
TTWO,"Take-Two Interactive Software, Inc.",207.5,34.60101034931209,0.6584558451428897,SPY,187.63,0.10589990939615203,133.0399932861328,262.2900085449219,0.5596813775668492,0.2088909480344849,38798442496.0,39916539904.0,6656400000.0,-1.71,1241500000.0,1545500000.0,2958300000.0,186980443.0,0.05025699600228441,3510900000.0,-1459700000.0,610700000.0,624300000.0,461500000.0,-162800000.0,2.78,,11.050853768549375,-26.579737272042202,5.828742638062616,4.192449219897272,20.160957,9254361940.0,,0.99967,0.02,revenueGrowth,-0.0,,0.0,0.57126,0.0051499996,-0.04792,0.8426044603947705,1.062,USD,USD,USD,1.0,1.0,207.5,187.63,133.0399932861328,262.2900085449219,38798442496.0,6656400000.0,yfinance,TTWO,fresh,2026-10-01
TUR,iShares MSCI Turkey ETF,33.8,28.83599073752859,0.7350693904247655,SPY,31.72,0.06557377049180323,28.88017463684082,43.20904541015625,0.1703530336995688,0.2177563822769541,,,,2.9202955,,,,15650000.0,,,,,,,,,11.574171175485494,,,,,,,,,,,,0.0209,,,,,,,USD,USD,USD,1.0,1.0,33.8,31.72,28.88017463684082,43.20904541015625,,,yfinance,TUR,fresh,2026-10-01
TWST,Twist Bioscience Corporation,193.24,72.81306635016864,2.5895716095976327,SPY,23.3,7.2935622317596565,15.079999923706055,186.1300048828125,11.81432367225831,-0.038199080914782996,12812039168.0,12059333632.0,376572000.0,-2.23,-111406000.0,183049000.0,75572000.0,66301174.0,0.03088803088803089,472958000.0,377338000.0,241560000.0,-47628000.0,-75632000.0,-28004000.0,,,27.089168949462742,33.95374748368837,34.02281414443984,23.71031496407034,-305.5178,540357190.0,,0.0116918,0.232,revenueGrowth,1.2488254047772826e-06,,0.0,0.51965,-0.30648002,-0.31662,0.15978585836374476,2.672,USD,USD,USD,1.0,1.0,193.24,23.3,15.079999923706055,186.1300048828125,12812039168.0,376572000.0,yfinance,TWST,fresh,2026-10-01
TXG,"10x Genomics, Inc.",90.36,77.00044961883354,2.2051983498099856,SPY,11.16,7.096774193548387,7.139999866485596,90.04000091552734,11.655462421524723,-0.0035539658065182455,11773110272.0,11299872768.0,642823000.0,-0.59,3909000.0,473966000.0,84361000.0,120212296.0,0.03568517798235058,796326000.0,729486000.0,530997000.0,136050000.0,130115000.0,-5935000.0,,,14.784284667334735,16.13891188041991,18.314699803834024,17.304583064064854,1178.5575,680346370.0,,0.012020900000000001,-0.127,revenueGrowth,,,0.0,0.70112,-0.15198,-0.12178001,0.1059377692050743,5.693,USD,USD,USD,1.0,1.0,90.36,11.16,7.139999866485596,90.04000091552734,11773110272.0,642823000.0,yfinance,TXG,fresh,2026-10-01
TXN,Texas Instruments Incorporated,280.09,62.96983483211492,1.464006529054994,SPY,152.73,0.8338898710142081,130.123291015625,330.5873718261719,1.1524970496355431,0.15275045609644225,255791546368.0,262842548224.0,17682000000.0,6.59,8252000000.0,3225000000.0,14048000000.0,913247686.0,-0.006528835690968444,16273000000.0,11705000000.0,10591000000.0,7153000000.0,2603000000.0,-4550000000.0,1.0,42.502276176024274,15.718770132612303,21.853186362067493,14.46621119601855,10.261387427648579,26.312254,24927579060.0,0.12416812609457092,0.91664004,0.228,revenueGrowth,0.005774233046291069,0.0216,0.85410005,0.58325,0.42576998,0.31111,0.8632704479813188,4.857,USD,USD,USD,1.0,1.0,280.09,152.73,130.123291015625,330.5873718261719,255791546368.0,17682000000.0,yfinance,TXN,fresh,2026-10-01
U,Unity Software Inc.,40.93,41.16961821092707,2.1453307491366775,SPY,16.78,1.439213349225268,13.930000305175781,49.470001220703125,1.9382626779119447,0.17262989710881887,18012839936.0,18254747648.0,1849648000.0,-1.36,89753000.0,2055840000.0,2235350000.0,440088933.0,0.06304567989473445,3237432000.0,-579416000.0,1286591000.0,422955000.0,400931000.0,-22024000.0,,,5.563928427222564,-31.08792290168031,9.738523187114522,6.720731132499002,23.510153,2680190530.0,,0.86547995,0.239,revenueGrowth,-0.0,,0.0,0.76133,-0.05179,-0.28966,0.690470100993627,2.026,USD,USD,USD,1.0,1.0,40.93,16.78,13.930000305175781,49.470001220703125,18012839936.0,1849648000.0,yfinance,U,fresh,2026-10-01
UBER,"Uber Technologies, Inc.",68.51,39.895606537775066,0.8721020723638513,SPY,65.41,0.04739336492891009,40.619998931884766,100.0999984741211,0.6866076268215486,0.3155844051514953,139935793152.0,150358786048.0,52017000000.0,4.56,6987000000.0,7105000000.0,12080000000.0,2042560121.0,-0.014331032481627598,27041000000.0,17062000000.0,1673000000.0,10099000000.0,9763000000.0,-336000000.0,5.91,15.024122807017546,5.174948898043711,8.201605506505684,2.6901934589076646,2.0951739393221267,15.485987,66789582729.0,,0.85363,0.122,revenueGrowth,0.0466142353794689,,0.0,0.40752,0.13317999,0.17345,0.44672904108575867,0.843,USD,USD,USD,1.0,1.0,68.51,65.41,40.619998931884766,100.0999984741211,139935793152.0,52017000000.0,yfinance,UBER,fresh,2026-10-01
UEC,Uranium Energy Corp.,9.45,33.88919341056854,2.7591879077175725,SPY,8.91,0.06060606060606051,4.0,20.139999389648438,1.3624999999999998,0.5307844942211313,4683275264.0,4187815168.0,66837000.0,-0.28,-84503000.0,148930000.0,0.0,495584665.0,0.07644013444622481,983900000.0,983900000.0,207583000.0,-64458000.0,-70153000.0,-5695000.0,1.37,,4.759909811972761,4.759909811972761,70.0700998548708,24.667864665395054,-315.0,189853290.0,0.030729253054680158,0.89443,,,0.00011893385901990834,,0.0,-2.46319,-2.28598,0.0,0.0,0.17257,USD,USD,USD,1.0,1.0,9.45,8.91,4.0,20.139999389648438,4683275264.0,66837000.0,yfinance,UEC,fresh,2026-10-01
UHS,"Universal Health Services, Inc.",174.26,51.55687059246722,0.17680054523010819,SPY,140.08,0.2440034266133636,120.60224151611328,243.12115478515625,0.44491510115686916,0.2832380211668877,10270276608.0,15535078400.0,17364829000.0,24.5,2743141000.0,137797000.0,5166503000.0,51687770.0,-0.050577353599622954,7275792000.0,3285579000.0,168314000.0,1864397000.0,824550000.0,-1039847000.0,1.19,7.112653061224489,1.411568198761042,3.1258650630528133,0.5914412752351319,0.5268042657224045,7.261015,19495431750.0,0.23373531608541173,0.0103308,0.083,revenueGrowth,0.094247802366493,0.46,0.0327,0.44607,0.1114,0.08424,0.7100949284971313,1.116,USD,USD,USD,1.0,1.0,174.26,140.08,120.60224151611328,243.12115478515625,10270276608.0,17364829000.0,yfinance,UHS,fresh,2026-10-01
UL,Unilever PLC,60.73,40.29823302975383,0.03222126605578829,SPY,54.75,0.10922374429223738,47.03818893432617,72.70989990234375,0.2910786187961036,0.1647629816357042,130773868544.0,159049908224.0,57246654595.25585,2.92,12632055893.89801,4467240872.02549,31282021402.00138,2153365295.0,-0.014912647932109706,17603717519.044876,-21802311832.666397,-5209702879.428864,9464973682.165146,7661527798.53344,-1803445883.6317062,6.44,20.79794520547945,7.4287643165439405,-5.998165219711313,2.2843932011153276,2.143834279548239,15.748984,60999989500.84772,0.2854020476245255,0.122980006,0.005,revenueGrowth,0.01308847088736157,0.0349,0.7651,0.47068,0.20345,0.18319,1.7770122343850612,0.74,USD,USD,EUR,1.0,1.133529782295227,60.73,54.75,47.03818893432617,72.70989990234375,130773868544.0,50503000000.0,yfinance,UL,fresh,2026-10-01
ULTY,YieldMax Ultra Option Income Strategy ETF,25.29,54.649255342243,1.3793935933342567,SPY,24.905,0.015458743224252077,18.190155029296875,28.28495216369629,0.39031250471852424,0.1058850001358782,,,,0.75411695,,,,,,,,,,,,,33.53591243374121,,,,,,,,,,,,0.29109999999999997,,,,,,,USD,USD,USD,1.0,1.0,25.29,24.905,18.190155029296875,28.28495216369629,,,yfinance,ULTY,fresh,2026-10-01
UMAC,"Unusual Machines, Inc.",24.48,53.450052855095606,4.154935641039597,SPY,7.245,2.3788819875776395,1.0399999618530273,34.060001373291016,22.538462401847195,0.2812683789497263,1222935168.0,909719040.0,11199217.0,-0.14,-19088083.0,103261397.0,2630055.0,49956505.0,2.124941862755744,174939669.0,156781669.0,156910135.0,-21177620.0,-23239801.0,-2062181.0,,,6.990610963142957,7.800243330742958,109.19827412934315,10.895829616185415,-75.71212,112238830.0,0.0018851922496195893,0.61679,6.873,revenueGrowth,,,0.0,0.34759998,-0.46848,-0.20292,0.015034068687988657,0.53823,USD,USD,USD,1.0,1.0,24.48,7.245,1.0399999618530273,34.060001373291016,1222935168.0,11199217.0,yfinance,UMAC,fresh,2026-10-01
UNH,UnitedHealth Group Incorporated,367.08,40.27151845827544,0.4161768801088215,SPY,255.97,0.4340743055826854,230.1510009765625,596.1050415039062,0.5949528719945985,0.38420249043038074,329489088512.0,378851131392.0,447567000000.0,15.56,23060000000.0,24365000000.0,78389000000.0,897594847.0,-0.0193756727664155,94110000000.0,-36863000000.0,-24315000000.0,19697000000.0,16075000000.0,-3622000000.0,1.02,23.591259640102827,3.501106030304962,-8.938206019911565,0.7361782448482573,0.7161303317285402,16.235157,460096540970.0,0.12859767299448868,0.89674,0.004,revenueGrowth,0.016829085372877382,0.0248,0.5752,0.19723,0.071329996,0.03135,0.832950802252683,0.777,USD,USD,USD,1.0,1.0,367.08,255.97,230.1510009765625,596.1050415039062,329489088512.0,447567000000.0,yfinance,UNH,fresh,2026-10-01
UNHG,Leverage Shares 2X Long UNH Daily ETF,17.1791,38.66167176898692,0.8370755070385848,SPY,9.145,0.8785237834882449,9.335317611694336,24.889999389648438,0.8402266226571413,0.3097990991858097,,,,,,,,,,,,,,,,,,,,,,,,,,,,,0.0981,,,,,,,USD,USD,USD,1.0,1.0,17.1791,9.145,9.335317611694336,24.889999389648438,,,yfinance,UNHG,fresh,2026-10-01
UNP,Union Pacific Corporation,272.13,34.21600147845702,0.22733794081108163,SPY,215.53,0.26260845357954804,187.80760192871094,309.1851806640625,0.44898288038040457,0.11984785488255303,161665777664.0,190720770048.0,24510000000.0,12.34,12940000000.0,1266000000.0,32822000000.0,594075498.0,-0.020867564903056194,18467000000.0,18467000000.0,-459000000.0,9290000000.0,5499000000.0,-3791000000.0,2.72,22.05267423014587,8.75430647446797,8.75430647446797,6.595910961403509,5.7577953122192485,19.178617,28077722270.0,0.22125245472397992,0.91346,0.115,revenueGrowth,0.01657122514554646,0.0207,0.447,0.56285,0.40982,0.28847,1.7773325391238426,0.986,USD,USD,USD,1.0,1.0,272.13,215.53,187.80760192871094,309.1851806640625,161665777664.0,24510000000.0,yfinance,UNP,fresh,2026-10-01
UPS,"United Parcel Service, Inc.",93.44,35.49028347095876,0.7610924822741266,SPY,82.0,0.1395121951219512,77.49002838134766,138.853271484375,0.20583256906499728,0.32705942754460277,79497035776.0,103549034496.0,88661000000.0,5.38,11927000000.0,5887000000.0,28590000000.0,749349405.0,-0.007009345794392523,16227000000.0,6369000000.0,3425000000.0,8450000000.0,4765000000.0,-3685000000.0,1.34,17.36802973977695,4.899059331731065,12.481870902182447,0.89664041434227,0.8379044467066319,11.644993,94876016100.0,0.2222222222222222,0.73377997,0.076,revenueGrowth,0.012579085373921552,0.0698,1.2193,0.22413,0.09052,0.050819997,1.7618783508966538,1.179,USD,USD,USD,1.0,1.0,93.44,82.0,77.49002838134766,138.853271484375,79497035776.0,88661000000.0,yfinance,UPS,fresh,2026-10-01
UPST,"Upstart Holdings, Inc.",22.99,32.09118624023705,2.942986092947283,SPY,22.785,0.008997147245995098,20.8700008392334,88.7699966430664,0.10158117276072291,0.7410160992520924,2237227008.0,3836986880.0,1023985000.0,0.52,115055000.0,657445000.0,1850294000.0,97313046.0,0.20170697971084148,798815000.0,723464000.0,,-147725000.0,-166132000.0,-18407000.0,,44.21153846153846,2.800682270613346,3.092381940220937,2.184824004257875,1.202710116369293,6.614,1860154810.0,0.013399841705166669,0.63203996,0.423,revenueGrowth,-0.0,,0.0,0.83043,0.07202,0.046919998,2.316298517178571,0.10455,USD,USD,USD,1.0,1.0,22.99,22.785,20.8700008392334,88.7699966430664,2237227008.0,1023985000.0,yfinance,UPST,fresh,2026-10-01
URA,Global X Uranium ETF,39.85,37.92690061752215,2.4328168015781375,SPY,37.18,0.0718128025820334,19.336917877197266,61.810001373291016,1.0608248042979198,0.35528233110152047,,,,1.5878439,,,,,,,,,,,,,25.096925459738202,,,,,,,,,,,,0.045700000000000005,,,,,,,USD,USD,USD,1.0,1.0,39.85,37.18,19.336917877197266,61.810001373291016,,,yfinance,URA,fresh,2026-10-01
USB,U.S. Bancorp,57.76,33.121403986039496,0.7356892068335695,SPY,45.02,0.2829853398489559,27.218564987182617,65.41999816894531,1.1220810144546387,0.11708955034152682,89993052160.0,126581055488.0,28540000000.0,5.01,,46890000000.0,68413000000.0,1558051446.0,-0.0019218449711723255,65193000000.0,40846000000.0,,7970000000.0,,,1.75,11.528942115768464,1.3804097396959796,2.2032280311413603,3.1532253735108617,2.7022414715033425,9.952117,33303112660.0,0.20184932226541977,0.84495,0.104,revenueGrowth,0.005433752809390213,0.037200000000000004,0.4152,0.0,0.39646998,0.29896,1.0493918058687282,,USD,USD,USD,1.0,1.0,57.76,45.02,27.218564987182617,65.41999816894531,89993052160.0,28540000000.0,yfinance,USB,fresh,2026-10-01
UTHR,United Therapeutics Corporation,541.89,39.74102330033207,0.24966706514747947,SPY,409.07,0.3246877062605422,210.75999450683594,596.760009765625,1.5711236198690637,0.09194652602002433,23242037248.0,20579737600.0,3182700000.0,27.93,1819000000.0,1557100000.0,300000000.0,42890692.0,-0.012371134020618556,7096200000.0,6979700000.0,3141900000.0,1561200000.0,1035200000.0,-526000000.0,2.22,19.40171858216971,3.2752793393647304,3.3299478842930212,7.30261640996638,6.771361259559044,18.0426,3432402490.0,0.22124978120077018,0.99917,-0.019,revenueGrowth,0.04373971133221032,,0.0,0.8614,0.42231998,0.41557,0.0422761477974127,5.732,USD,USD,USD,1.0,1.0,541.89,409.07,210.75999450683594,596.760009765625,23242037248.0,3182700000.0,yfinance,UTHR,fresh,2026-10-01
UVIX,2x Long VIX Futures ETF,36.86,37.306166892013664,-6.940062619285727,SPY,34.9,0.05616045845272209,35.040000915527344,8880.0,0.05194061178423531,0.995849099099099,,,,,,,,,,,,,,,,,,,,,,,,,,,,,0.0,,,,,,,USD,USD,USD,1.0,1.0,36.86,34.9,35.040000915527344,8880.0,,,yfinance,UVIX,fresh,2026-10-01
UVXY,ProShares Ultra VIX Short-Term Futures ETF,17.27,38.51111699517361,-5.268413909934347,SPY,16.55,0.04350453172205431,16.6299991607666,495.25,0.038484718672944035,0.9651287228672388,,,,,,,,,,,,,,,,,,,,,,,,,,,,,0.0,,,,,,,USD,USD,USD,1.0,1.0,17.27,16.55,16.6299991607666,495.25,,,yfinance,UVXY,fresh,2026-10-01
V,Visa Inc.,359.33,46.21066734186945,0.2856230005398097,SPY,293.89,0.22266834529926163,223.65086364746094,384.1400146484375,0.6066559911273537,0.06458586375372398,674590031872.0,671018582016.0,40000000000.0,11.74,26003000000.0,17164000000.0,25171000000.0,1704112694.0,-0.0854522717799083,37909000000.0,-10361000000.0,2718000000.0,23059000000.0,21577000000.0,-1482000000.0,1.66,30.60732538330494,17.794983562531325,-65.1085833290223,16.8647507968,13.282787077987411,23.948467,50786783520.0,0.170951475572456,0.90166,0.144,revenueGrowth,0.027151305436833622,0.73,0.22129999,0.97725,0.66130996,0.50782,0.6639848057189586,0.985,USD,USD,USD,1.0,1.0,359.33,293.89,223.65086364746094,384.1400146484375,674590031872.0,40000000000.0,yfinance,V,fresh,2026-10-01
VALE,Vale S.A.,13.41,31.43834644728922,1.1060778358605596,SPY,10.71,0.2521008403361344,7.301098823547363,17.325687408447266,0.8367098328747895,0.22600473598168136,57069776896.0,142066778112.0,7381076250.582933,0.5,1883372814.0890598,1416902172.2078323,4190163355.4399014,4255762795.0,-0.0011829806860820676,6440446946.35272,4719675765.156746,465317438.81106377,1691556703.4184933,537200430.1846027,-1154356273.2338905,0.29,26.82,8.861151620590416,12.091885064927686,7.731904529707685,7.196757163900997,6.9008107,7929929494.114732,0.5738233397807866,0.20745,0.064,revenueGrowth,-0.0,0.0888,1.5907,0.34924,0.21955,0.04755,0.6506013309857054,1.192,USD,USD,BRL,1.0,0.19220051169395447,13.41,10.71,7.301098823547363,17.325687408447266,57069776896.0,38403000000.0,yfinance,VALE,fresh,2026-10-01
VB,Vanguard Morningstar Small-Cap ETF,284.49,34.87243553469369,1.0373525983219702,SPY,241.17,0.17962433138450065,167.97488403320312,308.3835754394531,0.6936460568936346,0.07748005193014662,,,,14.890696,,,,158508992.0,,22321870289.408,,,,,,,19.105218453187145,2.0201812,,,,,,,,,,,0.0121,,,,,,,USD,USD,USD,1.0,1.0,284.49,241.17,167.97488403320312,308.3835754394531,,,yfinance,VB,fresh,2026-10-01
VCEL,Vericel Corporation,40.14,50.338358753617136,0.7978778227529197,SPY,28.95,0.3865284974093265,29.34000015258789,61.79999923706055,0.3680981523941646,0.35048542887475254,2055433472.0,1984572288.0,276259000.0,0.48,29551000.0,100092000.0,96369000.0,51206614.0,0.009133303662996575,354640000.0,349015000.0,198288000.0,51910000.0,24748000.0,-27162000.0,,83.625,5.795830904579292,5.889241069868057,7.440240759577064,5.231294246016172,47.446808,392911080.0,0.04943315877309087,0.011103400000000001,0.225,revenueGrowth,,,0.0,0.7456,0.0056,0.07908,0.2717375366568915,5.039,USD,USD,USD,1.0,1.0,40.14,28.95,29.34000015258789,61.79999923706055,2055433472.0,276259000.0,yfinance,VCEL,fresh,2026-10-01
VCYT,"Veracyte, Inc.",46.04,55.62639927605541,1.4273732796746446,SPY,29.455,0.5630622984213207,18.860000610351562,60.4900016784668,1.4411452020171374,0.23888248103009563,3701189120.0,3256064256.0,517145000.0,1.4,89617000.0,362578000.0,39654000.0,80390731.0,0.030831932109447336,1309576000.0,453274000.0,428439000.0,136307000.0,126630000.0,-9677000.0,,32.885714285714286,2.8262499618197037,8.165456478862675,7.156965879975635,5.603464856632587,23.598276,660517950.0,0.027096376885969414,0.0112172,0.155,revenueGrowth,,,0.0,0.73756,0.15287,0.20374,0.030280029566821628,9.162,USD,USD,USD,1.0,1.0,46.04,29.455,18.860000610351562,60.4900016784668,3701189120.0,517145000.0,yfinance,VCYT,fresh,2026-10-01
VECO,Veeco Instruments Inc.,51.9,63.3878384838529,2.449638121913747,SPY,26.0,0.9961538461538461,17.350000381469727,83.04000091552734,1.9913544010886948,0.37500000689071034,3167638016.0,3001666560.0,664294000.0,0.38,68543000.0,163466000.0,262010000.0,61033485.0,-0.016267290083771674,885509000.0,664849000.0,667280000.0,69493000.0,53293000.0,-16200000.0,0.81,136.57894736842104,3.5771946033298363,4.764447289534917,4.7684278587492885,3.090834307021623,17.86083,1024848860.0,0.10148018381699546,0.0116333,0.165,revenueGrowth,,,0.0,0.3786,0.06676,0.03404,0.29588632074885746,3.926,USD,USD,USD,1.0,1.0,51.9,26.0,17.350000381469727,83.04000091552734,3167638016.0,664294000.0,yfinance,VECO,fresh,2026-10-01
VEEV,Veeva Systems Inc.,285.45,64.75923187369862,0.5683629792934811,SPY,148.05,0.9280648429584597,151.42999267578125,306.2200012207031,0.8850294776884913,0.06782705616193076,46216884224.0,39125630976.0,3195311000.0,6.1,954341000.0,1421233000.0,95859000.0,161908850.0,0.010669846034666409,7214752000.0,6744561000.0,6360574000.0,1415225000.0,,,1.24,46.795081967213115,6.405886747597146,6.852467376898215,14.463970556856594,11.157794923334238,27.847044,4142116300.0,0.23909592903521784,0.9339,0.176,revenueGrowth,0.0036772059141050245,,0.0,0.74961,0.29637,0.29345,0.013286527381675767,5.458,USD,USD,USD,1.0,1.0,285.45,148.05,151.42999267578125,306.2200012207031,46216884224.0,3195311000.0,yfinance,VEEV,fresh,2026-10-01
VEOEY,Veolia Environnement SA,17.34,22.78756266498081,0.6190013204400472,SPY,16.14,0.0743494423791821,11.67898941040039,21.469999313354492,0.48471750343042164,0.19236140873025567,25734850560.0,52270264320.0,50324188214.7789,0.98,7114032913.684845,8433461580.276489,22885966304.540634,1484132046.0,-0.012145748987854251,12304465786.81469,-10051008579.611778,-4732486841.082573,5841078968.167305,,,0.94,17.693877551020407,2.091504906094919,-2.560424693319087,0.5113813351576796,0.4715408574577696,8.50421,54576077879.53936,0.2525817555938038,0.00193,0.007,revenueGrowth,0.017706688112304362,0.049800000000000004,0.8736,0.17864001,0.07948,0.027880002,1.859972362966375,0.818,USD,USD,EUR,1.0,1.133529782295227,17.34,16.14,11.67898941040039,21.469999313354492,25734850560.0,44396000000.0,yfinance,VEOEY,fresh,2026-10-01
VERA,"Vera Therapeutics, Inc.",32.29,44.649447673730265,1.22178681626931,SPY,23.05,0.40086767895878517,9.289999961853027,55.66999816894531,2.47578042331437,0.4199748327275409,2326925312.0,1904669056.0,0.0,-5.87,-291615000.0,354725000.0,77306000.0,72063335.0,0.16099165899706977,604521000.0,604521000.0,675428000.0,-241104000.0,-241734000.0,-630000.0,,,3.8492050929578956,3.8492050929578956,,10.51955147388077,-7.5813966,221200050.0,,0.011810000000000001,,,-0.0,,0.0,0.0,0.0,0.0,0.12787975934665627,0.10916000000000001,USD,USD,USD,1.0,1.0,32.29,23.05,9.289999961853027,55.66999816894531,2326925312.0,0.0,yfinance,VERA,fresh,2026-10-01
VERI,"Veritone, Inc.",1.19,66.45357719634552,3.3894914187348046,SPY,0.755,0.5761589403973509,0.7850000262260437,8.390000343322754,0.5159235162335332,0.8581644873296018,119543920.0,154937904.0,92192000.0,-1.27,-73676000.0,27426000.0,47222000.0,100457068.0,0.6646971413829943,68124000.0,-24771000.0,-29866000.0,-53205000.0,-58183000.0,-4978000.0,,,1.7547988961305854,-4.825962617577005,1.2966843110031239,0.8760572122668904,-10.14147,136456750.0,0.0020364415862808146,0.28228,0.046,revenueGrowth,,,0.0,0.66196996,-0.72603995,-1.17544,0.6931771475544595,0.472,USD,USD,USD,1.0,1.0,1.19,0.755,0.7850000262260437,8.390000343322754,119543920.0,92192000.0,yfinance,VERI,fresh,2026-10-01
VERS,ProShares Metaverse ETF,73.0007,51.322905705079314,2.0119473394575715,SPY,50.55,0.4441285855588526,32.43844985961914,84.85482025146484,1.2504373765059158,0.13969884346387748,,,,2.7315018,,,,,,,,,,,,,26.725481198657818,,,,,,,,,,,,0.13,,,,,,,USD,USD,USD,1.0,1.0,73.0007,50.55,32.43844985961914,84.85482025146484,,,yfinance,VERS,fresh,2026-10-01
VFC,V.F. Corporation,14.06,62.31342003208043,1.747638521697584,SPY,12.46,0.12841091492776882,9.401698112487793,25.872337341308594,0.4954745229826965,0.456562435217194,5527472128.0,9811091456.0,9605207000.0,0.69,788518000.0,823943000.0,4983354000.0,393134570.0,0.00841631195376123,1849878000.0,-424924000.0,1828342000.0,671274000.0,505468000.0,-165806000.0,0.37,20.376811594202902,2.988019819685406,-13.00814293379522,0.5754662161887818,0.5641996942029383,10.469099,9797013690.0,0.25291162834317066,0.93112,-0.052,revenueGrowth,0.0004938966559724279,0.0248,0.52169997,0.55037,-0.05529,0.02882,2.6938825154956163,1.425,USD,USD,USD,1.0,1.0,14.06,12.46,9.401698112487793,25.872337341308594,5527472128.0,9605207000.0,yfinance,VFC,fresh,2026-10-01
VGLT,Vanguard Long-Term Treasury Index Fund ETF Shares,50.14,27.236147692201968,0.19103648922754307,SPY,49.9824,0.003153109894682972,45.90837478637695,57.834041595458984,0.09217545237255399,0.1330365539603427,,,,,,,,,,,,,,,,,,,,,,,,,,,,,0.047599999999999996,,,,,,,USD,USD,USD,1.0,1.0,50.14,49.9824,45.90837478637695,57.834041595458984,,,yfinance,VGLT,fresh,2026-10-01
VIG,Vanguard Dividend Appreciation Index Fund ETF Shares,233.31,39.384331907595794,0.6432292435754361,SPY,210.01,0.11094709775724972,142.4888153076172,245.6446533203125,0.6373916752434932,0.050213400347161305,,,,9.539978,,,,,,,,,,,,,24.456031240323615,,,,,,,,,,,,0.0148,,,,,,,USD,USD,USD,1.0,1.0,233.31,210.01,142.4888153076172,245.6446533203125,,,yfinance,VIG,fresh,2026-10-01
VIOV,Vanguard S&P Small-Cap 600 Value Index Fund ETF Shares,110.0,28.151739888031187,0.8873960220244063,SPY,90.04,0.22167925366503768,66.78028106689453,120.28589630126953,0.6471928276224506,0.08551207263324828,,,,7.20518,,,,,,,,,,,,,15.26679416752947,,,,,,,,,,,,0.0167,,,,,,,USD,USD,USD,1.0,1.0,110.0,90.04,66.78028106689453,120.28589630126953,,,yfinance,VIOV,fresh,2026-10-01
VIST,"Vista Energy, S.A.B. de C.V.",65.35,39.13596719294072,-0.14195149278512154,SPY,33.45,0.9536621823617336,25.43000030517578,79.25,1.5697994186299429,0.17539432176656158,7228847616.0,10620506112.0,2474197000.0,7.6,1973231000.0,333002000.0,3297980000.0,110617402.0,0.04011316558319362,2511594000.0,2470533000.0,-140683000.0,796191000.0,-670940000.0,-1467131000.0,,8.598684210526315,2.8781911471360417,2.9260275479016067,2.9216944390442636,1.6469089245201263,6.6159906,4389342670.0,0.28428012752433385,0.60701,1.023,revenueGrowth,0.0069167317746928695,,0.0,0.82515,0.44244,0.23558001,1.3131023565114426,0.692,USD,USD,USD,1.0,1.0,65.35,33.45,25.43000030517578,79.25,7228847616.0,2474197000.0,yfinance,VIST,fresh,2026-10-01
VIXY,ProShares VIX Short-Term Futures ETF,16.94,39.111091957225185,-3.4976686746088017,SPY,16.43,0.031040779062690295,16.479999542236328,108.16000366210938,0.02791264991147271,0.8433801828176674,,,,,,,,,,,,,,,,,,,,,,,,,,,,,0.0,,,,,,,USD,USD,USD,1.0,1.0,16.94,16.43,16.479999542236328,108.16000366210938,,,yfinance,VIXY,fresh,2026-10-01
VKTX,"Viking Therapeutics, Inc.",32.6,45.645153619918005,1.149014551978789,SPY,25.77,0.2650368645712069,9.239999771118164,94.5,2.528138615533208,0.655026455026455,4097449728.0,3306475264.0,0.0,-4.67,-392911000.0,165810000.0,137000.0,125688651.0,0.033291451525628915,639062000.0,639062000.0,638931000.0,-278685000.0,,,,,6.411662292547515,6.411662292547515,,,-7.4079623,0.0,,0.60594004,,,-0.0,,0.0,0.0,0.0,0.0,0.0002143766958448476,4.72,USD,USD,USD,1.0,1.0,32.6,25.77,9.239999771118164,94.5,4097449728.0,0.0,yfinance,VKTX,fresh,2026-10-01
VLO,Valero Energy Corporation,387.61,58.11915824946252,-0.27228262840770334,SPY,155.29,1.4960396677184624,100.82987213134766,413.2799987792969,2.844198071530564,0.06211285050115711,111603556352.0,118345564160.0,122687000000.0,23.96,6719000000.0,4688000000.0,11703000000.0,287927461.0,-0.040372670807453416,23725000000.0,23342000000.0,9101000000.0,5826000000.0,5030000000.0,-796000000.0,1.91,16.177378964941568,4.704048739810327,4.781233671150716,0.9096608145280266,0.8547885749125296,10.189423,130562760930.0,0.2525790349417637,0.87042,0.517,revenueGrowth,0.023278828067143778,0.0124,0.1943,0.16118999,0.12269,0.05446,0.49327713382507904,1.636,USD,USD,USD,1.0,1.0,387.61,155.29,100.82987213134766,413.2799987792969,111603556352.0,122687000000.0,yfinance,VLO,fresh,2026-10-01
VLTO,Veralto Corporation,94.32,52.78405047227777,0.26798464118082926,SPY,80.03,0.17855804073472437,66.67452239990234,112.62380981445312,0.4146333052719121,0.16252167143527216,22994587648.0,24469587968.0,5503000000.0,3.97,1347000000.0,2031000000.0,2879000000.0,243793344.0,0.0028044871794871795,3105000000.0,-257000000.0,1376000000.0,1077000000.0,1014000000.0,-63000000.0,2.29,23.758186397984883,7.405664298872786,-89.47310368871595,4.178554906051245,3.681003472827724,19.773668,6246825850.0,0.19863597612958228,0.010126999999999999,0.075,revenueGrowth,-0.0,0.54,0.1259,0.60183,0.21370001,0.17346,0.9272141706924316,1.775,USD,USD,USD,1.0,1.0,94.32,80.03,66.67452239990234,112.62380981445312,22994587648.0,5503000000.0,yfinance,VLTO,fresh,2026-10-01
VNM,VanEck Vietnam ETF,16.95,40.403333276964545,0.6383262990384638,SPY,16.22,0.045006165228113466,10.109067916870117,19.799999237060547,0.6767124466256343,0.14393936095341237,,,,1.2649648,,,,,,,,,,,,,13.399582344109495,,,,,,,,,,,,0.21,,,,,,,USD,USD,USD,1.0,1.0,16.95,16.22,10.109067916870117,19.799999237060547,,,yfinance,VNM,fresh,2026-10-01
VNOM,"Viper Energy, Inc.",39.89,33.50704657128556,-0.15792453955597086,SPY,35.1,0.13646723646723644,22.667770385742188,51.177860260009766,0.7597672519698025,0.22056139515528098,14328283136.0,14604761088.0,1394000000.0,-0.1,485000000.0,13000000.0,2186000000.0,194405049.0,0.5173742707490525,4448000000.0,4448000000.0,302000000.0,1053000000.0,-1371000000.0,-2424000000.0,0.96,,3.221286676258993,3.221286676258993,10.278538835007174,6.33778603958055,15.821831,2260771040.0,0.08444444444444445,0.010279700000000001,1.152,revenueGrowth,0.01353965427390058,0.0611,0.97120005,1.0,0.66980004,0.03051,0.4914568345323741,6.374,USD,USD,USD,1.0,1.0,39.89,35.1,22.667770385742188,51.177860260009766,14328283136.0,1394000000.0,yfinance,VNOM,fresh,2026-10-01
VNQ,Vanguard Real Estate Index Fund ETF Shares,89.63,27.438515530953268,0.30761099226285404,SPY,86.84,0.03212805158912934,63.1566162109375,100.08197021484375,0.419170395396798,0.1044340972945151,,,,3.1940928,,,,,,,,,,,,,28.061175930768197,,,,,,,,,,,,0.036000000000000004,,,,,,,USD,USD,USD,1.0,1.0,89.63,86.84,63.1566162109375,100.08197021484375,,,yfinance,VNQ,fresh,2026-10-01
VOO,Vanguard S&P 500 ETF,700.86,50.30269895904459,0.9945406656637698,SPY,578.46,0.21159630743698782,363.2379150390625,713.1163330078125,0.9294791952669086,0.017187003635321607,,,,28.429424,,,,,,,,,,,,,24.65262750311086,,,,,,,,,,,,0.0104,,,,,,,USD,USD,USD,1.0,1.0,700.86,578.46,363.2379150390625,713.1163330078125,,,yfinance,VOO,fresh,2026-10-01
VOOG,Vanguard S&P 500 Growth Index Fund ETF Shares,85.48,57.72070109833772,1.3424479603082258,SPY,64.99,0.31527927373442083,38.84974670410156,86.26499938964844,1.2002717456836198,0.00909985967892595,,,,3.1221962,,,,16850000.0,,,,,,,,,27.378164126905286,,,,,,,,,,,,0.45,,,,,,,USD,USD,USD,1.0,1.0,85.48,64.99,38.84974670410156,86.26499938964844,,,yfinance,VOOG,fresh,2026-10-01
VOOV,Vanguard S&P 500 Value Index Fund ETF Shares,220.34,37.08801765556118,0.5941159812713049,SPY,195.54,0.1268282704306025,134.71310424804688,229.34129333496094,0.6356241007874672,0.03924846330143535,,,,10.084453,,,,,,,,,,,,,21.84947463189129,,,,,,,,,,,,0.0163,,,,,,,USD,USD,USD,1.0,1.0,220.34,195.54,134.71310424804688,229.34129333496094,,,yfinance,VOOV,fresh,2026-10-01
VRAR,VRAR,,,,SPY,,,,,,,,,,,,,,,,,,,,,,,,,,,,,,,,,,,,,,,,,,USD,USD,USD,1.0,1.0,,,,,,,yfinance,VRAR,unresolved,
VRNS,"Varonis Systems, Inc.",47.45,53.928603835680654,0.9590053758665086,SPY,19.7,1.4086294416243657,20.190000534057617,63.310001373291016,1.3501732909792994,0.25051336328010204,5450130432.0,5279089664.0,623532000.0,-1.22,-97443000.0,202482000.0,521747000.0,114860485.0,0.024650919432675864,598656000.0,446693000.0,639598000.0,147431000.0,131910000.0,-15521000.0,7.38,,9.103943553559974,12.201065232721355,8.740738938819499,6.226772261209199,116.24488,875273770.0,,0.010150600000000001,0.183,revenueGrowth,0.02110041244605575,,0.0,0.77069,-0.22564,-0.20547001,0.8715305617917468,1.645,USD,USD,USD,1.0,1.0,47.45,19.7,20.190000534057617,63.310001373291016,5450130432.0,623532000.0,yfinance,VRNS,fresh,2026-10-01
VRT,Vertiv Holdings Co,241.31,46.104535333706686,2.692743422762875,SPY,147.35,0.6376654224635223,34.7254753112793,376.0595397949219,5.949076948174106,0.3583196955152511,92901490688.0,93129097216.0,10229900000.0,4.43,2136600000.0,1728400000.0,3227900000.0,384988173.0,0.011202395263731508,3941300000.0,12800000.0,2412500000.0,2113800000.0,1887400000.0,-226400000.0,0.84,54.47178329571106,23.571281223961638,7257.92896,9.081368409075358,5.0980332573571925,26.339687,18223006010.0,0.234858487858086,0.84567,0.241,revenueGrowth,-0.0,0.1,0.0509,0.38039002,0.20362,0.15088001,0.8189937330322482,1.379,USD,USD,USD,1.0,1.0,241.31,147.35,34.7254753112793,376.0595397949219,92901490688.0,10229900000.0,yfinance,VRT,fresh,2026-10-01
VRTX,Vertex Pharmaceuticals Incorporated,522.81,53.497971664306185,0.5045833312524924,SPY,392.5,0.33199999999999985,343.0,557.9600219726562,0.5242274052478133,0.06299738437959071,132511907840.0,126637105152.0,12001300000.0,17.15,4866300000.0,5084800000.0,2030500000.0,253460924.0,0.00038774718883288094,18665800000.0,17153600000.0,7339800000.0,3631400000.0,3193800000.0,-437600000.0,2.05,30.484548104956268,7.099181810584063,7.725020277959145,11.041462828193612,9.106779749127245,26.019768,14550907290.0,0.14860441075120606,0.97927004,0.125,revenueGrowth,0.0180157394072276,,0.0,0.54957,0.38055,0.34997,0.10878183629954248,3.185,USD,USD,USD,1.0,1.0,522.81,392.5,343.0,557.9600219726562,132511907840.0,12001300000.0,yfinance,VRTX,fresh,2026-10-01
VSAT,"Viasat, Inc.",70.38,40.68284479457697,3.2664893765058687,SPY,26.1,1.6965517241379307,6.829999923706055,89.80999755859375,9.30453891452034,0.2163455972250445,9695253504.0,14963077120.0,4640280000.0,-0.2,1819516000.0,1746835000.0,6939566000.0,137755810.0,0.04874639551660414,4660301000.0,600711000.0,1826908000.0,1589885000.0,597111000.0,-992774000.0,0.26,,2.0803921257446674,16.139630378002067,2.0893682070909514,1.9111957866873466,422.27155,5072873000.0,1.1089875096611674,0.010708299999999999,-0.012,revenueGrowth,0.001890822142240707,,0.0,0.33219,0.04441,-0.00635,1.4890810700853871,1.675,USD,USD,USD,1.0,1.0,70.38,26.1,6.829999923706055,89.80999755859375,9695253504.0,4640280000.0,yfinance,VSAT,fresh,2026-10-01
VSEC,VSE Corporation,164.7,34.72677349904434,2.2892539613036353,SPY,154.67,0.0648477403504235,47.914127349853516,243.47999572753906,2.4373995543613614,0.3235583912844162,4622300672.0,6130335744.0,1112275000.0,3.12,129519000.0,69358000.0,342803000.0,28064972.0,0.1363517420852805,1438808000.0,501604000.0,655823000.0,26990000.0,5709000.0,-21281000.0,3.0,52.78846153846153,3.2125903331090737,9.215039497292684,4.1557174907284615,2.1014846932870057,19.883331,2199540490.0,0.22517707382783644,0.0125851,0.65,revenueGrowth,,0.23,0.1278,0.15621,0.12682,0.05528,0.23825486096824594,3.768,USD,USD,USD,1.0,1.0,164.7,154.67,47.914127349853516,243.47999572753906,4622300672.0,1112275000.0,yfinance,VSEC,fresh,2026-10-01
VST,Vistra Corp.,138.35,47.78785373601902,1.4387723287772474,SPY,132.66,0.042891602593095116,30.597925186157227,216.66139221191406,3.5215484108246256,0.3614459937344009,46435131392.0,68996128768.0,17738000000.0,5.93,5055000000.0,785000000.0,20068000000.0,335635195.0,-0.004987933824780034,5097000000.0,-2624000000.0,-2635000000.0,4070000000.0,1318000000.0,-2752000000.0,0.35,23.33052276559865,9.110286716107515,-17.69631531707317,2.6178335433532527,1.9195560383490702,13.34702,24190557850.0,0.15939447907390916,0.92070997,-0.055,revenueGrowth,0.02213841049186968,0.65,0.1535,0.38309,0.13766,0.1155,3.9372179713556994,0.973,USD,USD,USD,1.0,1.0,138.35,132.66,30.597925186157227,216.66139221191406,46435131392.0,17738000000.0,yfinance,VST,fresh,2026-10-01
VT,Vanguard Total World Stock Index Fund ETF Shares,157.85,46.68858515296228,1.0490761418889512,SPY,133.65,0.18106995884773652,84.13658142089844,161.973876953125,0.8761161593949918,0.025460136107740693,,,,7.73851,,,,,,,,,,,,,20.397983591156436,,,,,,,,,,,,0.0155,,,,,,,USD,USD,USD,1.0,1.0,157.85,133.65,84.13658142089844,161.973876953125,,,yfinance,VT,fresh,2026-10-01
VTRS,Viatris Inc.,17.72,69.66231908133027,0.7037736265599892,SPY,9.69,0.8286893704850361,6.834848403930664,18.270000457763672,1.5925959074394942,0.03010401992244917,20353028096.0,32466229248.0,14299900000.0,-0.37,-395400000.0,1322400000.0,14698000000.0,1148590864.0,-0.018939076510517055,14711300000.0,-7145500000.0,2694900000.0,2315900000.0,1850800000.0,-465100000.0,3.29,,1.3834962305166776,-2.848370036526485,1.423298631179239,1.3535143300011268,6.628536,15037172230.0,0.0409549795361528,0.93523,0.049,revenueGrowth,0.024590935444066122,0.0265,9.6,0.40307,0.12550999,-0.02787,0.9990959330582614,1.585,USD,USD,USD,1.0,1.0,17.72,9.69,6.834848403930664,18.270000457763672,20353028096.0,14299900000.0,yfinance,VTRS,fresh,2026-10-01
VUG,Vanguard Morningstar Growth ETF,90.11,57.28220668472703,1.3186679201501659,SPY,69.63333,0.29406420747076145,42.95425796508789,91.02882385253906,1.0978129822016498,0.010093768255508822,,,,2.9348624,,,,,,,,,,,,,30.70331338191528,,,,,,,,,,,,0.38,,,,,,,USD,USD,USD,1.0,1.0,90.11,69.63333,42.95425796508789,91.02882385253906,,,yfinance,VUG,fresh,2026-10-01
VUZI,Vuzix Corporation,2.79,52.51497429154516,3.1818020513022542,SPY,1.97,0.41624365482233505,0.8500000238418579,5.260000228881836,2.282352849108953,0.4695817721298665,235515712.0,228959328.0,6280611.0,-0.39,-29228018.0,21150213.0,1003025.0,84414230.0,0.13066907290669666,34681491.0,20734674.0,22307525.0,-18789272.0,-21357542.0,-2568270.0,,,6.790818537761251,11.358544243328831,37.49885353510988,20.479627130434782,-6.642857,11500000.0,-0.0,0.39048,-0.141,revenueGrowth,-0.0,,0.0,-0.09633,-6.9817295,0.0,0.028921046099200293,5.696,USD,USD,USD,1.0,1.0,2.79,1.97,0.8500000238418579,5.260000228881836,235515712.0,6280611.0,yfinance,VUZI,fresh,2026-10-01
VWO,Vanguard FTSE Emerging Markets Index Fund ETF Shares,59.31,45.77268207259186,1.1293029499552965,SPY,52.2,0.13620689655172413,34.681365966796875,61.32308578491211,0.7101402538983616,0.0328275356522813,,,,3.8005395,,,,1418119936.0,,68276802438.656,,,,,,,15.605679141079838,1.231878,,,,,,,,,,,0.0229,,,,,,,USD,USD,USD,1.0,1.0,59.31,52.2,34.681365966796875,61.32308578491211,,,yfinance,VWO,fresh,2026-10-01
VXUS,Vanguard Total International Stock Index Fund ETF Shares,84.96,44.87850524727831,1.0998817435104309,SPY,72.08,0.17869034406215312,46.736289978027344,88.25055694580078,0.8178593131791846,0.03728652894306025,,,,5.235707,,,,,,,,,,,,,16.22703485890253,,,,,,,,,,,,0.025099999999999997,,,,,,,USD,USD,USD,1.0,1.0,84.96,72.08,46.736289978027344,88.25055694580078,,,yfinance,VXUS,fresh,2026-10-01
VXX,iPath Series B S&P 500 VIX Short-Term Futures ETN,17.61,39.4724301522167,-3.4711114776437944,SPY,17.12,0.02862149532710271,17.149999618530273,108.31999969482422,0.02682218027414436,0.8374261442982496,,,,,,,,,,,,,,,,,,,,,,,,,,,,,0.0,,,,,,,USD,USD,USD,1.0,1.0,17.61,17.12,17.149999618530273,108.31999969482422,,,yfinance,VXX,fresh,2026-10-01
VYM,Vanguard High Dividend Yield Index Fund ETF Shares,155.2,29.763194213682283,0.5857661244318801,SPY,137.42,0.1293843690874691,90.9619369506836,166.10748291015625,0.7062081701728058,0.06566521097701462,,,,7.960804,,,,,,,,,,,,,19.49551829187102,,,,,,,,,,,,0.0222,,,,,,,USD,USD,USD,1.0,1.0,155.2,137.42,90.9619369506836,166.10748291015625,,,yfinance,VYM,fresh,2026-10-01
VYMI,Vanguard International High Dividend Yield Index Fund ETF Shares,101.13,39.42632037203497,0.73754735319309,SPY,82.845,0.22071338040919786,52.140235900878906,106.29776763916016,0.9395769553527334,0.048615956420672304,,,,7.525247,,,,,,,,,,,,,13.438761544969886,,,,,,,,,,,,0.034300000000000004,,,,,,,USD,USD,USD,1.0,1.0,101.13,82.845,52.140235900878906,106.29776763916016,,,yfinance,VYMI,fresh,2026-10-01
VZ,Verizon Communications Inc.,45.87,34.35482395151175,-0.3005305491187137,SPY,38.39,0.19484240687679075,25.614530563354492,51.45000076293945,0.7907804277945291,0.108454823716132,190579539968.0,383705546752.0,138191000000.0,3.84,47715000000.0,19048000000.0,181643000000.0,4154775202.0,0.001894387875917594,104460000000.0,-85878000000.0,-5448000000.0,37137000000.0,19676000000.0,-17461000000.0,0.82,11.9453125,1.8244260000765844,-2.219189314702252,1.3791024015167412,1.3261444271472005,8.686743,143709490510.0,0.22335920959774172,0.71182996,-0.007,revenueGrowth,,0.061500000000000006,0.7279,0.59453,0.22999,0.11643,1.7388761248324718,0.604,USD,USD,USD,1.0,1.0,45.87,38.39,25.614530563354492,51.45000076293945,190579539968.0,138191000000.0,yfinance,VZ,fresh,2026-10-01
WATT,Energous Corporation,13.14,53.920576858200484,2.680493881955401,SPY,3.62,2.6298342541436464,3.755000114440918,79.5,2.4993341143896117,0.8347169811320755,72625712.0,42579712.0,5630000.0,-1.67,-8812000.0,10401000.0,1168000.0,5527071.0,5.228248743950412,12498000.0,12498000.0,11665000.0,-12420000.0,-12502000.0,-82000.0,,,5.81098671787486,5.81098671787486,12.899771225577265,1.9366856533333334,16.222223,37500000.0,,0.40955,2.168,revenueGrowth,,,0.0,0.26586,-1.01133,-0.76371,0.0934549527924468,8.785,USD,USD,USD,1.0,1.0,13.14,3.62,3.755000114440918,79.5,72625712.0,5630000.0,yfinance,WATT,fresh,2026-10-01
WB,Weibo Corporation,6.46,27.93269791721268,0.9333295609148446,SPY,6.37,0.014128728414442678,5.96504020690918,11.985738754272461,0.08297677399014323,0.46102613010005283,1587044864.0,853233856.0,1757216000.0,1.21,761261000.0,2298941000.0,1905942000.0,157850548.0,0.01251314841973903,3920729000.0,3655156000.0,2520955000.0,519479000.0,477111000.0,-42368000.0,0.79,5.338842975206612,0.4047831064069973,0.43419346917067286,0.9031586691675924,0.89517203149195,5.032289,1772893710.0,0.23864259341210972,0.25699,0.02,revenueGrowth,-0.0,0.095,0.5041,0.73355,0.2619,0.17784001,0.48611929057070763,3.588,USD,USD,USD,1.0,1.0,6.46,6.37,5.96504020690918,11.985738754272461,1587044864.0,1757216000.0,yfinance,WB,fresh,2026-10-01
WEAT,Teucrium Wheat Fund,24.57,40.218997969885436,-0.11028376512036485,SPY,19.78,0.24216380182002017,19.8799991607666,32.150001525878906,0.2359155451318714,0.2357698651982159,,,,,,,,,,,,,,,,,,,,,,,,,,,,,0.0,,,,,,,USD,USD,USD,1.0,1.0,24.57,19.78,19.8799991607666,32.150001525878906,,,yfinance,WEAT,fresh,2026-10-01
WELL,Welltower Inc.,230.24,47.7739427449852,-0.012786757909501059,SPY,163.75,0.4060458015267176,74.79926300048828,251.12200927734375,2.0781051946794853,0.08315483512351667,165904515072.0,184949178368.0,10667136000.0,2.22,2310458000.0,5033678000.0,21380295000.0,720572011.0,0.11625626283367556,42129498000.0,42129498000.0,8056442000.0,2881677000.0,2847878000.0,-33799000.0,3.66,103.7117117117117,3.9379656285484343,3.9379656285484343,15.552863961985672,9.95309819107592,72.40252,16668630399.0,0.014824227904796625,0.0100855,0.391,revenueGrowth,-0.0,0.0146,1.3274001,0.39560002,0.16561002,0.12149999,0.5074899064783539,1.317,USD,USD,USD,1.0,1.0,230.24,163.75,74.79926300048828,251.12200927734375,165904515072.0,10667136000.0,yfinance,WELL,fresh,2026-10-01
WFC,Wells Fargo & Company,80.05,32.63475393733333,0.7585358463939884,SPY,72.78,0.09989007969222308,35.95524597167969,94.8288803100586,1.2263788728646647,0.15584788370100566,242071142400.0,241610145792.0,83699000000.0,6.88,,174210000000.0,193035000000.0,3023999336.0,-0.06497289191371554,181117000000.0,133215000000.0,,-19001000000.0,,,1.26,11.63517441860465,1.3365456715824577,1.8171462853282287,2.8921628980035603,2.5998817970667205,10.066866,93108518500.0,0.1524266835985555,0.78749,0.095,revenueGrowth,0.08062092741212262,0.024900000000000002,0.2616,0.0,0.37387002,0.27232,1.065802768376243,,USD,USD,USD,1.0,1.0,80.05,72.78,35.95524597167969,94.8288803100586,242071142400.0,83699000000.0,yfinance,WFC,fresh,2026-10-01
WLK,Westlake Corporation,62.31,27.017262100839204,0.6202387767524515,SPY,56.33,0.10616012781821417,54.892494201660156,153.3429718017578,0.13512786959706985,0.5936559773958566,7963002880.0,12490002432.0,11170000000.0,-9.58,-248000000.0,2724000000.0,6410000000.0,127796548.0,-0.007326163222122109,8792000000.0,6296000000.0,3446000000.0,465000000.0,-530000000.0,-995000000.0,1.7,,0.9057100636942675,1.2647717407878019,0.7128919319606087,0.6624887681342955,20.732267,12019830770.0,0.07889793362554791,0.31593,0.108,revenueGrowth,0.007911588247472793,0.0336,0.694,0.102180004,0.1122,-0.10935,0.7290718835304822,2.453,USD,USD,USD,1.0,1.0,62.31,56.33,54.892494201660156,153.3429718017578,7963002880.0,11170000000.0,yfinance,WLK,fresh,2026-10-01
WLKP,Westlake Chemical Partners LP,21.2,47.00324735651743,0.28001919998452457,SPY,17.75,0.19436619718309855,16.311243057250977,22.831884384155273,0.2997170065818976,0.0714739246528315,747212672.0,1370693632.0,1166695000.0,1.64,409040000.0,44269000.0,399674000.0,35245879.0,0.0010975406952191788,0.0,252722000.0,92205000.0,280469000.0,201652000.0,-78817000.0,,12.926829268292684,1.505575,2.9566585892799204,0.6404524507261966,0.5235696609531929,11.445107,1427150440.0,0.001828679172113144,0.29091,-0.0,revenueGrowth,,0.08800000000000001,1.1498001,0.31165,0.29388002,0.04665,0.51945,3.442,USD,USD,USD,1.0,1.0,21.2,17.75,16.311243057250977,22.831884384155273,747212672.0,1166695000.0,yfinance,WLKP,fresh,2026-10-01
WM,"Waste Management, Inc.",203.92,31.65487715428506,-0.3926574949216743,SPY,194.11,0.050538354541239366,144.4338836669922,243.3985595703125,0.4118570713653274,0.16219717832351438,81509924864.0,104309923840.0,25204000000.0,7.06,7201000000.0,201000000.0,22907000000.0,399715184.0,0.0019831432821021317,9990000000.0,-7657000000.0,-614000000.0,6043000000.0,2816000000.0,-3227000000.0,1.89,28.88385269121813,8.159151638038038,-10.645151477602194,3.2340074934137437,2.9302644186230125,22.364138,27816576670.0,0.20928196147110334,0.85810995,0.04,revenueGrowth,-0.0,0.0183,0.5007,0.40601003,0.18986,0.11115,2.292992992992993,0.907,USD,USD,USD,1.0,1.0,203.92,194.11,144.4338836669922,243.3985595703125,81509924864.0,25204000000.0,yfinance,WM,fresh,2026-10-01
WMB,"The Williams Companies, Inc.",67.97,34.74326498577608,0.014699930199742913,SPY,56.19,0.209645844456309,29.435096740722656,78.24972534179688,1.3091481777250404,0.13137075302047085,83138699264.0,115941695488.0,11950000000.0,2.51,7414000000.0,63000000.0,29393000000.0,1223167472.0,0.0016729983302724387,12807000000.0,6009000000.0,-2862000000.0,5898000000.0,899000000.0,-4999000000.0,1.98,27.079681274900402,6.491660753025689,13.835696332834083,6.957213327531381,6.001357276762576,26.35528,13853316080.0,0.2364137931034483,0.91443,0.078,revenueGrowth,-0.0,0.030600000000000002,0.8167,0.63637,0.39540002,0.24937001,2.2950730069493246,0.477,USD,USD,USD,1.0,1.0,67.97,56.19,29.435096740722656,78.24972534179688,83138699264.0,11950000000.0,yfinance,WMB,fresh,2026-10-01
WMT,Walmart Inc.,103.92,45.993256623323504,-0.05762289119276651,SPY,98.88,0.050970873786407835,48.90846633911133,133.87948608398438,1.1247854978616825,0.22377951215909503,827003568128.0,894598905856.0,713163000000.0,2.76,46471000000.0,10727000000.0,67095000000.0,7958079155.0,-0.007301076599430764,99617000000.0,70882000000.0,-22595000000.0,41565000000.0,14923000000.0,-26642000000.0,4.1,37.652173913043484,8.301831696678278,11.667328350328715,1.1596276981952232,1.052290274581913,32.218758,785908211930.0,0.24429061047202144,0.38224998,0.059,revenueGrowth,0.009779885252862868,0.93,0.3496,0.24836999,0.0345,0.03,0.6735296184386199,0.767,USD,USD,USD,1.0,1.0,103.92,98.88,48.90846633911133,133.87948608398438,827003568128.0,713163000000.0,yfinance,WMT,fresh,2026-10-01
WOLF,"Wolfspeed, Inc.",28.13,53.63761805687663,4.360718754835285,SPY,13.485,1.086021505376344,14.800000190734863,73.5,0.9006756511807357,0.6172789115646259,1488936832.0,2198360576.0,757600000.0,-11.39,-1051600000.0,576300000.0,1796200000.0,52930569.0,-0.6322381757712991,930200000.0,538000000.0,1357800000.0,-711700000.0,-1748000000.0,-1036300000.0,,,1.6006631176091164,2.7675405799256505,1.9653337275607181,1.8726409659162369,-4.8250427,795100000.0,0.0059917227747235775,0.0132724,-0.241,revenueGrowth,,,0.0,-0.28236,-0.31618,0.00662,1.9309825843904536,6.863,USD,USD,USD,1.0,1.0,28.13,13.485,14.800000190734863,73.5,1488936832.0,757600000.0,yfinance,WOLF,fresh,2026-10-01
WPP,WPP plc,24.72,50.52586199896619,1.0425419259250415,SPY,14.81,0.6691424713031734,14.696873664855957,51.72688674926758,0.6819903718102946,0.522105397144358,5332225024.0,31628439552.0,17974875354.766846,-1.45,1233699932.0983887,3573750125.88501,9063051544.189453,215704907.0,-0.019143117593436645,3369460029.602051,-6818513603.210449,-2208720846.1761475,960428764.3432617,713688777.923584,-246739986.41967773,4.23,,1.5825161827575562,-0.7820216156039286,0.29664878997816924,0.41363427366566285,6.548882,12891158599.46846,2.312977099236641,0.15630999,-0.044,revenueGrowth,0.02413180780964144,0.04,1.1455001,0.15943,0.040949997,-0.018099999,2.689763779527559,0.866,USD,USD,GBP,1.0,1.326559066772461,24.72,14.81,14.696873664855957,51.72688674926758,5332225024.0,13550000000.0,yfinance,WPP,fresh,2026-10-01
WSM,"Williams-Sonoma, Inc.",227.94,51.11246601809829,1.2210753212849172,SPY,165.51,0.37719775240166764,69.16072082519531,251.77999877929688,2.2958013924713354,0.09468583245245916,26846584832.0,27345594368.0,7806816000.0,9.75,1647171000.0,1019801000.0,1456905000.0,117779173.0,-0.038175271983192885,2082559000.0,2005161000.0,759057000.0,1314889000.0,1055451000.0,-259438000.0,2.61,23.37846153846154,12.891152102773558,13.38874276529416,3.4388648114673126,3.0837274129396977,21.679419,8705887790.0,0.2506767362449744,0.9849,0.067,revenueGrowth,0.03180896212102603,0.0132,0.2913,0.45692003,0.17272,0.14729,0.6995744178196152,1.447,USD,USD,USD,1.0,1.0,227.94,165.51,69.16072082519531,251.77999877929688,26846584832.0,7806816000.0,yfinance,WSM,fresh,2026-10-01
WULF,TeraWulf Inc.,14.8,42.60373258338148,3.362682082325716,SPY,10.47,0.41356255969436484,0.9399999976158142,28.979999542236328,14.744680890998133,0.48930295949694436,7384736256.0,9997523968.0,168455000.0,-4.56,-483909000.0,3266389000.0,5195726000.0,498968677.0,0.13176971457983822,140445000.0,84988000.0,1742425000.0,-123180000.0,-1183369000.0,-1060189000.0,,,52.580983701804975,86.89151710829765,43.83803541598647,8.1748172165696,-61.76446,903351850.0,,0.89958,-0.06,revenueGrowth,0.004509842849558905,,0.0,0.69262004,-3.0703602,0.0,36.994738153725656,0.746,USD,USD,USD,1.0,1.0,14.8,10.47,0.9399999976158142,28.979999542236328,7384736256.0,168455000.0,yfinance,WULF,fresh,2026-10-01
WVE,"Wave Life Sciences, Inc.",3.7,21.34932545336494,1.3130667745438576,SPY,3.56,0.03932584269662925,3.5399999618530273,21.309999465942383,0.04519775137602548,0.8263725906744702,729078272.0,281080992.0,42727000.0,-1.08,-206531000.0,602068000.0,17766000.0,197048175.0,0.21964769415650567,518357000.0,518357000.0,519749000.0,-187493000.0,-188211000.0,-718000.0,,,1.4065176548209053,1.4065176548209053,17.06364294240176,20.934042506761916,-3.243196,34827400.0,-0.0,0.85264,-0.739,revenueGrowth,,,0.0,-2.02001,-0.3248327,0.0,0.03427367625015192,9.987,USD,USD,USD,1.0,1.0,3.7,3.56,3.5399999618530273,21.309999465942383,729078272.0,42727000.0,yfinance,WVE,fresh,2026-10-01
XAIX,Xtrackers Artificial Intelligence and Big Data ETF,58.78,57.0901576409506,1.6898555778693312,SPY,38.33,0.5335246543177669,27.500629425048828,60.82843780517578,1.1374056241222064,0.03367566025181535,,,,2.2394395,,,,,,,,,,,,,26.247639197218767,,,,,,,,,,,,0.39,,,,,,,USD,USD,USD,1.0,1.0,58.78,38.33,27.500629425048828,60.82843780517578,,,yfinance,XAIX,fresh,2026-10-01
XBI,State Street SPDR S&P Biotech ETF,157.68,47.401142386095344,1.0422280561543373,SPY,100.11,0.5750674258315853,63.71742630004883,169.5500030517578,1.47467622526805,0.07000886368686352,,,,,,,,,,,,,,,,,,,,,,,,,,,,,0.35,,,,,,,USD,USD,USD,1.0,1.0,157.68,100.11,63.71742630004883,169.5500030517578,,,yfinance,XBI,fresh,2026-10-01
XDAT,Franklin Exponential Data ETF,28.0183,57.58984891897483,1.3513686376210612,SPY,20.15,0.3904863523573202,17.12272071838379,28.735000610351562,0.6363228987270805,0.024941729428513623,,,,0.891861,,,,,,,,,,,,,31.415545696022136,,,,,,,,,,,,0.0,,,,,,,USD,USD,USD,1.0,1.0,28.0183,20.15,17.12272071838379,28.735000610351562,,,yfinance,XDAT,fresh,2026-10-01
XENE,Xenon Pharmaceuticals Inc.,37.19,18.677029709433924,0.8084048190711671,SPY,36.07,0.031050734682561615,28.229999542236328,70.95999908447266,0.31739286585386445,0.475901909810793,3601495552.0,2677227776.0,7500000.0,-4.74,-370527000.0,199163000.0,7944000.0,96840432.0,0.017448029128267525,581760000.0,581760000.0,518857000.0,-279118000.0,-279917000.0,-799000.0,,,6.190689548954896,6.190689548954896,480.1994069333333,133.51729635945725,-7.8889647,26974000.0,,0.010733,,,,,0.0,0.0,0.0,0.0,0.013655115511551155,0.21015,USD,USD,USD,1.0,1.0,37.19,36.07,28.229999542236328,70.95999908447266,3601495552.0,7500000.0,yfinance,XENE,fresh,2026-10-01
XIACF,Xiaomi Corporation,3.25,43.31864887775982,0.9498251131772186,SPY,2.52,0.28968253968253965,1.4809999465942383,7.900000095367432,1.1944632796738575,0.5886075999029666,83697221632.0,5224087552.0,68221194265.37387,0.18,9255310165.173635,4015273118.695691,6241667015.052438,21323754889.0,0.04684543773702505,39716343172.58991,37232557076.08357,9310056544.775963,5093596206.089929,3188605248.2847867,-1904990957.805142,2.56,18.055555555555557,2.1073748222057698,2.2479579219060173,1.226850724811792,1.0338159237892188,,80959501305.82892,0.16275803114657894,0.27129,-0.061,revenueGrowth,0.011002312674932093,,0.0,0.21392,0.040120002,0.07533,0.15715613564745562,1.491,USD,USD,CNY,1.0,0.14918692409992218,3.25,2.52,1.4809999465942383,7.900000095367432,83697221632.0,457286687000.0,yfinance,XIACF,fresh,2026-10-01
XLB,State Street Materials Select Sector SPDR ETF,48.7,34.4501069943105,0.7300117387333717,SPY,42.035,0.15855834423694556,35.1518669128418,53.42414093017578,0.3854171706086187,0.08842708273681238,,,,2.1429024,,,,71923696.0,,5690171285.344,,,,,,,22.726186689603782,0.61556745,,,,,,,,,,,0.0161,,,,,,,USD,USD,USD,1.0,1.0,48.7,42.035,35.1518669128418,53.42414093017578,,,yfinance,XLB,fresh,2026-10-01
XLE,State Street Energy Select Sector SPDR ETF,61.5,43.24542633555631,-0.2973361564742229,SPY,42.35,0.4521841794569067,36.548736572265625,65.5404281616211,0.682684704528698,0.06164787559302323,,,,3.6047857,,,,186424000.0,,9715486760.0,,,,,,,17.060653563955274,1.1800824,,,,,,,,,,,0.023700000000000002,,,,,,,USD,USD,USD,1.0,1.0,61.5,42.35,36.548736572265625,65.5404281616211,,,yfinance,XLE,fresh,2026-10-01
XLF,State Street Financial Select Sector SPDR ETF,53.4,29.52590255833954,0.616817792904566,SPY,47.67,0.12020138451856506,30.02095603942871,58.353477478027344,0.7787574762731035,0.08488744273882474,,,,3.526658,,,,883444992.0,,30052148292.864002,,,,,,,15.141814148125507,1.5698035,,,,,,,,,,,0.013999999999999999,,,,,,,USD,USD,USD,1.0,1.0,53.4,47.67,30.02095603942871,58.353477478027344,,,yfinance,XLF,fresh,2026-10-01
XLU,State Street Utilities Select Sector SPDR ETF,39.44,31.199209584091363,0.1424452242017596,SPY,39.03,0.010504739943633015,25.69072914123535,46.754093170166016,0.5351841430104115,0.15643749400818605,,,,2.2208757,,,,163274000.0,,10447903260.0,,,,,,,17.758760654637264,0.61634624,,,,,,,,,,,0.028300000000000002,,,,,,,USD,USD,USD,1.0,1.0,39.44,39.03,25.69072914123535,46.754093170166016,,,yfinance,XLU,fresh,2026-10-01
XLV,State Street Health Care Select Sector SPDR ETF,168.42,57.19235475230812,0.2700603154084284,SPY,139.6,0.20644699140401143,117.13653564453125,175.0102081298828,0.4378092972725116,0.03765613560662667,,,,5.597123,,,,,,,,,,,,,30.09045897329753,,,,,,,,,,,,0.0149,,,,,,,USD,USD,USD,1.0,1.0,168.42,139.6,117.13653564453125,175.0102081298828,,,yfinance,XLV,fresh,2026-10-01
XMTR,"Xometry, Inc.",102.85,63.06043666352463,2.1353080733813172,SPY,35.86,1.8680981595092023,11.279999732971191,105.12999725341797,8.117908017264549,0.02168740904579304,5895729152.0,5719409152.0,686631000.0,-0.6,-37502000.0,14996000.0,339422000.0,55848262.0,0.03523337601366118,275601000.0,-16763000.0,245708000.0,6086000.0,-24094000.0,-30180000.0,,,21.392263279160815,-351.7108603471932,8.586459323858083,5.277067736003418,80.14431,1117235830.0,,0.010011901,0.411,revenueGrowth,0.0013704835808576845,,0.0,0.38749,-0.02438,-0.03815,1.2315702773211998,3.214,USD,USD,USD,1.0,1.0,102.85,35.86,11.279999732971191,105.12999725341797,5895729152.0,686631000.0,yfinance,XMTR,fresh,2026-10-01
XOM,ExxonMobil Holdings Corporation,162.75,50.20401174818043,-0.5634192209602906,SPY,110.39,0.4743183259353202,88.5173568725586,169.32000732421875,0.8386224549645854,0.03880230947331767,669213655040.0,707724640256.0,323905000000.0,7.78,67864000000.0,10681000000.0,43537000000.0,4111911960.0,0.001646027687296417,259386000000.0,259386000000.0,11052000000.0,51970000000.0,23612000000.0,-28358000000.0,1.38,20.919023136246786,2.579991422204745,2.579991422204745,2.0660800390237877,1.6327424600098523,14.432554,409870920510.0,0.27876320635843754,0.67206,0.441,revenueGrowth,0.030293763205994726,0.0255,0.5251,0.29767,0.15859,0.09072,0.16784637567177874,1.135,USD,USD,USD,1.0,1.0,162.75,110.39,88.5173568725586,169.32000732421875,669213655040.0,323905000000.0,yfinance,XOM,fresh,2026-10-01
XOP,State Street SPDR S&P Oil & Gas Exploration & Production ETF,179.33,39.25096207231564,-0.3200163451815449,SPY,122.11,0.4685938907542381,98.64594268798828,198.90689086914062,0.8179156193702866,0.09842238639193301,,,,17.29551,,,,70500000.0,,6820240500.0,,,,,,,10.368586991652748,1.8537126,,,,-17933.0,,,,,,,0.0172,,,,,,,USD,USD,USD,1.0,1.0,179.33,122.11,98.64594268798828,198.90689086914062,,,yfinance,XOP,fresh,2026-10-01
XPEV,XPeng Inc.,9.56,26.364547788762934,1.5295233949406981,SPY,9.435,0.013248542660307365,6.630000114440918,28.06999969482422,0.4419305935119366,0.6594228676902069,9158257664.0,7962184192.0,11445582326.719612,-0.49,329861687.96114624,2585351510.1251006,2917153075.6603184,783622601.0,0.006678853640049461,4530596531.351656,3411127690.29066,766892101.2233198,1232064539.100006,732727400.4828929,-499337138.61711323,,,2.0214242430604896,2.6848181878584647,0.8001565497126457,0.5575068353869596,51.946014,16427166597.237057,,0.12392,0.08,revenueGrowth,-0.0,,0.0,0.20848,-0.06028,-0.041360002,0.6438783624791273,1.112,USD,USD,CNY,1.0,0.14918692409992218,9.56,9.435,6.630000114440918,28.06999969482422,9158257664.0,76719742000.0,yfinance,XPEV,fresh,2026-10-01
XPON,"Expion Energy, Inc.",4.47,45.27198147187071,2.485996618334787,SPY,2.77,0.6137184115523465,3.2699999809265137,7440.0,0.3669724850375935,0.999399193548387,4260763.0,3463007.0,9651870.0,-7.5,-6098166.0,2969096.0,906969.0,953191.0,7.598798135425052,6535760.0,6535760.0,6047988.0,-6149263.0,-6168466.0,-19203.0,,,0.651915462012069,0.651915462012069,0.44144430043090094,,-0.37249997,0.0,,0.05771,-0.321,revenueGrowth,,,0.0,0.15442,-0.641,-0.82319,0.13877024248136408,5.547,USD,USD,USD,1.0,1.0,4.47,2.77,3.2699999809265137,7440.0,4260763.0,9651870.0,yfinance,XPON,fresh,2026-10-01
XYL,Xylem Inc.,101.27,27.563524447979006,0.7724406198820639,SPY,100.17,0.01098133173604866,84.55377960205078,150.8356170654297,0.1976992687568017,0.3286068504889601,23645208576.0,25669210112.0,9035000000.0,4.2,1785000000.0,1479000000.0,2063000000.0,233486812.0,0.002053388090349076,11480000000.0,876000000.0,1785000000.0,1241000000.0,910000000.0,-331000000.0,1.23,24.11190476190476,2.0596871581881535,26.99224723287671,2.6170679110127284,2.4552940305640365,16.214848,9630296120.0,0.1955969517358171,0.97574997,0.015,revenueGrowth,0.0006343779946701367,0.017,0.3952,0.39240003,0.16995001,0.111549996,0.17970383275261323,1.613,USD,USD,USD,1.0,1.0,101.27,100.17,84.55377960205078,150.8356170654297,23645208576.0,9035000000.0,yfinance,XYL,fresh,2026-10-01
XYZ,"Block, Inc.",73.53,38.6995581536766,1.869059980797748,SPY,48.21,0.5252022401991288,39.220001220703125,98.91999816894531,0.8748087126826911,0.2566720444695295,44176457728.0,44573835264.0,24193683000.0,0.56,3415181000.0,11335916000.0,8966376000.0,540816000.0,-0.021295117773692234,22204278000.0,9073590000.0,12472420000.0,2579714000.0,2424676000.0,-155038000.0,0.57,131.30357142857142,1.9895471371777997,4.868685683175017,1.8259500931710149,1.5217492070153558,14.147922,29030051420.0,0.2282374633930426,0.84248,0.093,revenueGrowth,0.05275798739568873,,0.0,0.46572,0.06999,0.01426,0.40381299495529643,2.209,USD,USD,USD,1.0,1.0,73.53,48.21,39.220001220703125,98.91999816894531,44176457728.0,24193683000.0,yfinance,XYZ,fresh,2026-10-01
YANG,Direxion Daily FTSE China Bear 3X Shares,32.12,60.25287240656888,-2.320458367979341,SPY,19.94,0.6108324974924773,19.931306838989258,333.18243408203125,0.6115350719084531,0.9035963582879285,,,,,,,,,,,,,,,,,,,,,,,,,,,,,0.0318,,,,,,,USD,USD,USD,1.0,1.0,32.12,19.94,19.931306838989258,333.18243408203125,,,yfinance,YANG,fresh,2026-10-01
YCL,ProShares Ultra Yen,18.26,49.36348028661565,0.24309202431186339,SPY,16.99,0.07474985285462056,17.059999465942383,27.489999771118164,0.07034001005997871,0.33575845209047556,,,,,,,,,,,,,,,,,,,,,,,,,,,,,0.0,,,,,,,USD,USD,USD,1.0,1.0,18.26,16.99,17.059999465942383,27.489999771118164,,,yfinance,YCL,fresh,2026-10-01
YMAX,YieldMax Universe Fund of Option Income ETFs,7.55,56.653947008201214,1.6101951751604822,SPY,7.19,0.05006954102920715,5.2597455978393555,7.944212913513184,0.43543064194995573,0.049622652087109066,,,,0.24328879,,,,,,,,,,,,,31.033078013993162,,,,,,,,,,,,0.3774,,,,,,,USD,USD,USD,1.0,1.0,7.55,7.19,5.2597455978393555,7.944212913513184,,,yfinance,YMAX,fresh,2026-10-01
DBC,Invesco DB Commodity Index Tracking Fund,32.32,48.61609540211433,-0.29330092367775734,SPY,21.98,0.47042766151046406,19.304954528808594,33.68000030517578,0.6741816175619156,0.04038005620109162,,,,,,,,,,,,,,,,,,,,,,,,,,,,,0.023799999999999998,,,,,,,USD,USD,USD,1.0,1.0,32.32,21.98,19.304954528808594,33.68000030517578,,,yfinance,DBC,fresh,2026-10-01
UUP,Invesco DB US Dollar Index Bullish Fund,28.77,72.24138407701774,-0.12626370181585822,SPY,26.4,0.08977272727272731,24.934709548950195,28.864215850830078,0.15381331968277442,0.0032641056773197977,,,,,,,,,,,,,,,,,,,,,,,,,,,,,0.033,,,,,,,USD,USD,USD,1.0,1.0,28.77,26.4,24.934709548950195,28.864215850830078,,,yfinance,UUP,fresh,2026-10-01
SHY,iShares 1-3 Year Treasury Bond ETF,81.2,38.01547604180178,0.03188207129996087,SPY,81.05,0.0018507094386182072,72.232666015625,81.83543395996094,0.12414513376032991,0.007764777788944445,,,,,,,,,,,,,,,,,,,,,,,,,,,,,0.0363,,,,,,,USD,USD,USD,1.0,1.0,81.2,81.05,72.232666015625,81.83543395996094,,,yfinance,SHY,fresh,2026-10-01
XLY,State Street Consumer Discretionary Select Sector SPDR ETF,108.84,35.76796596021836,1.1629705295421893,SPY,105.19,0.034699115885540505,72.20117950439453,123.75066375732422,0.5074545976548132,0.1204895659110493,,,,4.5761576,,,,,,,,,,,,,23.784145895674573,,,,,,,,,,,,0.77,,,,,,,USD,USD,USD,1.0,1.0,108.84,105.19,72.20117950439453,123.75066375732422,,,yfinance,XLY,fresh,2026-10-01
YPF,YPF Sociedad Anónima,50.13,39.76289392974221,0.1852083005076351,SPY,23.02,1.1776715899218073,9.930000305175781,57.61000061035156,4.048338213430961,0.12983857891172332,19654723584.0,12781123272704.0,11990314.923692495,1.89,3310386.6623714566,611844.444531016,7313278.933987021,392023246.0,-0.0003480846834128997,7091624.676482752,6808326.927246526,-633485.2448198944,3252022.0797741786,-77382.2555784136,-3329404.335352592,0.1,26.523809523809526,2771.5403000921638,2886.86542142137,1639.2166268429587,0.9775218380512972,9.139371,20106684903.512695,1.878021978021978,0.40545,0.722,revenueGrowth,3.336510046213777e-07,,0.0,0.35638002,0.27511,0.04003,1.0312557795450341,0.934,USD,USD,ARS,1.0,0.0006557818269357085,50.13,23.02,9.930000305175781,57.61000061035156,19654723584.0,18284000000.0,yfinance,YPF,fresh,2026-10-01
Z,"Zillow Group, Inc.",27.13,31.77255952176685,1.165892454324445,SPY,26.93,0.00742666171555883,27.34000015258789,90.31999969482422,-0.007681058939863023,0.6996235596582417,6100857344.0,5960857600.0,2583000000.0,0.23,315000000.0,768000000.0,457000000.0,177255435.0,0.08561285388995929,4884000000.0,1463040000.0,1443000000.0,368000000.0,101000000.0,-267000000.0,0.93,117.95652173913042,1.2491517903357903,4.1699867016622925,2.361926962446767,1.8507774819906055,9.7250595,3296375390.0,0.08,0.97688,0.179,revenueGrowth,0.10982063048219343,,0.0,0.72883004,0.046630003,0.01957,0.09357084357084357,1.922,USD,USD,USD,1.0,1.0,27.13,26.93,27.34000015258789,90.31999969482422,6100857344.0,2583000000.0,yfinance,Z,fresh,2026-10-01
ZBRA,Zebra Technologies Corporation,373.31,64.71987555567557,1.7584877564862018,SPY,199.05,0.8754584275307711,197.99000549316406,421.1099853515625,0.8854992153272563,0.1135095034891106,17661542400.0,20466542592.0,5396000000.0,10.91,853000000.0,125000000.0,2697000000.0,47310660.0,-0.012862716712616873,3588000000.0,-1948000000.0,-56000000.0,917000000.0,831000000.0,-86000000.0,0.63,34.21723189734189,4.922391973244147,-9.066500205338809,3.273080504077094,2.6714727720144897,16.816023,6611163170.0,0.2517857142857143,0.0105881,0.204,revenueGrowth,0.03323605530624551,,0.0,0.49581,0.21259001,0.092180006,0.7516722408026756,0.516,USD,USD,USD,1.0,1.0,373.31,199.05,197.99000549316406,421.1099853515625,17661542400.0,5396000000.0,yfinance,ZBRA,fresh,2026-10-01
ZETA,Zeta Global Holdings Corp.,31.57,46.465087548603385,2.244334238570424,SPY,14.365,1.1977027497389487,7.570000171661377,36.7400016784668,3.170409416658095,0.14071860213051973,7869062656.0,7834795520.0,1304668000.0,0.0,39323000.0,319764000.0,197083000.0,225619195.0,0.3163529720310994,804589000.0,27240000.0,256302000.0,198902000.0,164994000.0,-33908000.0,0.77,,9.780226495763676,288.8789521292217,6.031467512041377,3.7273169917323186,26.117674,2111186860.0,0.0476924471846949,0.87428004,0.435,revenueGrowth,0.015372478945477086,,0.0,0.59478,0.03822,-0.0013799999,0.2449486632305438,2.382,USD,USD,USD,1.0,1.0,31.57,14.365,7.570000171661377,36.7400016784668,7869062656.0,1304668000.0,yfinance,ZETA,fresh,2026-10-01
ZLAB,Zai Lab Limited,26.34,55.74968197167898,1.056076073757652,SPY,15.96,0.6503759398496239,13.720000267028809,43.029998779296875,0.9198250355212396,0.3878689112890929,2957092352.0,2593585152.0,460156000.0,-1.7,-158245000.0,679573000.0,224259000.0,112266228.0,0.10695880947214446,715500000.0,636503000.0,603120000.0,-150789000.0,-164213000.0,-13424000.0,,,4.132903357092942,4.645841970894089,6.426282286876624,5.355764038455394,-12.48146,552132680.0,0.016401066881836113,0.38464,-0.033,revenueGrowth,,,0.0,0.03778,-0.71948,-0.41861,0.31342976939203354,2.133,USD,USD,USD,1.0,1.0,26.34,15.96,13.720000267028809,43.029998779296875,2957092352.0,460156000.0,yfinance,ZLAB,fresh,2026-10-01
ZS,"Zscaler, Inc.",199.42,56.221675170961774,0.9320493246464452,SPY,114.625,0.7397600872410032,118.05000305175781,336.2699890136719,0.6892841579391263,0.40696462213316315,32516368384.0,30910201856.0,3352523000.0,-0.39,178501000.0,928354000.0,1855824000.0,163054698.0,0.037660941426387914,2598261000.0,1165808000.0,2069922000.0,1129654000.0,779143000.0,-350511000.0,2.03,,12.514665918473932,27.89170119264922,9.6990739165697,7.104641681240001,35.598,4576778090.0,,0.53151,0.249,revenueGrowth,,,0.0,0.76872003,-0.01008,-0.01885,0.714256189043364,1.699,USD,USD,USD,1.0,1.0,199.42,114.625,118.05000305175781,336.2699890136719,32516368384.0,3352523000.0,yfinance,ZS,fresh,2026-10-01
ZSPC,"zSpace, Inc.",0.127,39.05178602303769,1.587047975984634,SPY,0.091,0.39560439560439564,0.12399999797344208,599.0,0.02419356512570633,0.9997879799666111,4707624.0,16244624.0,27858000.0,-12.85,-23886000.0,712000.0,17713000.0,37067903.0,0.4159479198008698,-22508000.0,-23489000.0,-10826000.0,-17969000.0,-17995000.0,-26000.0,,,-0.20915336769148746,-0.200418238324322,0.1689864311867327,,-0.5521739,0.0,,0.01316,-0.277,revenueGrowth,,,0.0,0.52341,-0.47015998,-0.81211996,-0.7869646347965168,0.685,USD,USD,USD,1.0,1.0,0.127,0.091,0.12399999797344208,599.0,4707624.0,27858000.0,yfinance,ZSPC,fresh,2026-10-01
ZTS,Zoetis Inc.,69.83,37.87090097016561,0.5476816895596573,SPY,69.52,0.0044591484464902515,70.2699966430664,192.80477905273438,-0.006261515071664982,0.6378201808944752,28855406592.0,36434403328.0,9467000000.0,6.13,4069000000.0,2310000000.0,9238000000.0,413223602.0,-0.024186455584872472,3331000000.0,-434000000.0,4533000000.0,2904000000.0,2283000000.0,-621000000.0,6.54,11.391517128874389,8.66268585770039,-66.48711196313364,3.047999006232175,3.047572828909186,10.679085,9468323880.0,0.2044642857142857,0.010003100000000001,-0.002,revenueGrowth,0.11211070582858762,0.0302,0.3361,0.71738,0.40721,0.27685,2.773341338937256,3.084,USD,USD,USD,1.0,1.0,69.83,69.52,70.2699966430664,192.80477905273438,28855406592.0,9467000000.0,yfinance,ZTS,fresh,2026-10-01
RYN,Rayonier Inc.,18.36,25.627582474538713,0.2874383497945049,SPY,18.355,0.00027240533914459303,18.579999923706055,27.75274085998535,-0.011840684855189873,0.3384437201129946,5494221824.0,6981653504.0,484485000.0,0.46,207399000.0,842944000.0,1058986000.0,297567291.0,0.04348756452056311,2209735000.0,2206479000.0,612474000.0,256661000.0,206612000.0,-50049000.0,23.24,39.91304347826087,2.4863713630819984,2.4900403874226766,11.340334218809664,3.4168588021762782,29.853659,1607974500.0,0.007064911386974824,0.96565,2.721,revenueGrowth,0.013367680147018396,0.055999999999999994,2.3152,0.24815,0.1179,0.07828,0.4792366505485952,3.562,USD,USD,USD,1.0,1.0,18.36,18.355,18.579999923706055,27.75274085998535,5494221824.0,484485000.0,yfinance,RYN,fresh,2026-10-01
WY,Weyerhaeuser Company,19.05,21.250985703800012,0.2901399317256088,SPY,19.05,0.0,19.549999237060547,33.21635055541992,-0.025575409543377756,0.4264872666184092,13730020352.0,18652020736.0,6905000000.0,0.66,1042000000.0,464000000.0,5597000000.0,720736000.0,-0.007394126128152964,9426000000.0,9426000000.0,374000000.0,562000000.0,-381000000.0,-943000000.0,1.86,28.863636363636363,1.4566115374496074,1.4566115374496074,1.9884171400434467,1.769342082243161,28.328821,7759958060.0,,0.91441,-0.009,revenueGrowth,0.011653296637444053,0.043,1.2727,0.14507,0.080340005,0.06888,0.5937831529811161,1.816,USD,USD,USD,1.0,1.0,19.05,19.05,19.549999237060547,33.21635055541992,13730020352.0,6905000000.0,yfinance,WY,fresh,2026-10-01
LPX,Louisiana-Pacific Corporation,64.55,41.29002069194452,1.1419909620416935,SPY,64.49,0.0009303768026050904,48.460018157958984,117.39631652832031,0.3320259144269104,0.4501531060863553,4513555968.0,4662556160.0,2708000000.0,0.77,354000000.0,292000000.0,379000000.0,69923410.0,-0.014084507042253521,1731000000.0,1701000000.0,513000000.0,382000000.0,91000000.0,-291000000.0,3.68,83.83116883116882,2.607484672443674,2.6534720564373897,1.6667488803545052,1.6103718836858456,21.24145,2802803510.0,0.2564102564102564,0.98046994,-0.121,revenueGrowth,0.013514842938134583,0.0182,1.5064999,0.18023,0.05271,0.02187,0.21894858463316003,3.221,USD,USD,USD,1.0,1.0,64.55,64.49,48.460018157958984,117.39631652832031,4513555968.0,2708000000.0,yfinance,LPX,fresh,2026-10-01
WFG,West Fraser Timber Co. Ltd.,69.38,52.32363820963538,0.6738367086035456,SPY,57.34,0.2099755842343912,57.09527587890625,98.50605773925781,0.2151618313772316,0.2956778335029253,5432718848.0,5749719040.0,5462000000.0,-15.35,-608000000.0,202000000.0,333000000.0,76022344.0,-0.024259158818598688,5849000000.0,3788000000.0,736000000.0,96000000.0,-315000000.0,-411000000.0,,,0.9288286626773807,1.4341918817317847,0.9946391153423655,0.8765303172048098,28.463589,6197981680.0,0.19897523484201537,0.5899,-0.064,revenueGrowth,0.02374501674193761,0.0181,0.72190005,0.21836,-0.05579,-0.22981001,0.05693280902718413,2.059,USD,USD,USD,1.0,1.0,69.38,57.34,57.09527587890625,98.50605773925781,5432718848.0,5462000000.0,yfinance,WFG,fresh,2026-10-01
FND,"Floor & Decor Holdings, Inc.",45.81,41.905128983612215,1.6335000978147443,SPY,42.64,0.07434333958724207,43.4900016784668,133.75,0.053345556035742946,0.6574953271028037,4878305792.0,6570485248.0,4684088000.0,2.14,519088000.0,249296000.0,1991477000.0,106489965.0,0.000923199069415338,2408836000.0,2004360000.0,376541000.0,381836000.0,64072000.0,-317764000.0,,21.406542056074766,2.025171407268905,2.4338471093017224,1.041463309826801,0.9556046078081738,20.783901,5104941680.0,0.21755712308886563,0.012123101,0.03,revenueGrowth,,,0.0,0.44976002,0.054380003,0.04927,0.826738308461016,1.333,USD,USD,USD,1.0,1.0,45.81,42.64,43.4900016784668,133.75,4878305792.0,4684088000.0,yfinance,FND,fresh,2026-10-01
XNDU,Xanadu Quantum Technologies Limited,4.58,15.589056064112711,4.492695995823577,SPY,4.565,0.0032858707557502035,4.769999980926514,36.119998931884766,-0.03983228127594425,0.8732004392182574,1394121344.0,1140487296.0,3370958.792091,-0.29,-45695219.181683,11801641.307205,27932157.355217,55655379.0,0.0,17847025.495751,-141413802.166993,22806722.934493,-49680938.056716,-56151981.542596005,-6471043.48588,,,78.11505308444316,-9.85845315405428,413.5681952775308,121.1673592768833,-8.403669,11505750.0,,0.6393,0.43,revenueGrowth,,,0.0,0.93184996,-0.1984844,0.0,1.5650875470462602,0.25535,USD,USD,USD,1.0,1.0,4.58,4.565,4.769999980926514,36.119998931884766,1394121344.0,3370958.792091,yfinance,XNDU,fresh,2026-10-01
AMKR,"Amkor Technology, Inc.",52.38,55.64522912303144,3.4346817201197215,SPY,28.17,0.8594249201277955,14.661590576171875,93.37815856933594,2.5726001028243393,0.43905511949985215,13013941248.0,13212233728.0,6707981000.0,2.23,1162071000.0,1378347000.0,1560981000.0,248452472.0,0.0025663995351427257,4471106000.0,4453103000.0,2172789000.0,1095606000.0,190992000.0,-904614000.0,0.76,23.48878923766816,2.910676071647597,2.9224433497271454,1.9400682929781703,1.506117315437576,18.664814,8640722150.0,0.15407123852107085,0.48678002,0.256,revenueGrowth,,0.62,0.1494,0.15511,0.10532,0.07448,0.3491263682856099,2.171,USD,USD,USD,1.0,1.0,52.38,28.17,14.661590576171875,93.37815856933594,13013941248.0,6707981000.0,yfinance,AMKR,fresh,2026-10-01
ONTO,Onto Innovation Inc.,307.82,60.70817076645677,3.1491167506106543,SPY,118.97,1.5873749684794485,88.5,378.45001220703125,2.47819209039548,0.18662969990444359,18815016960.0,14695615488.0,1005263000.0,2.68,211790000.0,346119000.0,17475000.0,61123436.0,-0.00779299234796617,2100647000.0,1158534000.0,1049089000.0,328315000.0,299802000.0,-28513000.0,0.86,114.85820895522387,8.956772346805533,16.240366670291937,18.716511957567324,10.000863299893467,26.337496,1881339280.0,0.16048298977299236,0.0101522,0.353,revenueGrowth,0.003986974880728462,,0.0,0.55492,0.2297,0.11838,0.008318865568560544,9.726,USD,USD,USD,1.0,1.0,307.82,118.97,88.5,378.45001220703125,18815016960.0,1005263000.0,yfinance,ONTO,fresh,2026-10-01
MOS,The Mosaic Company,21.65,38.54422715913944,0.7496652762773546,SPY,19.8,0.09343434343434333,19.653635025024414,36.223243713378906,0.10157739127818695,0.4023174685484155,6882440704.0,12838540288.0,12052400000.0,-2.02,2504300000.0,276600000.0,5279500000.0,317895646.0,-0.005612722170252572,12084900000.0,11079800000.0,1254700000.0,824800000.0,-534600000.0,-1359400000.0,2.02,,0.5695074600534551,0.6211701207603025,0.5710431701569811,0.5399993777301907,13.8385515,12745275250.0,0.5274960837661802,0.98428,-0.06,revenueGrowth,-0.0,0.0406,6.2857,0.11236,-0.00117,-0.05213,0.43686749580054446,1.337,USD,USD,USD,1.0,1.0,21.65,19.8,19.653635025024414,36.223243713378906,6882440704.0,12052400000.0,yfinance,MOS,fresh,2026-10-01
AAOI,"Applied Optoelectronics, Inc.",99.26,45.040004836731654,4.223328436585523,SPY,18.5,4.365405405405406,6.869999885559082,223.10000610351562,13.448326295994137,0.555087416923043,8427798528.0,8194745344.0,455715000.0,-0.79,-15511000.0,206140000.0,248082000.0,84906289.0,0.4488552926165772,733918000.0,725470000.0,418444000.0,-174428000.0,-353955000.0,-179527000.0,0.78,,11.48329721849035,11.617018661005968,18.493572798788716,3.1643761605039393,21.568882,2663336500.0,0.18148338472079478,0.62931997,0.864,revenueGrowth,,,0.0,0.28916,-0.12884,-0.09568,0.33802413893650246,2.777,USD,USD,USD,1.0,1.0,99.26,18.5,6.869999885559082,223.10000610351562,8427798528.0,455715000.0,yfinance,AAOI,fresh,2026-10-01
TT,Trane Technologies plc,451.98,58.45926807801493,1.0798834695951607,SPY,348.06,0.2985692122047923,179.37918090820312,502.2725524902344,1.5196903994745061,0.10013000360240108,99446079488.0,102766772224.0,21321900000.0,13.44,4281600000.0,1763300000.0,4615100000.0,220023177.0,-0.01532399299474606,8579200000.0,-1114500000.0,1576300000.0,3194500000.0,2811500000.0,-383000000.0,1.61,33.62946428571429,11.591532950391645,-89.22932210677433,4.664034607047214,3.832132133980644,25.662369,25950587300.0,0.1918936551949111,0.90829,0.106,revenueGrowth,0.014895509281275851,0.92,0.29659998,0.35389,0.19251,0.13278,0.5379406005221932,1.073,USD,USD,USD,1.0,1.0,451.98,348.06,179.37918090820312,502.2725524902344,99446079488.0,21321900000.0,yfinance,TT,fresh,2026-10-01
JCI,Johnson Controls International plc,148.65,59.35995485770731,1.0559632562640722,SPY,104.49,0.42262417456215917,46.016334533691406,154.32794189453125,2.2303746377531253,0.036791405527921754,90043457536.0,98910470144.0,23596000000.0,3.56,3061000000.0,379000000.0,9880000000.0,605741470.0,-0.03239644970414201,12927000000.0,-7319000000.0,-779000000.0,1399000000.0,965000000.0,-434000000.0,1.71,41.75561797752809,6.9655339627137,-12.302699485722092,3.8160475307679267,3.259324534989466,24.478806,27626416630.0,0.1244286439817166,0.92210996,0.093,revenueGrowth,0.06653453969828688,0.010700000000000001,0.45069999,0.36651,0.15875,0.14319,0.7642917923725536,1.0,USD,USD,USD,1.0,1.0,148.65,104.49,46.016334533691406,154.32794189453125,90043457536.0,23596000000.0,yfinance,JCI,fresh,2026-10-01
SNDK,Sandisk Corporation,1739.89,54.21951952441513,4.109468201776026,SPY,112.0,14.534732142857143,29.6200008392334,2335.0,57.74037645857915,0.25486509635974297,254752964608.0,250178781184.0,20248000000.0,73.34,13239000000.0,4762000000.0,177000000.0,146419001.0,0.0,15736000000.0,10742000000.0,7199000000.0,11671000000.0,11494000000.0,-177000000.0,,23.723616034905916,16.189181787493645,23.71559901396388,12.581635944685894,4.399640372071828,6.6033607,57903133680.0,0.12168702466005993,0.81005996,3.716,revenueGrowth,0.017758380189848957,,0.0,0.71474,0.78472,0.56465,0.01124809354346721,2.29,USD,USD,USD,1.0,1.0,1739.89,112.0,29.6200008392334,2335.0,254752964608.0,20248000000.0,yfinance,SNDK,fresh,2026-10-01
NVR,"NVR, Inc.",6154.39,48.204094276373624,0.5552245680057919,SPY,5501.01,0.118774552309485,5377.2900390625,9924.400390625,0.14451516568613124,0.3798728630685142,16482398208.0,16397107200.0,10341845000.0,384.68,1815277000.0,1916486000.0,1052893000.0,2678153.0,-0.07532389273877674,3864869000.0,3864869000.0,4197069000.0,1121320000.0,1096812000.0,-24508000.0,4.97,15.998726213996049,4.264671896511887,4.264671896511887,1.5937580004341585,1.702938195644088,15.362272,9678800000.0,0.23957564764133918,0.91183,-0.109,revenueGrowth,0.11122871665060066,,0.0,0.2184,0.13889,0.1185,0.2724265686624825,5.67,USD,USD,USD,1.0,1.0,6154.39,5501.01,5377.2900390625,9924.400390625,16482398208.0,10341845000.0,yfinance,NVR,fresh,2026-10-01
PHM,"PulteGroup, Inc.",116.06,43.469234288879456,0.9279031719283659,SPY,108.49,0.0697760162226934,68.05523681640625,146.63333129882812,0.7053794157398497,0.20850192127546965,22107844608.0,22899666944.0,17311953000.0,9.79,3024433000.0,1980869000.0,2296679000.0,190486353.0,-0.04904946408742357,12985442000.0,12918855000.0,15994693000.0,1871249000.0,1748533000.0,-122716000.0,0.99,11.854954034729317,1.702509980638318,1.7112851416011714,1.2770277627255573,1.2929827879281923,10.523166,17098328620.0,0.23789578682666734,0.97793,-0.096,revenueGrowth,0.0553801160497102,0.88,0.1021,0.25565,0.15685001,0.1162,0.17686567773357273,7.272,USD,USD,USD,1.0,1.0,116.06,108.49,68.05523681640625,146.63333129882812,22107844608.0,17311953000.0,yfinance,PHM,fresh,2026-10-01
LII,Lennox International Inc.,355.02,34.16220900059814,1.365696658256529,SPY,350.22,0.01370567072126079,330.7460021972656,667.139892578125,0.07339165898143406,0.4678477423557375,12269730816.0,14242330624.0,5195300000.0,22.51,1155700000.0,34200000.0,1770700000.0,34560675.0,-0.0111731843575419,1163100000.0,392900000.0,712000000.0,,,-118800000.0,0.91,15.771657041314969,10.549162424555067,31.228635316874524,2.3616982303235616,2.0679708519669964,13.592424,5933222320.0,0.1916131621187801,0.79347,0.03,revenueGrowth,0.0408729423261701,0.0151,0.2337,0.33330002,0.22856002,0.14871,1.5223970423867252,1.569,USD,USD,USD,1.0,1.0,355.02,350.22,330.7460021972656,667.139892578125,12269730816.0,5195300000.0,yfinance,LII,fresh,2026-10-01
TMHC,Taylor Morrison Home Corp,72.45,,,SPY,54.15,0.33795013850415523,72.44999694824219,72.44999694824219,4.212226285561236e-08,-4.212226285561236e-08,6665396224.0,8538877440.0,8121480000.0,6.71,1175399000.0,850037000.0,2362632000.0,91999956.0,-0.05580047561286422,6293322000.0,5630125000.0,7218957000.0,817345000.0,776973000.0,-40372000.0,1.41,10.7973174366617,1.0591220700291515,1.1838806818676317,0.8207120160364859,0.9301764812777539,11.308245,7165732910.0,0.2406618536855005,0.0104193,-0.268,revenueGrowth,0.05716329340303596,,0.0,0.22610001,0.11143,0.08771,0.3754188964111482,9.262,USD,USD,USD,1.0,1.0,72.45,54.15,72.44999694824219,72.44999694824219,6665396224.0,8121480000.0,yfinance,TMHC,stale_fallback,2026-09-25
WAT,Waters Corporation,439.39,68.7907066888291,0.837494996644398,SPY,282.77,0.5538777097994837,236.6999969482422,443.260009765625,0.8563160357626826,0.008730789334393807,43141885952.0,48107237376.0,3165286000.0,3.95,1030663000.0,587831000.0,1491084000.0,98185855.0,0.0025859752821063946,2561242000.0,662983000.0,908146000.0,652555000.0,539810000.0,-112745000.0,1.65,111.2379746835443,16.844127166429413,65.07238639904794,13.629696005984925,6.045330018768948,26.554556,7136398810.0,0.148698200238979,0.010217,1.134,revenueGrowth,0.0003399712292670427,,0.0,0.56337,0.09422,0.03588,0.5821722429977332,1.861,USD,USD,USD,1.0,1.0,439.39,282.77,236.6999969482422,443.260009765625,43141885952.0,3165286000.0,yfinance,WAT,fresh,2026-10-01
RVTY,"Revvity, Inc.",152.89,74.82190785809492,1.1575151185398305,SPY,81.22,0.882418123614873,81.4739990234375,152.77000427246094,0.8765495965899299,-0.0007854665456776443,17060444160.0,19379017728.0,2856051000.0,2.08,765802000.0,919860000.0,3398207000.0,111586401.0,-0.050699386103466804,7250360000.0,-1710136000.0,908501000.0,582933000.0,509411000.0,-73522000.0,0.73,73.50480769230768,2.353047870726419,-9.97607451103304,5.973438205410197,5.676324493913615,25.952488,3005544200.0,0.10583836855190717,0.96558,0.013,revenueGrowth,0.04811217060365209,0.18,0.1346,0.54976004,0.17052999,0.08158,0.46869493376880594,1.8,USD,USD,USD,1.0,1.0,152.89,81.22,81.4739990234375,152.77000427246094,17060444160.0,2856051000.0,yfinance,RVTY,fresh,2026-10-01
TMDX,"TransMedics Group, Inc.",83.45,46.31660800137196,1.1433358097615194,SPY,60.105,0.38840362698610775,36.7400016784668,176.11000061035156,1.2713662544253446,0.5261484316007952,2893640704.0,3289379328.0,605494000.0,3.86,148489000.0,488366000.0,519278000.0,34675145.0,0.15117362754639208,473100000.0,459603000.0,548478000.0,192840000.0,133589000.0,-59251000.0,0.72,21.61917098445596,6.116340528429507,6.295956954153911,4.778975025351201,3.308019880489974,36.53054,874734980.0,,0.010319400000000001,0.207,revenueGrowth,,,0.0,0.58694,0.124960005,0.22694,1.0976072711900233,6.625,USD,USD,USD,1.0,1.0,83.45,60.105,36.7400016784668,176.11000061035156,2893640704.0,605494000.0,yfinance,TMDX,fresh,2026-10-01
PWR,"Quanta Services, Inc.",642.51,55.10293329921984,1.6330894416530202,SPY,404.51,0.5883661714172703,159.10618591308594,785.1200561523438,3.038246510107284,0.18164108155794184,96597131264.0,102797836288.0,28479697000.0,8.73,2561283000.0,439508000.0,6418954000.0,150343393.0,0.008230260702671003,8938249000.0,-1285167000.0,1187219000.0,2229970000.0,1620816000.0,-609154000.0,1.46,73.59793814432989,10.80716494516991,-75.1630965189738,3.3917892898930773,2.1143085065203917,32.492767,45687339840.0,0.25015239239873194,0.94068,0.411,revenueGrowth,0.0013929502692192912,0.07,0.049200002,0.15456,0.07217,0.04032,0.7181444598377155,1.098,USD,USD,USD,1.0,1.0,642.51,404.51,159.10618591308594,785.1200561523438,96597131264.0,28479697000.0,yfinance,PWR,fresh,2026-10-01
BEPC,Brookfield Renewable Corporation,28.22,29.047798005266714,0.9050470708181835,SPY,27.57,0.023576351106274884,19.159282684326172,42.994598388671875,0.4729152685390576,0.34363847884120846,5238843392.0,34448506880.0,3728000000.0,-21.26,556000000.0,637000000.0,15564000000.0,150879577.0,-0.0002007227186871877,-406000000.0,-1215000000.0,-11510000000.0,502000000.0,-636000000.0,-1138000000.0,2.3,,-12.903555152709359,-4.311805260905349,1.4052691502145922,0.5948709668531316,-29.373192,8806688650.0,0.0055178268251273345,0.77751,0.13,revenueGrowth,,0.0558,1.0809,0.57106,0.25743,-1.02273,-38.33497536945813,0.398,USD,USD,USD,1.0,1.0,28.22,27.57,19.159282684326172,42.994598388671875,5238843392.0,3728000000.0,yfinance,BEPC,fresh,2026-10-01
FNF,"Fidelity National Financial, Inc.",38.65,27.986442890242984,0.3255138844094565,SPY,38.0601,0.015499171047895305,32.152191162109375,60.43387222290039,0.20209536591546964,0.36045799187836525,10365652992.0,12487652352.0,14140000000.0,2.87,2408999936.0,2375000000.0,4768000000.0,268192827.0,-0.003663003663003663,7424000000.0,-4913000000.0,,5828000000.0,5681000000.0,-147000000.0,0.85,13.466898954703831,1.3962355862068965,-2.109841846529615,0.7330730545968882,0.6677960923583405,6.676848,15522182760.0,0.5390121689334287,0.84882003,0.105,revenueGrowth,0.024214586403164054,0.050499999999999996,0.71779996,0.54046,0.10666,0.05029,0.6422413793103449,0.94,USD,USD,USD,1.0,1.0,38.65,38.0601,32.152191162109375,60.43387222290039,10365652992.0,14140000000.0,yfinance,FNF,fresh,2026-10-01
UWMC,UWM Holdings Corporation,1.18,36.66736433390597,1.3955522461200633,SPY,0.93,0.26881720430107514,1.2000000476837158,7.955843448638916,-0.016666705740821186,0.8516813449613725,1895688448.0,16611902464.0,1553302000.0,-0.1,528854016.0,503364000.0,4393536000.0,344653052.0,13.358585996939748,199517000.0,-3874264000.0,,-2647557000.0,-2721605000.0,-74048000.0,,,9.501388092242767,-0.4893028580396173,1.2204249064251511,0.6444833561201535,3.384871,2941407920.0,0.02739382054715898,0.79731005,-0.706,revenueGrowth,-0.0,0.24539999999999998,1.3333,1.0,-1.11037,-0.0127,22.02086037781242,1.783,USD,USD,USD,1.0,1.0,1.18,0.93,1.2000000476837158,7.955843448638916,1895688448.0,1553302000.0,yfinance,UWMC,fresh,2026-10-01
FAF,First American Financial Corporation,60.74,29.08347945650064,0.38109987562694675,SPY,56.2,0.08078291814946617,45.097740173339844,78.43135833740234,0.346852409157018,0.2255648596738084,6201553920.0,6285654016.0,7445000000.0,7.21,1370400000.0,1465800000.0,2670100000.0,102100000.0,-0.005752636625119847,5499500000.0,2893500000.0,,950800000.0,762500000.0,-188300000.0,2.98,8.424410540915396,1.127657772524775,2.1432707516848106,0.83298239355272,0.7287570013404014,8.221062,8509769249.0,0.24328249818445896,0.99144,0.15,revenueGrowth,0.019720863766996,0.0381,0.3051,0.63984,0.15567,0.09333,0.4855168651695609,0.396,USD,USD,USD,1.0,1.0,60.74,56.2,45.097740173339844,78.43135833740234,6201553920.0,7445000000.0,yfinance,FAF,fresh,2026-10-01
COMP,"Compass, Inc.",8.88,30.732989739854773,2.284620816420883,SPY,6.37,0.39403453689167983,1.8899999856948853,13.579999923706055,3.698412733974251,0.3460971980936064,6816684032.0,10149796864.0,6961600000.0,0.06,54800000.0,199000000.0,476200000.0,757522197.0,0.12091110449466583,782000000.0,109500000.0,-50100000.0,216700000.0,203300000.0,-13400000.0,,148.00000000000003,8.716987253196931,62.252822210045665,0.9791835256262928,0.43490298096090235,10.509125,15674033820.0,0.016442451420029897,0.94144994,1.09,revenueGrowth,,,0.0,0.14214,0.03762,0.0063899998,0.6089514066496163,1.063,USD,USD,USD,1.0,1.0,8.88,6.37,1.8899999856948853,13.579999923706055,6816684032.0,6961600000.0,yfinance,COMP,fresh,2026-10-01
UHAL,U-Haul Holding Company,60.17,26.845552707242334,0.8414444290518883,SPY,41.95,0.43432657926102497,42.189998626708984,78.4000015258789,0.4261673846537771,0.23252552514123864,11762885632.0,18592329728.0,6037819000.0,0.14,1759152000.0,1120147000.0,8124331000.0,19435630.0,0.0,7611651000.0,7611651000.0,612352000.0,1794584000.0,-1359741000.0,-3154325000.0,2.35,429.7857142857143,1.5453790027945318,1.5453790027945318,1.9482011024179426,1.7740682084051955,28.927885,6630458500.0,,0.47771,0.032,revenueGrowth,,,0.0,0.28542,0.1506,0.01047,1.067354638303832,1.009,USD,USD,USD,1.0,1.0,60.17,41.95,42.189998626708984,78.4000015258789,11762885632.0,6037819000.0,yfinance,UHAL,fresh,2026-10-01
CSGP,"CoStar Group, Inc.",27.4,31.708580656743848,0.25751372337679573,SPY,25.89,0.05832367709540355,26.950000762939453,97.7300033569336,0.016697559344019244,0.719635740726125,11102413824.0,11000361984.0,3247000000.0,0.18,191000000.0,1633000000.0,1184000000.0,405197588.0,0.031633153506620895,8334000000.0,1619000000.0,1373000000.0,430000000.0,41000000.0,-389000000.0,0.1,152.22222222222223,1.3321830842332614,6.857574937615812,3.41928359223899,2.628426308483327,15.447672,4223977590.0,0.7666666666666667,0.010477201,0.184,revenueGrowth,0.04503525160620062,,0.0,0.78683996,0.082159996,0.02081,0.14206863450923926,2.214,USD,USD,USD,1.0,1.0,27.4,25.89,26.950000762939453,97.7300033569336,11102413824.0,3247000000.0,yfinance,CSGP,fresh,2026-10-01
FTDR,"Frontdoor, Inc.",73.12,36.81987535205859,0.8101753690661317,SPY,48.47,0.5085619971116155,28.329999923706055,90.83000183105469,1.5810095374837771,0.1949796485086016,5037478912.0,5595856896.0,2093000000.0,3.79,506000000.0,566000000.0,1191000000.0,68893316.0,-0.04487179487179487,242000000.0,-1116000000.0,222000000.0,416000000.0,390000000.0,-26000000.0,2.38,19.29287598944591,20.816028561983472,-4.513869992831541,2.4068222226469183,2.158083609277162,14.077864,2334237140.0,0.2485207100591716,0.011025100000000001,0.045,revenueGrowth,0.05617889522591415,,0.0,0.55544996,0.28217,0.12768,4.921487603305785,1.591,USD,USD,USD,1.0,1.0,73.12,48.47,28.329999923706055,90.83000183105469,5037478912.0,2093000000.0,yfinance,FTDR,fresh,2026-10-01
GENB,"Generate Biomedicines, Inc.",15.02,46.03501041654621,1.3586143979060665,SPY,11.0,0.3654545454545454,11.210000038146973,20.3799991607666,0.33987510694806605,0.2630029137138092,1927853568.0,1533066624.0,31893000.0,-2.09,-208488000.0,121650000.0,68526000.0,128352436.0,0.0,-615965000.0,-615965000.0,152162000.0,-200619000.0,-204133000.0,-3514000.0,,,-3.129810245712013,-3.129810245712013,60.447545480199416,80.89233235175396,-6.5877194,23832340.0,,0.77589,-0.377,revenueGrowth,,,0.0,0.0,-0.11342099,0.0,-0.111249827506433,8.303,USD,USD,USD,1.0,1.0,15.02,11.0,11.210000038146973,20.3799991607666,1927853568.0,31893000.0,yfinance,GENB,fresh,2026-10-01
GFI,Gold Fields Limited,36.12,36.59864032474828,2.0550130896843743,SPY,31.11,0.16104146576663447,9.450011253356934,58.442378997802734,2.82221767060532,0.381955344402424,32179181568.0,65044865024.0,8751300000.0,4.91,6335700000.0,1779200000.0,3221200000.0,890896534.0,0.002049957166614996,8432600000.0,8432600000.0,1348500000.0,3772200000.0,2373700000.0,-1398500000.0,11.59,7.35641547861507,3.816045059412281,3.816045059412281,3.6770744424256967,0.16248196456961367,7.1607275,198047713500.0,0.3114871756128886,0.21449,0.789,revenueGrowth,0.0011280585220382942,0.058499999999999996,0.3181,0.57771,0.54997003,0.38654998,0.3819936911510092,1.871,USD,USD,USD,1.0,1.0,36.12,31.11,9.450011253356934,58.442378997802734,32179181568.0,8751300000.0,yfinance,GFI,fresh,2026-10-01
P,"Everpure, Inc.",130.78,73.14052402694742,2.4284156775060532,SPY,56.78,1.3032758013384995,31.809999465942383,130.0500030517578,3.1112858282195384,-0.005613202084675551,43579461632.0,42796875776.0,3662843000.0,0.73,375474000.0,854873000.0,216715000.0,333227251.0,0.0008403753676642234,1445668000.0,1073247000.0,1153502000.0,880085000.0,615741000.0,-264344000.0,2.65,179.15068493150685,30.144861497937285,40.6052489613295,11.897714871207967,6.199177717993239,36.840786,7029877770.0,0.16097002015302028,0.85328,0.377,revenueGrowth,0.007862602867686568,,0.0,0.69734,0.053260002,0.05943,0.14990647921929517,1.511,USD,USD,USD,1.0,1.0,130.78,56.78,31.809999465942383,130.0500030517578,43579461632.0,3662843000.0,yfinance,P,fresh,2026-10-01
FMQQ,FMQQ The Next Frontier Internet ETF,11.8431,34.0236089767138,1.1021695928953674,SPY,10.78,0.09861781076066795,9.44890308380127,15.654121398925781,0.2533835827254089,0.24345163179757262,,,,0.54353,,,,,,,,,,,,,21.78922966533586,,,,,,,,,,,,0.65,,,,,,,USD,USD,USD,1.0,1.0,11.8431,10.78,9.44890308380127,15.654121398925781,,,yfinance,FMQQ,fresh,2026-10-01
EMQQ,EMQQ The Emerging Markets Internet ETF,30.8,30.829101309080244,1.1409404314033489,SPY,30.0,0.02666666666666669,26.480424880981445,45.457427978515625,0.16312333123177813,0.32244296763651276,,,,1.8509535,,,,,,,,,,,,,16.6400722654567,,,,,,,,,,,,0.0368,,,,,,,USD,USD,USD,1.0,1.0,30.8,30.0,26.480424880981445,45.457427978515625,,,yfinance,EMQQ,fresh,2026-10-01
UAE,iShares MSCI UAE ETF,20.07,60.66792670769449,0.925191128329811,SPY,17.29,0.1607865818392135,11.78562068939209,21.478803634643555,0.702922614679467,0.06559041455974156,,,,2.1813173,,,,,,,,,,,,,9.20086224961403,,,,,,,,,,,,0.043899999999999995,,,,,,,USD,USD,USD,1.0,1.0,20.07,17.29,11.78562068939209,21.478803634643555,,,yfinance,UAE,fresh,2026-10-01
AER,AerCap Holdings N.V.,143.52,50.10991107992556,0.9003091500596292,SPY,118.96,0.20645595158036328,56.11052322387695,154.82411193847656,1.5578089768895138,0.07301260635015648,22559057920.0,63277768704.0,8516668000.0,20.34,5341236000.0,1379180000.0,43614282000.0,157184065.0,-0.09447070963143753,18323280000.0,16528084000.0,4341988000.0,5393124000.0,-681174000.0,-6074298000.0,0.8,7.056047197640119,1.2311691967813623,1.3648925017564044,2.648812648326787,2.676085911302228,7.881574,8429870590.0,0.1356902179172495,0.9479,0.149,revenueGrowth,0.11251356368697155,0.011000000000000001,0.065799996,0.62824,0.575,0.37854,2.3802660877310178,1.3,USD,USD,USD,1.0,1.0,143.52,118.96,56.11052322387695,154.82411193847656,22559057920.0,8516668000.0,yfinance,AER,fresh,2026-10-01
BFAM,Bright Horizons Family Solutions Inc.,63.72,36.788425752458785,-0.2428528087367548,SPY,57.63,0.1056741280583029,59.18000030517578,140.72000122070312,0.07671510090254523,0.5471859050081835,3099041536.0,4989052928.0,2933607000.0,3.15,408067000.0,140091000.0,1760240000.0,48635306.0,-0.017941455510187637,1339291000.0,-678336000.0,-462192000.0,350726000.0,258549000.0,-92177000.0,,20.228571428571428,2.3139418811893755,-4.56859364090952,1.056392876073721,0.9479222404144996,10.8055315,3269299320.0,0.28450910869299423,0.0122721,0.065,revenueGrowth,0.072735714375401,,0.0,0.25485,0.127,0.05781,1.3143073462003403,0.479,USD,USD,USD,1.0,1.0,63.72,57.63,59.18000030517578,140.72000122070312,3099041536.0,2933607000.0,yfinance,BFAM,fresh,2026-10-01
FTAI,FTAI Aviation Ltd.,167.03,35.980715361628555,2.366689083251436,SPY,149.5,0.11725752508361205,31.605939865112305,308.30902099609375,4.2847661139915445,0.4582383627298526,17155165184.0,20316370944.0,2507409000.0,4.58,1122074000.0,300476000.0,3448891000.0,102707091.0,0.022730997455308603,334174000.0,219956000.0,1712645000.0,-310745000.0,-997256000.0,-686511000.0,,36.46943231441048,51.33602609419045,77.99362228809399,6.841789745510206,2.598584087502177,13.240586,6601735640.0,0.17409392698670148,0.98904,0.409,revenueGrowth,0.00723787842718099,0.0118,0.3275,0.32213002,0.21037,0.15943,10.320644334987163,5.281,USD,USD,USD,1.0,1.0,167.03,149.5,31.605939865112305,308.30902099609375,17155165184.0,2507409000.0,yfinance,FTAI,fresh,2026-10-01
AZ,A2Z Cust2Mate Solutions Corp.,5.75,41.472527872498475,2.4186007478105362,SPY,4.97,0.15694164989939643,0.8500000238418579,11.899999618530273,5.764705692608056,0.5168067071996963,253152192.0,212374192.0,7901000.0,-0.82,-35059000.0,13525000.0,2615000.0,44026467.0,0.7295004236640333,77968000.0,77331000.0,72461000.0,-22907000.0,-23996000.0,-1089000.0,,,3.246872973527601,3.2736184971098266,32.04052550310087,2.3190505120829594,10.454545,109162000.0,-0.0,0.44342998,4.09,revenueGrowth,,,0.0,0.13486,-1.28557,-2.36053,0.0335394007798071,7.517,USD,USD,USD,1.0,1.0,5.75,4.97,0.8500000238418579,11.899999618530273,253152192.0,7901000.0,yfinance,AZ,fresh,2026-10-01
VITL,"Vital Farms, Inc.",9.28,36.90449750894981,-0.0785025450553642,SPY,7.95,0.16729559748427664,8.279999732971191,52.40999984741211,0.12077298300467074,0.8229345539588239,398404480.0,485842848.0,759444000.0,-0.05,106650000.0,48831000.0,53491000.0,42931522.0,0.01977699533637505,351260000.0,347402000.0,140972000.0,33715000.0,-48235000.0,-81950000.0,,,1.13421533906508,1.1468111294696057,0.5246002075202385,0.48373552300522654,34.117645,823599800.0,0.27373334502103785,0.87738,-0.101,revenueGrowth,-0.0,,0.0,0.28122,-0.24180001,0.0002,0.1522832090189603,1.104,USD,USD,USD,1.0,1.0,9.28,7.95,8.279999732971191,52.40999984741211,398404480.0,759444000.0,yfinance,VITL,fresh,2026-10-01
CCS,"Century Communities, Inc.",60.25,40.03279862002824,0.9768148837258033,SPY,47.275,0.2744579587519831,47.89777755737305,102.94984436035156,0.2578871729034021,0.4147635640020092,1713082240.0,3315885312.0,4117816000.0,4.55,235625000.0,109443000.0,1443145000.0,28432900.0,-0.05452511589935297,2591732000.0,2539248000.0,3796355000.0,153081000.0,124314000.0,-28767000.0,,13.241758241758243,0.6609797000615805,0.6746415631714586,0.4160171896947314,0.43393339074927806,13.126361,3947800000.0,0.24080303684957718,0.95443,-0.073,revenueGrowth,0.09394470168577546,0.0207,0.2681,0.17865999,0.05158,0.03407,0.5568264774289934,4.76,USD,USD,USD,1.0,1.0,60.25,47.275,47.89777755737305,102.94984436035156,1713082240.0,4117816000.0,yfinance,CCS,fresh,2026-10-01
BLDR,"Builders FirstSource, Inc.",57.01,36.157365058853905,1.6444388791707976,SPY,56.56,0.00795615275813288,57.529998779296875,211.1199951171875,-0.009038741358082684,0.7299639952702958,6134073856.0,11306637312.0,15190638000.0,0.92,1377708000.0,181753000.0,5100271000.0,107596457.0,-0.06034627668515717,4352251000.0,-968919000.0,,1215886000.0,853284000.0,-362602000.0,2.02,61.96739130434782,1.409402595576404,-6.33084278045946,0.40380620326809186,0.411893931582024,12.893989,14892362780.0,0.1506356585516275,0.0101864,-0.088,revenueGrowth,0.0674850042105525,,0.0,0.29188,0.033269998,0.0070999996,1.1718696830674518,1.789,USD,USD,USD,1.0,1.0,57.01,56.56,57.529998779296875,211.1199951171875,6134073856.0,15190638000.0,yfinance,BLDR,fresh,2026-10-01
KRKNF,Kraken Robotics Inc.,3.07,32.536895138919874,2.3106064343959387,SPY,2.92,0.0513698630136986,0.2980000078678131,7.559999942779541,9.302013150824449,0.5939153408417526,1140235264.0,892665664.0,71822079.47015762,-0.01,11195278.056144714,84679222.49007225,26802052.197933197,371412137.0,0.2714300349696174,168178626.25956535,145281429.708004,120556533.04195404,1046307.3704242706,-20240320.68347931,-21286628.05390358,,,6.779905921220758,7.84845844573335,15.875831950448783,2.909051243555701,,391961216.40205383,0.5331374469474371,0.18372999,0.035,revenueGrowth,,,0.0,0.61662996,-0.07317,-0.06899,0.15936657822717112,1.335,USD,USD,CAD,1.0,0.7026913166046143,3.07,2.92,0.2980000078678131,7.559999942779541,1140235264.0,102210000.0,yfinance,KRKNF,fresh,2026-10-01
KBH,KB Home,46.47,36.43829949379031,0.8654290012308881,SPY,44.03,0.05541676129911419,40.35096740722656,86.69249725341797,0.15164525130263823,0.4639674542520131,2825376000.0,4775502848.0,6236214000.0,3.55,562555000.0,230443000.0,1712752000.0,60800000.0,-0.10007147033980898,3900858000.0,3900858000.0,5411203000.0,335682000.0,287282000.0,-48400000.0,5.97,13.090140845070422,0.7242960394866975,0.7242960394866975,0.45305950052387556,0.5466323588198647,12.472556,5168695110.0,0.2262765951687962,0.010652600000000002,-0.2,revenueGrowth,0.191586181803767,0.021099999999999997,0.28170002,0.17115,0.05975,0.04393,0.43907058395870857,6.177,USD,USD,USD,1.0,1.0,46.47,44.03,40.35096740722656,86.69249725341797,2825376000.0,6236214000.0,yfinance,KBH,fresh,2026-10-01
MTH,Meritage Homes Corporation,62.85,42.51187588001288,1.0257262191596555,SPY,58.03,0.08306048595554025,51.461647033691406,101.5701904296875,0.22129787176948998,0.3812160858011953,4096191488.0,5196102656.0,5860615000.0,4.8,609885000.0,775157000.0,1889524000.0,65174093.0,-0.027055037364315714,5195643000.0,5195643000.0,6732960000.0,118288000.0,92566000.0,-25722000.0,0.54,13.09375,0.7883897119182361,0.7883897119182361,0.69893543390924,0.7073407852138648,10.709393,5790973140.0,0.22508894970920287,0.010586199999999999,-0.138,revenueGrowth,0.0720178733987936,0.03,0.37919998,0.18275999,0.08185001,0.06107,0.36367471745075636,0.14355,USD,USD,USD,1.0,1.0,62.85,58.03,51.461647033691406,101.5701904296875,4096191488.0,5860615000.0,yfinance,MTH,fresh,2026-10-01
STC,Stewart Information Services Corporation,49.71,17.060468655644385,0.3477455184681409,SPY,49.41,0.006071645415907797,35.608734130859375,74.7650375366211,0.3960058174862255,0.3351170328022472,1517258496.0,1992882560.0,2921636000.0,4.57,286003008.0,321775000.0,768759000.0,30522199.0,0.07445380212591987,1641084000.0,43991000.0,,205688000.0,132279000.0,-73409000.0,3.71,10.87746170678337,0.9245465168144957,34.490202450501236,0.5193181135500795,0.39133923925527425,6.828296,3877092670.0,0.2138681193907256,0.0101072,0.243,revenueGrowth,0.002561857462157852,0.0388,0.4595,0.61847997,0.06954,0.04118,0.46844585651922754,1.847,USD,USD,USD,1.0,1.0,49.71,49.41,35.608734130859375,74.7650375366211,1517258496.0,2921636000.0,yfinance,STC,fresh,2026-10-01
QNT,Quantinuum Inc.,48.06,41.704278398807894,2.183508380275236,SPY,46.54,0.03266007735281485,47.34000015258789,83.16999816894531,0.015209122203028808,0.42214739619959457,12768468992.0,2291357696.0,30931000.0,-8.2,-500253000.0,762642000.0,10456000.0,39263385.0,-0.04199918584805326,1687593000.0,-726714000.0,745590000.0,-160273000.0,-235350000.0,-75077000.0,,,7.566083168157252,-17.5701431264569,412.8049203711487,209.85070531932604,-30.121841,60845490.0,,0.93595004,2.794,revenueGrowth,,,0.0,0.41305,-0.693956,0.0,0.006195806690357213,0.15488,USD,USD,USD,1.0,1.0,48.06,46.54,47.34000015258789,83.16999816894531,12768468992.0,30931000.0,yfinance,QNT,fresh,2026-10-01
PCOR,"Procore Technologies, Inc.",51.72,36.08090845397354,0.8538249814926486,SPY,38.03,0.3599789639758085,38.29999923706055,88.33000183105469,0.35039167180854003,0.41446848264621566,7859130368.0,7270742016.0,1322509000.0,-0.26,17748000.0,480684000.0,72412000.0,151955338.0,0.019005726428876026,1262262000.0,440587000.0,282275000.0,300270000.0,216507000.0,-83763000.0,,,6.226227493182873,17.837862596944532,5.942591217148617,4.58071391961213,21.783722,1715699890.0,,0.97221,0.158,revenueGrowth,0.01639341682440965,,0.0,0.80074,0.02343,-0.02733,0.057366854107942726,1.17,USD,USD,USD,1.0,1.0,51.72,38.03,38.29999923706055,88.33000183105469,7859130368.0,1322509000.0,yfinance,PCOR,fresh,2026-10-01
INFQ,"Infleqtion, Inc.",13.47,54.55235960379438,4.165150727695899,SPY,8.52,0.5809859154929579,8.8100004196167,19.8700008392334,0.5289443085617975,0.3220936370871495,3035559680.0,2573128448.0,28836000.0,-0.14,-36853000.0,47942000.0,6098000.0,225357052.0,0.0,-183175000.0,-192490000.0,44224000.0,-32467000.0,-35325000.0,-2858000.0,,,-16.57191035894636,-15.769960413527976,105.26979053960328,54.094370233088604,-59.90128,56116000.0,3.719822936428226e-05,0.42471,1.565,revenueGrowth,,,0.0,0.2897,-2.1464,-1.6778799,-0.033290569127883175,9.344,USD,USD,USD,1.0,1.0,13.47,8.52,8.8100004196167,19.8700008392334,3035559680.0,28836000.0,yfinance,INFQ,fresh,2026-10-01
SOAGY,Sartorius Aktiengesellschaft,59.14,58.633738845129585,1.0714568818904486,SPY,46.97,0.25910155418352143,38.69008255004883,61.813663482666016,0.5285570901405421,0.043253600127029716,20418760704.0,25169547264.0,4010541722.738743,0.68,1055769639.2297745,613693024.1346359,4854341292.67931,174068105.0,0.0010135942660427393,3068238414.7167206,-2937202371.8833923,-228066192.19779968,948764427.781105,447857616.9848442,-500906810.79626083,0.94,86.97058823529412,6.6548807309308105,-6.951771828683049,5.09127248028137,4.409690366920717,,4630429577.816005,0.31602373887240354,0.00013,0.031,revenueGrowth,,0.29,0.2626,0.4571,0.17997,0.05475,1.5821264962317128,1.138,USD,USD,EUR,1.0,1.133529782295227,59.14,46.97,38.69008255004883,61.813663482666016,20418760704.0,3538100000.0,yfinance,SOAGY,fresh,2026-10-01
WRTBY,Wärtsilä Oyj Abp,6.3,41.27844340776127,0.9934490899983835,SPY,5.77,0.09185441941074528,1.944944143295288,9.39748764038086,2.239167572867162,0.32960805684606626,18570706944.0,17027615744.0,7837224914.7892,0.25,1197007450.1037598,2935842136.144638,659714333.2958221,2947731240.0,0.0018965127294415655,3261165183.663368,1416912227.8690338,1610745820.6415176,1811380592.1077728,1641351124.7634888,-170029467.34428406,1.91,25.2,5.694500553676017,13.10646247434072,2.369551358537157,2.35866412110763,,7873400361.590775,0.2391304347826087,0.0,-0.022,revenueGrowth,0.0009766174530358059,0.0382,0.9114,0.46662998,0.12123,0.09562001,0.20229405630865485,1.216,USD,USD,EUR,1.0,1.133529782295227,6.3,5.77,1.944944143295288,9.39748764038086,18570706944.0,6914000000.0,yfinance,WRTBY,fresh,2026-10-01
SPCX,Space Exploration Technologies Corp.,150.86,54.95598713657892,3.0317780840658317,SPY,104.83,0.43909186301631226,108.2699966430664,211.38999938964844,0.39336847397659047,0.2863427766896172,1988603281408.0,3916905578496.0,18674000000.0,-1.1,4427000000.0,24747000000.0,23318000000.0,7696293669.0,-0.09031771471669651,41325000000.0,-12410000000.0,9552000000.0,6785000000.0,-14121000000.0,-20906000000.0,,,48.12107154042347,-160.24200494826752,106.49048309992503,17.634015556867258,86.54447,112770870310.0,,0.48344,0.919,revenueGrowth,0.0005657236968871243,,0.0,0.51875,-0.01804,-0.35661998,0.5642589231699939,5.115,USD,USD,USD,1.0,1.0,150.86,104.83,108.2699966430664,211.38999938964844,1988603281408.0,18674000000.0,yfinance,SPCX,fresh,2026-10-01
JKS,"JinkoSolar Holding Co., Ltd.",9.51,27.246712212847754,1.8838830175387271,SPY,9.19,0.0348204570184984,9.199999809265137,30.025238037109375,0.03369567360454378,0.683266457763092,498040512.0,39243309056.0,9771392342.525572,-9.69,30850662.408471107,2984988966.7962494,7925174468.591139,52370188.0,-0.0074757131378599215,2346133111.8824334,1960213542.0691967,2054305287.5382452,161401006.7629069,-330962985.83485186,-492363992.59775877,0.14,,0.2122814385413939,0.2540746206019318,0.05096924722104378,0.27801548567410433,13.873085,1791412844.4766335,0.2418339127247687,0.37651002,-0.313,revenueGrowth,0.0011892046418036995,0.1563,3.8848002,0.047509998,-0.11534,-0.058530003,3.3779730691547716,1.132,USD,USD,CNY,1.0,0.14918692409992218,9.51,9.19,9.199999809265137,30.025238037109375,498040512.0,65497646000.0,yfinance,JKS,fresh,2026-10-01
ARRY,"Array Technologies, Inc.",4.03,37.70626574989495,2.9635212776350506,SPY,3.76,0.071808510638298,3.8299999237060547,21.360000610351562,0.05221934210912929,0.8113295934061459,619920384.0,1565948032.0,1284141000.0,-0.96,45402000.0,244388000.0,766193000.0,153826378.0,0.0051596663020414615,260388000.0,-580092000.0,492032000.0,101785000.0,79813000.0,-21972000.0,0.42,,2.380756348218812,-1.0686587368900105,0.48275102500426353,0.3841367198697842,4.4532356,1613801420.0,,0.014784299999999998,-0.056,revenueGrowth,,,0.0,0.26760998,0.10877,-0.07249,2.942505030953807,2.198,USD,USD,USD,1.0,1.0,4.03,3.76,3.8299999237060547,21.360000610351562,619920384.0,1284141000.0,yfinance,ARRY,fresh,2026-10-01
TWODY,Taylor Wimpey plc,11.35,55.942913023829945,0.7823795986777146,SPY,9.79,0.15934627170582233,10.020000457763672,19.540678024291992,0.1327344791891522,0.41916037990645727,3917383680.0,3864467712.0,5100088988.113403,0.93,270352737.80822754,555430281.2576294,164493324.27978516,345143950.0,-0.0009290802105915144,5554037500.762939,5550455791.282654,6264807848.739624,176697667.6940918,167809721.9467163,-8887945.747375488,0.67,12.204301075268816,0.7053217914826614,0.7057769356802196,0.7681010447327699,0.7489043354502236,,5230819871.866493,0.3146757679180887,0.00303,0.017,revenueGrowth,0.001117491999238921,0.0873,1.094,0.16261,0.07427,0.06427,0.029616891181809497,4.994,USD,USD,GBP,1.0,1.326559066772461,11.35,9.79,10.020000457763672,19.540678024291992,3917383680.0,3844600000.0,yfinance,TWODY,fresh,2026-10-01
PSMMY,Persimmon Plc,35.18,70.28482593542581,0.9613590987299216,SPY,26.71,0.31710969674279293,20.528705596923828,41.33261489868164,0.7136979160182232,0.1488561735995534,5648640512.0,5719651840.0,4976321027.183533,2.49,605441558.0749512,155207410.81237793,364803743.36242676,160563964.0,0.002166511915815537,4794317123.222351,4552220093.536377,4836369045.639038,39133492.4697876,-14724805.641174316,-53858298.110961914,0.87,14.128514056224898,1.1781950102214853,1.2408540000120847,1.135103720427977,1.0351019632085,13.633757,5457086077.2893715,0.28089604832620185,0.00063,0.149,revenueGrowth,0.0005401451636185588,0.045700000000000005,0.6404,0.16624,0.10827,0.07684,0.07609086632909992,4.213,USD,USD,GBP,1.0,1.326559066772461,35.18,26.71,20.528705596923828,41.33261489868164,5648640512.0,3751300000.0,yfinance,PSMMY,fresh,2026-10-01
BTDPY,Barratt Redrow plc,8.76,58.38263221765421,0.9664644845643849,SPY,6.38,0.3730407523510972,6.480000019073486,13.39681339263916,0.35185184787275803,0.34611315816243615,6034319360.0,5354011648.0,7399944442.176819,0.44,502765886.3067627,1286231671.1425781,338537873.84033203,688849202.0,0.03297096266628522,10443866876.792908,8343658562.278748,9646604877.662659,38868180.656433105,11541063.88092041,-27327116.775512695,0.67,19.90909090909091,0.5777859322784678,0.7232222309863983,0.8154546844442122,0.702098546315435,,8594690007.076206,0.31896236755571794,2.0000001e-05,0.038,revenueGrowth,0.011057737762599091,0.0179,1.0188,0.13551,0.084580004,0.040170003,0.032414993204537085,5.029,USD,USD,GBP,1.0,1.326559066772461,8.76,6.38,6.480000019073486,13.39681339263916,6034319360.0,5578300000.0,yfinance,BTDPY,fresh,2026-10-01
HQ,Horizon Quantum Holdings Ltd.,14.86,46.02702852926302,4.277518611815307,SPY,8.29,0.7925211097708084,8.329999923706055,38.38999938964844,0.7839135817649225,0.6129200251040671,802025088.0,695614848.0,264797.393217,-0.34,-4838781.049333,223112.304459,485323.371469,34227495.0,0.0,-4666252.626664,-27151310.607829,-8442760.526111,-10219974.317067,-10620558.798349999,-400584.481283,,,-171.8777683439279,-29.53909295887685,3028.825466354742,,-29.72,0.0,-0.0,0.58062,,,,,0.0,1.0,-1217.4603,0.0,-0.10400709312131,0.33844,USD,USD,USD,1.0,1.0,14.86,8.29,8.329999923706055,38.38999938964844,802025088.0,264797.393217,yfinance,HQ,fresh,2026-10-01
LEU,Centrus Energy Corp.,139.49,37.03312406179167,3.4220620394325536,SPY,135.85,0.026794258373205853,35.36000061035156,436.0,2.944852873084075,0.6800688073394495,2853004032.0,2092224128.0,448700000.0,1.9,109800000.0,1957200000.0,1215200000.0,19733908.0,0.21694252733158248,765100000.0,743900000.0,1940800000.0,51000000.0,31300000.0,-19700000.0,2.87,73.41578947368421,3.7289295935171873,3.835198322355155,6.358377606418543,6.034994567772205,36.491158,472743430.0,0.09429569266589057,0.88763,0.14,revenueGrowth,-0.0,,0.0,0.23655,0.053379998,0.102340005,1.5882891125343093,5.395,USD,USD,USD,1.0,1.0,139.49,135.85,35.36000061035156,436.0,2853004032.0,448700000.0,yfinance,LEU,fresh,2026-10-01
BWXT,"BWX Technologies, Inc.",137.0,33.463449711236876,1.8697340204981245,SPY,133.21,0.02845131746865845,70.97493743896484,237.7264404296875,0.9302588342231883,0.42370735138937743,12552211456.0,13963603968.0,3198425000.0,3.86,551513000.0,499779000.0,2015983000.0,91621980.0,-4.048563956184849e-05,1232487000.0,401768000.0,888337000.0,479848000.0,295291000.0,-184557000.0,1.67,35.49222797927461,10.18445748798973,31.24243706815874,3.9244976686963113,2.9905340010018455,26.17376,4197314410.0,0.17145333065407414,0.94343,0.18,revenueGrowth,0.0023900170981950675,0.77,0.2694,0.22082001,0.10393,0.10108,1.6357032569106205,2.397,USD,USD,USD,1.0,1.0,137.0,133.21,70.97493743896484,237.7264404296875,12552211456.0,3198425000.0,yfinance,BWXT,fresh,2026-10-01
ESLT,Elbit Systems Ltd.,682.01,35.10217535942826,0.7401450159599904,SPY,453.0,0.5055408388520971,174.07421875,1011.9256591796875,2.9179265309786144,0.32602756554975787,31960756224.0,31790145536.0,7938627000.0,13.71,804923000.0,635141000.0,964810000.0,46862592.0,0.04940839651971639,4129598000.0,2307768000.0,1758697000.0,778378000.0,552810000.0,-225568000.0,8.79,49.74544128373449,7.739435224445575,13.849206776417734,4.025980339421414,3.1442438751799897,37.1421,10164846460.0,0.09883879234403779,0.23011999,0.159,revenueGrowth,,0.59,0.2634,0.25030002,0.09567001,0.07442,0.2336329105157451,1.395,USD,USD,USD,1.0,1.0,682.01,453.0,174.07421875,1011.9256591796875,31960756224.0,7938627000.0,yfinance,ESLT,fresh,2026-10-01
LAC,Lithium Americas Corp.,2.63,34.52803586374978,2.522583883803207,SPY,2.62,0.0038167938931296893,2.130000114440918,11.720000267028809,0.23474171769719449,0.7755972747373715,954803008.0,1825479936.0,0.0,-0.46,-51795000.0,568226000.0,532202000.0,363042943.0,0.2133335325196572,1058754000.0,1058754000.0,734820000.0,-61222000.0,-826266000.0,-765044000.0,,,0.9018176158012154,0.9018176158012154,,,-18.04336,0.0,,0.32564998,,,,,0.0,0.0,0.0,0.0,0.5026682307693761,5.467,USD,USD,USD,1.0,1.0,2.63,2.62,2.130000114440918,11.720000267028809,954803008.0,0.0,yfinance,LAC,fresh,2026-10-01
TE,T1 Energy Inc.,3.86,38.76384081155848,3.730236048650155,SPY,2.17,0.7788018433179723,0.949999988079071,12.039999961853027,3.0631579457227547,0.6794019923397141,1136874496.0,1909761536.0,755295000.0,-1.81,-210341000.0,182450000.0,548623000.0,294527066.0,0.23553771933569567,321885000.0,12440000.0,199904000.0,95463000.0,16664000.0,-78799000.0,,,3.5319275393385836,91.38862508038585,1.5052059076254973,0.8264785803773139,35.206127,1375564380.0,0.056854400845244034,0.81029,0.884,revenueGrowth,-0.0,,0.0,0.05901,-0.18863001,-0.38485,1.7044068533793124,1.301,USD,USD,USD,1.0,1.0,3.86,2.17,0.949999988079071,12.039999961853027,1136874496.0,755295000.0,yfinance,TE,fresh,2026-10-01
URNJ,Sprott Junior Uranium Miners ETF,20.18,34.27742694189827,2.361135164377332,SPY,20.12,0.0029821073558647473,11.12260913848877,40.43000030517578,0.8143224983218155,0.5008656975593297,,,,,,,,,,,,,,,,,,,,,,,,,,,,,0.0641,,,,,,,USD,USD,USD,1.0,1.0,20.18,20.12,11.12260913848877,40.43000030517578,,,yfinance,URNJ,fresh,2026-10-01
EWG,iShares MSCI Germany ETF,41.31,38.302101256777206,1.0110620768973868,SPY,37.98,0.08767772511848357,23.31477928161621,44.59000015258789,0.7718374899038006,0.07355909713755687,,,,2.4039006,,,,79500000.0,,2557753500.0,,,,,,,17.184570776345744,1.283996,,,,,,,,,,,0.018799999999999997,,,,,,,USD,USD,USD,1.0,1.0,41.31,37.98,23.31477928161621,44.59000015258789,,,yfinance,EWG,fresh,2026-10-01
XLP,State Street Consumer Staples Select Sector SPDR ETF,80.6,40.377460884554246,-0.057660624197986336,SPY,75.16,0.07237892496008512,61.04936599731445,88.30864715576172,0.320243030919364,0.08729209883789701,,,,3.3805041,,,,210172000.0,,14328896444.000002,,,,,,,23.842597913133723,1.1822168,,,,,,,,,,,0.0259,,,,,,,USD,USD,USD,1.0,1.0,80.6,75.16,61.04936599731445,88.30864715576172,,,yfinance,XLP,fresh,2026-10-01
RINF,ProShares Inflation Expectations ETF,32.7253,56.470066133443886,0.004806645114945211,SPY,31.74,0.03104284814114678,28.206016540527344,32.81175994873047,0.16022409449342825,0.0026350292963732607,,,,,,,,,,,,,,,,,,,,,,,,,,,,,0.0365,,,,,,,USD,USD,USD,1.0,1.0,32.7253,31.74,28.206016540527344,32.81175994873047,,,yfinance,RINF,fresh,2026-10-01
PDBC,Invesco Optimum Yield Diversified Commodity Strategy No K-1 ETF,19.3,48.544702397236094,-0.2952211905225597,SPY,13.105,0.47272033574971384,11.668018341064453,20.100000381469727,0.6540940745761028,0.0398010132481017,,,,,,,,,,,,,,,,,,,,,,,,,,,,,0.0273,,,,,,,USD,USD,USD,1.0,1.0,19.3,13.105,11.668018341064453,20.100000381469727,,,yfinance,PDBC,fresh,2026-10-01
VTI,Vanguard Morningstar Total Stock Market ETF,374.24,48.48153941016551,1.0108715813421323,SPY,310.4,0.20567010309278363,195.491943359375,383.33258056640625,0.9143499909458186,0.02371982197018366,,,,15.572217,,,,,,,,,,,,,24.032544627396344,,,,,,,,,,,,0.0103,,,,,,,USD,USD,USD,1.0,1.0,374.24,310.4,195.491943359375,383.33258056640625,,,yfinance,VTI,fresh,2026-10-01
XSW,State Street SPDR S&P Software & Services ETF,194.54,42.151932774563214,1.2166780968068975,SPY,135.19,0.4390117612249426,117.35423278808594,210.30999755859375,0.6577160906611127,0.07498453588351231,,,,7.7417355,,,,,,,,,,,,,25.12873243990317,,,,,,,,,,,,0.01,,,,,,,USD,USD,USD,1.0,1.0,194.54,135.19,117.35423278808594,210.30999755859375,,,yfinance,XSW,fresh,2026-10-01
LQD,iShares iBoxx $ Investment Grade Corporate Bond ETF,102.18,26.61023645588284,0.20394354916837526,SPY,102.04,0.0013720109760878142,86.23634338378906,108.71684265136719,0.18488326372159322,0.06012723044514368,,,,,,,,,,,,,,,,,,,,,,,,,,,,,0.0467,,,,,,,USD,USD,USD,1.0,1.0,102.18,102.04,86.23634338378906,108.71684265136719,,,yfinance,LQD,fresh,2026-10-01
USO,"United States Oil Fund, LP",145.66,48.41445342353316,-1.3243224306037926,SPY,65.99,1.2073041369904531,62.369998931884766,161.86000061035156,1.3354177087461157,0.10008649789486973,,,,,,,,,,,,,,,,,,,,,,,,,,,,,0.0,,,,,,,USD,USD,USD,1.0,1.0,145.66,65.99,62.369998931884766,161.86000061035156,,,yfinance,USO,fresh,2026-10-01
UFO,Procure Space ETF,42.315,38.60742929065569,1.9061775548540487,SPY,30.89,0.369860796374231,14.625812530517578,67.71354675292969,1.8931725954853706,0.3750881170883402,,,,1.730143,,,,,,,,,,,,,24.457515939433907,,,,,,,,,,,,0.34,,,,,,,USD,USD,USD,1.0,1.0,42.315,30.89,14.625812530517578,67.71354675292969,,,yfinance,UFO,fresh,2026-10-01
KRE,State Street SPDR S&P Regional Banking ETF,69.44,31.294355878739395,0.72082150546829,SPY,57.55,0.20660295395308428,35.56449890136719,77.48866271972656,0.952508882314958,0.103868907234059,,,,5.836251,,,,,,,,,,,,,11.898048935866536,,,,,,,,,,,,0.0217,,,,,,,USD,USD,USD,1.0,1.0,69.44,57.55,35.56449890136719,77.48866271972656,,,yfinance,KRE,fresh,2026-10-01
XAR,State Street SPDR S&P Aerospace & Defense ETF,231.25,25.07602809993513,1.4823010270763657,SPY,215.02,0.07548135057203977,107.9193344116211,296.5704345703125,1.1428041718453952,0.2202526852177707,,,,7.5878615,,,,,,,,,,,,,30.476307455005603,,,,,,,,,,,,0.31,,,,,,,USD,USD,USD,1.0,1.0,231.25,215.02,107.9193344116211,296.5704345703125,,,yfinance,XAR,fresh,2026-10-01
XLI,State Street Industrial Select Sector SPDR ETF,166.98,38.468515890847,0.9402633336828315,SPY,147.14,0.13483756966154686,92.48934173583984,186.01007080078125,0.8053972151398158,0.10230666930481773,,,,6.1593223,,,,136626000.0,,13441539132.0,,,,,,,27.110125411037508,1.6972616,,,,,,,,,,,0.0118,,,,,,,USD,USD,USD,1.0,1.0,166.98,147.14,92.48934173583984,186.01007080078125,,,yfinance,XLI,fresh,2026-10-01
QQQM,Invesco NASDAQ 100 ETF,304.64,59.457448265072244,1.4171756228681638,SPY,228.75,0.33175956284153,138.74685668945312,307.7799987792969,1.1956533450112912,0.01020208847797326,,,,10.10367,,,,,,,,,,,,,30.151420226511753,,,,,,,,,,,,0.44,,,,,,,USD,USD,USD,1.0,1.0,304.64,228.75,138.74685668945312,307.7799987792969,,,yfinance,QQQM,fresh,2026-10-01
IBIT,iShares Bitcoin Trust ETF,47.34,62.90337687286694,1.756160186200849,SPY,32.84,0.44153471376370274,22.31999969482422,71.29000091552734,1.1209677709349462,0.33595175491589735,,,,,,,,,,,,,,,,,,,,,,,,,,,,,0.0,,,,,,,USD,USD,USD,1.0,1.0,47.34,32.84,22.31999969482422,71.29000091552734,,,yfinance,IBIT,fresh,2026-10-01
VOYG,"Voyager Technologies, Inc.",30.25,40.71775257990496,3.3974159461997075,SPY,17.41,0.7375071797817346,17.989999771118164,56.47999954223633,0.6814897379023045,0.46441217696224063,1846129024.0,2014626048.0,166419000.0,-1.28,-89559000.0,491329000.0,466801000.0,55270494.0,-0.28884315889409234,383720000.0,127064000.0,448273000.0,-60943000.0,-205616000.0,-144673000.0,,,4.811135786510998,14.529127242964176,11.09325872646753,3.542917826094733,-18.49022,521075880.0,0.0039016777214202106,0.8642,0.155,revenueGrowth,0.08769322073125047,,0.0,0.109,-0.97463,-0.78613,1.2165146460961118,3.799,USD,USD,USD,1.0,1.0,30.25,17.41,17.989999771118164,56.47999954223633,1846129024.0,166419000.0,yfinance,VOYG,fresh,2026-10-01
MP,MP Materials Corp.,47.29,35.27531239990091,2.345653356416644,SPY,37.81,0.2507273208145992,10.489999771118164,98.6500015258789,3.5081030535579507,0.5206284919560352,8422424064.0,8365011968.0,224441000.0,-0.33,2974000.0,1166011000.0,1007170000.0,178101588.0,0.001436950826758991,1978757000.0,1972582000.0,1866752000.0,-155755000.0,-328130000.0,-172375000.0,,,4.256421614174959,4.269745979634814,37.52622766785035,10.465867406422838,54.113125,804751650.0,0.2708577444936913,0.77572995,1.197,revenueGrowth,0.003692998567116556,,0.0,0.42326,-0.1472,-0.14563,0.5089912505679071,9.51,USD,USD,USD,1.0,1.0,47.29,37.81,10.489999771118164,98.6500015258789,8422424064.0,224441000.0,yfinance,MP,fresh,2026-10-01
EXE,Expand Energy Corporation,84.09,27.27820107218129,0.03390539360621733,SPY,83.25,0.010090090090090131,66.4353256225586,120.76233673095703,0.2657422720819274,0.30367362642756973,19467153408.0,22532153344.0,12189000000.0,11.6,5497000000.0,616000000.0,5060000000.0,231503789.0,0.5311263846511539,18578000000.0,18578000000.0,15000000.0,4575000000.0,1644000000.0,-2931000000.0,0.78,7.2491379310344835,1.0478605559263645,1.0478605559263645,1.5971083278365739,1.9015103604045613,9.829339,10237731970.0,0.20289219982471515,0.96443003,-0.106,revenueGrowth,0.005136857860220341,0.0273,0.275,0.47069,0.26323998,0.2197,0.27236516309613523,0.959,USD,USD,USD,1.0,1.0,84.09,83.25,66.4353256225586,120.76233673095703,19467153408.0,12189000000.0,yfinance,EXE,fresh,2026-10-01
AR,Antero Resources Corporation,33.39,34.117464210121426,-0.15901344678455126,SPY,29.1,0.1474226804123711,20.3700008392334,45.150001525878906,0.6391751901987941,0.260465141272218,10265388032.0,13791908032.0,5013610000.0,3.49,1727683000.0,,3526520000.0,307439000.0,-0.0033597733349499384,7550827000.0,7550827000.0,-671533000.0,1630930000.0,1243148000.0,-387782000.0,0.39,9.567335243553009,1.3595051286435247,1.3595051286435247,2.047504299696227,1.517900390958507,7.6889243,6762886480.0,0.2424289728379644,0.91656995,0.126,revenueGrowth,0.01328775878464523,,0.0,0.67154,0.26017,0.18746,0.46703758409509316,0.401,USD,USD,USD,1.0,1.0,33.39,29.1,20.3700008392334,45.150001525878906,10265388032.0,5013610000.0,yfinance,AR,fresh,2026-10-01
EE,"Excelerate Energy, Inc.",32.13,28.87900007669323,0.39299002460918847,SPY,24.855,0.2926976463488233,13.243537902832031,42.59694290161133,1.426088877136769,0.24572051862471542,3643609600.0,3643474432.0,1228263000.0,1.46,415787000.0,538234000.0,1430899000.0,31380716.0,0.18489498925022835,682475000.0,88260000.0,443305000.0,461210000.0,298225000.0,-162985000.0,,22.006849315068497,5.33881768562951,41.28268298209834,2.966473467001774,1.8824398730961123,14.33863,1935578210.0,0.14311073715317682,0.0107581,0.61,revenueGrowth,-0.0,0.011200000000000002,0.2192,0.37476003,0.24569,0.03227,2.0966321110663393,1.8,USD,USD,USD,1.0,1.0,32.13,24.855,13.243537902832031,42.59694290161133,3643609600.0,1228263000.0,yfinance,EE,fresh,2026-10-01
CRK,"Comstock Resources, Inc.",12.32,36.785821587522044,-0.2698747046801328,SPY,12.12,0.01650165016501659,7.28000020980835,30.739999771118164,0.6923076435356768,0.5992192553112742,3617404928.0,7326776320.0,1928351000.0,1.78,1372696000.0,23930000.0,2907439000.0,293620548.0,0.02481098219574231,2646810000.0,2310913000.0,-368578000.0,899607000.0,-449673000.0,-1349280000.0,4.64,6.921348314606742,1.366703665166748,1.5653574704023907,1.875905853239374,1.9765107032247105,19.112629,1830197490.0,0.17402542772675808,0.31139,-0.252,revenueGrowth,-0.0,,0.0,0.56847,0.059710003,0.27,1.0984691005398952,0.476,USD,USD,USD,1.0,1.0,12.32,12.12,7.28000020980835,30.739999771118164,3617404928.0,1928351000.0,yfinance,CRK,fresh,2026-10-01
QXO,"QXO, Inc.",11.69,39.02027428880451,2.6706516104280227,SPY,11.14,0.049371633752244064,10.75,235.61000061035156,0.08744186046511623,0.9503841094617509,12128265216.0,19409266688.0,6842200000.0,-0.92,259500000.0,2361600000.0,3914500000.0,1037490709.0,2.004931420896283,9706800000.0,-280300000.0,3996300000.0,261400000.0,183200000.0,-78200000.0,0.91,,1.2494607096056374,-43.26887340706386,1.7725680652421736,0.6311795404128792,18.239973,19215238200.0,0.17116582616434292,0.89565,0.703,revenueGrowth,-0.0,,0.0,0.24544,-0.0092400005,-0.05167,0.4032739934891004,4.115,USD,USD,USD,1.0,1.0,11.69,11.14,10.75,235.61000061035156,12128265216.0,6842200000.0,yfinance,QXO,fresh,2026-10-01
TOL,"Toll Brothers, Inc.",134.75,43.81258907674949,1.2581781812761594,SPY,123.15,0.09419407226958988,66.71564483642578,165.52120971679688,1.0197661332717636,0.18590493489895182,12416807936.0,14282463232.0,10966723000.0,12.41,1802699000.0,1258997000.0,2916253000.0,92147000.0,-0.04690992453911549,8270663000.0,8270663000.0,9836149000.0,1112411000.0,1026216000.0,-86195000.0,0.88,10.858178887993553,1.5013074448807793,1.5013074448807793,1.1322259106936503,1.1259598459460345,9.747125,11027753770.0,0.24834889031920243,0.96228,-0.097,revenueGrowth,0.05243022227254655,0.77,0.082200006,0.24826999,0.1456,0.111379996,0.35260208280762984,4.502,USD,USD,USD,1.0,1.0,134.75,123.15,66.71564483642578,165.52120971679688,12416807936.0,10966723000.0,yfinance,TOL,fresh,2026-10-01
ABNB,"Airbnb, Inc.",160.65,38.42977853134492,1.1103071649241107,SPY,110.81,0.44977890082122557,105.69000244140625,190.5,0.5200113188479031,0.15669291338582675,96194912256.0,85149835264.0,12241000000.0,4.38,2544000000.0,6560000000.0,2067000000.0,419529556.0,-0.034108527131782945,8199000000.0,7429000000.0,5148000000.0,4646000000.0,4621000000.0,-25000000.0,1.35,36.678082191780824,11.73251765532382,12.94856807861085,7.858419431092231,6.081994047833187,25.966278,15816344360.0,0.1995537137392413,0.89352995,0.165,revenueGrowth,0.039388777546950436,,0.0,0.82901,0.21009001,0.2045,0.25210391511159896,1.408,USD,USD,USD,1.0,1.0,160.65,110.81,105.69000244140625,190.5,96194912256.0,12241000000.0,yfinance,ABNB,fresh,2026-10-01
AEP,"American Electric Power Company, Inc.",118.64,39.107919198854205,-0.02925801534535375,SPY,111.73,0.06184552045108741,64.01482391357422,137.64207458496094,0.8533207270893175,0.13805425878866506,64587304960.0,118719299584.0,21876000000.0,5.77,9239000000.0,197000000.0,49508000000.0,544397352.0,0.011537223813383332,31138000000.0,31085000000.0,-7262000000.0,6944000000.0,-1639000000.0,-8583000000.0,2.17,20.56152512998267,2.0742277911233864,2.0777643545118223,2.9524275443408303,2.5693627689385043,17.302431,25137479900.0,0.034640171858216974,0.94342005,0.07,revenueGrowth,,0.0319,0.65510005,0.46352002,0.23251,0.13781999,1.5899543965572611,0.504,USD,USD,USD,1.0,1.0,118.64,111.73,64.01482391357422,137.64207458496094,64587304960.0,21876000000.0,yfinance,AEP,fresh,2026-10-01
ALLE,Allegion plc,153.77,52.00403183798124,0.5156046245678518,SPY,125.0,0.2301600000000001,92.96633911132812,177.72555541992188,0.6540395316186313,0.13478959378307057,13076106240.0,14977806336.0,4067300000.0,7.62,1002600000.0,356200000.0,1980100000.0,85036786.0,-0.01141552511415525,2067600000.0,-670800000.0,636400000.0,783800000.0,685700000.0,-98100000.0,2.06,20.17979002624672,6.324292048752176,-19.493300894454382,3.2149352740147026,2.819443456345159,15.713506,4637832410.0,0.16215512753774075,0.0105294,0.127,revenueGrowth,0.00611802921540044,0.014199999999999999,0.2782,0.44801,0.22102,0.15357,0.9576804023989166,1.93,USD,USD,USD,1.0,1.0,153.77,125.0,92.96633911132812,177.72555541992188,13076106240.0,4067300000.0,yfinance,ALLE,fresh,2026-10-01
APO,"Apollo Global Management, Inc.",116.06,33.43734440155788,1.203130251267036,SPY,99.56,0.16572920851747688,73.9399185180664,173.94354248046875,0.5696527981923867,0.33277201128043143,68538437632.0,84680441856.0,32049000000.0,2.81,8478000000.0,19240000000.0,13364000000.0,590543159.0,-0.01712380298013245,23341000000.0,16023000000.0,-71541000000.0,7246000000.0,7043475000.0,-202525000.0,0.45,41.30249110320285,2.9363967967096527,4.277503440803844,2.138551518986552,10.819210719702394,10.817249,6334883330.0,0.19110378912685339,0.68014,0.638,revenueGrowth,0.011278342878932113,0.0189,0.7447,0.36141998,0.21952,0.052670002,0.5725547320166231,1.948,USD,USD,USD,1.0,1.0,116.06,99.56,73.9399185180664,173.94354248046875,68538437632.0,32049000000.0,yfinance,APO,fresh,2026-10-01
AXP,American Express Company,304.1,34.19942434735775,0.9677782108598716,SPY,290.97,0.04512492696841597,137.0340576171875,381.78155517578125,1.2191563563674135,0.203471210493694,205361725440.0,218701725696.0,72230000000.0,16.49,,47708000000.0,57759000000.0,675309833.0,-0.023842917251051893,33474000000.0,28511000000.0,,18428000000.0,16003000000.0,-2425000000.0,1.23,18.44147968465737,6.134962222620541,7.202894512293501,2.8431638576768656,2.36885083380352,15.071177,86692552570.0,0.21471547662196447,0.64656997,0.128,revenueGrowth,0.02831102040822432,0.0124,0.2148,0.62338,0.2032,0.16141,1.7254884387883134,1.553,USD,USD,USD,1.0,1.0,304.1,290.97,137.0340576171875,381.78155517578125,205361725440.0,72230000000.0,yfinance,AXP,fresh,2026-10-01
AZTA,"Azenta, Inc.",34.89,61.27624031107911,1.3847354377968077,SPY,15.93,1.1902071563088512,16.020000457763672,67.51000213623047,1.1779025594903452,0.4831876922534469,1528474752.0,1256644864.0,593821000.0,-2.47,39536000.0,279783000.0,51244000.0,43808393.0,0.007151972772312643,1726986000.0,922777000.0,470665000.0,72181000.0,38324000.0,-33857000.0,0.53,,0.8850533542252225,1.6563858353643404,2.5739654744443192,2.383400517698425,59.387234,641300000.0,4.424051518969621,0.011726,0.12,revenueGrowth,-0.0,,0.0,0.44048,-0.022739999,-0.20021999,0.02967250458312922,2.5,USD,USD,USD,1.0,1.0,34.89,15.93,16.020000457763672,67.51000213623047,1528474752.0,593821000.0,yfinance,AZTA,fresh,2026-10-01
BAH,Booz Allen Hamilton Holding Corporation,69.42,35.23519721298348,0.17883566224131392,SPY,59.5,0.1667226890756303,59.260650634765625,177.35226440429688,0.17143499533692821,0.6085756207671059,8350182912.0,11970183168.0,11217000000.0,6.37,1233000000.0,728000000.0,4122000000.0,120284973.0,-0.043672015055001095,1105000000.0,-1803000000.0,1298000000.0,1041000000.0,951000000.0,-90000000.0,1.09,10.89795918367347,7.55672661719457,-4.63127172046589,0.7444221192832308,0.7011901361097131,10.297609,11908585820.0,0.012761020881670533,0.0100515,-0.042,revenueGrowth,0.07161519769113292,0.0339,0.35790002,0.2242,0.09964,0.07013,3.730316742081448,1.595,USD,USD,USD,1.0,1.0,69.42,59.5,59.260650634765625,177.35226440429688,8350182912.0,11217000000.0,yfinance,BAH,fresh,2026-10-01
BDX,"Becton, Dickinson and Company",179.0,51.457696355236614,0.3249436745832347,SPY,127.58648,0.4029699698588754,125.22723388671875,197.54000854492188,0.4294015322731187,0.09385444843040876,48757239808.0,64856236032.0,21840000000.0,5.79,4956000000.0,641000000.0,19181000000.0,272386800.0,-0.008590799597263315,25390000000.0,-10626000000.0,942000000.0,3431000000.0,2671000000.0,-760000000.0,1.11,30.9153713298791,1.9203324067743206,-4.588484830415961,2.2324743501831503,2.4708555919720063,13.46625,19732937840.0,0.10792131844763424,0.99775004,0.054,revenueGrowth,0.01025488731455961,0.0231,0.7249,0.46936,0.15732999,0.0419,0.7554549035053171,0.865,USD,USD,USD,1.0,1.0,179.0,127.58648,125.22723388671875,197.54000854492188,48757239808.0,21840000000.0,yfinance,BDX,fresh,2026-10-01
BTDR,Bitdeer Technologies Group,10.49,44.846160579094885,4.124252075526894,SPY,6.916,0.5167727009832273,2.930000066757202,26.100000381469727,2.5802046965855125,0.5980842970620182,2850995712.0,4342409728.0,620253000.0,-1.91,338281000.0,149352000.0,1099297000.0,227382323.0,0.7050558118551075,867848000.0,738598000.0,-134015000.0,-1738678000.0,-2028242000.0,-289564000.0,,,3.28513254855689,3.860010062307236,4.596504510256299,1.8326834691831015,-28.161074,1555640000.0,0.07388112381759142,0.70579004,0.471,revenueGrowth,0.02280255972549144,,0.0,0.00667,-0.42455003,-0.28142,1.2666930153667462,1.006,USD,USD,USD,1.0,1.0,10.49,6.916,2.930000066757202,26.100000381469727,2850995712.0,620253000.0,yfinance,BTDR,fresh,2026-10-01
CACI,CACI International Inc,609.11,45.772412765427624,0.26101770683611747,SPY,434.7,0.40121923165401435,309.8900146484375,680.0800170898438,0.9655683345945177,0.10435539246327842,13461084160.0,18652596224.0,9567779000.0,24.14,1165714000.0,191756000.0,5384533000.0,22099597.0,-0.009690528290090653,4462697000.0,-4094750000.0,737413000.0,886710000.0,780057000.0,-106653000.0,514.23,25.232394366197184,3.0163562885851314,-3.287400735087612,1.4069183830437555,1.171040936695774,16.18459,11494973180.0,0.2392991661946076,0.0104695,0.176,revenueGrowth,0.0012689913974952816,,0.0,0.33203998,0.100509994,0.055999998,1.2065647746194734,1.484,USD,USD,USD,1.0,1.0,609.11,434.7,309.8900146484375,680.0800170898438,13461084160.0,9567779000.0,yfinance,CACI,fresh,2026-10-01
CARR,Carrier Global Corporation,54.86,39.64846480928791,1.2828046842872458,SPY,50.24,0.0919585987261146,44.721832275390625,80.43385314941406,0.2266939257358686,0.317948875356102,45222473728.0,56597471232.0,21747000000.0,1.4,3530000000.0,1555000000.0,12251000000.0,824325057.0,-0.054074805308763844,13804000000.0,-8023000000.0,1419000000.0,2513000000.0,2121000000.0,-392000000.0,1.08,39.18571428571429,3.276041272674587,-5.636603979558768,2.079481019358992,1.8530235900904772,16.56111,24404694020.0,0.13348164627363737,0.89941,0.039,revenueGrowth,0.06395050428675214,0.0173,0.6643,0.24691999,0.13069001,0.055180002,0.8874963778614894,1.02,USD,USD,USD,1.0,1.0,54.86,50.24,44.721832275390625,80.43385314941406,45222473728.0,21747000000.0,yfinance,CARR,fresh,2026-10-01
CNM,"Core & Main, Inc.",41.48,42.078483481735624,1.14365810441192,SPY,40.03,0.036222832875343385,28.399999618530273,66.9800033569336,0.46056339990002526,0.3807106909362957,7650716672.0,10150313984.0,7647000000.0,2.43,919000000.0,220000000.0,2437000000.0,184443500.0,-0.017776584165972713,1997000000.0,-746000000.0,1428000000.0,650000000.0,604000000.0,-46000000.0,1.43,17.069958847736622,3.8311049934902353,-10.25565237533512,1.0004860300771545,0.9364092313492511,11.845066,8170270450.0,0.23887973640856672,0.0113151,0.025,revenueGrowth,,,0.0,0.27046,0.10583,0.05963,1.2203304957436154,2.468,USD,USD,USD,1.0,1.0,41.48,40.03,28.399999618530273,66.9800033569336,7650716672.0,7647000000.0,yfinance,CNM,fresh,2026-10-01
COR,"Cencora, Inc.",300.25,41.72211578519528,-0.1622825323976774,SPY,244.82,0.22641124091169026,174.64581298828125,372.5274353027344,0.7191938063819875,0.1940190935038063,57295855616.0,69131747328.0,321332819000.0,13.47,3746505000.0,4356138000.0,7660773000.0,190827165.0,-0.025314054043258573,1508019000.0,-15942682000.0,-5581466000.0,3875120000.0,3207139000.0,-667981000.0,0.64,22.290274684484036,37.99412050909173,-3.59386555010004,0.1783068900161113,0.16232453502932873,15.144171,352971013320.0,0.30576583821008035,0.9969,0.051,revenueGrowth,0.007600392651757411,0.78,0.1745,0.03961,0.014149999,0.00789,5.080024190676642,0.935,USD,USD,USD,1.0,1.0,300.25,244.82,174.64581298828125,372.5274353027344,57295855616.0,321332819000.0,yfinance,COR,fresh,2026-10-01
CTVA,"Corteva, Inc.",77.65,36.90580697205079,0.11899567321918565,SPY,60.535,0.2827289997522096,42.181068420410156,90.31749725341797,0.840873237872455,0.1402551846390825,51807772672.0,54561767424.0,17401000000.0,1.65,3071000000.0,4521000000.0,2580000000.0,667196000.0,-0.020977011494252875,24144000000.0,5378000000.0,5210000000.0,3406000000.0,2815000000.0,-591000000.0,1.01,47.06060606060607,2.1457824996686545,9.633278667162514,2.977287091086719,2.767142694300416,18.828123,18722479610.0,0.28672985781990523,0.92135,-0.012,revenueGrowth,0.020672573723263577,0.92,0.4364,0.4954,0.3013,0.056649998,0.10685884691848907,1.516,USD,USD,USD,1.0,1.0,77.65,60.535,42.181068420410156,90.31749725341797,51807772672.0,17401000000.0,yfinance,CTVA,fresh,2026-10-01
CW,Curtiss-Wright Corporation,543.82,26.158422449979483,1.397706463401508,SPY,521.66,0.042479776099375234,191.49560546875,792.3912963867188,1.8398562915781667,0.31369766114317077,20085690368.0,20757520384.0,3498372000.0,14.52,787975000.0,371345000.0,1168082000.0,36934444.0,-0.01933651265212519,2533574000.0,308703000.0,612907000.0,643402000.0,553710000.0,-89692000.0,2.0,37.45316804407714,7.927808845528096,65.06477218556347,5.741439266035744,4.8805351468035045,31.730436,4115468850.0,0.38910922867066333,0.89653,0.054,revenueGrowth,0.023148320594483834,0.19,0.0674,0.37727,0.19395,0.14811,0.46104120108589686,1.602,USD,USD,USD,1.0,1.0,543.82,521.66,191.49560546875,792.3912963867188,20085690368.0,3498372000.0,yfinance,CW,fresh,2026-10-01
DASH,"DoorDash, Inc.",183.55,39.340914919484234,1.401841246956532,SPY,143.3,0.2808792742498255,70.6500015258789,281.739990234375,1.5980183444548992,0.34851279065031665,79531843584.0,77500416000.0,13717000000.0,1.91,1472000000.0,4378000000.0,3290000000.0,409082893.0,0.0683633377151313,10033000000.0,2254000000.0,2496000000.0,2431000000.0,1826000000.0,-605000000.0,1.04,96.09947643979059,7.92702517532144,35.284757579414375,5.7980493973901,3.6951055166165676,22.538094,21523564950.0,0.007454739084132056,0.958,0.356,revenueGrowth,-0.0,,0.0,0.52225,0.03862,0.05292,0.3279178710256155,1.368,USD,USD,USD,1.0,1.0,183.55,143.3,70.6500015258789,281.739990234375,79531843584.0,13717000000.0,yfinance,DASH,fresh,2026-10-01
DELL,Dell Technologies Inc.,537.95,53.618149716116626,2.2324512553909304,SPY,110.22,3.880693159136273,61.82695770263672,588.4000244140625,7.700897148899472,0.08574103045679059,342035464192.0,365749469184.0,113538000000.0,17.21,11852000000.0,11528000000.0,31503000000.0,315433188.0,-0.05,-2470000000.0,-26550000000.0,-5667000000.0,11185000000.0,8552000000.0,-2633000000.0,0.63,31.257989540964555,-138.4758964340081,-12.882691683314501,3.0125197219609294,1.526942145958017,18.475378,224000277350.0,0.18270687043921244,0.78022003,0.577,revenueGrowth,0.018723204668639696,0.47,0.1344,0.19910999,0.12020001,0.07525,-12.75425101214575,0.962,USD,USD,USD,1.0,1.0,537.95,110.22,61.82695770263672,588.4000244140625,342035464192.0,113538000000.0,yfinance,DELL,fresh,2026-10-01
ECL,Ecolab Inc.,274.58,51.82862499276687,0.47876255375145693,SPY,243.15,0.12926177256837335,152.64585876464844,305.8773498535156,0.7988041223139328,0.10231993270670062,76972621824.0,85785026560.0,16081200000.0,7.45,3830500000.0,646200000.0,8997500000.0,280328603.0,-0.004884856943475227,9770800000.0,-3144700000.0,420900000.0,2952600000.0,1904300000.0,-1048300000.0,2.5,36.85637583892617,7.877821859417858,-24.4769363767609,4.7864973897470335,3.9784194467615497,29.177702,19347538100.0,0.17842144511166058,0.94137,0.097,revenueGrowth,0.010182841397713853,0.0105,0.3812,0.44210997,0.18521999,0.12566,0.9208560199778933,1.841,USD,USD,USD,1.0,1.0,274.58,243.15,152.64585876464844,305.8773498535156,76972621824.0,16081200000.0,yfinance,ECL,fresh,2026-10-01
EME,"EMCOR Group, Inc.",754.49,50.56394503304706,1.86002482596835,SPY,564.92,0.3355696381788573,190.39202880859375,943.2627563476562,2.962823468615428,0.20012743541215433,33280477184.0,32905134080.0,16986422000.0,32.16,1920064000.0,1111968000.0,468209000.0,44109901.0,-0.035517766050558605,3673944000.0,1152702000.0,1072405000.0,1302063000.0,1189313000.0,-112750000.0,0.32,23.46050995024876,9.058515095494107,28.87170941318745,1.959239984971526,1.4906616610392487,20.530905,22325976480.0,,0.96099,0.198,revenueGrowth,0.01761567289912089,0.21,0.0405,0.19426,0.10618,0.07738,0.12744042914099943,1.277,USD,USD,USD,1.0,1.0,754.49,564.92,190.39202880859375,943.2627563476562,33280477184.0,16986422000.0,yfinance,EME,fresh,2026-10-01
EXC,Exelon Corporation,40.4,29.57839991508,-0.22609234344383053,SPY,39.73,0.016863830858293526,30.30190658569336,49.35155487060547,0.33324944045185323,0.18138344159724037,41622261760.0,92542418944.0,24258000000.0,2.72,9058000000.0,626000000.0,50080000000.0,1030253967.0,0.017267866346415986,28798000000.0,22168000000.0,-785000000.0,6254000000.0,-2275000000.0,-8529000000.0,2.18,14.852941176470587,1.4453177915132995,1.8775830819198844,1.7158158858933135,1.580982923241634,13.296909,26326825640.0,0.15891826192646613,0.95716006,0.099,revenueGrowth,,0.041299999999999996,0.6029,0.42363998,0.16590999,0.10989001,1.739009653448156,1.088,USD,USD,USD,1.0,1.0,40.4,39.73,30.30190658569336,49.35155487060547,41622261760.0,24258000000.0,yfinance,EXC,fresh,2026-10-01
FBIN,"Fortune Brands Innovations, Inc.",38.05,34.95845917056468,1.5512046783324753,SPY,32.34,0.17656153370439062,32.959285736083984,86.5054931640625,0.1544546294079023,0.5601435399271576,4539114496.0,7132284928.0,4463200000.0,1.24,714600000.0,264000000.0,2788700000.0,119293417.0,-0.03579952267303103,2388600000.0,-849500000.0,902600000.0,478600000.0,366800000.0,-111800000.0,1.35,30.68548387096774,1.9003242468391526,-5.343277805768099,1.0170089836888332,1.020039187078803,11.279555,4449941290.0,0.26222222222222225,0.0108682,-0.041,revenueGrowth,0.054592145718811144,0.0271,0.8226,0.44268,0.11015,0.0339,1.1675039772251528,2.014,USD,USD,USD,1.0,1.0,38.05,32.34,32.959285736083984,86.5054931640625,4539114496.0,4463200000.0,yfinance,FBIN,fresh,2026-10-01
FIX,"Comfort Systems USA, Inc.",1654.09,53.58869869006781,2.4150187034268997,SPY,770.47,1.1468584110997182,150.66531372070312,2065.4404296875,9.978572035938416,0.19915869941101966,58214584320.0,56582160384.0,9101641000.0,40.63,1442393000.0,981898000.0,483358000.0,35194329.0,-0.010118798043326346,2448774000.0,938091000.0,716703000.0,1186356000.0,1031453000.0,-154903000.0,0.56,40.71105094757568,23.77295100323672,62.05643623060023,6.396053669882168,3.76881270091297,27.486404,15446398890.0,0.2094355187239119,0.95886004,0.503,revenueGrowth,0.0037103932377610766,0.22,0.064,0.25661,0.17062001,0.12775,0.1973877540352846,1.214,USD,USD,USD,1.0,1.0,1654.09,770.47,150.66531372070312,2065.4404296875,58214584320.0,9101641000.0,yfinance,FIX,fresh,2026-10-01
GNRC,Generac Holdings Inc.,206.95,58.981987888964,2.062642596281396,SPY,134.8,0.5352373887240354,82.19999694824219,295.5400085449219,1.51763999614632,0.2997563984013226,12223281152.0,13350792192.0,4209147000.0,4.35,464592000.0,341413000.0,1498263000.0,59063935.0,-0.017806523010977952,2632422000.0,490062000.0,1247132000.0,437978000.0,268128000.0,-169850000.0,0.6,47.57471264367816,4.643359291177479,24.942315772290037,2.9039805813386894,1.9239952882702047,16.592928,6353072290.0,0.18942027529388125,0.91695,0.106,revenueGrowth,0.012101251551085978,,0.0,0.39539,0.17932,0.05817,0.569157604669768,2.045,USD,USD,USD,1.0,1.0,206.95,134.8,82.19999694824219,295.5400085449219,12223281152.0,4209147000.0,yfinance,GNRC,fresh,2026-10-01
GSK,GSK plc,48.17,44.79574218366959,0.23037492057936565,SPY,42.85,0.12415402567094516,29.966001510620117,59.60349655151367,0.6074884059165614,0.19182593661484293,96475144192.0,111227592704.0,43334705034.25598,3.11,13798867412.567139,4178661060.333252,23506626663.208008,2002805623.0,-0.006035731530661516,21725057836.532593,-9801944944.381714,-5148375738.143921,10268893735.88562,6309114921.569824,-3959778814.315796,6.01,15.488745980707396,4.440731293693892,-9.842449099583822,2.2262790093006664,2.0487318858791768,9.596574,47090175565.16402,0.150249966220781,0.17475,0.053,revenueGrowth,0.0189341187333219,0.0368,0.5679,0.73493,0.30943,0.1452,1.0820052512670209,0.815,USD,USD,GBP,1.0,1.326559066772461,48.17,42.85,29.966001510620117,59.60349655151367,96475144192.0,32667000000.0,yfinance,GSK,fresh,2026-10-01
HII,"Huntington Ingalls Industries, Inc.",267.07,26.658883658468795,0.8129388282691739,SPY,256.79,0.04003271155418814,154.22015380859375,449.681640625,0.731745128016581,0.40609094107376315,10523787264.0,13446786048.0,12484000000.0,16.8,1211000000.0,774000000.0,2923000000.0,39404598.0,-0.0025380710659898475,5073000000.0,1729000000.0,406000000.0,1196000000.0,794000000.0,-402000000.0,0.8,15.897023809523809,2.0744701880544056,6.0866323100057835,0.8429819980775393,0.741195141685696,12.818482,14198402920.0,0.22136422136422138,0.92595,0.109,revenueGrowth,-0.0,0.0213,0.32700002,0.124,0.0708,0.05013,0.57618766016164,1.23,USD,USD,USD,1.0,1.0,267.07,256.79,154.22015380859375,449.681640625,10523787264.0,12484000000.0,yfinance,HII,fresh,2026-10-01
HPE,Hewlett Packard Enterprise Company,63.89,57.7932892868778,2.0489486382288,SPY,19.84,2.2202620967741935,12.135043144226074,63.52000045776367,4.264917416498782,-0.005824929779122913,84811726848.0,98978725888.0,34296000000.0,1.94,4381000000.0,5773000000.0,24077000000.0,1327464779.0,-0.009723261032161555,24688000000.0,-5450000000.0,351000000.0,2919000000.0,627000000.0,-2292000000.0,0.49,32.93298969072165,3.435342143875567,-15.561784742752293,2.4729334863540937,1.5585229440398003,13.765065,54418016220.0,1.2,0.91279,0.337,revenueGrowth,0.0023817461040738556,0.93,0.2874,0.36622003,0.12560001,0.06666,0.975251134154245,1.113,USD,USD,USD,1.0,1.0,63.89,19.84,12.135043144226074,63.52000045776367,84811726848.0,34296000000.0,yfinance,HPE,fresh,2026-10-01
IBKR,"Interactive Brokers Group, Inc.",85.42,39.92221389788897,1.9993682395429988,SPY,58.95,0.44902459711620013,18.80455207824707,98.10118865966797,3.5425171333282144,0.12926641188478835,145539923968.0,-30032062464.0,10222000000.0,2.52,9087000000.0,4963000000.0,19000000.0,453077771.0,0.017111149829362748,5363000000.0,5363000000.0,20814000000.0,15811000000.0,15744000000.0,-67000000.0,1.39,33.8968253968254,27.137781832556406,27.137781832556406,14.237910777538643,16.806236754530104,26.783558,8659875860.0,0.08677426116118214,0.8855,0.263,revenueGrowth,0.0005771612194772698,0.41,0.13,0.93036,0.76532996,0.16474001,0.0035427932127540555,1.093,USD,USD,USD,1.0,1.0,85.42,58.95,18.80455207824707,98.10118865966797,145539923968.0,10222000000.0,yfinance,IBKR,fresh,2026-10-01
ICLR,ICON Public Limited Company,169.99,52.07099146815413,1.2554227742709447,SPY,66.57,1.5535526513444498,80.08000183105469,346.20001220703125,1.1227521992148433,0.5089832639914981,13115444224.0,15712893952.0,8251340000.0,0.65,823570000.0,647295000.0,3555782000.0,77154209.0,-0.048981335291379664,9193384000.0,-2785423000.0,305500000.0,1036205000.0,861991000.0,-174214000.0,0.52,261.5230769230769,1.426617687676268,-4.708600533563484,1.5894926428919425,1.5560922953653018,14.380243,8428448790.0,0.09160081595468679,0.0108697,0.012,revenueGrowth,0.05718449083314862,,0.0,0.23909001,0.094119996,0.0032600001,0.38677618600506625,0.953,USD,USD,USD,1.0,1.0,169.99,66.57,80.08000183105469,346.20001220703125,13115444224.0,8251340000.0,yfinance,ICLR,fresh,2026-10-01
KKR,KKR & Co. Inc.,91.3,33.61681854625928,1.498524810969483,SPY,82.67,0.10439095197774277,53.02458572387695,165.18524169921875,0.7218427782810124,0.4472871846127413,84323819520.0,142507786240.0,19207544000.0,3.13,10171075000.0,16892147000.0,54537875000.0,897635601.0,0.017948922606194496,30902561000.0,19577184000.0,185131160000.0,477760000.0,316995000.0,-160765000.0,0.4,29.169329073482427,2.7287000426922545,4.3072496800356985,4.390140640573308,6.80811881581128,12.322568,12385773780.0,0.13434659875252847,0.62423,0.078,revenueGrowth,3.987011047575469e-05,0.84,0.23959999,0.54767,0.2065,0.12201,1.7648335036050895,0.856,USD,USD,USD,1.0,1.0,91.3,82.67,53.02458572387695,165.18524169921875,84323819520.0,19207544000.0,yfinance,KKR,fresh,2026-10-01
MCK,McKesson Corporation,853.81,45.25848696870933,-0.248550236262993,SPY,723.68,0.17981704620826885,431.6576843261719,993.5342407226562,0.9779793827435693,0.14063354336034417,99546013696.0,109117014016.0,403430000000.0,37.27,7177000000.0,3975000000.0,8614000000.0,116590363.0,-0.0312256049960968,-2172000000.0,-17567000000.0,-9807000000.0,6155000000.0,5410000000.0,-745000000.0,1.63,22.908773812718,-45.831498018416205,-5.666648471338305,0.2467491601913591,0.21538483044020532,16.917446,462177459260.0,0.1777132720528947,0.93445,0.077,revenueGrowth,0.04771662695108871,0.43,0.088,0.03633,0.01348,0.01117,-3.965930018416206,0.893,USD,USD,USD,1.0,1.0,853.81,723.68,431.6576843261719,993.5342407226562,99546013696.0,403430000000.0,yfinance,MCK,fresh,2026-10-01
MDLZ,"Mondelez International, Inc.",57.82,34.803614565137934,-0.23733407576296167,SPY,51.2,0.12929687499999995,50.643348693847656,71.32734680175781,0.14170965173604705,0.18937122166199702,73796132864.0,94192132096.0,38537000000.0,2.73,4971000000.0,2125000000.0,21804000000.0,1276308057.0,-0.03637713437268003,25838000000.0,-18126000000.0,-8913000000.0,4514000000.0,3235000000.0,-1279000000.0,0.88,21.17948717948718,2.8561085557705703,-4.071286156018978,1.9149423375976335,1.7862586651506962,17.194006,41313239960.0,0.2594558725945587,0.89424,0.041,revenueGrowth,0.032318766681112575,0.0351,0.73260003,0.31146,0.21978001,0.08862001,0.8438733648115179,0.599,USD,USD,USD,1.0,1.0,57.82,51.2,50.643348693847656,71.32734680175781,73796132864.0,38537000000.0,yfinance,MDLZ,fresh,2026-10-01
MMC,MMC,,,,SPY,,,,,,,,,,,,,,,,,,,,,,,,,,,,,,,,,,,,,,,,,,USD,USD,USD,1.0,1.0,,,,,,,yfinance,MMC,unresolved,
MNST,Monster Beverage Corporation,41.62,31.37994755104711,0.2161177291562671,SPY,32.94,0.26350941105039466,22.5049991607666,49.970001220703125,0.849366876340833,0.1671002805027675,81535729664.0,78209409024.0,8294343000.0,1.08,2533795000.0,2088117000.0,373951000.0,1959051764.0,-0.028285265031235594,8254108000.0,5543197000.0,3913304000.0,2098177000.0,1940648000.0,-157529000.0,2.15,38.53703703703703,9.878200002229192,14.70915243748328,9.830281875731448,7.650935587179415,31.791376,10656961980.0,0.23246334685314854,0.69577,0.202,revenueGrowth,0.0012711727782055064,,0.0,0.55546004,0.2918,0.23079,0.04530483487737258,3.729,USD,USD,USD,1.0,1.0,41.62,32.94,22.5049991607666,49.970001220703125,81535729664.0,8294343000.0,yfinance,MNST,fresh,2026-10-01
MSCI,MSCI Inc.,538.66,39.76381434685543,0.34742357335709095,SPY,501.08,0.07499800431068888,431.7459411621094,641.5355834960938,0.2476318794106443,0.16035834354731499,39160578048.0,45352083456.0,3134459000.0,18.31,1922715000.0,511665000.0,6309817000.0,72700000.0,-0.029432624113475178,-2654540000.0,-6410415000.0,-184944000.0,1588446000.0,1458585000.0,-129861000.0,1.84,29.418896777717094,-14.75230286527986,-6.108899041325718,12.49356844291152,10.244214397966974,23.953316,3822701920.0,0.19538218350804681,0.95678,0.122,revenueGrowth,0.06343892567047738,0.0152,0.42099997,0.82975,0.56298,0.40735,-2.3769907403919324,0.894,USD,USD,USD,1.0,1.0,538.66,501.08,431.7459411621094,641.5355834960938,39160578048.0,3134459000.0,yfinance,MSCI,fresh,2026-10-01
MSTR,Strategy Inc,153.09,60.335078411441145,3.1115570203210092,SPY,81.81,0.8712871287128713,31.132999420166016,473.8299865722656,3.9172904265959625,0.6769094309385764,61044760576.0,77653966848.0,477233000.0,-99.16,-5435469000.0,2301470000.0,8236290000.0,379110575.0,0.44202255010412933,51042972000.0,-14730570000.0,2107645000.0,-67241000.0,-22579536000.0,-22512295000.0,2.85,,1.1959483976755898,-4.14408679202502,127.913955187508,119.02927608331251,3.093352,512855010.0,0.3036221437963472,0.60478,0.069,revenueGrowth,-0.0,,0.0,0.67600995,-0.68081116,0.0,0.16135992238069524,5.39,USD,USD,USD,1.0,1.0,153.09,81.81,31.132999420166016,473.8299865722656,61044760576.0,477233000.0,yfinance,MSTR,fresh,2026-10-01
NRG,"NRG Energy, Inc.",95.65,32.16928499398344,1.3843648562001227,SPY,93.355,0.024583578812061503,35.44435119628906,182.81918334960938,1.6985964412296628,0.47680545199085433,20106633216.0,44061634560.0,30713000000.0,3.84,3281000000.0,4708000000.0,16622000000.0,210210483.0,-0.06132075471698113,1681000000.0,-6295000000.0,5118000000.0,1913000000.0,765000000.0,-1148000000.0,0.37,24.908854166666668,11.961114346222487,-3.194064053375695,0.654661974277993,0.5450763664916906,8.548437,36887736200.0,0.23809523809523808,0.95726997,0.11,revenueGrowth,0.06977796754573275,0.0196,0.4766,0.18795,0.12765999,0.02563,9.888161808447352,0.968,USD,USD,USD,1.0,1.0,95.65,93.355,35.44435119628906,182.81918334960938,20106633216.0,30713000000.0,yfinance,NRG,fresh,2026-10-01
NVT,nVent Electric plc,160.37,54.47686012030062,2.0250487100632975,SPY,93.22,0.7203389830508475,44.61932373046875,184.09619140625,2.5941826677774085,0.12887931697561725,25957156864.0,27334057984.0,3893100000.0,3.61,832800000.0,237500000.0,1695100000.0,161857939.0,-0.02140309155766944,3730200000.0,-824300000.0,636100000.0,465200000.0,371900000.0,-93300000.0,1.02,44.42382271468144,6.958650169964077,-31.489939177483926,6.667477553620508,4.032737725170245,24.741545,6436609230.0,0.22090909090909092,0.93648005,0.528,revenueGrowth,0.009750682685553461,0.52,0.22780001,0.36453998,0.18827,0.12377,0.4544260361374725,1.8,USD,USD,USD,1.0,1.0,160.37,93.22,44.61932373046875,184.09619140625,25957156864.0,3893100000.0,yfinance,NVT,fresh,2026-10-01
PGR,The Progressive Corporation,207.31,46.16919328650898,-0.49864813649268114,SPY,189.2,0.09571881606765335,127.03033447265625,273.250244140625,0.63197240140011,0.24131815269921456,120322719744.0,126755184640.0,87637000000.0,19.94,15397999616.0,125000000.0,6897000000.0,580400000.0,0.000680619363620895,30323000000.0,30323000000.0,,17548000000.0,17200000000.0,-348000000.0,64.56,10.396690070210632,3.9680348166078554,3.9680348166078554,1.372967122836245,1.3008816355278554,12.728862,92493211110.0,0.20494972931167826,0.89892995,0.073,revenueGrowth,0.0013796230699670313,0.19,0.6974,0.18521,0.18208,0.12849,0.2274511097186954,0.293,USD,USD,USD,1.0,1.0,207.31,189.2,127.03033447265625,273.250244140625,120322719744.0,87637000000.0,yfinance,PGR,fresh,2026-10-01
PH,Parker-Hannifin Corporation,955.42,51.087085460603085,0.8279407683608664,SPY,715.37,0.3355606189803877,355.28009033203125,1071.7115478515625,1.6892021984882428,0.10851011924308342,120490319872.0,128669270016.0,21499000000.0,28.43,5901000000.0,501000000.0,8520000000.0,126112415.0,-0.0003051065743475818,15404000000.0,-2985000000.0,1599000000.0,4364000000.0,3905000000.0,-459000000.0,3.25,33.60604994723883,7.8220150527135806,-40.36526628877722,5.604461596911484,4.5675143782537235,24.238749,26379844680.0,0.20030681569143108,0.90438,0.098,revenueGrowth,0.010473870443207849,0.82,0.2598,0.37546003,0.23458,0.16968,0.5531030901064659,1.262,USD,USD,USD,1.0,1.0,955.42,715.37,355.28009033203125,1071.7115478515625,120490319872.0,21499000000.0,yfinance,PH,fresh,2026-10-01
PLUR,Pluri Inc.,1.0,30.718117797804013,0.7318466561243705,SPY,0.9,0.11111111111111108,0.9700000286102295,8.15999984741211,0.03092780464424631,0.8774509781005518,12344736.0,45056736.0,1016000.0,-2.44,-23951000.0,3529000.0,34914000.0,12344736.0,0.2092923446958341,-23036000.0,-28785000.0,-23989000.0,-19588000.0,-20221000.0,-633000.0,,,-0.5358888695954158,-0.4288600312662845,12.150330708661418,,-0.5263158,0.0,0.0009844845239032841,0.20683001,-0.158,revenueGrowth,,,0.0,0.44587,-0.16555219999999998,0.0,-1.5156277131446432,0.267,USD,USD,USD,1.0,1.0,1.0,0.9,0.9700000286102295,8.15999984741211,12344736.0,1016000.0,yfinance,PLUR,fresh,2026-10-01
RPM,RPM International Inc.,98.67,42.308633736917,0.9172607626612986,SPY,92.92,0.06188118811881188,84.87142181396484,135.62857055664062,0.16258214945757776,0.27249841537779934,12594534400.0,15236806656.0,7863422000.0,5.17,1195374000.0,315188000.0,2874807000.0,127643000.0,-0.0050700446163926246,3311533000.0,798731000.0,1397772000.0,898708000.0,675201000.0,-223507000.0,1.66,19.085106382978726,3.8032338497004257,15.768180275962745,1.601660752786764,1.4653415539702697,14.672577,8594947960.0,0.2388227589218007,0.88552004,0.072,revenueGrowth,0.006552921876969108,0.0216,0.412,0.41435,0.15307,0.08411,0.8681196895818342,1.678,USD,USD,USD,1.0,1.0,98.67,92.92,84.87142181396484,135.62857055664062,12594534400.0,7863422000.0,yfinance,RPM,fresh,2026-10-01
SCCO,Southern Copper Corporation,202.64,53.671966483788246,2.325541811384362,SPY,115.74333,0.7507704331644854,59.95526885986328,219.6999969482422,2.379853078027913,0.07765132992815318,171097800704.0,172468699136.0,13420000000.0,6.66,8022000000.0,4304600000.0,7413500000.0,844343686.0,0.02211711456542619,11038100000.0,10988600000.0,6207400000.0,4752100000.0,3426800000.0,-1325300000.0,5.41,30.426426426426424,15.500656879716617,15.570482200098283,12.749463539791357,10.588936066543962,27.848974,16158167320.0,0.3641053609067995,0.09791,0.406,revenueGrowth,,0.0217,0.5416,0.64502,0.61162996,0.35866,0.6716282693579511,5.06,USD,USD,USD,1.0,1.0,202.64,115.74333,59.95526885986328,219.6999969482422,171097800704.0,13420000000.0,yfinance,SCCO,fresh,2026-10-01
SHEL,Shell plc,95.05,54.37613713771969,-0.04046592237999398,SPY,68.625,0.385063752276867,54.78593444824219,98.94999694824219,0.7349343578285847,0.03941381575061759,270978203648.0,307455361024.0,266886000000.0,9.04,56664000000.0,29630000000.0,75643000000.0,2850901401.0,-0.06522934770652293,174392000000.0,147720000000.0,24758000000.0,42863000000.0,23916000000.0,-18947000000.0,1.61,10.514380530973453,1.5538453807972843,1.834404303059843,1.0153331521623465,0.8585267225000343,9.139344,315631647270.0,0.3910807904288211,0.13396,0.447,revenueGrowth,0.051218141581707385,0.0329,0.32709998,0.26093,0.16691,0.08756,0.4337526950777559,1.435,USD,USD,USD,1.0,1.0,95.05,68.625,54.78593444824219,98.94999694824219,270978203648.0,266886000000.0,yfinance,SHEL,fresh,2026-10-01
SPOT,Spotify Technology S.A.,487.38,39.755466142985085,0.3448175136463815,SPY,405.0,0.2034074074074074,148.9199981689453,775.9000244140625,2.272763940321043,0.3718520625539928,100197629952.0,93678632960.0,19480842838.525772,18.12,2671729696.86985,5960099595.308304,2217184254.169464,205584205.0,0.016999844084533228,9441169556.736946,8167082081.437111,4999999869.7042465,3324642851.471901,3255497534.751892,-69145316.72000885,1.4,26.897350993377483,10.612840850898802,12.268473483294397,5.143392962128251,3.9537429712846204,27.889605,25342474379.27017,0.00539568345323741,0.68838,0.139,revenueGrowth,0.004966380688505217,,0.0,0.32766998,0.13712,0.18434,0.23484211790130868,2.112,USD,USD,EUR,1.0,1.133529782295227,487.38,405.0,148.9199981689453,775.9000244140625,100197629952.0,17186000000.0,yfinance,SPOT,fresh,2026-10-01
TDG,TransDigm Group Incorporated,1082.6,37.29617457491324,0.7261843959659176,SPY,1071.25,0.010595099183197114,694.2988891601562,1516.55029296875,0.5592708225553173,0.28614302801607916,59842363392.0,90637369344.0,8831000000.0,32.99,4568000000.0,2808000000.0,30030000000.0,55276525.0,0.006920415224913495,-9686000000.0,-23752000000.0,4830000000.0,2038000000.0,1816000000.0,-222000000.0,3.05,32.816004849954524,-6.1782328507123685,-2.5194662930279557,6.776397168157627,5.165759988612021,22.386997,11584425820.0,0.2111068847470521,0.97230005,0.225,revenueGrowth,0.008355284979717935,,0.0,0.59824,0.46005002,0.21277,-3.1003510220937436,3.019,USD,USD,USD,1.0,1.0,1082.6,1071.25,694.2988891601562,1516.55029296875,59842363392.0,8831000000.0,yfinance,TDG,fresh,2026-10-01
TECH,Bio-Techne Corporation,72.47,56.0112074841924,0.8017831313479925,SPY,43.2,0.6775462962962961,43.17219161987305,83.13859558105469,0.6786268493870153,0.12832301900810325,11364618240.0,11391362048.0,1215039000.0,1.16,347669000.0,264712000.0,289087000.0,156818238.0,-0.016954989137036133,2108221000.0,829401000.0,580701000.0,292073000.0,263223000.0,-28850000.0,2.11,62.474137931034484,5.3906199776968355,13.702199828550967,9.353295030036072,8.145632604806437,31.337294,1395179330.0,0.24438258268239987,0.011482000000000001,0.013,revenueGrowth,0.0036670831452407853,0.44,0.2759,0.66243,0.27871,0.14968,0.1371236696722023,4.547,USD,USD,USD,1.0,1.0,72.47,43.2,43.17219161987305,83.13859558105469,11364618240.0,1215039000.0,yfinance,TECH,fresh,2026-10-01
TECK,Teck Resources Limited,65.79,44.97662900836708,2.123252601543464,SPY,38.0,0.7313157894736844,28.788419723510742,71.87223052978516,1.2852939005287272,0.08462559857891934,32276574208.0,37012574208.0,7558147801.399231,3.59,2909142050.743103,3521888878.8223267,6750755478.620529,483000468.0,-0.04730769230769231,17634741281.5094,17220153404.712677,4750895991.563797,1039280457.2582245,-409669037.5804901,-1448949494.8387146,3.97,18.32590529247911,1.830283398704751,1.8743488196316997,4.27043437838364,3.0776957453431706,18.581038,10487253087.58585,0.3526570048309179,0.77282995,0.782,revenueGrowth,0.022010418965442178,0.55,0.09819999,0.35987,0.43135,0.17854,0.38281000956327704,3.116,USD,USD,CAD,1.0,0.7026913166046143,65.79,38.0,28.788419723510742,71.87223052978516,32276574208.0,10756000000.0,yfinance,TECK,fresh,2026-10-01
TLN,Talen Energy Corporation,312.69,53.844727368200985,1.9172693619407963,SPY,279.77,0.11766808449798055,51.75,445.8399963378906,5.04231884057971,0.29864973405611567,14790237184.0,24349227008.0,2626000000.0,-4.03,512000000.0,689000000.0,6811000000.0,47300000.0,-0.1910915979180682,1093000000.0,1093000000.0,299000000.0,704000000.0,498000000.0,-206000000.0,,,13.53178150411711,13.53178150411711,5.632230458492003,2.82260996233046,10.16722,5239915320.0,,0.010217199,1.112,revenueGrowth,0.00696405329533355,,0.0,0.42101002,-0.04797,-0.049450003,6.231473010064044,0.781,USD,USD,USD,1.0,1.0,312.69,279.77,51.75,445.8399963378906,14790237184.0,2626000000.0,yfinance,TLN,fresh,2026-10-01
WSO,"Watsco, Inc.",302.69,38.16514895166308,1.1352230805011017,SPY,295.75,0.023465765004226535,300.79998779296875,540.7460327148438,0.006283285517724436,0.44023630006062364,12486626304.0,12230313984.0,7239290000.0,11.68,736334000.0,433283000.0,478788000.0,35588756.0,0.005542415303944664,2781376000.0,2108440000.0,2236764000.0,569613000.0,535063000.0,-34550000.0,1.15,25.915239726027398,4.4893701189627,5.922210878184819,1.724841290237026,1.5689078161322267,22.803293,7958801770.0,0.20346059787765902,0.0110033,0.021,revenueGrowth,0.000292873343925453,0.043899999999999995,1.054,0.27512,0.1094,0.06531,0.17214069582825192,3.199,USD,USD,USD,1.0,1.0,302.69,295.75,300.79998779296875,540.7460327148438,12486626304.0,7239290000.0,yfinance,WSO,fresh,2026-10-01
SFM,"Sprouts Farmers Market, Inc.",66.35,32.32658868608897,0.07966003094343502,SPY,61.88,0.07223658694246916,40.150001525878906,179.52999877929688,0.6525528637211566,0.6304238820746242,6186979840.0,8069344768.0,8806159000.0,5.23,994874000.0,257282000.0,1943344000.0,93247625.0,-0.026386135195651958,1403074000.0,813109000.0,-60899000.0,715998000.0,467731000.0,-248267000.0,1.36,12.686424474187378,4.409589116468554,7.609041149464586,0.7025741688288845,0.6064707156372862,11.138007,10201613500.0,0.23971811191897605,0.011448400000000001,0.047,revenueGrowth,0.07627728103280841,,0.0,0.38939,0.074889995,0.05585,1.3850616574749444,0.992,USD,USD,USD,1.0,1.0,66.35,61.88,40.150001525878906,179.52999877929688,6186979840.0,8806159000.0,yfinance,SFM,fresh,2026-10-01
WHR,Whirlpool Corporation,30.68,29.0704176962289,1.2275320595318477,SPY,30.23,0.014885874958650324,30.670000076293945,123.65470886230469,0.00032604902775281504,0.7518897558995216,2000316928.0,8808316928.0,15524000000.0,3.04,1195000000.0,669000000.0,7189000000.0,65199378.0,0.019963702359346643,2726000000.0,-2939000000.0,-1589000000.0,470000000.0,81000000.0,-389000000.0,1.04,10.092105263157894,0.7337919765223772,-0.6806114079618918,0.12885319041484153,0.12950296889177973,8.325712,15446108650.0,0.2751937984496124,0.010364400000000001,-0.068,revenueGrowth,-0.0,0.099,0.8882,0.13578,0.016210001,0.01253,2.6371973587674247,1.149,USD,USD,USD,1.0,1.0,30.68,30.23,30.670000076293945,123.65470886230469,2000316928.0,15524000000.0,yfinance,WHR,fresh,2026-10-01
BETR,Better Home & Finance Holding Company,11.0,33.15553908473653,2.542536789237858,SPY,9.81,0.12130479102956161,7.960000038146973,86.06999969482422,0.3819095411161224,0.8721970484605279,208984384.0,765190400.0,206895000.0,-10.25,-135406000.0,99827000.0,615293000.0,13243928.0,0.01632721557950359,37183000.0,4203000.0,207243000.0,-166575000.0,-177804000.0,-11229000.0,,,5.620428260226448,49.72267047347133,1.0100987650740714,0.7574167751502633,-24.017467,275917290.0,,0.55789,0.282,revenueGrowth,-0.0,,0.0,1.0,-0.56856996,-0.9321,16.547696527983216,0.539,USD,USD,USD,1.0,1.0,11.0,9.81,7.960000038146973,86.06999969482422,208984384.0,206895000.0,yfinance,BETR,fresh,2026-10-01
SITE,"SiteOne Landscape Supply, Inc.",90.31,39.592492216912454,1.0112819233172796,SPY,86.2,0.0476798143851508,87.5999984741211,185.80999755859375,0.0309360910169365,0.5139658727377064,3942518272.0,4983218176.0,4704800000.0,3.65,378900000.0,190600000.0,980000000.0,43655390.0,-0.012088968317068908,1659200000.0,908800000.0,1012000000.0,300500000.0,245400000.0,-55100000.0,,24.742465753424657,2.376156142719383,4.338158309859155,0.8379778677095732,0.7738083968728817,17.557434,5094954110.0,0.22501230920728704,0.011385701,0.047,revenueGrowth,0.024933302325605557,,0.0,0.3513,0.12909001,0.0341,0.5906460945033751,2.305,USD,USD,USD,1.0,1.0,90.31,86.2,87.5999984741211,185.80999755859375,3942518272.0,4704800000.0,yfinance,SITE,fresh,2026-10-01
JELD,"JELD-WEN Holding, Inc.",1.84,52.16751168713174,2.8681438610388614,SPY,0.925,0.9891891891891892,0.9549999833106995,21.420000076293945,0.9267016043511018,0.9140989732284653,159644624.0,1536541568.0,3211181000.0,-6.06,-294756000.0,136103000.0,1365630000.0,86763382.0,0.0058797531186123705,92216000.0,-4114000.0,438800000.0,-4861000.0,-140801000.0,-135940000.0,2.15,,1.7312030884011451,-38.80520758385999,0.04971523685522554,0.04960998957890996,-7.106992,3217993500.0,,0.90309995,-0.007,revenueGrowth,-0.0,,0.0,0.15371999,-0.0018099999,-0.16434999,14.80903530840635,1.732,USD,USD,USD,1.0,1.0,1.84,0.925,0.9549999833106995,21.420000076293945,159644624.0,3211181000.0,yfinance,JELD,fresh,2026-10-01
MHK,"Mohawk Industries, Inc.",124.72,48.19905028049852,1.4043855930245683,SPY,92.99,0.34121948596623297,76.55999755859375,162.6999969482422,0.6290491637561495,0.2334357569799114,8448301568.0,9050945536.0,10785400000.0,7.55,1139100000.0,856100000.0,2457300000.0,67738145.0,-0.018867924528301886,8373300000.0,6349800000.0,3245000000.0,1056200000.0,616200000.0,-440000000.0,0.64,16.519205298013244,1.008957229288333,1.3304830967904502,0.783309062992564,0.7400646834441202,12.438999,11415625900.0,0.2107958182206102,0.83185,0.068,revenueGrowth,0.0177313746194151,,0.0,0.25641,0.097849995,0.04152,0.2934685249543191,1.916,USD,USD,USD,1.0,1.0,124.72,92.99,76.55999755859375,162.6999969482422,8448301568.0,10785400000.0,yfinance,MHK,fresh,2026-10-01
MBC,"MasterBrand, Inc.",7.0,37.62579154245915,1.2903562013356413,SPY,6.27,0.11642743221690598,6.550000190734863,19.200000762939453,0.06870225895591156,0.6354166811539061,1424433408.0,2872633344.0,2734700000.0,-0.71,213900000.0,183300000.0,1174000000.0,203490490.0,-0.012987012987012988,1344600000.0,-330600000.0,280200000.0,195700000.0,117500000.0,-78200000.0,,,1.0593733511825079,-4.308630998185118,0.5208737367901415,0.3417847241374279,29.166668,4167633330.0,0.42332613390928725,0.011031800000000001,0.115,revenueGrowth,0.012706806719321203,,0.0,0.26859,0.022820001,-0.0349,0.8731221181020378,1.759,USD,USD,USD,1.0,1.0,7.0,6.27,6.550000190734863,19.200000762939453,1424433408.0,2734700000.0,yfinance,MBC,fresh,2026-10-01
ONT,"Onterris, Inc.",13.38,33.58224354071743,1.325794077932439,SPY,12.68,0.055205047318612074,10.739999771118164,49.81999969482422,0.24581008241557725,0.731433157728621,469871136.0,874806144.0,830538000.0,-0.31,81703000.0,11223000.0,359027000.0,35117424.0,0.06227881794259097,451175000.0,-141994000.0,72392000.0,107476000.0,90464000.0,-17012000.0,,,1.0414387676622154,-3.3090914827387072,0.5657430918272253,0.57747930542338,8.24882,813658830.0,1.0751269940290527,0.0112863,-0.204,revenueGrowth,0.26014579452694875,,0.0,0.40407002,0.03607,-0.01444,0.7957599601041725,1.997,USD,USD,USD,1.0,1.0,13.38,12.68,10.739999771118164,49.81999969482422,469871136.0,830538000.0,yfinance,ONT,fresh,2026-10-01
WD,"Walker & Dunlop, Inc.",35.11,31.955767296808688,0.9952418317222501,SPY,35.11,0.0,36.29999923706055,106.60020446777344,-0.03278234881739655,0.670638530429703,1205176832.0,3371273984.0,1234306000.0,1.12,346183000.0,299315000.0,2473174000.0,34325745.0,0.006363471861994089,1733998000.0,-84734000.0,2424225000.0,-664310000.0,-680082000.0,-15772000.0,1.09,31.34821428571428,0.6950278097206571,-14.223060778436047,0.9764003674939602,0.8215247661895024,6.1922398,1467000000.0,0.27865262411706626,0.87918,-0.1,revenueGrowth,0.008673415985480876,0.07490000000000001,2.4107,1.0,0.00767,0.03276,1.4262842287015325,1.574,USD,USD,USD,1.0,1.0,35.11,35.11,36.29999923706055,106.60020446777344,1205176832.0,1234306000.0,yfinance,WD,fresh,2026-10-01
SHLS,"Shoals Technologies Group, Inc.",8.1,52.759507340367314,3.049478202497818,SPY,5.43,0.49171270718232046,2.809999942779541,17.6200008392334,1.8825623362781279,0.5402951410783015,1363229696.0,1581316608.0,475331000.0,0.19,72329000.0,7320000.0,175411000.0,168299950.0,-0.002056600977922655,599973000.0,496533000.0,130563000.0,17067000.0,-15976000.0,-33043000.0,0.54,42.63157894736842,2.2721517401616405,2.7454966658812205,2.8679587403304225,1.9545480217629134,14.695211,697465440.0,0.3080093985737252,0.011853899999999999,0.474,revenueGrowth,-0.0,,0.0,0.32109,0.13808,0.05415,0.2923648230837054,2.246,USD,USD,USD,1.0,1.0,8.1,5.43,2.809999942779541,17.6200008392334,1363229696.0,475331000.0,yfinance,SHLS,fresh,2026-10-01
AMRC,"Ameresco, Inc.",20.71,40.684367407448384,2.978144717486445,SPY,18.38,0.12676822633297072,8.65999984741211,43.22999954223633,1.3914550074950434,0.5209345311288742,1099001216.0,3644094208.0,1932126000.0,0.53,237180000.0,71785000.0,1945730000.0,35066211.0,0.002879187053067369,1080150000.0,1003384000.0,523621000.0,-80360000.0,-436359000.0,-355999000.0,1.17,39.075471698113205,1.0174524056843957,1.0952947386045622,0.5688041131893055,0.4752259314115258,12.586529,2312586800.0,,0.0106177,0.091,revenueGrowth,-0.0,,0.0,0.16132,0.08489,0.0139999995,1.801351664120724,1.673,USD,USD,USD,1.0,1.0,20.71,18.38,8.65999984741211,43.22999954223633,1099001216.0,1932126000.0,yfinance,AMRC,fresh,2026-10-01
BSY,"Bentley Systems, Incorporated",31.95,38.84079961367507,0.46028867578166266,SPY,28.077,0.13794208782989625,28.35775375366211,58.20123291015625,0.12667597996452692,0.4510425569623174,9651868672.0,11032691712.0,1501779000.0,0.89,431935000.0,123278000.0,1284731000.0,290577762.0,-0.0020521480321753,1189413000.0,-1485759000.0,-421177000.0,538464000.0,520209000.0,-18255000.0,1.2,35.89887640449438,8.114816865125906,-6.496254555415784,6.42695674396832,5.151260107590858,20.288162,1873690800.0,0.20806995634856143,0.55092996,0.128,revenueGrowth,0.016291560250520573,0.9,0.3111,0.81845003,0.25,0.18100001,1.0801386902614987,0.595,USD,USD,USD,1.0,1.0,31.95,28.077,28.35775375366211,58.20123291015625,9651868672.0,1501779000.0,yfinance,BSY,fresh,2026-10-01
MKC,"McCormick & Company, Incorporated",46.4,34.38338936137035,-0.32028257804854104,SPY,44.82,0.03525211958946895,45.190494537353516,81.10700225830078,0.02676459895004537,0.4279162253805126,12474712064.0,17654712320.0,6840300000.0,6.01,1340500000.0,95900000.0,4164000000.0,254055150.0,-0.000741839762611276,5736500000.0,-3066600000.0,-924100000.0,962200000.0,740400000.0,-221800000.0,1.88,7.7204658901830285,2.1746207729451754,-4.06792932368095,1.823708326243001,1.526049013698241,14.078354,8174515990.0,0.21445783132530122,0.96639,0.167,revenueGrowth,0.002789643546196723,0.0397,0.3095,0.38853002,0.17422001,0.21912001,0.7258781486969407,0.781,USD,USD,USD,1.0,1.0,46.4,44.82,45.190494537353516,81.10700225830078,12474712064.0,6840300000.0,yfinance,MKC,fresh,2026-10-01
CMS,CMS Energy Corporation,63.08,28.5596895899709,-0.15024887881739177,SPY,62.29,0.012682613581634278,45.98043441772461,78.68888092041016,0.3718878648889803,0.198361963441795,19780448256.0,39689445376.0,8539000000.0,3.32,3352000000.0,509000000.0,18898000000.0,313577136.0,0.025517139229927193,9144000000.0,8920000000.0,-76000000.0,2235000000.0,-1803000000.0,-4038000000.0,2.29,19.0,2.163216125984252,2.2175390421524663,2.3164829905141118,2.1088072612285926,15.179883,9379922300.0,0.1971153846153846,0.010369,-0.005,revenueGrowth,,0.0359,0.6692,0.40315,0.17167999,0.11642,2.0667104111986,0.936,USD,USD,USD,1.0,1.0,63.08,62.29,45.98043441772461,78.68888092041016,19780448256.0,8539000000.0,yfinance,CMS,fresh,2026-10-01
SFD,"Smithfield Foods, Inc.",18.72,20.74934845512678,-0.06632642252694863,SPY,18.7,0.0010695187165775174,17.137060165405273,28.8206787109375,0.09236939237630847,0.3504663721574425,7371325952.0,8728326144.0,15531000000.0,2.69,1643000000.0,1539000000.0,2396000000.0,393767431.0,-0.0010468804200024964,6801000000.0,3918000000.0,3425000000.0,1059000000.0,718000000.0,-341000000.0,,6.959107806691449,1.08385913130422,1.8814001919346606,0.474620175906252,0.4780776289477362,8.530377,15418679950.0,0.22283464566929134,0.14014,-0.023,revenueGrowth,,0.0658,0.4182,0.13456,0.08405,0.06844,0.35230113218644316,2.562,USD,USD,USD,1.0,1.0,18.72,18.7,17.137060165405273,28.8206787109375,7371325952.0,15531000000.0,yfinance,SFD,fresh,2026-10-01
TSN,"Tyson Foods, Inc.",50.53,33.59448192227978,-0.07315156168732523,SPY,50.5,0.0005940594059406166,40.69597625732422,67.54483032226562,0.24164609494792286,0.25190425738114286,17776529408.0,25148530688.0,54441000000.0,1.62,2579000000.0,1229000000.0,8830000000.0,281792507.0,0.002349621559562973,18085000000.0,2992000000.0,3527000000.0,2155000000.0,1177000000.0,-978000000.0,1.04,31.191358024691358,0.9829432904617086,5.941353411764706,0.32652834091952754,0.31989034888507273,12.240972,55570696240.0,0.34070221066319895,0.94032997,-0.001,revenueGrowth,0.01102577423868766,0.04,1.2530999,0.06554,0.02711,0.01031,0.48824993088194635,1.433,USD,USD,USD,1.0,1.0,50.53,50.5,40.69597625732422,67.54483032226562,17776529408.0,54441000000.0,yfinance,TSN,fresh,2026-10-01
NTR,Nutrien Ltd.,70.25,39.86648064548109,-0.10892861086604691,SPY,53.03,0.3247218555534603,41.617862701416016,81.9566650390625,0.6879771194403455,0.14283969502032354,33524008960.0,45367009280.0,26885000000.0,4.94,6147000000.0,701000000.0,12019000000.0,477210074.0,-0.015872887441465314,25323000000.0,11520000000.0,3708000000.0,4007000000.0,2002000000.0,-2005000000.0,1.98,14.220647773279351,1.3238561371085575,2.910070222222222,1.246941006509206,1.221727047331375,14.015746,27439851670.0,0.24663824204657264,0.71322,0.04,revenueGrowth,0.016435981766304838,0.030899999999999997,0.4433,0.32062,0.17457001,0.08722,0.4746278087114481,1.391,USD,USD,USD,1.0,1.0,70.25,53.03,41.617862701416016,81.9566650390625,33524008960.0,26885000000.0,yfinance,NTR,fresh,2026-10-01
IPI,"Intrepid Potash, Inc.",32.08,28.21779603039093,0.2524484112641517,SPY,22.55,0.4226164079822615,17.81999969482422,48.84000015258789,0.8002244977208146,0.3431613452134649,431690112.0,242355776.0,298328000.0,1.18,52001000.0,83537000.0,3291000.0,13456674.0,0.022824099889239353,491429000.0,472245000.0,181477000.0,55779000.0,25540000.0,-30239000.0,0.96,27.1864406779661,0.8784384153153355,0.9141232029984436,1.4470318307366388,1.6775075513855804,22.69287,257340190.0,0.04638076562366783,0.63835,-0.015,revenueGrowth,-0.0,,0.0,0.27831,0.02523,0.108909994,0.006696796485351902,6.331,USD,USD,USD,1.0,1.0,32.08,22.55,17.81999969482422,48.84000015258789,431690112.0,298328000.0,yfinance,IPI,fresh,2026-10-01
CNR,"Core Natural Resources, Inc.",85.84,34.126437632022544,0.07964221440911977,SPY,74.75,0.14836120401337796,63.25368118286133,132.17601013183594,0.3570751677178034,0.3505629356312022,4260775936.0,4234404352.0,4164775000.0,1.99,427488000.0,432174000.0,452488000.0,49636257.0,0.7251650096081544,3678234000.0,3678234000.0,501933000.0,305752000.0,21171000.0,-284581000.0,,43.1356783919598,1.1583754421279342,1.1583754421279342,1.0230506896531024,0.9289243085577129,12.917983,4586784840.0,0.344398659837486,0.95514,0.035,revenueGrowth,0.05263454435732149,0.46,0.201,0.16860001,0.02162,0.02345,0.12301773079146133,1.825,USD,USD,USD,1.0,1.0,85.84,74.75,63.25368118286133,132.17601013183594,4260775936.0,4164775000.0,yfinance,CNR,fresh,2026-10-01
FPI,Farmland Partners Inc.,11.35,65.73327693800064,0.34059629033013633,SPY,9.21,0.23235613463626478,8.215672492980957,12.815225601196289,0.38150589738050644,0.11433474889895906,498534432.0,708260672.0,52178000.0,0.51,45952000.0,9293000.0,161011000.0,43630722.0,-0.0845196206262168,459353000.0,459353000.0,76165000.0,17426000.0,,,,22.254901960784313,1.085296998169164,1.085296998169164,9.554494844570508,11.61746418875619,47.291668,42912500.0,,0.54945,-0.055,revenueGrowth,0.07587038642097242,0.0325,0.5882,0.82665,0.36318,0.50238997,0.3505169227152103,1.022,USD,USD,USD,1.0,1.0,11.35,9.21,8.215672492980957,12.815225601196289,498534432.0,52178000.0,yfinance,FPI,fresh,2026-10-01
PHYS,Sprott Physical Gold Trust,31.27,37.755111051006686,0.7851536703676207,SPY,29.3,0.06723549488054603,14.079999923706055,40.93000030517578,1.220880693852255,0.23601271031396087,14830610432.0,14803698432.0,5955378000.0,5.51,,26912000.0,,474275999.0,0.12864573576294186,15976483000.0,15976483000.0,,-48192000.0,,,,5.6751361161524505,0.9282775459404926,0.9282775459404926,2.490288682263326,,,0.0,,,,,0.0003123269956579492,,,,,,,,USD,USD,USD,1.0,1.0,31.27,29.3,14.079999923706055,40.93000030517578,14830610432.0,5955378000.0,yfinance,PHYS,fresh,2026-10-01
SRUUF,Sprott Physical Uranium Trust Fund,18.72,40.758050254951854,0.962484703439168,SPY,16.42,0.1400730816077952,12.859999656677246,25.059999465942383,0.45567655519182604,0.25299280131903895,6442604032.0,6352771032.0,0.0,1.19,-41274000.0,89833000.0,,344156215.0,0.0731186681445305,6157817000.0,6157817000.0,59302000.0,-10756000.0,-689229000.0,-678473000.0,,15.731092436974789,1.0462480505672709,1.0462480505672709,,,,0.0,,0.19898,,,,,0.0,0.0,0.0,0.0,,2.7740748496724206,USD,USD,USD,1.0,1.0,18.72,16.42,12.859999656677246,25.059999465942383,6442604032.0,0.0,yfinance,SRUUF,fresh,2026-10-01
SCOP,Sprott Physical Copper Trust,12.16,58.74601725751016,1.1188463311290262,SPY,8.87,0.37091319052987615,6.0,13.069999694824219,1.0266666666666666,0.06962507391523373,,,,,,,,,,,,,,,,,,,,,,,,,,,,,,,,,,,,USD,USD,USD,1.0,1.0,12.16,8.87,6.0,13.069999694824219,,,yfinance,SCOP,fresh,2026-10-01
SPPP,Sprott Physical Platinum & Palladium Tr,13.43,37.798018735916436,1.569357488909807,SPY,12.16,0.10444078947368417,8.710000038146973,22.579999923706055,0.5419058485856441,0.405225861586463,549649600.0,537607600.0,292157000.0,2.37,,12042000.0,,40926996.0,1.051481757233149,772384000.0,772384000.0,,5521000.0,,,,5.666666666666666,0.7116273770559721,0.7116273770559721,1.881350096010022,,,0.0,,,,,3.092879536344609e-05,,,,,,,,USD,USD,USD,1.0,1.0,13.43,12.16,8.710000038146973,22.579999923706055,549649600.0,292157000.0,yfinance,SPPP,fresh,2026-10-01
PPLT,abrdn Physical Platinum Shares ETF,15.41,42.136668113545,1.503081512567443,SPY,13.7,0.12481751824817525,7.801000118255615,25.225000381469727,0.9753877408536479,0.3890981261859493,,,,,,,,,,,,,,,,,,,,,,,,,,,,,0.0,,,,,,,USD,USD,USD,1.0,1.0,15.41,13.7,7.801000118255615,25.225000381469727,,,yfinance,PPLT,fresh,2026-10-01
PALL,abrdn Physical Palladium Shares ETF,21.81,38.10186519176258,1.601515361095823,SPY,20.9,0.04354066985645934,15.557999610900879,37.18199920654297,0.4018511727380806,0.4134258387009469,,,,,,,,,,,,,,,,,,,,,,0.026648257,,,,,,,0.0,,,,,,,USD,USD,USD,1.0,1.0,21.81,20.9,15.557999610900879,37.18199920654297,,,yfinance,PALL,fresh,2026-10-01
ACA,"Arcosa, Inc.",146.15,56.39030664443384,0.980909997332373,SPY,89.03,0.6415814893856004,64.7612075805664,146.6199951171875,1.2567522357914898,0.003205532211427548,7176959488.0,8253760000.0,2883400000.0,4.48,573100000.0,214600000.0,1522800000.0,49106809.0,0.004098360655737705,2641400000.0,981700000.0,602900000.0,341100000.0,175500000.0,-165600000.0,1.86,32.622767857142854,2.7171043719239796,7.31074614240603,2.4890613470208782,2.528107277401654,28.547709,2838866670.0,0.13634479900538748,0.93753,0.017,revenueGrowth,0.0017974185337912276,0.14,0.0446,0.22805001,0.12312,0.16836001,0.5765124555160143,3.119,USD,USD,USD,1.0,1.0,146.15,89.03,64.7612075805664,146.6199951171875,7176959488.0,2883400000.0,yfinance,ACA,fresh,2026-10-01
AEM,Agnico Eagle Mines Limited,183.27,42.352963029948405,1.5118213854173124,SPY,134.38,0.36381902068760247,41.250606536865234,251.0129852294922,3.442843763672021,0.2698784095474471,92801490944.0,89643925504.0,11907851000.0,11.69,8382650000.0,2866053000.0,321470000.0,506364864.0,0.0051371538211200315,24742464000.0,20584792000.0,2521736000.0,6817113000.0,4261981000.0,-2555132000.0,28.15,15.677502138579985,3.7506972201313498,4.508254975032052,7.793303001859865,5.803212196562202,14.738629,15991400590.0,0.33449877243298726,0.71151,0.35,revenueGrowth,0.007358610223321543,0.97,0.1455,0.74512,0.58105,0.40438,0.012992642931601316,2.858,USD,USD,USD,1.0,1.0,183.27,134.38,41.250606536865234,251.0129852294922,92801490944.0,11907851000.0,yfinance,AEM,fresh,2026-10-01
AG,First Majestic Silver Corp.,17.69,42.09787309076987,2.6864798381674317,SPY,10.19,0.7360157016683024,4.18014669418335,31.955509185791016,3.2319089003779546,0.4464178337090669,8719513600.0,8211533824.0,1265157000.0,0.7,674624000.0,793435000.0,308740000.0,492906383.0,0.639561491549902,2761005000.0,2761005000.0,733562000.0,526010000.0,310353000.0,-215657000.0,,25.271428571428576,3.1580940997933724,3.1580940997933724,6.892040750673631,3.3564190861562317,17.38575,2597862000.0,0.4659212305012835,0.52954,0.573,revenueGrowth,0.0009971886505228916,0.34,0.0506,0.63310003,0.47792,0.21183,0.11182160119231946,2.568,USD,USD,USD,1.0,1.0,17.69,10.19,4.18014669418335,31.955509185791016,8719513600.0,1265157000.0,yfinance,AG,fresh,2026-10-01
AGI,Alamos Gold Inc.,32.39,41.483299604121655,1.7227562855639316,SPY,27.05,0.19741219963031423,10.781379699707031,55.158416748046875,2.004253713546528,0.41278227495268144,13558598656.0,13098199040.0,1808800000.0,2.79,1310000000.0,623100000.0,223000000.0,418604465.0,0.027435473734977324,4445800000.0,4445800000.0,567900000.0,795300000.0,271100000.0,-524200000.0,,11.609318996415771,3.0497545224706464,3.0497545224706464,7.4959081468376825,4.781218218032183,10.67983,2835804190.0,0.18711571992291456,0.69094,0.356,revenueGrowth,0.0028616526666515115,0.48,0.0466,0.70755,0.66538,0.52639,0.05015970129110621,2.067,USD,USD,USD,1.0,1.0,32.39,27.05,10.781379699707031,55.158416748046875,13558598656.0,1808800000.0,yfinance,AGI,fresh,2026-10-01
AGRO,Adecoagro S.A.,10.14,34.84752240576057,-0.3298869596464824,SPY,6.89,0.47169811320754734,7.067933559417725,15.180000305175781,0.4346484605092073,0.33201582370570437,1463282816.0,3605617664.0,1427734000.0,0.38,375620000.0,383150000.0,1949611000.0,144307966.0,0.3833139547293561,1655342000.0,1401467000.0,392594000.0,308518000.0,42216000.0,-266302000.0,75.97,26.68421052631579,0.8839761306122843,1.0441079354704748,1.0248987668571317,0.6598394774280527,7.289667,2217634540.0,0.025097360450021637,0.11549,0.39,revenueGrowth,0.006977461833324775,0.0296,0.77940005,0.2591,0.16995001,0.02999,1.1777693068864319,1.729,USD,USD,USD,1.0,1.0,10.14,6.89,7.067933559417725,15.180000305175781,1463282816.0,1427734000.0,yfinance,AGRO,fresh,2026-10-01
AMR,"Alpha Metallurgical Resources, Inc.",168.22,36.25557990545001,0.6097058282820114,SPY,133.64,0.2587548638132297,99.45999908447266,442.2099914550781,0.6913332148447798,0.6195924939495886,2132868992.0,1805787904.0,2129481000.0,-3.6,95511000.0,365974000.0,13416000.0,12679045.0,-0.010556532011207475,1545495000.0,1499919000.0,712786000.0,144926000.0,17773000.0,-127153000.0,,,1.3800555757216943,1.4219894487635665,1.0015909942375631,0.8253704732459599,9.213349,2584135320.0,0.29467521924558937,0.90481,-0.104,revenueGrowth,0.021171014332979715,,0.0,0.10018,-0.02903,-0.02231,0.008680713946017295,3.405,USD,USD,USD,1.0,1.0,168.22,133.64,99.45999908447266,442.2099914550781,2132868992.0,2129481000.0,yfinance,AMR,fresh,2026-10-01
ARLP,"Alliance Resource Partners, L.P.",24.29,28.397979225553343,-0.05272528326927675,SPY,23.0,0.0560869565217391,13.857304573059082,27.638381958007812,0.7528661416033117,0.12114970996113864,3125122304.0,3622182400.0,2194811000.0,2.05,675186000.0,71212000.0,465374000.0,128658801.0,0.0033068952179515945,0.0,1842601000.0,225628000.0,651136000.0,380019000.0,-271117000.0,0.55,11.848780487804879,1.7665455,1.6960385368291888,1.423868526264904,1.3474572532143467,8.347079,2319273800.0,0.05584572117316191,0.16318001,0.007,revenueGrowth,0.002266151309001697,0.0984,1.1707,0.35407,0.17040001,0.122530006,0.33076,1.752,USD,USD,USD,1.0,1.0,24.29,23.0,13.857304573059082,27.638381958007812,3125122304.0,2194811000.0,yfinance,ARLP,fresh,2026-10-01
AU,AngloGold Ashanti plc,93.95,39.75037900597503,2.005800492176047,SPY,62.55,0.5019984012789769,13.474990844726562,123.84211730957031,5.972175423537845,0.2413727894755583,47517020160.0,48748474368.0,9893000000.0,7.46,5778000000.0,2905000000.0,2281000000.0,505769256.0,0.1786917819563352,8091000000.0,7985000000.0,3031000000.0,4784000000.0,3335000000.0,-1449000000.0,0.78,12.593833780160859,5.872824145346682,5.950785242329368,4.803095133933084,3.4890781257613677,9.402766,13618789390.0,0.2577174929840973,0.75208,0.27,revenueGrowth,,0.0478,0.6166,0.54833,0.51192003,0.32195,0.28191818069459895,2.708,USD,USD,USD,1.0,1.0,93.95,62.55,13.474990844726562,123.84211730957031,47517020160.0,9893000000.0,yfinance,AU,fresh,2026-10-01
BKV,BKV Corporation,21.34,34.38927070872751,0.27201435906597526,SPY,20.08,0.06274900398406383,15.899999618530273,32.15999984741211,0.3421383969801992,0.3364427829213061,2335403264.0,3519275520.0,1140773000.0,2.79,514379000.0,248427000.0,1138111000.0,109437830.0,0.21791886432499158,1985808000.0,1967391000.0,-53236000.0,280374000.0,-24745000.0,-305119000.0,,7.648745519713262,1.176046860522266,1.1870559863291028,2.0472112015273853,2.0443215040428866,11.045548,1142385510.0,0.16366817812398687,0.43363997,0.188,revenueGrowth,1.7127662967931863e-06,,0.0,0.5404,0.39456,0.25455,0.5731223763828124,1.148,USD,USD,USD,1.0,1.0,21.34,20.08,15.899999618530273,32.15999984741211,2335403264.0,1140773000.0,yfinance,BKV,fresh,2026-10-01
BTU,Peabody Energy Corporation,24.39,38.477945105754905,0.3831887789186732,SPY,20.06,0.21585244267198414,10.10417652130127,39.25464630126953,1.4138533158621942,0.3786722770901338,2973140992.0,2921040896.0,3861500000.0,-1.49,389300000.0,575300000.0,459900000.0,121900000.0,-0.1416490486257928,3536400000.0,3536400000.0,716600000.0,333700000.0,-87700000.0,-421400000.0,,,0.840725311616333,0.840725311616333,0.7699445790495921,0.6399807297659206,8.547907,4645672680.0,,0.0100822,0.127,revenueGrowth,0.00026907570214551065,0.0123,0.2752,0.103970006,-0.0947,-0.04555,0.13004750593824227,2.009,USD,USD,USD,1.0,1.0,24.39,20.06,10.10417652130127,39.25464630126953,2973140992.0,3861500000.0,yfinance,BTU,fresh,2026-10-01
CALM,"Cal-Maine Foods, Inc.",68.06,27.7925571711651,-0.19241630079308733,SPY,63.5,0.07181102362204728,38.1801872253418,113.47056579589844,0.7825999542198608,0.4001968746465867,3179124224.0,2299908864.0,2911632000.0,6.63,467100000.0,107217000.0,1443000.0,46710613.0,-0.022703565073326378,2632732000.0,2462543000.0,1376026000.0,479753000.0,328533000.0,-151220000.0,2.2,10.265460030165913,1.2075381102216254,1.2909923700824717,1.09187020337735,1.191630062613421,30.936361,2667878500.0,0.22601239890609337,0.98011,-0.499,revenueGrowth,0.041245321277511675,0.07,0.72400004,0.23082,-0.11043,0.10876001,0.0005480998445721023,7.695,USD,USD,USD,1.0,1.0,68.06,63.5,38.1801872253418,113.47056579589844,3179124224.0,2911632000.0,yfinance,CALM,fresh,2026-10-01
CDE,"Coeur Mining, Inc.",17.6,39.55175521598784,2.93533643474206,SPY,13.55,0.29889298892988936,2.0077452659606934,27.119544982910156,7.766052296768093,0.3510215598716372,18091655168.0,17752537088.0,2070126000.0,1.21,962255000.0,553597000.0,352495000.0,1027934998.0,0.5517695749102969,3313051000.0,2687239000.0,579533000.0,886879000.0,665717000.0,-221162000.0,3.75,14.545454545454547,5.460723414158128,6.732432495955886,8.73939806948949,2.948372378119831,8.859536,6136150000.0,0.14162727936027006,0.82453,1.259,revenueGrowth,0.0005320132354183062,0.23,0.0168,0.56329,0.19387,0.26817,0.10639588705395721,3.654,USD,USD,USD,1.0,1.0,17.6,13.55,2.0077452659606934,27.119544982910156,18091655168.0,2070126000.0,yfinance,CDE,fresh,2026-10-01
CENX,Century Aluminum Company,35.98,27.34913869087488,1.5827520072307615,SPY,25.4,0.4165354330708661,5.789999961853027,68.7699966430664,5.214162389818909,0.476806721588991,3561778688.0,3827798784.0,2527900000.0,5.79,142200000.0,134200000.0,548300000.0,98993295.0,-0.031504065040650404,805600000.0,805600000.0,507700000.0,185000000.0,84800000.0,-100200000.0,0.06,6.214162348877374,4.421274438927507,4.421274438927507,1.4089871782902805,0.8541448504569101,3.0287802,4169993750.0,,0.78401,0.197,revenueGrowth,0.0013195654227015241,,0.0,0.18889,0.28135002,0.22559,0.6806107249255213,2.751,USD,USD,USD,1.0,1.0,35.98,25.4,5.789999961853027,68.7699966430664,3561778688.0,2527900000.0,yfinance,CENX,fresh,2026-10-01
CGAU,Centerra Gold Inc.,21.78,48.286961798660904,1.68999797894647,SPY,10.46,1.0822179732313575,4.242580413818359,24.25,4.133668163144564,0.10185567010309274,4260332288.0,3852991232.0,1384562000.0,3.13,848088000.0,528931000.0,18791000.0,195607541.0,-0.04941856432782337,2059762000.0,2059762000.0,623174000.0,348632000.0,51919000.0,-296713000.0,,6.958466453674122,2.0683614359328892,2.0683614359328892,3.077025288863915,2.3238638818788555,11.427073,1833296830.0,0.2011173642897596,0.94307,0.535,revenueGrowth,0.021991007664799313,0.91,0.0645,0.44327998,0.27221,0.36918,0.009122898664991393,2.419,USD,USD,USD,1.0,1.0,21.78,10.46,4.242580413818359,24.25,4260332288.0,1384562000.0,yfinance,CGAU,fresh,2026-10-01
CIVI,CIVI,,,,SPY,,,,,,,,,,,,,,,,,,,,,,,,,,,,,,,,,,,,,,,,,,USD,USD,USD,1.0,1.0,,,,,,,yfinance,CIVI,unresolved,
CMP,"Compass Minerals International, Inc.",22.04,27.512300787782138,1.6231645800109575,SPY,16.4,0.3439024390243903,7.769999980926514,33.5099983215332,1.8365508435138884,0.34228585186656646,925258432.0,1643558400.0,1243900000.0,0.42,118000000.0,59700000.0,847700000.0,41980874.0,0.012637389241272454,234100000.0,204800000.0,306600000.0,197700000.0,128000000.0,-69700000.0,0.12,52.476190476190474,3.9524068005126014,4.5178634375,0.7438366685424873,0.6983363790283387,17.406277,1324946630.0,,0.78282,0.003,revenueGrowth,,,0.0,0.1722,0.050630003,0.01424,3.6211020931225972,2.013,USD,USD,USD,1.0,1.0,22.04,16.4,7.769999980926514,33.5099983215332,925258432.0,1243900000.0,yfinance,CMP,fresh,2026-10-01
CRESY,"Cresud Sociedad Anónima, Comercial, Inmobiliaria, Financiera y Agropecuaria",11.51,44.44616914289112,1.2331147050398608,SPY,8.692683,0.3241021212898249,4.7010297775268555,14.109999656677246,1.448399721912684,0.1842664578270811,816349056.0,3094944153600.0,904561188.1475197,1.76,439280047.2456729,186546977.39926633,1432187507.3361444,70925196.0,-0.0075528700906344415,954118620.8090512,926941054.5553546,379645215.2496204,41273596.62367962,3889442.0155556872,-37384154.608123936,,6.5397727272727275,0.8556054123624287,0.8806914441734328,0.902480746130428,0.6595860101078385,71.049385,1237668846.0486476,0.23942689382253976,0.22542,0.083,revenueGrowth,2.2492696009438195e-05,0.0541,0.3376,0.40601003,0.16909,0.12851,1.5010581243260002,1.465,USD,USD,ARS,1.0,0.0006557818269357085,11.51,8.692683,4.7010297775268555,14.109999656677246,816349056.0,1379363000000.0,yfinance,CRESY,fresh,2026-10-01
CRH,CRH plc,82.8,35.629313958720815,1.27393016344665,SPY,82.17,0.00766703176341725,49.68230056762695,129.92372131347656,0.6665894907039103,0.36270298323566086,55085555712.0,73373556736.0,37447000000.0,5.66,7771000000.0,4096000000.0,19705000000.0,665284511.0,-0.018129079042784626,24004000000.0,8856000000.0,6500000000.0,5625000000.0,2912000000.0,-2713000000.0,1.52,14.628975265017667,2.2948490131644728,6.220139533875339,1.471027204101797,1.3150766849456312,12.749956,41887713730.0,0.21664932362122788,0.89318,0.056,revenueGrowth,0.021439377069635834,0.018799999999999997,0.26860002,0.3625,0.19022,0.099350005,0.8209048491918014,1.579,USD,USD,USD,1.0,1.0,82.8,82.17,49.68230056762695,129.92372131347656,55085555712.0,37447000000.0,yfinance,CRH,fresh,2026-10-01
CRC,California Resources Corporation,50.8,38.61899185432932,-0.0937400930072579,SPY,43.245,0.17470227771996763,30.933963775634766,69.13591766357422,0.6422079099999716,0.26521551001607524,4512050688.0,5803050496.0,3403000000.0,-1.25,1119000000.0,132000000.0,1359000000.0,88819893.0,0.07371007371007371,3674000000.0,3674000000.0,-112000000.0,865000000.0,680000000.0,-185000000.0,0.43,,1.2281030724006532,1.2281030724006532,1.325903816632383,1.2621705499481894,12.177348,3574834390.0,0.27689243027888444,0.010575699999999999,0.33,revenueGrowth,0.08621357048017277,0.0317,0.3777,0.5676,0.46795,-0.0324,0.3698965704953729,0.661,USD,USD,USD,1.0,1.0,50.8,43.245,30.933963775634766,69.13591766357422,4512050688.0,3403000000.0,yfinance,CRC,fresh,2026-10-01
CRT,Cross Timbers Royalty Trust,11.84,54.68167873833327,-0.2554817750788273,SPY,7.07,0.6746817538896746,6.634253025054932,16.568252563476562,0.7846771829903133,0.2853802804708344,71040000.0,69279680.0,5738240.0,0.53,4441162.0,2133676.0,0.0,6000000.0,0.0,2158420.0,2158420.0,1450000.0,,,,-12.44,22.339622641509433,32.91296411263795,32.91296411263795,12.380102609859469,,,0.0,,0.22219999,-0.156,revenueGrowth,,0.0542,1.0,1.0,0.78165,0.7382,0.0,1.0,USD,USD,USD,1.0,1.0,11.84,7.07,6.634253025054932,16.568252563476562,71040000.0,5738240.0,yfinance,CRT,fresh,2026-10-01
CVE,Cenovus Energy Inc.,31.08,43.912552890663605,-0.18818153208622354,SPY,15.63,0.9884836852207292,10.299971580505371,33.91999816894531,2.017484053919598,0.08372636563245485,57319133184.0,65796132864.0,37067669642.21001,2.54,7258801300.525665,1925374207.496643,9983135535.001755,1844245000.0,-0.023268907093970854,22220504813.671112,20078701680.660248,2512824148.1781006,5781744153.022766,2333637862.443924,-3448106290.578842,,12.236220472440944,2.579560350435177,2.8547230839735835,1.5463376504987807,1.5270640860464924,11.823919,37535512561.49107,0.12218003127094036,0.54226,0.415,revenueGrowth,0.030648200590756784,0.0204,0.22780001,0.29860002,0.23831,0.12365,0.44927582063120614,1.629,USD,USD,CAD,1.0,0.7026913166046143,31.08,15.63,10.299971580505371,33.91999816894531,57319133184.0,52751000000.0,yfinance,CVE,fresh,2026-10-01
CX,"CEMEX, S.A.B. de C.V.",9.51,33.6544606485206,1.4537443787154514,SPY,8.73,0.0893470790378006,4.96659517288208,13.4775390625,0.9147926635787016,0.29438156655314834,13722478592.0,20403306496.0,16132000000.0,0.35,2573000000.0,1822000000.0,6779000000.0,1442952453.0,0.0003769146544394907,13330000000.0,4215000000.0,-1250000000.0,1975000000.0,763000000.0,-1212000000.0,0.39,27.17142857142857,1.0294432552138035,3.255629559193357,0.850637155467394,0.7600634681264679,10.508287,18054385150.0,0.4879594423320659,0.38057,0.122,revenueGrowth,-0.0,0.0129,0.2804,0.32968,0.13738,0.02831,0.5085521380345086,0.923,USD,USD,USD,1.0,1.0,9.51,8.73,4.96659517288208,13.4775390625,13722478592.0,16132000000.0,yfinance,CX,fresh,2026-10-01
DMLP,"Dorchester Minerals, L.P.",28.04,45.33572131818042,-0.25088103868109696,SPY,20.85,0.3448441247002397,19.34225845336914,30.40999984741211,0.44967559334395296,0.07793488521223381,1376523136.0,1303403904.0,152832000.0,1.75,123815000.0,41937000.0,777000.0,49091408.0,0.13974791322857621,0.0,305239000.0,55150000.0,132485000.0,,,0.83,16.02285714285714,4.3819346,4.5096568131857335,9.006773031825796,,,0.0,,0.25664,0.731,revenueGrowth,,0.11220000000000001,1.4519,0.92894,0.55053,0.45298,1.15,0.13853,USD,USD,USD,1.0,1.0,28.04,20.85,19.34225845336914,30.40999984741211,1376523136.0,152832000.0,yfinance,DMLP,fresh,2026-10-01
DNN,Denison Mines Corp.,2.59,31.19824086667353,2.1278612166844333,SPY,2.2,0.1772727272727271,1.149999976158142,4.369999885559082,1.252173959735662,0.40732263894129495,2344617216.0,2482121728.0,3455835.895061493,-0.22,-134146583.10508728,327396532.84978867,207799876.14631653,905257624.0,0.004888830110351722,258850400.29764175,258850400.29764175,357045890.26260376,-47887007.84397125,-83370108.56723785,-35483100.7232666,106.92,,9.057807958975602,9.057807958975602,678.4515489727211,116.39387197214893,-64.84637,20143820.084969997,0.02961772061450518,0.65004,-0.436,revenueGrowth,,,0.0,-0.90911,-0.25175000000000003,0.0,0.8027798137741944,9.409,USD,USD,CAD,1.0,0.7026913166046143,2.59,2.2,1.149999976158142,4.369999885559082,2344617216.0,4918000.0,yfinance,DNN,fresh,2026-10-01
DOLE,Dole plc,12.71,39.162750894225006,-0.026443289789824753,SPY,12.52,0.015175718849840359,9.985921859741211,16.526687622070312,0.2727918542244016,0.23094087026691146,1200571392.0,2488299520.0,9172907000.0,0.74,347425000.0,267854000.0,1245038000.0,94458807.0,0.004514459888343057,1364103000.0,604481000.0,257259000.0,123206000.0,1709000.0,-121497000.0,,17.175675675675677,0.8801178444736212,1.9861193188867805,0.13088232465455063,0.12079164456296765,8.574802,9939192370.0,0.42207664825856156,0.75495005,0.029,revenueGrowth,,0.0262,0.4595,0.07317,0.027449999,0.0063,0.9127155354104493,1.278,USD,USD,USD,1.0,1.0,12.71,12.52,9.985921859741211,16.526687622070312,1200571392.0,9172907000.0,yfinance,DOLE,fresh,2026-10-01
E,Eni S.p.A.,54.3,51.42767904639717,-0.24696159950167262,SPY,34.03,0.5956508962679987,23.874618530273438,56.68353271484375,1.2743818893335046,0.042049826478432875,77866590208.0,105957269504.0,93120605145.3352,4.37,24140783773.54145,9180457706.809044,38768985614.061356,1434007176.0,-0.044050272412085194,54341417763.233185,47515301414.25133,13661300936.222076,15109951997.995377,4648605637.192726,-10461346360.80265,0.44,12.425629290617849,1.4329142192658009,1.63876873113227,0.836190766656553,0.7502728127846422,8.722905,103784368673.83968,0.5226722049151956,0.0178,0.185,revenueGrowth,0.027600700910246675,0.045,0.5479,0.2152,0.10658,0.05874,0.7134334584897789,1.48,USD,USD,EUR,1.0,1.133529782295227,54.3,34.03,23.874618530273438,56.68353271484375,77866590208.0,82151000000.0,yfinance,E,fresh,2026-10-01
EGO,Eldorado Gold Corporation,38.49,41.592775660577416,1.7432802004774075,SPY,24.44,0.5748772504091653,8.383170127868652,49.43385314941406,3.591341868638153,0.2213837775569752,10038590464.0,11249986560.0,1803431000.0,2.87,832495000.0,869356000.0,1289651000.0,260810332.0,-0.0006290650480767532,4279289000.0,4186698000.0,658717000.0,742155000.0,-169130000.0,-911285000.0,5.96,13.411149825783973,2.345854758582559,2.397734554534385,5.566384554773651,2.4861363981125972,7.244236,4037827720.0,0.04054255149113476,0.85684997,0.079,revenueGrowth,0.02140420019827995,0.77,0.0523,0.62312,0.43277,0.29828,0.30137039120283765,1.313,USD,USD,USD,1.0,1.0,38.49,24.44,8.383170127868652,49.43385314941406,10038590464.0,1803431000.0,yfinance,EGO,fresh,2026-10-01
ELVR,Elevra Lithium Limited,39.02,23.373741863208807,1.9516320295381342,SPY,22.755,0.7147879586903979,16.110000610351562,102.33000183105469,1.4220979839645385,0.6186846545315083,753167296.0,575974336.0,201675000.0,2.69,75382000.0,255279000.0,77551000.0,19302085.0,0.04880648349914674,727166000.0,727166000.0,277143000.0,-43605000.0,-67632000.0,-24027000.0,,14.50557620817844,1.0357570293440563,1.0357570293440563,3.7345595438205033,1.3927534583420207,557.4286,540775750.0,0.04381354471824918,0.12816,0.775,revenueGrowth,0.0027284774722879097,,0.0,1.1352401,0.44524,0.21334,0.10664827563444935,3.443,USD,USD,USD,1.0,1.0,39.02,22.755,16.110000610351562,102.33000183105469,753167296.0,201675000.0,yfinance,ELVR,fresh,2026-10-01
EQX,Equinox Gold Corp.,11.11,43.769732536076944,1.8711246405336448,SPY,8.485,0.3093694755450796,3.9535419940948486,18.682228088378906,1.810138356085326,0.405317184468438,12970478592.0,13327955968.0,1817195000.0,0.65,828171000.0,407355000.0,1628371000.0,1167459822.0,0.3310328330651901,5795307000.0,5795307000.0,708583000.0,818345000.0,125999000.0,-692346000.0,,17.092307692307692,2.238100344295824,2.238100344295824,7.137637178178457,2.4004121775734086,7.3756394,5403438090.0,1.1435748704012423,0.5418,1.693,revenueGrowth,,0.47,0.0462,0.57598,0.32136002,0.28092,0.2809809730528512,1.33,USD,USD,USD,1.0,1.0,11.11,8.485,3.9535419940948486,18.682228088378906,12970478592.0,1817195000.0,yfinance,EQX,fresh,2026-10-01
ERO,Ero Copper Corp.,36.69,56.16874147796704,2.34319187854898,SPY,19.095,0.9214454045561665,9.649999618530273,40.400001525878906,2.8020726891580963,0.09183171746917891,3826863360.0,4303125504.0,785844000.0,2.95,462030000.0,105442000.0,632347000.0,104302633.0,0.00995054570135163,935533000.0,935533000.0,15494000.0,395136000.0,112697000.0,-282439000.0,,12.437288135593219,4.090570145574769,4.090570145574769,4.869749415914609,1.9525996077568475,7.52793,1959881250.0,0.19353025779861976,0.75972,0.739,revenueGrowth,,,0.0,0.42992002,0.37643,0.29794002,0.6759216403910926,1.371,USD,USD,USD,1.0,1.0,36.69,19.095,9.649999618530273,40.400001525878906,3826863360.0,785844000.0,yfinance,ERO,fresh,2026-10-01
EU,enCore Energy Corp.,1.08,49.88500783610087,2.6906931967208587,SPY,0.77,0.4025974025974027,0.8799999952316284,4.940000057220459,0.2272727339228324,0.7813765207509586,209823456.0,272713440.0,43155000.0,-0.33,-49847000.0,52403000.0,113249000.0,194280971.0,0.026806281816841082,229245000.0,227780000.0,96134000.0,-24992000.0,-45989000.0,-20997000.0,,,0.915280403062226,0.9211671612959873,4.862089120611748,1.7583344450887783,-6.6933827,119330800.0,0.007683708333989387,0.52658004,3.284,revenueGrowth,,,0.0,-0.42088002,-1.87914,-1.1282,0.49400859342624703,8.001,USD,USD,USD,1.0,1.0,1.08,0.77,0.8799999952316284,4.940000057220459,209823456.0,43155000.0,yfinance,EU,fresh,2026-10-01
EXK,Endeavour Silver Corp.,8.58,37.50094134145239,2.942532062325376,SPY,6.6,0.3000000000000001,1.4500000476837158,14.119999885559082,4.917241184719968,0.3923512698626148,2540919552.0,2545719552.0,467500000.0,0.2,-24800000.0,215400000.0,243800000.0,296144479.0,0.16886956449927945,579100000.0,579100000.0,146400000.0,67400000.0,-101800000.0,-169200000.0,,42.9,4.387704285960974,4.387704285960974,5.435122036363636,1.7909824666780723,6.964286,1418729440.0,,0.59309,1.394,revenueGrowth,0.0007493350186948383,,0.0,0.44085997,0.30504,0.08912,0.4209981005007771,1.97,USD,USD,USD,1.0,1.0,8.58,6.6,1.4500000476837158,14.119999885559082,2540919552.0,467500000.0,yfinance,EXK,fresh,2026-10-01
EXP,Eagle Materials Inc.,171.02,30.590836817333496,1.1027801204661056,SPY,170.54,0.0028145889527384674,145.64122009277344,312.3416748046875,0.17425547445331957,0.45245859327948573,5246093824.0,6807962112.0,2308658000.0,12.69,759360000.0,297920000.0,1796784000.0,30675325.0,-0.04317264895689419,1474828000.0,889385000.0,690734000.0,614166000.0,197427000.0,-416739000.0,2.09,13.476753349093777,3.5570885716842913,5.898563416293281,2.2723564183174814,2.146838466545374,12.110947,2443636960.0,0.21802994966566785,0.0109743,0.026,revenueGrowth,0.07441574876416088,0.58,0.0788,0.2702,0.21666999,0.17316,1.2183007103201187,3.231,USD,USD,USD,1.0,1.0,171.02,170.54,145.64122009277344,312.3416748046875,5246093824.0,2308658000.0,yfinance,EXP,fresh,2026-10-01
FDP,FDP,,,,SPY,,,,,,,,,,,,,,,,,,,,,,,,,,,,,,,,,,,,,,,,,,USD,USD,USD,1.0,1.0,,,,,,,yfinance,FDP,unresolved,
FNV,Franco-Nevada Corporation,238.11,42.98094306917231,1.0888605069409203,SPY,181.5,0.3119008264462811,101.4966049194336,279.2995300292969,1.3459898012254496,0.14747439791601627,45925183488.0,44910981120.0,1822800000.0,7.66,1723000000.0,670900000.0,0.0,192873810.0,0.0020768431983385254,7635300000.0,7635300000.0,898400000.0,1493700000.0,-703000000.0,-2196700000.0,,31.084856396866844,6.014849906094063,6.014849906094063,25.19485598420013,15.65256070507427,25.480972,2934036440.0,0.2146186440677966,0.84629995,0.582,revenueGrowth,,0.74,0.21440001,0.9209,0.76978,0.6423,0.0,9.378,USD,USD,USD,1.0,1.0,238.11,181.5,101.4966049194336,279.2995300292969,45925183488.0,1822800000.0,yfinance,FNV,fresh,2026-10-01
FSM,Fortuna Mining Corp.,11.24,46.94091034837389,2.040373619106424,SPY,7.69,0.46163849154746417,2.640000104904175,13.65999984741211,3.257575588394904,0.1771595808524536,3326560768.0,2998292992.0,947059000.0,1.19,617075000.0,553985000.0,211296000.0,295957387.0,0.0777127373715595,1677034000.0,1677034000.0,508158000.0,455366000.0,277362000.0,-178004000.0,,9.445378151260504,1.9835976897307985,1.9835976897307985,3.512516926611753,,6.5500402,0.0,0.27837321171987256,0.77272004,0.382,revenueGrowth,0.003086370794354297,,0.0,0.57238,0.51069,0.3198,0.1259938677450785,3.003,USD,USD,USD,1.0,1.0,11.24,7.69,2.640000104904175,13.65999984741211,3326560768.0,947059000.0,yfinance,FSM,fresh,2026-10-01
GPOR,Gulfport Energy Corporation,150.48,31.437026138014048,-0.1355456378639671,SPY,149.18,0.008714304866603987,113.70999908447266,222.49000549316406,0.32336646918985296,0.32365501242875633,2661068032.0,3582424064.0,1323527000.0,26.29,896486000.0,1813000.0,788747000.0,17683866.0,0.021606648199445983,1834718000.0,1834718000.0,-115946000.0,,,-527569000.0,,5.723849372384937,1.4503962091176954,1.4503962091176954,2.0105883990277493,1.7244443345390397,5.813996,1543145220.0,0.21257857004813135,0.0121885,-0.162,revenueGrowth,0.1267851839723277,,0.0,0.68134004,0.49495,0.36472,0.4299009439052759,0.576,USD,USD,USD,1.0,1.0,150.48,149.18,113.70999908447266,222.49000549316406,2661068032.0,1323527000.0,yfinance,GPOR,fresh,2026-10-01
GROY,Gold Royalty Corp.,3.0,40.70753371969103,1.624843367673204,SPY,2.45,0.22448979591836726,1.1699999570846558,5.210000038146973,1.564102658153289,0.4241842652525196,695042176.0,681056128.0,15610000.0,0.0,6667000.0,12407000.0,101000.0,231680715.0,0.09698490434510394,699195000.0,699195000.0,17928000.0,6170000.0,-66790000.0,-72960000.0,,,0.9940605639342387,0.9940605639342387,44.52544368994234,14.360375537190082,30.612246,48400000.0,0.04728950403690888,0.28076,0.761,revenueGrowth,,,0.0,0.94233,0.27659,0.066539995,0.00014445183389469318,4.801,USD,USD,USD,1.0,1.0,3.0,2.45,1.1699999570846558,5.210000038146973,695042176.0,15610000.0,yfinance,GROY,fresh,2026-10-01
GSM,Ferroglobe PLC,3.975,43.69461812733349,1.3320625962630046,SPY,3.08,0.29058441558441556,3.004939079284668,6.489080429077148,0.3228221588260142,0.3874324654402058,,906155968.0,1335121000.0,-0.82,-72771000.0,122812000.0,259915000.0,,-0.002372768247276348,595617000.0,450463000.0,292441000.0,51464000.0,-11795000.0,-63259000.0,,,1.0424862,,,,9.578313,1818950000.0,,0.59173,-0.021,revenueGrowth,,0.0149,0.0761,0.3707,0.15043001,-0.029579999,0.43637941831747584,1.288,USD,USD,USD,1.0,1.0,3.975,3.08,3.004939079284668,6.489080429077148,,1335121000.0,yfinance,GSM,fresh,2026-10-01
HBM,Hudbay Minerals Inc.,26.68,50.675247253321615,2.562413637170494,SPY,14.34,0.8605299860529986,4.054321765899658,31.85332679748535,5.580632110751989,0.16241087878751045,11849782272.0,12466782208.0,2211000000.0,1.63,1442800000.0,249800000.0,1064600000.0,444144760.0,0.0513067477736713,3231000000.0,3151300000.0,-65600000.0,707300000.0,237800000.0,-469500000.0,,16.368098159509202,3.6675277845868153,3.760283778757973,5.359467332428765,3.5106547060265196,13.465295,3375376750.0,0.38125,0.78057,0.177,revenueGrowth,,0.1,0.013200001,0.56569,0.32584,0.27476,0.32949551222531726,2.244,USD,USD,USD,1.0,1.0,26.68,14.34,4.054321765899658,31.85332679748535,11849782272.0,2211000000.0,yfinance,HBM,fresh,2026-10-01
HCC,"Warrior Met Coal, Inc.",88.07,38.65530900923073,0.4295606534917449,SPY,61.87,0.42346856311621134,40.387760162353516,110.18406677246094,1.1806111466932088,0.20070113057388136,4650279936.0,4563613696.0,1310043000.0,4.16,252751000.0,299963000.0,270936000.0,52802087.0,0.004928837520298023,2141385000.0,2141385000.0,563234000.0,229246000.0,-100378000.0,-329624000.0,,21.170673076923073,2.171622541486001,2.171622541486001,3.5497154948349023,2.2000852313753274,12.695781,2113681720.0,,0.0104807,0.713,revenueGrowth,-0.0,0.36,0.0769,0.30597,0.18545,0.13036,0.12652372179687446,3.927,USD,USD,USD,1.0,1.0,88.07,61.87,40.387760162353516,110.18406677246094,4650279936.0,1310043000.0,yfinance,HCC,fresh,2026-10-01
HMY,Harmony Gold Mining Company Limited,17.72,41.45245813743323,2.3140561071735917,SPY,13.03,0.35993860322333077,3.3694841861724854,25.54850196838379,4.258965177138512,0.30641725992668933,11094709248.0,12208600064.0,3735249530.401081,2.83,1047201386.7795467,285594845.89472413,139967642.35198498,626112257.0,0.00794912559618442,2481322021.41732,2480165766.9804993,251820045.2402234,952388522.9602456,441324061.8854761,-511064461.0747695,0.03,6.2614840989399285,4.471289559451358,4.473374076728491,2.970272576892254,1.4749359822468475,5.181953,7522163254.230767,0.2618521665250637,0.16367,0.492,revenueGrowth,,0.0434,0.1488,0.49622002,0.47175,0.29574,0.05640849560994751,0.838,USD,USD,ZAR,1.0,0.06085549667477608,17.72,13.03,3.3694841861724854,25.54850196838379,11094709248.0,61379000000.0,yfinance,HMY,fresh,2026-10-01
HNRG,Hallador Energy Company,13.87,36.549620222528965,1.4922593046114978,SPY,13.65,0.016117216117216032,4.510000228881836,23.809999465942383,2.075387870532057,0.4174716375008942,653878336.0,672608384.0,469466000.0,0.02,99829000.0,10070000.0,38427000.0,47143357.0,0.09943296881328473,159833000.0,159833000.0,-29215000.0,81134000.0,11919000.0,-69215000.0,1.26,693.5,4.091009591260878,4.091009591260878,1.3928129747415148,1.3788356497443197,21.121721,474225000.0,0.04194124107633169,0.77415,-0.013,revenueGrowth,,,0.0,0.18505,-0.124560006,-0.002,0.24041968804940156,0.719,USD,USD,USD,1.0,1.0,13.87,13.65,4.510000228881836,23.809999465942383,653878336.0,469466000.0,yfinance,HNRG,fresh,2026-10-01
IAG,IAMGOLD Corporation,18.41,43.06978850959298,2.058893421012367,SPY,10.87,0.6936522539098438,2.0199999809265137,24.56999969482422,8.11386147219461,0.25071224140559717,10512109568.0,10593009664.0,2852800000.0,1.98,1495700000.0,421900000.0,761800000.0,571000000.0,0.06557977651584539,4191400000.0,4191400000.0,386600000.0,1142600000.0,841000000.0,-301600000.0,13.52,9.297979797979798,2.5080186973326333,2.5080186973326333,3.6848393045429053,2.442106695579496,7.71345,4304525100.0,0.24489585481542586,0.75284,0.475,revenueGrowth,0.004756419220762825,,0.0,0.50301,0.44976002,0.31403,0.18175311351815623,1.712,USD,USD,USD,1.0,1.0,18.41,10.87,2.0199999809265137,24.56999969482422,10512109568.0,2852800000.0,yfinance,IAG,fresh,2026-10-01
ICL,ICL Group Ltd,5.02,39.22472634651682,0.8130084934690618,SPY,4.76,0.05462184873949576,3.570385694503784,7.114161014556885,0.4060105628721673,0.29436514161991073,,9411313664.0,7153000000.0,0.24,1204000000.0,291000000.0,2756000000.0,,0.00047443037346662863,5983000000.0,5028000000.0,1033000000.0,1056000000.0,232000000.0,-824000000.0,,20.916666666666664,1.054179,,,,11.402612,8173974380.0,0.36507936507936506,0.43625998,0.165,revenueGrowth,,0.0397,0.7942,0.30628002,0.124589995,0.03955,0.46063847568109645,1.585,USD,USD,USD,1.0,1.0,5.02,4.76,3.570385694503784,7.114161014556885,,7153000000.0,yfinance,ICL,fresh,2026-10-01
IE,Ivanhoe Electric Inc.,9.92,53.897658549425906,3.217984789827536,SPY,7.855,0.2628898790579248,4.739999771118164,19.920000076293945,1.0928271052763945,0.5020080340358319,1583135360.0,1367662336.0,3244000.0,-0.26,-117943000.0,173263000.0,35897000.0,159590259.0,0.10969869520240193,416112000.0,416112000.0,126318000.0,-89200000.0,-94309000.0,-5109000.0,,,3.8045895335871114,3.8045895335871114,488.0195314426634,432.63930040308804,-17.252174,3659250.0,,0.78985,-0.322,revenueGrowth,,,0.0,0.58717,-0.4071823,0.0,0.08626763948167801,5.049,USD,USD,USD,1.0,1.0,9.92,7.855,4.739999771118164,19.920000076293945,1583135360.0,3244000.0,yfinance,IE,fresh,2026-10-01
IMO,Imperial Oil Limited,123.05,34.41210986763541,-0.04781425793474171,SPY,83.27,0.477723069532845,49.9655876159668,137.38978576660156,1.4626949440834485,0.10437301205900461,,60867084288.0,31763755584.47838,6.04,4825381271.123886,802473483.5624695,2913358198.6427307,,-0.05013192612137203,15637692559.719086,15521045801.16272,1265547061.2049103,4713653351.783752,3304757261.991501,-1408896089.7922516,5.18,20.37251655629139,3.3473456,,,,13.966745,43408231826.33947,0.2332238385734397,0.29493,0.426,revenueGrowth,,0.0206,0.37150002,0.18056999,0.17477,0.080579996,0.18630358587220275,1.376,USD,USD,CAD,1.0,0.7026913166046143,123.05,83.27,49.9655876159668,137.38978576660156,,45203000000.0,yfinance,IMO,fresh,2026-10-01
IPX,IperionX Limited,16.82,37.988105985307506,3.321310023487906,SPY,16.69,0.007789095266626663,7.199999809265137,60.11000061035156,1.336111172996923,0.7201796734451634,609287936.0,577840448.0,0.0,-2.0,-21720910.0,33157356.0,1490673.0,36224016.0,0.36285277994995935,51339595.0,51339595.0,38496640.0,-18607063.0,-26676715.0,-8069652.0,,,11.86779786634468,11.86779786634468,,5.345099885954908,10.993464,113990000.0,-0.0,0.16886999,,,,,0.0,0.0,0.0,0.0,0.02903554264500918,3.236,USD,USD,USD,1.0,1.0,16.82,16.69,7.199999809265137,60.11000061035156,609287936.0,0.0,yfinance,IPX,fresh,2026-10-01
JBS,JBS N.V.,11.29,27.148920850005325,0.2107153365785662,SPY,11.21,0.007136485280998956,11.359999656677246,17.053531646728516,-0.006161941795139241,0.3379670420252318,12090583040.0,35096883200.0,86184182000.0,1.07,6606775000.0,4565136000.0,22857853000.0,776068594.0,2.0758988696731246,8703580000.0,1025413000.0,6896393000.0,2931953000.0,825559000.0,-2106394000.0,,10.551401869158877,1.3891505610335058,11.790939884709868,0.14028772750897606,0.02469641185630101,8.475689,489568408170.0,0.14903114073284796,0.28767002,0.138,revenueGrowth,0.04962539837946475,0.11810000000000001,0.9346,0.11797,0.030650001,0.01222,2.6262587349113815,1.533,USD,USD,USD,1.0,1.0,11.29,11.21,11.359999656677246,17.053531646728516,12090583040.0,86184182000.0,yfinance,JBS,fresh,2026-10-01
KGC,Kinross Gold Corporation,24.08,34.330878675122435,1.7551828629162152,SPY,22.01,0.09404815992730561,4.22700309753418,37.919620513916016,4.696707441271347,0.3649725478881587,28564676608.0,26783895552.0,7051100000.0,2.63,4381500000.0,1742300000.0,738200000.0,1186240789.0,-0.008016984959141485,8576000000.0,8576000000.0,1888900000.0,3760500000.0,2566300000.0,-1194200000.0,1.12,9.155893536121672,3.330769194029851,3.330769194029851,4.051095092680574,3.141142767450202,8.710341,9093721210.0,0.22684446113876108,0.68737,0.295,revenueGrowth,0.021015466348107588,0.66,0.0551,0.69111,0.52478004,0.37523997,0.08607742537313433,2.892,USD,USD,USD,1.0,1.0,24.08,22.01,4.22700309753418,37.919620513916016,28564676608.0,7051100000.0,yfinance,KGC,fresh,2026-10-01
KNF,Knife River Corporation,50.42,31.635609701199684,1.2370002442027301,SPY,50.23,0.003782600039816939,47.7400016784668,107.30999755859375,0.05613737384391468,0.5301462944077553,2862011648.0,4489969664.0,3146012000.0,2.46,488886000.0,123418000.0,1218127000.0,56763420.0,0.0017605633802816902,1640939000.0,1088591000.0,582933000.0,278475000.0,-69566000.0,-348041000.0,1.62,20.495934959349594,1.7441304326364355,2.6290972899831067,0.9097268694461432,0.7960810430457265,14.419433,3595125990.0,0.2632897143661179,0.010335801,0.126,revenueGrowth,,,0.0,0.17828,0.08802,0.042290002,0.7423353336108167,2.665,USD,USD,USD,1.0,1.0,50.42,50.23,47.7400016784668,107.30999755859375,2862011648.0,3146012000.0,yfinance,KNF,fresh,2026-10-01
KOS,Kosmos Energy Ltd.,2.54,43.226085881995694,-0.6930791729319242,SPY,0.84,2.023809523809524,0.8700000047683716,7.739999771118164,1.919540213883388,0.6718346156187215,1512538624.0,4166691584.0,1288352000.0,-1.12,176255000.0,91518000.0,3052759000.0,595487651.0,0.0018880155069006966,528590000.0,528590000.0,-144433000.0,134012000.0,-180396000.0,-314408000.0,,,2.8614590211695266,2.8614590211695266,1.174010382255781,0.9448896835574352,7.888199,1600756840.0,,0.80627,0.546,revenueGrowth,,,0.0,0.61599,0.53776,-0.34219003,5.775287084507841,0.593,USD,USD,USD,1.0,1.0,2.54,0.84,0.8700000047683716,7.739999771118164,1512538624.0,1288352000.0,yfinance,KOS,fresh,2026-10-01
KRP,"Kimbell Royalty Partners, LP",14.28,39.932047460308375,-0.2931290403875706,SPY,11.31,0.2625994694960211,9.750899314880371,15.460000038146973,0.464480304725123,0.07632600486645325,1835139840.0,2132014592.0,321739000.0,0.85,257719000.0,43977000.0,445911000.0,100895984.0,0.04531297003455016,0.0,690638000.0,78242000.0,246462000.0,22969000.0,-223493000.0,2.27,16.8,2.4464622,2.6571660406754334,5.703815328573782,4.395486622331921,13.8194,417505500.0,,0.31945,0.378,revenueGrowth,0.09803612568293434,0.1119,1.7765,0.93200994,0.5611,0.25847,0.58315,7.303,USD,USD,USD,1.0,1.0,14.28,11.31,9.750899314880371,15.460000038146973,1835139840.0,321739000.0,yfinance,KRP,fresh,2026-10-01
LAND,Gladstone Land Corporation,9.46,57.060986507641964,0.4451422129638178,SPY,7.92,0.19444444444444456,7.974084854125977,13.422117233276367,0.18634303159003598,0.2951931624806115,408071968.0,867617024.0,88339000.0,-0.72,68202000.0,27177000.0,473635000.0,43136573.0,0.016618343948959446,670286000.0,667141000.0,3791000.0,6993000.0,-168000.0,-7161000.0,,,0.6088027618061543,0.6116727468406229,4.619386318613523,4.67429696596555,-31.016394,87301250.0,,0.41496,0.042,revenueGrowth,0.00024995590973796075,0.0591,0.11118,0.7168,-0.00337,-0.07303,0.7066162802147143,1.658,USD,USD,USD,1.0,1.0,9.46,7.92,7.974084854125977,13.422117233276367,408071968.0,88339000.0,yfinance,LAND,fresh,2026-10-01
LGO,Largo Inc.,0.4862,35.06205966851951,2.439791540262172,SPY,0.48,0.012916666666666748,0.5,3.009999990463257,-0.027599999999999958,0.8384717602855636,55708888.0,166232432.0,109887000.0,-1.08,-16537000.0,9716000.0,107066000.0,114580190.0,0.04637081109032431,130355000.0,128941000.0,-75883000.0,-10222000.0,-37662000.0,-27440000.0,,,0.42736287829388975,0.432049448972786,0.50696522791595,0.2228426829658549,5.402222,249992000.0,,0.46414003,0.685,revenueGrowth,-0.0,,0.0,-0.18527001,-0.096820004,-0.64592004,0.8213417206858195,0.535,USD,USD,USD,1.0,1.0,0.4862,0.48,0.5,3.009999990463257,55708888.0,109887000.0,yfinance,LGO,fresh,2026-10-01
LMNR,Limoneira Company,11.9,35.48244351694866,0.2198265207446694,SPY,11.67,0.019708654670094295,11.779999732971191,28.252866744995117,0.010186780114513813,0.5788038039676793,215770896.0,351774208.0,159723000.0,-2.41,-10243000.0,1509000.0,73352000.0,18132007.0,0.006717471069714931,171522000.0,156585000.0,10391000.0,-6009000.0,-19547000.0,-13538000.0,5.22,,1.257977962010704,1.3779793466807166,1.3509068574970418,1.5231746563764859,26.444445,141658670.0,0.22132825517733873,0.62759995,-0.077,revenueGrowth,-0.0,,0.69769996,-0.081070006,0.03433,-0.33031,0.42765359545714254,1.506,USD,USD,USD,1.0,1.0,11.9,11.67,11.779999732971191,28.252866744995117,215770896.0,159723000.0,yfinance,LMNR,fresh,2026-10-01
LND,BrasilAgro - Companhia Brasileira de Propriedades Agrícolas,3.47,28.787449689623813,0.6066677268215231,SPY,3.37,0.029673590504451064,3.4100000858306885,5.16752815246582,0.017595282304720388,0.3284990622945712,,1592678656.0,171775363.31623793,-0.17,6915758.81177187,32385594.019919634,275205185.6766641,,-0.0054214341340681725,389265426.1383712,388300387.3691559,73760982.5733006,23221858.023375273,10937938.919991255,-12283919.103384018,,,0.886335,,,,,272348125.0703335,0.388949233547406,0.081709996,-0.15,revenueGrowth,,0.041299999999999996,1.1236,0.07187,-0.08064,-0.100710005,0.706985946342015,1.542,USD,USD,BRL,1.0,0.19220051169395447,3.47,3.37,3.4100000858306885,5.16752815246582,,893730000.0,yfinance,LND,fresh,2026-10-01
LZM,Lifezone Metals Limited,3.76,45.94510096093939,2.4887172060455955,SPY,3.0,0.25333333333333324,2.9700000286102295,12.539999961853027,0.2659932537978593,0.700159488721052,338078752.0,370628096.0,1057043.0,-0.28,-2482159.0,20144250.0,53254007.0,89914557.0,0.15585634054360356,73831715.0,72956529.0,-31631801.0,-15592766.0,-37583414.0,-21990648.0,,,4.579045089227576,4.633975281362412,319.83443625282985,91.74457313432836,-9.641026,3685000.0,0.018335904603443344,0.28479,4.124,revenueGrowth,,,0.0,0.36398,-5.78571,0.0,0.721289042249662,0.707,USD,USD,USD,1.0,1.0,3.76,3.0,2.9700000286102295,12.539999961853027,338078752.0,1057043.0,yfinance,LZM,fresh,2026-10-01
METC,"Ramaco Resources, Inc.",8.27,31.200928669051336,1.1052684733163451,SPY,8.25,0.0024242424242423726,6.679999828338623,54.54999923706055,0.23802398391031457,0.8483959648824071,526660704.0,712543680.0,536618000.0,-1.07,13819000.0,440347000.0,468882000.0,51875261.0,-0.03566414621243673,483566000.0,483566000.0,488106000.0,1969000.0,-82282000.0,-84251000.0,,,1.0891185567223503,1.0891185567223503,0.9814443496118281,0.7582806319927884,37.030403,694545900.0,0.17209526874798842,0.90686,-0.053,revenueGrowth,,0.0176,0.0,0.14288999,-0.12602,-0.119799994,0.969633927943652,4.232,USD,USD,USD,1.0,1.0,8.27,8.25,6.679999828338623,54.54999923706055,526660704.0,536618000.0,yfinance,METC,fresh,2026-10-01
MGY,Magnolia Oil & Gas Corporation,23.49,34.15691535168661,-0.4198649089838182,SPY,21.065,0.11511986707809148,18.31680679321289,31.939834594726562,0.2824287696643709,0.2645547386811351,6452587008.0,5683585024.0,1311845000.0,2.29,876785000.0,266785000.0,411463000.0,269171592.0,-0.004820582116122943,1939958000.0,1939958000.0,154405000.0,878639000.0,409162000.0,-469477000.0,,10.25764192139738,3.3261477867046607,3.3261477867046607,4.918711439232531,2.387452575387974,7.1828275,2702707930.0,0.19197385790024699,0.89672,0.501,revenueGrowth,0.031843197115397966,0.027999999999999997,0.2751,0.8222,0.50688,0.28773,0.2120989217292333,1.583,USD,USD,USD,1.0,1.0,23.49,21.065,18.31680679321289,31.939834594726562,6452587008.0,1311845000.0,yfinance,MGY,fresh,2026-10-01
MLM,"Martin Marietta Materials, Inc.",479.81,35.717014277505896,0.8387800884645005,SPY,471.88,0.016805119945748934,391.1493225097656,705.08837890625,0.22666708693588708,0.3195037468291666,34075809792.0,35055190016.0,6150000000.0,15.38,2093000000.0,67000000.0,5705000000.0,71019382.0,-0.016233766233766232,10032000000.0,5959000000.0,2298000000.0,1785000000.0,978000000.0,-807000000.0,1.79,31.197009102730817,3.3967115023923444,5.718377209598926,5.54078208,3.5507673484900497,22.476337,9596745280.0,0.19249592169657423,0.86121005,0.21,revenueGrowth,0.01320584903915172,0.7,0.2159,0.2823,0.20185,0.36737,0.5686802232854864,1.407,USD,USD,USD,1.0,1.0,479.81,471.88,391.1493225097656,705.08837890625,34075809792.0,6150000000.0,yfinance,MLM,fresh,2026-10-01
MTA,Metalla Royalty & Streaming Ltd.,9.42,44.86978994162829,2.148761405353224,SPY,5.95,0.5831932773109243,2.390000104904175,11.350000381469727,2.941422421141562,0.17004408075797864,880731136.0,884719104.0,11739000.0,-0.01,281000.0,9794000.0,12176000.0,93495874.0,0.011000576839765916,251753000.0,251753000.0,9020000.0,4408000.0,1971000.0,-2437000.0,,,3.498393806627925,3.498393806627925,75.02607854161343,19.188042178649237,60.774193,45900000.0,,0.32369998,0.938,revenueGrowth,,,0.0,1.0,0.44372,-0.02819,0.048364865562674525,4.504,USD,USD,USD,1.0,1.0,9.42,5.95,2.390000104904175,11.350000381469727,880731136.0,11739000.0,yfinance,MTA,fresh,2026-10-01
MTDR,Matador Resources Company,51.58,34.22349743576167,-0.48195445855851776,SPY,37.14,0.3887991383952611,35.037376403808594,65.89752197265625,0.4721421891164547,0.21726950489272137,6383242752.0,10998840320.0,3656514000.0,5.83,2437322000.0,15314000.0,3487111000.0,123754216.0,0.004110383958219156,5658141000.0,5658141000.0,-214941000.0,2425015000.0,241644000.0,-2183371000.0,0.59,8.847341337907375,1.1281519410703975,1.1281519410703975,1.745718121686393,1.407723402252634,5.6319394,4534443870.0,0.1670869442369398,0.98744005,0.268,revenueGrowth,0.008749314755811435,0.0296,0.2466,0.8239,0.492,0.18847999,0.6162997705430105,0.65,USD,USD,USD,1.0,1.0,51.58,37.14,35.037376403808594,65.89752197265625,6383242752.0,3656514000.0,yfinance,MTDR,fresh,2026-10-01
MTR,Mesa Royalty Trust,2.44,41.651285343341584,-0.3070002023227181,SPY,2.17,0.12442396313364057,2.1700000762939453,17.033836364746094,0.12442392360058185,0.856755698026434,4547159.0,4426464.0,601840.0,0.2,430008.0,2072989.0,0.0,1863590.0,0.0,3162310.0,3162310.0,1949017.0,,,,,12.2,1.4379232270081048,1.4379232270081048,7.555428353050645,,,0.0,,0.30977,-0.284,revenueGrowth,,0.1024,0.90349996,1.0,0.75584,0.66035,0.0,0.17123000000000002,USD,USD,USD,1.0,1.0,2.44,2.17,2.1700000762939453,17.033836364746094,4547159.0,601840.0,yfinance,MTR,fresh,2026-10-01
MTRN,Materion Corporation,269.59,61.45133538437642,1.9783873435019133,SPY,109.61,1.4595383632880208,71.68843841552734,297.21417236328125,2.760578497154266,0.09294365791385138,5616563712.0,6107329024.0,1786550000.0,4.3,181307000.0,13681000.0,532745000.0,20833725.0,-0.0007645259938837921,943277000.0,556746000.0,535937000.0,103243000.0,23676000.0,-79567000.0,1.28,62.6953488372093,5.954310040422909,10.088197691586469,3.143804378270969,2.158915924303412,31.967207,2601566670.0,0.08238800112826676,0.98994005,0.422,revenueGrowth,0.0013964054183598302,0.22,0.1317,0.16011,0.08574,0.04295,0.5647810770325153,2.941,USD,USD,USD,1.0,1.0,269.59,109.61,71.68843841552734,297.21417236328125,5616563712.0,1786550000.0,yfinance,MTRN,fresh,2026-10-01
MUR,Murphy Oil Corporation,37.02,45.95010771232168,-0.5563526358769406,SPY,26.49,0.39750849377123465,18.315929412841797,44.10506820678711,1.0211914539288556,0.1606406813287009,5306801152.0,7232002048.0,2689845000.0,2.02,1256691000.0,377196000.0,2201687000.0,143349576.0,-0.046362570931025575,5118380000.0,5118380000.0,-246037000.0,1247808000.0,198163000.0,-1049645000.0,0.33,18.32673267326733,1.0368126540038058,1.0368126540038058,1.9729022125810223,1.7001456595985618,10.829501,3121380290.0,0.24363194907746655,0.92459,0.356,revenueGrowth,0.019337449635045228,0.038900000000000004,0.66830003,0.82672995,0.3793,0.09826,0.4301530953153146,0.854,USD,USD,USD,1.0,1.0,37.02,26.49,18.315929412841797,44.10506820678711,5306801152.0,2689845000.0,yfinance,MUR,fresh,2026-10-01
NC,"NACCO Industries, Inc.",36.54,34.13937804797389,0.3876853949286478,SPY,36.03,0.014154870940882542,24.27947998046875,58.176658630371094,0.5049745723299689,0.3719130513809827,275533888.0,357311232.0,277198000.0,2.29,44175000.0,49708000.0,108845000.0,5978790.0,0.009445418971798677,429243000.0,424518000.0,145277000.0,50909000.0,2284000.0,-48625000.0,0.3,15.956331877729257,0.6419065377886186,0.6490511309296662,0.9939966666426164,,,0.0,,0.37144002,0.06,revenueGrowth,0.009196690898507555,0.0282,0.4454,0.18491,-0.06482,0.062080003,0.2535743157139429,3.296,USD,USD,USD,1.0,1.0,36.54,36.03,24.27947998046875,58.176658630371094,275533888.0,277198000.0,yfinance,NC,fresh,2026-10-01
NOG,"Northern Oil and Gas, Inc.",22.88,39.18912420978683,-0.32992922606352126,SPY,17.18,0.33178114086146676,17.033227920532227,37.9196662902832,0.34325684519373717,0.3966191626042097,2437843968.0,5104460800.0,2095059000.0,-4.83,1049944000.0,14299000.0,2395393000.0,106549128.0,-0.019287931360096575,2126341000.0,2126341000.0,46738000.0,1505288000.0,252826000.0,-1252462000.0,7.35,,1.1464971836596294,1.1464971836596294,1.163615901986531,1.0351780156239931,5.0238347,2354999750.0,0.38185152699146796,0.0105734,0.16,revenueGrowth,,0.07919999999999999,4.6154003,0.75398004,0.57063997,-0.24154,1.1265328562069772,0.796,USD,USD,USD,1.0,1.0,22.88,17.18,17.033227920532227,37.9196662902832,2437843968.0,2095059000.0,yfinance,NOG,fresh,2026-10-01
NRP,Natural Resource Partners L.P.,108.73,55.693442127837685,-0.0323605167255497,SPY,95.51,0.1384148256727044,57.700504302978516,123.61743927001953,0.884385610029882,0.12043154556454334,,1453412352.0,202340000.0,7.84,159306000.0,30141000.0,33082000.0,,-0.004847485289439461,0.0,620611000.0,27926000.0,165863000.0,165853000.0,-10000.0,,13.868622448979593,2.2582455,,,,,,,0.37744,0.131,revenueGrowth,,0.027200000000000002,0.3827,0.87615997,0.5869,0.52291,4.731,2.116,USD,USD,USD,1.0,1.0,108.73,95.51,57.700504302978516,123.61743927001953,,202340000.0,yfinance,NRP,fresh,2026-10-01
NXE,NexGen Energy Ltd.,9.12,36.945611258286995,2.1150419336752533,SPY,7.33,0.24420190995907218,4.059999942779541,13.920000076293945,1.2463054503779871,0.34482758979782246,6115015680.0,5763868672.0,0.0,-0.3,-173309678.25341225,563964591.4978981,412417263.31973076,670506101.0,0.0606402790713108,1287406382.6818466,1287406382.6818466,363467083.5137367,-33386269.834518433,-163805075.50501823,-130418805.6704998,,,4.749872116729429,4.749872116729429,,,-59.37392,0.0,,0.55253,,,,,0.0,0.0,0.0,0.0,0.3203473812679165,1.462,USD,USD,CAD,1.0,0.7026913166046143,9.12,7.33,4.059999942779541,13.920000076293945,6115015680.0,0.0,yfinance,NXE,fresh,2026-10-01
OGG,Osisko Gold Group Inc.,2.82,51.29839062219284,1.8267354205106903,SPY,2.18,0.293577981651376,1.2400000095367432,4.78000020980835,1.2741935308964518,0.410041866899193,862462656.0,567556672.0,24930082.530498505,-0.11,-103006114.7184372,296734597.2497463,101578948.65441322,305837837.0,0.899314945596552,479719632.2414875,479719632.2414875,103970207.20481873,-17566580.22379875,-84936407.51194954,-67369827.28815079,,,1.7978473217161193,1.7978473217161193,34.59525875796425,,,0.0,0.0004136893569010906,0.52946997,3.771,revenueGrowth,,,0.0,0.64631,0.24708,1.49541,0.21174649071539164,3.58,USD,USD,CAD,1.0,0.7026913166046143,2.82,2.18,1.2400000095367432,4.78000020980835,862462656.0,35478000.0,yfinance,OGG,fresh,2026-10-01
OR,OR Royalties Inc.,34.34,43.31988988102143,1.4354584844443148,SPY,27.54,0.24691358024691373,11.190791130065918,47.46848678588867,2.0685944899587922,0.2765726837913754,6438608384.0,6543243264.0,277370000.0,1.5,282850000.0,142131000.0,5002000.0,187495864.0,0.008375048645651745,1432041000.0,1350907000.0,115052000.0,245596000.0,208717000.0,-36879000.0,,22.893333333333334,4.496106175731002,4.766137405461664,23.213066964704186,14.892694912048535,24.873064,432333330.0,0.14622698179257204,0.89541,0.62,revenueGrowth,0.0056957960187690145,0.76,0.1533,0.96866,0.76997,0.78035,0.00349291675308179,2.281,USD,USD,USD,1.0,1.0,34.34,27.54,11.190791130065918,47.46848678588867,6438608384.0,277370000.0,yfinance,OR,fresh,2026-10-01
PAAS,Pan American Silver Corp.,45.51,41.38224909776266,1.8921846296505223,SPY,33.08,0.37575574365175335,11.726024627685547,68.05973052978516,2.881110729765084,0.3313226537080787,18869264384.0,18119036928.0,3619000000.0,3.38,1790000000.0,1215000000.0,852000000.0,414618000.0,0.05001637309748735,6997000000.0,6997000000.0,1379000000.0,1333000000.0,1019000000.0,-314000000.0,7.02,13.464497041420119,2.6967649541231955,2.6967649541231955,5.2139442895827575,3.984627999083724,9.935314,4735514680.0,0.2084006462035541,0.61478,0.384,revenueGrowth,0.0024378268841791857,0.016,0.1834,0.55867,0.37811002,0.32027,0.12176647134486208,2.937,USD,USD,USD,1.0,1.0,45.51,33.08,11.726024627685547,68.05973052978516,18869264384.0,3619000000.0,yfinance,PAAS,fresh,2026-10-01
PBT,Permian Basin Royalty Trust,31.48,39.182885541759624,-0.028203120839037064,SPY,16.25,0.9372307692307693,8.59304141998291,36.11000061035156,2.663429333273551,0.12821934456086084,1467244928.0,1464994944.0,16128061.0,0.35,14300162.0,1715167.0,0.0,46608796.0,0.0,162566.0,162566.0,1100000.0,,,,1.12,89.94285714285715,9025.533801655944,9025.533801655944,90.97466384830761,,,0.0,,0.43847,0.344,revenueGrowth,,0.73,0.9933,1.0,0.92705,0.91578,0.0,1.957,USD,USD,USD,1.0,1.0,31.48,16.25,8.59304141998291,36.11000061035156,1467244928.0,16128061.0,yfinance,PBT,fresh,2026-10-01
PPTA,Perpetua Resources Corp.,21.57,38.645260308765884,2.709258899408317,SPY,16.435,0.31244295710374215,2.740000009536743,37.220001220703125,6.87226274632272,0.4204728830583171,2698316288.0,2127712512.0,0.0,-2.06,-112815000.0,714171000.0,244000.0,125095803.0,0.4206990634423463,861301000.0,861301000.0,733892000.0,-104560000.0,-118420000.0,-13860000.0,,,3.1328377512623344,3.1328377512623344,,,-215.7,0.0,,0.72628,,,,,0.0,0.0,0.0,0.0,0.00028329236817326345,0.12335000000000002,USD,USD,USD,1.0,1.0,21.57,16.435,2.740000009536743,37.220001220703125,2698316288.0,0.0,yfinance,PPTA,fresh,2026-10-01
PR,Permian Resources Corporation,21.12,38.86162887031087,-0.3633836077817629,SPY,11.92,0.7718120805369129,9.798967361450195,24.329999923706055,1.1553291506090242,0.13193587890554717,17689204736.0,20708352000.0,5065211000.0,1.55,3690661000.0,153690000.0,3680196000.0,837557029.0,0.06790875569035139,10278282000.0,10278282000.0,-365689000.0,3607541000.0,557386000.0,-3050155000.0,1.12,13.625806451612904,1.7210273794783992,1.7210273794783992,3.4922937536067105,2.5893206192141114,9.500034,6831600770.0,0.20546303091210782,0.92726,0.551,revenueGrowth,0.004166382892839169,0.0297,0.4,0.75848997,0.57444,0.21523,0.35805555831217706,0.624,USD,USD,USD,1.0,1.0,21.12,11.92,9.798967361450195,24.329999923706055,17689204736.0,5065211000.0,yfinance,PR,fresh,2026-10-01
PRT,PermRock Royalty Trust,1.93,32.19828441581707,-0.24772434808231672,SPY,1.82,0.06043956043956037,1.7858189344406128,4.808681964874268,0.08073666527931075,0.5986426188926671,23479862.0,22108982.0,5607416.0,0.23,4712736.0,1199573.0,0.0,12165732.0,0.0,27595875.0,27595875.0,1000000.0,,,,,8.391304347826086,0.8508468022847617,0.8508468022847617,4.187287335200384,,2.969231,0.0,,0.0319,-0.546,revenueGrowth,,0.1208,0.98870003,1.0,0.57884,0.77480006,0.0,3.696,USD,USD,USD,1.0,1.0,1.93,1.82,1.7858189344406128,4.808681964874268,23479862.0,5607416.0,yfinance,PRT,fresh,2026-10-01
RGLD,"Royal Gold, Inc.",236.0,41.47310615398589,1.3327935535405453,SPY,168.88,0.39744197063003317,98.66288757324219,303.0174865722656,1.3919835087413786,0.22116705979700235,19995774976.0,20255838208.0,1030471000.0,9.03,779970000.0,233719000.0,895436000.0,84727857.0,0.05752902306000316,7157130000.0,7157130000.0,256530000.0,704846000.0,-459907000.0,-1164753000.0,1.06,26.135105204872648,2.793825873779015,2.793825873779015,19.404500443001307,8.826364794884203,18.351479,2265459840.0,0.17824718662544914,0.86894995,1.155,revenueGrowth,0.00025165316203246314,0.8,0.2076,0.86802,0.62036,0.48054,0.12511104311365032,2.924,USD,USD,USD,1.0,1.0,236.0,168.88,98.66288757324219,303.0174865722656,19995774976.0,1030471000.0,yfinance,RGLD,fresh,2026-10-01
RRC,Range Resources Corporation,37.04,33.185378332858946,-0.1349793026296146,SPY,32.68,0.13341493268053853,27.164628982543945,47.411128997802734,0.3635378574028009,0.21874883001169165,8655490048.0,9671354368.0,2988164000.0,3.62,1307049000.0,204000.0,1372627000.0,233679515.0,-0.012177387793775361,4318681000.0,4318681000.0,-216672000.0,1171324000.0,533021000.0,-638303000.0,0.92,10.232044198895027,2.004197589032392,2.004197589032392,2.896591367809799,2.313508939969593,9.410665,3741282300.0,0.20881097524317954,0.0106562,0.086,revenueGrowth,0.02663835308242041,0.0108,0.105,0.52119,0.36101002,0.26308,0.31783477408958893,0.649,USD,USD,USD,1.0,1.0,37.04,32.68,27.164628982543945,47.411128997802734,8655490048.0,2988164000.0,yfinance,RRC,fresh,2026-10-01
SAND,SAND,,,,SPY,,,,,,,,,,,,,,,,,,,,,,,,,,,,,,,,,,,,,,,,,,USD,USD,USD,1.0,1.0,,,,,,,yfinance,SAND,unresolved,
SBR,Sabine Royalty Trust,69.15,33.27069888977566,-0.10453322783061639,SPY,65.31,0.05879650895728071,44.14513397216797,77.19446563720703,0.5664240603187832,0.10421039346283999,1008161728.0,998479360.0,77061857.0,4.9,72971790.0,7574257.0,0.0,14579345.0,0.0,6847579.0,6847579.0,6777971.0,,,,1.35,14.112244897959183,147.22892981592472,147.22892981592472,13.082499789746826,,,0.0,,0.18576,0.165,revenueGrowth,,0.0645,0.9994,1.0,0.95663,0.9471,0.0,0.31550999999999996,USD,USD,USD,1.0,1.0,69.15,65.31,44.14513397216797,77.19446563720703,1008161728.0,77061857.0,yfinance,SBR,fresh,2026-10-01
SM,SM Energy Company,33.78,39.741765539257145,-0.7773639827814843,SPY,17.45,0.935816618911175,17.2009334564209,48.9652099609375,0.9638469089821599,0.31012243127419764,8034710016.0,14847710208.0,3138000000.0,5.64,2210000000.0,368000000.0,2715000000.0,237854068.0,-0.004613400500289961,4810000000.0,4810000000.0,-358000000.0,2011000000.0,539000000.0,-1472000000.0,0.55,5.98936170212766,1.6704178827442828,1.6704178827442828,2.560455709369025,1.049781714674891,4.2379527,7653695910.0,0.21927710843373494,0.99671996,1.761,revenueGrowth,0.0016179799860993516,0.026600000000000002,0.1844,0.86457,0.60323,0.20153,0.5644490644490644,0.615,USD,USD,USD,1.0,1.0,33.78,17.45,17.2009334564209,48.9652099609375,8034710016.0,3138000000.0,yfinance,SM,fresh,2026-10-01
SSRM,SSR Mining Inc.,33.32,43.74931692392122,2.1704334718132037,SPY,18.19,0.8317757009345793,3.9762487411499023,39.209999084472656,7.379757447056519,0.15021676159143607,6794258432.0,4962594304.0,1629637000.0,2.66,573901000.0,534834000.0,377821000.0,203909312.0,0.07301565327453055,3507773000.0,3507773000.0,668764000.0,471853000.0,241649000.0,-230204000.0,0.02,12.526315789473683,1.9369150831596,1.9369150831596,4.169185181730655,2.603280679418305,7.278812,2609883170.0,0.18107945878126494,0.79676,0.095,revenueGrowth,-0.0,0.09,0.0,0.54965997,0.43659002,0.122980006,0.10770964939863555,9.79,USD,USD,USD,1.0,1.0,33.32,18.19,3.9762487411499023,39.209999084472656,6794258432.0,1629637000.0,yfinance,SSRM,fresh,2026-10-01
SVM,Silvercorp Metals Inc.,10.67,40.41719239792955,2.4595868647477994,SPY,5.95,0.7932773109243697,2.094052314758301,15.693463325500488,4.095383684925537,0.32009908974890233,2360271360.0,2287987200.0,438135000.0,0.11,129833000.0,421989000.0,118393000.0,221206309.0,0.0636115786969945,941006000.0,866122000.0,319461000.0,310568000.0,181315000.0,-129253000.0,,97.0,2.5082426254455337,2.725102652974985,5.387086993734807,2.902329839334057,6.6273293,813233330.0,0.5905987688864018,0.7467,0.705,revenueGrowth,-0.0,0.23,0.22729999,0.74778,0.54358,0.06318,0.12581535080541464,3.507,USD,USD,USD,1.0,1.0,10.67,5.95,2.094052314758301,15.693463325500488,2360271360.0,438135000.0,yfinance,SVM,fresh,2026-10-01
TALO,Talos Energy Inc.,16.33,44.453816160925946,-0.6679754113103508,SPY,8.965,0.8215281650864471,6.380000114440918,18.329999923706055,1.5595610826146518,0.10911074370052076,2726546176.0,3493281024.0,1780070000.0,-2.36,740465000.0,362809000.0,1241802000.0,166965468.0,-0.002670766777711341,2167984000.0,2167984000.0,196585000.0,935826000.0,923460000.0,-12366000.0,,,1.2576412814854723,1.2576412814854723,1.5317072789272332,1.1549158609014685,9.846602,2360818020.0,0.18059597050751622,0.76575,0.566,revenueGrowth,0.04381330529133133,,0.0,0.71367997,0.34449002,-0.20462999,0.5727911276097979,1.613,USD,USD,USD,1.0,1.0,16.33,8.965,6.380000114440918,18.329999923706055,2726546176.0,1780070000.0,yfinance,TALO,fresh,2026-10-01
TFPM,Triple Flag Precious Metals Corp.,30.81,41.38626307935535,1.4203637179691428,SPY,26.61,0.15783540022547912,11.618016242980957,41.153629302978516,1.6519157277486085,0.2513418495080309,6346953216.0,6548054528.0,388704000.0,2.0,353153000.0,71284000.0,1463000.0,206003031.0,0.0137490948153629,2045217000.0,2045217000.0,113850000.0,312832000.0,94213000.0,-218619000.0,,15.405,3.103315303950632,3.103315303950632,16.32849987651272,11.561005996721802,19.977694,548996620.0,0.10897393060536535,0.88241,0.373,revenueGrowth,0.0014200514314930157,0.77,0.115,0.85818,0.65097,0.84322,0.0007153275178135132,3.675,USD,USD,USD,1.0,1.0,30.81,26.61,11.618016242980957,41.153629302978516,6346953216.0,388704000.0,yfinance,TFPM,fresh,2026-10-01
TGB,Trekor Metals Limited,8.91,54.28094938935286,2.7453764410628003,SPY,3.66,1.4344262295081966,1.0700000524520874,9.680000305175781,7.327102395538409,0.07954548356409359,3261267712.0,3839229696.0,472843797.70851135,0.02,100366806.13327026,132078562.5603199,524907602.73838043,366023318.0,0.09546030219501128,547159025.9699821,543188117.3398495,80722367.68627167,154281500.0910759,48941747.51019478,-105339752.58088112,0.33,445.5,5.9603653731537225,6.003937876939169,6.897135434163898,3.046646406624913,11.278013,1070445098.2261658,0.39217073220023846,0.53293,1.848,revenueGrowth,,,0.0,0.46655998,0.22452,0.01591,0.9593328042205732,1.239,USD,USD,CAD,1.0,0.7026913166046143,8.91,3.66,1.0700000524520874,9.680000305175781,3261267712.0,672904000.0,yfinance,TGB,fresh,2026-10-01
CF,"CF Industries Holdings, Inc.",115.2,35.96717993720017,-0.9381852393024773,SPY,75.42,0.5274463007159904,65.96788024902344,139.27000427246094,0.7463044070103402,0.1728297805274104,17434150912.0,21739153408.0,7084000000.0,13.48,3282000000.0,1982000000.0,3636000000.0,151338130.0,-0.10237963475373547,4838000000.0,1872000000.0,2098000000.0,2752000000.0,1801000000.0,-951000000.0,0.5,8.5459940652819,3.6035863811492352,9.313114803418804,2.4610602642574815,2.3722056773397906,10.4238205,7349342040.0,0.19696292987941044,0.010887899000000001,0.176,revenueGrowth,0.07909762895598366,0.0207,0.14840001,0.42486,0.49325,0.27122,0.7515502273666804,4.86,USD,USD,USD,1.0,1.0,115.2,75.42,65.96788024902344,139.27000427246094,17434150912.0,7084000000.0,yfinance,CF,fresh,2026-10-01
URG,Ur-Energy Inc.,1.08,30.601454836015208,2.1633353012921597,SPY,1.075,0.004651162790697782,0.5600000023841858,2.0999999046325684,0.9285714203605848,0.48571426235899523,429692832.0,422809824.0,27207000.0,-0.23,-67261000.0,123863000.0,68217000.0,397863720.0,0.15969643775545578,77452000.0,77452000.0,122775000.0,-43127000.0,-66747000.0,-23620000.0,,,5.547859732479471,5.547859732479471,15.793466093284817,3.612002370494904,-75.57733,118962500.0,,0.7867,0.377,revenueGrowth,,,0.0,-1.64332,-1.28268,-2.52341,0.8807648608170222,3.995,USD,USD,USD,1.0,1.0,1.08,1.075,0.5600000023841858,2.0999999046325684,429692832.0,27207000.0,yfinance,URG,fresh,2026-10-01
USLM,"United States Lime & Minerals, Inc.",113.11,39.369146600741075,1.107396111672779,SPY,96.27,0.1749246909733043,38.136024475097656,156.84793090820312,1.9659620150983332,0.2788556447952202,3244940800.0,2838043392.0,372727000.0,4.67,183078000.0,371124000.0,4013000.0,28688363.0,0.001743192831991075,630760000.0,630760000.0,431684000.0,164970000.0,102272000.0,-62698000.0,,24.220556745182012,5.144493626736001,5.144493626736001,8.70594510191105,6.860339957716702,19.84386,473000000.0,0.21484413830204016,0.33661,0.083,revenueGrowth,0.0008262092177459755,0.21,0.0514,0.55302,0.41013,0.35664,0.006362166275604033,0.27543,USD,USD,USD,1.0,1.0,113.11,96.27,38.136024475097656,156.84793090820312,3244940800.0,372727000.0,yfinance,USLM,fresh,2026-10-01
UUUU,Energy Fuels Inc.,11.03,31.80526825670684,2.8146255109662373,SPY,10.69,0.03180542563143123,3.440000057220459,27.719999313354492,2.206395295502497,0.6020923422358764,2920452352.0,2502926848.0,65922000.0,-0.33,-95724000.0,64736000.0,675688000.0,264773572.0,0.3068084017585076,678405000.0,674038000.0,927438000.0,-89480000.0,-141273000.0,-51793000.0,,,4.304880347285176,4.33277107818847,44.30163453778708,8.136873194214353,22.742268,358915800.0,0.011241244689401768,0.74792,4.961,revenueGrowth,,,0.0,0.40851003,-0.79030997,-0.77295995,0.9959950177254,0.27898,USD,USD,USD,1.0,1.0,11.03,10.69,3.440000057220459,27.719999313354492,2920452352.0,65922000.0,yfinance,UUUU,fresh,2026-10-01
VET,Vermilion Energy Inc.,11.39,36.61587010421487,-0.3819465755453934,SPY,7.1,0.6042253521126763,5.2309184074401855,14.190220832824707,1.1774379014972702,0.19733454932197092,1740392064.0,3021344000.0,1324056653.6819935,-2.06,387407776.67045593,13412269.160032272,908395064.5534992,152800000.0,-0.026602474884227043,1561282431.4024448,1561282431.4024448,-61317546.978235245,663102390.5184269,216948214.397192,-446154176.1212349,,,1.1147195593795718,1.1147195593795718,1.3144392720358629,1.0963930566280014,14.967778,1587379684.2098236,,0.65773004,0.231,revenueGrowth,0.014432612238887192,0.034300000000000004,0.7612,0.63186,0.49258,-0.24252,0.5818262258530124,0.999,USD,USD,CAD,1.0,0.7026913166046143,11.39,7.1,5.2309184074401855,14.190220832824707,1740392064.0,1884265000.0,yfinance,VET,fresh,2026-10-01
VMC,Vulcan Materials Company,244.63,35.85151732043994,0.810604742015197,SPY,239.9,0.01971654856190075,189.42189025878906,328.480712890625,0.2914558062206293,0.25526829917269744,31698847744.0,36470648832.0,7941100000.0,8.47,2357500000.0,183300000.0,4884700000.0,129578739.0,-0.003005259203606311,8525100000.0,3255200000.0,1611800000.0,1813000000.0,1135300000.0,-677700000.0,1.64,28.881936245572607,3.7182962949408216,9.737910956008847,3.9917451919759226,3.682519044252825,22.966589,8607925000.0,0.22120710740234514,0.0100747,0.025,revenueGrowth,0.01383015570599032,0.86,0.2382,0.27506,0.21611,0.13748,0.5729786160866148,1.757,USD,USD,USD,1.0,1.0,244.63,239.9,189.42189025878906,328.480712890625,31698847744.0,7941100000.0,yfinance,VMC,fresh,2026-10-01
MBB,iShares MBS ETF,89.62,28.4446243687006,0.14942238609921268,SPY,89.19,0.00482116829240954,76.1859359741211,94.53053283691406,0.17633259805907228,0.05194652658295924,,,,,,,,,,,,,,,,,,,,,,,,,,,,,0.0434,,,,,,,USD,USD,USD,1.0,1.0,89.62,89.19,76.1859359741211,94.53053283691406,,,yfinance,MBB,fresh,2026-10-01
XE,"X-Energy, Inc.",14.18,38.01873291591518,3.1804390970858116,SPY,13.29,0.06696764484574873,13.829999923706055,35.97999954223633,0.02530730862073315,0.6058921572982698,5762271744.0,2748679936.0,94260000.0,-0.7,-210986000.0,1408967000.0,20887000.0,287458734.0,0.0,1439923000.0,1439923000.0,1744594000.0,-149860000.0,-267096000.0,-117236000.0,,,4.001791584688903,4.001791584688903,61.13167562062381,6.714306331663983,-25.862698,858208050.0,,0.41787997,1.962,revenueGrowth,0.004386117337544295,,0.0,-0.65384,-2.19545,-2.98698,0.014505636759743402,0.17198,USD,USD,USD,1.0,1.0,14.18,13.29,13.829999923706055,35.97999954223633,5762271744.0,94260000.0,yfinance,XE,fresh,2026-10-01
TAP,Molson Coors Beverage Company,36.47,28.263075942769788,-0.2226262761573448,SPY,35.52,0.02674549549549537,35.95000076293945,62.068763732910156,0.014464512545897036,0.41242586759202937,6799975424.0,12874774528.0,11140800000.0,-11.44,-1544400000.0,896500000.0,6352300000.0,174117990.0,-0.05145307289185326,10230300000.0,-3705500000.0,-2375300000.0,1784400000.0,1067800000.0,-716600000.0,3.92,,0.6646897377398512,-1.8351033393604101,0.610366887835703,0.6138767266981595,7.455471,11077102500.0,0.13415409054805402,0.011006700000000001,-0.033,revenueGrowth,0.09527975611695387,0.0533,0.35900003,0.37013,0.11297,-0.20808001,0.620929982502957,0.879,USD,USD,USD,1.0,1.0,36.47,35.52,35.95000076293945,62.068763732910156,6799975424.0,11140800000.0,yfinance,TAP,fresh,2026-10-01
ALHC,"Alignment Healthcare, Inc.",8.16,21.389458339179555,0.4477532641036573,SPY,7.37,0.10719131614654002,4.46999979019165,24.559999465942383,0.8255034413883365,0.6677524357720137,1692670848.0,1321459840.0,3948719000.0,0.19,45323000.0,575817000.0,329643000.0,207435149.0,0.03780349977445779,179277000.0,142667000.0,394711000.0,139927000.0,113146000.0,-26781000.0,,42.94736842105263,9.441650897772721,11.864487568954278,0.4286632824467884,0.2606560687805093,10.843854,6493886200.0,,0.0115964,0.316,revenueGrowth,-0.0,,0.0,0.12549,0.031519998,0.00889,1.838735587944912,1.698,USD,USD,USD,1.0,1.0,8.16,7.37,4.46999979019165,24.559999465942383,1692670848.0,3948719000.0,yfinance,ALHC,fresh,2026-10-01
VOC,VOC Energy Trust,3.41,56.91385226893258,-0.2737606172536608,SPY,2.63,0.29657794676806093,1.9469351768493652,6.740593910217285,0.7514707426049206,0.49410985954350756,,56441152.0,8619944.0,0.41,7395000.0,2026639.0,0.0,,0.0,10399993.0,10399993.0,,,,,,8.317073170731708,6.3857684,,,,,,,0.06261,-0.316,revenueGrowth,,0.1686,1.0,1.0,0.94961,0.91519,0.0,,USD,USD,USD,1.0,1.0,3.41,2.63,1.9469351768493652,6.740593910217285,,8619944.0,yfinance,VOC,fresh,2026-10-01
VTLE,VTLE,,,,SPY,,,,,,,,,,,,,,,,,,,,,,,,,,,,,,,,,,,,,,,,,,USD,USD,USD,1.0,1.0,,,,,,,yfinance,VTLE,unresolved,
DTE,DTE Energy Company,121.8,25.33430504289393,-0.02486083191006172,SPY,119.68,0.017713903743315426,84.9948959350586,153.03012084960938,0.4330272266356182,0.20407826038575003,25345126400.0,53148127232.0,15814000000.0,6.32,4447000000.0,208000000.0,26290000000.0,208088069.0,0.0,12303000000.0,10122000000.0,-1061000000.0,3409000000.0,-1020000000.0,-4429000000.0,1.57,19.272151898734176,2.0600769243274,2.5039642758348153,1.6027018085240925,1.5256533617229846,14.561331,16612637599.0,0.0567741935483871,0.82461,-0.015,revenueGrowth,-0.0,0.0381,0.72550005,0.29347,0.13623999,0.07999,2.1368771844265626,0.802,USD,USD,USD,1.0,1.0,121.8,119.68,84.9948959350586,153.03012084960938,25345126400.0,15814000000.0,yfinance,DTE,fresh,2026-10-01
PCG,PG&E Corporation,12.25,29.541261567309235,0.14271482129745885,SPY,11.77,0.04078164825828381,11.949999809265137,21.306957244873047,0.025104618872233416,0.4250704190553704,36778995712.0,92540993536.0,24935000000.0,1.39,10085000000.0,713000000.0,61335000000.0,2202366906.0,0.025617140195621797,32540000000.0,30961000000.0,-470000000.0,8716000000.0,-3071000000.0,-11787000000.0,0.51,8.812949640287771,1.1302703046097111,1.1879136885759505,1.4749948149989973,1.354851685883787,6.799436,27146141600.0,,0.0104291,0.001,revenueGrowth,,0.016399999999999998,0.1259,0.39823002,0.24788,0.11828,1.8849108789182545,1.216,USD,USD,USD,1.0,1.0,12.25,11.77,11.949999809265137,21.306957244873047,36778995712.0,24935000000.0,yfinance,PCG,fresh,2026-10-01
BSM,"Black Stone Minerals, L.P.",14.32,39.361868237552756,-0.16671636551560776,SPY,12.32,0.16233766233766234,10.734823226928711,15.170000076293945,0.33397632148033307,0.05603164614496175,3046015488.0,3540819456.0,422328000.0,1.2,345749000.0,1478000.0,155985000.0,212710571.0,0.004502324698738021,0.0,1128456000.0,71013000.0,310167000.0,191059000.0,-119108000.0,1.33,11.933333333333334,3.7467294,2.6992771432825027,7.21244030232426,6.3605877103044755,12.7288885,478889000.0,,0.19423,0.132,revenueGrowth,0.0012399805630929216,0.08529999999999999,1.0,0.89589,0.9536,0.66946,0.17603000000000002,3.757,USD,USD,USD,1.0,1.0,14.32,12.32,10.734823226928711,15.170000076293945,3046015488.0,422328000.0,yfinance,BSM,fresh,2026-10-01
FE,FirstEnergy Corp.,43.33,32.744040932391144,-0.06886135428537368,SPY,42.67,0.015467541598312552,28.781557083129883,50.875709533691406,0.5054779654502288,0.14831654640009326,25072470016.0,55483469824.0,15090000000.0,1.86,4255000000.0,57000000.0,26556000000.0,578639932.0,0.0017331022530329288,12510000000.0,6892000000.0,-2292000000.0,3700000000.0,-1005000000.0,-4705000000.0,1.45,23.29569892473118,2.0041942458832933,3.637909172373767,1.6615288280980782,1.4875291371174981,14.691125,16855111870.0,0.18473380372033354,0.95648,0.088,revenueGrowth,,0.0429,0.9626,0.68605006,0.19304001,0.06939,2.1227817745803357,0.541,USD,USD,USD,1.0,1.0,43.33,42.67,28.781557083129883,50.875709533691406,25072470016.0,15090000000.0,yfinance,FE,fresh,2026-10-01
WDS,Woodside Energy Group Ltd,22.17,38.56875371104165,-0.28584845255134517,SPY,14.27,0.5536089698668537,10.92086410522461,24.190000534057617,1.0300591405943542,0.08350560105253466,,57030389760.0,12984000000.0,1.61,9354000000.0,5712000000.0,13722000000.0,,0.0007823794219122012,35914000000.0,31061000000.0,3205000000.0,7192000000.0,-782000000.0,-7974000000.0,1.33,13.770186335403727,1.1735747,,,,11.680347,15571459040.0,0.28890620940504025,0.01652,0.13,revenueGrowth,,0.0535,0.6978,0.34921002,0.23905,0.22211,0.38207941192849587,1.389,USD,USD,USD,1.0,1.0,22.17,14.27,10.92086410522461,24.190000534057617,,12984000000.0,yfinance,WDS,fresh,2026-10-01
WPM,Wheaton Precious Metals Corp.,133.72,39.72908473114992,1.6691132795747339,SPY,92.57,0.4445284649454468,37.95421600341797,164.9925537109375,2.5231922584821103,0.1895391822695597,60730269696.0,62606827520.0,2314600000.0,4.49,2003663000.0,1153593000.0,7905000.0,454159968.0,0.0012463693437182765,8690508000.0,8689388000.0,1049482000.0,1904981000.0,563612000.0,-1341369000.0,0.43,29.781737193763917,6.988115044137811,6.989015762214784,26.2379113868487,14.870542947899885,26.859226,4083930890.0,0.13329737089445182,0.72401,0.847,revenueGrowth,,0.58,0.1597,0.86337,0.72290003,0.64659,0.0009096131089229766,0.466,USD,USD,USD,1.0,1.0,133.72,92.57,37.95421600341797,164.9925537109375,60730269696.0,2314600000.0,yfinance,WPM,fresh,2026-10-01
