Ticker,status,quarters,missing_metrics,missing_cells,source_url,cache_used,message
A,ok,20,,0.0,https://stockanalysis.com/stocks/a/financials/ratios/?p=quarterly,True,
AA,partial,20,,10.0,https://stockanalysis.com/stocks/aa/financials/ratios/?p=quarterly,True,
AAPL,ok,20,,0.0,https://stockanalysis.com/stocks/aapl/financials/ratios/?p=quarterly,True,
ABAT,partial,20,ev_ebitda;ev_fcf;peg_ratio,98.0,https://stockanalysis.com/stocks/abat/financials/ratios/?p=quarterly,True,
ABBNY,failed,0,,,https://stockanalysis.com/stocks/abbny/financials/ratios/?p=quarterly,,Unexpected redirect; check ticker / StockAnalysisPath
ABBV,partial,20,,4.0,https://stockanalysis.com/stocks/abbv/financials/ratios/?p=quarterly,True,
ABCL,partial,20,,40.0,https://stockanalysis.com/stocks/abcl/financials/ratios/?p=quarterly,True,
ABSI,partial,20,ev_ebitda;ev_fcf;forward_pe;peg_ratio,84.0,https://stockanalysis.com/stocks/absi/financials/ratios/?p=quarterly,True,
ABT,ok,20,,0.0,https://stockanalysis.com/stocks/abt/financials/ratios/?p=quarterly,True,
CLX,partial,20,,3.0,https://stockanalysis.com/stocks/clx/financials/ratios/?p=quarterly,True,
ACGL,partial,20,forward_pe;peg_ratio,43.0,https://stockanalysis.com/stocks/acgl/financials/ratios/?p=quarterly,True,
ACHR,partial,20,ev_ebitda;ev_fcf;forward_pe;peg_ratio,118.0,https://stockanalysis.com/stocks/achr/financials/ratios/?p=quarterly,True,
WHK,partial,4,buyback_yield_dilution_pct;ev_fcf;forward_pe;peg_ratio,34.0,https://stockanalysis.com/stocks/whk/financials/ratios/?p=quarterly,True,
CNX,partial,20,,6.0,https://stockanalysis.com/stocks/cnx/financials/ratios/?p=quarterly,True,
ACLS,partial,20,,1.0,https://stockanalysis.com/stocks/acls/financials/ratios/?p=quarterly,True,
ACN,ok,20,,0.0,https://stockanalysis.com/stocks/acn/financials/ratios/?p=quarterly,True,
ADBE,ok,20,,0.0,https://stockanalysis.com/stocks/adbe/financials/ratios/?p=quarterly,True,
ADCT,partial,20,ev_ebitda;forward_pe;peg_ratio,84.0,https://stockanalysis.com/stocks/adct/financials/ratios/?p=quarterly,True,
ADI,ok,20,,0.0,https://stockanalysis.com/stocks/adi/financials/ratios/?p=quarterly,True,
ADM,partial,20,,9.0,https://stockanalysis.com/stocks/adm/financials/ratios/?p=quarterly,True,
ADP,partial,20,,1.0,https://stockanalysis.com/stocks/adp/financials/ratios/?p=quarterly,True,
ADPT,partial,20,forward_pe;peg_ratio,82.0,https://stockanalysis.com/stocks/adpt/financials/ratios/?p=quarterly,True,
ADSK,ok,20,,0.0,https://stockanalysis.com/stocks/adsk/financials/ratios/?p=quarterly,True,
ADYEY,failed,0,,,https://stockanalysis.com/stocks/adyey/financials/ratios/?p=quarterly,,Unexpected redirect; check ticker / StockAnalysisPath
AEHR,partial,20,,23.0,https://stockanalysis.com/stocks/aehr/financials/ratios/?p=quarterly,True,
AEIS,partial,20,,4.0,https://stockanalysis.com/stocks/aeis/financials/ratios/?p=quarterly,True,
AES,partial,20,forward_pe;peg_ratio,67.0,https://stockanalysis.com/stocks/aes/financials/ratios/?p=quarterly,True,
AEVA,partial,20,ev_ebitda;ev_fcf;forward_pe;peg_ratio,91.0,https://stockanalysis.com/stocks/aeva/financials/ratios/?p=quarterly,True,
AEYE,partial,20,,44.0,https://stockanalysis.com/stocks/aeye/financials/ratios/?p=quarterly,True,
AFK,failed,0,,,https://stockanalysis.com/stocks/afk/financials/ratios/?p=quarterly,,HTTP 404
RYM,partial,20,forward_pe;peg_ratio,101.0,https://stockanalysis.com/stocks/rym/financials/ratios/?p=quarterly,True,
AGG,failed,0,,,https://stockanalysis.com/stocks/agg/financials/ratios/?p=quarterly,,HTTP 404
AGX,partial,20,,6.0,https://stockanalysis.com/stocks/agx/financials/ratios/?p=quarterly,True,
AI,partial,20,ev_ebitda;forward_pe;peg_ratio,79.0,https://stockanalysis.com/stocks/ai/financials/ratios/?p=quarterly,True,
AIG,partial,20,ev_fcf;forward_pe;peg_ratio,68.0,https://stockanalysis.com/stocks/aig/financials/ratios/?p=quarterly,True,
AIR,partial,20,,5.0,https://stockanalysis.com/stocks/air/financials/ratios/?p=quarterly,True,
ALAB,partial,16,,57.0,https://stockanalysis.com/stocks/alab/financials/ratios/?p=quarterly,True,
ALB,partial,20,,17.0,https://stockanalysis.com/stocks/alb/financials/ratios/?p=quarterly,True,
ALLO,partial,20,ev_ebitda;ev_fcf;forward_pe;peg_ratio,101.0,https://stockanalysis.com/stocks/allo/financials/ratios/?p=quarterly,True,
ALLY,partial,20,current_ratio;ev_ebitda;ev_fcf;ev_sales;forward_pe;peg_ratio,129.0,https://stockanalysis.com/stocks/ally/financials/ratios/?p=quarterly,True,
ALNY,partial,20,peg_ratio,62.0,https://stockanalysis.com/stocks/alny/financials/ratios/?p=quarterly,True,
AMAT,ok,20,,0.0,https://stockanalysis.com/stocks/amat/financials/ratios/?p=quarterly,True,
AMBA,partial,20,,27.0,https://stockanalysis.com/stocks/amba/financials/ratios/?p=quarterly,True,
AMD,partial,20,,1.0,https://stockanalysis.com/stocks/amd/financials/ratios/?p=quarterly,True,
AME,ok,20,,0.0,https://stockanalysis.com/stocks/ame/financials/ratios/?p=quarterly,True,
AMGN,partial,20,,2.0,https://stockanalysis.com/stocks/amgn/financials/ratios/?p=quarterly,True,
AMP,partial,20,,15.0,https://stockanalysis.com/stocks/amp/financials/ratios/?p=quarterly,True,
AMRN,partial,20,peg_ratio,57.0,https://stockanalysis.com/stocks/amrn/financials/ratios/?p=quarterly,True,
AMRX,partial,20,,7.0,https://stockanalysis.com/stocks/amrx/financials/ratios/?p=quarterly,True,
AMT,partial,20,ev_fcf;forward_pe;peg_ratio,73.0,https://stockanalysis.com/stocks/amt/financials/ratios/?p=quarterly,True,
AMZN,partial,20,,9.0,https://stockanalysis.com/stocks/amzn/financials/ratios/?p=quarterly,True,
ANET,ok,20,,0.0,https://stockanalysis.com/stocks/anet/financials/ratios/?p=quarterly,True,
AON,partial,20,,2.0,https://stockanalysis.com/stocks/aon/financials/ratios/?p=quarterly,True,
AOS,ok,20,,0.0,https://stockanalysis.com/stocks/aos/financials/ratios/?p=quarterly,True,
APA,partial,20,,2.0,https://stockanalysis.com/stocks/apa/financials/ratios/?p=quarterly,True,
APD,partial,20,,30.0,https://stockanalysis.com/stocks/apd/financials/ratios/?p=quarterly,True,
APP,partial,20,,2.0,https://stockanalysis.com/stocks/app/financials/ratios/?p=quarterly,True,
APTV,partial,20,,9.0,https://stockanalysis.com/stocks/aptv/financials/ratios/?p=quarterly,True,
ARAY,partial,20,peg_ratio,43.0,https://stockanalysis.com/stocks/aray/financials/ratios/?p=quarterly,True,
ARBE,partial,20,ev_ebitda;ev_fcf;forward_pe;peg_ratio,84.0,https://stockanalysis.com/stocks/arbe/financials/ratios/?p=quarterly,True,
ARCC,partial,20,ev_ebitda;ev_fcf,43.0,https://stockanalysis.com/stocks/arcc/financials/ratios/?p=quarterly,True,
ARGT,failed,0,,,https://stockanalysis.com/stocks/argt/financials/ratios/?p=quarterly,,HTTP 404
ARKG,failed,0,,,https://stockanalysis.com/stocks/arkg/financials/ratios/?p=quarterly,,HTTP 404
ARKK,failed,0,,,https://stockanalysis.com/stocks/arkk/financials/ratios/?p=quarterly,,HTTP 404
ARKQ,failed,0,,,https://stockanalysis.com/stocks/arkq/financials/ratios/?p=quarterly,,HTTP 404
ARKW,failed,0,,,https://stockanalysis.com/stocks/arkw/financials/ratios/?p=quarterly,,HTTP 404
ARKX,failed,0,,,https://stockanalysis.com/stocks/arkx/financials/ratios/?p=quarterly,,HTTP 404
ARM,partial,17,,45.0,https://stockanalysis.com/stocks/arm/financials/ratios/?p=quarterly,True,
ARQQ,failed,0,,,https://stockanalysis.com/stocks/arqq/financials/ratios/?p=quarterly,False,Quarterly labels found but all nine metrics are missing
ARVN,partial,20,ev_ebitda;peg_ratio,69.0,https://stockanalysis.com/stocks/arvn/financials/ratios/?p=quarterly,True,
ARWR,partial,20,peg_ratio,60.0,https://stockanalysis.com/stocks/arwr/financials/ratios/?p=quarterly,True,
ASML,partial,20,forward_pe;peg_ratio,47.0,https://stockanalysis.com/stocks/asml/financials/ratios/?p=quarterly,True,
ASTS,partial,20,ev_ebitda;ev_fcf;forward_pe;peg_ratio,94.0,https://stockanalysis.com/stocks/asts/financials/ratios/?p=quarterly,True,
ASX,partial,20,forward_pe;peg_ratio,50.0,https://stockanalysis.com/stocks/asx/financials/ratios/?p=quarterly,True,
ASYS,partial,20,,15.0,https://stockanalysis.com/stocks/asys/financials/ratios/?p=quarterly,True,
ATEC,partial,20,peg_ratio,52.0,https://stockanalysis.com/stocks/atec/financials/ratios/?p=quarterly,True,
ATI,partial,20,,8.0,https://stockanalysis.com/stocks/ati/financials/ratios/?p=quarterly,True,
AVAV,partial,20,,14.0,https://stockanalysis.com/stocks/avav/financials/ratios/?p=quarterly,True,
AVGO,ok,20,,0.0,https://stockanalysis.com/stocks/avgo/financials/ratios/?p=quarterly,True,
AVNT,partial,20,,12.0,https://stockanalysis.com/stocks/avnt/financials/ratios/?p=quarterly,True,
AVUV,failed,0,,,https://stockanalysis.com/stocks/avuv/financials/ratios/?p=quarterly,,HTTP 404
AWK,partial,20,forward_pe;peg_ratio,72.0,https://stockanalysis.com/stocks/awk/financials/ratios/?p=quarterly,True,
AXON,partial,20,,7.0,https://stockanalysis.com/stocks/axon/financials/ratios/?p=quarterly,True,
AXSM,partial,20,ev_ebitda;forward_pe;peg_ratio,89.0,https://stockanalysis.com/stocks/axsm/financials/ratios/?p=quarterly,True,
AZN,partial,20,forward_pe;peg_ratio,43.0,https://stockanalysis.com/stocks/azn/financials/ratios/?p=quarterly,True,
AZO,partial,20,,2.0,https://stockanalysis.com/stocks/azo/financials/ratios/?p=quarterly,True,
B,partial,20,forward_pe;peg_ratio,45.0,https://stockanalysis.com/stocks/b/financials/ratios/?p=quarterly,True,
BA,partial,20,,22.0,https://stockanalysis.com/stocks/ba/financials/ratios/?p=quarterly,True,
BABA,partial,20,,9.0,https://stockanalysis.com/stocks/baba/financials/ratios/?p=quarterly,True,
BAC,partial,20,current_ratio;ev_ebitda;ev_fcf;ev_sales;forward_pe;peg_ratio,126.0,https://stockanalysis.com/stocks/bac/financials/ratios/?p=quarterly,True,
BAK,partial,20,forward_pe;peg_ratio,66.0,https://stockanalysis.com/stocks/bak/financials/ratios/?p=quarterly,True,
BASFY,failed,0,,,https://stockanalysis.com/stocks/basfy/financials/ratios/?p=quarterly,,Unexpected redirect; check ticker / StockAnalysisPath
BATT,failed,0,,,https://stockanalysis.com/stocks/batt/financials/ratios/?p=quarterly,,HTTP 404
BAX,partial,20,,4.0,https://stockanalysis.com/stocks/bax/financials/ratios/?p=quarterly,True,
BBAI,partial,20,ev_ebitda;peg_ratio,66.0,https://stockanalysis.com/stocks/bbai/financials/ratios/?p=quarterly,True,
BBAR,partial,20,current_ratio;ev_ebitda;ev_fcf;ev_sales;forward_pe;peg_ratio,137.0,https://stockanalysis.com/stocks/bbar/financials/ratios/?p=quarterly,True,
BBEU,failed,0,,,https://stockanalysis.com/stocks/bbeu/financials/ratios/?p=quarterly,,HTTP 404
BBIO,partial,20,forward_pe;peg_ratio,83.0,https://stockanalysis.com/stocks/bbio/financials/ratios/?p=quarterly,True,
BCE,partial,20,forward_pe;peg_ratio,44.0,https://stockanalysis.com/stocks/bce/financials/ratios/?p=quarterly,True,
BDSX,partial,20,ev_ebitda;forward_pe;peg_ratio,83.0,https://stockanalysis.com/stocks/bdsx/financials/ratios/?p=quarterly,True,
BE,partial,20,,26.0,https://stockanalysis.com/stocks/be/financials/ratios/?p=quarterly,True,
BEAM,partial,20,forward_pe;peg_ratio,80.0,https://stockanalysis.com/stocks/beam/financials/ratios/?p=quarterly,True,
BEEM,partial,20,forward_pe;peg_ratio,80.0,https://stockanalysis.com/stocks/beem/financials/ratios/?p=quarterly,True,
BFLY,partial,20,ev_ebitda;forward_pe;peg_ratio,83.0,https://stockanalysis.com/stocks/bfly/financials/ratios/?p=quarterly,True,
BGM,failed,0,,,https://stockanalysis.com/stocks/bgm/financials/ratios/?p=quarterly,False,Quarterly labels found but all nine metrics are missing
BHP,failed,0,,,https://stockanalysis.com/stocks/bhp/financials/ratios/?p=quarterly,False,Quarterly labels found but all nine metrics are missing
BHVN,partial,20,ev_ebitda;ev_fcf;ev_sales;forward_pe;peg_ratio;ps_ratio,136.0,https://stockanalysis.com/stocks/bhvn/financials/ratios/?p=quarterly,True,
BIDU,partial,20,,7.0,https://stockanalysis.com/stocks/bidu/financials/ratios/?p=quarterly,True,
BIIB,partial,20,,2.0,https://stockanalysis.com/stocks/biib/financials/ratios/?p=quarterly,True,
BILL,partial,20,,27.0,https://stockanalysis.com/stocks/bill/financials/ratios/?p=quarterly,True,
BINC,failed,0,,,https://stockanalysis.com/stocks/binc/financials/ratios/?p=quarterly,,HTTP 404
BIOX,partial,20,,18.0,https://stockanalysis.com/stocks/biox/financials/ratios/?p=quarterly,True,
BITD,failed,0,,,https://stockanalysis.com/stocks/bitd/financials/ratios/?p=quarterly,,HTTP 404
BITF,failed,0,,,https://stockanalysis.com/stocks/bitf/financials/ratios/?p=quarterly,,Unexpected redirect; check ticker / StockAnalysisPath
BITO,failed,0,,,https://stockanalysis.com/stocks/bito/financials/ratios/?p=quarterly,,HTTP 404
BITX,failed,0,,,https://stockanalysis.com/stocks/bitx/financials/ratios/?p=quarterly,,HTTP 404
BKNG,partial,20,,2.0,https://stockanalysis.com/stocks/bkng/financials/ratios/?p=quarterly,True,
BKRKY,failed,0,,,https://stockanalysis.com/stocks/bkrky/financials/ratios/?p=quarterly,,HTTP 404
BKSY,partial,20,forward_pe;peg_ratio,79.0,https://stockanalysis.com/stocks/bksy/financials/ratios/?p=quarterly,True,
BLDP,partial,20,ev_ebitda;ev_fcf;forward_pe;peg_ratio,101.0,https://stockanalysis.com/stocks/bldp/financials/ratios/?p=quarterly,True,
BLFS,partial,20,,26.0,https://stockanalysis.com/stocks/blfs/financials/ratios/?p=quarterly,True,
BLK,partial,20,,10.0,https://stockanalysis.com/stocks/blk/financials/ratios/?p=quarterly,True,
BLOX,failed,0,,,https://stockanalysis.com/stocks/blox/financials/ratios/?p=quarterly,,HTTP 404
BLV,failed,0,,,https://stockanalysis.com/stocks/blv/financials/ratios/?p=quarterly,,HTTP 404
BMA,partial,20,current_ratio;ev_ebitda;ev_fcf;ev_sales;forward_pe;peg_ratio,145.0,https://stockanalysis.com/stocks/bma/financials/ratios/?p=quarterly,True,
BMNR,partial,20,peg_ratio,80.0,https://stockanalysis.com/stocks/bmnr/financials/ratios/?p=quarterly,True,
BMRN,partial,20,,8.0,https://stockanalysis.com/stocks/bmrn/financials/ratios/?p=quarterly,True,
BMY,partial,20,,1.0,https://stockanalysis.com/stocks/bmy/financials/ratios/?p=quarterly,True,
BND,failed,0,,,https://stockanalysis.com/stocks/bnd/financials/ratios/?p=quarterly,,HTTP 404
BNDX,failed,0,,,https://stockanalysis.com/stocks/bndx/financials/ratios/?p=quarterly,,HTTP 404
BNGO,partial,20,ev_ebitda;ev_fcf;forward_pe;peg_ratio,84.0,https://stockanalysis.com/stocks/bngo/financials/ratios/?p=quarterly,True,
BOTT,failed,0,,,https://stockanalysis.com/stocks/bott/financials/ratios/?p=quarterly,,HTTP 404
BOTZ,failed,0,,,https://stockanalysis.com/stocks/botz/financials/ratios/?p=quarterly,,HTTP 404
BP,partial,20,forward_pe;peg_ratio,44.0,https://stockanalysis.com/stocks/bp/financials/ratios/?p=quarterly,True,
BRK.B,failed,0,,,https://stockanalysis.com/stocks/brk-b/financials/ratios/?p=quarterly,,Unexpected redirect; check ticker / StockAnalysisPath
BRKR,partial,20,,6.0,https://stockanalysis.com/stocks/brkr/financials/ratios/?p=quarterly,True,
BSV,failed,0,,,https://stockanalysis.com/stocks/bsv/financials/ratios/?p=quarterly,,HTTP 404
BSX,partial,20,,2.0,https://stockanalysis.com/stocks/bsx/financials/ratios/?p=quarterly,True,
BTAI,failed,0,,,https://stockanalysis.com/stocks/btai/financials/ratios/?p=quarterly,,Unexpected redirect; check ticker / StockAnalysisPath
BTG,partial,20,forward_pe;peg_ratio,52.0,https://stockanalysis.com/stocks/btg/financials/ratios/?p=quarterly,True,
BTI,failed,0,,,https://stockanalysis.com/stocks/bti/financials/ratios/?p=quarterly,False,Quarterly labels found but all nine metrics are missing
BUG,failed,0,,,https://stockanalysis.com/stocks/bug/financials/ratios/?p=quarterly,,HTTP 404
BULL,partial,14,ev_ebitda;ev_fcf;ev_sales;forward_pe;peg_ratio,85.0,https://stockanalysis.com/stocks/bull/financials/ratios/?p=quarterly,True,
BUSE,partial,20,current_ratio;ev_ebitda;ev_fcf;ev_sales;forward_pe;peg_ratio,126.0,https://stockanalysis.com/stocks/buse/financials/ratios/?p=quarterly,True,
BX,partial,20,ev_ebitda;ev_fcf;ev_sales;forward_pe;peg_ratio,105.0,https://stockanalysis.com/stocks/bx/financials/ratios/?p=quarterly,True,
BXSL,partial,20,ev_ebitda;ev_fcf;peg_ratio,67.0,https://stockanalysis.com/stocks/bxsl/financials/ratios/?p=quarterly,True,
BYDDY,failed,0,,,https://stockanalysis.com/stocks/byddy/financials/ratios/?p=quarterly,,Unexpected redirect; check ticker / StockAnalysisPath
BZAI,partial,14,ev_ebitda;ev_fcf;forward_pe;peg_ratio,75.0,https://stockanalysis.com/stocks/bzai/financials/ratios/?p=quarterly,True,
C,partial,20,current_ratio;ev_ebitda;ev_fcf;ev_sales;forward_pe;peg_ratio,129.0,https://stockanalysis.com/stocks/c/financials/ratios/?p=quarterly,True,
CAE,partial,20,forward_pe;peg_ratio,59.0,https://stockanalysis.com/stocks/cae/financials/ratios/?p=quarterly,True,
CAG,partial,20,,4.0,https://stockanalysis.com/stocks/cag/financials/ratios/?p=quarterly,True,
CAH,partial,20,,7.0,https://stockanalysis.com/stocks/cah/financials/ratios/?p=quarterly,True,
CAI,partial,10,peg_ratio,51.0,https://stockanalysis.com/stocks/cai/financials/ratios/?p=quarterly,True,
CALX,partial,20,,6.0,https://stockanalysis.com/stocks/calx/financials/ratios/?p=quarterly,True,
CAPR,partial,20,ev_ebitda;peg_ratio,99.0,https://stockanalysis.com/stocks/capr/financials/ratios/?p=quarterly,True,
CAT,partial,20,,1.0,https://stockanalysis.com/stocks/cat/financials/ratios/?p=quarterly,True,
CB,partial,20,ev_fcf;forward_pe;peg_ratio,63.0,https://stockanalysis.com/stocks/cb/financials/ratios/?p=quarterly,True,
CC,partial,20,,8.0,https://stockanalysis.com/stocks/cc/financials/ratios/?p=quarterly,True,
CCJ,partial,20,forward_pe;peg_ratio,47.0,https://stockanalysis.com/stocks/ccj/financials/ratios/?p=quarterly,True,
CCNE,partial,20,current_ratio;ev_ebitda;ev_fcf;ev_sales;forward_pe;peg_ratio,126.0,https://stockanalysis.com/stocks/ccne/financials/ratios/?p=quarterly,True,
CDNS,ok,20,,0.0,https://stockanalysis.com/stocks/cdns/financials/ratios/?p=quarterly,True,
CDXS,partial,20,,38.0,https://stockanalysis.com/stocks/cdxs/financials/ratios/?p=quarterly,True,
CDZI,partial,20,ev_ebitda;ev_fcf;forward_pe;peg_ratio,84.0,https://stockanalysis.com/stocks/cdzi/financials/ratios/?p=quarterly,True,
CE,partial,20,,10.0,https://stockanalysis.com/stocks/ce/financials/ratios/?p=quarterly,True,
CEG,partial,20,forward_pe;peg_ratio,73.0,https://stockanalysis.com/stocks/ceg/financials/ratios/?p=quarterly,True,
CELH,partial,20,,16.0,https://stockanalysis.com/stocks/celh/financials/ratios/?p=quarterly,True,
CEVA,partial,20,,32.0,https://stockanalysis.com/stocks/ceva/financials/ratios/?p=quarterly,True,
CGNX,partial,20,,1.0,https://stockanalysis.com/stocks/cgnx/financials/ratios/?p=quarterly,True,
CHD,ok,20,,0.0,https://stockanalysis.com/stocks/chd/financials/ratios/?p=quarterly,True,
CHPT,partial,20,ev_ebitda;ev_fcf;forward_pe;peg_ratio,85.0,https://stockanalysis.com/stocks/chpt/financials/ratios/?p=quarterly,True,
CHPX,failed,0,,,https://stockanalysis.com/stocks/chpx/financials/ratios/?p=quarterly,,HTTP 404
CHRD,partial,20,,2.0,https://stockanalysis.com/stocks/chrd/financials/ratios/?p=quarterly,True,
CHTR,ok,20,,0.0,https://stockanalysis.com/stocks/chtr/financials/ratios/?p=quarterly,True,
CHWY,partial,20,,4.0,https://stockanalysis.com/stocks/chwy/financials/ratios/?p=quarterly,True,
CI,partial,20,,4.0,https://stockanalysis.com/stocks/ci/financials/ratios/?p=quarterly,True,
CIEN,partial,20,,6.0,https://stockanalysis.com/stocks/cien/financials/ratios/?p=quarterly,True,
CL,ok,20,,0.0,https://stockanalysis.com/stocks/cl/financials/ratios/?p=quarterly,True,
CLF,partial,20,,17.0,https://stockanalysis.com/stocks/clf/financials/ratios/?p=quarterly,True,
CLMB,partial,20,,7.0,https://stockanalysis.com/stocks/clmb/financials/ratios/?p=quarterly,True,
CLOV,partial,20,forward_pe;peg_ratio,70.0,https://stockanalysis.com/stocks/clov/financials/ratios/?p=quarterly,True,
CLPT,partial,20,ev_ebitda;ev_fcf;forward_pe;peg_ratio,84.0,https://stockanalysis.com/stocks/clpt/financials/ratios/?p=quarterly,True,
CLS,partial,20,forward_pe;peg_ratio,42.0,https://stockanalysis.com/stocks/cls/financials/ratios/?p=quarterly,True,
CLSK,partial,20,peg_ratio,53.0,https://stockanalysis.com/stocks/clsk/financials/ratios/?p=quarterly,True,
CMCSA,partial,20,,1.0,https://stockanalysis.com/stocks/cmcsa/financials/ratios/?p=quarterly,True,
CME,ok,20,,0.0,https://stockanalysis.com/stocks/cme/financials/ratios/?p=quarterly,True,
CNBS,failed,0,,,https://stockanalysis.com/stocks/cnbs/financials/ratios/?p=quarterly,,HTTP 404
VCLT,failed,0,,,https://stockanalysis.com/stocks/vclt/financials/ratios/?p=quarterly,,HTTP 404
ZROZ,failed,0,,,https://stockanalysis.com/stocks/zroz/financials/ratios/?p=quarterly,,HTTP 404
IGOV,failed,0,,,https://stockanalysis.com/stocks/igov/financials/ratios/?p=quarterly,,HTTP 404
SCMB,failed,0,,,https://stockanalysis.com/stocks/scmb/financials/ratios/?p=quarterly,,HTTP 404
WIP,failed,0,,,https://stockanalysis.com/stocks/wip/financials/ratios/?p=quarterly,,HTTP 404
BWX,failed,0,,,https://stockanalysis.com/stocks/bwx/financials/ratios/?p=quarterly,,HTTP 404
LTPZ,failed,0,,,https://stockanalysis.com/stocks/ltpz/financials/ratios/?p=quarterly,,HTTP 404
CNC,partial,20,forward_pe;peg_ratio,48.0,https://stockanalysis.com/stocks/cnc/financials/ratios/?p=quarterly,True,
CNDT,partial,20,,16.0,https://stockanalysis.com/stocks/cndt/financials/ratios/?p=quarterly,True,
CNI,partial,20,forward_pe;peg_ratio,42.0,https://stockanalysis.com/stocks/cni/financials/ratios/?p=quarterly,True,
CNQ,partial,20,forward_pe;peg_ratio,42.0,https://stockanalysis.com/stocks/cnq/financials/ratios/?p=quarterly,True,
COF,partial,20,current_ratio;ev_ebitda;ev_fcf;ev_sales;forward_pe;peg_ratio,129.0,https://stockanalysis.com/stocks/cof/financials/ratios/?p=quarterly,True,
COHR,partial,20,,9.0,https://stockanalysis.com/stocks/cohr/financials/ratios/?p=quarterly,True,
COIN,partial,20,,15.0,https://stockanalysis.com/stocks/coin/financials/ratios/?p=quarterly,True,
CONY,failed,0,,,https://stockanalysis.com/stocks/cony/financials/ratios/?p=quarterly,,HTTP 404
COP,ok,20,,0.0,https://stockanalysis.com/stocks/cop/financials/ratios/?p=quarterly,True,
CORT,partial,20,,3.0,https://stockanalysis.com/stocks/cort/financials/ratios/?p=quarterly,True,
CORZ,partial,20,ev_fcf;peg_ratio,101.0,https://stockanalysis.com/stocks/corz/financials/ratios/?p=quarterly,True,
COST,partial,20,,2.0,https://stockanalysis.com/stocks/cost/financials/ratios/?p=quarterly,True,
CPNG,partial,20,,35.0,https://stockanalysis.com/stocks/cpng/financials/ratios/?p=quarterly,True,
CRBU,partial,20,ev_ebitda;ev_fcf;forward_pe;peg_ratio,91.0,https://stockanalysis.com/stocks/crbu/financials/ratios/?p=quarterly,True,
CRCL,partial,20,,120.0,https://stockanalysis.com/stocks/crcl/financials/ratios/?p=quarterly,True,
CRDO,partial,20,,26.0,https://stockanalysis.com/stocks/crdo/financials/ratios/?p=quarterly,True,
CRM,ok,20,,0.0,https://stockanalysis.com/stocks/crm/financials/ratios/?p=quarterly,True,
CRNX,partial,20,ev_ebitda;ev_fcf;forward_pe;peg_ratio,92.0,https://stockanalysis.com/stocks/crnx/financials/ratios/?p=quarterly,True,
CRS,partial,20,,8.0,https://stockanalysis.com/stocks/crs/financials/ratios/?p=quarterly,True,
CRSP,partial,20,forward_pe;peg_ratio,83.0,https://stockanalysis.com/stocks/crsp/financials/ratios/?p=quarterly,True,
CRUS,partial,20,,4.0,https://stockanalysis.com/stocks/crus/financials/ratios/?p=quarterly,True,
CRWD,partial,20,,12.0,https://stockanalysis.com/stocks/crwd/financials/ratios/?p=quarterly,True,
CRWV,partial,11,ev_fcf;forward_pe;peg_ratio,62.0,https://stockanalysis.com/stocks/crwv/financials/ratios/?p=quarterly,True,
CSCO,ok,20,,0.0,https://stockanalysis.com/stocks/csco/financials/ratios/?p=quarterly,True,
CSX,partial,20,,1.0,https://stockanalysis.com/stocks/csx/financials/ratios/?p=quarterly,True,
CTM,partial,20,forward_pe;peg_ratio,71.0,https://stockanalysis.com/stocks/ctm/financials/ratios/?p=quarterly,True,
CTRA,ok,20,,0.0,https://stockanalysis.com/stocks/ctra/financials/ratios/?p=quarterly,True,
CVS,partial,20,,4.0,https://stockanalysis.com/stocks/cvs/financials/ratios/?p=quarterly,True,
CVX,partial,20,,1.0,https://stockanalysis.com/stocks/cvx/financials/ratios/?p=quarterly,True,
CWCO,partial,20,forward_pe;peg_ratio,45.0,https://stockanalysis.com/stocks/cwco/financials/ratios/?p=quarterly,True,
CYTK,partial,20,ev_ebitda;ev_fcf;forward_pe;peg_ratio,85.0,https://stockanalysis.com/stocks/cytk/financials/ratios/?p=quarterly,True,
D,partial,20,ev_fcf;forward_pe;peg_ratio,68.0,https://stockanalysis.com/stocks/d/financials/ratios/?p=quarterly,True,
DAT,failed,0,,,https://stockanalysis.com/stocks/dat/financials/ratios/?p=quarterly,,HTTP 404
DD,partial,20,,8.0,https://stockanalysis.com/stocks/dd/financials/ratios/?p=quarterly,True,
DDD,partial,20,,41.0,https://stockanalysis.com/stocks/ddd/financials/ratios/?p=quarterly,True,
DDOG,partial,20,,8.0,https://stockanalysis.com/stocks/ddog/financials/ratios/?p=quarterly,True,
DE,partial,20,,5.0,https://stockanalysis.com/stocks/de/financials/ratios/?p=quarterly,True,
DECK,partial,20,,9.0,https://stockanalysis.com/stocks/deck/financials/ratios/?p=quarterly,True,
DEO,failed,0,,,https://stockanalysis.com/stocks/deo/financials/ratios/?p=quarterly,False,Quarterly labels found but all nine metrics are missing
DFEN,failed,0,,,https://stockanalysis.com/stocks/dfen/financials/ratios/?p=quarterly,,HTTP 404
DGII,partial,20,,1.0,https://stockanalysis.com/stocks/dgii/financials/ratios/?p=quarterly,True,
DGRO,failed,0,,,https://stockanalysis.com/stocks/dgro/financials/ratios/?p=quarterly,,HTTP 404
DGX,partial,20,,2.0,https://stockanalysis.com/stocks/dgx/financials/ratios/?p=quarterly,True,
DHI,partial,20,,6.0,https://stockanalysis.com/stocks/dhi/financials/ratios/?p=quarterly,True,
DHR,partial,20,,6.0,https://stockanalysis.com/stocks/dhr/financials/ratios/?p=quarterly,True,
DIA,failed,0,,,https://stockanalysis.com/stocks/dia/financials/ratios/?p=quarterly,,HTTP 404
DINO,partial,20,,6.0,https://stockanalysis.com/stocks/dino/financials/ratios/?p=quarterly,True,
DIS,partial,20,,3.0,https://stockanalysis.com/stocks/dis/financials/ratios/?p=quarterly,True,
DLR,partial,20,ev_fcf;forward_pe;peg_ratio,63.0,https://stockanalysis.com/stocks/dlr/financials/ratios/?p=quarterly,True,
DLTR,partial,20,,13.0,https://stockanalysis.com/stocks/dltr/financials/ratios/?p=quarterly,True,
DNA,partial,20,ev_ebitda;ev_fcf;forward_pe;peg_ratio,84.0,https://stockanalysis.com/stocks/dna/financials/ratios/?p=quarterly,True,
DOC,partial,20,ev_fcf;forward_pe;peg_ratio,63.0,https://stockanalysis.com/stocks/doc/financials/ratios/?p=quarterly,True,
DOW,partial,20,,8.0,https://stockanalysis.com/stocks/dow/financials/ratios/?p=quarterly,True,
DOX,ok,20,,0.0,https://stockanalysis.com/stocks/dox/financials/ratios/?p=quarterly,True,
DRS,partial,20,,46.0,https://stockanalysis.com/stocks/drs/financials/ratios/?p=quarterly,True,
DT,ok,20,,0.0,https://stockanalysis.com/stocks/dt/financials/ratios/?p=quarterly,True,
DTCR,failed,0,,,https://stockanalysis.com/stocks/dtcr/financials/ratios/?p=quarterly,,HTTP 404
DUK,partial,20,forward_pe;peg_ratio,68.0,https://stockanalysis.com/stocks/duk/financials/ratios/?p=quarterly,True,
DUOL,partial,20,,35.0,https://stockanalysis.com/stocks/duol/financials/ratios/?p=quarterly,True,
DVN,partial,20,,4.0,https://stockanalysis.com/stocks/dvn/financials/ratios/?p=quarterly,True,
DYN,partial,20,ev_ebitda;ev_fcf;ev_sales;forward_pe;peg_ratio;ps_ratio,126.0,https://stockanalysis.com/stocks/dyn/financials/ratios/?p=quarterly,True,
EAF,partial,20,peg_ratio,43.0,https://stockanalysis.com/stocks/eaf/financials/ratios/?p=quarterly,True,
EH,partial,20,ev_ebitda;ev_fcf;peg_ratio,64.0,https://stockanalysis.com/stocks/eh/financials/ratios/?p=quarterly,True,
EIDO,failed,0,,,https://stockanalysis.com/stocks/eido/financials/ratios/?p=quarterly,,HTTP 404
EIS,failed,0,,,https://stockanalysis.com/stocks/eis/financials/ratios/?p=quarterly,,HTTP 404
EIX,partial,20,forward_pe;peg_ratio,60.0,https://stockanalysis.com/stocks/eix/financials/ratios/?p=quarterly,True,
EL,partial,20,,6.0,https://stockanalysis.com/stocks/el/financials/ratios/?p=quarterly,True,
ELV,partial,20,forward_pe;peg_ratio,45.0,https://stockanalysis.com/stocks/elv/financials/ratios/?p=quarterly,True,
EMB,failed,0,,,https://stockanalysis.com/stocks/emb/financials/ratios/?p=quarterly,,HTTP 404
EMN,partial,20,,5.0,https://stockanalysis.com/stocks/emn/financials/ratios/?p=quarterly,True,
EMOTF,failed,0,,,https://stockanalysis.com/stocks/emotf/financials/ratios/?p=quarterly,,HTTP 404
EMR,partial,20,,2.0,https://stockanalysis.com/stocks/emr/financials/ratios/?p=quarterly,True,
ENPH,partial,20,,3.0,https://stockanalysis.com/stocks/enph/financials/ratios/?p=quarterly,True,
ENVX,partial,20,ev_ebitda;ev_fcf;forward_pe;peg_ratio,90.0,https://stockanalysis.com/stocks/envx/financials/ratios/?p=quarterly,True,
EOG,partial,20,,1.0,https://stockanalysis.com/stocks/eog/financials/ratios/?p=quarterly,True,
EOSE,partial,20,ev_ebitda;ev_fcf;forward_pe;peg_ratio,85.0,https://stockanalysis.com/stocks/eose/financials/ratios/?p=quarterly,True,
EPD,partial,20,,1.0,https://stockanalysis.com/stocks/epd/financials/ratios/?p=quarterly,True,
EPI,failed,0,,,https://stockanalysis.com/stocks/epi/financials/ratios/?p=quarterly,,HTTP 404
EQIX,partial,20,ev_fcf;forward_pe;peg_ratio,63.0,https://stockanalysis.com/stocks/eqix/financials/ratios/?p=quarterly,True,
EQNR,partial,20,forward_pe;peg_ratio,48.0,https://stockanalysis.com/stocks/eqnr/financials/ratios/?p=quarterly,True,
EQT,partial,20,,7.0,https://stockanalysis.com/stocks/eqt/financials/ratios/?p=quarterly,True,
ERII,partial,20,,15.0,https://stockanalysis.com/stocks/erii/financials/ratios/?p=quarterly,True,
ERJ,failed,0,,,https://stockanalysis.com/stocks/erj/financials/ratios/?p=quarterly,,Unexpected redirect; check ticker / StockAnalysisPath
ESI,partial,20,,6.0,https://stockanalysis.com/stocks/esi/financials/ratios/?p=quarterly,True,
ESTC,partial,20,,38.0,https://stockanalysis.com/stocks/estc/financials/ratios/?p=quarterly,True,
ET,partial,20,,1.0,https://stockanalysis.com/stocks/et/financials/ratios/?p=quarterly,True,
ETHD,failed,0,,,https://stockanalysis.com/stocks/ethd/financials/ratios/?p=quarterly,,HTTP 404
ETN,partial,20,,1.0,https://stockanalysis.com/stocks/etn/financials/ratios/?p=quarterly,True,
EVEX,partial,20,ev_ebitda;ev_fcf;ev_sales;forward_pe;peg_ratio;ps_ratio,130.0,https://stockanalysis.com/stocks/evex/financials/ratios/?p=quarterly,True,
EVGO,partial,20,ev_fcf;forward_pe;peg_ratio,84.0,https://stockanalysis.com/stocks/evgo/financials/ratios/?p=quarterly,True,
EW,partial,20,,5.0,https://stockanalysis.com/stocks/ew/financials/ratios/?p=quarterly,True,
EWC,failed,0,,,https://stockanalysis.com/stocks/ewc/financials/ratios/?p=quarterly,,HTTP 404
EWJ,failed,0,,,https://stockanalysis.com/stocks/ewj/financials/ratios/?p=quarterly,,HTTP 404
EWM,failed,0,,,https://stockanalysis.com/stocks/ewm/financials/ratios/?p=quarterly,,HTTP 404
EWT,failed,0,,,https://stockanalysis.com/stocks/ewt/financials/ratios/?p=quarterly,,HTTP 404
EWTX,partial,20,ev_ebitda;ev_fcf;ev_sales;forward_pe;peg_ratio;ps_ratio,126.0,https://stockanalysis.com/stocks/ewtx/financials/ratios/?p=quarterly,True,
EWW,failed,0,,,https://stockanalysis.com/stocks/eww/financials/ratios/?p=quarterly,,HTTP 404
EWY,failed,0,,,https://stockanalysis.com/stocks/ewy/financials/ratios/?p=quarterly,,HTTP 404
EWZ,failed,0,,,https://stockanalysis.com/stocks/ewz/financials/ratios/?p=quarterly,,HTTP 404
EXEL,partial,20,,3.0,https://stockanalysis.com/stocks/exel/financials/ratios/?p=quarterly,True,
EXPI,failed,0,,,https://stockanalysis.com/stocks/expi/financials/ratios/?p=quarterly,,Unexpected redirect; check ticker / StockAnalysisPath
EZA,failed,0,,,https://stockanalysis.com/stocks/eza/financials/ratios/?p=quarterly,,HTTP 404
F,partial,20,,5.0,https://stockanalysis.com/stocks/f/financials/ratios/?p=quarterly,True,
FANG,partial,20,,3.0,https://stockanalysis.com/stocks/fang/financials/ratios/?p=quarterly,True,
FANUY,failed,0,,,https://stockanalysis.com/stocks/fanuy/financials/ratios/?p=quarterly,,HTTP 404
FAST,ok,20,,0.0,https://stockanalysis.com/stocks/fast/financials/ratios/?p=quarterly,True,
FATE,partial,20,ev_ebitda;ev_fcf;forward_pe;peg_ratio,89.0,https://stockanalysis.com/stocks/fate/financials/ratios/?p=quarterly,True,
FBTC,failed,0,,,https://stockanalysis.com/stocks/fbtc/financials/ratios/?p=quarterly,,HTTP 404
FCEL,partial,20,ev_ebitda;ev_fcf;forward_pe;peg_ratio,84.0,https://stockanalysis.com/stocks/fcel/financials/ratios/?p=quarterly,True,
FCX,partial,20,,5.0,https://stockanalysis.com/stocks/fcx/financials/ratios/?p=quarterly,True,
FERG,failed,0,,,https://stockanalysis.com/stocks/ferg/financials/ratios/?p=quarterly,False,Conflicting period dates across tables
FETH,failed,0,,,https://stockanalysis.com/stocks/feth/financials/ratios/?p=quarterly,,HTTP 404
FICO,partial,20,,1.0,https://stockanalysis.com/stocks/fico/financials/ratios/?p=quarterly,True,
FIG,partial,10,ev_ebitda,56.0,https://stockanalysis.com/stocks/fig/financials/ratios/?p=quarterly,True,
FIP,partial,20,peg_ratio,72.0,https://stockanalysis.com/stocks/fip/financials/ratios/?p=quarterly,True,
FIS,partial,20,,7.0,https://stockanalysis.com/stocks/fis/financials/ratios/?p=quarterly,True,
FISV,ok,20,,0.0,https://stockanalysis.com/stocks/fisv/financials/ratios/?p=quarterly,True,
FLAU,failed,0,,,https://stockanalysis.com/stocks/flau/financials/ratios/?p=quarterly,,HTTP 404
FLNC,partial,20,,53.0,https://stockanalysis.com/stocks/flnc/financials/ratios/?p=quarterly,True,
FLO,partial,18,,4.0,https://stockanalysis.com/stocks/flo/financials/ratios/?p=quarterly,True,
FLSA,failed,0,,,https://stockanalysis.com/stocks/flsa/financials/ratios/?p=quarterly,,HTTP 404
FMET,failed,0,,,https://stockanalysis.com/stocks/fmet/financials/ratios/?p=quarterly,,HTTP 404
FOUR,partial,20,,2.0,https://stockanalysis.com/stocks/four/financials/ratios/?p=quarterly,True,
FROG,partial,20,ev_ebitda,32.0,https://stockanalysis.com/stocks/frog/financials/ratios/?p=quarterly,True,
FSLR,partial,20,,15.0,https://stockanalysis.com/stocks/fslr/financials/ratios/?p=quarterly,True,
FSLY,partial,20,ev_ebitda;peg_ratio,69.0,https://stockanalysis.com/stocks/fsly/financials/ratios/?p=quarterly,True,
FTML,failed,0,,,https://stockanalysis.com/stocks/ftml/financials/ratios/?p=quarterly,,HTTP 404
FTNT,ok,20,,0.0,https://stockanalysis.com/stocks/ftnt/financials/ratios/?p=quarterly,True,
FTV,partial,20,,9.0,https://stockanalysis.com/stocks/ftv/financials/ratios/?p=quarterly,True,
FUBO,partial,10,buyback_yield_dilution_pct;ev_fcf;peg_ratio,64.0,https://stockanalysis.com/stocks/fubo/financials/ratios/?p=quarterly,True,
FXI,failed,0,,,https://stockanalysis.com/stocks/fxi/financials/ratios/?p=quarterly,,HTTP 404
FXY,failed,0,,,https://stockanalysis.com/stocks/fxy/financials/ratios/?p=quarterly,,HTTP 404
GAMB,failed,0,,,https://stockanalysis.com/stocks/gamb/financials/ratios/?p=quarterly,,Unexpected redirect; check ticker / StockAnalysisPath
GBDC,partial,20,ev_ebitda;ev_fcf,43.0,https://stockanalysis.com/stocks/gbdc/financials/ratios/?p=quarterly,True,
GD,partial,20,,3.0,https://stockanalysis.com/stocks/gd/financials/ratios/?p=quarterly,True,
GDRX,partial,20,,3.0,https://stockanalysis.com/stocks/gdrx/financials/ratios/?p=quarterly,True,
GDX,failed,0,,,https://stockanalysis.com/stocks/gdx/financials/ratios/?p=quarterly,,HTTP 404
GDXY,failed,0,,,https://stockanalysis.com/stocks/gdxy/financials/ratios/?p=quarterly,,HTTP 404
GE,partial,20,,2.0,https://stockanalysis.com/stocks/ge/financials/ratios/?p=quarterly,True,
GENI,partial,20,peg_ratio,67.0,https://stockanalysis.com/stocks/geni/financials/ratios/?p=quarterly,True,
GEV,partial,14,,39.0,https://stockanalysis.com/stocks/gev/financials/ratios/?p=quarterly,True,
GFS,partial,20,,14.0,https://stockanalysis.com/stocks/gfs/financials/ratios/?p=quarterly,True,
GGAL,partial,20,current_ratio;ev_ebitda;ev_fcf;ev_sales;forward_pe;peg_ratio,137.0,https://stockanalysis.com/stocks/ggal/financials/ratios/?p=quarterly,True,
GH,partial,20,ev_ebitda;ev_fcf;forward_pe;peg_ratio,85.0,https://stockanalysis.com/stocks/gh/financials/ratios/?p=quarterly,True,
GILD,ok,20,,0.0,https://stockanalysis.com/stocks/gild/financials/ratios/?p=quarterly,True,
GILT,partial,20,,10.0,https://stockanalysis.com/stocks/gilt/financials/ratios/?p=quarterly,True,
GIS,partial,20,,1.0,https://stockanalysis.com/stocks/gis/financials/ratios/?p=quarterly,True,
GLCR,failed,0,,,https://stockanalysis.com/stocks/glcr/financials/ratios/?p=quarterly,,HTTP 404
GLD,failed,0,,,https://stockanalysis.com/stocks/gld/financials/ratios/?p=quarterly,,HTTP 404
GLW,partial,20,,3.0,https://stockanalysis.com/stocks/glw/financials/ratios/?p=quarterly,True,
GLXY,partial,20,peg_ratio,71.0,https://stockanalysis.com/stocks/glxy/financials/ratios/?p=quarterly,True,
GM,partial,20,,2.0,https://stockanalysis.com/stocks/gm/financials/ratios/?p=quarterly,True,
GMAB,partial,20,forward_pe;peg_ratio,43.0,https://stockanalysis.com/stocks/gmab/financials/ratios/?p=quarterly,True,
GNTX,partial,20,,1.0,https://stockanalysis.com/stocks/gntx/financials/ratios/?p=quarterly,True,
GOOGL,partial,20,,1.0,https://stockanalysis.com/stocks/googl/financials/ratios/?p=quarterly,True,
GOP,failed,0,,,https://stockanalysis.com/stocks/gop/financials/ratios/?p=quarterly,,HTTP 404
GPN,partial,20,,2.0,https://stockanalysis.com/stocks/gpn/financials/ratios/?p=quarterly,True,
GPRE,partial,20,,20.0,https://stockanalysis.com/stocks/gpre/financials/ratios/?p=quarterly,True,
GPUS,partial,20,peg_ratio,84.0,https://stockanalysis.com/stocks/gpus/financials/ratios/?p=quarterly,True,
GRBK,partial,20,,7.0,https://stockanalysis.com/stocks/grbk/financials/ratios/?p=quarterly,True,
GS,partial,20,ev_ebitda;ev_fcf;ev_sales;forward_pe;peg_ratio,105.0,https://stockanalysis.com/stocks/gs/financials/ratios/?p=quarterly,True,
GSAT,partial,20,peg_ratio,30.0,https://stockanalysis.com/stocks/gsat/financials/ratios/?p=quarterly,True,
GTLB,partial,20,ev_ebitda,48.0,https://stockanalysis.com/stocks/gtlb/financials/ratios/?p=quarterly,True,
HAL,partial,20,,2.0,https://stockanalysis.com/stocks/hal/financials/ratios/?p=quarterly,True,
HALO,partial,20,,1.0,https://stockanalysis.com/stocks/halo/financials/ratios/?p=quarterly,True,
HBAN,partial,20,current_ratio;ev_ebitda;ev_fcf;ev_sales;forward_pe;peg_ratio,126.0,https://stockanalysis.com/stocks/hban/financials/ratios/?p=quarterly,True,
HCA,partial,20,,1.0,https://stockanalysis.com/stocks/hca/financials/ratios/?p=quarterly,True,
HCAT,partial,20,peg_ratio,59.0,https://stockanalysis.com/stocks/hcat/financials/ratios/?p=quarterly,True,
HD,partial,20,,1.0,https://stockanalysis.com/stocks/hd/financials/ratios/?p=quarterly,True,
HEI,ok,20,,0.0,https://stockanalysis.com/stocks/hei/financials/ratios/?p=quarterly,True,
HIMS,partial,20,,45.0,https://stockanalysis.com/stocks/hims/financials/ratios/?p=quarterly,True,
HIMX,partial,20,,4.0,https://stockanalysis.com/stocks/himx/financials/ratios/?p=quarterly,True,
HIVE,partial,20,forward_pe;peg_ratio,67.0,https://stockanalysis.com/stocks/hive/financials/ratios/?p=quarterly,True,
HL,partial,20,,10.0,https://stockanalysis.com/stocks/hl/financials/ratios/?p=quarterly,True,
HMC,partial,20,forward_pe;peg_ratio,49.0,https://stockanalysis.com/stocks/hmc/financials/ratios/?p=quarterly,True,
HON,partial,20,,9.0,https://stockanalysis.com/stocks/hon/financials/ratios/?p=quarterly,True,
HOOD,partial,20,ev_ebitda;ev_fcf;ev_sales;forward_pe;peg_ratio,105.0,https://stockanalysis.com/stocks/hood/financials/ratios/?p=quarterly,True,
HOVR,partial,16,ev_ebitda;ev_sales;forward_pe;peg_ratio;ps_ratio,111.0,https://stockanalysis.com/stocks/hovr/financials/ratios/?p=quarterly,True,
HPQ,partial,20,,4.0,https://stockanalysis.com/stocks/hpq/financials/ratios/?p=quarterly,True,
HRL,partial,20,,1.0,https://stockanalysis.com/stocks/hrl/financials/ratios/?p=quarterly,True,
HSAI,partial,20,ev_fcf,83.0,https://stockanalysis.com/stocks/hsai/financials/ratios/?p=quarterly,True,
HSBC,partial,20,current_ratio;ev_ebitda;ev_fcf;ev_sales;forward_pe;peg_ratio,126.0,https://stockanalysis.com/stocks/hsbc/financials/ratios/?p=quarterly,True,
HTGC,partial,20,,14.0,https://stockanalysis.com/stocks/htgc/financials/ratios/?p=quarterly,True,
HUBS,partial,20,,15.0,https://stockanalysis.com/stocks/hubs/financials/ratios/?p=quarterly,True,
HUM,partial,20,forward_pe;peg_ratio,48.0,https://stockanalysis.com/stocks/hum/financials/ratios/?p=quarterly,True,
HUMA,partial,20,ev_ebitda;ev_fcf;forward_pe;peg_ratio,102.0,https://stockanalysis.com/stocks/huma/financials/ratios/?p=quarterly,True,
HUMN,failed,0,,,https://stockanalysis.com/stocks/humn/financials/ratios/?p=quarterly,,HTTP 404
HUN,partial,20,,11.0,https://stockanalysis.com/stocks/hun/financials/ratios/?p=quarterly,True,
HUT,failed,0,,,https://stockanalysis.com/stocks/hut/financials/ratios/?p=quarterly,False,Conflicting period dates across tables
HXGBY,failed,0,,,https://stockanalysis.com/stocks/hxgby/financials/ratios/?p=quarterly,,HTTP 404
HYDR,failed,0,,,https://stockanalysis.com/stocks/hydr/financials/ratios/?p=quarterly,,HTTP 404
HYFM,partial,20,,34.0,https://stockanalysis.com/stocks/hyfm/financials/ratios/?p=quarterly,True,
HYG,failed,0,,,https://stockanalysis.com/stocks/hyg/financials/ratios/?p=quarterly,,HTTP 404
HYMTF,failed,0,,,https://stockanalysis.com/stocks/hymtf/financials/ratios/?p=quarterly,,Unexpected redirect; check ticker / StockAnalysisPath
HYSR,failed,0,,,https://stockanalysis.com/stocks/hysr/financials/ratios/?p=quarterly,,Unexpected redirect; check ticker / StockAnalysisPath
IAU,failed,0,,,https://stockanalysis.com/stocks/iau/financials/ratios/?p=quarterly,,HTTP 404
IBB,failed,0,,,https://stockanalysis.com/stocks/ibb/financials/ratios/?p=quarterly,,HTTP 404
IBM,ok,20,,0.0,https://stockanalysis.com/stocks/ibm/financials/ratios/?p=quarterly,True,
IBOT,failed,0,,,https://stockanalysis.com/stocks/ibot/financials/ratios/?p=quarterly,,HTTP 404
ICE,partial,20,,1.0,https://stockanalysis.com/stocks/ice/financials/ratios/?p=quarterly,True,
ICLN,failed,0,,,https://stockanalysis.com/stocks/icln/financials/ratios/?p=quarterly,,HTTP 404
IDCC,partial,20,,8.0,https://stockanalysis.com/stocks/idcc/financials/ratios/?p=quarterly,True,
IDXX,ok,20,,0.0,https://stockanalysis.com/stocks/idxx/financials/ratios/?p=quarterly,True,
IDYA,partial,20,peg_ratio,71.0,https://stockanalysis.com/stocks/idya/financials/ratios/?p=quarterly,True,
IEF,failed,0,,,https://stockanalysis.com/stocks/ief/financials/ratios/?p=quarterly,,HTTP 404
IEUR,failed,0,,,https://stockanalysis.com/stocks/ieur/financials/ratios/?p=quarterly,,HTTP 404
IFF,partial,20,,12.0,https://stockanalysis.com/stocks/iff/financials/ratios/?p=quarterly,True,
IFNNY,failed,0,,,https://stockanalysis.com/stocks/ifnny/financials/ratios/?p=quarterly,,HTTP 404
IGV,failed,0,,,https://stockanalysis.com/stocks/igv/financials/ratios/?p=quarterly,,HTTP 404
IHF,failed,0,,,https://stockanalysis.com/stocks/ihf/financials/ratios/?p=quarterly,,HTTP 404
IHI,failed,0,,,https://stockanalysis.com/stocks/ihi/financials/ratios/?p=quarterly,,HTTP 404
ILIT,failed,0,,,https://stockanalysis.com/stocks/ilit/financials/ratios/?p=quarterly,,HTTP 404
ILMN,partial,20,,4.0,https://stockanalysis.com/stocks/ilmn/financials/ratios/?p=quarterly,True,
IMMR,partial,20,,10.0,https://stockanalysis.com/stocks/immr/financials/ratios/?p=quarterly,True,
IMNM,partial,20,ev_ebitda;forward_pe;peg_ratio,105.0,https://stockanalysis.com/stocks/imnm/financials/ratios/?p=quarterly,True,
INCY,partial,20,,3.0,https://stockanalysis.com/stocks/incy/financials/ratios/?p=quarterly,True,
INDA,failed,0,,,https://stockanalysis.com/stocks/inda/financials/ratios/?p=quarterly,,HTTP 404
INDI,partial,20,ev_ebitda;ev_fcf;peg_ratio,72.0,https://stockanalysis.com/stocks/indi/financials/ratios/?p=quarterly,True,
INFY,partial,20,forward_pe;peg_ratio,42.0,https://stockanalysis.com/stocks/infy/financials/ratios/?p=quarterly,True,
INOD,partial,20,,15.0,https://stockanalysis.com/stocks/inod/financials/ratios/?p=quarterly,True,
INSM,partial,20,ev_ebitda;ev_fcf;forward_pe;peg_ratio,84.0,https://stockanalysis.com/stocks/insm/financials/ratios/?p=quarterly,True,
INTC,partial,20,,13.0,https://stockanalysis.com/stocks/intc/financials/ratios/?p=quarterly,True,
INTU,partial,20,,2.0,https://stockanalysis.com/stocks/intu/financials/ratios/?p=quarterly,True,
INVH,partial,20,ev_fcf;forward_pe;peg_ratio,63.0,https://stockanalysis.com/stocks/invh/financials/ratios/?p=quarterly,True,
INVZ,partial,20,ev_ebitda;ev_fcf;forward_pe;peg_ratio,84.0,https://stockanalysis.com/stocks/invz/financials/ratios/?p=quarterly,True,
IONQ,partial,20,ev_ebitda;ev_fcf;forward_pe;peg_ratio,84.0,https://stockanalysis.com/stocks/ionq/financials/ratios/?p=quarterly,True,
IONZ,failed,0,,,https://stockanalysis.com/stocks/ionz/financials/ratios/?p=quarterly,,HTTP 404
IOT,partial,20,,48.0,https://stockanalysis.com/stocks/iot/financials/ratios/?p=quarterly,True,
IPGP,partial,20,,5.0,https://stockanalysis.com/stocks/ipgp/financials/ratios/?p=quarterly,True,
IQV,ok,20,,0.0,https://stockanalysis.com/stocks/iqv/financials/ratios/?p=quarterly,True,
IRD,partial,20,peg_ratio,76.0,https://stockanalysis.com/stocks/ird/financials/ratios/?p=quarterly,True,
IRDM,ok,20,,0.0,https://stockanalysis.com/stocks/irdm/financials/ratios/?p=quarterly,True,
IREN,partial,20,ev_fcf;peg_ratio,60.0,https://stockanalysis.com/stocks/iren/financials/ratios/?p=quarterly,True,
IRS,partial,20,ev_fcf;forward_pe;peg_ratio,63.0,https://stockanalysis.com/stocks/irs/financials/ratios/?p=quarterly,True,
ISRG,partial,20,,1.0,https://stockanalysis.com/stocks/isrg/financials/ratios/?p=quarterly,True,
IT,partial,20,,1.0,https://stockanalysis.com/stocks/it/financials/ratios/?p=quarterly,True,
ITA,failed,0,,,https://stockanalysis.com/stocks/ita/financials/ratios/?p=quarterly,,HTTP 404
ITB,failed,0,,,https://stockanalysis.com/stocks/itb/financials/ratios/?p=quarterly,,HTTP 404
ITRI,partial,20,,3.0,https://stockanalysis.com/stocks/itri/financials/ratios/?p=quarterly,True,
ITW,ok,20,,0.0,https://stockanalysis.com/stocks/itw/financials/ratios/?p=quarterly,True,
IWM,failed,0,,,https://stockanalysis.com/stocks/iwm/financials/ratios/?p=quarterly,,HTTP 404
IYH,failed,0,,,https://stockanalysis.com/stocks/iyh/financials/ratios/?p=quarterly,,HTTP 404
J,partial,20,,13.0,https://stockanalysis.com/stocks/j/financials/ratios/?p=quarterly,True,
JAZZ,ok,20,,0.0,https://stockanalysis.com/stocks/jazz/financials/ratios/?p=quarterly,True,
JBTM,partial,20,,15.0,https://stockanalysis.com/stocks/jbtm/financials/ratios/?p=quarterly,True,
JD,partial,20,,9.0,https://stockanalysis.com/stocks/jd/financials/ratios/?p=quarterly,True,
JEPI,failed,0,,,https://stockanalysis.com/stocks/jepi/financials/ratios/?p=quarterly,,HTTP 404
JEPQ,failed,0,,,https://stockanalysis.com/stocks/jepq/financials/ratios/?p=quarterly,,HTTP 404
JMIA,partial,20,ev_ebitda;forward_pe;peg_ratio,99.0,https://stockanalysis.com/stocks/jmia/financials/ratios/?p=quarterly,True,
JNJ,partial,20,,13.0,https://stockanalysis.com/stocks/jnj/financials/ratios/?p=quarterly,True,
JOBY,partial,20,ev_ebitda;ev_fcf;forward_pe;peg_ratio,104.0,https://stockanalysis.com/stocks/joby/financials/ratios/?p=quarterly,True,
JPM,partial,20,current_ratio;ev_ebitda;ev_fcf;ev_sales;forward_pe;peg_ratio,126.0,https://stockanalysis.com/stocks/jpm/financials/ratios/?p=quarterly,True,
KDP,partial,20,,1.0,https://stockanalysis.com/stocks/kdp/financials/ratios/?p=quarterly,True,
KEY,partial,20,current_ratio;ev_ebitda;ev_fcf;ev_sales;forward_pe;peg_ratio,126.0,https://stockanalysis.com/stocks/key/financials/ratios/?p=quarterly,True,
KEYS,ok,20,,0.0,https://stockanalysis.com/stocks/keys/financials/ratios/?p=quarterly,True,
KHC,partial,20,,1.0,https://stockanalysis.com/stocks/khc/financials/ratios/?p=quarterly,True,
KIGRY,failed,0,,,https://stockanalysis.com/stocks/kigry/financials/ratios/?p=quarterly,,HTTP 404
KLAC,ok,20,,0.0,https://stockanalysis.com/stocks/klac/financials/ratios/?p=quarterly,True,
KMB,partial,20,,2.0,https://stockanalysis.com/stocks/kmb/financials/ratios/?p=quarterly,True,
KMI,partial,20,,4.0,https://stockanalysis.com/stocks/kmi/financials/ratios/?p=quarterly,True,
KMTUY,failed,0,,,https://stockanalysis.com/stocks/kmtuy/financials/ratios/?p=quarterly,,HTTP 404
KNG,failed,0,,,https://stockanalysis.com/stocks/kng/financials/ratios/?p=quarterly,,HTTP 404
KO,partial,20,,3.0,https://stockanalysis.com/stocks/ko/financials/ratios/?p=quarterly,True,
KOPN,partial,20,ev_ebitda;ev_fcf;forward_pe;peg_ratio,84.0,https://stockanalysis.com/stocks/kopn/financials/ratios/?p=quarterly,True,
KR,partial,20,,2.0,https://stockanalysis.com/stocks/kr/financials/ratios/?p=quarterly,True,
KRRO,partial,18,ev_ebitda;ev_fcf;forward_pe;peg_ratio,116.0,https://stockanalysis.com/stocks/krro/financials/ratios/?p=quarterly,True,
KSA,failed,0,,,https://stockanalysis.com/stocks/ksa/financials/ratios/?p=quarterly,,HTTP 404
KSCP,partial,20,ev_ebitda;ev_fcf;forward_pe;peg_ratio,91.0,https://stockanalysis.com/stocks/kscp/financials/ratios/?p=quarterly,True,
KSPI,partial,20,peg_ratio,37.0,https://stockanalysis.com/stocks/kspi/financials/ratios/?p=quarterly,True,
KTOS,partial,20,,19.0,https://stockanalysis.com/stocks/ktos/financials/ratios/?p=quarterly,True,
KTWIY,failed,0,,,https://stockanalysis.com/stocks/ktwiy/financials/ratios/?p=quarterly,,HTTP 404
KVUE,partial,19,,50.0,https://stockanalysis.com/stocks/kvue/financials/ratios/?p=quarterly,True,
KWEB,failed,0,,,https://stockanalysis.com/stocks/kweb/financials/ratios/?p=quarterly,,HTTP 404
KYMR,partial,20,ev_ebitda;ev_fcf;peg_ratio,64.0,https://stockanalysis.com/stocks/kymr/financials/ratios/?p=quarterly,True,
LAES,failed,0,,,https://stockanalysis.com/stocks/laes/financials/ratios/?p=quarterly,False,Quarterly labels found but all nine metrics are missing
LAR,partial,20,ev_ebitda;ev_fcf;ev_sales;forward_pe;peg_ratio;ps_ratio,126.0,https://stockanalysis.com/stocks/lar/financials/ratios/?p=quarterly,True,
LASE,partial,20,peg_ratio,80.0,https://stockanalysis.com/stocks/lase/financials/ratios/?p=quarterly,True,
LASR,partial,20,,35.0,https://stockanalysis.com/stocks/lasr/financials/ratios/?p=quarterly,True,
LCTX,partial,20,ev_ebitda;peg_ratio,63.0,https://stockanalysis.com/stocks/lctx/financials/ratios/?p=quarterly,True,
LDOS,partial,20,,3.0,https://stockanalysis.com/stocks/ldos/financials/ratios/?p=quarterly,True,
LECO,partial,20,,1.0,https://stockanalysis.com/stocks/leco/financials/ratios/?p=quarterly,True,
LEN,partial,20,,8.0,https://stockanalysis.com/stocks/len/financials/ratios/?p=quarterly,True,
LHX,partial,20,,4.0,https://stockanalysis.com/stocks/lhx/financials/ratios/?p=quarterly,True,
LIN,ok,20,,0.0,https://stockanalysis.com/stocks/lin/financials/ratios/?p=quarterly,True,
LIT,failed,0,,,https://stockanalysis.com/stocks/lit/financials/ratios/?p=quarterly,,HTTP 404
LITE,partial,20,,15.0,https://stockanalysis.com/stocks/lite/financials/ratios/?p=quarterly,True,
LKQ,partial,20,,17.0,https://stockanalysis.com/stocks/lkq/financials/ratios/?p=quarterly,True,
LLY,partial,20,,2.0,https://stockanalysis.com/stocks/lly/financials/ratios/?p=quarterly,True,
LMND,partial,20,ev_ebitda;forward_pe;peg_ratio,78.0,https://stockanalysis.com/stocks/lmnd/financials/ratios/?p=quarterly,True,
LMT,partial,20,,2.0,https://stockanalysis.com/stocks/lmt/financials/ratios/?p=quarterly,True,
LNC,partial,20,ev_fcf;forward_pe;peg_ratio,77.0,https://stockanalysis.com/stocks/lnc/financials/ratios/?p=quarterly,True,
LNG,partial,20,,6.0,https://stockanalysis.com/stocks/lng/financials/ratios/?p=quarterly,True,
LNSTY,failed,0,,,https://stockanalysis.com/stocks/lnsty/financials/ratios/?p=quarterly,,HTTP 404
LOGI,partial,20,forward_pe;peg_ratio,44.0,https://stockanalysis.com/stocks/logi/financials/ratios/?p=quarterly,True,
LOW,partial,20,,4.0,https://stockanalysis.com/stocks/low/financials/ratios/?p=quarterly,True,
LQDA,partial,20,peg_ratio,71.0,https://stockanalysis.com/stocks/lqda/financials/ratios/?p=quarterly,True,
LRCX,ok,20,,0.0,https://stockanalysis.com/stocks/lrcx/financials/ratios/?p=quarterly,True,
LRNZ,failed,0,,,https://stockanalysis.com/stocks/lrnz/financials/ratios/?p=quarterly,,HTTP 404
LSCC,ok,20,,0.0,https://stockanalysis.com/stocks/lscc/financials/ratios/?p=quarterly,True,
LTRX,partial,20,,13.0,https://stockanalysis.com/stocks/ltrx/financials/ratios/?p=quarterly,True,
LULU,partial,20,,6.0,https://stockanalysis.com/stocks/lulu/financials/ratios/?p=quarterly,True,
LUNR,partial,20,,83.0,https://stockanalysis.com/stocks/lunr/financials/ratios/?p=quarterly,True,
LYB,partial,20,,7.0,https://stockanalysis.com/stocks/lyb/financials/ratios/?p=quarterly,True,
MA,ok,20,,0.0,https://stockanalysis.com/stocks/ma/financials/ratios/?p=quarterly,True,
MANH,partial,20,,1.0,https://stockanalysis.com/stocks/manh/financials/ratios/?p=quarterly,True,
MAR,partial,20,,2.0,https://stockanalysis.com/stocks/mar/financials/ratios/?p=quarterly,True,
MARA,partial,20,ev_fcf,36.0,https://stockanalysis.com/stocks/mara/financials/ratios/?p=quarterly,True,
MAS,partial,20,,7.0,https://stockanalysis.com/stocks/mas/financials/ratios/?p=quarterly,True,
MBLY,partial,20,,54.0,https://stockanalysis.com/stocks/mbly/financials/ratios/?p=quarterly,True,
MCD,partial,20,,1.0,https://stockanalysis.com/stocks/mcd/financials/ratios/?p=quarterly,True,
MCHP,ok,20,,0.0,https://stockanalysis.com/stocks/mchp/financials/ratios/?p=quarterly,True,
MCO,ok,20,,0.0,https://stockanalysis.com/stocks/mco/financials/ratios/?p=quarterly,True,
MDB,partial,20,,37.0,https://stockanalysis.com/stocks/mdb/financials/ratios/?p=quarterly,True,
MDGL,partial,20,ev_ebitda;peg_ratio,101.0,https://stockanalysis.com/stocks/mdgl/financials/ratios/?p=quarterly,True,
MDT,ok,20,,0.0,https://stockanalysis.com/stocks/mdt/financials/ratios/?p=quarterly,True,
MELI,partial,20,,2.0,https://stockanalysis.com/stocks/meli/financials/ratios/?p=quarterly,True,
MESO,failed,0,,,https://stockanalysis.com/stocks/meso/financials/ratios/?p=quarterly,False,Quarterly labels found but all nine metrics are missing
MET,partial,20,ev_fcf;forward_pe;peg_ratio,64.0,https://stockanalysis.com/stocks/met/financials/ratios/?p=quarterly,True,
META,ok,20,,0.0,https://stockanalysis.com/stocks/meta/financials/ratios/?p=quarterly,True,
MGA,partial,20,forward_pe;peg_ratio,47.0,https://stockanalysis.com/stocks/mga/financials/ratios/?p=quarterly,True,
MGX,partial,18,ev_ebitda;ev_fcf;forward_pe;peg_ratio,118.0,https://stockanalysis.com/stocks/mgx/financials/ratios/?p=quarterly,True,
MIELY,failed,0,,,https://stockanalysis.com/stocks/miely/financials/ratios/?p=quarterly,,HTTP 404
MKSI,partial,20,,1.0,https://stockanalysis.com/stocks/mksi/financials/ratios/?p=quarterly,True,
MMM,partial,20,,9.0,https://stockanalysis.com/stocks/mmm/financials/ratios/?p=quarterly,True,
MMS,partial,20,,8.0,https://stockanalysis.com/stocks/mms/financials/ratios/?p=quarterly,True,
MNRO,partial,20,,3.0,https://stockanalysis.com/stocks/mnro/financials/ratios/?p=quarterly,True,
MO,partial,20,,3.0,https://stockanalysis.com/stocks/mo/financials/ratios/?p=quarterly,True,
MOB,failed,0,,,https://stockanalysis.com/stocks/mob/financials/ratios/?p=quarterly,False,Quarterly labels found but all nine metrics are missing
MOG.A,failed,0,,,https://stockanalysis.com/stocks/mog-a/financials/ratios/?p=quarterly,,HTTP 404
MOH,partial,20,forward_pe;peg_ratio,51.0,https://stockanalysis.com/stocks/moh/financials/ratios/?p=quarterly,True,
MPC,partial,20,,9.0,https://stockanalysis.com/stocks/mpc/financials/ratios/?p=quarterly,True,
MPWR,partial,20,,1.0,https://stockanalysis.com/stocks/mpwr/financials/ratios/?p=quarterly,True,
MRCY,partial,20,,15.0,https://stockanalysis.com/stocks/mrcy/financials/ratios/?p=quarterly,True,
MRK,partial,20,,1.0,https://stockanalysis.com/stocks/mrk/financials/ratios/?p=quarterly,True,
MRNA,partial,20,peg_ratio,48.0,https://stockanalysis.com/stocks/mrna/financials/ratios/?p=quarterly,True,
MRVL,ok,20,,0.0,https://stockanalysis.com/stocks/mrvl/financials/ratios/?p=quarterly,True,
MS,partial,20,ev_ebitda;ev_fcf;ev_sales;forward_pe;peg_ratio,105.0,https://stockanalysis.com/stocks/ms/financials/ratios/?p=quarterly,True,
MSFT,ok,20,,0.0,https://stockanalysis.com/stocks/msft/financials/ratios/?p=quarterly,True,
MSOS,failed,0,,,https://stockanalysis.com/stocks/msos/financials/ratios/?p=quarterly,,HTTP 404
MSTY,failed,0,,,https://stockanalysis.com/stocks/msty/financials/ratios/?p=quarterly,,HTTP 404
MT,partial,20,forward_pe;peg_ratio,50.0,https://stockanalysis.com/stocks/mt/financials/ratios/?p=quarterly,True,
MTN,partial,20,,17.0,https://stockanalysis.com/stocks/mtn/financials/ratios/?p=quarterly,True,
MTSI,ok,20,,0.0,https://stockanalysis.com/stocks/mtsi/financials/ratios/?p=quarterly,True,
MU,partial,20,,8.0,https://stockanalysis.com/stocks/mu/financials/ratios/?p=quarterly,True,
MVIS,partial,20,ev_ebitda;ev_fcf;forward_pe;peg_ratio,88.0,https://stockanalysis.com/stocks/mvis/financials/ratios/?p=quarterly,True,
MYNZ,failed,0,,,https://stockanalysis.com/stocks/mynz/financials/ratios/?p=quarterly,,Unexpected redirect; check ticker / StockAnalysisPath
MYO,partial,20,ev_ebitda;forward_pe;peg_ratio,84.0,https://stockanalysis.com/stocks/myo/financials/ratios/?p=quarterly,True,
NANC,failed,0,,,https://stockanalysis.com/stocks/nanc/financials/ratios/?p=quarterly,,HTTP 404
NBIS,partial,20,,34.0,https://stockanalysis.com/stocks/nbis/financials/ratios/?p=quarterly,True,
NBIX,partial,20,,3.0,https://stockanalysis.com/stocks/nbix/financials/ratios/?p=quarterly,True,
NDSN,ok,20,,0.0,https://stockanalysis.com/stocks/ndsn/financials/ratios/?p=quarterly,True,
NEE,partial,20,ev_fcf;forward_pe;peg_ratio,63.0,https://stockanalysis.com/stocks/nee/financials/ratios/?p=quarterly,True,
NEM,partial,20,,4.0,https://stockanalysis.com/stocks/nem/financials/ratios/?p=quarterly,True,
NET,partial,20,,27.0,https://stockanalysis.com/stocks/net/financials/ratios/?p=quarterly,True,
NFLX,partial,20,,2.0,https://stockanalysis.com/stocks/nflx/financials/ratios/?p=quarterly,True,
NICE,partial,20,forward_pe;peg_ratio,42.0,https://stockanalysis.com/stocks/nice/financials/ratios/?p=quarterly,True,
NINOY,failed,0,,,https://stockanalysis.com/stocks/ninoy/financials/ratios/?p=quarterly,,HTTP 404
NIO,partial,20,ev_fcf;forward_pe;peg_ratio,80.0,https://stockanalysis.com/stocks/nio/financials/ratios/?p=quarterly,True,
NKE,partial,20,,1.0,https://stockanalysis.com/stocks/nke/financials/ratios/?p=quarterly,True,
NLR,failed,0,,,https://stockanalysis.com/stocks/nlr/financials/ratios/?p=quarterly,,HTTP 404
NLY,partial,20,ev_ebitda;ev_fcf;ev_sales;forward_pe;peg_ratio,105.0,https://stockanalysis.com/stocks/nly/financials/ratios/?p=quarterly,True,
NNDM,partial,20,ev_ebitda;ev_fcf;peg_ratio,96.0,https://stockanalysis.com/stocks/nndm/financials/ratios/?p=quarterly,True,
NNE,partial,15,ev_ebitda;ev_fcf;forward_pe;peg_ratio,105.0,https://stockanalysis.com/stocks/nne/financials/ratios/?p=quarterly,True,
NNOX,partial,20,ev_ebitda;ev_fcf;forward_pe;peg_ratio,86.0,https://stockanalysis.com/stocks/nnox/financials/ratios/?p=quarterly,True,
NOC,partial,20,,7.0,https://stockanalysis.com/stocks/noc/financials/ratios/?p=quarterly,True,
NOMD,partial,20,,3.0,https://stockanalysis.com/stocks/nomd/financials/ratios/?p=quarterly,True,
NOVT,ok,20,,0.0,https://stockanalysis.com/stocks/novt/financials/ratios/?p=quarterly,True,
NOW,ok,20,,0.0,https://stockanalysis.com/stocks/now/financials/ratios/?p=quarterly,True,
NRIX,partial,20,ev_ebitda;forward_pe;peg_ratio,83.0,https://stockanalysis.com/stocks/nrix/financials/ratios/?p=quarterly,True,
NSC,partial,20,,3.0,https://stockanalysis.com/stocks/nsc/financials/ratios/?p=quarterly,True,
NSRGY,failed,0,,,https://stockanalysis.com/stocks/nsrgy/financials/ratios/?p=quarterly,,Unexpected redirect; check ticker / StockAnalysisPath
NTAP,ok,20,,0.0,https://stockanalysis.com/stocks/ntap/financials/ratios/?p=quarterly,True,
NTDOY,failed,0,,,https://stockanalysis.com/stocks/ntdoy/financials/ratios/?p=quarterly,,Unexpected redirect; check ticker / StockAnalysisPath
NTES,partial,20,forward_pe;peg_ratio,42.0,https://stockanalysis.com/stocks/ntes/financials/ratios/?p=quarterly,True,
NTLA,partial,20,ev_ebitda;ev_fcf;forward_pe;peg_ratio,85.0,https://stockanalysis.com/stocks/ntla/financials/ratios/?p=quarterly,True,
NTNX,partial,20,,17.0,https://stockanalysis.com/stocks/ntnx/financials/ratios/?p=quarterly,True,
NTRA,partial,20,ev_ebitda;forward_pe;peg_ratio,75.0,https://stockanalysis.com/stocks/ntra/financials/ratios/?p=quarterly,True,
NU,partial,20,current_ratio;ev_ebitda;ev_fcf;ev_sales,106.0,https://stockanalysis.com/stocks/nu/financials/ratios/?p=quarterly,True,
NUE,partial,20,,5.0,https://stockanalysis.com/stocks/nue/financials/ratios/?p=quarterly,True,
NVDA,partial,20,,1.0,https://stockanalysis.com/stocks/nvda/financials/ratios/?p=quarterly,True,
NVDQ,failed,0,,,https://stockanalysis.com/stocks/nvdq/financials/ratios/?p=quarterly,,HTTP 404
NVDW,failed,0,,,https://stockanalysis.com/stocks/nvdw/financials/ratios/?p=quarterly,,HTTP 404
NVO,partial,20,forward_pe;peg_ratio,45.0,https://stockanalysis.com/stocks/nvo/financials/ratios/?p=quarterly,True,
NVS,partial,20,forward_pe;peg_ratio,48.0,https://stockanalysis.com/stocks/nvs/financials/ratios/?p=quarterly,True,
NVTS,partial,20,ev_ebitda;ev_fcf;forward_pe;peg_ratio,84.0,https://stockanalysis.com/stocks/nvts/financials/ratios/?p=quarterly,True,
NXPI,ok,20,,0.0,https://stockanalysis.com/stocks/nxpi/financials/ratios/?p=quarterly,True,
NXT,partial,20,,52.0,https://stockanalysis.com/stocks/nxt/financials/ratios/?p=quarterly,True,
NXXT,partial,12,ev_ebitda;forward_pe;peg_ratio,64.0,https://stockanalysis.com/stocks/nxxt/financials/ratios/?p=quarterly,True,
O,partial,20,ev_fcf;forward_pe;peg_ratio,63.0,https://stockanalysis.com/stocks/o/financials/ratios/?p=quarterly,True,
OBDC,partial,20,ev_ebitda;ev_fcf;peg_ratio,63.0,https://stockanalysis.com/stocks/obdc/financials/ratios/?p=quarterly,True,
OC,partial,20,,11.0,https://stockanalysis.com/stocks/oc/financials/ratios/?p=quarterly,True,
ODFL,ok,20,,0.0,https://stockanalysis.com/stocks/odfl/financials/ratios/?p=quarterly,True,
OII,partial,20,,7.0,https://stockanalysis.com/stocks/oii/financials/ratios/?p=quarterly,True,
OKE,ok,20,,0.0,https://stockanalysis.com/stocks/oke/financials/ratios/?p=quarterly,True,
OKLO,partial,18,ev_ebitda;ev_fcf;forward_pe;peg_ratio,124.0,https://stockanalysis.com/stocks/oklo/financials/ratios/?p=quarterly,True,
OLN,partial,20,,6.0,https://stockanalysis.com/stocks/oln/financials/ratios/?p=quarterly,True,
OMAH,failed,0,,,https://stockanalysis.com/stocks/omah/financials/ratios/?p=quarterly,,HTTP 404
OMCL,partial,20,,4.0,https://stockanalysis.com/stocks/omcl/financials/ratios/?p=quarterly,True,
ON,partial,20,,1.0,https://stockanalysis.com/stocks/on/financials/ratios/?p=quarterly,True,
ONB,partial,20,current_ratio;ev_ebitda;ev_fcf;ev_sales;forward_pe;peg_ratio,126.0,https://stockanalysis.com/stocks/onb/financials/ratios/?p=quarterly,True,
ONDS,partial,20,ev_ebitda;ev_fcf;forward_pe;peg_ratio,84.0,https://stockanalysis.com/stocks/onds/financials/ratios/?p=quarterly,True,
ONON,partial,20,,13.0,https://stockanalysis.com/stocks/onon/financials/ratios/?p=quarterly,True,
ORA,partial,20,forward_pe;peg_ratio,61.0,https://stockanalysis.com/stocks/ora/financials/ratios/?p=quarterly,True,
ORAN,failed,0,,,https://stockanalysis.com/stocks/oran/financials/ratios/?p=quarterly,,HTTP 404
ORCL,partial,20,,11.0,https://stockanalysis.com/stocks/orcl/financials/ratios/?p=quarterly,True,
OSCR,partial,20,forward_pe;peg_ratio,67.0,https://stockanalysis.com/stocks/oscr/financials/ratios/?p=quarterly,True,
KYCCF,failed,0,,,https://stockanalysis.com/stocks/kyccf/financials/ratios/?p=quarterly,,HTTP 404
TBIIF,failed,0,,,https://stockanalysis.com/stocks/tbiif/financials/ratios/?p=quarterly,,HTTP 404
OTIS,partial,20,,1.0,https://stockanalysis.com/stocks/otis/financials/ratios/?p=quarterly,True,
OUST,partial,20,ev_fcf;forward_pe;peg_ratio,83.0,https://stockanalysis.com/stocks/oust/financials/ratios/?p=quarterly,True,
OVV,partial,20,,3.0,https://stockanalysis.com/stocks/ovv/financials/ratios/?p=quarterly,True,
OXY,partial,20,,2.0,https://stockanalysis.com/stocks/oxy/financials/ratios/?p=quarterly,True,
PACB,partial,20,ev_fcf;forward_pe;peg_ratio,83.0,https://stockanalysis.com/stocks/pacb/financials/ratios/?p=quarterly,True,
PAHC,partial,20,,15.0,https://stockanalysis.com/stocks/pahc/financials/ratios/?p=quarterly,True,
PAM,partial,20,forward_pe;peg_ratio,56.0,https://stockanalysis.com/stocks/pam/financials/ratios/?p=quarterly,True,
PANW,partial,20,,2.0,https://stockanalysis.com/stocks/panw/financials/ratios/?p=quarterly,True,
PARRO.PA,failed,0,,,https://stockanalysis.com/stocks/parro-pa/financials/ratios/?p=quarterly,,HTTP 404
PATH,partial,20,,25.0,https://stockanalysis.com/stocks/path/financials/ratios/?p=quarterly,True,
PAYX,partial,20,,1.0,https://stockanalysis.com/stocks/payx/financials/ratios/?p=quarterly,True,
PBR,partial,20,forward_pe;peg_ratio,54.0,https://stockanalysis.com/stocks/pbr/financials/ratios/?p=quarterly,True,
PDD,partial,20,,2.0,https://stockanalysis.com/stocks/pdd/financials/ratios/?p=quarterly,True,
PDYN,partial,20,ev_ebitda;ev_fcf;forward_pe;peg_ratio,89.0,https://stockanalysis.com/stocks/pdyn/financials/ratios/?p=quarterly,True,
PEGA,partial,20,,11.0,https://stockanalysis.com/stocks/pega/financials/ratios/?p=quarterly,True,
PEP,partial,20,,5.0,https://stockanalysis.com/stocks/pep/financials/ratios/?p=quarterly,True,
PERF,partial,20,,47.0,https://stockanalysis.com/stocks/perf/financials/ratios/?p=quarterly,True,
PEX,failed,0,,,https://stockanalysis.com/stocks/pex/financials/ratios/?p=quarterly,,HTTP 404
PFE,partial,20,,5.0,https://stockanalysis.com/stocks/pfe/financials/ratios/?p=quarterly,True,
PG,ok,20,,0.0,https://stockanalysis.com/stocks/pg/financials/ratios/?p=quarterly,True,
PGY,partial,20,,44.0,https://stockanalysis.com/stocks/pgy/financials/ratios/?p=quarterly,True,
PI,partial,20,,22.0,https://stockanalysis.com/stocks/pi/financials/ratios/?p=quarterly,True,
PINS,partial,20,,10.0,https://stockanalysis.com/stocks/pins/financials/ratios/?p=quarterly,True,
PL,partial,20,ev_ebitda;forward_pe;peg_ratio,79.0,https://stockanalysis.com/stocks/pl/financials/ratios/?p=quarterly,True,
PLD,partial,20,ev_fcf;forward_pe;peg_ratio,63.0,https://stockanalysis.com/stocks/pld/financials/ratios/?p=quarterly,True,
PLTR,partial,20,,7.0,https://stockanalysis.com/stocks/pltr/financials/ratios/?p=quarterly,True,
PM,partial,20,,5.0,https://stockanalysis.com/stocks/pm/financials/ratios/?p=quarterly,True,
PNC,partial,20,current_ratio;ev_ebitda;ev_fcf;ev_sales;forward_pe;peg_ratio,127.0,https://stockanalysis.com/stocks/pnc/financials/ratios/?p=quarterly,True,
POET,partial,20,ev_ebitda;ev_fcf;forward_pe;peg_ratio,94.0,https://stockanalysis.com/stocks/poet/financials/ratios/?p=quarterly,True,
PONY,partial,18,ev_ebitda;ev_fcf;forward_pe;peg_ratio,117.0,https://stockanalysis.com/stocks/pony/financials/ratios/?p=quarterly,True,
POOL,partial,20,,4.0,https://stockanalysis.com/stocks/pool/financials/ratios/?p=quarterly,True,
POWW,partial,20,peg_ratio,40.0,https://stockanalysis.com/stocks/poww/financials/ratios/?p=quarterly,True,
PPERY,failed,0,,,https://stockanalysis.com/stocks/ppery/financials/ratios/?p=quarterly,,HTTP 404
PPG,partial,20,,18.0,https://stockanalysis.com/stocks/ppg/financials/ratios/?p=quarterly,True,
PRAX,partial,20,ev_ebitda;ev_fcf;forward_pe;peg_ratio,111.0,https://stockanalysis.com/stocks/prax/financials/ratios/?p=quarterly,True,
PRCT,partial,20,ev_ebitda;ev_fcf;forward_pe;peg_ratio,84.0,https://stockanalysis.com/stocks/prct/financials/ratios/?p=quarterly,True,
PRME,partial,20,ev_ebitda;forward_pe;peg_ratio,111.0,https://stockanalysis.com/stocks/prme/financials/ratios/?p=quarterly,True,
PRNT,failed,0,,,https://stockanalysis.com/stocks/prnt/financials/ratios/?p=quarterly,,HTTP 404
PRU,partial,20,ev_fcf;forward_pe;peg_ratio,69.0,https://stockanalysis.com/stocks/pru/financials/ratios/?p=quarterly,True,
PSA,partial,20,ev_fcf;forward_pe;peg_ratio,63.0,https://stockanalysis.com/stocks/psa/financials/ratios/?p=quarterly,True,
PSLV,failed,0,,,https://stockanalysis.com/stocks/pslv/financials/ratios/?p=quarterly,,HTTP 404
PSNL,partial,20,ev_ebitda;ev_fcf;forward_pe;peg_ratio,89.0,https://stockanalysis.com/stocks/psnl/financials/ratios/?p=quarterly,True,
PSTG,failed,0,,,https://stockanalysis.com/stocks/pstg/financials/ratios/?p=quarterly,,Unexpected redirect; check ticker / StockAnalysisPath
PSX,partial,20,,3.0,https://stockanalysis.com/stocks/psx/financials/ratios/?p=quarterly,True,
PTC,ok,20,,0.0,https://stockanalysis.com/stocks/ptc/financials/ratios/?p=quarterly,True,
PYPL,partial,20,,1.0,https://stockanalysis.com/stocks/pypl/financials/ratios/?p=quarterly,True,
QBTS,partial,20,ev_ebitda;forward_pe;peg_ratio,91.0,https://stockanalysis.com/stocks/qbts/financials/ratios/?p=quarterly,True,
QCOM,partial,20,,6.0,https://stockanalysis.com/stocks/qcom/financials/ratios/?p=quarterly,True,
QQQ,failed,0,,,https://stockanalysis.com/stocks/qqq/financials/ratios/?p=quarterly,,HTTP 404
QQQI,failed,0,,,https://stockanalysis.com/stocks/qqqi/financials/ratios/?p=quarterly,,HTTP 404
QRVO,ok,20,,0.0,https://stockanalysis.com/stocks/qrvo/financials/ratios/?p=quarterly,True,
QS,partial,20,ev_ebitda;ev_fcf;ev_sales;forward_pe;peg_ratio;ps_ratio,126.0,https://stockanalysis.com/stocks/qs/financials/ratios/?p=quarterly,True,
QTUM,failed,0,,,https://stockanalysis.com/stocks/qtum/financials/ratios/?p=quarterly,,HTTP 404
QUBT,partial,20,ev_ebitda;ev_fcf;forward_pe;peg_ratio,88.0,https://stockanalysis.com/stocks/qubt/financials/ratios/?p=quarterly,True,
RACE,partial,20,forward_pe;peg_ratio,42.0,https://stockanalysis.com/stocks/race/financials/ratios/?p=quarterly,True,
RAYS,failed,0,,,https://stockanalysis.com/stocks/rays/financials/ratios/?p=quarterly,,HTTP 404
RBLX,partial,20,ev_ebitda,27.0,https://stockanalysis.com/stocks/rblx/financials/ratios/?p=quarterly,True,
RBOT,failed,0,,,https://stockanalysis.com/stocks/rbot/financials/ratios/?p=quarterly,,Unexpected redirect; check ticker / StockAnalysisPath
RBRK,partial,18,ev_ebitda;peg_ratio,97.0,https://stockanalysis.com/stocks/rbrk/financials/ratios/?p=quarterly,True,
RCAT,failed,0,,,https://stockanalysis.com/stocks/rcat/financials/ratios/?p=quarterly,False,Conflicting period dates across tables
RDDT,partial,20,,84.0,https://stockanalysis.com/stocks/rddt/financials/ratios/?p=quarterly,True,
RDW,partial,20,forward_pe;peg_ratio,78.0,https://stockanalysis.com/stocks/rdw/financials/ratios/?p=quarterly,True,
REGN,ok,20,,0.0,https://stockanalysis.com/stocks/regn/financials/ratios/?p=quarterly,True,
RELX,failed,0,,,https://stockanalysis.com/stocks/relx/financials/ratios/?p=quarterly,False,Quarterly labels found but all nine metrics are missing
RGEN,partial,20,,1.0,https://stockanalysis.com/stocks/rgen/financials/ratios/?p=quarterly,True,
RGNX,partial,20,peg_ratio,59.0,https://stockanalysis.com/stocks/rgnx/financials/ratios/?p=quarterly,True,
RGTI,partial,20,ev_ebitda;ev_fcf;forward_pe;peg_ratio,89.0,https://stockanalysis.com/stocks/rgti/financials/ratios/?p=quarterly,True,
RIO,failed,0,,,https://stockanalysis.com/stocks/rio/financials/ratios/?p=quarterly,False,Quarterly labels found but all nine metrics are missing
RIOT,partial,20,ev_fcf,41.0,https://stockanalysis.com/stocks/riot/financials/ratios/?p=quarterly,True,
RIVN,partial,20,ev_ebitda;forward_pe;peg_ratio,86.0,https://stockanalysis.com/stocks/rivn/financials/ratios/?p=quarterly,True,
RKLB,partial,20,ev_ebitda;ev_fcf;forward_pe;peg_ratio,84.0,https://stockanalysis.com/stocks/rklb/financials/ratios/?p=quarterly,True,
RKT,partial,20,,17.0,https://stockanalysis.com/stocks/rkt/financials/ratios/?p=quarterly,True,
RLAY,partial,20,ev_ebitda;ev_fcf;forward_pe;peg_ratio,95.0,https://stockanalysis.com/stocks/rlay/financials/ratios/?p=quarterly,True,
RMAX,partial,20,,6.0,https://stockanalysis.com/stocks/rmax/financials/ratios/?p=quarterly,True,
RMBS,ok,20,,0.0,https://stockanalysis.com/stocks/rmbs/financials/ratios/?p=quarterly,True,
RMD,partial,20,,1.0,https://stockanalysis.com/stocks/rmd/financials/ratios/?p=quarterly,True,
RNA,partial,6,ev_ebitda;ev_fcf;forward_pe;peg_ratio,50.0,https://stockanalysis.com/stocks/rna/financials/ratios/?p=quarterly,True,
ROBO,failed,0,,,https://stockanalysis.com/stocks/robo/financials/ratios/?p=quarterly,,HTTP 404
ROK,partial,20,,2.0,https://stockanalysis.com/stocks/rok/financials/ratios/?p=quarterly,True,
ROL,ok,20,,0.0,https://stockanalysis.com/stocks/rol/financials/ratios/?p=quarterly,True,
ROOT,partial,20,forward_pe;peg_ratio,70.0,https://stockanalysis.com/stocks/root/financials/ratios/?p=quarterly,True,
ROP,partial,20,,1.0,https://stockanalysis.com/stocks/rop/financials/ratios/?p=quarterly,True,
RPRX,partial,20,ev_fcf,26.0,https://stockanalysis.com/stocks/rprx/financials/ratios/?p=quarterly,True,
RR,partial,17,ev_ebitda;forward_pe;peg_ratio,95.0,https://stockanalysis.com/stocks/rr/financials/ratios/?p=quarterly,True,
RSKD,partial,20,peg_ratio,58.0,https://stockanalysis.com/stocks/rskd/financials/ratios/?p=quarterly,True,
RTX,partial,20,,3.0,https://stockanalysis.com/stocks/rtx/financials/ratios/?p=quarterly,True,
RUN,partial,20,ev_fcf,33.0,https://stockanalysis.com/stocks/run/financials/ratios/?p=quarterly,True,
RXRX,partial,20,ev_ebitda;forward_pe;peg_ratio,83.0,https://stockanalysis.com/stocks/rxrx/financials/ratios/?p=quarterly,True,
RY,partial,20,current_ratio;ev_ebitda;ev_fcf;ev_sales;forward_pe;peg_ratio,126.0,https://stockanalysis.com/stocks/ry/financials/ratios/?p=quarterly,True,
S,partial,20,ev_ebitda,59.0,https://stockanalysis.com/stocks/s/financials/ratios/?p=quarterly,True,
SAN,partial,20,current_ratio;ev_ebitda;ev_fcf;ev_sales;forward_pe;peg_ratio,129.0,https://stockanalysis.com/stocks/san/financials/ratios/?p=quarterly,True,
SANA,partial,20,ev_ebitda;ev_fcf;ev_sales;forward_pe;peg_ratio;ps_ratio,126.0,https://stockanalysis.com/stocks/sana/financials/ratios/?p=quarterly,True,
SAP,partial,20,forward_pe;peg_ratio,45.0,https://stockanalysis.com/stocks/sap/financials/ratios/?p=quarterly,True,
SATS,failed,0,,,https://stockanalysis.com/stocks/sats/financials/ratios/?p=quarterly,,Unexpected redirect; check ticker / StockAnalysisPath
SBLK,partial,20,,2.0,https://stockanalysis.com/stocks/sblk/financials/ratios/?p=quarterly,True,
SBUX,partial,20,,4.0,https://stockanalysis.com/stocks/sbux/financials/ratios/?p=quarterly,True,
SCHD,failed,0,,,https://stockanalysis.com/stocks/schd/financials/ratios/?p=quarterly,,HTTP 404
SCHG,failed,0,,,https://stockanalysis.com/stocks/schg/financials/ratios/?p=quarterly,,HTTP 404
SCHP,failed,0,,,https://stockanalysis.com/stocks/schp/financials/ratios/?p=quarterly,,HTTP 404
SCHQ,failed,0,,,https://stockanalysis.com/stocks/schq/financials/ratios/?p=quarterly,,HTTP 404
SCHW,partial,20,ev_ebitda;ev_fcf;ev_sales;forward_pe;peg_ratio,105.0,https://stockanalysis.com/stocks/schw/financials/ratios/?p=quarterly,True,
SD,partial,20,,14.0,https://stockanalysis.com/stocks/sd/financials/ratios/?p=quarterly,True,
SDGR,partial,20,ev_ebitda;forward_pe,63.0,https://stockanalysis.com/stocks/sdgr/financials/ratios/?p=quarterly,True,
SDOW,failed,0,,,https://stockanalysis.com/stocks/sdow/financials/ratios/?p=quarterly,,HTTP 404
SE,partial,20,,28.0,https://stockanalysis.com/stocks/se/financials/ratios/?p=quarterly,True,
SEDG,partial,20,,24.0,https://stockanalysis.com/stocks/sedg/financials/ratios/?p=quarterly,True,
SERV,partial,18,ev_ebitda;ev_fcf;forward_pe;peg_ratio,107.0,https://stockanalysis.com/stocks/serv/financials/ratios/?p=quarterly,True,
SFTBY,failed,0,,,https://stockanalysis.com/stocks/sftby/financials/ratios/?p=quarterly,,Unexpected redirect; check ticker / StockAnalysisPath
SGML,partial,20,,47.0,https://stockanalysis.com/stocks/sgml/financials/ratios/?p=quarterly,True,
SGMO,failed,0,,,https://stockanalysis.com/stocks/sgmo/financials/ratios/?p=quarterly,,Unexpected redirect; check ticker / StockAnalysisPath
SGOV,failed,0,,,https://stockanalysis.com/stocks/sgov/financials/ratios/?p=quarterly,,HTTP 404
SHOP,partial,20,,8.0,https://stockanalysis.com/stocks/shop/financials/ratios/?p=quarterly,True,
SHW,partial,20,,4.0,https://stockanalysis.com/stocks/shw/financials/ratios/?p=quarterly,True,
SIEGY,failed,0,,,https://stockanalysis.com/stocks/siegy/financials/ratios/?p=quarterly,,Unexpected redirect; check ticker / StockAnalysisPath
SJM,partial,20,,2.0,https://stockanalysis.com/stocks/sjm/financials/ratios/?p=quarterly,True,
SKYT,partial,20,peg_ratio,43.0,https://stockanalysis.com/stocks/skyt/financials/ratios/?p=quarterly,True,
SLB,partial,20,,4.0,https://stockanalysis.com/stocks/slb/financials/ratios/?p=quarterly,True,
SLDP,partial,20,ev_ebitda;ev_fcf;forward_pe;peg_ratio,85.0,https://stockanalysis.com/stocks/sldp/financials/ratios/?p=quarterly,True,
SLG,partial,20,ev_fcf;forward_pe;peg_ratio,65.0,https://stockanalysis.com/stocks/slg/financials/ratios/?p=quarterly,True,
SLI,failed,0,,,https://stockanalysis.com/stocks/sli/financials/ratios/?p=quarterly,False,Conflicting period dates across tables
SLVR,failed,0,,,https://stockanalysis.com/stocks/slvr/financials/ratios/?p=quarterly,,HTTP 404
SMCI,partial,20,,13.0,https://stockanalysis.com/stocks/smci/financials/ratios/?p=quarterly,True,
SMH,failed,0,,,https://stockanalysis.com/stocks/smh/financials/ratios/?p=quarterly,,HTTP 404
SMMT,partial,20,ev_ebitda;forward_pe;peg_ratio,115.0,https://stockanalysis.com/stocks/smmt/financials/ratios/?p=quarterly,True,
SMR,partial,20,ev_ebitda;ev_fcf;forward_pe;peg_ratio,91.0,https://stockanalysis.com/stocks/smr/financials/ratios/?p=quarterly,True,
SMTC,partial,20,,7.0,https://stockanalysis.com/stocks/smtc/financials/ratios/?p=quarterly,True,
SNAP,partial,20,,21.0,https://stockanalysis.com/stocks/snap/financials/ratios/?p=quarterly,True,
SNGX,partial,20,ev_ebitda;ev_fcf;forward_pe;peg_ratio,104.0,https://stockanalysis.com/stocks/sngx/financials/ratios/?p=quarterly,True,
SNOW,partial,20,ev_ebitda,29.0,https://stockanalysis.com/stocks/snow/financials/ratios/?p=quarterly,True,
SNPS,partial,20,,2.0,https://stockanalysis.com/stocks/snps/financials/ratios/?p=quarterly,True,
SNTI,partial,20,ev_ebitda;ev_fcf;forward_pe;peg_ratio,109.0,https://stockanalysis.com/stocks/snti/financials/ratios/?p=quarterly,True,
SNY,partial,20,forward_pe;peg_ratio,77.0,https://stockanalysis.com/stocks/sny/financials/ratios/?p=quarterly,True,
SO,partial,20,forward_pe;peg_ratio,55.0,https://stockanalysis.com/stocks/so/financials/ratios/?p=quarterly,True,
SOFI,partial,20,ev_ebitda;ev_fcf;ev_sales;forward_pe;peg_ratio,105.0,https://stockanalysis.com/stocks/sofi/financials/ratios/?p=quarterly,True,
SONY,partial,20,forward_pe;peg_ratio,49.0,https://stockanalysis.com/stocks/sony/financials/ratios/?p=quarterly,True,
SOUN,partial,20,ev_ebitda;ev_fcf;forward_pe;peg_ratio,94.0,https://stockanalysis.com/stocks/soun/financials/ratios/?p=quarterly,True,
SOXL,failed,0,,,https://stockanalysis.com/stocks/soxl/financials/ratios/?p=quarterly,,HTTP 404
SOXS,failed,0,,,https://stockanalysis.com/stocks/soxs/financials/ratios/?p=quarterly,,HTTP 404
SPGI,ok,20,,0.0,https://stockanalysis.com/stocks/spgi/financials/ratios/?p=quarterly,True,
SPWR,partial,18,ev_ebitda;ev_fcf;peg_ratio,92.0,https://stockanalysis.com/stocks/spwr/financials/ratios/?p=quarterly,True,
SPXS,failed,0,,,https://stockanalysis.com/stocks/spxs/financials/ratios/?p=quarterly,,HTTP 404
SPY,failed,0,,,https://stockanalysis.com/stocks/spy/financials/ratios/?p=quarterly,,HTTP 404
SPYI,failed,0,,,https://stockanalysis.com/stocks/spyi/financials/ratios/?p=quarterly,,HTTP 404
SQM,partial,20,,8.0,https://stockanalysis.com/stocks/sqm/financials/ratios/?p=quarterly,True,
SQQQ,failed,0,,,https://stockanalysis.com/stocks/sqqq/financials/ratios/?p=quarterly,,HTTP 404
SRFM,partial,20,ev_fcf;forward_pe;peg_ratio,112.0,https://stockanalysis.com/stocks/srfm/financials/ratios/?p=quarterly,True,
SRPT,partial,20,,54.0,https://stockanalysis.com/stocks/srpt/financials/ratios/?p=quarterly,True,
SRRK,partial,20,ev_ebitda;ev_fcf;forward_pe;peg_ratio,120.0,https://stockanalysis.com/stocks/srrk/financials/ratios/?p=quarterly,True,
SSYS,partial,20,,36.0,https://stockanalysis.com/stocks/ssys/financials/ratios/?p=quarterly,True,
STCE,failed,0,,,https://stockanalysis.com/stocks/stce/financials/ratios/?p=quarterly,,HTTP 404
STEM,partial,20,forward_pe;peg_ratio,77.0,https://stockanalysis.com/stocks/stem/financials/ratios/?p=quarterly,True,
STGW,partial,20,,25.0,https://stockanalysis.com/stocks/stgw/financials/ratios/?p=quarterly,True,
STLA,partial,20,forward_pe;peg_ratio,58.0,https://stockanalysis.com/stocks/stla/financials/ratios/?p=quarterly,True,
STM,partial,20,forward_pe;peg_ratio,46.0,https://stockanalysis.com/stocks/stm/financials/ratios/?p=quarterly,True,
STNE,partial,20,,7.0,https://stockanalysis.com/stocks/stne/financials/ratios/?p=quarterly,True,
STX,partial,20,,1.0,https://stockanalysis.com/stocks/stx/financials/ratios/?p=quarterly,True,
STZ,partial,20,,1.0,https://stockanalysis.com/stocks/stz/financials/ratios/?p=quarterly,True,
SU,partial,20,forward_pe;peg_ratio,43.0,https://stockanalysis.com/stocks/su/financials/ratios/?p=quarterly,True,
SVXY,failed,0,,,https://stockanalysis.com/stocks/svxy/financials/ratios/?p=quarterly,,HTTP 404
SWK,partial,20,,9.0,https://stockanalysis.com/stocks/swk/financials/ratios/?p=quarterly,True,
SWKS,partial,20,,2.0,https://stockanalysis.com/stocks/swks/financials/ratios/?p=quarterly,True,
SYK,ok,20,,0.0,https://stockanalysis.com/stocks/syk/financials/ratios/?p=quarterly,True,
SYM,partial,20,,53.0,https://stockanalysis.com/stocks/sym/financials/ratios/?p=quarterly,True,
SYNA,partial,20,,2.0,https://stockanalysis.com/stocks/syna/financials/ratios/?p=quarterly,True,
T,ok,20,,0.0,https://stockanalysis.com/stocks/t/financials/ratios/?p=quarterly,True,
TAN,failed,0,,,https://stockanalysis.com/stocks/tan/financials/ratios/?p=quarterly,,HTTP 404
TATT,partial,20,,44.0,https://stockanalysis.com/stocks/tatt/financials/ratios/?p=quarterly,True,
TCEHY,failed,0,,,https://stockanalysis.com/stocks/tcehy/financials/ratios/?p=quarterly,,Unexpected redirect; check ticker / StockAnalysisPath
TD,partial,20,current_ratio;ev_ebitda;ev_fcf;ev_sales;forward_pe;peg_ratio,126.0,https://stockanalysis.com/stocks/td/financials/ratios/?p=quarterly,True,
TDY,partial,20,,1.0,https://stockanalysis.com/stocks/tdy/financials/ratios/?p=quarterly,True,
TEAM,partial,20,,13.0,https://stockanalysis.com/stocks/team/financials/ratios/?p=quarterly,True,
TEL,ok,20,,0.0,https://stockanalysis.com/stocks/tel/financials/ratios/?p=quarterly,True,
TELO,partial,18,ev_ebitda;ev_fcf;ev_sales;forward_pe;peg_ratio;ps_ratio,133.0,https://stockanalysis.com/stocks/telo/financials/ratios/?p=quarterly,True,
TEM,partial,20,ev_ebitda;forward_pe;peg_ratio,118.0,https://stockanalysis.com/stocks/tem/financials/ratios/?p=quarterly,True,
TENB,partial,20,,10.0,https://stockanalysis.com/stocks/tenb/financials/ratios/?p=quarterly,True,
TEO,partial,20,forward_pe;peg_ratio,62.0,https://stockanalysis.com/stocks/teo/financials/ratios/?p=quarterly,True,
TER,partial,20,,3.0,https://stockanalysis.com/stocks/ter/financials/ratios/?p=quarterly,True,
TEVA,partial,20,forward_pe;peg_ratio,49.0,https://stockanalysis.com/stocks/teva/financials/ratios/?p=quarterly,True,
TFC,partial,20,current_ratio;ev_ebitda;ev_fcf;ev_sales;forward_pe;peg_ratio,129.0,https://stockanalysis.com/stocks/tfc/financials/ratios/?p=quarterly,True,
TGT,partial,20,,6.0,https://stockanalysis.com/stocks/tgt/financials/ratios/?p=quarterly,True,
THC,partial,20,,8.0,https://stockanalysis.com/stocks/thc/financials/ratios/?p=quarterly,True,
THD,failed,0,,,https://stockanalysis.com/stocks/thd/financials/ratios/?p=quarterly,,HTTP 404
TIP,failed,0,,,https://stockanalysis.com/stocks/tip/financials/ratios/?p=quarterly,,HTTP 404
TLT,failed,0,,,https://stockanalysis.com/stocks/tlt/financials/ratios/?p=quarterly,,HTTP 404
ELWS.TA,failed,0,,,https://stockanalysis.com/stocks/elws-ta/financials/ratios/?p=quarterly,,HTTP 404
TM,partial,20,forward_pe;peg_ratio,54.0,https://stockanalysis.com/stocks/tm/financials/ratios/?p=quarterly,True,
TMC,partial,20,ev_ebitda;ev_fcf;ev_sales;forward_pe;peg_ratio;ps_ratio,127.0,https://stockanalysis.com/stocks/tmc/financials/ratios/?p=quarterly,True,
TMF,failed,0,,,https://stockanalysis.com/stocks/tmf/financials/ratios/?p=quarterly,,HTTP 404
TMO,ok,20,,0.0,https://stockanalysis.com/stocks/tmo/financials/ratios/?p=quarterly,True,
TMUS,ok,20,,0.0,https://stockanalysis.com/stocks/tmus/financials/ratios/?p=quarterly,True,
TOST,partial,20,,41.0,https://stockanalysis.com/stocks/tost/financials/ratios/?p=quarterly,True,
TPL,partial,20,peg_ratio,21.0,https://stockanalysis.com/stocks/tpl/financials/ratios/?p=quarterly,True,
TQQQ,failed,0,,,https://stockanalysis.com/stocks/tqqq/financials/ratios/?p=quarterly,,HTTP 404
TREX,partial,20,,6.0,https://stockanalysis.com/stocks/trex/financials/ratios/?p=quarterly,True,
TRMB,partial,20,,1.0,https://stockanalysis.com/stocks/trmb/financials/ratios/?p=quarterly,True,
TROX,partial,20,,13.0,https://stockanalysis.com/stocks/trox/financials/ratios/?p=quarterly,True,
TRP,partial,20,forward_pe;peg_ratio,54.0,https://stockanalysis.com/stocks/trp/financials/ratios/?p=quarterly,True,
TSEM,partial,20,,8.0,https://stockanalysis.com/stocks/tsem/financials/ratios/?p=quarterly,True,
TSLA,partial,20,,2.0,https://stockanalysis.com/stocks/tsla/financials/ratios/?p=quarterly,True,
TSLL,failed,0,,,https://stockanalysis.com/stocks/tsll/financials/ratios/?p=quarterly,,HTTP 404
TSLZ,failed,0,,,https://stockanalysis.com/stocks/tslz/financials/ratios/?p=quarterly,,HTTP 404
TSM,partial,20,forward_pe;peg_ratio,47.0,https://stockanalysis.com/stocks/tsm/financials/ratios/?p=quarterly,True,
TSNDF,failed,0,,,https://stockanalysis.com/stocks/tsndf/financials/ratios/?p=quarterly,,HTTP 404
TSYY,failed,0,,,https://stockanalysis.com/stocks/tsyy/financials/ratios/?p=quarterly,,HTTP 404
TTD,partial,20,,3.0,https://stockanalysis.com/stocks/ttd/financials/ratios/?p=quarterly,True,
TTE,partial,20,forward_pe;peg_ratio,45.0,https://stockanalysis.com/stocks/tte/financials/ratios/?p=quarterly,True,
TTWO,partial,20,,13.0,https://stockanalysis.com/stocks/ttwo/financials/ratios/?p=quarterly,True,
TUR,failed,0,,,https://stockanalysis.com/stocks/tur/financials/ratios/?p=quarterly,,HTTP 404
TWST,partial,20,ev_ebitda;ev_fcf;forward_pe;peg_ratio,84.0,https://stockanalysis.com/stocks/twst/financials/ratios/?p=quarterly,True,
TXG,partial,20,forward_pe;peg_ratio,73.0,https://stockanalysis.com/stocks/txg/financials/ratios/?p=quarterly,True,
TXN,partial,20,,3.0,https://stockanalysis.com/stocks/txn/financials/ratios/?p=quarterly,True,
U,partial,20,,35.0,https://stockanalysis.com/stocks/u/financials/ratios/?p=quarterly,True,
UBER,partial,20,,24.0,https://stockanalysis.com/stocks/uber/financials/ratios/?p=quarterly,True,
UEC,partial,20,peg_ratio,72.0,https://stockanalysis.com/stocks/uec/financials/ratios/?p=quarterly,True,
UHS,partial,20,,2.0,https://stockanalysis.com/stocks/uhs/financials/ratios/?p=quarterly,True,
UL,failed,0,,,https://stockanalysis.com/stocks/ul/financials/ratios/?p=quarterly,False,Quarterly labels found but all nine metrics are missing
ULTY,failed,0,,,https://stockanalysis.com/stocks/ulty/financials/ratios/?p=quarterly,,HTTP 404
UMAC,partial,20,ev_ebitda;ev_fcf;forward_pe;peg_ratio,122.0,https://stockanalysis.com/stocks/umac/financials/ratios/?p=quarterly,True,
UNH,partial,20,forward_pe;peg_ratio,44.0,https://stockanalysis.com/stocks/unh/financials/ratios/?p=quarterly,True,
UNHG,failed,0,,,https://stockanalysis.com/stocks/unhg/financials/ratios/?p=quarterly,,HTTP 404
UNP,ok,20,,0.0,https://stockanalysis.com/stocks/unp/financials/ratios/?p=quarterly,True,
UPS,partial,20,,2.0,https://stockanalysis.com/stocks/ups/financials/ratios/?p=quarterly,True,
UPST,partial,20,,25.0,https://stockanalysis.com/stocks/upst/financials/ratios/?p=quarterly,True,
URA,failed,0,,,https://stockanalysis.com/stocks/ura/financials/ratios/?p=quarterly,,HTTP 404
USB,partial,20,current_ratio;ev_ebitda;ev_fcf;ev_sales;forward_pe;peg_ratio,126.0,https://stockanalysis.com/stocks/usb/financials/ratios/?p=quarterly,True,
UTHR,ok,20,,0.0,https://stockanalysis.com/stocks/uthr/financials/ratios/?p=quarterly,True,
UVIX,failed,0,,,https://stockanalysis.com/stocks/uvix/financials/ratios/?p=quarterly,,HTTP 404
UVXY,failed,0,,,https://stockanalysis.com/stocks/uvxy/financials/ratios/?p=quarterly,,HTTP 404
V,ok,20,,0.0,https://stockanalysis.com/stocks/v/financials/ratios/?p=quarterly,True,
VALE,partial,20,forward_pe;peg_ratio,44.0,https://stockanalysis.com/stocks/vale/financials/ratios/?p=quarterly,True,
VB,failed,0,,,https://stockanalysis.com/stocks/vb/financials/ratios/?p=quarterly,,HTTP 404
VCEL,partial,20,peg_ratio,36.0,https://stockanalysis.com/stocks/vcel/financials/ratios/?p=quarterly,True,
VCYT,partial,20,,38.0,https://stockanalysis.com/stocks/vcyt/financials/ratios/?p=quarterly,True,
VECO,partial,20,,2.0,https://stockanalysis.com/stocks/veco/financials/ratios/?p=quarterly,True,
VEEV,ok,20,,0.0,https://stockanalysis.com/stocks/veev/financials/ratios/?p=quarterly,True,
VEOEY,failed,0,,,https://stockanalysis.com/stocks/veoey/financials/ratios/?p=quarterly,,HTTP 404
VERA,partial,20,ev_ebitda;ev_fcf;ev_sales;forward_pe;peg_ratio;ps_ratio,126.0,https://stockanalysis.com/stocks/vera/financials/ratios/?p=quarterly,True,
VERI,partial,20,,44.0,https://stockanalysis.com/stocks/veri/financials/ratios/?p=quarterly,True,
VERS,failed,0,,,https://stockanalysis.com/stocks/vers/financials/ratios/?p=quarterly,,HTTP 404
VFC,partial,20,,14.0,https://stockanalysis.com/stocks/vfc/financials/ratios/?p=quarterly,True,
VGLT,failed,0,,,https://stockanalysis.com/stocks/vglt/financials/ratios/?p=quarterly,,HTTP 404
VIG,failed,0,,,https://stockanalysis.com/stocks/vig/financials/ratios/?p=quarterly,,HTTP 404
VIOV,failed,0,,,https://stockanalysis.com/stocks/viov/financials/ratios/?p=quarterly,,HTTP 404
VIST,partial,20,forward_pe;peg_ratio,50.0,https://stockanalysis.com/stocks/vist/financials/ratios/?p=quarterly,True,
VIXY,failed,0,,,https://stockanalysis.com/stocks/vixy/financials/ratios/?p=quarterly,,HTTP 404
VKTX,partial,20,ev_ebitda;ev_fcf;ev_sales;forward_pe;peg_ratio;ps_ratio,126.0,https://stockanalysis.com/stocks/vktx/financials/ratios/?p=quarterly,True,
VLO,ok,20,,0.0,https://stockanalysis.com/stocks/vlo/financials/ratios/?p=quarterly,True,
VLTO,partial,18,,55.0,https://stockanalysis.com/stocks/vlto/financials/ratios/?p=quarterly,True,
VNM,failed,0,,,https://stockanalysis.com/stocks/vnm/financials/ratios/?p=quarterly,,HTTP 404
VNOM,partial,20,,76.0,https://stockanalysis.com/stocks/vnom/financials/ratios/?p=quarterly,True,
VNQ,failed,0,,,https://stockanalysis.com/stocks/vnq/financials/ratios/?p=quarterly,,HTTP 404
VOO,failed,0,,,https://stockanalysis.com/stocks/voo/financials/ratios/?p=quarterly,,HTTP 404
VOOG,failed,0,,,https://stockanalysis.com/stocks/voog/financials/ratios/?p=quarterly,,HTTP 404
VOOV,failed,0,,,https://stockanalysis.com/stocks/voov/financials/ratios/?p=quarterly,,HTTP 404
VRAR,failed,0,,,https://stockanalysis.com/stocks/vrar/financials/ratios/?p=quarterly,,Unexpected redirect; check ticker / StockAnalysisPath
VRNS,partial,20,ev_ebitda,26.0,https://stockanalysis.com/stocks/vrns/financials/ratios/?p=quarterly,True,
VRT,partial,20,,3.0,https://stockanalysis.com/stocks/vrt/financials/ratios/?p=quarterly,True,
VRTX,partial,20,,1.0,https://stockanalysis.com/stocks/vrtx/financials/ratios/?p=quarterly,True,
VSAT,partial,20,,23.0,https://stockanalysis.com/stocks/vsat/financials/ratios/?p=quarterly,True,
VSEC,partial,20,,9.0,https://stockanalysis.com/stocks/vsec/financials/ratios/?p=quarterly,True,
VST,partial,20,forward_pe;peg_ratio,47.0,https://stockanalysis.com/stocks/vst/financials/ratios/?p=quarterly,True,
VT,failed,0,,,https://stockanalysis.com/stocks/vt/financials/ratios/?p=quarterly,,HTTP 404
VTRS,partial,20,,1.0,https://stockanalysis.com/stocks/vtrs/financials/ratios/?p=quarterly,True,
VUG,failed,0,,,https://stockanalysis.com/stocks/vug/financials/ratios/?p=quarterly,,HTTP 404
VUZI,partial,20,ev_ebitda;ev_fcf;forward_pe;peg_ratio,84.0,https://stockanalysis.com/stocks/vuzi/financials/ratios/?p=quarterly,True,
VWO,failed,0,,,https://stockanalysis.com/stocks/vwo/financials/ratios/?p=quarterly,,HTTP 404
VXUS,failed,0,,,https://stockanalysis.com/stocks/vxus/financials/ratios/?p=quarterly,,HTTP 404
VXX,failed,0,,,https://stockanalysis.com/stocks/vxx/financials/ratios/?p=quarterly,,HTTP 404
VYM,failed,0,,,https://stockanalysis.com/stocks/vym/financials/ratios/?p=quarterly,,HTTP 404
VYMI,failed,0,,,https://stockanalysis.com/stocks/vymi/financials/ratios/?p=quarterly,,HTTP 404
VZ,ok,20,,0.0,https://stockanalysis.com/stocks/vz/financials/ratios/?p=quarterly,True,
WATT,partial,20,ev_ebitda;ev_fcf;forward_pe;peg_ratio,89.0,https://stockanalysis.com/stocks/watt/financials/ratios/?p=quarterly,True,
WB,partial,20,,18.0,https://stockanalysis.com/stocks/wb/financials/ratios/?p=quarterly,True,
WEAT,failed,0,,,https://stockanalysis.com/stocks/weat/financials/ratios/?p=quarterly,,HTTP 404
WELL,partial,20,ev_fcf;forward_pe;peg_ratio,64.0,https://stockanalysis.com/stocks/well/financials/ratios/?p=quarterly,True,
WFC,partial,20,current_ratio;ev_ebitda;ev_fcf;ev_sales;forward_pe;peg_ratio,126.0,https://stockanalysis.com/stocks/wfc/financials/ratios/?p=quarterly,True,
WLK,partial,20,,9.0,https://stockanalysis.com/stocks/wlk/financials/ratios/?p=quarterly,True,
WLKP,partial,20,,2.0,https://stockanalysis.com/stocks/wlkp/financials/ratios/?p=quarterly,True,
WM,ok,20,,0.0,https://stockanalysis.com/stocks/wm/financials/ratios/?p=quarterly,True,
WMB,partial,20,,3.0,https://stockanalysis.com/stocks/wmb/financials/ratios/?p=quarterly,True,
WMT,partial,20,,4.0,https://stockanalysis.com/stocks/wmt/financials/ratios/?p=quarterly,True,
WOLF,partial,20,ev_ebitda;ev_fcf;forward_pe;peg_ratio,138.0,https://stockanalysis.com/stocks/wolf/financials/ratios/?p=quarterly,True,
WPP,failed,0,,,https://stockanalysis.com/stocks/wpp/financials/ratios/?p=quarterly,False,Quarterly labels found but all nine metrics are missing
WSM,ok,20,,0.0,https://stockanalysis.com/stocks/wsm/financials/ratios/?p=quarterly,True,
WULF,partial,20,ev_fcf;peg_ratio,68.0,https://stockanalysis.com/stocks/wulf/financials/ratios/?p=quarterly,True,
WVE,partial,20,forward_pe;peg_ratio,82.0,https://stockanalysis.com/stocks/wve/financials/ratios/?p=quarterly,True,
XAIX,failed,0,,,https://stockanalysis.com/stocks/xaix/financials/ratios/?p=quarterly,,HTTP 404
XBI,failed,0,,,https://stockanalysis.com/stocks/xbi/financials/ratios/?p=quarterly,,HTTP 404
XDAT,failed,0,,,https://stockanalysis.com/stocks/xdat/financials/ratios/?p=quarterly,,HTTP 404
XENE,partial,20,ev_ebitda;ev_fcf,74.0,https://stockanalysis.com/stocks/xene/financials/ratios/?p=quarterly,True,
XIACF,failed,0,,,https://stockanalysis.com/stocks/xiacf/financials/ratios/?p=quarterly,,HTTP 404
XLB,failed,0,,,https://stockanalysis.com/stocks/xlb/financials/ratios/?p=quarterly,,HTTP 404
XLE,failed,0,,,https://stockanalysis.com/stocks/xle/financials/ratios/?p=quarterly,,HTTP 404
XLF,failed,0,,,https://stockanalysis.com/stocks/xlf/financials/ratios/?p=quarterly,,HTTP 404
XLU,failed,0,,,https://stockanalysis.com/stocks/xlu/financials/ratios/?p=quarterly,,HTTP 404
XLV,failed,0,,,https://stockanalysis.com/stocks/xlv/financials/ratios/?p=quarterly,,HTTP 404
XMTR,partial,20,peg_ratio,69.0,https://stockanalysis.com/stocks/xmtr/financials/ratios/?p=quarterly,True,
XOM,ok,20,,0.0,https://stockanalysis.com/stocks/xom/financials/ratios/?p=quarterly,True,
XOP,failed,0,,,https://stockanalysis.com/stocks/xop/financials/ratios/?p=quarterly,,HTTP 404
XPEV,partial,20,ev_fcf;peg_ratio,80.0,https://stockanalysis.com/stocks/xpev/financials/ratios/?p=quarterly,True,
XPON,partial,20,ev_ebitda;ev_fcf;forward_pe;peg_ratio,109.0,https://stockanalysis.com/stocks/xpon/financials/ratios/?p=quarterly,True,
XYL,partial,20,,4.0,https://stockanalysis.com/stocks/xyl/financials/ratios/?p=quarterly,True,
XYZ,partial,20,,11.0,https://stockanalysis.com/stocks/xyz/financials/ratios/?p=quarterly,True,
YANG,failed,0,,,https://stockanalysis.com/stocks/yang/financials/ratios/?p=quarterly,,HTTP 404
YCL,failed,0,,,https://stockanalysis.com/stocks/ycl/financials/ratios/?p=quarterly,,HTTP 404
YMAX,failed,0,,,https://stockanalysis.com/stocks/ymax/financials/ratios/?p=quarterly,,HTTP 404
DBC,failed,0,,,https://stockanalysis.com/stocks/dbc/financials/ratios/?p=quarterly,,HTTP 404
UUP,failed,0,,,https://stockanalysis.com/stocks/uup/financials/ratios/?p=quarterly,,HTTP 404
SHY,failed,0,,,https://stockanalysis.com/stocks/shy/financials/ratios/?p=quarterly,,HTTP 404
XLY,failed,0,,,https://stockanalysis.com/stocks/xly/financials/ratios/?p=quarterly,,HTTP 404
YPF,partial,20,forward_pe;peg_ratio,48.0,https://stockanalysis.com/stocks/ypf/financials/ratios/?p=quarterly,True,
Z,partial,20,forward_pe;peg_ratio,56.0,https://stockanalysis.com/stocks/z/financials/ratios/?p=quarterly,True,
ZBRA,partial,20,,3.0,https://stockanalysis.com/stocks/zbra/financials/ratios/?p=quarterly,True,
ZETA,partial,20,,12.0,https://stockanalysis.com/stocks/zeta/financials/ratios/?p=quarterly,True,
ZLAB,partial,20,ev_ebitda;ev_fcf;forward_pe;peg_ratio,84.0,https://stockanalysis.com/stocks/zlab/financials/ratios/?p=quarterly,True,
ZS,partial,20,,13.0,https://stockanalysis.com/stocks/zs/financials/ratios/?p=quarterly,True,
ZSPC,failed,0,,,https://stockanalysis.com/stocks/zspc/financials/ratios/?p=quarterly,,Unexpected redirect; check ticker / StockAnalysisPath
ZTS,ok,20,,0.0,https://stockanalysis.com/stocks/zts/financials/ratios/?p=quarterly,True,
RYN,partial,20,ev_fcf;forward_pe;peg_ratio,63.0,https://stockanalysis.com/stocks/ryn/financials/ratios/?p=quarterly,True,
WY,partial,20,ev_fcf;forward_pe;peg_ratio,64.0,https://stockanalysis.com/stocks/wy/financials/ratios/?p=quarterly,True,
LPX,partial,20,,23.0,https://stockanalysis.com/stocks/lpx/financials/ratios/?p=quarterly,True,
WFG,partial,20,forward_pe;peg_ratio,56.0,https://stockanalysis.com/stocks/wfg/financials/ratios/?p=quarterly,True,
FND,partial,20,,8.0,https://stockanalysis.com/stocks/fnd/financials/ratios/?p=quarterly,True,
XNDU,partial,10,ev_ebitda;ev_fcf;forward_pe;peg_ratio,76.0,https://stockanalysis.com/stocks/xndu/financials/ratios/?p=quarterly,True,
AMKR,partial,20,,8.0,https://stockanalysis.com/stocks/amkr/financials/ratios/?p=quarterly,True,
ONTO,partial,20,,12.0,https://stockanalysis.com/stocks/onto/financials/ratios/?p=quarterly,True,
MOS,partial,20,,9.0,https://stockanalysis.com/stocks/mos/financials/ratios/?p=quarterly,True,
AAOI,partial,20,,40.0,https://stockanalysis.com/stocks/aaoi/financials/ratios/?p=quarterly,True,
TT,partial,20,,2.0,https://stockanalysis.com/stocks/tt/financials/ratios/?p=quarterly,True,
JCI,partial,20,,11.0,https://stockanalysis.com/stocks/jci/financials/ratios/?p=quarterly,True,
SNDK,partial,20,,115.0,https://stockanalysis.com/stocks/sndk/financials/ratios/?p=quarterly,True,
NVR,partial,20,,1.0,https://stockanalysis.com/stocks/nvr/financials/ratios/?p=quarterly,True,
PHM,partial,20,,3.0,https://stockanalysis.com/stocks/phm/financials/ratios/?p=quarterly,True,
LII,partial,20,,6.0,https://stockanalysis.com/stocks/lii/financials/ratios/?p=quarterly,True,
TMHC,partial,20,,7.0,https://stockanalysis.com/stocks/tmhc/financials/ratios/?p=quarterly,True,
WAT,partial,20,,2.0,https://stockanalysis.com/stocks/wat/financials/ratios/?p=quarterly,True,
RVTY,partial,20,,2.0,https://stockanalysis.com/stocks/rvty/financials/ratios/?p=quarterly,True,
TMDX,partial,20,,47.0,https://stockanalysis.com/stocks/tmdx/financials/ratios/?p=quarterly,True,
PWR,partial,20,,4.0,https://stockanalysis.com/stocks/pwr/financials/ratios/?p=quarterly,True,
BEPC,partial,20,forward_pe;peg_ratio,54.0,https://stockanalysis.com/stocks/bepc/financials/ratios/?p=quarterly,True,
FNF,partial,20,forward_pe;peg_ratio,42.0,https://stockanalysis.com/stocks/fnf/financials/ratios/?p=quarterly,True,
UWMC,partial,20,,38.0,https://stockanalysis.com/stocks/uwmc/financials/ratios/?p=quarterly,True,
FAF,partial,20,forward_pe;peg_ratio,48.0,https://stockanalysis.com/stocks/faf/financials/ratios/?p=quarterly,True,
COMP,partial,20,peg_ratio,58.0,https://stockanalysis.com/stocks/comp/financials/ratios/?p=quarterly,True,
UHAL,partial,20,,39.0,https://stockanalysis.com/stocks/uhal/financials/ratios/?p=quarterly,True,
CSGP,partial,20,,6.0,https://stockanalysis.com/stocks/csgp/financials/ratios/?p=quarterly,True,
FTDR,partial,20,,2.0,https://stockanalysis.com/stocks/ftdr/financials/ratios/?p=quarterly,True,
GENB,partial,4,buyback_yield_dilution_pct;ev_ebitda;ev_fcf;forward_pe;peg_ratio,33.0,https://stockanalysis.com/stocks/genb/financials/ratios/?p=quarterly,True,
GFI,failed,0,,,https://stockanalysis.com/stocks/gfi/financials/ratios/?p=quarterly,False,Quarterly labels found but all nine metrics are missing
P,partial,20,,2.0,https://stockanalysis.com/stocks/p/financials/ratios/?p=quarterly,True,
FMQQ,failed,0,,,https://stockanalysis.com/stocks/fmqq/financials/ratios/?p=quarterly,,HTTP 404
EMQQ,failed,0,,,https://stockanalysis.com/stocks/emqq/financials/ratios/?p=quarterly,,HTTP 404
UAE,failed,0,,,https://stockanalysis.com/stocks/uae/financials/ratios/?p=quarterly,,HTTP 404
AER,partial,20,,13.0,https://stockanalysis.com/stocks/aer/financials/ratios/?p=quarterly,True,
BFAM,partial,20,,4.0,https://stockanalysis.com/stocks/bfam/financials/ratios/?p=quarterly,True,
FTAI,partial,20,,20.0,https://stockanalysis.com/stocks/ftai/financials/ratios/?p=quarterly,True,
AZ,partial,20,ev_ebitda;ev_fcf;peg_ratio,79.0,https://stockanalysis.com/stocks/az/financials/ratios/?p=quarterly,True,
VITL,partial,20,peg_ratio,42.0,https://stockanalysis.com/stocks/vitl/financials/ratios/?p=quarterly,True,
CCS,partial,20,,15.0,https://stockanalysis.com/stocks/ccs/financials/ratios/?p=quarterly,True,
BLDR,partial,20,,1.0,https://stockanalysis.com/stocks/bldr/financials/ratios/?p=quarterly,True,
KRKNF,failed,0,,,https://stockanalysis.com/stocks/krknf/financials/ratios/?p=quarterly,,HTTP 404
KBH,partial,20,,7.0,https://stockanalysis.com/stocks/kbh/financials/ratios/?p=quarterly,True,
MTH,partial,20,,8.0,https://stockanalysis.com/stocks/mth/financials/ratios/?p=quarterly,True,
STC,partial,20,forward_pe;peg_ratio,46.0,https://stockanalysis.com/stocks/stc/financials/ratios/?p=quarterly,True,
QNT,partial,4,buyback_yield_dilution_pct;ev_ebitda;ev_fcf;forward_pe;peg_ratio,36.0,https://stockanalysis.com/stocks/qnt/financials/ratios/?p=quarterly,True,
PCOR,partial,20,,46.0,https://stockanalysis.com/stocks/pcor/financials/ratios/?p=quarterly,True,
INFQ,partial,6,ev_ebitda;forward_pe;peg_ratio,42.0,https://stockanalysis.com/stocks/infq/financials/ratios/?p=quarterly,True,
SOAGY,failed,0,,,https://stockanalysis.com/stocks/soagy/financials/ratios/?p=quarterly,,HTTP 404
WRTBY,failed,0,,,https://stockanalysis.com/stocks/wrtby/financials/ratios/?p=quarterly,,HTTP 404
SPCX,partial,4,buyback_yield_dilution_pct;ev_fcf;forward_pe;peg_ratio,34.0,https://stockanalysis.com/stocks/spcx/financials/ratios/?p=quarterly,True,
JKS,partial,20,ev_fcf,27.0,https://stockanalysis.com/stocks/jks/financials/ratios/?p=quarterly,True,
ARRY,partial,20,,10.0,https://stockanalysis.com/stocks/arry/financials/ratios/?p=quarterly,True,
TWODY,failed,0,,,https://stockanalysis.com/stocks/twody/financials/ratios/?p=quarterly,,HTTP 404
PSMMY,failed,0,,,https://stockanalysis.com/stocks/psmmy/financials/ratios/?p=quarterly,,HTTP 404
BTDPY,failed,0,,,https://stockanalysis.com/stocks/btdpy/financials/ratios/?p=quarterly,,HTTP 404
HQ,partial,10,ev_ebitda;ev_fcf;ev_sales;forward_pe;peg_ratio,73.0,https://stockanalysis.com/stocks/hq/financials/ratios/?p=quarterly,True,
LEU,partial,20,,35.0,https://stockanalysis.com/stocks/leu/financials/ratios/?p=quarterly,True,
BWXT,partial,20,,3.0,https://stockanalysis.com/stocks/bwxt/financials/ratios/?p=quarterly,True,
ESLT,partial,20,forward_pe;peg_ratio,50.0,https://stockanalysis.com/stocks/eslt/financials/ratios/?p=quarterly,True,
LAC,partial,20,ev_ebitda;ev_fcf;ev_sales;forward_pe;peg_ratio;ps_ratio,148.0,https://stockanalysis.com/stocks/lac/financials/ratios/?p=quarterly,True,
TE,partial,20,peg_ratio,103.0,https://stockanalysis.com/stocks/te/financials/ratios/?p=quarterly,True,
URNJ,failed,0,,,https://stockanalysis.com/stocks/urnj/financials/ratios/?p=quarterly,,HTTP 404
EWG,failed,0,,,https://stockanalysis.com/stocks/ewg/financials/ratios/?p=quarterly,,HTTP 404
XLP,failed,0,,,https://stockanalysis.com/stocks/xlp/financials/ratios/?p=quarterly,,HTTP 404
RINF,failed,0,,,https://stockanalysis.com/stocks/rinf/financials/ratios/?p=quarterly,,HTTP 404
PDBC,failed,0,,,https://stockanalysis.com/stocks/pdbc/financials/ratios/?p=quarterly,,HTTP 404
VTI,failed,0,,,https://stockanalysis.com/stocks/vti/financials/ratios/?p=quarterly,,HTTP 404
XSW,failed,0,,,https://stockanalysis.com/stocks/xsw/financials/ratios/?p=quarterly,,HTTP 404
LQD,failed,0,,,https://stockanalysis.com/stocks/lqd/financials/ratios/?p=quarterly,,HTTP 404
USO,failed,0,,,https://stockanalysis.com/stocks/uso/financials/ratios/?p=quarterly,,HTTP 404
UFO,failed,0,,,https://stockanalysis.com/stocks/ufo/financials/ratios/?p=quarterly,,HTTP 404
KRE,failed,0,,,https://stockanalysis.com/stocks/kre/financials/ratios/?p=quarterly,,HTTP 404
XAR,failed,0,,,https://stockanalysis.com/stocks/xar/financials/ratios/?p=quarterly,,HTTP 404
XLI,failed,0,,,https://stockanalysis.com/stocks/xli/financials/ratios/?p=quarterly,,HTTP 404
QQQM,failed,0,,,https://stockanalysis.com/stocks/qqqm/financials/ratios/?p=quarterly,,HTTP 404
IBIT,failed,0,,,https://stockanalysis.com/stocks/ibit/financials/ratios/?p=quarterly,,HTTP 404
VOYG,partial,10,ev_ebitda;ev_fcf;forward_pe;peg_ratio,66.0,https://stockanalysis.com/stocks/voyg/financials/ratios/?p=quarterly,True,
MP,partial,20,,27.0,https://stockanalysis.com/stocks/mp/financials/ratios/?p=quarterly,True,
EXE,partial,20,,5.0,https://stockanalysis.com/stocks/exe/financials/ratios/?p=quarterly,True,
AR,partial,20,,9.0,https://stockanalysis.com/stocks/ar/financials/ratios/?p=quarterly,True,
EE,partial,20,forward_pe;peg_ratio,68.0,https://stockanalysis.com/stocks/ee/financials/ratios/?p=quarterly,True,
CRK,partial,20,,27.0,https://stockanalysis.com/stocks/crk/financials/ratios/?p=quarterly,True,
QXO,partial,20,,29.0,https://stockanalysis.com/stocks/qxo/financials/ratios/?p=quarterly,True,
TOL,partial,20,,6.0,https://stockanalysis.com/stocks/tol/financials/ratios/?p=quarterly,True,
ABNB,partial,20,,6.0,https://stockanalysis.com/stocks/abnb/financials/ratios/?p=quarterly,True,
AEP,partial,20,forward_pe;peg_ratio,58.0,https://stockanalysis.com/stocks/aep/financials/ratios/?p=quarterly,True,
ALLE,partial,20,,1.0,https://stockanalysis.com/stocks/alle/financials/ratios/?p=quarterly,True,
APO,partial,20,ev_ebitda;ev_fcf;ev_sales;forward_pe;peg_ratio,105.0,https://stockanalysis.com/stocks/apo/financials/ratios/?p=quarterly,True,
AXP,partial,20,ev_ebitda;ev_fcf;ev_sales;forward_pe;peg_ratio,105.0,https://stockanalysis.com/stocks/axp/financials/ratios/?p=quarterly,True,
AZTA,partial,20,,16.0,https://stockanalysis.com/stocks/azta/financials/ratios/?p=quarterly,True,
BAH,partial,20,,4.0,https://stockanalysis.com/stocks/bah/financials/ratios/?p=quarterly,True,
BDX,partial,20,,10.0,https://stockanalysis.com/stocks/bdx/financials/ratios/?p=quarterly,True,
BTDR,partial,20,ev_fcf;peg_ratio,74.0,https://stockanalysis.com/stocks/btdr/financials/ratios/?p=quarterly,True,
CACI,ok,20,,0.0,https://stockanalysis.com/stocks/caci/financials/ratios/?p=quarterly,True,
CARR,partial,20,,13.0,https://stockanalysis.com/stocks/carr/financials/ratios/?p=quarterly,True,
CNM,partial,20,,3.0,https://stockanalysis.com/stocks/cnm/financials/ratios/?p=quarterly,True,
COR,partial,20,,4.0,https://stockanalysis.com/stocks/cor/financials/ratios/?p=quarterly,True,
CTVA,partial,20,,17.0,https://stockanalysis.com/stocks/ctva/financials/ratios/?p=quarterly,True,
CW,partial,20,,5.0,https://stockanalysis.com/stocks/cw/financials/ratios/?p=quarterly,True,
DASH,partial,20,,13.0,https://stockanalysis.com/stocks/dash/financials/ratios/?p=quarterly,True,
DELL,partial,20,,6.0,https://stockanalysis.com/stocks/dell/financials/ratios/?p=quarterly,True,
ECL,ok,20,,0.0,https://stockanalysis.com/stocks/ecl/financials/ratios/?p=quarterly,True,
EME,partial,20,,3.0,https://stockanalysis.com/stocks/eme/financials/ratios/?p=quarterly,True,
EXC,partial,20,forward_pe;peg_ratio,70.0,https://stockanalysis.com/stocks/exc/financials/ratios/?p=quarterly,True,
FBIN,partial,20,,15.0,https://stockanalysis.com/stocks/fbin/financials/ratios/?p=quarterly,True,
FIX,partial,20,,1.0,https://stockanalysis.com/stocks/fix/financials/ratios/?p=quarterly,True,
GNRC,partial,20,,3.0,https://stockanalysis.com/stocks/gnrc/financials/ratios/?p=quarterly,True,
GSK,partial,20,forward_pe;peg_ratio,43.0,https://stockanalysis.com/stocks/gsk/financials/ratios/?p=quarterly,True,
HII,partial,20,,11.0,https://stockanalysis.com/stocks/hii/financials/ratios/?p=quarterly,True,
HPE,partial,20,,6.0,https://stockanalysis.com/stocks/hpe/financials/ratios/?p=quarterly,True,
IBKR,partial,20,ev_ebitda;ev_fcf;ev_sales;forward_pe;peg_ratio,105.0,https://stockanalysis.com/stocks/ibkr/financials/ratios/?p=quarterly,True,
ICLR,partial,20,,2.0,https://stockanalysis.com/stocks/iclr/financials/ratios/?p=quarterly,True,
KKR,partial,20,ev_ebitda;ev_fcf;ev_sales;forward_pe;peg_ratio,105.0,https://stockanalysis.com/stocks/kkr/financials/ratios/?p=quarterly,True,
MCK,partial,20,,7.0,https://stockanalysis.com/stocks/mck/financials/ratios/?p=quarterly,True,
MDLZ,ok,20,,0.0,https://stockanalysis.com/stocks/mdlz/financials/ratios/?p=quarterly,True,
MMC,failed,0,,,https://stockanalysis.com/stocks/mmc/financials/ratios/?p=quarterly,,Unexpected redirect; check ticker / StockAnalysisPath
MNST,partial,20,,1.0,https://stockanalysis.com/stocks/mnst/financials/ratios/?p=quarterly,True,
MSCI,partial,20,,1.0,https://stockanalysis.com/stocks/msci/financials/ratios/?p=quarterly,True,
MSTR,partial,20,,33.0,https://stockanalysis.com/stocks/mstr/financials/ratios/?p=quarterly,True,
NRG,partial,20,forward_pe;peg_ratio,54.0,https://stockanalysis.com/stocks/nrg/financials/ratios/?p=quarterly,True,
NVT,partial,20,,9.0,https://stockanalysis.com/stocks/nvt/financials/ratios/?p=quarterly,True,
PGR,partial,20,forward_pe;peg_ratio,43.0,https://stockanalysis.com/stocks/pgr/financials/ratios/?p=quarterly,True,
PH,ok,20,,0.0,https://stockanalysis.com/stocks/ph/financials/ratios/?p=quarterly,True,
PLUR,partial,20,ev_ebitda;ev_fcf;forward_pe;peg_ratio,91.0,https://stockanalysis.com/stocks/plur/financials/ratios/?p=quarterly,True,
RPM,partial,20,,3.0,https://stockanalysis.com/stocks/rpm/financials/ratios/?p=quarterly,True,
SCCO,partial,20,,12.0,https://stockanalysis.com/stocks/scco/financials/ratios/?p=quarterly,True,
SHEL,partial,20,forward_pe;peg_ratio,42.0,https://stockanalysis.com/stocks/shel/financials/ratios/?p=quarterly,True,
SPOT,partial,20,,24.0,https://stockanalysis.com/stocks/spot/financials/ratios/?p=quarterly,True,
TDG,partial,20,,1.0,https://stockanalysis.com/stocks/tdg/financials/ratios/?p=quarterly,True,
TECH,partial,20,,1.0,https://stockanalysis.com/stocks/tech/financials/ratios/?p=quarterly,True,
TECK,partial,20,forward_pe;peg_ratio,62.0,https://stockanalysis.com/stocks/teck/financials/ratios/?p=quarterly,True,
TLN,partial,20,forward_pe;peg_ratio,94.0,https://stockanalysis.com/stocks/tln/financials/ratios/?p=quarterly,True,
WSO,partial,20,,8.0,https://stockanalysis.com/stocks/wso/financials/ratios/?p=quarterly,True,
SFM,partial,20,,1.0,https://stockanalysis.com/stocks/sfm/financials/ratios/?p=quarterly,True,
WHR,partial,20,,12.0,https://stockanalysis.com/stocks/whr/financials/ratios/?p=quarterly,True,
BETR,partial,20,ev_ebitda;ev_fcf;ev_sales;forward_pe;peg_ratio,109.0,https://stockanalysis.com/stocks/betr/financials/ratios/?p=quarterly,True,
SITE,partial,20,,5.0,https://stockanalysis.com/stocks/site/financials/ratios/?p=quarterly,True,
JELD,partial,20,,17.0,https://stockanalysis.com/stocks/jeld/financials/ratios/?p=quarterly,True,
MHK,partial,20,,4.0,https://stockanalysis.com/stocks/mhk/financials/ratios/?p=quarterly,True,
MBC,partial,20,peg_ratio,61.0,https://stockanalysis.com/stocks/mbc/financials/ratios/?p=quarterly,True,
ONT,partial,20,,7.0,https://stockanalysis.com/stocks/ont/financials/ratios/?p=quarterly,True,
WD,partial,20,ev_ebitda;ev_fcf;ev_sales;forward_pe;peg_ratio,105.0,https://stockanalysis.com/stocks/wd/financials/ratios/?p=quarterly,True,
SHLS,partial,20,,17.0,https://stockanalysis.com/stocks/shls/financials/ratios/?p=quarterly,True,
AMRC,partial,20,ev_fcf,21.0,https://stockanalysis.com/stocks/amrc/financials/ratios/?p=quarterly,True,
BSY,ok,20,,0.0,https://stockanalysis.com/stocks/bsy/financials/ratios/?p=quarterly,True,
MKC,partial,20,,2.0,https://stockanalysis.com/stocks/mkc/financials/ratios/?p=quarterly,True,
CMS,partial,20,forward_pe;peg_ratio,63.0,https://stockanalysis.com/stocks/cms/financials/ratios/?p=quarterly,True,
SFD,partial,20,,118.0,https://stockanalysis.com/stocks/sfd/financials/ratios/?p=quarterly,True,
TSN,partial,20,,6.0,https://stockanalysis.com/stocks/tsn/financials/ratios/?p=quarterly,True,
NTR,partial,20,forward_pe;peg_ratio,51.0,https://stockanalysis.com/stocks/ntr/financials/ratios/?p=quarterly,True,
IPI,partial,20,,9.0,https://stockanalysis.com/stocks/ipi/financials/ratios/?p=quarterly,True,
CNR,partial,20,peg_ratio,23.0,https://stockanalysis.com/stocks/cnr/financials/ratios/?p=quarterly,True,
FPI,partial,20,ev_fcf;forward_pe;peg_ratio,63.0,https://stockanalysis.com/stocks/fpi/financials/ratios/?p=quarterly,True,
PHYS,failed,0,,,https://stockanalysis.com/stocks/phys/financials/ratios/?p=quarterly,,HTTP 404
SRUUF,failed,0,,,https://stockanalysis.com/stocks/sruuf/financials/ratios/?p=quarterly,,HTTP 404
SCOP,failed,0,,,https://stockanalysis.com/stocks/scop/financials/ratios/?p=quarterly,,HTTP 404
SPPP,failed,0,,,https://stockanalysis.com/stocks/sppp/financials/ratios/?p=quarterly,,HTTP 404
PPLT,failed,0,,,https://stockanalysis.com/stocks/pplt/financials/ratios/?p=quarterly,,HTTP 404
PALL,failed,0,,,https://stockanalysis.com/stocks/pall/financials/ratios/?p=quarterly,,HTTP 404
ACA,partial,20,,8.0,https://stockanalysis.com/stocks/aca/financials/ratios/?p=quarterly,True,
AEM,partial,20,,1.0,https://stockanalysis.com/stocks/aem/financials/ratios/?p=quarterly,True,
AG,partial,20,forward_pe;peg_ratio,54.0,https://stockanalysis.com/stocks/ag/financials/ratios/?p=quarterly,True,
AGI,partial,20,forward_pe;peg_ratio,46.0,https://stockanalysis.com/stocks/agi/financials/ratios/?p=quarterly,True,
AGRO,partial,20,,8.0,https://stockanalysis.com/stocks/agro/financials/ratios/?p=quarterly,True,
AMR,partial,20,peg_ratio,26.0,https://stockanalysis.com/stocks/amr/financials/ratios/?p=quarterly,True,
ARLP,partial,20,,7.0,https://stockanalysis.com/stocks/arlp/financials/ratios/?p=quarterly,True,
AU,partial,20,,8.0,https://stockanalysis.com/stocks/au/financials/ratios/?p=quarterly,True,
BKV,partial,20,peg_ratio,106.0,https://stockanalysis.com/stocks/bkv/financials/ratios/?p=quarterly,True,
BTU,partial,20,,27.0,https://stockanalysis.com/stocks/btu/financials/ratios/?p=quarterly,True,
CALM,partial,20,,8.0,https://stockanalysis.com/stocks/calm/financials/ratios/?p=quarterly,True,
CDE,partial,20,,14.0,https://stockanalysis.com/stocks/cde/financials/ratios/?p=quarterly,True,
CENX,partial,20,,16.0,https://stockanalysis.com/stocks/cenx/financials/ratios/?p=quarterly,True,
CGAU,partial,20,forward_pe;peg_ratio,53.0,https://stockanalysis.com/stocks/cgau/financials/ratios/?p=quarterly,True,
CIVI,partial,20,,4.0,https://stockanalysis.com/stocks/civi/financials/ratios/?p=quarterly,True,
CMP,partial,20,,15.0,https://stockanalysis.com/stocks/cmp/financials/ratios/?p=quarterly,True,
CRESY,partial,20,forward_pe;peg_ratio,52.0,https://stockanalysis.com/stocks/cresy/financials/ratios/?p=quarterly,True,
CRH,partial,20,,31.0,https://stockanalysis.com/stocks/crh/financials/ratios/?p=quarterly,True,
CRC,partial,20,,4.0,https://stockanalysis.com/stocks/crc/financials/ratios/?p=quarterly,True,
CRT,partial,20,buyback_yield_dilution_pct;ev_ebitda;ev_fcf;forward_pe;peg_ratio,105.0,https://stockanalysis.com/stocks/crt/financials/ratios/?p=quarterly,True,
CVE,partial,20,forward_pe;peg_ratio,43.0,https://stockanalysis.com/stocks/cve/financials/ratios/?p=quarterly,True,
CX,partial,20,forward_pe;peg_ratio,53.0,https://stockanalysis.com/stocks/cx/financials/ratios/?p=quarterly,True,
DMLP,partial,20,forward_pe;peg_ratio,42.0,https://stockanalysis.com/stocks/dmlp/financials/ratios/?p=quarterly,True,
DNN,partial,20,ev_fcf;forward_pe;peg_ratio,88.0,https://stockanalysis.com/stocks/dnn/financials/ratios/?p=quarterly,True,
DOLE,partial,20,,9.0,https://stockanalysis.com/stocks/dole/financials/ratios/?p=quarterly,True,
E,partial,20,forward_pe;peg_ratio,49.0,https://stockanalysis.com/stocks/e/financials/ratios/?p=quarterly,True,
EGO,partial,20,forward_pe;peg_ratio,56.0,https://stockanalysis.com/stocks/ego/financials/ratios/?p=quarterly,True,
ELVR,failed,0,,,https://stockanalysis.com/stocks/elvr/financials/ratios/?p=quarterly,False,Quarterly labels found but all nine metrics are missing
EQX,partial,20,forward_pe;peg_ratio,64.0,https://stockanalysis.com/stocks/eqx/financials/ratios/?p=quarterly,True,
ERO,partial,20,forward_pe;peg_ratio,54.0,https://stockanalysis.com/stocks/ero/financials/ratios/?p=quarterly,True,
EU,partial,20,ev_ebitda;forward_pe;peg_ratio,96.0,https://stockanalysis.com/stocks/eu/financials/ratios/?p=quarterly,True,
EXK,partial,20,forward_pe;peg_ratio,59.0,https://stockanalysis.com/stocks/exk/financials/ratios/?p=quarterly,True,
EXP,partial,20,,2.0,https://stockanalysis.com/stocks/exp/financials/ratios/?p=quarterly,True,
FDP,failed,0,,,https://stockanalysis.com/stocks/fdp/financials/ratios/?p=quarterly,,Unexpected redirect; check ticker / StockAnalysisPath
FNV,partial,20,forward_pe;peg_ratio,45.0,https://stockanalysis.com/stocks/fnv/financials/ratios/?p=quarterly,True,
FSM,partial,20,forward_pe;peg_ratio,49.0,https://stockanalysis.com/stocks/fsm/financials/ratios/?p=quarterly,True,
GPOR,partial,20,,14.0,https://stockanalysis.com/stocks/gpor/financials/ratios/?p=quarterly,True,
GROY,failed,0,,,https://stockanalysis.com/stocks/groy/financials/ratios/?p=quarterly,False,Conflicting period dates across tables
GSM,partial,20,peg_ratio,30.0,https://stockanalysis.com/stocks/gsm/financials/ratios/?p=quarterly,True,
HBM,partial,20,forward_pe;peg_ratio,46.0,https://stockanalysis.com/stocks/hbm/financials/ratios/?p=quarterly,True,
HCC,partial,20,,8.0,https://stockanalysis.com/stocks/hcc/financials/ratios/?p=quarterly,True,
HMY,failed,0,,,https://stockanalysis.com/stocks/hmy/financials/ratios/?p=quarterly,False,Quarterly labels found but all nine metrics are missing
HNRG,partial,20,forward_pe;peg_ratio,52.0,https://stockanalysis.com/stocks/hnrg/financials/ratios/?p=quarterly,True,
IAG,partial,20,forward_pe;peg_ratio,61.0,https://stockanalysis.com/stocks/iag/financials/ratios/?p=quarterly,True,
ICL,partial,20,,2.0,https://stockanalysis.com/stocks/icl/financials/ratios/?p=quarterly,True,
IE,partial,20,ev_ebitda;ev_fcf;forward_pe;peg_ratio,96.0,https://stockanalysis.com/stocks/ie/financials/ratios/?p=quarterly,True,
IMO,partial,20,forward_pe;peg_ratio,43.0,https://stockanalysis.com/stocks/imo/financials/ratios/?p=quarterly,True,
IPX,failed,0,,,https://stockanalysis.com/stocks/ipx/financials/ratios/?p=quarterly,False,Quarterly labels found but all nine metrics are missing
JBS,partial,20,,111.0,https://stockanalysis.com/stocks/jbs/financials/ratios/?p=quarterly,True,
KGC,partial,20,forward_pe;peg_ratio,46.0,https://stockanalysis.com/stocks/kgc/financials/ratios/?p=quarterly,True,
KNF,partial,18,,52.0,https://stockanalysis.com/stocks/knf/financials/ratios/?p=quarterly,True,
KOS,partial,20,,14.0,https://stockanalysis.com/stocks/kos/financials/ratios/?p=quarterly,True,
KRP,partial,20,,6.0,https://stockanalysis.com/stocks/krp/financials/ratios/?p=quarterly,True,
LAND,partial,20,ev_fcf;forward_pe;peg_ratio,64.0,https://stockanalysis.com/stocks/land/financials/ratios/?p=quarterly,True,
LGO,partial,20,forward_pe;peg_ratio,69.0,https://stockanalysis.com/stocks/lgo/financials/ratios/?p=quarterly,True,
LMNR,partial,20,,29.0,https://stockanalysis.com/stocks/lmnr/financials/ratios/?p=quarterly,True,
LND,partial,20,forward_pe;peg_ratio,61.0,https://stockanalysis.com/stocks/lnd/financials/ratios/?p=quarterly,True,
LZM,failed,0,,,https://stockanalysis.com/stocks/lzm/financials/ratios/?p=quarterly,False,Quarterly labels found but all nine metrics are missing
METC,partial,20,peg_ratio,36.0,https://stockanalysis.com/stocks/metc/financials/ratios/?p=quarterly,True,
MGY,partial,20,,1.0,https://stockanalysis.com/stocks/mgy/financials/ratios/?p=quarterly,True,
MLM,partial,20,,17.0,https://stockanalysis.com/stocks/mlm/financials/ratios/?p=quarterly,True,
MTA,partial,20,forward_pe;peg_ratio,64.0,https://stockanalysis.com/stocks/mta/financials/ratios/?p=quarterly,True,
MTDR,partial,20,,7.0,https://stockanalysis.com/stocks/mtdr/financials/ratios/?p=quarterly,True,
MTR,partial,20,buyback_yield_dilution_pct;ev_ebitda;ev_fcf;forward_pe;peg_ratio,105.0,https://stockanalysis.com/stocks/mtr/financials/ratios/?p=quarterly,True,
MTRN,partial,20,,12.0,https://stockanalysis.com/stocks/mtrn/financials/ratios/?p=quarterly,True,
MUR,partial,20,,10.0,https://stockanalysis.com/stocks/mur/financials/ratios/?p=quarterly,True,
NC,partial,20,peg_ratio,50.0,https://stockanalysis.com/stocks/nc/financials/ratios/?p=quarterly,True,
NOG,partial,20,,16.0,https://stockanalysis.com/stocks/nog/financials/ratios/?p=quarterly,True,
NRP,partial,20,peg_ratio,22.0,https://stockanalysis.com/stocks/nrp/financials/ratios/?p=quarterly,True,
NXE,partial,20,ev_ebitda;ev_fcf;ev_sales;forward_pe;peg_ratio;ps_ratio,126.0,https://stockanalysis.com/stocks/nxe/financials/ratios/?p=quarterly,True,
OGG,partial,20,ev_fcf;forward_pe;peg_ratio,91.0,https://stockanalysis.com/stocks/ogg/financials/ratios/?p=quarterly,True,
OR,partial,20,forward_pe;peg_ratio,43.0,https://stockanalysis.com/stocks/or/financials/ratios/?p=quarterly,True,
PAAS,partial,20,forward_pe;peg_ratio,46.0,https://stockanalysis.com/stocks/paas/financials/ratios/?p=quarterly,True,
PBT,partial,20,buyback_yield_dilution_pct;ev_ebitda;ev_fcf;peg_ratio,85.0,https://stockanalysis.com/stocks/pbt/financials/ratios/?p=quarterly,True,
PPTA,partial,20,ev_ebitda;ev_fcf;ev_sales;forward_pe;peg_ratio;ps_ratio,126.0,https://stockanalysis.com/stocks/ppta/financials/ratios/?p=quarterly,True,
PR,partial,20,,2.0,https://stockanalysis.com/stocks/pr/financials/ratios/?p=quarterly,True,
PRT,partial,20,ev_ebitda;ev_fcf,63.0,https://stockanalysis.com/stocks/prt/financials/ratios/?p=quarterly,True,
RGLD,partial,20,,6.0,https://stockanalysis.com/stocks/rgld/financials/ratios/?p=quarterly,True,
RRC,partial,20,,5.0,https://stockanalysis.com/stocks/rrc/financials/ratios/?p=quarterly,True,
SAND,partial,20,forward_pe;peg_ratio,47.0,https://stockanalysis.com/stocks/sand/financials/ratios/?p=quarterly,True,
SBR,partial,20,buyback_yield_dilution_pct;ev_ebitda;ev_fcf;forward_pe;peg_ratio,105.0,https://stockanalysis.com/stocks/sbr/financials/ratios/?p=quarterly,True,
SM,partial,20,,4.0,https://stockanalysis.com/stocks/sm/financials/ratios/?p=quarterly,True,
SSRM,partial,20,forward_pe;peg_ratio,50.0,https://stockanalysis.com/stocks/ssrm/financials/ratios/?p=quarterly,True,
SVM,partial,20,forward_pe;peg_ratio,47.0,https://stockanalysis.com/stocks/svm/financials/ratios/?p=quarterly,True,
TALO,partial,20,peg_ratio,24.0,https://stockanalysis.com/stocks/talo/financials/ratios/?p=quarterly,True,
TFPM,partial,20,forward_pe;peg_ratio,47.0,https://stockanalysis.com/stocks/tfpm/financials/ratios/?p=quarterly,True,
TGB,partial,20,forward_pe;peg_ratio,56.0,https://stockanalysis.com/stocks/tgb/financials/ratios/?p=quarterly,True,
CF,partial,20,,1.0,https://stockanalysis.com/stocks/cf/financials/ratios/?p=quarterly,True,
URG,partial,20,ev_ebitda;forward_pe;peg_ratio,95.0,https://stockanalysis.com/stocks/urg/financials/ratios/?p=quarterly,True,
USLM,partial,20,,15.0,https://stockanalysis.com/stocks/uslm/financials/ratios/?p=quarterly,True,
UUUU,partial,20,forward_pe;peg_ratio,81.0,https://stockanalysis.com/stocks/uuuu/financials/ratios/?p=quarterly,True,
VET,partial,20,forward_pe;peg_ratio,53.0,https://stockanalysis.com/stocks/vet/financials/ratios/?p=quarterly,True,
VMC,ok,20,,0.0,https://stockanalysis.com/stocks/vmc/financials/ratios/?p=quarterly,True,
MBB,failed,0,,,https://stockanalysis.com/stocks/mbb/financials/ratios/?p=quarterly,,HTTP 404
XE,partial,6,ev_ebitda;ev_fcf;forward_pe;peg_ratio,50.0,https://stockanalysis.com/stocks/xe/financials/ratios/?p=quarterly,True,
TAP,partial,20,,6.0,https://stockanalysis.com/stocks/tap/financials/ratios/?p=quarterly,True,
ALHC,partial,20,forward_pe;peg_ratio,66.0,https://stockanalysis.com/stocks/alhc/financials/ratios/?p=quarterly,True,
VOC,partial,20,buyback_yield_dilution_pct;current_ratio;ev_ebitda;ev_fcf;peg_ratio,106.0,https://stockanalysis.com/stocks/voc/financials/ratios/?p=quarterly,True,
VTLE,partial,20,,14.0,https://stockanalysis.com/stocks/vtle/financials/ratios/?p=quarterly,True,
DTE,partial,20,forward_pe;peg_ratio,72.0,https://stockanalysis.com/stocks/dte/financials/ratios/?p=quarterly,True,
PCG,partial,20,forward_pe;peg_ratio,61.0,https://stockanalysis.com/stocks/pcg/financials/ratios/?p=quarterly,True,
BSM,partial,20,,1.0,https://stockanalysis.com/stocks/bsm/financials/ratios/?p=quarterly,True,
FE,partial,20,forward_pe;peg_ratio,60.0,https://stockanalysis.com/stocks/fe/financials/ratios/?p=quarterly,True,
WDS,failed,0,,,https://stockanalysis.com/stocks/wds/financials/ratios/?p=quarterly,False,Quarterly labels found but all nine metrics are missing
WPM,partial,20,forward_pe;peg_ratio,47.0,https://stockanalysis.com/stocks/wpm/financials/ratios/?p=quarterly,True,
