date,inflation_score,inflation_score_ema5,inflation_pct_rank,growth_score,growth_score_ema5,growth_pct_rank,liquidity_score,liquidity_score_ema5,liquidity_pct_rank
2024-01-02,0.799655506852129,0.3460796169368803,0.828125,-2.65366779172322,-1.2916386609515635,0.09375,-2.973749129771816,-1.4410203919743299,0.0390625
2024-01-03,-0.030329062874519058,0.2206100569997472,0.5193798449612403,-2.7995961655753803,-1.794291162492836,0.08527131782945736,-1.6646887384423863,-1.515576507463682,0.17829457364341086
2024-01-04,0.5790525292018445,0.34009088106711294,0.7153846153846154,-1.148901743852267,-1.5791613562793132,0.27692307692307694,-1.1875985382850538,-1.406250517737473,0.24615384615384617
2024-01-05,0.8504882110028922,0.5102233243790393,0.8396946564885496,-0.17104416040242373,-1.1097889576536837,0.45038167938931295,-0.11475766464151796,-0.9757529000388213,0.4961832061068702
2024-01-08,-1.59473344512524,-0.19142893212238704,0.10606060606060606,3.335659250605963,0.3720271117661983,0.9696969696969697,1.341980655298875,-0.20317504825958932,0.7424242424242424
2024-01-09,-0.004785907220833607,-0.1292145904885359,0.518796992481203,-0.5993616377565888,0.04823086192526929,0.3533834586466165,-0.737108480731326,-0.38115285908350155,0.3533834586466165
2024-01-10,-0.035775724298719114,-0.09806830175859697,0.5,0.7804950855436652,0.29231893646473456,0.6567164179104478,0.4286927106698143,-0.1112043358323963,0.6417910447761194
2024-01-11,-0.048915084040143914,-0.08168389585244595,0.4962962962962963,-0.5192081177281868,0.02180991840042748,0.362962962962963,0.1981709348700411,-0.008079245598250517,0.5555555555555556
2024-01-12,1.4394063269760065,0.4253461784237048,0.9191176470588235,-0.34180196086485803,-0.09939404135466769,0.3897058823529412,-0.41128723857213517,-0.14248190992287874,0.4485294117647059
2024-01-16,0.05922310956812393,0.30330515547184456,0.5401459854014599,-1.103680639191621,-0.4341562406336521,0.27007299270072993,-3.734577887960718,-1.3398472359354918,0.014598540145985401
2024-01-17,-0.6380469420245747,-0.01047887702696182,0.2753623188405797,-1.5658649553828583,-0.8113924788833875,0.2318840579710145,-1.5125550741685259,-1.3974165153465032,0.18840579710144928
2024-01-18,1.4649526792589354,0.48133164173500387,0.920863309352518,1.7558260214478454,0.04434702122702339,0.8273381294964028,-0.11393014501074239,-0.969587725234583,0.5035971223021583
2024-01-19,0.2654056644387053,0.409356315969571,0.6,2.6941312101252386,0.9276084175264284,0.9142857142857143,0.3651180443465509,-0.5246858020408718,0.6285714285714286
2024-01-22,-0.3919101074155814,0.14226750817452025,0.3404255319148936,0.5145458863240512,0.789920907125636,0.6170212765957447,-0.24475143327537102,-0.4313743457857049,0.46808510638297873
2024-01-23,1.237737470856259,0.5074241624017665,0.8873239436619719,-0.06951542977051667,0.5034421281602519,0.4859154929577465,-1.2061097876074818,-0.6896194930596306,0.23943661971830985
2024-01-24,0.7752524056393676,0.596700243480967,0.7972027972027972,-0.27772299181743154,0.24305375483435748,0.4195804195804196,0.13968356889602906,-0.41318513907441073,0.5594405594405595
2024-01-25,0.799222651368108,0.6642077127766807,0.8125,0.009981221396845902,0.165362910355187,0.5,0.7735221001079395,-0.0176160593469607,0.6944444444444444
2024-01-26,0.6008429920745681,0.6430861392093099,0.7103448275862069,-1.5218574762688295,-0.39704388518615175,0.22758620689655173,-0.5497330064524538,-0.1949883750487917,0.4206896551724138
2024-01-29,-0.4406521056970456,0.2818400575738581,0.3150684931506849,1.7101770308622832,0.30536308682999314,0.821917808219178,0.12345840414560677,-0.0888394486506589,0.5547945205479452
2024-01-30,-0.1397333715731781,0.14131558119151272,0.42857142857142855,-1.8170952070564914,-0.4021230111321683,0.1836734693877551,-0.508391107872703,-0.2286900017246736,0.43537414965986393
2024-01-31,-1.5873808717588274,-0.43491656979193394,0.10135135135135136,-4.791540319709074,-1.8652621139911367,0.006756756756756757,-1.5724910867810444,-0.6766236967434639,0.16891891891891891
2024-02-01,-0.9375190832187953,-0.602450740934221,0.20134228187919462,2.269913797643662,-0.48687014344620394,0.9060402684563759,2.40751306597815,0.35142189083040726,0.8993288590604027
2024-02-02,1.5451583845396322,0.11341896755706327,0.9266666666666666,1.9202135584802336,0.3154910905292752,0.8533333333333334,-3.427466031370986,-0.9082074165700571,0.02
2024-02-05,1.3508758289054301,0.5259045880065188,0.9006622516556292,-1.2146036694212343,-0.1945404961208946,0.24503311258278146,-2.583142211025164,-1.4665190147217593,0.059602649006622516
2024-02-06,-0.32520619833239905,0.24220099256021294,0.35526315789473684,-0.2609792069821728,-0.21668673307465403,0.4276315789473684,1.3413943910666188,-0.5305478794589668,0.7631578947368421
2024-02-07,0.5848525179078006,0.3564181676760755,0.6993464052287581,1.2081379664079006,0.2582548334195308,0.7450980392156863,0.40162488869357826,-0.21982362340811848,0.6535947712418301
2024-02-08,0.9805105045392626,0.5644489466304712,0.8376623376623377,0.15745113477897532,0.2246536005393457,0.5909090909090909,-0.6267741328092079,-0.3554737932084816,0.38961038961038963
2024-02-09,-0.6953957856036094,0.1445007025524444,0.24516129032258063,1.6566791347773613,0.7019954452853508,0.8129032258064516,0.4443319084466554,-0.08887189265676931,0.6709677419354839
2024-02-12,0.2745959872077081,0.18786579743753232,0.5897435897435898,-0.4657670075094711,0.3127412943537436,0.36538461538461536,-1.0230454804773226,-0.4002630885969537,0.27564102564102566
2024-02-13,0.31110266651625573,0.22894475379710683,0.6050955414012739,-4.70156020225898,-1.3586925378504975,0.012738853503184714,-4.171926292810012,-1.657484156667973,0.006369426751592357
2024-02-14,-0.49991055028560016,-0.014007014230462134,0.310126582278481,2.4109179033131385,-0.10215572412928564,0.9177215189873418,1.3482796646725432,-0.6555628828878012,0.7784810126582279
2024-02-15,1.2543432687713352,0.4087764134368036,0.8867924528301887,1.267563455391774,0.3544173357110676,0.7484276729559748,1.772252241190346,0.1537088251382478,0.8490566037735849
2024-02-16,0.7660487125096591,0.5278671797944221,0.78125,-2.392239907497826,-0.5611350786918968,0.13125,-0.9540830769997708,-0.21555514224109168,0.29375
2024-02-20,-0.06184886473215517,0.3312951649522297,0.45962732919254656,-2.15731395271954,-1.0931947033677778,0.14285714285714285,0.7981466693392547,0.12234546161902374,0.7080745341614907
2024-02-21,1.481038580012305,0.7145429699722547,0.9259259259259259,-0.843713449942507,-1.0100342855593543,0.32098765432098764,-0.3073869624366042,-0.020898679732852213,0.46296296296296297
2024-02-22,-0.3195733006980922,0.3698375464154725,0.3558282208588957,4.516248385593793,0.8320599381583614,1.0,1.1357704441190628,0.36465769488445277,0.754601226993865
2024-02-23,-1.1447860452095593,-0.13503698412620474,0.13414634146341464,-0.700203620413646,0.321305418634359,0.3353658536585366,-0.1052331225055518,0.20802742242111794,0.5060975609756098
2024-02-26,0.3197916826387732,0.01657257146212124,0.6060606060606061,-0.4896315297249552,0.050993102514587635,0.37575757575757573,-0.4299302518103796,-0.004625135656047857,0.43636363636363634
2024-02-27,0.4125002534246843,0.14854846544964226,0.6385542168674698,0.467472214620126,0.18981947321643375,0.6144578313253012,0.12085104499682797,0.03720025789491075,0.5542168674698795
2024-02-28,-0.534537194880528,-0.07914675466041447,0.2994011976047904,-1.3009722136092208,-0.30711108905878437,0.23952095808383234,-0.2906996205094339,-0.07209970157320411,0.46107784431137727
2024-02-29,-0.07737640560110481,-0.07855663830731126,0.4523809523809524,0.9310528231293969,0.10561021500394266,0.6964285714285714,-0.0933258932380146,-0.07917509879480761,0.5178571428571429
2024-03-01,1.247593313940392,0.3634933457752565,0.8816568047337278,2.300259701954616,0.8371600439875004,0.9053254437869822,1.4114253646447534,0.4176917223517127,0.7988165680473372
2024-03-04,0.9706120786135889,0.5658662567213673,0.8294117647058824,-1.1254817354429119,0.18294611751069645,0.27058823529411763,-0.15835762294666506,0.22567527391892014,0.4823529411764706
2024-03-05,-0.7801228290959132,0.11720322811560713,0.21052631578947367,-3.232727306059858,-0.9556116903461549,0.06432748538011696,-0.023239453046390968,0.14270369826381646,0.52046783625731
2024-03-06,0.018928975084101296,0.08444514377177186,0.5058139534883721,0.9287325900681644,-0.3274969302080485,0.6918604651162791,1.5392623139801036,0.6082232368359122,0.813953488372093
2024-03-07,0.7763098201093604,0.3150667025509681,0.7861271676300579,2.0811664962258027,0.4753908786032352,0.8728323699421965,1.5144763616938581,0.9103076117885608,0.8092485549132948
2024-03-08,0.8156631307833546,0.4819321786284303,0.8160919540229885,-2.29601368900104,-0.44841064393152313,0.13793103448275862,-0.18283991347875286,0.545925103366123,0.47126436781609193
2024-03-11,0.4992880258477175,0.48771746103485936,0.6457142857142857,-1.055934468292768,-0.6509185853852715,0.2914285714285714,-0.4553317609559411,0.21217281525876835,0.4114285714285714
2024-03-12,-0.18486980185999347,0.2635217067365751,0.38636363636363635,1.829051287545351,0.175738038924936,0.8409090909090909,0.050708476970751426,0.15835136916276274,0.5454545454545454
2024-03-13,1.6297370827406776,0.718926832071276,0.943502824858757,-1.000438457267001,-0.21632079313904298,0.2937853107344633,0.48169876886422125,0.26613383572991556,0.672316384180791
2024-03-14,1.604281553523129,1.014045072555227,0.9382022471910112,-1.4385808708339534,-0.6237408190373465,0.2303370786516854,-3.1211714148633707,-0.8629679144678464,0.0449438202247191
2024-03-15,-0.3051720292291552,0.5743060386270997,0.35195530726256985,-1.776956791668103,-1.0081461432475987,0.18994413407821228,-0.47828449153042296,-0.7347401068220387,0.40782122905027934
2024-03-18,0.38548094525959,0.5113643408379298,0.6166666666666667,0.9148422345937549,-0.3671500173004809,0.6833333333333333,0.17427785965000053,-0.4317341179980257,0.5777777777777777
2024-03-19,-0.12034933454057883,0.3007931157117603,0.4143646408839779,0.5773295303810646,-0.052323501406632444,0.6353591160220995,0.5497122705091544,-0.10458532182896574,0.6850828729281768
2024-03-20,0.6163493855393931,0.4059785389876379,0.7087912087912088,2.300264225430562,0.731872407539099,0.9120879120879121,2.620497346183042,0.8037755675083702,0.9395604395604396
2024-03-21,-0.27637201084531027,0.17852835570998854,0.34972677595628415,0.903588533825584,0.7891111163012607,0.6721311475409836,-2.147404685315309,-0.179951183432856,0.10382513661202186
2024-03-22,-1.983026696967892,-0.5419899951826382,0.043478260869565216,-0.8330529819843631,0.24838975020605292,0.33152173913043476,-1.7897239174809516,-0.7165420947822212,0.14130434782608695
2024-03-25,1.0138615846343046,-0.02337280191032398,0.8378378378378378,-0.7272476983555811,-0.07682273264782508,0.34594594594594597,0.4860476900288895,-0.31567883317851775,0.6756756756756757
2024-03-26,-0.7146302961678412,-0.2537919666628297,0.22043010752688172,-0.853646841945747,-0.33576410241379906,0.3225806451612903,-0.40903013692399853,-0.3467959344270114,0.43010752688172044
2024-03-27,-0.37208007229148254,-0.29322133520571403,0.3155080213903743,1.4864316641540993,0.27163448644216703,0.7754010695187166,1.6144359814931764,0.3069480375463845,0.8449197860962567
2024-03-28,1.3414092874785322,0.251655539022368,0.898936170212766,-0.39525852383850246,0.04933681634861056,0.39893617021276595,-1.529534656742091,-0.3052128605497739,0.17553191489361702
2024-04-01,2.9073040017646243,1.1368716932697867,1.0,-0.678531008928495,-0.1932857920770913,0.35978835978835977,-2.461163687048735,-1.0238631360494275,0.06878306878306878
2024-04-02,2.079197879610667,1.4509804220500802,0.9736842105263158,-2.477275792703625,-0.9546157922859358,0.1,0.008041272087293216,-0.6798950000038539,0.5263157894736842
2024-04-03,0.6741096487992048,1.1920234976331219,0.7277486910994765,0.2267273702731545,-0.5608347380995724,0.5968586387434555,1.7824438745246258,0.14088462483897252,0.8795811518324608
2024-04-04,-1.6277836583857435,0.2520877789601669,0.078125,-3.3018790653125647,-1.474516180503903,0.057291666666666664,-0.14810441393773255,0.044554945246737504,0.4791666666666667
2024-04-05,2.941427251637693,1.1485342698526755,1.0,1.970375892377068,-0.32621882287691284,0.8704663212435233,-0.5316736653911007,-0.14752125829920854,0.38341968911917096
2024-04-08,-0.3050025929857688,0.6640219822398608,0.35051546391752575,-0.06718031002457393,-0.23987265192613322,0.5051546391752577,1.3494802731690105,0.3514792521901978,0.7835051546391752
2024-04-09,-1.0600069342454979,0.08934567674474131,0.13846153846153847,0.2768503195061207,-0.06763166144871527,0.6,0.9226134608772625,0.5418573217525527,0.7384615384615385
2024-04-10,1.463541882454206,0.5474110786478962,0.9030612244897959,-2.764081210174763,-0.9664481776907312,0.08673469387755102,-5.714018992946017,-1.5434347831469704,0.00510204081632653
2024-04-11,1.3187266141523393,0.8045162571493772,0.8781725888324873,2.0891315880697823,0.05207841089610654,0.8883248730964467,-0.3726063022837035,-1.1531586228592148,0.4365482233502538
2024-04-12,-2.8175031435035125,-0.4028235430682525,0.010101010101010102,-3.5510243413830125,-1.1489558398635997,0.04040404040404041,-2.4402147338661453,-1.5821773265281918,0.09090909090909091
2024-04-15,1.948103977410329,0.3808189637579413,0.964824120603015,-3.086430554749737,-1.7947807448256454,0.07035175879396985,-2.1654051503670257,-1.7765866011411364,0.11055276381909548
2024-04-16,-0.1087952575725819,0.21761422331443359,0.42,-0.4309456720950492,-1.3401690539154467,0.405,-1.2245910253530246,-1.5925880758784325,0.23
2024-04-17,-2.234215258469827,-0.5996622706136533,0.03482587064676617,-2.053462427335951,-1.5779335117222817,0.15920398009950248,1.5634267061403584,-0.5405831485388357,0.8308457711442786
2024-04-18,0.1976361932283146,-0.333896115999664,0.5445544554455446,-0.7953983161059888,-1.3170884465168509,0.3415841584158416,-0.16680777756238024,-0.4159913582133506,0.4801980198019802
2024-04-19,0.08075051506344649,-0.19568057231196054,0.5172413793103449,-2.5522243875179695,-1.7288004268505572,0.11330049261083744,0.7917044299301209,-0.013426095498860147,0.7142857142857143
2024-04-22,-1.1569116996131519,-0.5160909480790243,0.12254901960784313,1.9398495694583588,-0.5059170947475853,0.8627450980392157,1.8939096286128512,0.6223524792050436,0.8970588235294118
2024-04-23,-0.21177443388705833,-0.4146521100150357,0.375609756097561,2.809290331844587,0.5991520474498055,0.9463414634146341,2.6895841840146213,1.3114297141415694,0.9512195121951219
2024-04-24,0.3349499914056592,-0.1647847428748041,0.6067961165048543,0.1816451135945966,0.4599830694980692,0.5970873786407767,-0.8330850617800099,0.5965914555010431,0.30097087378640774
2024-04-25,0.9873330608080311,0.2192545250194743,0.8164251207729468,-1.0558468910689665,-0.04529358402427591,0.2946859903381642,0.1326748872182586,0.4419525994067816,0.5700483091787439
2024-04-26,-1.3807072973829415,-0.3140660824479976,0.10096153846153846,2.3828226730002617,0.7640785016505699,0.9230769230769231,-0.16840305729061,0.23850071384098448,0.47115384615384615
2024-04-29,-1.1452178585801231,-0.5911166744920395,0.1339712918660287,0.7942236530848377,0.7741268854619925,0.6698564593301436,2.089126834156051,0.85537608727934,0.8995215311004785
2024-04-30,-1.8689361433377383,-1.0170564974406058,0.06190476190476191,-3.6129344955932625,-0.6882269082230924,0.03333333333333333,-4.029290425927144,-0.7728460837894877,0.014285714285714285
2024-05-01,-1.5675368334172273,-1.2005499427661463,0.0995260663507109,-0.9415133293207635,-0.7726557152556495,0.3175355450236967,2.09268016930256,0.18232933390786144,0.9052132701421801
2024-05-02,-0.7560105124098396,-1.0523701326473776,0.22169811320754718,2.4750829094869515,0.3099238263252174,0.9292452830188679,4.242919759429587,1.5358594757484365,0.9811320754716981
2024-05-03,-1.6098372835429289,-1.238192516279228,0.0892018779342723,2.9913162257353765,1.2037212927952703,0.9624413145539906,2.148283542632235,1.7400008313763693,0.9014084507042254
2024-05-06,0.2311889160758186,-0.7483987054942125,0.5654205607476636,2.1525857693794332,1.520009451656658,0.8785046728971962,0.08308431856022244,1.1876953271043205,0.5514018691588785
2024-05-07,-1.3584429799600048,-0.95174679698281,0.11627906976744186,0.10001100467784202,1.0466766359970527,0.5581395348837209,-0.7226404493383026,0.5509167349567795,0.31627906976744186
2024-05-08,0.23878964248730405,-0.5549013171594387,0.5740740740740741,-0.32274644280904546,0.5902022763950201,0.4351851851851852,-1.05997758332903,0.01395196219484307,0.24074074074074073
2024-05-09,0.7044990345077844,-0.13510119993703107,0.7419354838709677,0.8335732764432404,0.6713259430777603,0.6728110599078341,1.1091993855533562,0.3790344366476808,0.7465437788018433
2024-05-10,0.5726987922869178,0.1008321308042852,0.6697247706422018,-0.1482886905652622,0.39812106519675283,0.48623853211009177,-0.927247945205713,-0.056393023970117084,0.2706422018348624
2024-05-13,-1.3940574610695644,-0.3974643998203313,0.1095890410958904,0.246345569348062,0.34752923324718926,0.5981735159817352,0.0711922093709175,-0.013864612856438897,0.5525114155251142
2024-05-14,-0.4500945301998409,-0.41500777661350124,0.3090909090909091,1.2997307306580346,0.6649297323841377,0.759090909090909,1.174832569263348,0.38236778118349,0.7545454545454545
2024-05-15,-1.1369627036673773,-0.6556594189647933,0.16289592760180996,2.6609907813771727,1.3302834153818162,0.9276018099547512,3.743392183477379,1.5027092486147864,0.9728506787330317
2024-05-16,-0.47646397782744265,-0.5959276052523431,0.3108108108108108,-0.9030858753428095,0.5858269851402744,0.3108108108108108,-1.5027919330495338,0.5008755213933466,0.18018018018018017
2024-05-17,2.306121204687469,0.37142199806092746,0.9820627802690582,-0.08355248014901007,0.36270049671051297,0.48878923766816146,0.05117484879835112,0.3509752971950148,0.5381165919282511
2024-05-20,-0.08637105516739968,0.2188243136514851,0.45982142857142855,0.7319470968637706,0.48578269676159885,0.6517857142857143,-0.23511652852791892,0.15561135528737025,0.44642857142857145
2024-05-21,-1.3088559685833123,-0.2904024470934473,0.12,0.1873457146387068,0.3863037027206349,0.5866666666666667,-0.2513401058402661,0.019960868244824806,0.44
2024-05-22,-2.410329975803411,-0.9970449566634352,0.017699115044247787,-0.7826252768079789,-0.0033392904555696323,0.336283185840708,-1.6295722312232326,-0.5298834982445276,0.1592920353982301
2024-05-23,-0.8779090195694856,-0.9573329776321187,0.21145374449339208,-1.9192962649998258,-0.641991615303655,0.15859030837004406,-1.7051206593261046,-0.9216292186050533,0.14977973568281938
2024-05-24,-0.47926261134247816,-0.7979761888689052,0.3157894736842105,1.7814715948527056,0.16582945474846505,0.8201754385964912,2.0971167297796933,0.08461943085652879,0.8991228070175439
2024-05-28,2.695549511552545,0.36653237793824467,0.9912663755458515,0.2503838172952334,0.1940142422640545,0.5982532751091703,-0.8166661343628842,-0.2158090908832755,0.30131004366812225
2024-05-29,-0.15573985890247743,0.19244163232467065,0.43478260869565216,-1.944504643881992,-0.5188253864512943,0.1565217391304348,-2.471653543846494,-0.967757241871015,0.06521739130434782
2024-05-30,-1.2300984919122389,-0.2817384090876325,0.1341991341991342,-1.2411042864174195,-0.759585019773336,0.23809523809523808,2.262985083320629,0.1091568665261996,0.9090909090909091
2024-05-31,-0.11832749358988182,-0.2272681039217156,0.4482758620689655,0.7590378948489387,-0.2533773815659112,0.6594827586206896,1.3989040465140175,0.5390725931888055,0.7844827586206896
2024-06-03,-3.0087163522677765,-1.1544175200370692,0.004291845493562232,0.19641944704060693,-0.10344510536373853,0.5879828326180258,2.568677347193237,1.2156075111902827,0.9356223175965666
2024-06-04,-2.4616180870083477,-1.5901510423608287,0.021367521367521368,-0.2311010669008305,-0.14599709254276919,0.45726495726495725,-0.1848633590050334,0.748783887791844,0.46153846153846156
2024-06-05,-0.40100303337369936,-1.1937683726984525,0.3446808510638298,3.4236612416304917,1.0438890188483176,0.9829787234042553,0.6679434881822948,0.7218370879219943,0.6808510638297872
2024-06-06,0.6985748652931683,-0.5629872933679123,0.75,-0.3946977187180974,0.5643601063261794,0.3983050847457627,-0.0498177505149322,0.46461880844301884,0.5084745762711864
2024-06-07,0.4029380882648277,-0.241012166156999,0.6413502109704642,-0.9447421457353362,0.061326022305674244,0.29535864978902954,-3.019863320015722,-0.6968752343765614,0.046413502109704644
2024-06-10,1.5196162292231246,0.3458639656363755,0.9159663865546218,0.6243520693549582,0.24900137132210226,0.6428571428571429,-0.31991425652900984,-0.5712215750940443,0.42436974789915966
2024-06-11,-1.2444969866109998,-0.18425635177941624,0.13807531380753138,0.693206157933933,0.39706963352604585,0.6485355648535565,0.08891492314943322,-0.3511760756795518,0.5648535564853556
2024-06-12,-1.3184892920054754,-0.562333998521436,0.125,2.4818078331283804,1.091982366726824,0.925,2.5361170116519527,0.6112549534309497,0.9333333333333333
2024-06-13,-2.494191982697952,-1.2062866599136082,0.02074688796680498,0.13150628624732358,0.7718236732336573,0.5601659751037344,-1.0427858550549691,0.05990801726897682,0.24896265560165975
2024-06-14,-0.7011456201925579,-1.037906313339925,0.26859504132231404,-0.4185791870852312,0.3750227197940279,0.3884297520661157,-2.3348843415141305,-0.7383561023253923,0.09090909090909091
2024-06-17,1.0408503343554618,-0.34498743077479604,0.8353909465020576,2.2220083155082264,0.9906845850320941,0.8930041152263375,0.9813078481256402,-0.1651347855083815,0.7325102880658436
2024-06-18,-0.6331054651024918,-0.44102677555069464,0.28688524590163933,0.05510861597681699,0.6788259286803351,0.5245901639344263,1.11657039656437,0.26210027518253565,0.7459016393442623
2024-06-20,2.205018184911294,0.44098821126996823,0.9755102040816327,-1.4696042346422198,-0.037317459093849814,0.21224489795918366,-1.3247917407314715,-0.2668637301221334,0.21224489795918366
2024-06-21,-0.9676293551525716,-0.028550977537544986,0.21138211382113822,-0.5680137714642355,-0.21421622988397837,0.3617886178861789,-0.2603738003676873,-0.2647004202039847,0.43902439024390244
2024-06-24,0.8796871998552738,0.27419508159339456,0.8097165991902834,-1.3034679958450477,-0.5773001518710015,0.22267206477732793,0.7237547403142401,0.06478463330209022,0.6882591093117408
2024-06-25,-0.30202761776055254,0.0821208484754122,0.3951612903225806,1.2661052179137253,0.037168304723907364,0.7540322580645161,0.1712403711246687,0.10026987924294972,0.5806451612903226
2024-06-26,0.8108135737347617,0.32501842356186206,0.7991967871485943,0.014516373227805815,0.029617660891873517,0.5060240963855421,-2.0355060673619514,-0.6116554362920172,0.11244979919678715
2024-06-27,0.2314877982798294,0.2938415484678512,0.58,0.579011820400166,0.21274904739463765,0.64,0.7967225294008079,-0.14219611439440893,0.704
2024-06-28,2.3047938758628277,0.9641589909328434,0.9760956175298805,-0.8768844602095955,-0.1504621218067734,0.30677290836653387,-0.7229586334911489,-0.3357836207599889,0.3187250996015936
2024-07-01,2.0109751212800964,1.3130977010485942,0.9563492063492064,0.10942113299245257,-0.06383437020703142,0.5515873015873016,-0.0928695944171497,-0.2548122786457092,0.5079365079365079
2024-07-02,-0.8425979757473664,0.5945324754499408,0.22134387351778656,1.5781213143882233,0.4834841913247201,0.7944664031620553,1.3146869846192741,0.26835414244261857,0.766798418972332
2024-07-03,-0.6259234204749343,0.1877138434749825,0.29133858267716534,0.9167056573420604,0.6278913466638336,0.7047244094488189,2.3154194401398955,0.9507092416750442,0.9094488188976378
2024-07-05,-0.9650673011664214,-0.19654653807215208,0.20784313725490197,1.1236181243608816,0.793133605896183,0.7411764705882353,1.9215833046127493,1.274333929320946,0.8745098039215686
2024-07-08,-0.9730440389347916,-0.4553790383596986,0.203125,0.29454530726361183,0.6269375063519926,0.6015625,-0.7115361363004387,0.6123772407804845,0.32421875
2024-07-09,0.307695501947877,-0.20102085825717347,0.6070038910505836,-0.34547536127350165,0.3027998838101613,0.40077821011673154,-0.9117967563561635,0.10431924173493523,0.27626459143968873
2024-07-10,0.2500607511298064,-0.05066032179484688,0.5891472868217055,2.1863448507472896,0.9306482061225374,0.8875968992248062,0.9776045320377591,0.39541433850254315,0.7286821705426356
2024-07-11,0.3467721101536685,0.0818171555213249,0.6332046332046332,-2.1050752689649865,-0.08125961890663713,0.13127413127413126,2.651092753273792,1.1473071434262927,0.9459459459459459
2024-07-12,-0.24779056404331562,-0.028052084333555258,0.40384615384615385,1.206470389306212,0.3479837171643126,0.7461538461538462,1.688445532486551,1.3276866064463788,0.8384615384615385
2024-07-15,2.3037158992629116,0.7492039101986003,0.9731800766283525,0.8687138496593939,0.5215604279960064,0.685823754789272,-0.7779733926889421,0.6257999400679386,0.2988505747126437
2024-07-16,-0.38353439110158294,0.37162447643187263,0.3549618320610687,1.5789960851192042,0.8740389803704056,0.7977099236641222,1.0613870029922892,0.7709956277093888,0.7366412213740458
2024-07-17,0.3474831564407761,0.3635773697681738,0.6349809885931559,-4.956300566879403,-1.0694075353795305,0.0038022813688212928,0.6731697201632194,0.7383869918606658,0.6692015209125475
2024-07-18,0.7399020253523181,0.48901892162955524,0.7575757575757576,-2.443778121691127,-1.5275310641500628,0.10227272727272728,-2.3634608299656024,-0.29556228208142343,0.08333333333333333
2024-07-19,-0.588184206783928,0.1299512121583942,0.30566037735849055,-2.2693018945463725,-1.7747880076154994,0.12830188679245283,-1.3162651290967786,-0.6357965644198752,0.20754716981132076
2024-07-22,0.1618839977770044,0.14059547403126427,0.5526315789473685,2.7202415509277764,-0.27644482143440763,0.9398496240601504,1.3356169288521724,0.02134126667080727,0.7631578947368421
2024-07-23,-0.27429338320582775,0.0022991882855669388,0.40074906367041196,-0.4295748558939089,-0.3274881662542414,0.38202247191011235,-0.7105675016461657,-0.2226283227681837,0.3295880149812734
2024-07-24,1.174290422948766,0.39296293317329994,0.8507462686567164,-5.4836920983650135,-2.0462228102911655,0.0037313432835820895,-1.2665352997123926,-0.57059731508292,0.208955223880597
2024-07-25,-0.7452145501027274,0.013570438747957547,0.241635687732342,-1.0759491705986637,-1.7227982637269983,0.26022304832713755,-0.13218333732726112,-0.4244593224977004,0.4795539033457249
2024-07-26,-0.14715855318613846,-0.04000589189674112,0.44814814814814813,2.1146392309499658,-0.4436524321680104,0.8777777777777778,1.1809323233067521,0.11067122610378372,0.7555555555555555
2024-07-29,-1.0164053523276806,-0.3654723787070543,0.17343173431734318,-0.6143878359749504,-0.5005642334369904,0.35424354243542433,-1.4931660441917862,-0.4239411973280729,0.17712177121771217
2024-07-30,0.8610615517856904,0.04337226479052725,0.8088235294117647,-1.7852390817237782,-0.9287891828659196,0.1801470588235294,-0.1869307704630636,-0.3449377217064032,0.45588235294117646
2024-07-31,-0.07474345401664473,0.004000358521469925,0.48717948717948717,3.912910422420593,0.6851106855629178,0.989010989010989,3.1627541056829505,0.8242928874233812,0.9743589743589743
2024-08-01,-2.2716549631135043,-0.7545514153568548,0.0364963503649635,-4.732865523280655,-1.1208813840516063,0.014598540145985401,-2.1981131544879897,-0.18317579321374233,0.0948905109489051
2024-08-02,-4.24790299108124,-1.9190019405983165,0.0036363636363636364,-4.833361992438688,-2.3583749201806334,0.01090909090909091,1.4821767249103668,0.37194171282762734,0.8036363636363636
2024-08-05,-1.8974463068676422,-1.9118167293547585,0.06884057971014493,-5.0841536730088315,-3.266967837790033,0.007246376811594203,-0.9343183385187608,-0.06347830428783532,0.2644927536231884
2024-08-06,2.290961005214787,-0.5108908178315769,0.9711191335740073,1.6569084561634537,-1.6256757398055377,0.8122743682310469,0.3326201926253194,0.06855452801654957,0.6101083032490975
2024-08-07,1.004467761189174,-0.005771291491326658,0.8273381294964028,-1.6885599596516074,-1.6466371464208942,0.19784172661870503,-0.06936838307166249,0.022580224320478893,0.5071942446043165
2024-08-08,2.351913565465307,0.7801236608275512,0.982078853046595,4.528944335264442,0.41189001414088433,1.0,0.9427274031723498,0.32929595060443584,0.7204301075268817
2024-08-09,-0.649004127474119,0.3037477313936613,0.2785714285714286,0.6042127246340795,0.4759975843052828,0.6357142857142857,0.07061852049802367,0.24307014056896514,0.5464285714285714
2024-08-12,0.7282542548098618,0.44524990586572816,0.7508896797153025,-0.13189211574070142,0.2733676842899548,0.47686832740213525,0.1200148686296052,0.20205171658917853,0.5587188612099644
2024-08-13,-1.058442296112363,-0.05598082812696881,0.1773049645390071,3.311405525101156,1.2860469645603552,0.9680851063829787,3.1638033427155277,1.189302258631295,0.975177304964539
2024-08-14,-0.6007657065771415,-0.2375757876103597,0.303886925795053,0.02339708635577334,0.8651636718254946,0.5053003533568905,0.15666374292218643,0.8450894200615922,0.5724381625441696
2024-08-15,1.589955716864326,0.37160138054786873,0.9154929577464789,3.562071231239952,1.7641328582969804,0.9788732394366197,-0.914484585082818,0.2585647516801222,0.2676056338028169
2024-08-16,0.728073747718827,0.4904255029381882,0.7473684210526316,0.16993331767490982,1.2327330114229569,0.5684210526315789,2.4080151380419,0.9750482138007148,0.9157894736842105
2024-08-19,-0.1574471146535225,0.27446796374095134,0.44405594405594406,1.7948043555649447,1.420090126136953,0.8216783216783217,1.8480901988091074,1.2660622088035125,0.8636363636363636
2024-08-20,-1.6102960723925035,-0.3537867149702002,0.09059233449477352,-0.8583257244104334,0.6606181759544909,0.31010452961672474,0.29492409612323667,0.9423495045767539,0.6027874564459931
2024-08-21,0.04670817493095386,-0.22028841833648222,0.5347222222222222,0.9244821019431138,0.7485728179506985,0.7013888888888888,1.4666990626293035,1.1171326905942704,0.7951388888888888
2024-08-22,0.6717474101675092,0.07705685783151489,0.726643598615917,-2.0880356064567733,-0.1969633235184587,0.1453287197231834,-2.2045925207562442,0.009890953477432407,0.08996539792387544
2024-08-23,0.635035561210274,0.26304975895776794,0.7103448275862069,2.282545323650799,0.6295395588712938,0.896551724137931,4.0543265406465085,1.3580361492004578,0.9793103448275862
2024-08-26,0.8890158156967656,0.4717051112041005,0.8109965635738832,-1.1299743933674007,0.04303490812506233,0.2542955326460481,-1.8421132497180999,0.2913196828942721,0.12371134020618557
2024-08-27,0.009455409253816716,0.3176218772206726,0.5171232876712328,-0.03834550737358858,0.015908102958845365,0.4897260273972603,0.7376530782008609,0.44009748132980175,0.6746575342465754
2024-08-28,-0.41854850899253904,0.0722317484829354,0.3412969283276451,-1.5928850868828746,-0.5203562936550613,0.20819112627986347,-2.1275255782506215,-0.41577687186367257,0.10580204778156997
2024-08-29,1.1997190923309775,0.44806086309894944,0.8571428571428571,0.06745074836477358,-0.32442061298178304,0.5272108843537415,-0.8881561488921837,-0.5732366308731763,0.2857142857142857
2024-08-30,0.9427209941685647,0.6129475734554879,0.8101694915254237,1.3770292117936007,0.24272932861001148,0.7661016949152543,-1.0290598897835164,-0.725177717176623,0.2440677966101695
2024-09-03,-2.8903577772394513,-0.5548208767761584,0.010135135135135136,-4.343013666418314,-1.2858516697327638,0.02702702702702703,-2.22322453767632,-1.2245266573431888,0.08783783783783784
2024-09-04,-1.8162639301193741,-0.9753018945572304,0.07744107744107744,-0.33484423699544336,-0.9688491921536571,0.4175084175084175,2.5269751757687446,0.025973953694122254,0.9292929292929293
2024-09-05,-0.3507645003861444,-0.7671227631668684,0.36577181208053694,-0.36163721345211763,-0.766445199253144,0.40268456375838924,1.3817456319152175,0.47789784643448735,0.7785234899328859
2024-09-06,-0.793452320112055,-0.7758992821485974,0.23411371237458195,-3.34978377990266,-1.6275580594696495,0.06020066889632107,-1.3144286875607452,-0.11954433156392341,0.20735785953177258
2024-09-09,0.17691361437301634,-0.45829498330805957,0.5633333333333334,1.5883677792163928,-0.5555827799076355,0.7933333333333333,-0.5586890234094549,-0.26592589551243395,0.36333333333333334
2024-09-10,-1.149724980153029,-0.6887716489230493,0.15614617940199335,0.8372184182320292,-0.09131571386108062,0.6777408637873754,-1.2266870100409328,-0.5861796003552668,0.2159468438538206
2024-09-11,-0.30581914705018315,-0.5611208149654273,0.38741721854304634,2.0736330980372206,0.6303338901050197,0.8609271523178808,-0.08485665849552387,-0.4190719530686859,0.5
2024-09-12,1.8987759593133036,0.2588447764608162,0.9438943894389439,1.4532007809468719,0.9046228537189704,0.768976897689769,1.3667029046972565,0.17618633285329482,0.7755775577557755
2024-09-13,0.523260747567134,0.3469834334962555,0.6611842105263158,1.2823251451581343,1.0305236175320251,0.75,1.1403520030569498,0.49757488958784646,0.743421052631579
2024-09-16,-0.4301713942923595,0.08793182423338386,0.3377049180327869,-0.14572347832647087,0.6384412522458599,0.46557377049180326,1.4892114164795567,0.8281203985517498,0.8065573770491803
2024-09-17,0.8510443296444969,0.34230265937042154,0.8006535947712419,0.25631053099685863,0.5110643451628596,0.5915032679738562,-1.2978663751298893,0.1194581406578702,0.20588235294117646
2024-09-18,1.0544879530687759,0.5796977572698729,0.8403908794788274,-0.5388491863027993,0.16109316800764,0.36156351791530944,-0.41185982116007075,-0.057647846614776774,0.4006514657980456
2024-09-19,1.7355999134623212,0.964998476000689,0.9285714285714286,3.1379585970517687,1.1533816443556828,0.9642857142857143,1.9735811091439515,0.6194284719714659,0.8766233766233766
2024-09-20,1.033106353429765,0.9877011018103811,0.8284789644012945,-0.7583962074222941,0.5161223604296905,0.3300970873786408,-0.5429517131117941,0.23196841027704596,0.37216828478964403
2024-09-23,0.8793300056841888,0.9515774031016504,0.7967741935483871,0.11808180357516584,0.38344217481151566,0.5483870967741935,-1.716304051314765,-0.41745574358689097,0.14193548387096774
2024-09-24,0.7152278966951822,0.8727942342994943,0.7331189710610932,0.42020942768801206,0.3956979257703478,0.6045016077170418,1.1127893410368017,0.0926259512876732,0.7331189710610932
2024-09-25,0.1669685573280555,0.6375190086423481,0.5480769230769231,-0.5367092413768052,0.08489553672129685,0.36217948717948717,-2.870130036991198,-0.8949593781386171,0.04487179487179487
2024-09-26,-0.7256814987467203,0.18311883951265873,0.24600638977635783,0.7622046097218771,0.31066522772149024,0.65814696485623,1.4279189626689077,-0.12066659786944223,0.792332268370607
2024-09-27,-0.15497555619133252,0.07042070761132832,0.4426751592356688,-0.32443305294357005,0.09896580083313683,0.4171974522292994,0.667025207008861,0.1418973370899922,0.6560509554140127
2024-09-30,0.47813523433943894,0.20632554985403184,0.6476190476190476,0.39226364893571003,0.19673175020066125,0.6,-1.8414039340089463,-0.519203086609654,0.12698412698412698
2024-10-01,0.6325277965553538,0.3483929654211392,0.6993670886075949,-1.8388311056105207,-0.4817892017363994,0.16772151898734178,-1.8008188212028136,-0.9464083314740406,0.1360759493670886
2024-10-02,1.416319112439644,0.7043683477606407,0.8927444794952681,0.02515785172716923,-0.31280685058187657,0.5047318611987381,-1.5102342729384075,-1.134350311962163,0.17665615141955837
2024-10-03,1.7257070370946461,1.0448145775386426,0.9276729559748428,-0.2899920292860544,-0.30520191014993586,0.42452830188679247,-2.235499545595418,-1.5014000565065815,0.08490566037735849
2024-10-04,1.6236650674649664,1.2377647408474173,0.9184952978056427,1.5977585123692295,0.32911823068978585,0.8025078369905956,-2.2677758910248658,-1.7568586680126763,0.08150470219435736
2024-10-07,0.7432062300099698,1.0729119039016015,0.75,-1.4471871142555754,-0.2629835509586679,0.2125,-2.1984552031256923,-1.9040575130503485,0.096875
2024-10-08,-1.609263516859295,0.17885343031463619,0.09345794392523364,1.5338915011749623,0.33597479975254213,0.7850467289719626,0.7623313065309443,-1.0152612398565843,0.6791277258566978
2024-10-09,0.5676281726133927,0.3084450110808884,0.65527950310559,0.9401635340199904,0.5373710445083583,0.7111801242236024,-1.6550830013064393,-1.2285351603398693,0.16770186335403728
2024-10-10,1.0972912951728777,0.5713937724448848,0.8390092879256966,-0.4166524534904162,0.21936321184210014,0.38080495356037153,-0.29994810585538434,-0.9190061421783744,0.43343653250773995
2024-10-11,1.2814014335883366,0.8080629928260354,0.8672839506172839,0.9430971981627437,0.46060787394898134,0.7129629629629629,0.7123538448947961,-0.37521947982065096,0.6728395061728395
2024-10-14,-0.27325650070299695,0.44762316164969135,0.39076923076923076,1.1622544406242519,0.6944900628407382,0.7353846153846154,-0.865697599745635,-0.5387121864623123,0.3046153846153846
2024-10-15,-2.438731284500087,-0.5144949870669013,0.027607361963190184,-1.4021612062489346,-0.004393693522485975,0.2147239263803681,-0.5021683700217495,-0.5265309143154581,0.3987730061349693
2024-10-16,-0.056120367273402416,-0.3617034471357351,0.4831804281345566,0.7454092156605066,0.24554060953851153,0.6513761467889908,-0.19573386909140056,-0.4162652325741056,0.45871559633027525
2024-10-17,2.319273095674635,0.5319554004677215,0.9817073170731707,-0.18066641872218925,0.10347160011827797,0.4481707317073171,-1.7075911473206715,-0.8467072041562942,0.15548780487804878
2024-10-18,0.35162564941106544,0.47184548344883614,0.6109422492401215,0.4093361640935085,0.20542645477668814,0.601823708206687,1.536771114432275,-0.052214431293437946,0.8206686930091185
2024-10-21,1.741821233729934,0.8951707335425354,0.9303030303030303,-0.701779304942892,-0.09697546512983854,0.3242424242424242,-3.0623081255254525,-1.0555789960374427,0.03333333333333333
2024-10-22,0.48697463793877793,0.759105368341283,0.6344410876132931,-0.24633652661924346,-0.14676248562630684,0.4380664652567976,-1.0296136218891543,-1.0469238713213467,0.2628398791540785
2024-10-23,-0.7352811805718085,0.26097651870358585,0.23493975903614459,-2.0933285105465727,-0.7956178272663954,0.13253012048192772,-2.296541368111189,-1.4634630369179606,0.0783132530120482
2024-10-24,-0.38678599446662754,0.04505568098018142,0.33933933933933935,0.7184702480993599,-0.2909218021444771,0.6456456456456456,2.1129424274198265,-0.2713278821386984,0.9009009009009009
2024-10-25,0.5926025126412812,0.22757129153388134,0.6736526946107785,0.11477060524292694,-0.1556909996820091,0.5449101796407185,-1.4628864646694129,-0.6685140763156032,0.19760479041916168
2024-10-28,-0.16591379876232504,0.09640959476847923,0.42388059701492536,0.5697256857406989,0.08611456212556022,0.6268656716417911,0.9743991997680692,-0.12087631762104578,0.7223880597014926
2024-10-29,-0.44782436225237676,-0.08500172423847276,0.31547619047619047,0.38703489460677165,0.18642133961929735,0.5952380952380952,-0.134729766280021,-0.1254941338407042,0.4880952380952381
2024-10-30,-0.24095700697538464,-0.13698681848411004,0.39762611275964393,-1.2341597276325098,-0.28710568279797166,0.22551928783382788,-0.269717990029413,-0.17356875257027382,0.44510385756676557
2024-10-31,-1.1607558202160355,-0.4782431523947519,0.13609467455621302,-4.311399834390295,-1.6285370666620793,0.026627218934911243,-1.1947323486523618,-0.5139566179309698,0.24260355029585798
2024-11-01,1.2245062782523934,0.08933999115429647,0.855457227138643,0.8025303843698683,-0.8181812496514302,0.6784660766961652,-1.232995910371974,-0.7536363820779712,0.23303834808259588
2024-11-04,-1.49917629864625,-0.440165438779219,0.10294117647058823,-0.3726696275324627,-0.6696773756117744,0.38823529411764707,2.2791475660572527,0.2572916006337699,0.9117647058823529
2024-11-05,-0.48759644937645463,-0.4559757756449642,0.30791788856304986,2.4243244772332195,0.3616565753365568,0.9237536656891495,2.3144533067215045,0.9430121693296815,0.9120234604105572
2024-11-06,2.9152464081532576,0.6677649522877764,0.9970760233918129,5.210333596089504,1.9778822489208725,1.0,-2.367915081839815,-0.16063024772681722,0.07017543859649122
2024-11-07,-1.0413211225320667,0.09806959401449544,0.17201166180758018,1.3416682763609185,1.7658109247342213,0.7725947521865889,3.849014362183116,1.1759179555764938,0.9795918367346939
2024-11-08,-1.831845524478784,-0.5452354454832643,0.06976744186046512,0.3114355420466396,1.2810191305050276,0.5901162790697675,-0.9546048138648071,0.4657436990960602,0.2819767441860465
2024-11-11,-0.6588509035509929,-0.5831072648391739,0.263768115942029,0.3035215735026332,0.9551866115042296,0.5884057971014492,-1.9238354291112956,-0.33078267697305824,0.1246376811594203
2024-11-12,0.8944327599930102,-0.0905939232284459,0.7976878612716763,-1.2307530881085584,0.22654004496663366,0.2254335260115607,-2.8180254983942685,-1.1598636174467951,0.046242774566473986
2024-11-13,0.6497494434691069,0.1561871990040717,0.7031700288184438,-0.6801933270676768,-0.07570441237813647,0.3285302593659942,-1.1610254329848497,-1.1602508892928134,0.2564841498559078
2024-11-14,-0.8897647692456717,-0.19246345707917611,0.20689655172413793,-1.7376018908749369,-0.6296702385437366,0.1724137931034483,-1.78381648718945,-1.3681060885916922,0.15229885057471265
2024-11-15,-0.06087376109350909,-0.1486002250839538,0.48424068767908307,-3.6678667704564827,-1.642402415847985,0.04011461318051576,0.30932803391201125,-0.8089613810904578,0.6160458452722063
2024-11-18,1.1152904841552687,0.272696677995787,0.8371428571428572,0.8347400932904145,-0.8166882461351854,0.6857142857142857,2.3125713254711577,0.2315495210967473,0.9085714285714286
2024-11-19,-0.5927839221886231,-0.015796855399016346,0.2962962962962963,0.9681907998053367,-0.22172856415501146,0.7293447293447294,0.9383072172895572,0.467135419827684,0.717948717948718
2024-11-20,0.8549220320038832,0.2744427737352835,0.7840909090909091,-0.18062037717063117,-0.20802583516021805,0.44886363636363635,-1.1993570235330657,-0.08836206129256585,0.2471590909090909
2024-11-21,0.6112954062468713,0.38672698457247945,0.6798866855524079,1.0328811342033826,0.20560982129431546,0.7337110481586402,-0.49824371977730986,-0.22498928078748054,0.41076487252124644
2024-11-22,0.43351590912366533,0.4023232927562081,0.6242937853107344,0.7688609712109296,0.3933602045998535,0.6638418079096046,-1.274434754240347,-0.5748044386051027,0.2288135593220339
2024-11-25,-5.223122347819299,-1.4728252541022941,0.0028169014084507044,0.6983371509218085,0.4950191867071718,0.6422535211267606,3.5485025471781224,0.7996312233226388,0.9746478873239437
2024-11-26,0.28888405124342165,-0.8855888189870557,0.5758426966292135,0.2536494432871593,0.41456260556716773,0.5758426966292135,-1.14243505227056,0.152275798124906,0.2612359550561798
2024-11-27,-0.950909617030357,-0.9073624183348228,0.20168067226890757,-1.276259000138307,-0.1490445963346571,0.2184873949579832,3.54965279373275,1.2847347966608538,0.9747899159663865
2024-11-29,-0.7915853920936463,-0.8687700762544307,0.22625698324022347,0.9901324797699167,0.2306810957002008,0.7318435754189944,1.4440211302288772,1.3378302411835283,0.7988826815642458
2024-12-02,-1.3603355655523672,-1.032625239353743,0.11420612813370473,0.7714627070700375,0.41094163282347973,0.6657381615598886,-1.5058434424856852,0.38993901329379066,0.1894150417827298
2024-12-03,0.8493312471617608,-0.40530641051524174,0.7805555555555556,-0.39165818073673186,0.1434083616367426,0.37777777777777777,0.15703636723565925,0.31230479794108024,0.5833333333333334
2024-12-04,-2.2803569905788716,-1.0303232705364516,0.038781163434903045,1.395482446779511,0.5607663900176654,0.7894736842105263,1.3019096850298546,0.6421730936373384,0.7590027700831025
2024-12-05,-0.6382327951693059,-0.8996264454140698,0.27624309392265195,-1.2429450170160694,-0.040470745660246166,0.21823204419889503,0.8219663644697875,0.7021041839148214,0.6988950276243094
2024-12-06,-1.01486296332949,-0.9380386180525433,0.1790633608815427,0.8044771873394995,0.241178565339669,0.6776859504132231,0.24435144896722183,0.5495199389322883,0.6005509641873278
2024-12-09,1.278469284550971,-0.1992026505180386,0.8708791208791209,-1.7714903772039008,-0.4297110821748542,0.16758241758241757,-0.9092294642111556,0.06327013788447378,0.31043956043956045
2024-12-10,0.6912622828486295,0.09761899393751738,0.7178082191780822,-1.0731347176012016,-0.64418562731697,0.2547945205479452,-0.15201441819284076,-0.008491380807964397,0.4876712328767123
2024-12-11,1.3819723254998975,0.5257367711249774,0.8907103825136612,2.3057486515756307,0.3391257989805635,0.9153005464480874,-0.5104021046965027,-0.17579495543747714,0.4016393442622951
2024-12-12,0.11568837560941292,0.3890539726197893,0.5340599455040872,-1.9309945149395875,-0.41758097232615343,0.13896457765667575,-1.9575857849237972,-0.7697252319329171,0.11989100817438691
2024-12-13,0.157766439338914,0.31195812819283086,0.5380434782608695,0.19314501567849704,-0.21400564299127,0.5625,-1.252661013513057,-0.9307038257929637,0.23369565217391305
2024-12-16,-1.2594597517608177,-0.21184783179171865,0.12466124661246612,1.801320717307496,0.457769810441652,0.8482384823848238,1.5554360413593304,-0.10199053674219916,0.8238482384823849
2024-12-17,-0.8902963805762922,-0.4379973480532432,0.21081081081081082,-1.5540966146218844,-0.21285233124619335,0.1945945945945946,-1.050014860312547,-0.41799864459898173,0.27297297297297296
2024-12-18,-0.8110516518025752,-0.5623487826363539,0.22371967654986524,-6.0,-2.141901554164129,0.0026954177897574125,-5.326155387842813,-2.0540508923469254,0.005390835579514825
2024-12-19,1.2500374534470637,0.041779962724785236,0.8655913978494624,-0.7604684761280416,-1.6814238614854333,0.3172043010752688,-0.5213618945865293,-1.5431545597601268,0.4032258064516129
2024-12-20,0.14434580632110394,0.07596857725689148,0.5388739946380697,1.7801927604589611,-0.5275516541706353,0.839142091152815,3.9230355625317204,0.2789088143371554,0.9812332439678284
2024-12-23,0.8490018503333531,0.33364633494904533,0.7780748663101604,1.0480337236393538,-0.002356528233972366,0.7379679144385026,-1.5266180069228974,-0.32293345941619545,0.18181818181818182
2024-12-24,-0.16178477718172102,0.16850263090545659,0.43466666666666665,2.0697299730830334,0.6883389722050296,0.8746666666666667,0.9405050152948616,0.09821269882082354,0.72
2024-12-26,0.2129342467998536,0.18331316953692228,0.5611702127659575,0.09711983204503741,0.49126592548503223,0.5186170212765957,1.7507359202215498,0.6490537726210656,0.851063829787234
2024-12-27,0.4215005496846388,0.26270896291949447,0.6286472148541115,-2.6933743773035297,-0.5702808421111549,0.08222811671087533,-0.6005809266874393,0.23250887285156402,0.3793103448275862
2024-12-30,-1.115380998441506,-0.1966543575341723,0.164021164021164,-2.3878074800820945,-1.176123054768135,0.1111111111111111,0.5599841115257091,0.34166728574294575,0.656084656084656
2024-12-31,1.3772422905283708,0.3279778584866754,0.8918205804749341,-1.0898546769144797,-1.1473669288169166,0.2559366754617414,-0.8304964529923831,-0.04905396050216382,0.32981530343007914
2025-01-02,0.7678563121238053,0.47460400969905203,0.7526315789473684,-0.46177549037161425,-0.9188364493351492,0.3684210526315789,-0.7712582379372173,-0.2897887196471816,0.3394736842105263
2025-01-03,0.27420259737698516,0.40780353892502974,0.5748031496062992,2.6534714050664,0.27193283546536706,0.9343832020997376,1.5089008390695406,0.30977446659172575,0.8136482939632546
2025-01-06,0.1194555820142561,0.31168755328810527,0.5287958115183246,1.313204386772695,0.6190233525678097,0.7774869109947644,2.284788533196009,0.9681124887931535,0.9057591623036649
2025-01-07,1.8210047870207307,0.814793297865647,0.9451697127937336,-2.6942812701187826,-0.4854115216610543,0.08093994778067885,-1.8879037465055566,0.01610707702691694,0.1227154046997389
2025-01-08,0.05859407575140896,0.5627268904942344,0.5104166666666666,-0.18883556028109835,-0.3865528678677357,0.4453125,-0.11886247429009406,-0.028882773412086723,0.5052083333333334
2025-01-10,1.2321153387431707,0.7858563732438799,0.8571428571428571,-3.17594838994306,-1.316351375226177,0.06493506493506493,-2.7890028557469693,-0.9489228008570475,0.046753246753246755
2025-01-13,0.35092344146223936,0.6408787293166665,0.6088082901554405,-0.16604520675502588,-0.9329159857357934,0.45595854922279794,-0.4906476853689658,-0.796164429027687,0.41968911917098445
2025-01-14,0.7254195446324068,0.66905900108858,0.7286821705426356,0.38579897072510594,-0.49334433358216034,0.5943152454780362,2.0824199913108727,0.16336371108516612,0.8811369509043928
2025-01-15,-1.0087312997033553,0.10979556749126829,0.17783505154639176,3.688314850074706,0.9005420609701282,0.9845360824742269,3.5494834981002237,1.292070306756852,0.9716494845360825
2025-01-16,0.1583389186238311,0.1259766845354559,0.5347043701799485,-0.6810188462148081,0.37335509190848293,0.33161953727506427,0.5694691146729765,1.0512032427288935,0.6580976863753213
2025-01-17,-0.21736771848953113,0.011528550193793577,0.4,2.020132996293353,0.922281060036773,0.8692307692307693,-0.3504001643972925,0.584002107020165,0.441025641025641
2025-01-21,-0.59452382767756,-0.19048890909665758,0.29411764705882354,1.56273116290826,1.135764427660602,0.8005115089514067,3.576107557224091,1.5813705904214734,0.9744245524296675
2025-01-22,-0.08292834761775658,-0.1546353886036906,0.461734693877551,1.002571382757973,1.0913667460263925,0.7270408163265306,-0.7920788213538081,0.7902207864963797,0.33163265306122447
2025-01-23,0.8676547353973931,0.18612798606333728,0.7938931297709924,0.48167147147459344,0.8881349878424596,0.6081424936386769,0.582663862011113,0.7210351450012908,0.6590330788804071
2025-01-24,-0.7330399890573802,-0.12026133897690186,0.24111675126903553,-0.986483202356818,0.26326225777603385,0.2715736040609137,1.654722707691357,1.0322643325646461,0.8375634517766497
2025-01-27,-2.3115658456621815,-0.8506961745386616,0.035443037974683546,-3.6426326797531585,-1.0387027214003635,0.04050632911392405,0.22964536716940165,0.764724677432898,0.5974683544303797
2025-01-28,-0.007644109410632868,-0.5696788194959854,0.494949494949495,1.6177906409928655,-0.1532049339359539,0.8181818181818182,-0.9147822634268293,0.20488903047965557,0.29545454545454547
2025-01-29,0.061096406418909385,-0.35942041085768717,0.5163727959697733,-0.5982070447201778,-0.30153897086402853,0.345088161209068,-0.5845585669624287,-0.058260168667705836,0.3778337531486146
2025-01-30,0.4408439310215614,-0.09266563023127103,0.635678391959799,0.8440685568952425,0.08033020505572844,0.6859296482412061,0.7087258913400747,0.19740185133488763,0.6733668341708543
2025-01-31,-0.42222010127378096,-0.20251712057877436,0.3333333333333333,-0.9944127575888158,-0.27791744915911964,0.2681704260651629,-1.5055663995083992,-0.37025423227954124,0.18546365914786966
2025-02-03,-0.4839398965697008,-0.2963247125757499,0.315,-1.6410460036589005,-0.7322936339923799,0.185,-1.255296318289285,-0.6652682609494558,0.2275
2025-02-04,0.8905377649036678,0.09929611325072266,0.8054862842892768,1.815371989199535,0.11692824040492494,0.8528678304239401,3.0022768017675503,0.5572467599562128,0.9600997506234414
2025-02-05,-1.5894809025569383,-0.4636295586851643,0.09203980099502487,1.0376593516320824,0.42383861081397745,0.7338308457711443,1.3292312765512893,0.8145749321545717,0.7611940298507462
2025-02-06,-0.9340241957577279,-0.6204277710426855,0.20347394540942929,0.5429593274264178,0.4635455163514576,0.6129032258064516,-0.32052658341831874,0.43620776029694164,0.44168734491315137
2025-02-07,0.8192405802715308,-0.14053832060461346,0.7797029702970297,-2.279978381101023,-0.4509624494660359,0.1188118811881188,-2.019998449032596,-0.38252764281290424,0.10891089108910891
2025-02-10,2.1379429356257837,0.6189554314721856,0.9654320987654321,1.6605912612664069,0.25288878744477833,0.8296296296296296,0.11660275203975923,-0.2161508445286831,0.562962962962963
2025-02-11,0.8480072397868719,0.6953060342437477,0.7783251231527094,-0.4312627427320234,0.02483827738584446,0.3694581280788177,0.6408080327736032,0.06950211457207897,0.6625615763546798
2025-02-12,0.6347794974585146,0.6751305219820034,0.6928746928746928,-0.5673885147892103,-0.17257065333917376,0.3488943488943489,-0.9177124922902522,-0.25956942104869807,0.29484029484029484
2025-02-13,-1.265619566991206,0.028213825657600333,0.11764705882352941,2.3067943660499286,0.6538843531238603,0.9191176470588235,3.371949815363794,0.9509369910887991,0.9656862745098039
2025-02-14,-1.3559513598152986,-0.43317456950003264,0.11246943765281174,0.10926190145846966,0.47234353590206346,0.5256723716381418,0.9295756859507625,0.9438165560427869,0.7114914425427873
2025-02-18,2.7776296865622614,0.6370935158540654,0.9926829268292683,0.4817479697568334,0.4754783471869868,0.6073170731707317,-0.8139756676958703,0.35788581479656795,0.32682926829268294
2025-02-19,0.09644437734524697,0.4568771363511259,0.5231143552311436,-0.11359826594174546,0.27911947614407606,0.46715328467153283,0.014313227402789758,0.24336161899864192,0.5328467153284672
2025-02-20,-0.13250544719350543,0.26041627516958216,0.4393203883495146,-1.1839757398116224,-0.20857892917449003,0.23300970873786409,1.866277476237335,0.7843335714115396,0.866504854368932
2025-02-21,-2.36892779944813,-0.6160317497029886,0.031476997578692496,-4.227804930053685,-1.5483209294675548,0.029055690072639227,-1.4987841818894965,0.023294320311194383,0.1864406779661017
2025-02-24,-0.06071412335361487,-0.4309258742531974,0.4758454106280193,-1.6377736336426323,-1.578138497525914,0.1859903381642512,0.20548212723809753,0.08402358928682876,0.5917874396135265
2025-02-25,-3.590815431260772,-1.4842223932557224,0.007228915662650603,-1.476783655295426,-1.5443535501157515,0.20240963855421687,1.6810026647619822,0.6163499477785466,0.8409638554216867
2025-02-26,-0.9192984089308048,-1.29591439848075,0.2091346153846154,0.34048432087933106,-0.9160742597840575,0.5889423076923077,-0.05528859674912728,0.39247043293598866,0.5192307692307693
2025-02-27,0.1355615195981923,-0.8187557591211027,0.539568345323741,-3.78927984011092,-1.873809453226345,0.03597122302158273,-2.3261578148159936,-0.5137389829813388,0.07194244604316546
2025-02-28,-1.2831573715215336,-0.973556296587913,0.12200956937799043,2.7317306004888113,-0.3386294353212931,0.9449760765550239,0.013870716203000844,-0.3378690832532256,0.5311004784688995
2025-03-03,-1.2040889763267797,-1.0504005231675353,0.14081145584725538,-3.7156659421454736,-1.4643082709293531,0.0405727923627685,1.3065812466348627,0.21028102670947046,0.7589498806682577
2025-03-04,1.5548299036520212,-0.18199038089434982,0.9142857142857143,-1.2488593501473801,-1.392491964002029,0.2261904761904762,1.7898663505001946,0.7368094679730451,0.8595238095238096
2025-03-05,0.415026271388396,0.017015169866565427,0.6318289786223278,2.289602371395868,-0.16512718553606343,0.9097387173396675,2.537094260338199,1.3369043987614297,0.9334916864608076
2025-03-06,0.10763047580534732,0.04722027184615939,0.5284360189573459,-3.5160898021192386,-1.2821147243971218,0.054502369668246446,-1.2656772910744172,0.46937716881614755,0.22037914691943128
2025-03-07,0.9375196859133594,0.34398674320189276,0.8108747044917257,1.193605124993807,-0.4568747746001456,0.7541371158392435,1.1494574425801511,0.6960705934041488,0.7446808510638298
2025-03-10,-1.5757994217606228,-0.295941978452279,0.09669811320754718,-4.8889663905975755,-1.934238646599289,0.01179245283018868,-1.5437319771325841,-0.05053026344142875,0.16745283018867924
2025-03-11,1.1322947164525135,0.18013691984931843,0.8470588235294118,-0.3356033907661017,-1.4013602279882267,0.4117647058823529,-0.16373299609650416,-0.08826450765978722,0.48
2025-03-12,1.06543335859133,0.4752357327633223,0.8356807511737089,1.4773333792603787,-0.44179569223869175,0.7910798122065728,-0.18412797390661162,-0.12021899640872868,0.47183098591549294
2025-03-13,-0.38288983548133393,0.1891938766817703,0.35362997658079626,-2.282091446986919,-1.0552276104881009,0.12412177985948478,-2.670039592981487,-0.9701591952663148,0.04449648711943794
2025-03-14,1.6744043824380976,0.6842640452672127,0.927570093457944,3.9032974318318088,0.5976140702852021,0.985981308411215,1.6460313191415574,-0.09809569046369082,0.8341121495327103
2025-03-17,0.1803553483866066,0.5162944796403441,0.5547785547785548,1.5918140993649441,0.9290140799784494,0.8111888111888111,1.47098022024957,0.4249296131073961,0.7995337995337995
2025-03-18,0.4794354734194467,0.5040081442333784,0.6441860465116279,-1.7779941695702146,0.026677996795561598,0.17209302325581396,-0.5779900562055396,0.09062305666975093,0.3767441860465116
2025-03-19,0.06937408718957627,0.3591301252187777,0.5150812064965197,2.336724584568307,0.7966935260531434,0.9187935034802784,1.5866637594804094,0.5893032909399704,0.8236658932714617
2025-03-20,-0.17019664449329835,0.1826878686480857,0.41435185185185186,-0.4591940950760973,0.3780643190100632,0.375,-1.358169596050769,-0.05985433805694268,0.2037037037037037
2025-03-21,-0.15435254046916536,0.07034106560900202,0.43187066974595845,0.16484927111419287,0.3069926363781065,0.5519630484988453,-1.4270732241023074,-0.5155939667387309,0.19399538106235567
2025-03-24,1.346109979088119,0.495597370102041,0.8870967741935484,3.6117460914022628,1.4085771213861586,0.9792626728110599,0.4815294019278383,-0.18321951051654126,0.6359447004608295
2025-03-25,0.2922217402594995,0.4278054934878605,0.5885057471264368,0.4736273285859066,1.0969271904527413,0.6068965517241379,-0.19019749764144078,-0.18554550622484112,0.46436781609195404
2025-03-26,0.8579612752728859,0.5711907540828689,0.7889908256880734,-2.110052055876793,0.02793410834289667,0.13302752293577982,-2.6232265988363386,-0.9981058704286736,0.045871559633027525
2025-03-27,0.6619025979253863,0.601428035363708,0.7093821510297483,-0.5885102791848447,-0.17754735416635042,0.3501144164759725,-0.22163914949311214,-0.7392836301168199,0.459954233409611
2025-03-28,-1.6549833585885103,-0.15070909595369797,0.07534246575342465,-3.5440217790906003,-1.2997054958077672,0.0547945205479452,-0.45717366940751614,-0.645246976547052,0.4132420091324201
2025-03-31,-0.07719280288834574,-0.1262036649319139,0.4601366742596811,0.2982316235945812,-0.7670597893403178,0.5831435079726651,0.019918535976436114,-0.4235251390392227,0.5398633257403189
2025-04-01,-1.091738473617478,-0.4480486011604352,0.16590909090909092,0.9250091271338174,-0.20303681718227284,0.7068181818181818,0.42406823285590356,-0.14099401507418063,0.634090909090909
2025-04-02,0.1537691618209077,-0.24744268016665427,0.5396825396825397,1.7262047634501152,0.4400437096951898,0.8321995464852607,1.461217370756481,0.39307644686937326,0.7959183673469388
2025-04-03,-2.4880999669421566,-0.9943284424251551,0.02262443438914027,-6.0,-1.7066375268698735,0.004524886877828055,0.0,0.2620509645795822,0.5271493212669683
2025-04-04,-4.179015141321132,-2.055890675390481,0.006772009029345372,-5.845676186999218,-3.086317080246322,0.006772009029345372,-5.270605481282187,-1.5821678507076742,0.006772009029345372
2025-04-07,1.607561804887533,-0.8347398486311431,0.9234234234234234,0.1208963720400443,-2.0172459294842002,0.5382882882882883,-3.149362375648148,-2.1045660256878325,0.02702702702702703
2025-04-08,1.83088362638141,0.05380130970637442,0.9483146067415731,-2.083861140057734,-2.0394509996753785,0.14606741573033707,-0.41623648250150647,-1.5417895112923907,0.4202247191011236
2025-04-09,2.4527373822860112,0.85344666723292,0.9865470852017937,6.0,0.6403660002164142,1.0,2.554370515494942,-0.1764028356966134,0.9372197309417041
2025-04-10,2.556979182767273,1.4212908390777044,0.9865771812080537,-3.5127254861286725,-0.7439978285652813,0.06263982102908278,0.07410974060905451,-0.09289864359472412,0.5592841163310962
2025-04-11,0.7782017086741096,1.2069277956098396,0.7522321428571429,1.7912938075440272,0.10109938347115482,0.8415178571428571,1.9522837472477357,0.588828820019429,0.8772321428571429
2025-04-14,-0.9853566975540942,0.4761662978885285,0.18930957683741648,1.0052943470587814,0.4024977046670304,0.7260579064587973,1.2938398179290482,0.8238324859893021,0.7527839643652561
2025-04-15,-0.20767979847276763,0.24821759910142982,0.3977777777777778,0.21985766239777765,0.34161769057727953,0.5644444444444444,-0.6202746074772415,0.3424634548337877,0.36444444444444446
2025-04-16,0.9771702419792484,0.491201813394036,0.811529933481153,-1.8467243079708346,-0.3878296422720918,0.16851441241685144,1.275326766991796,0.6534178922197905,0.7516629711751663
2025-04-17,1.0995460446300533,0.6939832238060417,0.8362831858407079,0.4437938507570719,-0.11062181126237064,0.6061946902654868,0.7422844682480925,0.6830400842292246,0.6792035398230089
2025-04-21,2.4391230202108085,1.2756964892742975,0.9823399558498896,-1.8183439793334806,-0.6798625339527407,0.17439293598233996,0.3823694195002556,0.5828165293195683,0.6203090507726269
2025-04-22,-0.7410526051107638,0.6034467911459438,0.2422907488986784,2.585055900432239,0.40844361084225245,0.9317180616740088,-0.41621765357370977,0.24980513502180898,0.41629955947136565
2025-04-23,-2.089647586029532,-0.2942513345792147,0.05274725274725275,1.8887619044345012,0.9018830420396686,0.8549450549450549,-0.7862883440612727,-0.09555935800588486,0.3230769230769231
2025-04-24,-0.23452236342837995,-0.27434167752893646,0.39035087719298245,2.353077313046737,1.3856144657086915,0.918859649122807,2.102462570912225,0.6371146183001518,0.8947368421052632
2025-04-25,-1.2736687921779755,-0.6074507157452828,0.12472647702407003,0.7775041640767001,1.1829110318313611,0.6608315098468271,-0.4761195321698741,0.26603656814347654,0.4048140043763676
2025-04-28,0.022505731424102504,-0.3974652333554877,0.4978165938864629,0.27786618571694516,0.8812294164598892,0.574235807860262,0.9086762717382691,0.48024980267507406,0.7052401746724891
2025-04-29,-1.3194442316042934,-0.7047915661050896,0.11764705882352941,0.688336859877582,0.8169318975991202,0.6361655773420479,-0.31666272120244116,0.21461229471590235,0.4357298474945534
2025-04-30,-0.08067250146472371,-0.4967518778916344,0.45869565217391306,-0.02603097582628512,0.5359442731239852,0.4782608695652174,-1.7561931798554458,-0.44232286347454697,0.1391304347826087
2025-05-01,-0.24810715753718748,-0.4138703044401521,0.3839479392624729,1.0007946451799563,0.6908943971426422,0.7223427331887202,-0.9294852680842487,-0.6047103316777809,0.279826464208243
2025-05-02,1.381273103468431,0.18451083152937547,0.8896103896103896,1.627087120761905,1.0029586383490632,0.8138528138528138,0.6010935852537964,-0.20277569270058848,0.658008658008658
2025-05-05,1.2037712842295514,0.5242643157627674,0.8509719222462203,-0.43686180523605267,0.523018490487358,0.3714902807775378,0.05671962597270089,-0.11627725314282537,0.5485961123110151
2025-05-06,0.5863096454526389,0.544946092326058,0.6702586206896551,-0.7317765897805892,0.10475346373137567,0.32112068965517243,0.6876195230807274,0.1516883389316922,0.6702586206896551
2025-05-07,-1.0170190096814893,0.02429105832354228,0.17634408602150536,0.4832871014507009,0.23093134297115075,0.610752688172043,-1.260110089816421,-0.31891113731767884,0.21935483870967742
2025-05-08,0.6319639970963243,0.2268487045811363,0.6866952789699571,1.1549297920351043,0.5389308259924686,0.7446351931330472,-1.5714864266826154,-0.7364362337726578,0.1609442060085837
2025-05-09,0.2646290476416183,0.23944215226796364,0.5738758029978587,-0.010924697216696398,0.35564565158941364,0.4796573875802998,0.39724232231946055,-0.3585433817419517,0.6274089935760171
2025-05-12,0.45992897548738965,0.3129377600077723,0.6346153846153846,3.3427811141249544,1.3513574724345938,0.9722222222222222,-0.6463498465133624,-0.4544788699990886,0.3525641025641026
2025-05-13,0.7492067936286186,0.4583607712147211,0.7420042643923241,0.9300884335220787,1.2109344594637554,0.7036247334754797,1.4801428310336493,0.1903950303451573,0.8081023454157783
2025-05-14,-0.21631069912043244,0.23347028110300327,0.39361702127659576,0.11084410155485758,0.8442376734941228,0.5191489361702127,-1.099838987022491,-0.23968297544405873,0.251063829787234
2025-05-15,-0.34500674341205684,0.04064460626464994,0.3503184713375796,0.3731427152477972,0.6872060207453476,0.5817409766454352,0.5588282555937055,0.026487434901862672,0.6496815286624203
2025-05-16,-0.7656922552462199,-0.22813434757230663,0.23728813559322035,0.5539266127188214,0.6427795514031722,0.6186440677966102,-0.38509925021942437,-0.110708126805233,0.4279661016949153
2025-05-19,0.37899608955977987,-0.025757535194944503,0.6131078224101479,-0.03934352785771418,0.4154051916495435,0.46723044397463004,0.8166422888938555,0.19840867842779647,0.6997885835095138
2025-05-20,1.0711812627964261,0.339888730802179,0.8312236286919831,-0.21958580788001067,0.20374152513969215,0.43037974683544306,0.2007182085158462,0.19917852179047973,0.5864978902953587
2025-05-21,1.4876616401376135,0.7224797005806571,0.9052631578947369,-1.6186125947716994,-0.40370984816410493,0.1957894736842105,-0.5921295083015896,-0.06459082157354337,0.3642105263157895
2025-05-22,-1.1032383867755087,0.11390700479526861,0.1638655462184874,0.08939337032563406,-0.23934210866752528,0.5042016806722689,-0.24670214433752646,-0.1252945958282044,0.453781512605042
2025-05-23,0.43446649149206545,0.2207601670275342,0.6289308176100629,-0.6588814792842573,-0.3791885655397693,0.3312368972746331,0.9100534802748934,0.21982142953949482,0.7148846960167715
2025-05-27,-2.013879063268602,-0.5241195764045112,0.05439330543933055,2.0241656855275005,0.42192951814932056,0.8723849372384938,-0.01936679707933542,0.14009202066655144,0.5209205020920502
2025-05-28,-0.06811647008196231,-0.3721185409636616,0.46346555323590816,-0.6076124331811267,0.07874886770583817,0.33611691022964507,-0.780803724218502,-0.16687322762846632,0.31941544885177453
2025-05-29,-0.777429048927643,-0.5072220436183221,0.2375,0.1810175086610094,0.11283841469089526,0.5479166666666667,0.9629778961064113,0.20974381361649286,0.7291666666666666
2025-05-30,-0.6927701641267168,-0.5690714171211204,0.2661122661122661,-0.2739346539032799,-0.016085941507163123,0.4178794178794179,0.07921904747411807,0.16623555823570127,0.5571725571725572
2025-06-02,1.951538218991793,0.27113179491651734,0.9543568464730291,0.46291694446284043,0.14358168714950473,0.6037344398340249,0.9388079681013839,0.42375969485759546,0.7240663900414938
2025-06-03,-0.00015576545080453474,0.18070260812741007,0.4927536231884058,0.7752515275508025,0.35413830061660395,0.6645962732919255,-0.8693341171773871,-0.0072715758207320125,0.2981366459627329
2025-06-04,-2.02583197411299,-0.5548089192860566,0.05371900826446281,-0.11096362892701475,0.1991043241020644,0.45867768595041325,0.8634667670066999,0.28297453845507864,0.7086776859504132
2025-06-05,-0.3741123328193846,-0.494576723797166,0.3463917525773196,-0.5798159116797175,-0.06053575449186285,0.3402061855670103,-0.3940143298709654,0.0573115823463973,0.42061855670103093
2025-06-06,1.1513852329230954,0.05407726177625438,0.845679012345679,0.9024457558168123,0.2604580822776955,0.6934156378600823,-0.9814378690590004,-0.28893823478873526,0.2613168724279835
2025-06-09,-0.053001805737573876,0.018384239271644967,0.4804928131416838,0.08272469250774386,0.20121361902104498,0.5030800821355236,0.3241694701276456,-0.08456899981660834,0.6119096509240246
2025-06-10,-0.2652237078863546,-0.07615174311435488,0.38114754098360654,0.4174908060016078,0.2733060146812326,0.5963114754098361,0.07474924604042488,-0.031462917864263945,0.555327868852459
2025-06-11,0.04646191640785702,-0.03528052327361759,0.5071574642126789,-0.455713604046709,0.030299475105252105,0.3619631901840491,0.391090191187184,0.1093881184862187,0.623721881390593
2025-06-12,-0.8525654938032439,-0.307708846783493,0.2163265306122449,-0.06063783207723358,-1.2960622243120973e-05,0.4673469387755102,1.1836728866018713,0.4674830411914362,0.763265306122449
2025-06-13,1.6436735287477386,0.34275194506025086,0.924643584521385,-1.4113548874662754,-0.47046026957025383,0.20977596741344195,-1.0833002774593194,-0.04944473169214897,0.24236252545824846
2025-06-16,0.3731461324709592,0.35288334086382034,0.6138211382113821,1.0117276343760402,0.023602365078510767,0.7357723577235772,0.008783738781287131,-0.03003524153433694,0.524390243902439
2025-06-17,-1.1234590592851785,-0.13923079251917925,0.16024340770791076,-1.0234217971952377,-0.3254056890127387,0.2616632860040568,-1.3985115303200528,-0.4861940044629089,0.1845841784989858
2025-06-18,-0.571669471498346,-0.2833770188455682,0.30364372469635625,0.02141221183890807,-0.2097997220621898,0.48380566801619435,-0.1780315552133418,-0.3834731880463866,0.47368421052631576
2025-06-20,0.29713205586897823,-0.08987399394071942,0.5898989898989899,-0.4094042198846213,-0.27633455466966694,0.37575757575757573,0.5554828053090228,-0.07048785692791684,0.6525252525252525
2025-06-23,-0.8203164923084124,-0.3333548267299504,0.2217741935483871,0.8999604508632798,0.11576378050798194,0.6955645161290323,0.7619444288030724,0.20698957164907955,0.6895161290322581
2025-06-24,-1.5320703246587961,-0.732926659372899,0.09859154929577464,1.118821082430239,0.4501162144820676,0.7505030181086519,1.0701631725238876,0.4947141052740156,0.7484909456740443
2025-06-25,-0.1734674205729127,-0.5464402464395703,0.41566265060240964,-0.3519425118172169,0.18276330571563948,0.3895582329317269,0.13711795052585712,0.3755153870246295,0.570281124497992
2025-06-26,-0.31033045459542036,-0.46773698249152035,0.3667334669338677,0.8200430351759178,0.3951898822023989,0.6813627254509018,0.8956145120361741,0.5488817620284777,0.7154308617234469
2025-06-27,-0.0850562246463269,-0.34017672987645586,0.458,0.06258205955238812,0.28432060798572867,0.5,-0.6145849191968463,0.16105953495336972,0.354
2025-06-30,-0.8034479635247647,-0.49460047442589217,0.22954091816367264,0.2559612391375302,0.2748674850363292,0.5688622754491018,1.244399606059385,0.5221728919887081,0.7684630738522954
2025-07-01,0.10849767954062395,-0.2935677564370535,0.5338645418326693,-0.42309404346224155,0.04221364220347232,0.3665338645418327,-0.40799555822142425,0.21211674191866403,0.41434262948207173
2025-07-02,1.1144304135099974,0.17576496687863005,0.8389662027833003,0.474303586294554,0.1862436235671662,0.6123260437375746,0.15083344064355575,0.1916889748269613,0.5725646123260437
2025-07-03,0.43064405168128916,0.26072466181284976,0.6369047619047619,0.5113459698417688,0.2946110723253671,0.621031746031746,-1.0907028388521105,-0.23577496306606263,0.23809523809523808
2025-07-07,0.7154424031314894,0.4122972422523963,0.7306930693069307,-1.5443580998773094,-0.3183786517421917,0.19405940594059407,-1.6109432984977419,-0.6941644082099556,0.14653465346534653
2025-07-08,0.525251412305467,0.4499486322700866,0.6600790513833992,-0.18386313510277613,-0.27354014619571987,0.43280632411067194,-0.8140800300359692,-0.7341362821519601,0.30632411067193677
2025-07-09,-1.4387126803094532,-0.17960513858975996,0.10059171597633136,0.7903858686183665,0.08110185874230885,0.6765285996055227,0.5064990486815178,-0.3205911718741342,0.6469428007889546
2025-07-10,0.21228737186099195,-0.04897430177284268,0.5649606299212598,-0.3310954229683903,-0.05629723516125752,0.39763779527559057,-1.0627603288495893,-0.5679808908659525,0.2421259842519685
2025-07-11,2.0959193122908166,0.665990236248377,0.9607072691552063,-1.5411717782734256,-0.5512554161986468,0.1944990176817289,-1.3189136066927416,-0.8182917961415488,0.1944990176817289
2025-07-14,-0.41917692988714095,0.3042678475365378,0.32941176470588235,0.14909646899325238,-0.31780478780134713,0.5411764705882353,-0.5685974590954758,-0.7350603504595246,0.3686274509803922
2025-07-15,0.0507766782520539,0.21977079110837652,0.5107632093933464,-1.5793694224711796,-0.7383263326912913,0.18786692759295498,-2.367474086686462,-1.2791982625351705,0.06262230919765166
2025-07-16,-0.4115174636030498,0.009341372871234432,0.33203125,0.07143900522760174,-0.4684045533849937,0.505859375,1.397884489707388,-0.38683734512098444,0.8046875
2025-07-17,0.14630194061807572,0.05499489545351486,0.543859649122807,0.929427774003617,-0.002460444255456884,0.7212475633528265,-0.8018790004563674,-0.5251845635661121,0.3138401559454191
2025-07-18,-0.4814306931055937,-0.123813634066188,0.311284046692607,-1.2134064087419618,-0.4061090990842918,0.22957198443579765,0.5440963748948215,-0.16875758407913427,0.6517509727626459
2025-07-21,-1.059352306099105,-0.43565985807716034,0.1669902912621359,-0.19274680042922265,-0.33498833286593543,0.43106796116504853,1.608209715866841,0.42356484923619075,0.8504854368932039
2025-07-22,-0.2986360503598571,-0.38998525550472596,0.375968992248062,-0.7886333082021171,-0.48620332464466265,0.29457364341085274,1.517533137258205,0.7882209452435288,0.8313953488372093
2025-07-23,0.7863666560108821,0.002132048333809977,0.7640232108317214,1.1277218759434144,0.05177174221802966,0.7640232108317214,0.22562242545768763,0.6006881053149151,0.5957446808510638
2025-07-24,0.17127785039898266,0.058513982355534205,0.5579150579150579,-0.9425962595787641,-0.27968425838090155,0.2722007722007722,-1.3010626891877914,-0.03322882618598705,0.19884169884169883
2025-07-25,-1.4889974546546827,-0.4573231633145381,0.09826589595375723,0.0634965678615903,-0.16529064963340429,0.5028901734104047,-0.46356268977280546,-0.17667344738159318,0.4007707129094412
2025-07-28,0.961314470475203,0.015556047948708907,0.8115384615384615,-0.2891664963759397,-0.20658259854758276,0.4096153846153846,-2.8232570560557693,-1.0588679836063186,0.03653846153846154
2025-07-29,-1.7787521499404648,-0.5825466846810156,0.0690978886756238,-1.1808815210498205,-0.5313489060483287,0.23224568138195778,-0.5295223828326439,-0.8824194500150937,0.381957773512476
2025-07-30,-0.6907699972739304,-0.6186211222119872,0.2662835249042146,-0.6173142757431672,-0.5600040292799415,0.32375478927203066,-3.0611155827903014,-1.6086514942734964,0.028735632183908046
2025-07-31,-0.07683741903822913,-0.4380265544874012,0.4665391969407266,-1.8592989871554102,-0.9931023485717645,0.13957934990439771,-0.35298673459772006,-1.190096574381571,0.4321223709369025
2025-08-01,-1.7458983595768856,-0.8739838228505628,0.07061068702290077,-4.621009626159459,-2.2024047744343296,0.022900763358778626,2.126334352860197,-0.08461959863431512,0.9103053435114504
2025-08-04,-0.2131961449463386,-0.6537212635491547,0.4038095238095238,3.4214021472496023,-0.3278024672063524,0.9752380952380952,1.242977826193612,0.35791287630832724,0.7695238095238095
2025-08-05,-0.30831584736788714,-0.5385861248220656,0.3688212927756654,-1.2621950306346865,-0.6392666550157972,0.21673003802281368,-0.48203824011713264,0.077929170833174,0.3973384030418251
2025-08-06,0.27208866792589814,-0.2683611939060777,0.5901328273244781,1.296628020276147,0.006031570081517557,0.7874762808349146,1.3051019335062388,0.48698675839086225,0.7798861480075902
2025-08-07,0.46974855828260287,-0.022324609843184212,0.6534090909090909,-0.1804755265568111,-0.05613746213125866,0.44507575757575757,-0.6176457034981594,0.11877593776118842,0.3541666666666667
2025-08-08,0.8744081881309158,0.27658632281484913,0.7977315689981096,1.4389737356151995,0.4422329371175607,0.8015122873345936,-0.5910159619181992,-0.11782136213194076,0.3610586011342155
2025-08-11,-1.16876555527555,-0.20519763654861722,0.13962264150943396,-0.9044506799590013,-0.0066616019079599464,0.2792452830188679,-1.165154458238016,-0.4669323941672992,0.22830188679245284
2025-08-12,0.8678101374841731,0.15247162146231288,0.7966101694915254,3.3350692953806145,1.1072486971882314,0.967984934086629,1.963166548996488,0.34310058688729644,0.8926553672316384
2025-08-13,-0.4243322036907279,-0.03979632025536735,0.32706766917293234,0.7327347173229206,0.9824107038997945,0.6616541353383458,1.5499655702888933,0.7453889146878286,0.8364661654135338
2025-08-14,0.6223270030677797,0.18091145418568164,0.6979362101313321,-1.0356369264393577,0.3097281604534105,0.2570356472795497,-2.350076305876958,-0.28643282550043353,0.0675422138836773
2025-08-15,0.983620781253,0.4484812298747878,0.8220973782771536,-1.381606138580767,-0.2540499392246486,0.20786516853932585,0.8303675783601485,0.08583397578642712,0.7078651685393258
2025-08-18,0.08872211978545236,0.328561526511676,0.525233644859813,-0.365118975409753,-0.2910729512863501,0.38691588785046727,-1.308878726697491,-0.3790702583748789,0.19813084112149532
2025-08-19,-1.0287814673223468,-0.12388613809966487,0.17350746268656717,-2.9093681724299376,-1.1638380250008793,0.07462686567164178,-1.0173119207730346,-0.5918174791742641,0.26119402985074625
2025-08-20,0.6798595876038674,0.14402910380151254,0.7225325884543762,-1.5533395313077025,-1.2936718604364872,0.18994413407821228,-0.3188927564032324,-0.5008425715839202,0.441340782122905
2025-08-21,0.8193880218383864,0.3691487431471372,0.7788104089219331,-1.192790933076944,-1.260044884649973,0.2342007434944238,-2.501917861032555,-1.1678676680667985,0.05018587360594796
2025-08-22,0.46459933590838565,0.4009656074008867,0.647495361781076,4.418367662415271,0.6327592977051082,0.9925788497217068,5.136167950278171,0.9334775380481911,1.0
2025-08-25,0.36397590500732624,0.38863570660303326,0.6185185185185185,-1.5791346146809915,-0.10453867309025833,0.18518518518518517,-2.9973526049124093,-0.3767991762720089,0.03148148148148148
2025-08-26,0.3560947998047218,0.3777887376702628,0.6173752310536045,0.7510800761726236,0.18066757666403566,0.66728280961183,1.4249367390104895,0.22377946215549055,0.8077634011090573
2025-08-27,0.7949047587089815,0.5168274113498357,0.7675276752767528,0.2864805372174897,0.215938563515187,0.584870848708487,0.3044988032870927,0.25068590919935796,0.6088560885608856
2025-08-28,-0.15168580079465233,0.29398967396833975,0.430939226519337,0.7810317193993861,0.40430294880992,0.6813996316758748,0.8047245672191717,0.4353654618726292,0.7016574585635359
2025-08-29,1.8086285471920847,0.7988692983762546,0.9430147058823529,-2.667711032228426,-0.6197017115361951,0.08455882352941177,-0.9805383379102605,-0.036602471388333946,0.2647058823529412
2025-09-02,2.3630770191538586,1.3202718719687894,0.981651376146789,-2.2560447390427565,-1.1651493873717156,0.11559633027522936,-2.216251367429215,-0.7631521034019608,0.08623853211009175
2025-09-03,-2.297585197112713,0.11431951560828879,0.0347985347985348,1.0249468289588535,-0.43511731526152597,0.7509157509157509,1.5320076451964164,0.001901146130831477,0.8333333333333334
2025-09-04,-1.1024619421137045,-0.2912743036323756,0.16270566727605118,2.076616093636374,0.4021271543711072,0.8884826325411335,0.7772500494159535,0.26035078055920546,0.6946983546617916
2025-09-05,-2.3181200445841617,-0.9668895506163043,0.032846715328467155,-0.2287303330158379,0.19184132524212555,0.4343065693430657,1.123476084260656,0.5480592151263557,0.7554744525547445
2025-09-08,-1.2947048680072955,-1.076161323079968,0.12021857923497267,0.5589005463174261,0.31419439893389245,0.6357012750455373,0.47425985763378214,0.5234594292954979,0.6375227686703097
2025-09-09,0.9002573054225951,-0.4173551135791138,0.8090909090909091,-0.04858932347175207,0.1932664914653443,0.4763636363636364,-1.6665580097838437,-0.2065463837309492,0.14181818181818182
2025-09-10,0.25875505744197136,-0.19198505657208548,0.5771324863883848,-0.23721702498851593,0.04977198598072424,0.4301270417422868,-0.028712222183452304,-0.1472683298817836,0.515426497277677
2025-09-11,-0.973921601066822,-0.4526305714036643,0.1956521739130435,1.8645557151849579,0.6546998957154687,0.8659420289855072,1.7426390821549844,0.48270080746380567,0.8695652173913043
2025-09-12,0.5176423878367487,-0.12920625165686003,0.6600361663652803,-0.34618302954961466,0.32107225396044103,0.3924050632911392,-1.1242525916104058,-0.05295032556093143,0.23688969258589512
2025-09-15,0.1336442133593098,-0.041589429984803444,0.5361010830324909,1.2875609272110649,0.6432351450439823,0.7851985559566786,1.8811818922120112,0.5917604136967161,0.8880866425992779
2025-09-16,0.6222373746056199,0.17968617154533767,0.6954954954954955,-0.8390178284891081,0.1491508205329522,0.2936936936936937,0.7323383082451289,0.6386197118795204,0.6810810810810811
2025-09-17,0.048611294474677214,0.13599454585511753,0.5053956834532374,-0.7303807029230429,-0.1440263539523795,0.31115107913669066,-1.5045095085146714,-0.07575669491854342,0.1672661870503597
2025-09-18,1.0442742042750293,0.43875443199508807,0.8348294434470377,2.3333192157960143,0.6817555026304184,0.9210053859964094,-0.15344825714854327,-0.10165388232854337,0.48473967684021546
2025-09-19,0.18428529602941013,0.35393138667319546,0.557347670250896,0.5774180568364182,0.6469763540324184,0.6415770609318996,-0.6672012384465318,-0.29016966770120617,0.34229390681003585
2025-09-22,1.3724854899107777,0.6934494210857228,0.8926654740608229,1.0636839146821055,0.7858788742489808,0.7584973166368515,1.0390250425936807,0.1528952357304227,0.7441860465116279
2025-09-23,-0.031023701071239085,0.4519583803667356,0.48214285714285715,-1.9389647488929402,-0.12240233346499274,0.13214285714285715,-0.3990804004282309,-0.031096642989128467,0.4232142857142857
2025-09-24,0.5163459957591037,0.47342091883085835,0.6577540106951871,-1.537506907715874,-0.5941038582152864,0.19429590017825313,-2.4672850003315494,-0.8431594287699354,0.053475935828877004
2025-09-25,0.5543448123251088,0.5003955499956085,0.6672597864768683,-1.8310204759263742,-1.0064093974523156,0.1494661921708185,-3.064048963874554,-1.583455940471475,0.02491103202846975
2025-09-26,0.823685380640927,0.6081588268773814,0.7797513321492007,1.0885569584903774,-0.3080872788047514,0.7602131438721137,1.7629900099767846,-0.467973956988722,0.872113676731794
2025-09-29,-1.196546154805616,0.006590499649715698,0.13652482269503546,0.6427634177290258,0.008862953373174304,0.648936170212766,1.2799861138316215,0.11467939995139242,0.774822695035461
2025-09-30,0.3687851272043458,0.12732204216792573,0.6159292035398231,0.4510502017151041,0.15625870282048424,0.6088495575221239,-0.10189700541072239,0.0424872648306875,0.5026548672566372
2025-10-01,-0.34890223301706,-0.03141938289373618,0.3462897526501767,0.767598017934358,0.36003847452510884,0.6713780918727915,0.9029193242482949,0.3292979513032233,0.7173144876325088
2025-10-02,-1.222747707213918,-0.42852882433379674,0.13227513227513227,0.5767934675687927,0.4322901388730035,0.63668430335097,-0.6741428273577541,-0.00518230825043578,0.3386243386243386
2025-10-03,0.9746357174227815,0.03919268958506261,0.8204225352112676,-0.7794605571356097,0.02837324020346582,0.3028169014084507,-0.36176724121758513,-0.12404395257281889,0.43133802816901406
2025-10-06,2.5546053019318986,0.8776635603673413,0.9876977152899824,1.248343179163877,0.43502988652360286,0.7820738137082601,-1.0811325079077851,-0.44307347101780764,0.24428822495606328
2025-10-07,-0.5769975476673976,0.39277652435576177,0.29473684210526313,-1.9713269812045096,-0.36708906938576785,0.1280701754385965,-2.013733607731267,-0.9666268499222941,0.10350877192982456
2025-10-08,0.474537632172525,0.4200302269613495,0.647985989492119,2.2474332517982374,0.5044183710089005,0.9089316987740805,-1.4717292992751956,-1.134994333039928,0.17513134851138354
2025-10-09,-1.620979064036819,-0.2603062033713733,0.07867132867132867,-1.1812065724917071,-0.0574566101579686,0.23601398601398602,-3.1323934999260654,-1.800794055335307,0.022727272727272728
2025-10-10,-3.2642139053627517,-1.2616087707018326,0.008726003490401396,-5.851289296949859,-1.988734172421932,0.005235602094240838,-1.8545855841506964,-1.818724564940437,0.1169284467713787
2025-10-13,2.0049371070075384,-0.17276014479870905,0.9564459930313589,4.48611421021615,0.1695486217907618,0.9930313588850174,2.100980516510062,-0.5121562044569375,0.9111498257839721
2025-10-14,-0.14199972630883798,-0.16250667196875204,0.4295652173913043,-0.5024563172241302,-0.054453024547535506,0.35478260869565215,1.1145951786336759,0.030094256573266864,0.7547826086956522
2025-10-15,1.179317365563636,0.2847680072087106,0.859375,1.2123880137378966,0.3678273215476085,0.7777777777777778,2.0941984890003997,0.7181290007156444,0.9079861111111112
2025-10-16,-0.5410179513064426,0.009506021036992912,0.29982668977469673,-1.9899675012624807,-0.4181042860557545,0.12824956672443674,-0.7685309605240973,0.22257568030239727,0.32582322357019067
2025-10-17,-0.31511502592137025,-0.0987009946157948,0.35813148788927335,0.5821107138257842,-0.08469928609524166,0.6418685121107266,0.8842417745874684,0.4431310450640877,0.7145328719723183
2025-10-20,1.5800551813849504,0.4608843973844535,0.917098445595855,2.7097018099700354,0.8467677459265173,0.9430051813471503,0.2719543916488425,0.3860721605923393,0.6027633851468048
2025-10-21,-2.1651429207903226,-0.4144580420071385,0.04482758620689655,-0.5059182144773873,0.39587242579188253,0.35344827586206895,-1.6524174939894318,-0.2934243909349176,0.1482758620689655
2025-10-22,0.5618540401800913,-0.08902068127806192,0.6678141135972461,-2.296354977929693,-0.5015367087819758,0.10327022375215146,-0.2688448574090039,-0.2852312130929464,0.45438898450946646
2025-10-23,1.9206110421636189,0.580856559869165,0.9501718213058419,1.5870542231618887,0.19466026853264567,0.8230240549828178,0.7638306684186295,0.06445608074424553,0.6890034364261168
2025-10-24,-0.6641737075253693,0.16584647073765357,0.2641509433962264,1.8687358205544327,0.752685452539908,0.8662092624356775,1.0356811308307783,0.3881977641064231,0.7427101200686106
2025-10-27,-1.4520121098444887,-0.37343972278972715,0.10102739726027397,2.5791607929241347,1.361510566001317,0.934931506849315,1.227613563131344,0.6680030304480635,0.7705479452054794
2025-10-28,-1.189194987168979,-0.6453581442494778,0.14188034188034188,0.3990491954700383,1.0406901091575576,0.5914529914529915,-0.35959806473102174,0.32546933205503514,0.4324786324786325
2025-10-29,1.8880170945001427,0.19910026866706232,0.947098976109215,-0.23156033402903495,0.6166066280953602,0.4300341296928328,-2.884950860775761,-0.7446707322218968,0.03583617747440273
2025-10-30,1.3372427817892858,0.5784811063744701,0.8824531516183987,-3.2404388676797176,-0.6690752038296657,0.06132879045996593,-1.8267531651729718,-1.105364876538922,0.12436115843270869
2025-10-31,0.62173173582226,0.5928979828570669,0.6921768707482994,0.619812707955451,-0.2394458999012935,0.6428571428571429,-0.731048039604994,-0.980592597560946,0.33163265306122447
2025-11-03,0.4555306449512562,0.5471088702217967,0.6366723259762309,0.17196051041013827,-0.10231042979748292,0.5483870967741935,-1.4851588704134944,-1.1487813551784622,0.17826825127334464
2025-11-04,-1.5325677837989629,-0.1461166811184565,0.09491525423728814,-4.046000191929025,-1.4168736838413303,0.030508474576271188,-0.7541311822866136,-1.0172312975478461,0.3288135593220339
2025-11-05,2.260630766741656,0.6561324681682477,0.9695431472081218,1.3242583264423828,-0.5031630137467593,0.7952622673434856,0.39485790346044897,-0.5465348972117479,0.626057529610829
2025-11-06,-1.0659861848768029,0.08209291715323092,0.17060810810810811,-3.6920590613629467,-1.5661283629521552,0.04054054054054054,1.6108356148068483,0.17258860679445076,0.856418918918919
2025-11-07,1.2127639481670918,0.45898326082451785,0.8600337268128162,-0.2907082974321764,-1.1409883411121624,0.4114671163575042,0.5859605444405961,0.31037925267649924,0.6610455311973018
2025-11-10,1.3659887001723514,0.7613184072737957,0.8872053872053872,3.506526793011686,0.40818337026245366,0.9764309764309764,1.2820680771803659,0.6342755275111215,0.7811447811447811
2025-11-11,-0.04553508525088923,0.4923672430989008,0.4756302521008403,-0.3232808321082714,0.16436196947221204,0.40672268907563025,0.8467253890060362,0.7050921480094264,0.7092436974789916
2025-11-12,-0.4518592173430914,0.17762508961823678,0.313758389261745,-0.38608098592480655,-0.01911901566012747,0.3808724832214765,-0.9559632229330386,0.1514070243619382,0.2701342281879195
2025-11-13,1.1298235093584512,0.49502456286497487,0.8442211055276382,-4.538882566689699,-1.5257068660033177,0.023450586264656615,-0.9493533692218846,-0.21551310683266936,0.27638190954773867
2025-11-14,1.0543506596189791,0.6814665951163097,0.8277591973244147,-0.09095185447340537,-1.047455195493347,0.4682274247491639,-0.2985472392034694,-0.2431911509562694,0.4498327759197324
2025-11-17,-1.6735841452992983,-0.10355031835555956,0.07178631051752922,-2.519821121424047,-1.5382438374702472,0.09348914858096828,-1.3555368691975218,-0.6139730570366868,0.19365609348914858
2025-11-18,0.6292365359403433,0.14071196640974137,0.6933333333333334,-1.742896650562204,-1.606461441834233,0.16833333333333333,-0.1394181300762265,-0.45578808138320004,0.495
2025-11-19,-0.22967369802848392,0.017250078263666285,0.3910149750415973,0.7136368688352062,-0.8330953382777533,0.6572379367720466,-1.5148301263451043,-0.8088020963705015,0.16139767054908485
2025-11-20,-1.1760720165703726,-0.38052395334767997,0.14285714285714285,-4.094668479460109,-1.9202863853385388,0.03156146179401993,-0.36815969184555175,-0.661921294862185,0.4335548172757475
2025-11-21,-0.26929576971328295,-0.3434478921362143,0.37976782752902155,2.4351569857888,-0.46847192829609274,0.9303482587064676,1.8930385290219653,0.18973197976586503,0.8938640132669984
2025-11-24,-0.5203183051079889,-0.4024046964601392,0.3029801324503311,3.9314738346687452,0.9981766593588531,0.9867549668874173,1.3547480042179363,0.5780706545832222,0.8013245033112583
2025-11-25,-0.645084890584335,-0.4832980945015378,0.27107438016528923,1.7989098428841648,1.2650877205339572,0.8545454545454545,2.442928024397738,1.1996897778547275,0.9404958677685951
2025-11-26,-0.09963433470891214,-0.35541017457066265,0.44554455445544555,1.3695299489500652,1.29990179667266,0.7953795379537953,1.3264906600119932,1.2419567385738162,0.7887788778877888
2025-11-28,1.8632390773693468,0.3841395760760071,0.943986820428336,1.054891511198186,1.218231701514502,0.7512355848434926,0.4716102586719616,0.9851745786065313,0.6342668863261944
2025-12-01,2.7393433623560037,1.169207504836006,0.993421052631579,-1.2670080037679967,0.3898184664203359,0.22039473684210525,-0.6421425745060483,0.4427355275690049,0.3503289473684211
2025-12-02,-1.0287283687305073,0.4365622136471683,0.17898193760262726,0.5912188469309505,0.45695192659054085,0.638752052545156,1.0409330065753384,0.6421346872377828,0.7454844006568144
2025-12-03,0.2001271893320729,0.35775053887546987,0.5573770491803278,0.9001157052319361,0.6046731861376726,0.7032786885245902,1.935592396076156,1.0732872568505738,0.8967213114754098
2025-12-04,1.1106192036395175,0.6087067604634857,0.8379705400981997,0.10061461036064326,0.43665366087866286,0.5220949263502455,-0.2918685840035985,0.6182353098991831,0.44844517184942717
2025-12-05,0.46711976180692233,0.5615110942446313,0.6388888888888888,0.11858023068955237,0.3306291841489594,0.5326797385620915,0.38195263187581685,0.5394744172247277,0.6143790849673203
2025-12-08,-0.11870765150951013,0.3347715123265842,0.4355628058727569,-0.5353894487429303,0.041956306518329545,0.3458401305057096,-1.5091126531162886,-0.14338793955561097,0.1631321370309951
2025-12-09,0.10866787365483119,0.2594036327693332,0.5228013029315961,0.006872427209206361,0.030261680081955154,0.4837133550488599,-0.840587040293882,-0.37578763980170127,0.30130293159609123
2025-12-10,-0.24336383901114367,0.09181447550917426,0.383739837398374,1.1180874727374213,0.39287027763377713,0.7577235772357723,3.299992849746477,0.8494725233810247,0.9739837398373984
2025-12-11,0.2504999287977322,0.14470962660536024,0.5714285714285714,0.10718937360868301,0.29764330962541247,0.5227272727272727,1.1126382996740554,0.937194448812035,0.7516233766233766
2025-12-12,1.425718771655089,0.5717126749552698,0.8978930307941653,-3.1660437976795155,-0.8569190594762301,0.06969205834683954,-1.2348752486432553,0.2131712163269383,0.2171799027552674
2025-12-15,-0.5706905897534262,0.19091158671903782,0.29449838187702265,-0.9237930862270274,-0.879210401726496,0.27993527508090615,0.5025700909962489,0.3096375078833752,0.6407766990291263
2025-12-16,-2.461172012952293,-0.6931162798380723,0.022617124394184167,-0.22687089451091647,-0.6617638993213029,0.4345718901453958,0.6934969105187472,0.43759064209516585,0.6720516962843296
2025-12-17,1.3257613997320439,-0.0201570533147003,0.8790322580645161,-2.7825118359201095,-1.3686798781875718,0.07903225806451612,-1.1745781977442402,-0.0997989711846361,0.22903225806451613
2025-12-18,-1.6795226938214478,-0.573278933483616,0.07085346215780998,1.916774302037067,-0.273528484779359,0.8711755233494364,1.0138492849552911,0.27141711419533965,0.7391304347826086
2025-12-19,0.6838191898078428,-0.15424622571979643,0.7186495176848875,1.8649807854543579,0.43930793863187995,0.864951768488746,-1.3597871853221555,-0.272317652310492,0.18810289389067525
2025-12-22,1.566436931559701,0.4193148267067027,0.9117174959871589,1.0653209443571243,0.6479789405402947,0.7544141252006421,1.834684843444058,0.4300165129410246,0.8828250401284109
2025-12-23,0.3080304823836071,0.3822200452656709,0.5897435897435898,0.3532845644632495,0.5497474818479464,0.5849358974358975,1.48127811037869,0.7804370454202465,0.8269230769230769
2025-12-24,-1.5337275707254148,-0.2564291600646909,0.0944,0.4018004111497649,0.5004317916152192,0.5936,0.7101798281829748,0.7570179730078226,0.672
2025-12-26,0.7485676844261946,0.07856978809893758,0.7428115015974441,-0.34531879341193705,0.21851492993950053,0.3913738019169329,-0.48098241001329656,0.3443511786674497,0.3977635782747604
2025-12-29,-1.766231580953551,-0.5363640015852252,0.06698564593301436,-0.9510468903890545,-0.17133901017001776,0.2711323763955343,0.03665983271220576,0.2417873966823684,0.5342902711323764
2025-12-30,0.72725391392064,-0.11515802974993689,0.732484076433121,-0.6721306476980171,-0.3382695560126842,0.321656050955414,-0.43476325473438215,0.01627051287678491,0.40605095541401276
2025-12-31,1.0065814394801311,0.2587551266600857,0.8171701112877583,-1.5177229435414485,-0.731420685188939,0.1987281399046105,-0.21652861229129444,-0.06132919551257487,0.4642289348171701
2026-01-02,1.2492018641470477,0.5889040391557397,0.8666666666666667,0.2571572238740082,-0.40189471550129,0.573015873015873,-0.8856209491146307,-0.3360931133799268,0.29365079365079366
2026-01-05,0.8794243929389515,0.685744157083477,0.7892234548335975,1.6511921624203134,0.2824675771392444,0.8367670364500792,1.6358599483636769,0.32122457386794107,0.8589540412044374
2026-01-06,-0.47518033588530373,0.2987693260938835,0.31170886075949367,1.5877870462081451,0.717574066828878,0.8227848101265823,-1.2820830899016569,-0.21321131405525817,0.20253164556962025
2026-01-07,-2.1707157762527043,-0.5243923746883123,0.04265402843601896,-0.45671113222900017,0.3261456671429187,0.358609794628752,-0.8608249069248739,-0.42908251167846345,0.2985781990521327
2026-01-08,2.2956315341287192,0.41561559491736483,0.9716088328075709,-0.2912940142047003,0.12033244002704574,0.41009463722397477,-0.7361737006323883,-0.5314462413297718,0.32965299684542587
2026-01-09,-1.2017352571720321,-0.12350135577910076,0.14015748031496064,1.6045523116855365,0.6150723972465426,0.8299212598425196,-0.5590520264438406,-0.5406481697011281,0.3732283464566929
2026-01-12,0.7387233136527466,0.16390686736484833,0.7327044025157232,0.25089693852831335,0.4936805776737996,0.5660377358490566,0.9286182536542299,-0.050892695249342146,0.7232704402515723
2026-01-13,-0.03505729288567877,0.09758548061467263,0.4772370486656201,-0.501916773078167,0.1618147940898108,0.3500784929356358,-1.1025001562792522,-0.4014285155926455,0.2370486656200942
2026-01-14,-0.16920683705454653,0.00865470805826625,0.4106583072100313,-1.2290922115519733,-0.30182087445745054,0.22570532915360503,0.2349783201096623,-0.18929290369187624,0.5924764890282131
2026-01-15,-0.7188814841376593,-0.23385735600704224,0.25039123630672927,0.799181741287919,0.06517999745767261,0.6870109546165885,-1.4937090065347158,-0.624098271306156,0.16588419405320814
2026-01-16,0.7831307827479155,0.10513869024461028,0.753125,-0.31997678371936866,-0.06320559626800781,0.4078125,0.2916675155466621,-0.31884300902188334,0.6
2026-01-20,3.676518947616116,1.295598776035112,1.0,-4.024194447064693,-1.383535213200236,0.0327613104524181,1.296128416783099,0.21948079957977745,0.7847113884555382
2026-01-21,-0.25411858025649825,0.7790263239379086,0.37850467289719625,2.8488181901695047,0.02724925458967742,0.9548286604361371,0.814426267979967,0.41779595571317396,0.6993769470404985
2026-01-22,-0.2886644288110586,0.4231294063549197,0.36858475894245724,1.325573298895545,0.46002393602496666,0.7947122861586314,1.9208916440785497,0.9188278518349658,0.8973561430793157
2026-01-23,-0.07821695942548934,0.25601395109478337,0.453416149068323,-0.5701284628254193,0.11663980307483807,0.3338509316770186,2.53183985352435,1.4564985190647606,0.9487577639751553
2026-01-26,-0.6471768077433246,-0.045049635184585934,0.26666666666666666,0.5860560612890275,0.2731118891462346,0.6403100775193798,1.7128453241905657,1.5419474541066958,0.8697674418604651
2026-01-27,2.2095371264040287,0.7064792853449522,0.9659442724458205,1.2245296008697468,0.5902511263874053,0.7755417956656346,2.7414783154153315,1.9417910745429077,0.9628482972136223
2026-01-28,1.877181921360643,1.0967134973501824,0.9412673879443586,-0.00339189529904238,0.39237011915858944,0.482225656877898,-3.108677963623501,0.2583013951541049,0.023183925811437404
2026-01-29,0.06895597953984042,0.7541276580800684,0.5092592592592593,-0.8209313074365157,-0.012063689706445557,0.29012345679012347,0.06507995340561668,0.19389424790460882,0.5432098765432098
2026-01-30,-0.15365624314919057,0.4515330243369822,0.423728813559322,-2.0673609228490593,-0.6971627674206501,0.1263482280431433,-2.326402530766998,-0.6462046783192602,0.06933744221879815
2026-02-02,-1.4790308109306352,-0.19198825408555686,0.10153846153846154,1.3755001531567932,-0.006275127228169086,0.8,-1.354369584624397,-0.8822596470876392,0.18923076923076923
2026-02-03,1.9719087090695222,0.5293107336328028,0.9523809523809523,-2.121779056357426,-0.7114431036045881,0.11674347158218126,0.00943918641142949,-0.5850267025879498,0.5253456221198156
2026-02-04,1.0425820755663997,0.7004011809440018,0.8190184049079755,-2.5701458699087274,-1.3310106923726346,0.09049079754601227,-1.9795427435329236,-1.049865382902941,0.09969325153374232
2026-02-05,-3.4509518175833547,-0.6833831518984502,0.007656967840735069,-3.0678429883268943,-1.9099547910240546,0.07044410413476264,-1.7449907294434723,-1.281573831749785,0.12557427258805512
2026-02-06,1.0755438623182185,-0.0970741471595607,0.8302752293577982,4.811350728466065,0.3304803821393183,0.9969418960244648,2.8325023284814526,0.08978488832729414,0.9648318042813455
2026-02-09,0.6557994457159805,0.15388371713228632,0.7007633587786259,1.3130677278536278,0.6580094973774214,0.7908396946564885,2.7872008557578076,0.9889235441374652,0.9633587786259542
2026-02-10,-2.714325676588884,-0.8021860807747704,0.01676829268292683,-0.8455166675147912,0.15683410908001727,0.28810975609756095,-1.007195428753136,0.32355055317393155,0.2621951219512195
2026-02-11,2.0225609825878053,0.13939627367942142,0.9558599695585996,-0.04138213025912814,0.09076202930030214,0.4764079147640791,-0.6937489097237597,-0.015549267791965499,0.3409436834094368
2026-02-12,-4.058241786872778,-1.2598164131713117,0.0060790273556231,-4.003901671224104,-1.2741258708744998,0.03343465045592705,-0.5536771689824876,-0.19492523485547286,0.378419452887538
2026-02-13,-0.36439991235055413,-0.9613442462310593,0.34142640364188165,0.6752511969330264,-0.6243335149386579,0.6509863429438544,0.17647577739851322,-0.07112489743747752,0.5766312594840668
2026-02-17,-1.5130057843957754,-1.145231425619298,0.10151515151515152,-0.14516853447858424,-0.46461185478530004,0.4590909090909091,-1.574059552556787,-0.5721031158105807,0.14393939393939395
2026-02-18,1.7402798194072346,-0.18339434394378717,0.9258698940998488,1.129212633441481,0.06666297462362686,0.7639939485627837,-1.1482918027828086,-0.76416601146799,0.2344931921331316
2026-02-19,-0.03091514887390634,-0.13256794558716023,0.48338368580060426,-0.7201661932386482,-0.1956134146637981,0.311178247734139,-0.4783794673727077,-0.668903830102896,0.4033232628398791
2026-02-20,0.48911032639210233,0.07465814507259395,0.6440422322775264,1.1902242373900345,0.26633246935414606,0.7692307692307693,0.5108856776304074,-0.2756406608584616,0.6440422322775264
2026-02-23,-0.12606177593048862,0.007751504738233106,0.4322289156626506,-2.873526971459201,-0.7802873442503029,0.07680722891566265,-1.470073188677176,-0.6737848367980331,0.17319277108433734
2026-02-24,-0.8700417618338343,-0.28484625078578935,0.21503759398496242,2.193437632035484,0.21095431451162594,0.9037593984962407,-0.9914005551081604,-0.779656742901409,0.2646616541353383
2026-02-25,-0.4296290898353854,-0.33310719713565473,0.31981981981981983,2.287210396367168,0.9030396751301399,0.9129129129129129,1.1361978351140403,-0.14103855022959266,0.7627627627627628
2026-02-26,-0.6222595530552695,-0.42949131577552635,0.27886056971514245,-1.4957633444919378,0.10343866858944745,0.19940029985007496,-1.053354696773987,-0.44514393241105743,0.2518740629685157
2026-02-27,-0.45933396111721936,-0.43943886422275735,0.312874251497006,-1.5748675519074593,-0.45599673824285475,0.18712574850299402,-1.2391734459497812,-0.7098204369239653,0.2155688622754491
2026-03-02,2.745495709317991,0.6222059936241587,0.992526158445441,0.5412732422391162,-0.12357341141553113,0.6218236173393124,-2.9245446877949575,-1.4480618538809629,0.03288490284005979
2026-03-03,-1.0384976896417921,0.06863809920217517,0.17761194029850746,-2.522059824021211,-0.923068882284091,0.0955223880597015,-2.783953683890634,-1.8933591305508533,0.04328358208955224
2026-03-04,0.4097634982553914,0.18234656555324724,0.61698956780924,2.531627386805102,0.22849654074563996,0.9359165424739195,2.923304400983916,-0.28780462003926355,0.9687034277198212
2026-03-05,0.5679545708985094,0.3108825673350013,0.6636904761904762,-1.5642628767370796,-0.36908993174859983,0.19047619047619047,-3.3726092141409776,-1.316072818073168,0.01488095238095238
2026-03-06,0.9414960741917427,0.5210870696205818,0.7964338781575037,-3.382960157530837,-1.373713340342679,0.05794947994056464,-2.8617514574129252,-1.8312990311864206,0.04011887072808321
2026-03-09,-1.971982047962528,-0.3099359695737881,0.05637982195845697,2.438222918766807,-0.10306792063951709,0.9317507418397626,3.1307742621628054,-0.17727460007001206,0.9718100890207715
2026-03-10,1.5542287002461816,0.3114522536995351,0.9037037037037037,-0.10476401887725867,-0.10363328671876429,0.4666666666666667,-0.8565215336236842,-0.40369024458790276,0.30962962962962964
2026-03-11,2.857093679637946,1.1599993956790053,0.9940828402366864,-0.07405933487071453,-0.09377530276941437,0.4718934911242604,-2.194989954255205,-1.000790147810337,0.09023668639053255
2026-03-12,0.08611740513863098,0.8020387321655472,0.5140324963072378,-3.6854720267872634,-1.2910075441086972,0.04283604135893648,-4.111664577191776,-2.0377482909374836,0.007385524372230428
2026-03-13,0.5225873004675854,0.7088882549328933,0.6489675516224189,-1.08408013455404,-1.2220317409238115,0.2536873156342183,-2.7282700801390884,-2.267922220671352,0.048672566371681415
2026-03-16,-1.482036354141506,-0.021419948091906393,0.10456553755522828,2.265695039259115,-0.05945614752950279,0.9072164948453608,3.143999317027604,-0.4639483747716999,0.9720176730486009
2026-03-17,-0.3418969361013793,-0.1282456107617307,0.35,0.9754728873641456,0.28552019743504664,0.7294117647058823,2.7249047959615074,0.599002682139369,0.9558823529411765
2026-03-18,0.04548392067645368,-0.07033576694900258,0.4977973568281938,-3.0358488073971794,-0.8216028041756953,0.07488986784140969,-3.7797504056833304,-0.8605816804681973,0.011747430249632892
2026-03-19,-1.4670334897504522,-0.5359016745494858,0.10703812316715543,-0.09835511358649468,-0.5805202406459619,0.46774193548387094,3.8217816226378205,0.7002060872338084,0.9853372434017595
2026-03-20,2.161397793178806,0.36319814802661143,0.9604685212298683,-3.6306205904102637,-1.5972203572340624,0.04685212298682284,-3.749641377237391,-0.783076400923258,0.013177159590043924
2026-03-23,-1.2240597749988211,-0.16588782631519938,0.13742690058479531,2.92888557073558,-0.08851838124418188,0.9590643274853801,3.6461697751415887,0.6933389910983575,0.9824561403508771
2026-03-24,1.2399608428317652,0.30272839673378876,0.8583941605839416,-0.5141277597087269,-0.2303881740656969,0.3532846715328467,-1.894828579654317,-0.16938353248586724,0.11386861313868613
2026-03-25,-1.325803482642344,-0.24011556305825543,0.119533527696793,1.6504600899351112,0.39656124726790576,0.8367346938775511,0.9045907012258383,0.18860787875136792,0.717201166180758
2026-03-26,0.9172188722073611,0.1456625820302834,0.7918486171761281,-3.9154497146178517,-1.0407757400273465,0.033478893740902474,-2.9942441369672848,-0.8723427931548495,0.036390101892285295
2026-03-27,1.882470559317658,0.7245985744594082,0.938953488372093,-3.353218013811127,-1.8115898312886065,0.0625,-0.9559414645346569,-0.9002090169481187,0.2819767441860465
2026-03-30,-2.607467459987081,-0.3860901036894215,0.018867924528301886,-1.2742675559151326,-1.6324824061641152,0.22351233671988388,-0.527786623744821,-0.7760682192136862,0.397677793904209
2026-03-31,0.232192605950652,-0.17999586714273036,0.5623188405797102,5.809433502928181,0.8481562301999832,0.9985507246376811,4.688159765845495,1.045341109139374,0.9942028985507246
2026-04-01,-1.0336633470604768,-0.46455169378197914,0.18234442836468887,1.879124629700019,1.1918123633666617,0.8668596237337193,1.3171570298103374,1.1359464160296953,0.7872648335745297
2026-04-02,-1.285640164926166,-0.7382478508300414,0.12716763005780346,0.47630288207950544,0.9533092029376098,0.6127167630057804,-0.15533665574672606,0.7055187254375549,0.49421965317919075
2026-04-06,0.23552490899762,-0.4136569308874877,0.5642135642135642,1.0996893874744198,1.0021025977832132,0.7518037518037518,0.8966261079686053,0.7692211862812384,0.7142857142857143
2026-04-07,0.3304974554822107,-0.16560546876425494,0.5965417867435159,0.22912262223969485,0.7444426059353738,0.5634005763688761,0.7864625447411167,0.7749683057678645,0.6902017291066282
2026-04-08,-1.8136850041281507,-0.7149653138855535,0.06762589928057554,4.907221276341234,2.1320354960706607,0.99568345323741,3.5779852667862966,1.7093072927740085,0.9798561151079137
2026-04-09,-0.0630620988263988,-0.49766424219916866,0.4640804597701149,1.1448316926988893,1.8029675616134035,0.7600574712643678,0.7461824940690677,1.388265693205695,0.6795977011494253
2026-04-10,-0.05687366713597136,-0.3507340505114363,0.46915351506456243,-0.03311501247715105,1.1909400369165521,0.48206599713055953,-0.9202072970280946,0.6187746964610985,0.29124820659971307
2026-04-13,-0.5725922406574886,-0.42468678056012044,0.29512893982808025,1.9066364411898629,1.429505505007656,0.8681948424068768,1.609779554371165,0.9491096490977873,0.8481375358166189
2026-04-14,-1.2530755409071357,-0.7008163673424589,0.13590844062947066,2.5196732101336954,1.792894740049669,0.932761087267525,1.3355845517101306,1.077934616635235,0.7896995708154506
2026-04-15,0.23226442854908447,-0.38978943537861116,0.5657142857142857,1.5551846671008656,1.7136580490667348,0.81,0.03310535453079985,0.7296581959337567,0.5357142857142857
2026-04-16,1.4145239531248457,0.21164836078920773,0.8887303851640513,0.49185835236191605,1.306391483498462,0.6134094151212554,-1.0887429756778404,0.12352447206322437,0.24964336661911554
2026-04-17,-2.217804540936299,-0.5981692731192945,0.04415954415954416,2.3324909819608908,1.648424649652605,0.915954415954416,1.1914363886206731,0.4794951109157073,0.7663817663817664
2026-04-20,-0.16141226930636215,-0.45258360518165036,0.41963015647226176,-0.2907910068666504,1.0020194308128532,0.4096728307254623,0.04834922015131432,0.335779813994243,0.5405405405405406
2026-04-21,0.7564559580250809,-0.04957041744607332,0.7414772727272727,-1.0891112252447255,0.3049758787936604,0.25142045454545453,-1.9965274584439738,-0.44165594348516257,0.10511363636363637
2026-04-22,0.27300145289591843,0.05795353933459058,0.5787234042553191,1.9851559385658986,0.8650358987177398,0.8765957446808511,0.47548492804171866,-0.13594231964286885,0.6326241134751773
2026-04-23,0.3652835534622286,0.1603968773771366,0.6104815864022662,-0.8715388122747145,0.28617766172025516,0.28611898016997167,-0.8024674313916458,-0.35811735689246116,0.32294617563739375
2026-04-24,-0.2996606439873445,0.007044370255642918,0.36916548797736914,1.9413487976456416,0.837901373695384,0.8727015558698727,0.9650935737102833,0.08295295330845362,0.7326732673267327
2026-04-27,0.5262165950828175,0.18010177853136775,0.6596045197740112,0.05420192435950813,0.5766682239167588,0.501412429378531,0.4801659557978316,0.21535728747157962,0.632768361581921
2026-04-28,-0.0680198018614144,0.09739458506710705,0.461212976022567,-1.643005404755415,-0.16322298564063237,0.17489421720733428,-1.100117401394411,-0.22313427548375056,0.2454160789844852
2026-04-29,1.665846065292659,0.6202117451422909,0.9183098591549296,0.1121952004981889,-0.07141692359435863,0.528169014084507,-1.6893711827533457,-0.7118799112402823,0.14084507042253522
2026-04-30,0.8239118475571208,0.6881117792805675,0.7679324894514767,1.8610818664226603,0.5727493397446476,0.8565400843881856,3.2737843414685104,0.6166748396626486,0.9704641350210971
2026-05-01,-1.1238789344117976,0.08411487471644585,0.16713483146067415,0.8470672091388884,0.664188629542728,0.6910112359550562,-0.07337969846888187,0.3866566602854718,0.5126404494382022
2026-05-04,0.9273140364120638,0.3651812619483185,0.7952314165497896,-0.8165550201096766,0.1706074129919265,0.2959326788218794,-1.5827346905881938,-0.2698071233390833,0.1514726507713885
2026-05-05,-0.69116183967924,0.013066894739132362,0.25910364145658266,1.9296724641450937,0.7569624300429822,0.8697478991596639,0.3199679523489064,-0.07321543144308675,0.603641456582633
2026-05-06,-1.8483393013212719,-0.6074018372810023,0.06433566433566433,2.7813336752306252,1.43175284510553,0.9496503496503497,2.386545305455304,0.7467048141897101,0.9230769230769231
2026-05-07,0.15599133662843023,-0.35293744597785814,0.5377094972067039,-1.1295456716001642,0.5779866728702987,0.24441340782122906,-1.5904348887136441,-0.03234175344474122,0.15083798882681565
2026-05-08,-0.8491677273101623,-0.5183475397552928,0.2217573221757322,2.218279921556136,1.1247510890989112,0.898186889818689,1.7395766642513641,0.5582977191206272,0.8647140864714087
2026-05-11,1.8504183712641773,0.2712410972511972,0.935933147632312,0.17006946689966984,0.8065238816991641,0.5445682451253482,-0.6145072707710265,0.167362722490076,0.37047353760445684
2026-05-12,1.1056565770026257,0.5493795905016734,0.8331015299026425,-1.5279847979940437,0.028354321801428273,0.19610570236439498,-1.2601943851566832,-0.3084896467255104,0.21557719054242003
2026-05-13,0.09079716550855593,0.3965187821706343,0.5166666666666667,0.8310610328060699,0.2959232254696421,0.6833333333333333,-0.34527728029703153,-0.3207521912493508,0.4444444444444444
2026-05-14,-0.3081469433533699,0.16163020699596625,0.361997226074896,0.9090950910178013,0.5003138473190285,0.7004160887656034,-1.1930930725036526,-0.6115324850007847,0.23300970873786409
2026-05-15,2.366444729934376,0.8965683813087695,0.9792243767313019,-3.1455261941968535,-0.7149661665195988,0.07063711911357341,-2.6879554127385115,-1.3036734609133602,0.05124653739612189
2026-05-18,0.7559935114218383,0.8497100913464591,0.7385892116182573,-0.9450654761588896,-0.7916659363993624,0.27247579529737204,1.0519114581738405,-0.5184784878842934,0.7455048409405256
2026-05-19,0.7808401654162103,0.8267534493697096,0.7486187845303868,-1.5790046483635152,-1.0541121737207466,0.1850828729281768,-1.389885699325675,-0.808947558364754,0.19060773480662985
2026-05-20,-2.1965136880077516,-0.181002263089444,0.044137931034482755,2.4941986444846442,0.12865809901438352,0.9324137931034483,2.42178779597217,0.2679642264142207,0.9282758620689655
2026-05-21,-1.0944365903275328,-0.4854803721688069,0.17355371900826447,0.33344118397939854,0.1969191273360552,0.5785123966942148,0.23053243012409635,0.2554869609841792,0.5909090909090909
2026-05-22,-0.9738864769034403,-0.6482824070803515,0.20357634112792297,0.5086722448661558,0.3008368331794221,0.6134800550206327,-0.2461775438706366,0.0882654593659073,0.46629986244841815
2026-05-26,-1.7287682135467786,-1.0084443425691605,0.07417582417582418,2.0776236039385885,0.8930990900991442,0.8846153846153846,1.1869168795046032,0.4544825994121393,0.7678571428571429
2026-05-27,-1.2596026462281014,-1.0921637771221409,0.13305898491083676,-0.480379562775262,0.43527287247434227,0.355281207133059,-0.14197416971087035,0.25566367637113613,0.49519890260631
2026-05-28,-0.5477517581033347,-0.9106931041158721,0.30273972602739724,0.732497059100733,0.5343476013498059,0.6547945205479452,0.8221064890991008,0.4444779472804577,0.7013698630136986
2026-05-29,-0.1222770056734168,-0.6478877379683871,0.4363885088919289,-0.21588988458786446,0.28426843937058244,0.4322845417236662,0.6705331646551703,0.519829686405362,0.6634746922024624
2026-06-01,0.045845534043950975,-0.41664331396427445,0.5013661202185792,-0.03255826656878161,0.17865953739079446,0.476775956284153,-1.2059670512767364,-0.05543589282200406,0.22950819672131148
2026-06-02,0.08383031801378188,-0.24981876997158906,0.5170532060027285,0.31898376210483265,0.22543427896214052,0.5770804911323328,0.17815911875486107,0.02242911103695098,0.5770804911323328
2026-06-03,0.6956377768172665,0.06533341229136275,0.715258855585831,-1.6305167969384309,-0.3932160796713832,0.17438692098092642,-1.752908195664849,-0.5693499911969823,0.12942779291553133
2026-06-04,-0.1032029025027485,0.009154640693325673,0.4435374149659864,-0.07580374645176086,-0.2874119685981758,0.4639455782312925,0.7456962987809763,-0.13100122787099613,0.6802721088435374
2026-06-05,-0.7627412309112297,-0.24814398317485942,0.2418478260869565,-5.817665827275003,-2.1308299214904514,0.006793478260869565,-3.1266053112482037,-1.1295359223300652,0.024456521739130436
2026-06-08,1.3218421268919478,0.27518472018074297,0.8738127544097694,1.2114086011957612,-1.0167504139283805,0.7666214382632293,0.2849345387390675,-0.6580457686403544,0.5983717774762551
2026-06-09,-1.9095360449391694,-0.4530555348592278,0.05962059620596206,-1.3403520929066564,-1.1246176402544725,0.2127371273712737,0.4156153601758932,-0.3001587257016053,0.6260162601626016
2026-06-10,-0.1831054854626375,-0.36307218506036437,0.4059539918809202,-3.0312355954313634,-1.7601569586467694,0.07713125845737483,-0.9892171882618187,-0.5298448798883431,0.2746955345060893
2026-06-11,-1.773707337304773,-0.8332839024751673,0.07162162162162163,3.8951413988244643,0.12494249384364164,0.981081081081081,2.713245861137579,0.5511853671202976,0.95
2026-06-12,0.7063873644902197,-0.32006014682003836,0.7219973009446694,0.5988843917907509,0.2829231264926781,0.6369770580296896,-0.09328604822359304,0.33636156200566747,0.5087719298245614
2026-06-15,-0.18391934144225114,-0.274679878360776,0.4056603773584906,2.8695201343326913,1.1451221291060159,0.954177897574124,0.1302501348723495,0.2676577529612282,0.5633423180592992
2026-06-16,-0.9057285820099741,-0.48502944624384203,0.21668909825033647,-2.429926043729072,-0.046560595172346675,0.10497981157469717,0.29198264896781356,0.27576605163009,0.6002691790040376
2026-06-17,-1.2457487072462472,-0.7386025332446438,0.13978494623655913,-2.0980600005468033,-0.7303937302971655,0.12768817204301075,-3.925917255045338,-1.1247950505950526,0.010752688172043012
2026-06-18,-1.3498874324033492,-0.9423641662975456,0.12080536912751678,2.3922650484077947,0.31049252927115445,0.9221476510067114,-0.11373455416616784,-0.7877748851187577,0.5020134228187919
2026-06-22,1.6601566290509238,-0.07485723451472259,0.9182305630026809,-0.4707130892369905,0.05009065643510616,0.35656836461126007,-0.9317909151014426,-0.8357802284463194,0.28820375335120646
2026-06-23,-0.4730676316239816,-0.20759403355114225,0.31860776439089694,-3.766872771463598,-1.2222304861977953,0.03748326639892905,-1.3026394324813628,-0.9913999631246673,0.20615796519410978
2026-06-24,-3.6551514751661083,-1.3567798474227974,0.0066844919786096255,-0.7218743429865786,-1.0554451051273896,0.3141711229946524,-0.9782264184607918,-0.9870087815700422,0.27807486631016043
2026-06-25,0.8432440637509713,-0.623438543698208,0.7716955941255007,0.28558144238419536,-0.6084362559568613,0.5714285714285714,0.5803512696599943,-0.4645554311600302,0.6582109479305741
2026-06-26,0.4039568281809998,-0.28097341973847206,0.6226666666666667,-1.6548192247909905,-0.9572305789015711,0.172,-0.01921204852173186,-0.3161076369472641,0.5226666666666666
2026-06-29,-0.5935298519415952,-0.3851588971395131,0.2929427430093209,1.9839096198232424,0.023149487340033303,0.8735019973368842,1.8727311620770242,0.4135052960608319,0.8854860186418109
2026-06-30,1.9676775636320882,0.3991199231176873,0.9507978723404256,1.2489403907353673,0.431746455138478,0.7712765957446809,-0.642589520283151,0.06147369061283767,0.35904255319148937
2026-07-01,1.3561404201621772,0.7181267554658506,0.8804780876494024,-1.6593760189160416,-0.2652943695463618,0.1699867197875166,-0.9102391948367385,-0.26243060453702105,0.301460823373174
2026-07-02,1.0697524302823014,0.8353353137380009,0.8262599469496021,-1.9967556303636949,-0.8424481231521395,0.13660477453580902,2.2421615342320083,0.572433441719322,0.9151193633952255
2026-07-06,0.5127658527444634,0.7278121600734884,0.6503311258278146,1.2624550886518342,-0.14081371921748165,0.7721854304635761,1.1376656181700453,0.7608441672028965,0.7642384105960265
2026-07-07,2.416740553279363,1.2907882911421131,0.9814814814814815,-2.270692595506334,-0.8507733446470991,0.11772486772486772,-1.3714346434230904,0.05008456366090097,0.19047619047619047
2026-07-08,0.7423625718511166,1.1079797180451143,0.7344782034346103,-0.7240226332503708,-0.8085231075148563,0.3157199471598415,0.04117413864039887,0.047114421987400276,0.5389696169088507
2026-07-09,-0.34545537071506405,0.623501355125055,0.35092348284960423,1.7877069525624723,0.05688691251091971,0.841688654353562,0.6156316529797397,0.2366201656515134,0.662269129287599
2026-07-10,0.12431337419185236,0.4571053614806541,0.5322793148880105,-0.08232407195798047,0.010483251021286319,0.4650856389986825,-0.3922068170539318,0.027011171416365026,0.4308300395256917
2026-07-13,1.1399703866598876,0.6847270365403986,0.8421052631578947,-2.3227210657157333,-0.7672515212243868,0.1118421052631579,-2.0879541907879196,-0.6779772826517299,0.09736842105263158
2026-07-14,0.36964317389753143,0.5796990823261096,0.6110381077529566,0.8515662939835725,-0.22764558282173375,0.6925098554533509,2.27440760144298,0.30615101204650663,0.9172141918528253
2026-07-15,-0.5728550348108454,0.19551437661379129,0.2952755905511811,0.0017991790110872263,-0.1511639955441268,0.4868766404199475,2.4184790106263705,1.010260344906461,0.9291338582677166
2026-07-16,-0.2744383314049703,0.03886347394087078,0.37745740498034075,-1.6519058983228718,-0.6514112964703751,0.17562254259501967,-0.9108412151656651,0.3698931582157525,0.30013106159895153
2026-07-17,0.045959572099197765,0.041228839993646446,0.5013089005235603,-2.0513269427352796,-1.1180498452253431,0.13612565445026178,-0.5836225018114409,0.052054604873354754,0.3769633507853403
2026-07-20,1.41310721425102,0.4985216314127709,0.8888888888888888,-0.433856255501477,-0.8899853153173878,0.36993464052287583,-0.3787331530903735,-0.09154131444788796,0.4339869281045752
2026-07-21,1.4406282453456136,0.8125571693903852,0.8942558746736292,2.1155344131214413,0.11185459416222188,0.891644908616188,-1.0488090799408432,-0.41063056961220634,0.26109660574412535
2026-07-22,1.1994592064322678,0.9415245150710128,0.847457627118644,-0.9590257398445672,-0.24510551717337442,0.2737940026075619,-0.21177471975115414,-0.344345286325189,0.4706649282920469
2026-07-23,-0.0036170920723472832,0.6264773126898928,0.48828125,-2.355199438266138,-0.9484701575376289,0.11067708333333333,-2.591715352693059,-1.0934686417811457,0.0546875
2026-07-24,-0.039977746144349485,0.4043256264118121,0.47724317295188556,-0.9775928606692819,-0.95817772524818,0.2743823146944083,-0.026344446191654942,-0.7377605765846488,0.5214564369310793
2026-07-27,-1.5137359705346658,-0.23502823923701383,0.1,-0.049570087869027446,-0.6553085127884626,0.4766233766233766,0.15541918940397803,-0.44003398792177323,0.574025974025974
2026-07-28,-1.880250841648459,-0.7834357733741621,0.0609597924773022,-0.49006618865170853,-0.6002277380762113,0.35927367055771725,1.3236193871963704,0.1478504704509413,0.7937743190661478
2026-07-29,3.5254079770907865,0.6528454767808205,0.9987046632124352,-2.96826029467403,-1.3895719236088175,0.07772020725388601,1.1170229561854523,0.4709079656957783,0.7603626943005182
2026-07-30,0.8114789154560164,0.7057232896725525,0.759379042690815,3.4852195205202934,0.23535855776755266,0.9741267787839586,4.244180076735061,1.728665336042206,0.9922380336351876
2026-07-31,0.9316188828805414,0.7810218207418822,0.7932816537467701,0.5244329196512842,0.3317166783954632,0.6214470284237726,-0.18153579939823278,1.0919316242287267,0.479328165374677
2026-08-03,-1.0317216210584763,0.17677400680842947,0.18580645161290324,2.614888840215274,1.0927740656687335,0.9380645161290323,1.3354632022523296,1.173108816903261,0.7961290322580645
2026-08-04,-1.2531841650826545,-0.29987871715526515,0.13659793814432988,3.7104193889136674,1.9653225067503781,0.9806701030927835,1.5426492801136817,1.2962889713067347,0.8376288659793815
2026-08-05,0.20056050343620868,-0.13306564362477388,0.5572715572715573,-1.0477309774379837,0.9609713453542578,0.26383526383526384,0.7171699615728854,1.1032493013954516,0.676962676962677
2026-08-06,1.4795032427489447,0.40445731849979893,0.897172236503856,-0.6104394539474015,0.4371677455870381,0.33547557840616965,-1.3829554152929133,0.27451439583266335,0.18637532133676094
2026-08-07,-0.19661872879968928,0.20409863606663625,0.40051347881899874,1.346161683486154,0.7401657248867435,0.7894736842105263,2.2443133578408383,0.9311140498353883,0.9139922978177151
2026-08-10,3.1977820737650964,1.2019931152994563,0.9974358974358974,-0.49741798387490616,0.3276378219661937,0.358974358974359,-1.4862593771095378,0.12532290752041297,0.1717948717948718
2026-08-11,-0.05181313655375108,0.7840576980150539,0.4737516005121639,-0.32744049723184526,0.10927838223351406,0.40717029449423814,0.19403679324099085,0.14822753609393893,0.5800256081946222
2026-08-12,0.5121831491096939,0.6934328483799339,0.6470588235294118,0.7472910095047399,0.3219492579905893,0.6624040920716112,-0.1347504432729829,0.05390154297163167,0.49232736572890023
2026-08-13,-1.4719270727475344,-0.028353791995888777,0.10727969348659004,1.003838731336205,0.5492457491057945,0.7279693486590039,1.2668137638136334,0.45820561658563225,0.7777777777777778
2026-08-14,1.838343940735287,0.5938787855811698,0.9336734693877551,-0.16149463815856155,0.31233228668434254,0.4502551020408163,0.23616011912176327,0.38419045076434266,0.5931122448979592
2026-08-17,2.115683035128056,1.1011468687634653,0.9579617834394905,-0.6845214729199126,-0.01995229985040914,0.32229299363057323,-0.5638862952737242,0.06816486875165373,0.37707006369426754
2026-08-18,-0.717753366074993,0.4948467904839793,0.2544529262086514,-2.124571645125047,-0.7214920816086218,0.12213740458015267,-0.9952874970909331,-0.2863192531958752,0.26717557251908397
2026-08-19,-1.7716702751038171,-0.2606588980452861,0.07115628970775095,0.19124484692811167,-0.417246438763044,0.5565438373570522,3.904469761141177,1.1106104182498087,0.9860228716645489
2026-08-20,1.4380927498993532,0.30559165126959364,0.8883248730964467,-1.6423868143000342,-0.8256265639420408,0.17893401015228427,-1.341004458377976,0.2934054593738805,0.19416243654822335
2026-08-21,0.9445828912141405,0.5185887312511093,0.7946768060836502,0.795857325955143,-0.2851319339763129,0.6806083650190115,0.39582045213699457,0.32754379029491854,0.623574144486692
2026-08-24,-1.2475159871192185,-0.07011284153899994,0.14050632911392405,-1.1013408715926296,-0.5572015798484184,0.2518987341772152,-0.08596759104446772,0.18970666318178983,0.5088607594936709
2026-08-25,-2.3826393449491308,-0.8409550093423769,0.029077117572692796,0.7497634976371217,-0.1215465540199051,0.6637168141592921,1.611321625054843,0.6635783171394742,0.8520859671302149
2026-08-26,-0.05491212601004131,-0.5789407148982652,0.47095959595959597,0.034598815532895025,-0.06949809750230507,0.5050505050505051,-1.0470479141609574,0.09336957337266372,0.2588383838383838
2026-08-27,0.2187441395824119,-0.3130457634047062,0.5611601513240857,1.3327410608721304,0.3979149552891734,0.7906683480453972,-0.2240762621431059,-0.012445705132592806,0.46153846153846156
2026-08-28,-0.34450061378205893,-0.32353071353049045,0.3501259445843829,-1.1906410745747849,-0.13160372133214598,0.2380352644836272,-2.60800620406062,-0.8776325381086018,0.05289672544080604
2026-08-31,1.2500745983104862,0.2010043904165017,0.8591194968553459,-0.4669429736950542,-0.24338347211978206,0.36477987421383645,1.0731503706510723,-0.22737156852204388,0.7509433962264151
2026-09-01,0.10834877397407,0.17011918493569117,0.5238693467336684,-1.9806901287902148,-0.8224856910099263,0.13944723618090452,-2.9315311901227785,-1.128758109055622,0.0364321608040201
2026-09-02,0.33342600192792227,0.2245547905997682,0.5984943538268507,0.9910007973434084,-0.2179901948921481,0.7277289836888331,0.44528953845333374,-0.6040755598859702,0.6336260978670013
2026-09-03,-0.130997587970953,0.10603733107619451,0.4298245614035088,1.5768371987712437,0.38028560299564906,0.8132832080200502,2.3062185707814957,0.36602248366985174,0.9197994987468672
2026-09-04,-1.0157276594636138,-0.2678843324370749,0.1927409261576971,-0.20269517139405246,0.18595867819908196,0.43929912390488113,-1.1899026668414727,-0.15261923316725637,0.23028785982478098
2026-09-08,-0.3227774794284885,-0.28618204810087944,0.35375,-0.7068965974538064,-0.11165974701854747,0.31875,0.6188380699236324,0.10453320119637322,0.6625
2026-09-09,1.3509724979505453,0.2595361339162621,0.8751560549313359,-1.346345993572174,-0.5232218292030897,0.21598002496878901,-0.9692098896596874,-0.2533811624223136,0.2759051186017478
2026-09-10,0.9027767243622601,0.4739496640649281,0.786783042394015,-1.7140266078269217,-0.9201567554110337,0.16832917705735662,-3.0688355059745085,-1.1918659436063785,0.02743142144638404
2026-09-11,-0.12696317538538135,0.2736453842481583,0.43088418430884184,1.460437736020682,-0.12662525826712856,0.8032378580323786,-0.5160070990176455,-0.9665796620768009,0.3960149439601494
