date,jobs_terrible_score,jobs_terrible_score_ema5,jobs_terrible_pct_rank,high_cpi_score,high_cpi_score_ema5,high_cpi_pct_rank,corporate_tax_score,corporate_tax_score_ema5,corporate_tax_pct_rank,ai_margin_compression_score,ai_margin_compression_score_ema5,ai_margin_compression_pct_rank,credit_crisis_score,credit_crisis_score_ema5,credit_crisis_pct_rank,geopolitical_disaster_score,geopolitical_disaster_score_ema5,geopolitical_disaster_pct_rank,liquidity_crash_score,liquidity_crash_score_ema5,liquidity_crash_pct_rank
2024-01-02,1.1109442042150426,0.5764332311375607,0.9296875,0.9687339130476578,0.42829164345493115,0.7734375,-0.74223392096551,0.021200571284095304,0.078125,-0.13335114771506795,0.12375860834361577,0.4140625,-0.0051817571039186605,0.08656119425927714,0.46875,0.16899051856911973,0.032840181018527884,0.5703125,0.30737553961360664,0.16727509637232107,0.65625
2024-01-03,1.3058332046351309,0.8195665556367508,0.9534883720930233,0.6170599645910415,0.49121441716696795,0.689922480620155,0.7104306961901237,0.2509439462527714,0.8914728682170543,0.47353292076129483,0.24035004581617547,0.7751937984496124,1.232862290285358,0.4686615596013041,0.9767441860465116,0.8611366438696391,0.3089390019688983,0.8062015503875969,1.1139780548747702,0.4828427492064708,0.9457364341085271
2024-01-04,-0.36461003042654705,0.424841026948985,0.2846153846153846,1.5679495097237435,0.8501261146858932,0.8692307692307693,0.2673501921971779,0.2564126949009069,0.6384615384615384,-0.3128717768387642,0.05594277159786226,0.3153846153846154,-0.4682424711212537,0.15636021602711822,0.19230769230769232,0.5431561306432817,0.3870113781936928,0.7230769230769231,-0.2499076315629779,0.2385926222833213,0.2923076923076923
2024-01-05,-0.533186437349485,0.10549853884949503,0.21374045801526717,1.370351336696652,1.0235345220228127,0.8320610687022901,0.07912111003954059,0.19731549994711817,0.48854961832061067,0.5752636465847312,0.22904972992681857,0.8320610687022901,-0.6258097795033837,-0.10436311581638238,0.11450381679389313,0.15796378492161847,0.3106621804363347,0.5572519083969466,-0.5083798613036694,-0.010398205579008918,0.20610687022900764
2024-01-08,-0.48271793537145546,-0.09057361922415512,0.23484848484848486,-1.3204083728152476,0.2422202237434593,0.20454545454545456,-0.44931038843030946,-0.0182264628453577,0.1893939393939394,0.2139916948855738,0.2240303849130703,0.6363636363636364,-0.3077642362816135,-0.17216348930479275,0.30303030303030304,-2.7089951890768145,-0.6958902760680483,0.007575757575757576,-0.7868453341070949,-0.2692139150883709,0.11363636363636363
2024-01-09,0.31191858163951935,0.043590447730403034,0.6240601503759399,0.8260724152809569,0.4368376209226251,0.7368421052631579,-0.7663632183728322,-0.26760538135451584,0.06015037593984962,0.1520820357807962,0.20004760186897896,0.5939849624060151,-0.05323068249481114,-0.13251922036813224,0.42105263157894735,0.23747306474323007,-0.38476916246428894,0.6090225563909775,-0.1488444137347309,-0.22909074797049092,0.37593984962406013
2024-01-10,-0.7098737088285706,-0.20756427112258816,0.15671641791044777,0.7179580732564064,0.5305444383672189,0.7164179104477612,0.21233624130697804,-0.10762484046735124,0.6044776119402985,-0.9071291677421973,-0.16901132133474642,0.06716417910447761,-0.29937957723027897,-0.18813933932218116,0.31343283582089554,-0.6259371591607293,-0.4651584946964358,0.2835820895522388,-0.5041159651330209,-0.32076582035800094,0.22388059701492538
2024-01-11,0.49205606355238757,0.025642507102403733,0.7037037037037037,0.5157844273290564,0.5256244346878314,0.6518518518518519,0.36854900474646735,0.05109977460392161,0.7407407407407407,0.14054921687984975,-0.06582447526321437,0.5925925925925926,0.6367615023209219,0.08682760789218649,0.8814814814814815,0.3906230953920852,-0.17989796466692884,0.6888888888888889,0.46843242598651186,-0.05769973824316338,0.762962962962963
2024-01-12,0.6406716145454743,0.23065220958342725,0.8014705882352942,1.2829857447662172,0.77807820471396,0.8235294117647058,0.46114296691595014,0.1877808387079311,0.7794117647058824,-0.3936962202305275,-0.17511505691898543,0.27941176470588236,0.5198304533937153,0.2311618897260294,0.7941176470588235,0.8150407206506597,0.1517482637722673,0.7941176470588235,0.3104631391370617,0.06502122088357831,0.6617647058823529
2024-01-16,-0.6547923553542092,-0.06449597872911822,0.1678832116788321,2.013112338538428,1.1897562493221159,0.9124087591240876,-1.5152065808414201,-0.37988163447518597,0.0072992700729927005,1.3592828332886624,0.3363509064835638,0.9781021897810219,-0.14119568947277417,0.10704269665976159,0.40145985401459855,-0.5315944288355431,-0.07603263376366948,0.3284671532846715,-0.20402310064603402,-0.024660219626292453,0.3357664233576642
2024-01-17,0.5080227961991969,0.12634361291365345,0.717391304347826,0.3122289776904766,0.8972471587782362,0.5869565217391305,-0.6816250600113478,-0.48046277632057327,0.11594202898550725,-0.005035553085919187,0.22255541996040284,0.4927536231884058,-0.041109490440234264,0.05765863429309632,0.4420289855072464,0.6715145008485945,0.17314974444041853,0.7536231884057971,0.17968737365315057,0.043455644800188556,0.5652173913043478
2024-01-18,-0.9437671798895781,-0.23035998468742372,0.11510791366906475,2.040900352142282,1.278464889899585,0.9136690647482014,0.1612364139922381,-0.26656304621630283,0.5827338129496403,1.4583834688173156,0.634498102912707,0.9928057553956835,-0.5298932597557571,-0.13819199705652147,0.15827338129496402,-0.007221651667996931,0.11302594573761339,0.48201438848920863,-0.7780900314779419,-0.2303929139591882,0.1223021582733813
2024-01-19,-0.8303962205800024,-0.43037206331828326,0.1357142857142857,0.3223716623896763,0.9597671473962821,0.5928571428571429,-0.4855093776114001,-0.3395451566813352,0.19285714285714287,1.182402845406452,0.8171330170772887,0.9285714285714286,-0.4837469219826155,-0.25337697203188614,0.19285714285714287,-1.295494184477081,-0.35648076433395137,0.07857142857142857,-0.6326226219666382,-0.3644694832950049,0.15714285714285714
2024-01-22,-0.564025994262158,-0.47492337363290826,0.2198581560283688,-0.6484097093145345,0.4237081951593434,0.3120567375886525,-1.0296096573619968,-0.5695666569082225,0.02127659574468085,-0.8774348325010842,0.25227706721783116,0.07801418439716312,0.07369953349714242,-0.14435147018887662,0.5319148936170213,0.3689334369624105,-0.11467603056849746,0.6808510638297872,0.346941394370548,-0.12733252407315396,0.6808510638297872
2024-01-23,0.6795003678902846,-0.09011545979184404,0.8309859154929577,1.216146342206891,0.6878542441751926,0.795774647887324,0.13074918428353333,-0.3361280431776372,0.5492957746478874,0.1449459655825484,0.2165000333394036,0.5915492957746479,0.04216384261704831,-0.08217969925356831,0.5211267605633803,0.003226915961121589,-0.07537504839195777,0.4859154929577465,-0.20712748039140866,-0.15393084284590552,0.3380281690140845
2024-01-24,-0.5289005055120077,-0.23637714169856527,0.23776223776223776,1.2572401520862138,0.8776495468121996,0.8111888111888111,1.2459490484042859,0.19123098734967042,1.0,1.5375467733512278,0.6568489466766783,0.993006993006993,-0.4881374348143107,-0.21749894444048246,0.1888111888111888,-0.022948938041117695,-0.057899678275011086,0.4755244755244755,-0.2942101009978456,-0.2006905955632189,0.2937062937062937
2024-01-25,1.324857201140635,0.2840343059145014,0.9583333333333334,-0.42331110951849654,0.4439959947019677,0.4027777777777778,-0.28926953895754465,0.031064145247265418,0.2847222222222222,-0.21615836758952622,0.36584650858794354,0.3472222222222222,0.03764226561910822,-0.13245187442061893,0.5208333333333334,-0.1310438573239393,-0.08228107129132049,0.4375,-0.27228835587707667,-0.22455651566783819,0.3055555555555556
2024-01-26,0.0681742660693391,0.2120809592994473,0.4896551724137931,0.8168387658223004,0.5682769184087453,0.7172413793103448,0.5337006260582426,0.19860963885092447,0.8344827586206897,-1.4471215741433174,-0.23847618565581005,0.013793103448275862,-0.09246387894548785,-0.11912254259557524,0.41379310344827586,0.790345486402432,0.2085944479399303,0.8,0.09745120339130464,-0.11722060931479061,0.5172413793103449
2024-01-29,-0.3840296513568776,0.01337742241400569,0.3082191780821918,-1.2882876713356173,-0.050577944839375555,0.1917808219178082,-0.5946479265226469,-0.06580954960693261,0.1643835616438356,-1.0006217387030545,-0.49252470333822485,0.06164383561643835,0.5195752549308292,0.09377672324655956,0.8013698630136986,-0.5583905089052645,-0.04706720434180128,0.2945205479452055,0.4340285765990958,0.06652911932317149,0.7328767123287672
2024-01-30,1.1405117880212652,0.38908887761642547,0.9251700680272109,-1.0036418488091028,-0.3682659128292846,0.24489795918367346,0.05900047524248353,-0.024206207990460568,0.4897959183673469,-0.06063009394009755,-0.3485598335388491,0.46258503401360546,0.31986583151666254,0.1691397593365939,0.7006802721088435,0.4706576716544581,0.1255077543236185,0.7006802721088435,0.3536364579892152,0.16223156554518606,0.6870748299319728
2024-01-31,1.6644283666524726,0.8142020406284411,0.9797297297297297,-0.9704672426598745,-0.5689996894394813,0.25675675675675674,1.3898751380832222,0.447154240700767,1.0,0.8532417412517945,0.052040691391365385,0.8918918918918919,2.6133349052132395,0.9838714746288091,1.0,2.2186065007086526,0.8232073364519632,0.9864864864864865,2.606150960943964,0.9768713640114454,1.0
2024-02-01,0.7864439221476343,0.8049493344681723,0.8523489932885906,-2.9096464497115435,-1.3492152761968355,0.026845637583892617,-0.1132813977673297,0.2603423612114014,0.348993288590604,-0.4609213067074283,-0.11894664130823249,0.24161073825503357,0.7277970593060866,0.8985133361879016,0.8926174496644296,-1.501774098483304,0.04821352480687435,0.053691275167785234,-0.3618214121858575,0.5306404386123444,0.2684563758389262
2024-02-02,-1.8955891900113202,-0.09523017369165843,0.013333333333333334,1.7788688875950123,-0.3065205549328863,0.8866666666666667,-1.304335027766945,-0.2612167684480473,0.013333333333333334,0.8441677554430752,0.20209149094220336,0.8866666666666667,-1.519005767671467,0.09267363490144553,0.006666666666666667,-2.1244695686394053,-0.6760141730085522,0.02,-1.9077843820269753,-0.2821678349340954,0.006666666666666667
2024-02-05,-0.15891628012405956,-0.11645887583579215,0.37748344370860926,3.132402702252742,0.839787197462323,0.9933774834437086,0.23094989764870377,-0.09716121308246364,0.6490066225165563,2.0380190556419513,0.8140673458421193,0.9933774834437086,-0.5001182365186319,-0.10492365557191358,0.17218543046357615,0.5177905346509943,-0.27807927045537006,0.7152317880794702,-0.5043599076251042,-0.3562318591644317,0.2185430463576159
2024-02-06,-0.021032390443418314,-0.08465004737166754,0.4473684210526316,-0.8682453698932381,0.27044300834380275,0.27631578947368424,0.9071573323164659,0.23761163538384616,0.9539473684210527,-1.041598124081947,0.19551218920076396,0.05263157894736842,0.5896652058326881,0.12660596489628695,0.8552631578947368,0.6611036927737357,0.034981717287665165,0.756578947368421,0.31754211807086086,-0.13164053341933418,0.6776315789473685
2024-02-07,-0.7334612010799368,-0.30092043194109064,0.1437908496732026,0.6639607173116646,0.4016155779997567,0.6797385620915033,-0.4006976095396386,0.02484188707601792,0.23529411764705882,0.4894690905281768,0.29349782297656823,0.7777777777777778,-0.21598849097058614,0.012407812940662608,0.3464052287581699,-0.8772816628171063,-0.26910607608059195,0.1895424836601307,-0.601173173039683,-0.28815141329278376,0.16339869281045752
2024-02-08,-1.00072494170642,-0.5341886018628671,0.09740259740259741,1.6816152037472807,0.8282821199155981,0.8636363636363636,-0.9988375643131755,-0.3163845967203799,0.03896103896103896,-0.291848485363709,0.0983823868631425,0.33766233766233766,-0.27617702122043325,-0.08378713177970268,0.3246753246753247,0.7505195302023113,0.07076912601370913,0.7987012987012987,-0.16128783626200027,-0.2458635542825226,0.3961038961038961
2024-02-09,-1.5747329495426317,-0.8810367177561219,0.03225806451612903,0.23670866540379754,0.6310909684116646,0.5483870967741935,-0.3713004163842839,-0.33468986994168126,0.25806451612903225,0.14283603605953554,0.11320026992860685,0.5870967741935483,-0.6566718229436247,-0.27474869550101,0.0967741935483871,-0.4029513606516537,-0.08713770287474513,0.34838709677419355,-0.60897812294411,-0.3669017438363851,0.16129032258064516
2024-02-12,-0.08711644551558034,-0.6163966270092748,0.4230769230769231,-0.07376107181548085,0.3961402883359495,0.5,-0.25468372211611434,-0.30802115399982566,0.3141025641025641,0.2979323226627827,0.17477762083999882,0.6666666666666666,0.06490629086062259,-0.16153036671379914,0.5384615384615384,0.5938023414335252,0.13984231189467827,0.7371794871794872,0.539846201480455,-0.06465242873077173,0.8333333333333334
2024-02-13,1.0252727155302668,-0.06917351282942763,0.9044585987261147,2.339574410370595,1.043951662347498,0.9554140127388535,0.25430212480976655,-0.12058006106329494,0.6560509554140127,0.9918918666010235,0.4471490360936737,0.9044585987261147,0.0047257625859176144,-0.1061116569472269,0.4968152866242038,1.4713120390787902,0.5836655542893822,0.9363057324840764,0.1083396844211193,-0.006988391013474725,0.535031847133758
2024-02-14,-1.2448480515557296,-0.4610650257381949,0.0759493670886076,-0.706118655548271,0.46059488971557505,0.3037974683544304,0.1335949653625521,-0.03585505225467927,0.5569620253164557,-0.6607257841425018,0.07785742934828188,0.14556962025316456,-0.1536991419043744,-0.12197415193294274,0.3987341772151899,-0.6215339424654037,0.1819323887044536,0.2721518987341772,-0.2554775395433527,-0.08981810719010072,0.31645569620253167
2024-02-15,-0.8249205192958349,-0.5823501902574082,0.1509433962264151,-0.5777435041419555,0.1144820917630649,0.33962264150943394,-0.06106866446687742,-0.044259589658745324,0.3836477987421384,-0.751788123102058,-0.19869108813516473,0.11949685534591195,-0.4573194878364295,-0.23375593056743832,0.20754716981132076,-0.01834800626172506,0.11517225704906074,0.4779874213836478,-0.22698029255576568,-0.13553883564532238,0.34591194968553457
2024-02-16,0.65701202188013,-0.16922945287822883,0.8,1.2427926074571611,0.49058559699443033,0.8,1.2193711582601423,0.37695065964755053,0.9875,1.0140814379128416,0.20556642054750401,0.90625,-0.13142196670030515,-0.19964460927839395,0.4125,1.0539475898534714,0.4280973679838643,0.8875,0.022493171901995623,-0.08286149979621638,0.4875
2024-02-20,1.7394718703128333,0.4670043215187919,0.9813664596273292,-0.3225426467026993,0.21954284909538718,0.422360248447205,1.4180760147998561,0.723992444698319,1.0,-0.28905700646438537,0.040691944876874234,0.3416149068322981,0.14286005754259323,-0.08547638700473158,0.6024844720496895,0.8677628755123173,0.5746525371600153,0.8322981366459627,0.3551167001361572,0.06313123351457481,0.7018633540372671
2024-02-21,-0.27953073640775894,0.21815930220994165,0.3333333333333333,1.6710268048547658,0.7033708343485133,0.8580246913580247,0.3311116333026434,0.5930321742330938,0.6975308641975309,1.4923344748385763,0.5245727881974416,0.9814814814814815,-0.13381380744049554,-0.10158886048331957,0.4074074074074074,0.2766672490716142,0.47532410779721496,0.6049382716049383,-0.23628888553762323,-0.03667547283615786,0.3333333333333333
2024-02-22,-0.7886423348198094,-0.117441243466642,0.15950920245398773,-0.5367744745446275,0.28998906471746644,0.37423312883435583,-0.16729859643099143,0.33958858401173214,0.3374233128834356,1.6686595648848064,0.9059350470932299,0.9877300613496932,-0.41666949578950313,-0.2066157389187141,0.2331288343558282,-2.764104144741758,-0.6044853097157759,0.006134969325153374,-1.3750456182712096,-0.4827988546478418,0.018404907975460124
2024-02-23,1.0106427895245647,0.25858676753042686,0.8963414634146342,-2.324268133260584,-0.5814300012752169,0.08536585365853659,-0.012689260407083638,0.22216263587212692,0.4268292682926829,-0.9895416044281196,0.2741094965861135,0.06707317073170732,0.7532980599774163,0.11335552737999599,0.9024390243902439,-0.006268362878042111,-0.4050796607698646,0.4817073170731707,0.7519993521687136,-0.07119945237565672,0.8902439024390244
2024-02-26,-0.745529557008547,-0.07611867398256439,0.16363636363636364,1.2624769581154394,0.033205651855001794,0.806060606060606,-0.25860821743764706,0.06190568476886894,0.296969696969697,-0.6445112675444231,-0.03209742479073202,0.16363636363636364,0.3910499122101346,0.2059203223233755,0.7515151515151515,0.9896968044149342,0.05984582762506829,0.8727272727272727,0.4793422091673473,0.11231443480534462,0.7878787878787878
2024-02-27,-0.925499358566859,-0.35924556884399594,0.12650602409638553,1.3595270267790163,0.47531277682967327,0.8132530120481928,-0.36466551836015104,-0.08028471627413772,0.25301204819277107,-0.4944252502678179,-0.18620669994976063,0.2289156626506024,-0.6069246247056346,-0.06502799335296114,0.12048192771084337,0.4069815919204327,0.17555774905685642,0.6686746987951807,-0.4212675455725188,-0.06554622532060984,0.25903614457831325
2024-02-28,0.5057102190248373,-0.07092697288771824,0.7065868263473054,-0.6665787023581602,0.09468228376706214,0.2994011976047904,-0.5337788604393532,-0.23144943099587623,0.17964071856287425,-0.4187840349035388,-0.2637324782676867,0.2754491017964072,0.9545075848291991,0.27481719937442556,0.9401197604790419,0.6805200923926973,0.3438785301688034,0.7544910179640718,0.9084835665834184,0.25913037198073285,0.9221556886227545
2024-02-29,-0.3163175542755939,-0.15272383335034345,0.3333333333333333,-0.6060451909145764,-0.13889354112681734,0.3333333333333333,-0.1685918255690575,-0.21049689585360332,0.34523809523809523,0.5218069774766553,-0.0018859930195727348,0.7916666666666666,-0.015460509380706033,0.17805796312271505,0.48214285714285715,-0.14696100586829414,0.1802653514897709,0.4107142857142857,0.12513672817492677,0.2144658240454642,0.5416666666666666
2024-03-01,-0.1874470103145982,-0.16429822567176172,0.3905325443786982,-0.3359041229505671,-0.20456373506806727,0.42011834319526625,0.5955097272304611,0.05817197850775149,0.8757396449704142,1.6427904962646294,0.5463395034084946,0.9822485207100592,0.41147700456722225,0.2558643102708841,0.757396449704142,0.3637970027870656,0.24144256858886914,0.650887573964497,-0.1422606122657275,0.09555701194173363,0.41420118343195267
2024-03-04,0.6219771559960615,0.09779356821751266,0.7764705882352941,1.1767526098942747,0.25587504658604665,0.7647058823529411,-0.27686772884745975,-0.05350792394398558,0.28823529411764703,1.0475037543221353,0.7133942537130415,0.8941176470588236,-0.2652166798131671,0.08217064690953371,0.3235294117647059,1.0536701804259714,0.5121851058679032,0.888235294117647,-0.12472519658802156,0.02212960909848192,0.4176470588235294
2024-03-05,1.8720621778381523,0.6892164380910591,0.9824561403508771,-2.307385159727708,-0.5985450221852049,0.0935672514619883,0.586967589649971,0.15998391392066658,0.8654970760233918,1.6271772534036562,1.0179885869432463,0.9766081871345029,0.3388971572640487,0.1677461503610387,0.7076023391812866,1.8644113331094567,0.9629271816150877,0.9590643274853801,1.5739317695252009,0.5393969959073882,0.9941520467836257
2024-03-06,0.7968833586306738,0.7251054116042641,0.8488372093023255,-0.6543998518281372,-0.617163298732849,0.3081395348837209,1.0904296418349757,0.470132489892103,0.9593023255813954,0.15057848674301244,0.7288518868765018,0.5813953488372093,0.15440181122368668,0.16329803731525472,0.5988372093023255,0.5226581689798239,0.8161708440699997,0.6918604651162791,-0.03115909474066736,0.34921163235803643,0.4476744186046512
2024-03-07,-0.3406436797340484,0.36985571449149335,0.3236994219653179,-0.335326882809204,-0.5232178267583008,0.4277456647398844,0.325523725376035,0.421929568386747,0.6878612716763006,0.6970478879956967,0.7182505539162335,0.8265895953757225,0.07331270804058504,0.1333029275570315,0.5433526011560693,-0.9392698288282801,0.23102395310390655,0.15028901734104047,-0.28966027945744083,0.13625432841954405,0.28901734104046245
2024-03-08,-0.4404594186373081,0.09975067011522626,0.28735632183908044,0.3423221356020539,-0.2347045059715159,0.603448275862069,0.037880776564165775,0.29391330444588665,0.4942528735632184,-2.2166562218027193,-0.26005170465675065,0.005747126436781609,0.043548121204825534,0.10338465877296285,0.5287356321839081,0.9081610386158313,0.4567363149412148,0.8390804597701149,0.41488362362378295,0.22913076015429035,0.7183908045977011
2024-03-11,0.758601244479174,0.31936752823654213,0.8228571428571428,0.3855874992778099,-0.02794050422174066,0.6171428571428571,-0.04981946476186472,0.17933571470996953,0.4,-1.076922353217148,-0.5323419208435498,0.05142857142857143,-0.15359413452433884,0.017725061007195626,0.38857142857142857,-0.0738256533860433,0.2798823254987955,0.4342857142857143,-0.12939432995294062,0.10962239678521338,0.4114285714285714
2024-03-12,-0.44154981423138423,0.06572841408056673,0.2784090909090909,1.2961776717561078,0.4134322211042088,0.8181818181818182,0.47417676948199705,0.2776160663006454,0.7897727272727273,0.3578485694802599,-0.23561175740227996,0.6704545454545454,-0.5689778189595958,-0.17784256564840148,0.11931818181818182,-2.1643920539498227,-0.5348758009840772,0.022727272727272728,-1.176036985277899,-0.31893073056915733,0.022727272727272728
2024-03-13,-0.14258174953778108,-0.003708307125549197,0.4180790960451977,1.2017767119550653,0.6762137180544943,0.7740112994350282,-0.27427135248512086,0.09365359337205666,0.2824858757062147,-0.9710348826131199,-0.48075279913922664,0.07909604519774012,-0.46427837235012653,-0.2733211678823098,0.1977401129943503,1.2317820831996407,0.05401016041049539,0.903954802259887,-0.2683545446926713,-0.302072001943662,0.3050847457627119
2024-03-14,-0.4393587364052274,-0.1489251168854419,0.29213483146067415,2.0005988547777593,1.1176754302955825,0.9101123595505618,0.04848650929603493,0.07859789868004942,0.5,-0.3349714958731572,-0.4321590313838702,0.3146067415730337,-0.06647065834758803,-0.20437099803740255,0.43258426966292135,0.1696311200747524,0.09255048029858107,0.5393258426966292,-0.37707256164280634,-0.3270721885100435,0.25842696629213485
2024-03-15,0.3703761211060044,0.024175295778373504,0.6424581005586593,0.36434050195454293,0.8665637875152361,0.5921787709497207,0.14987252692649544,0.10235610809553143,0.5810055865921788,0.6587328726059368,-0.06852839672060121,0.8100558659217877,-0.39231845047634867,-0.2670201488503846,0.2569832402234637,0.9315403137712789,0.37221375812281365,0.8491620111731844,0.12217810735325785,-0.17732208988894307,0.553072625698324
2024-03-18,0.13099102170735577,0.05978053775470092,0.5222222222222223,0.8237013118501114,0.8522762956268612,0.7055555555555556,-0.12752315423195557,0.02572968731970244,0.35555555555555557,-0.6614786285603099,-0.2661784740005041,0.15555555555555556,-0.21767897258149452,-0.2505730900940879,0.34444444444444444,-0.48451787954083436,0.08663654556826436,0.3111111111111111,-0.5273126144510368,-0.29398559807630764,0.18888888888888888
2024-03-19,-0.1694532548492808,-0.01663072644662631,0.39779005524861877,-0.7837975263061651,0.30691835498251924,0.2596685082872928,-0.541668850795779,-0.16340315871879135,0.16022099447513813,-0.6985260810297411,-0.4102943430102498,0.143646408839779,0.02180379815185618,-0.15978079401210654,0.5138121546961326,-0.4948072964914702,-0.10717806845164714,0.30939226519337015,-0.0771232890025847,-0.2216981617184,0.44751381215469616
2024-03-20,-1.3276405089612004,-0.4536339872848177,0.06593406593406594,0.12979819743684015,0.2478783024672929,0.5164835164835165,0.09660369576352146,-0.0767342072246871,0.532967032967033,-0.19387960783752056,-0.33815609795267343,0.3901098901098901,-0.5069443069074424,-0.2755019649772185,0.15934065934065933,-0.3658303284348269,-0.19339548844604038,0.34065934065934067,-0.25309439509646103,-0.23216357284442035,0.31868131868131866
2024-03-21,-0.5909870329370408,-0.4994183358355588,0.2185792349726776,-0.10249233016031328,0.1310880915914242,0.4918032786885246,-0.7148675881460762,-0.28944533419848345,0.09836065573770492,0.6449314064442341,-0.010460263153704297,0.8087431693989071,-0.25000001940828537,-0.2670013164542408,0.32786885245901637,-0.33296455063859437,-0.23991850917689173,0.34972677595628415,-0.029991858254633352,-0.16477300131449138,0.47540983606557374
2024-03-22,1.0790297546913008,0.02673102767339436,0.907608695652174,-1.9665589295798158,-0.5681275821323225,0.10869565217391304,0.16430489890111777,-0.13819525649861641,0.6086956521739131,0.746873996190238,0.24198448996094313,0.8369565217391305,1.4039122740350465,0.2899698803755216,0.9836956521739131,-0.3091268673432146,-0.26298796189899937,0.3532608695652174,1.18284236415579,0.2844321205089357,0.9510869565217391
2024-03-25,-0.443245749740513,-0.12992789813124142,0.2702702702702703,0.6674658544190082,-0.156263103281879,0.6756756756756757,-0.04917799429121697,-0.10852283576281661,0.40540540540540543,-0.20033670306069798,0.09454409228706279,0.372972972972973,-0.1595693301064804,0.14012347688152096,0.3891891891891892,1.023615207796379,0.16587976133279336,0.8702702702702703,0.1007308992948418,0.22319838010423773,0.5405405405405406
2024-03-26,0.205505938607497,-0.018116619218328633,0.5645161290322581,-1.2742197006742277,-0.5289153024126619,0.1774193548387097,0.2019185665368496,-0.005042368329594565,0.6236559139784946,-0.6990521595479313,-0.1699879916579352,0.13978494623655913,0.6429056538401072,0.3077175358677164,0.8870967741935484,0.35284432773687846,0.2282012834674884,0.6397849462365591,0.7122604226646911,0.3862190609577222,0.8817204301075269
2024-03-27,0.007527137260297856,-0.009568700392119805,0.49732620320855614,-1.3892538370149563,-0.8156948139467601,0.1657754010695187,-0.6096771559327211,-0.20658729753063673,0.1443850267379679,-0.29772030559787127,-0.21256542963791392,0.34759358288770054,-0.8448631729321844,-0.07647603373225048,0.0481283422459893,-0.22747041505566534,0.07631071729310385,0.40106951871657753,-0.4730499033083765,0.09979607286902265,0.22994652406417113
2024-03-28,0.12584108027367932,0.03556789316314657,0.526595744680851,1.1363887951185543,-0.16500027759165542,0.7659574468085106,-0.20009777415534374,-0.20442412307220575,0.31382978723404253,-0.3073516584859777,-0.2441608392539352,0.34574468085106386,0.04663864694515177,-0.035437806839783065,0.5585106382978723,1.177968326555035,0.44352992038041417,0.8936170212765957,0.24769581993105727,0.14909598855636752,0.6436170212765957
2024-04-01,-0.8696575978108091,-0.2661739371615053,0.12169312169312169,2.7922116206204945,0.8207370218123945,0.9735449735449735,0.1833992054968397,-0.0751496802158573,0.6137566137566137,1.1775633323811556,0.22974721795776173,0.91005291005291,-0.416031913525182,-0.16230250906824936,0.2328042328042328,0.7508225167125308,0.5459607858244531,0.7777777777777778,-0.6061411515394466,-0.10264972480890384,0.14814814814814814
2024-04-02,0.7998871031166912,0.08917974293122685,0.8578947368421053,1.890409730050504,1.1772945912250976,0.9,0.7659866755722246,0.2052291050468366,0.9105263157894737,0.09736281046968898,0.18561908212840417,0.531578947368421,0.23659914745414007,-0.029335290227452904,0.6684210526315789,1.499545024510322,0.8638221987197428,0.9526315789473684,0.30335435696663676,0.032684969116276344,0.6736842105263158
2024-04-03,-1.1432433579168606,-0.32162795735146893,0.08900523560209424,0.49025358117026807,0.9482809212068212,0.6230366492146597,0.31391033261037105,0.2414561809013481,0.6858638743455497,-0.06919639693791801,0.10068058910629679,0.46596858638743455,0.2357146751138035,0.059014698219632566,0.6596858638743456,0.5233616024527801,0.7503353332974219,0.6858638743455497,0.24824533850665886,0.10453842557973718,0.643979057591623
2024-04-04,1.1182713081928437,0.15833846449663522,0.921875,-0.8693949957690723,0.3423889488815235,0.24479166666666666,0.21723762339679342,0.2333833283998299,0.6354166666666666,-0.9541585108496013,-0.25093244421233585,0.08333333333333333,0.8577460213845318,0.3252584726079323,0.9166666666666666,1.768235062568671,1.0896352430545049,0.9583333333333334,1.5034768837814858,0.57085124498032,0.9895833333333334
2024-04-05,-1.0270811391289238,-0.23680140337855113,0.09844559585492228,1.9210606330186506,0.8686128435938991,0.9015544041450777,-0.2761646368790835,0.06353400664019213,0.27461139896373055,-0.10491875684669916,-0.20226121509045697,0.44041450777202074,-1.00205936793761,-0.11718080757391508,0.04145077720207254,-0.4362000024419218,0.581023494555696,0.31088082901554404,-1.4030365766917936,-0.0871113622437178,0.015544041450777202
2024-04-08,-0.7891395734439994,-0.42091412673370054,0.15979381443298968,0.09120675928260868,0.6094774821568023,0.5103092783505154,0.4675075509902177,0.1981918547568673,0.7989690721649485,-0.448087295043438,-0.2842032417414506,0.25773195876288657,-1.0151441741694074,-0.4165019297724125,0.03608247422680412,0.14464253768716837,0.4355631755995202,0.5154639175257731,-0.6376590752932491,-0.27062726659356157,0.13402061855670103
2024-04-09,0.5785919625789795,-0.08774543029614057,0.7487179487179487,-1.9751150245070466,-0.25205335339781393,0.10256410256410256,0.14912312687028728,0.1818356121280073,0.5743589743589743,-0.34998860508137675,-0.30613169618809266,0.3076923076923077,0.21403529404551414,-0.206322855166437,0.6512820512820513,-0.6446457340035824,0.07549353906515271,0.22564102564102564,0.3602647616291812,-0.060329923852647335,0.7128205128205128
2024-04-10,0.4160949587305012,0.08020136604607332,0.6632653061224489,2.9819135383592448,0.8259356105212056,0.9897959183673469,-0.3033844320109287,0.020095597415028657,0.2602040816326531,0.6759278021667722,0.02122146993019558,0.8214285714285714,0.08601914470952554,-0.10887552187444952,0.576530612244898,0.842056951102317,0.3310146764108741,0.7908163265306123,-0.24708945577328922,-0.12258310115952797,0.32653061224489793
2024-04-11,-1.060641809813521,-0.30007969257379147,0.09644670050761421,0.03350827577441817,0.5617931656056098,0.5025380710659898,-0.19239964509885737,-0.050736150089600016,0.3197969543147208,0.42290116371197073,0.15511470119078727,0.700507614213198,0.009489411702547634,-0.06942054401545047,0.5076142131979695,-0.22004789090373456,0.14732715397267127,0.39593908629441626,-0.24969231848287263,-0.16495284026730953,0.3248730964467005
2024-04-12,1.0624176522044655,0.1540860890189608,0.9040404040404041,-0.694647591646642,0.1429795798548592,0.2878787878787879,-1.055489229229829,-0.385653843136343,0.020202020202020204,-0.24671005954255976,0.021173114279671598,0.3686868686868687,1.0004717376943097,0.28721021655446954,0.9545454545454546,0.72060921075574,0.3384211729003609,0.7525252525252525,1.549851309943645,0.406648543136342,0.98989898989899
2024-04-15,0.2581735973277761,0.18878192512189923,0.5829145728643216,2.0324619499158283,0.7728070365418489,0.914572864321608,0.6181328593000119,-0.05105827565755808,0.8844221105527639,0.984986572238664,0.34244426693266905,0.8844221105527639,0.15503200050946897,0.24315081120613602,0.6180904522613065,2.1134713589800533,0.9301045682602584,0.9798994974874372,0.7119409118620565,0.5084126660449135,0.8743718592964824
2024-04-16,0.12233246873259807,0.16663210632546552,0.52,0.5997402334645167,0.7151181021827382,0.64,-1.369601074561472,-0.4905725419588627,0.01,0.2250447186217878,0.3033110841623753,0.63,0.02243401462052108,0.16957854567759773,0.51,0.29175880562918055,0.7173226473832326,0.585,-0.06214309475343438,0.31822741244546426,0.45
2024-04-17,1.533129679874575,0.622131297508502,0.9701492537313433,-2.8491236868225123,-0.47296249415234515,0.029850746268656716,0.8513613141992047,-0.043261256572840245,0.9303482587064676,-1.2723321600227804,-0.2219033305660099,0.029850746268656716,0.7922279706202507,0.3771283539918154,0.900497512437811,-0.6548464864930693,0.25993293609113205,0.21890547263681592,1.1590512610964328,0.5985020286624538,0.9402985074626866
2024-04-18,0.4416752053264088,0.5619792667811376,0.6782178217821783,0.4485211530244817,-0.16580127842673623,0.6138613861386139,0.14574656034113512,0.01974134906515154,0.5693069306930693,-0.6000812363526973,-0.34796263249490567,0.19306930693069307,-0.7480017425828073,0.0020849884669412178,0.07425742574257425,0.28616636402532103,0.26867741206919504,0.5841584158415841,-0.4852535519147087,0.23725016847006636,0.22772277227722773
2024-04-19,1.3409732845931874,0.8216439393851542,0.9507389162561576,-0.013646222386329732,-0.11508292641326741,0.4975369458128079,0.3699061840775008,0.13646296073593464,0.7536945812807881,-1.7771275128213702,-0.8243509259370605,0.009852216748768473,-0.44157866150535613,-0.1458028948571579,0.21182266009852216,1.2472036518823892,0.5948528253402597,0.9014778325123153,0.4731370635060139,0.3158791334820489,0.7832512315270936
2024-04-22,0.027232860529106673,0.5568402464331385,0.4950980392156863,-0.02561649163226054,-0.08526078148626512,0.49019607843137253,0.43078905857232597,0.23457166001473176,0.7745098039215687,-0.49048466344863584,-0.7130621717742524,0.24019607843137256,-1.0336232911694005,-0.4417430269612388,0.03431372549019608,-2.0601319388880412,-0.2901420960691739,0.029411764705882353,-1.078078551003313,-0.14877342801307175,0.03431372549019608
2024-04-23,-0.9848876128527995,0.042930960004492535,0.11219512195121951,0.0628365896233904,-0.035894991116379955,0.5121951219512195,-0.024667396912873896,0.14815864103886323,0.4195121951219512,-0.23016156623107853,-0.5520953032598611,0.3853658536585366,-0.43385164122653563,-0.4391125650496711,0.22439024390243903,-0.676114832914977,-0.41879967501777493,0.1951219512195122,-0.7034746417687995,-0.3336738325983143,0.12682926829268293
2024-04-24,-0.08047415557414961,0.0017959214782784921,0.4368932038834951,0.8143572392093117,0.24752241899218388,0.7038834951456311,-0.08706563589310218,0.0697505487282081,0.3737864077669903,-0.16320931544890832,-0.4224666406562102,0.42718446601941745,-0.17519734644222723,-0.3511408255138565,0.3786407766990291,-0.35117332059637707,-0.396257556877309,0.33495145631067963,-0.007377261816689296,-0.2249083090044393,0.49029126213592233
2024-04-25,-0.3757890250519152,-0.1240657273651194,0.32367149758454106,1.5828649914688055,0.6926366098177245,0.855072463768116,0.2143526711965284,0.11795125621764821,0.6280193236714976,1.4063948069472239,0.18715384187826778,0.9565217391304348,-0.10735058577575007,-0.269877412267821,0.42995169082125606,0.8903263812170099,0.03260375582079722,0.8115942028985508,-0.09687828194535886,-0.18223163331807918,0.42995169082125606
2024-04-26,-0.6671255316803832,-0.305085662136874,0.1971153846153846,-0.7594962900816231,0.2085923098512753,0.2692307692307692,0.17221834390218937,0.1360402854458286,0.6009615384615384,0.31263266972469017,0.22898011782707525,0.6682692307692307,0.22840566628784031,-0.10378305274926726,0.6682692307692307,-0.8098599748213107,-0.24821748772657207,0.16346153846153846,-0.27001840059442783,-0.21149388907686206,0.30288461538461536
2024-04-29,-0.6269423377344895,-0.4123712206694125,0.21052631578947367,-1.676058884066479,-0.419624754787976,0.1339712918660287,0.29981953259424976,0.19063336782863566,0.6794258373205742,0.09299779420751787,0.18365267662055612,0.5406698564593302,0.5688188133994951,0.12041756930032017,0.84688995215311,-0.619059681781267,-0.37183155241147037,0.24880382775119617,0.2600166681509585,-0.054323703334255236,0.6507177033492823
2024-04-30,1.121618611143235,0.0989587232681366,0.919047619047619,-0.5876874481923883,-0.4756456525894468,0.32857142857142857,-0.1412385070984319,0.08000940951961318,0.3380952380952381,0.5645722539848794,0.3106258690753306,0.7857142857142857,0.49844392887096955,0.24642635582386996,0.8,0.5032660424094175,-0.08013235413784112,0.6666666666666666,0.9189389362072321,0.2700971765129072,0.919047619047619
2024-05-01,0.13891306811676307,0.11227683821767877,0.5355450236966824,-2.9676734923584047,-1.3063215991790993,0.018957345971563982,-0.09380370311137465,0.022071705309283908,0.36492890995260663,-1.6918515937936636,-0.35686661854766744,0.018957345971563982,-0.33299123020753574,0.05328716048006807,0.2796208530805687,0.059362909854168644,-0.0336339328071712,0.4834123222748815,0.3333574009387211,0.29118391798817855,0.6919431279620853
2024-05-02,-0.2565471681207734,-0.01066449722847193,0.3632075471698113,-0.6301331468294642,-1.0809254483958877,0.32075471698113206,0.9746371765753488,0.33959352906463885,0.9622641509433962,0.11385659874095788,-0.19995887945145904,0.5613207547169812,-0.18045711113555307,-0.02462759672513897,0.37264150943396224,-1.0445729128129813,-0.37061359280910783,0.1179245283018868,-0.27319656013069693,0.10305709194855342,0.29245283018867924
2024-05-03,0.21781326753495223,0.06549475769266945,0.5774647887323944,-1.219331737211564,-1.127060878001113,0.18309859154929578,0.026562066151739172,0.23524970809367232,0.47417840375586856,0.4429239099849285,0.014335383694003445,0.7230046948356808,0.2242099691347097,0.05831825856147725,0.6619718309859155,-1.7528771140863708,-0.8313680999015287,0.03755868544600939,-0.07183557368405902,0.04475953673768262,0.4507042253521127
2024-05-06,-0.7237784148456837,-0.19759629982011492,0.17757009345794392,0.1345576143045607,-0.7065213805658885,0.5327102803738317,-0.4947019568032913,-0.008067513538648874,0.17289719626168223,-0.22249524795533382,-0.06460816018910896,0.37850467289719625,-0.17623895837092296,-0.01986748041598948,0.37383177570093457,-0.2302894248709484,-0.631008541558002,0.3925233644859813,-0.46804261516303164,-0.1261745138958888,0.2336448598130841
2024-05-07,1.6098136859264152,0.4048736954287284,0.9720930232558139,-1.8684690745274202,-1.0938372785530657,0.11162790697674418,-0.31201101830169287,-0.1093820151263302,0.24651162790697675,-0.2988456739648366,-0.14268733144768483,0.34418604651162793,0.7119008740941976,0.22405530442073954,0.8930232558139535,-0.6281129842232481,-0.6300433557797508,0.24186046511627907,0.6069186912894693,0.11818988783256389,0.8465116279069768
2024-05-08,-0.2747097908183628,0.17834586667969804,0.35648148148148145,0.6931033111914429,-0.4981904153048962,0.6944444444444444,0.010361376599322403,-0.06946755121777934,0.4583333333333333,0.4361522232729813,0.0502591867925372,0.7175925925925926,-0.27187394495189005,0.05874555462986304,0.3148148148148148,0.11638538887005147,-0.3812337742298168,0.5,-0.14579687392574814,0.03019430057979322,0.4027777777777778
2024-05-09,0.29900052301145186,0.21856408545694933,0.6129032258064516,-0.03689842482295136,-0.34442641847758126,0.4930875576036866,-0.021758948460870453,-0.05356468363214305,0.423963133640553,-0.48042246972905944,-0.12663469871466168,0.2350230414746544,0.581640083255072,0.23304373083826602,0.8525345622119815,0.2697069017390874,-0.1642535489068488,0.5806451612903226,0.4349445738788074,0.16511105834613127,0.7511520737327189
2024-05-10,0.7220067748433325,0.3863783152524104,0.8165137614678899,0.9883537859094147,0.09983364965141736,0.7477064220183486,0.3821276891626984,0.09166610729947076,0.7660550458715596,0.6191454861177859,0.12195869622948748,0.8073394495412844,-0.28288145230273753,0.06106866979126485,0.3073394495412844,-0.518138546544482,-0.2822152147860599,0.29357798165137616,-0.3556704029024546,-0.008482762070064001,0.26605504587155965
2024-05-13,-0.21435361741713765,0.1861343376958944,0.3744292237442922,-0.2148275152328854,-0.00505340531001687,0.4429223744292237,0.013614233970806425,0.065648816189916,0.4703196347031963,-0.36565100056349736,-0.04057786936817412,0.2968036529680365,0.3868926006361293,0.169676646739553,0.7579908675799086,-0.3033971650001661,-0.2892758648574286,0.3607305936073059,0.37665589049324555,0.1198967887843725,0.7168949771689498
2024-05-14,-0.6084337823117847,-0.07872170230666527,0.21363636363636362,-1.5675704316231474,-0.5258924140810604,0.1590909090909091,0.040608705070499185,0.05730211248344373,0.5,0.09186937301156917,0.0035712114250736407,0.5363636363636364,0.13002964227498037,0.15646097858469546,0.6,-0.14987163095289596,-0.2428077868892511,0.41818181818181815,0.20023347725791096,0.14667568494221866,0.6136363636363636
2024-05-15,0.21695724762608015,0.019837947670916525,0.5746606334841629,-2.1717972783320425,-1.0745273688313877,0.09049773755656108,0.034126729927813626,0.04957698496490037,0.49321266968325794,-0.32514390101457424,-0.10600049272147564,0.3167420814479638,0.5098696585773868,0.27426387191559254,0.8054298642533937,-1.1059346462218222,-0.5305167400001082,0.10407239819004525,0.05392322483198009,0.11575819823880582,0.5158371040723982
2024-05-16,1.87421847388848,0.6379647897434376,0.9864864864864865,0.14022197796225655,-0.669610919900173,0.545045045045045,-0.0259007153391988,0.024417751530200656,0.4099099099099099,-0.23050793244670043,-0.14750297262988393,0.3783783783783784,0.044803497474521614,0.1977770804352356,0.545045045045045,0.2824187053252527,-0.2595382582249879,0.6036036036036037,0.0635687936599435,0.09836173004585172,0.5225225225225225
2024-05-17,-1.0226280484573043,0.08443384367652373,0.09417040358744394,1.7951879410250489,0.15198870040823426,0.8923766816143498,0.4682969598441058,0.1723774876348357,0.8116591928251121,-0.7827485209660223,-0.35925148874193,0.1210762331838565,-0.6961102043190681,-0.10018534781619895,0.08071748878923767,0.6001026759107875,0.02700871982027056,0.726457399103139,-0.6068415750553109,-0.13670603832120248,0.14349775784753363
2024-05-20,-0.5433576121810564,-0.12482997494266962,0.24553571428571427,1.4068518085801798,0.5702764031322161,0.8348214285714286,-0.23483628069468182,0.03663956485832988,0.29017857142857145,0.1478761375572113,-0.19020894664221627,0.6026785714285714,-0.002776853174200622,-0.06771584960219952,0.49107142857142855,0.26221495147010815,0.10541079703688308,0.5803571428571429,-0.3685366930545151,-0.2139829232323067,0.2544642857142857
2024-05-21,0.511904372728235,0.08741480761429855,0.72,-1.1581668846539928,-0.005871359463186787,0.20444444444444446,-0.5912032401038543,-0.17264137012906483,0.13777777777777778,0.5832585693808973,0.06761355869882155,0.8,0.6313705479925932,0.1653129495960647,0.88,-0.6572072206129311,-0.1487952088463883,0.2222222222222222,0.5577228671937366,0.04325234024304106,0.84
2024-05-22,0.6074584130841753,0.26076267610425746,0.7610619469026548,-1.3501722467433326,-0.45397165522323535,0.17256637168141592,-0.535427788721722,-0.29357017632661725,0.15486725663716813,0.45021676735993726,0.19514796158586012,0.7300884955752213,0.35785963912552443,0.22949517943921796,0.7345132743362832,-1.0185315110503357,-0.43870730958103743,0.12831858407079647,0.24564521823494168,0.11071663290700794,0.6327433628318584
2024-05-23,0.1258333706969792,0.21578624096849805,0.5198237885462555,-0.5071439547774828,-0.47169575507465117,0.3788546255506608,0.31128790221529634,-0.09195081681264608,0.6960352422907489,1.4754132308263928,0.6219030513327043,0.9691629955947136,0.43002086448184906,0.29633707445342833,0.7709251101321586,-0.44114841787860515,-0.4395210123468934,0.32158590308370044,0.26919855336703047,0.16354393972701545,0.6563876651982379
2024-05-24,-0.7059497970118405,-0.09145910502494808,0.18859649122807018,-0.01827121991947156,-0.320554243356258,0.5043859649122807,0.08155928659745992,-0.03411411567594409,0.5219298245614035,1.1810307311109114,0.8082789445921067,0.9166666666666666,-0.3000575634259167,0.09753886182698,0.2850877192982456,-0.06341510574663345,-0.3141523768134734,0.45614035087719296,-0.49462319452682413,-0.05584510502426439,0.20175438596491227
2024-05-28,-1.4360939970636053,-0.5396707357045005,0.043668122270742356,3.4226719059567503,0.9271878064147447,1.0,-0.054112784607669134,-0.040780338653185776,0.3799126637554585,1.6676865774429974,1.0947481555424037,0.9868995633187773,-0.22832378506824202,-0.011082020471427326,0.3318777292576419,0.9580214391498262,0.10990556184095976,0.8646288209606987,-0.4305726710341643,-0.18075429369423102,0.2314410480349345
2024-05-29,-0.35590397682205843,-0.4784151494103532,0.3347826086956522,1.834835788222559,1.2297371336840162,0.8913043478260869,-1.1866857801139448,-0.4227488191401054,0.021739130434782608,-0.6815369172000552,0.5026531312949175,0.14782608695652175,0.12638973940999598,0.0347418994890471,0.5956521739130435,-0.44150268134657455,-0.07389718588821832,0.3173913043478261,-0.04146748145031531,-0.13432535627959247,0.4608695652173913
2024-05-30,0.07499380474657746,-0.29394549802470965,0.5151515151515151,-2.403071767983884,0.018800833128049477,0.06926406926406926,0.7436069671300563,-0.03396355705005155,0.9090909090909091,1.7035434896969934,0.9029499174289428,0.9913419913419913,0.01858925762132113,0.029357685533138445,0.5021645021645021,1.031544764169358,0.29458346413097375,0.8744588744588745,0.7714898513033515,0.16761304624805548,0.8961038961038961
2024-05-31,0.9966489062671016,0.1362526367392274,0.8836206896551724,-1.8086427946677524,-0.5903470428038844,0.1206896551724138,-0.24986436816867807,-0.10593049408959372,0.28879310344827586,-1.0065412434874357,0.2664528637901501,0.06465517241379311,0.19485864505554917,0.08452467204060868,0.6422413793103449,-1.2272436667382263,-0.21269224615875956,0.08620689655172414,0.10859833703152555,0.1479414765092122,0.5560344827586207
2024-06-03,1.2270427560611261,0.4998493431798603,0.927038626609442,-3.9565200474519977,-1.7124047110199223,0.004291845493562232,0.8319645044008211,0.20670117207387784,0.927038626609442,0.9382833017936867,0.4903963431246623,0.8755364806866953,1.182774746863258,0.4506080303148251,0.9742489270386266,-0.7640628866458842,-0.3964824596544678,0.18025751072961374,0.7838611235104213,0.35991469217628186,0.9012875536480687
2024-06-04,1.8857061721118364,0.961801619490519,0.9871794871794872,-2.885437421050076,-2.103415614363307,0.029914529914529916,-0.3848072070866372,0.009531712353706201,0.2094017094017094,-0.3921105603309696,0.19622737530611836,0.2863247863247863,1.4862185410475142,0.7958115338923881,0.9871794871794872,-1.0379579950427678,-0.6103076381172345,0.12393162393162394,1.0824199516406547,0.6007497786644062,0.9401709401709402
2024-06-05,-0.7994406055177985,0.37472087782108,0.14893617021276595,-1.4872282612496717,-1.8980198299920952,0.17446808510638298,-0.28342690751456034,-0.08812116093571597,0.25957446808510637,0.7882944656125908,0.3935830720749425,0.8468085106382979,0.22718617795689866,0.6062697485805584,0.6553191489361702,-0.5355356618121765,-0.5853836460155486,0.2936170212765957,-0.222346036120178,0.3263845070695448,0.34893617021276596
2024-06-06,0.04362802163760711,0.26435659242658904,0.5,0.9671474260740857,-0.9429640779700351,0.7415254237288136,0.8323096532021107,0.21868911044355954,0.9279661016949152,-0.7900725336976683,-0.000968796515927739,0.11864406779661017,0.07946893842225826,0.43066947852779175,0.559322033898305,0.3606727296797869,-0.27003152078377013,0.6567796610169492,0.17341823594548567,0.2753957500281918,0.5889830508474576
2024-06-07,-0.7675908304238237,-0.07962588185688185,0.16033755274261605,1.597569037318411,-0.09611970620721988,0.8607594936708861,-0.9826924871949088,-0.1817714221025965,0.046413502109704644,-0.010867945779386268,-0.004268512937080582,0.4936708860759494,-1.3474261905921379,-0.16202907784551807,0.012658227848101266,-0.983995340546469,-0.5080194607046697,0.13924050632911392,-1.347451299369326,-0.26555326643764743,0.02109704641350211
2024-06-10,-0.832381501850997,-0.3305444218549203,0.13445378151260504,1.96508672706016,0.5909491048819067,0.9117647058823529,-0.040578332245204796,-0.13470705881679929,0.40756302521008403,0.3323974449957433,0.10795347304052737,0.6638655462184874,-0.06430332133181976,-0.12945382567428532,0.42857142857142855,0.726423170906194,-0.09653858350104855,0.7773109243697479,-0.5244617921206222,-0.35185610833197234,0.17647058823529413
2024-06-11,0.8246761784024514,0.05452911156420359,0.8493723849372385,-2.024752708126469,-0.2809514994542185,0.1087866108786611,-1.2403727906658684,-0.503262302766489,0.016736401673640166,-0.38058002271121716,-0.05489102554338747,0.2928870292887029,0.8508699370673436,0.19732076190625764,0.9163179916317992,-0.291624872305944,-0.16156734643601373,0.3807531380753138,0.7002903197528967,-0.0011406323036826926,0.8661087866108786
2024-06-12,-1.7241808590275474,-0.53837421196638,0.020833333333333332,-1.4873287923327192,-0.683077263747052,0.175,0.10447148899368242,-0.3006843721797652,0.5541666666666667,-0.09728242979291046,-0.0690214936265618,0.45,-0.14062338144003328,0.08467271412416069,0.3958333333333333,-0.6677139488940358,-0.3302828805886877,0.21666666666666667,0.04592671923263891,0.014548484875091175,0.5041666666666667
2024-06-13,1.2672351031239657,0.06349555973040183,0.9253112033195021,-2.4805010027770114,-1.2822185100903718,0.07053941908713693,-1.0573047592292713,-0.5528911678629338,0.029045643153526972,1.8713125493775082,0.5777565207081282,0.991701244813278,1.4781510023526272,0.5491654768669828,0.983402489626556,-0.9293988139977111,-0.5299881917250289,0.14937759336099585,1.0780067324151585,0.369034567388447,0.9377593360995851
2024-06-14,1.7062305266836457,0.6110738820481497,0.9710743801652892,-1.8157875412875721,-1.4600748538227721,0.128099173553719,0.01656465148644848,-0.36307256141313976,0.4834710743801653,-0.5628005700279685,0.19757082379609603,0.19834710743801653,1.1031386700349146,0.7338232079229601,0.9628099173553719,-0.08626860834533397,-0.38208166393179727,0.45867768595041325,0.8422232823754772,0.5267641390507903,0.9049586776859504
2024-06-17,-1.2265420871070585,-0.0014647743369196053,0.06995884773662552,2.3329029731009903,-0.1957489115148514,0.9547325102880658,-0.45235170567887284,-0.3928322761683841,0.18930041152263374,0.24987542268590324,0.21500569009269846,0.6337448559670782,-1.1788519706514293,0.09626481506483037,0.02880658436213992,-0.44085032110619815,-0.4016712163232643,0.3374485596707819,-1.1334219303831088,-0.026631217427176,0.03292181069958848
2024-06-18,0.6456912982026073,0.21425391650958936,0.7745901639344263,-0.5983012519275626,-0.32993302498575516,0.3524590163934426,0.37897954559658753,-0.1355616689133936,0.7704918032786885,0.7403607926262213,0.39012405760387275,0.8319672131147541,0.2378560974100008,0.14346190917988716,0.6721311475409836,0.5391722069939341,-0.08805674188419824,0.7172131147540983,0.22318778451734567,0.05664178322099789,0.6147540983606558
2024-06-20,-0.49605448351908393,-0.022515550166635034,0.2693877551020408,1.5775490041408577,0.30589431805644907,0.8489795918367347,0.2853861594938444,0.004754273889019042,0.6857142857142857,-1.7068585837073926,-0.30887015616654895,0.0163265306122449,-0.3137221078899056,-0.00893276317671042,0.2612244897959184,0.8553765582233983,0.2264210248183339,0.8163265306122449,-0.08800213677147306,0.008427143223507579,0.4204081632653061
2024-06-21,-0.5638048384504377,-0.20294531292790258,0.24796747967479674,-1.1169256086492665,-0.16837899084545607,0.23170731707317074,-0.7972970736522451,-0.2625961752914023,0.06504065040650407,-1.8908715851419489,-0.8362039658250155,0.008130081300813009,-0.054108260967255364,-0.0239912624402254,0.43089430894308944,0.012402811506622369,0.15508162038109674,0.5,0.01954525380232966,0.012133180083114939,0.491869918699187
2024-06-24,1.0173401611156077,0.20381651175326748,0.8785425101214575,-0.8104550257695877,-0.38240433582016664,0.2834008097165992,0.9033073982236837,0.12603834921362633,0.951417004048583,-1.5132057515741804,-1.061871227741404,0.02834008097165992,-0.2838848362366353,-0.11062245370569536,0.291497975708502,0.9612457100697096,0.42380298361063434,0.8704453441295547,0.4193103834377269,0.14785891453465227,0.7408906882591093
2024-06-25,-0.11823235890274864,0.09646688820126212,0.4314516129032258,-0.0036642628752622253,-0.2561576448385319,0.5241935483870968,-0.10099640964954049,0.0503600962592374,0.3629032258064516,0.61856701476258,-0.5017251469067427,0.7943548387096774,0.3768076724609355,0.0518542550165149,0.7419354838709677,-1.273977617335674,-0.14212388337146836,0.08064516129032258,-0.07996841369911997,0.07191647179006154,0.42338709677419356
2024-06-26,-1.7136193163614961,-0.5068951799863239,0.024096385542168676,2.766157933838819,0.7512808813872516,0.963855421686747,-0.6887966431258542,-0.19602548353579313,0.10441767068273092,-0.5542266264043572,-0.5192256400726143,0.21285140562248997,-0.8517052670401349,-0.24933225233570167,0.05622489959839357,-0.2869274477012683,-0.19039173814806837,0.3895582329317269,-0.7588722998266346,-0.20501311874883718,0.10441767068273092
2024-06-27,-0.9949099614623806,-0.6695667738116762,0.108,0.011515411356484817,0.5046923913769961,0.524,-0.4135915865894021,-0.26854751788699616,0.208,-2.1743959728244073,-1.0709490843232121,0.008,-0.03359825989964066,-0.17742092152368136,0.456,0.5177850418034236,0.04566718850242893,0.696,0.19268890496309882,-0.0724457775115252,0.608
2024-06-28,-1.04961642047959,-0.7962499893676475,0.09561752988047809,2.4925074080663165,1.1672973969401028,0.9561752988047809,0.18192421111241108,-0.11839027488719377,0.6254980079681275,-0.3207313366604262,-0.8208765017689502,0.3346613545816733,-1.1755751104819487,-0.5101389845097705,0.03187250996015936,0.43097089689384055,0.17410175796623278,0.6733067729083665,-0.22687269506310925,-0.12392141669538655,0.3426294820717131
2024-07-01,-1.2859921057044061,-0.9594973614799004,0.06349206349206349,3.3306142886422068,1.8884030275074708,0.9920634920634921,0.44747997908503745,0.07023314310354996,0.7976190476190477,-0.36450274996423887,-0.6687519178340465,0.30952380952380953,-1.044244922551323,-0.688174297190288,0.03968253968253968,0.24926314231133082,0.19915555274793215,0.5873015873015873,-1.2148502252391788,-0.4875643528766506,0.023809523809523808
2024-07-02,-0.23089861446680027,-0.7166311124755338,0.383399209486166,-1.0519120857468471,0.9082979897560316,0.2450592885375494,-0.07261905517764694,0.022615743676484328,0.383399209486166,0.16272129211313652,-0.39159418118498557,0.6126482213438735,-0.15465372463707816,-0.510334106339218,0.38735177865612647,-0.7413533994422271,-0.11434743131545425,0.19367588932806323,-0.19346841665307124,-0.38953237413545755,0.3715415019762846
2024-07-03,0.2067978290016676,-0.40882146531646674,0.5826771653543307,-1.2534454439534857,0.18771684518619264,0.2047244094488189,1.316812953347168,0.4540148135667122,0.9921259842519685,1.0031081264166837,0.07330658801557083,0.889763779527559,0.9436572292216832,-0.025670327818917704,0.9330708661417323,0.06363757687384108,-0.05501909525235582,0.5118110236220472,0.38920292008299295,-0.1299539427293074,0.7322834645669292
2024-07-05,1.1756122155370516,0.11932309496803933,0.9137254901960784,-0.8401620417334328,-0.15490945045368248,0.2823529411764706,0.5188967834569184,0.4756421368634476,0.8392156862745098,-0.8062672314430679,-0.21988468513730874,0.12156862745098039,0.8514477512857656,0.2667023652159767,0.9098039215686274,-0.3509577376607837,-0.15366530938849843,0.3568627450980392,0.2810548961049003,0.007049003548761812,0.6627450980392157
2024-07-08,-0.43084121484274746,-0.0640650083022229,0.3203125,-1.2396057421532933,-0.5164748810202194,0.20703125,-0.8790055216384801,0.024092917362805055,0.0546875,1.3348872341562386,0.29837262129387365,0.9375,0.08625419748042662,0.20655297597079336,0.5703125,-0.4280379737122338,-0.24512286416307688,0.3359375,0.08727002126755273,0.03378934278835879,0.53125
2024-07-09,-0.45467644250640477,-0.19426881970361684,0.28793774319066145,-0.21161171932837353,-0.4148538271229375,0.4708171206225681,0.005559889437239174,0.01791524138761643,0.46303501945525294,1.3823688761157629,0.6597047062345034,0.9455252918287937,-0.5229392982210338,-0.03661111542648232,0.14785992217898833,-0.372588342098522,-0.28761135680822525,0.3463035019455253,-0.0751032786891741,-0.002508197704152171,0.4396887159533074
2024-07-10,-0.43519475668077834,-0.2745774653626707,0.32170542635658916,0.16134799794883015,-0.22278655209901502,0.562015503875969,0.3701584507831057,0.13532964451944618,0.7596899224806202,1.1229482585323602,0.8141192236671224,0.8953488372093024,-0.7476345254976318,-0.2736189187835321,0.08527131782945736,-0.7281916399643901,-0.4344714511936135,0.1937984496124031,-0.7011414886678295,-0.2353859613587113,0.12015503875968993
2024-07-11,-0.5769668113811741,-0.37537391403550513,0.2471042471042471,-1.5916255178810803,-0.6790662073597034,0.1583011583011583,-0.47187589146290687,-0.06707220080800481,0.1891891891891892,-2.6939862732877016,-0.3552492753178188,0.003861003861003861,-0.28064571705511865,-0.27596118487406096,0.305019305019305,2.749094325830546,0.626717141147773,1.0,1.24221688030747,0.25714831919668246,0.9575289575289575
2024-07-12,-0.6937839452572084,-0.4815105911094063,0.2076923076923077,-0.16157906353386783,-0.5065704927510916,0.4807692307692308,0.1458505530200258,0.0039020504680053886,0.5884615384615385,-0.6797022938756749,-0.4634002815037709,0.16538461538461538,-0.11820314911071766,-0.22337517295294654,0.41923076923076924,-0.932436983176723,0.10699909970627441,0.1423076923076923,-0.37551000479593943,0.04626221119914187,0.25
2024-07-15,-1.9228006880343163,-0.9619406234177097,0.0038314176245210726,1.5823756402598792,0.18974488491923197,0.8467432950191571,-2.449995098898266,-0.8140636659874183,0.0038314176245210726,-1.2464334111446678,-0.7244113247174032,0.05363984674329502,-0.9650326620303552,-0.47059433597874945,0.06130268199233716,0.25263115357464105,0.15554311766239665,0.5977011494252874,-0.4072942787408179,-0.10492328544751137,0.2413793103448276
2024-07-16,-0.8814873838294139,-0.9351228768882779,0.13740458015267176,-2.25420012082433,-0.624903450328622,0.08778625954198473,-1.3565177534475654,-0.9948816951408008,0.015267175572519083,-1.2592346716081204,-0.9026857736809757,0.05343511450381679,-0.7564015524875813,-0.5658634081483601,0.08396946564885496,0.5501763828681364,0.2870875393976432,0.732824427480916,-0.07434876049204209,-0.09473177712902162,0.44656488549618323
2024-07-17,2.47029290660865,0.20001571761069803,0.9961977186311787,0.057691166080064624,-0.39737191152572654,0.5399239543726235,0.6200405047343769,-0.45657429518240833,0.8859315589353612,-1.5488697246727745,-1.1180804240115754,0.034220532319391636,0.08053164961848873,-0.35039838889274383,0.5741444866920152,2.466359060021104,1.0135113796054633,0.9885931558935361,1.1726761119359754,0.3277375192259774,0.9505703422053232
2024-07-18,0.6257813445710817,0.3419375932641593,0.7689393939393939,0.9877096506458009,0.06432194253144918,0.7424242424242424,0.2586176491916967,-0.21817698039104003,0.678030303030303,1.5492488728012626,-0.22897065840729613,0.9696969696969697,0.2959834885957663,-0.13493776306324048,0.7159090909090909,0.58345672383794,0.8701598276829556,0.7310606060606061,0.37054082550197276,0.3420052879846425,0.7196969696969697
2024-07-19,0.14820506813744738,0.27736008488858865,0.5584905660377358,0.3548180904933758,0.1611539918520914,0.6113207547169811,-0.1370692927637731,-0.19114108451528442,0.35094339622641507,-1.060200140596583,-0.5060471524703918,0.07924528301886792,-0.48107631141162643,-0.25031727917936913,0.18867924528301888,-0.2184557458785812,0.5072879698291101,0.42641509433962266,0.024988949322463427,0.23633317509724952,0.5018867924528302
2024-07-22,-1.342322581770095,-0.26253413733097253,0.06015037593984962,0.19855580518639082,0.17362126296352454,0.5714285714285714,-0.17116085901452127,-0.18448100934836337,0.3308270676691729,0.8343667550222377,-0.05924251663951535,0.8458646616541353,-0.9749210859413602,-0.49185188143336617,0.06015037593984962,-1.070986113970201,-0.0188033914373269,0.10526315789473684,-1.1520754528222832,-0.22646970087592802,0.03383458646616541
2024-07-23,-0.5291085782161815,-0.35139228429270886,0.27715355805243447,-0.6014112981789331,-0.08472292408396134,0.352059925093633,-1.1443347722576973,-0.5044322636514746,0.033707865168539325,-0.9544881997821296,-0.3576577443537201,0.10861423220973783,-0.08843213726584759,-0.3573786333775267,0.4344569288389513,0.9031728188380723,0.28852201198780614,0.8352059925093633,0.357758106940301,-0.03172709827051835,0.7116104868913857
2024-07-24,1.703895686391255,0.3337037059352791,0.9664179104477612,1.0886311446902266,0.30639509884076793,0.7611940298507462,0.6733203179233151,-0.11184806979321144,0.8880597014925373,-0.03642686455746036,-0.25058078442163356,0.4962686567164179,0.7139141852084584,-0.00028102718219835676,0.8880597014925373,2.2232265433649223,0.9334235224468449,0.9850746268656716,1.2609134286361252,0.3991530773650295,0.9664179104477612
2024-07-25,0.02442621139671558,0.23061120775575794,0.5130111524163569,-0.6680327836237516,-0.018414195314071874,0.3159851301115242,-0.830325774338126,-0.3513406379748496,0.07063197026022305,-1.9338494193317834,-0.8116703293916835,0.01486988847583643,-0.2911446264795292,-0.09723556028130864,0.2936802973977695,1.1064982042111218,0.9911150830349372,0.895910780669145,0.4800684431003828,0.42612486594348065,0.7955390334572491
2024-07-26,-0.016865262453540586,0.14811905101932513,0.4888888888888889,-1.5194767329928756,-0.5187683745403397,0.17037037037037037,0.23392129648557036,-0.156253326488043,0.674074074074074,-0.2913007781528223,-0.6382138123120632,0.3814814814814815,0.0024265955012319207,-0.06401484168712847,0.5,-1.3930124695713038,0.19640589883285697,0.05925925925925926,-0.21943555861875474,0.21093805775606891,0.34444444444444444
2024-07-29,0.0013619507580328316,0.09920001759889437,0.5018450184501845,-0.9336990231294694,-0.6570785907367163,0.26199261992619927,-0.020364191120402664,-0.1109569480321629,0.45018450184501846,0.17515684100207252,-0.36709026120735133,0.6236162361623616,0.8371299459171655,0.23636675418096947,0.9077490774907749,-0.40085862160643837,-0.0026822746469081227,0.33948339483394835,0.36631681533086546,0.2627309769476678,0.7121771217712177
2024-07-30,-0.19166468316253657,0.0022451173450840772,0.41544117647058826,-1.0391252528058612,-0.784427478093098,0.25,0.34635460076595664,0.0414802349005436,0.7352941176470589,-1.431776841788167,-0.7219857880676233,0.051470588235294115,0.19743909359287462,0.22339086731827118,0.6470588235294118,1.1344439334207492,0.3763597947089776,0.8970588235294118,0.6568868314579582,0.39411626178443127,0.8566176470588235
2024-07-31,-0.5467450589205378,-0.1807516080767899,0.2600732600732601,0.3458809682741466,-0.4076579959706832,0.6153846153846154,1.0343354968707528,0.37243198889061335,0.967032967032967,2.3807866202462638,0.312271681370339,1.0,0.9393040937187006,0.4620286094517476,0.9340659340659341,-0.39762686571218486,0.11836424123525682,0.34065934065934067,0.03241866724238385,0.27355039693708216,0.4981684981684982
2024-08-01,3.635854376190861,1.0914503866790937,1.0,-2.66514167734219,-1.160152556427852,0.051094890510948905,-0.3799104788604897,0.12165116630691239,0.23357664233576642,-0.7291707044449811,-0.034875780568101006,0.16058394160583941,1.9308857137081157,0.9516476442038704,0.9963503649635036,1.090884365007028,0.44253761582584716,0.8905109489051095,1.74981735282988,0.7656393822346814,0.9963503649635036
2024-08-02,5.005258649589373,2.39605314098252,1.0,-5.462607593258751,-2.594304235371485,0.0036363636363636364,0.6657689264194797,0.3030237530111015,0.8836363636363637,0.32685659816591484,0.08570167900990427,0.6690909090909091,3.478470739128526,1.7939220091787558,1.0,0.7959318596471743,0.5603356970996229,0.7890909090909091,3.706311249115735,1.7458633378616994,1.0
2024-08-05,1.034943539455824,1.9423499404736215,0.8768115942028986,0.32191139017982434,-1.6222323601877155,0.605072463768116,-0.07239786869609821,0.17788321244203495,0.38768115942028986,1.3540144956652962,0.508472617895035,0.9311594202898551,1.6177278933902037,1.7351906372492385,0.9855072463768116,1.987149318646528,1.035940237615258,0.967391304347826,2.085310890927295,1.859012522216898,0.9927536231884058
2024-08-06,-1.5640266317184144,0.7735577497429431,0.032490974729241874,2.8990269068295453,-0.1151459378486287,0.9747292418772563,-0.5658868827859365,-0.0700401526339555,0.1624548736462094,-0.1792962115329415,0.27921634141904283,0.4296028880866426,-2.046948971042405,0.4744774344853575,0.0036101083032490976,-1.3589187154794675,0.23765391991701623,0.061371841155234655,-2.3909756984222943,0.442349782003834,0.0036101083032490976
2024-08-07,0.7458208261775163,0.7643121085544676,0.8057553956834532,1.5901666558435614,0.45329159338210134,0.8561151079136691,1.6122346528716656,0.49071811586791814,1.0,-0.9088389725568656,-0.11680209657292659,0.11870503597122302,-0.6481391694027594,0.10027189985598528,0.11510791366906475,1.523697822528201,0.6663352207874111,0.9496402877697842,-0.5109040208708624,0.12459851437893524,0.17985611510791366
2024-08-08,-1.4537219258264487,0.024967430427495607,0.05017921146953405,1.6103001399243362,0.8389611088961796,0.8602150537634409,-0.019906056834211316,0.3205100583005417,0.45161290322580644,0.09195495491986971,-0.0472164127419945,0.5448028673835126,-1.576943787622222,-0.4587999959700838,0.007168458781362007,-1.2043213863473257,0.042783018409165596,0.08602150537634409,-2.1333679526459477,-0.628056974629359,0.007168458781362007
2024-08-09,0.4338641381039674,0.16126633298631954,0.6785714285714286,-0.8251300349159962,0.2842640609587877,0.2892857142857143,0.26585175268864414,0.30229062309657584,0.6785714285714286,-0.18657327357650577,-0.09366869968683159,0.42857142857142855,0.5457354559161662,-0.12395484534133383,0.8178571428571428,-0.007112975381124431,0.026151020479068924,0.4857142857142857,0.2849842035455315,-0.32370991523772896,0.6607142857142857
2024-08-12,0.18466848137473196,0.16906704911579035,0.5765124555160143,0.8411607156950587,0.46989627920421134,0.7259786476868327,0.5029060176593803,0.3691624212841773,0.8185053380782918,0.8968473012457295,0.23650330062402208,0.8612099644128114,0.5000324696822688,0.08404092633320036,0.7864768683274022,1.0435514133350903,0.3652844847644094,0.8683274021352313,0.2819922684818821,-0.12180918733119199,0.6548042704626335
2024-08-13,-0.9189829223198213,-0.19361627469608017,0.13829787234042554,-1.429383190063211,-0.1631968772182627,0.18439716312056736,0.18288689149926296,0.30707057802253923,0.6170212765957447,0.02604978506104927,0.16635212876969782,0.5177304964539007,-0.43559290032188924,-0.08917034921849618,0.21631205673758866,-1.9906719240305653,-0.4200343181672488,0.028368794326241134,-0.8271041252595304,-0.3569074999739714,0.08156028368794327
2024-08-14,0.9766171390223436,0.19646152987672771,0.8586572438162544,-1.521184997173973,-0.6158595838701661,0.1696113074204947,0.14749559929866315,0.2538789184479139,0.5865724381625441,-0.18527443831561838,0.049143273074592445,0.4275618374558304,-0.2887902201089363,-0.1557103061819762,0.3003533568904594,-0.6831568182596807,-0.5077418181980594,0.20848056537102475,-0.44414477324523316,-0.38598659106439204,0.22614840989399293
2024-08-15,-1.7709673075495482,-0.4593480825986975,0.017605633802816902,2.478271783890314,0.4155175387166605,0.9507042253521126,-0.41102084340456035,0.032245664497089155,0.2112676056338028,0.16512640854932603,0.08780431823283696,0.6161971830985915,-1.6892714286431327,-0.6668973470023617,0.007042253521126761,-1.0882087981661475,-0.7012308115207555,0.1056338028169014,-1.8921882666992824,-0.8880538162760222,0.014084507042253521
2024-08-16,0.12814119785031902,-0.26351832244902534,0.5473684210526316,-1.1322643702670676,-0.10040976427791548,0.23157894736842105,0.5362332054823238,0.20024151149216735,0.8421052631578947,-0.15510263952616046,0.006835332313171162,0.4421052631578947,-0.5210695064496518,-0.6182880668181251,0.1649122807017544,0.4145708447934225,-0.32929692608269623,0.6631578947368421,-0.306877920533825,-0.6943285176952899,0.2807017543859649
2024-08-19,-0.4481487522154872,-0.325061799037846,0.3006993006993007,-0.5478820516345535,-0.24956719339679484,0.3916083916083916,0.33829728594486175,0.24626010297639883,0.7272727272727273,-0.24689799275327773,-0.07774244270897845,0.3811188811188811,-0.31327847129995834,-0.5166182016454028,0.27972027972027974,-1.4897601094138009,-0.7161179871930645,0.05244755244755245,-0.45207049395835186,-0.6135758431163106,0.22727272727272727
2024-08-20,1.1306070379321154,0.16016114661880776,0.9024390243902439,-0.288658258629222,-0.2625975484742706,0.4425087108013937,0.04211818246609156,0.17821279613962976,0.5121951219512195,-0.4239735978200659,-0.1931528277460076,0.2787456445993031,1.1241430098155982,0.030302202174930792,0.9581881533101045,0.00973008520813784,-0.4741686297259971,0.49825783972125437,0.8388064814261051,-0.12944840160217214,0.8954703832752613
2024-08-21,-0.45039389530231694,-0.04335720068823379,0.2986111111111111,0.015403178826708913,-0.1699306393739441,0.53125,0.2096025914692693,0.1886760612495096,0.6319444444444444,-0.19621726449431343,-0.19417430666210955,0.4131944444444444,-0.1548924609677805,-0.03142935220597297,0.3958333333333333,-0.5231364206081821,-0.4904912266867255,0.2986111111111111,-0.17456979619153493,-0.14448886646529308,0.3819444444444444
2024-08-22,0.20858570268281185,0.04062376710211475,0.5951557093425606,1.7628300596508133,0.47432292696764167,0.8754325259515571,-0.07320167229878205,0.10138348340007908,0.3737024221453287,-0.08437706566033953,-0.15757522632818624,0.47750865051903113,-0.5794726822727203,-0.21411046222822208,0.1384083044982699,0.8322728964145273,-0.04956985231964128,0.7923875432525952,-0.2508151760706969,-0.17993096966709438,0.314878892733564
2024-08-23,-1.307865498187748,-0.40887265466117284,0.07241379310344828,0.7743289864866107,0.574324946807298,0.7,0.19476353277446212,0.13251016652487344,0.6275862068965518,-0.04685036944473553,-0.12066694070036935,0.503448275862069,-1.0387147871504978,-0.4889785705356473,0.04827586206896552,0.09457226211095726,-0.0015224808427751063,0.5206896551724138,-0.5422093573236396,-0.30069043221927616,0.16206896551724137
2024-08-26,0.5813728485699995,-0.0787908202507821,0.7422680412371134,1.3879963334651033,0.8455487423598997,0.8178694158075601,-0.35766772636054933,-0.03088246443693414,0.24054982817869416,-0.6513857742358853,-0.2975732185455413,0.1958762886597938,0.2338130513343546,-0.24804802991231337,0.6666666666666666,0.8255429368570423,0.27416599172383066,0.7903780068728522,0.1772049816619804,-0.141391960925524,0.5910652920962199
2024-08-27,0.35889756429974184,0.06710530793272587,0.6575342465753424,0.47342515231603666,0.7215075456786122,0.6438356164383562,0.6117992685472324,0.18334477989112136,0.8767123287671232,0.48407738789873944,-0.03702301639744776,0.7534246575342466,0.05538341816079706,-0.14690421388794322,0.5547945205479452,-0.3902306848093278,0.052700432879444536,0.3458904109589041,-0.1740906372158202,-0.15229151968895607,0.386986301369863
2024-08-28,0.07491511800536599,0.06970857795693924,0.5255972696245734,-0.24826539086428429,0.3982499001643134,0.4402730375426621,0.0179580401447077,0.12821586664231682,0.48464163822525597,0.3751873458960332,0.1003804377003792,0.6996587030716723,-0.025457601241152317,-0.10642200967234627,0.4778156996587031,0.29165575739313704,0.13235220771734202,0.6143344709897611,0.3210698190833892,0.00549559323515901,0.6928327645051194
2024-08-29,-0.9083789401605968,-0.2563205947489061,0.14285714285714285,1.1349678902808213,0.6438225635364827,0.7653061224489796,0.012385974847229586,0.08960590271062109,0.46938775510204084,-1.3453764295189101,-0.3815385180393839,0.05442176870748299,-0.4080097786141957,-0.2069512659862961,0.24489795918367346,0.8133483109535191,0.3593509087960677,0.7857142857142857,-0.38866517432575654,-0.12589132928514615,0.24829931972789115
2024-08-30,-0.6936395036862433,-0.40209356439468513,0.21694915254237288,0.41534329869385067,0.5676628085889387,0.6338983050847458,-0.37360986699061516,-0.06479935385645764,0.2271186440677966,0.6865172387832891,-0.025519932431826264,0.8203389830508474,-0.6642951412161684,-0.3593992243962535,0.1152542372881356,-1.7748724888515195,-0.35205689041979465,0.030508474576271188,-0.9092450749441112,-0.3870092445048012,0.0711864406779661
2024-09-03,2.793184365298348,0.6629990788363259,0.9932432432432432,-3.3288064854251487,-0.7311602894157571,0.013513513513513514,0.33706749071668063,0.0691562610012551,0.7297297297297297,-0.5614017264281597,-0.20414719709727072,0.22635135135135134,1.971837864549252,0.41767980525224835,0.9932432432432432,0.368839239790256,-0.11175818034977779,0.652027027027027,2.4242869918404297,0.5500895009436091,0.9932432432432432
2024-09-04,0.8934613993878275,0.7398198523534931,0.8518518518518519,-2.4992044862212195,-1.3205083550175778,0.06397306397306397,-0.03276678832158078,0.035181911226976476,0.4175084175084175,0.2573608324187041,-0.05031118725861247,0.6498316498316499,0.5552123751925623,0.463523995232353,0.8249158249158249,0.057444888290227314,-0.055357157469776104,0.5050505050505051,0.3727732437118181,0.49098408186634546,0.7239057239057239
2024-09-05,-0.374783089794123,0.36828553830428784,0.35570469798657717,-0.6579248214025966,-1.0996471771459175,0.33221476510067116,0.5114782599486327,0.19394736080086186,0.825503355704698,0.3222134157459482,0.07386368040957442,0.6711409395973155,-0.15326828178238944,0.25792656956077226,0.40939597315436244,0.35322420088400697,0.08083662864815158,0.6442953020134228,-0.2862678747422174,0.2319000963301579,0.29194630872483224
2024-09-06,1.1696914194328853,0.6354208320138204,0.9063545150501672,-0.6546577640870443,-0.9513173727929598,0.33444816053511706,-0.49354727659101916,-0.03521751832976511,0.17391304347826086,-0.2336549179221159,-0.028642519034322342,0.3879598662207358,0.8483635596802593,0.4547388996006013,0.8963210702341137,0.6086242628363154,0.2567658400442062,0.7324414715719063,1.0516147844277135,0.5051383256960098,0.9230769230769231
2024-09-09,0.10309780346378239,0.4579798224971411,0.5333333333333333,0.4350048871898006,-0.4892099527987064,0.64,0.46378588384085206,0.1311169490604406,0.8,0.027950365530800214,-0.009778224179281491,0.5266666666666666,-0.3312106576119255,0.19275571386309243,0.27666666666666667,-0.41936515766935745,0.03138884080635168,0.33,-0.6131825780781337,0.1323646911046287,0.14
2024-09-10,-0.15765058434995782,0.25276968688144147,0.42857142857142855,-1.8572976639402428,-0.9452391898458852,0.11960132890365449,-0.603760957567546,-0.11384235314888823,0.1362126245847176,-0.22963526923254374,-0.08306390586370224,0.3953488372093023,1.1982840970100441,0.527931841578743,0.9601328903654485,-1.0976487028542976,-0.3449570070805314,0.10631229235880399,0.8487024366232494,0.3711439396108356,0.8970099667774086
2024-09-11,-1.3310055078178875,-0.2751553780183348,0.06622516556291391,1.063652931767068,-0.27560848264156756,0.7582781456953642,0.012254855007189036,-0.0718099504301958,0.47019867549668876,1.142384532543724,0.3254189069387732,0.9006622516556292,-0.1918118651207967,0.28801727267889643,0.3675496688741722,-0.6722404508826096,-0.45405148834789083,0.22185430463576158,-0.7885935548447518,-0.015435225207693498,0.09602649006622517
2024-09-12,-0.6762683829418438,-0.40885971299283774,0.21782178217821782,2.138055050878094,0.528946028531653,0.9372937293729373,0.11341884987853967,-0.010067016993950656,0.5511551155115512,-0.4151800584162382,0.07855258515376945,0.2871287128712871,-0.5941450973663637,-0.006036850669523558,0.13861386138613863,0.676263120612135,-0.07727995202788226,0.7491749174917491,-0.8418642205849209,-0.2909115570001026,0.07920792079207921
2024-09-13,-0.407551697496089,-0.40842370782725484,0.34210526315789475,0.45603138242793817,0.5046411464970814,0.6447368421052632,-0.8453852576570628,-0.28850643054832137,0.0625,0.1357417237706507,0.09761563135939653,0.5888157894736842,-0.6469560571926087,-0.2196765861772186,0.12171052631578948,-0.059815318992007094,-0.07145840768259054,0.46381578947368424,-0.3789626876700258,-0.320261933890077,0.2598684210526316
2024-09-16,0.6469515063153057,-0.056631969779734725,0.7770491803278688,-0.12031691744144779,0.296321791850905,0.4885245901639344,0.4836715995801296,-0.031113753838837743,0.8163934426229508,-0.7733576516854318,-0.19270879632221288,0.14754098360655737,-0.2959931586194496,-0.24511544365796228,0.30491803278688523,0.04793386602248245,-0.03166098311423288,0.49836065573770494,-0.15483342000643058,-0.26511909592886157,0.40327868852459015
2024-09-17,-1.5406107858142537,-0.5512915751245744,0.03594771241830065,1.6309088643729739,0.7411841493582614,0.8627450980392157,-0.6505188136631808,-0.23758210711361874,0.11764705882352941,0.25192887643951767,-0.0444962387349694,0.6503267973856209,-0.6086567133822112,-0.3662958668993786,0.13725490196078433,-0.06958204222394486,-0.04430133615080354,0.45751633986928103,-0.5160265733133435,-0.3487549217236888,0.1895424836601307
2024-09-18,-0.967528447387455,-0.6900371992122013,0.13029315960912052,1.2716671451435801,0.9180118146200343,0.8013029315960912,-0.21717024693336057,-0.23077815372019936,0.30618892508143325,0.14699773419881346,0.01933508557629155,0.5993485342019544,-0.8624659501944736,-0.5316858946644103,0.07166123778501629,-0.2504212569860331,-0.1130079764292134,0.40390879478827363,-0.7216375750183878,-0.4730491394885885,0.12052117263843648
2024-09-19,-2.097886377321432,-1.1593202585819449,0.003246753246753247,2.1067241626105075,1.3142492639501921,0.9318181818181818,0.5406263074122917,0.026356666657297634,0.8506493506493507,-0.13121669553186033,-0.030848841459759073,0.45454545454545453,-1.1306291081597633,-0.7313336324961947,0.04220779220779221,-0.4045260636753696,-0.21018067217793213,0.33116883116883117,-1.2283668188385284,-0.7248216992719019,0.02922077922077922
2024-09-20,0.5310095663712235,-0.5958769835975555,0.7313915857605178,0.3871835119729182,1.0052273466244344,0.6181229773462783,-0.2772462837062418,-0.07484431679721551,0.27184466019417475,-0.2698236515701491,-0.11050711149655573,0.36893203883495146,0.08194564165825624,-0.46024054111137774,0.5857605177993528,0.9275604741961803,0.16906637661343862,0.8511326860841424,-0.25634101461998887,-0.5686614710545976,0.32362459546925565
2024-09-23,-0.021357911663090368,-0.4043706262860671,0.4838709677419355,0.8042209155046796,0.9382252029178495,0.7032258064516129,0.5278937307276688,0.1260683657110792,0.8419354838709677,0.2520142947620014,0.010333357256296624,0.6548387096774193,0.41746003312795854,-0.16767368303159905,0.7645161290322581,-0.02405126275456329,0.104693830157438,0.47419354838709676,0.16281258208102545,-0.32483678667605664,0.5870967741935483
2024-09-24,-0.6402508355028065,-0.48299736269164695,0.2347266881028939,1.2067808809142258,1.027743762249975,0.7781350482315113,1.208885976978098,0.4870075694667521,0.9807073954983923,0.3954329089293304,0.1386998744806412,0.7106109324758842,0.38074158194696267,0.015131405294588174,0.7427652733118971,0.2478285577539776,0.15240540602295122,0.5819935691318328,0.029189924480408188,-0.20682788295723506,0.5144694533762058
2024-09-25,-0.29540828242346506,-0.42046766926891965,0.3814102564102564,0.8445528167053638,0.9666801137351047,0.7211538461538461,-0.23486954051519193,0.24638186613943747,0.30128205128205127,0.7542444674206339,0.3438814054606388,0.8397435897435898,-0.10550601725084152,-0.025081068887221718,0.4423076923076923,-0.3384287215554022,-0.011205969836499921,0.36217948717948717,-0.31311603827573076,-0.2422572680634003,0.28846153846153844
2024-09-26,-0.09699623980898761,-0.31264385944894235,0.46006389776357826,-0.43045124728625683,0.5009696600613176,0.402555910543131,1.944222308028083,0.8123286801023193,1.0,0.47378405473004925,0.3871822885504423,0.7476038338658147,-0.6083561757287541,-0.21950610450106584,0.14376996805111822,-0.788002755649758,-0.27013823177425256,0.1757188498402556,-0.5576813333617077,-0.3473986231628361,0.16932907348242812
2024-09-27,0.08773356231157142,-0.17918471886210446,0.5445859872611465,-0.4258050141934949,0.1920447686430468,0.40445859872611467,-0.6149573873041209,0.33656665763350596,0.12738853503184713,-0.6139639757253851,0.053466867125166545,0.19745222929936307,0.3101121434290133,-0.042966688524372826,0.7133757961783439,0.37958790532629016,-0.053562852740738354,0.6656050955414012,0.35676734329078225,-0.11267663434496335,0.7133757961783439
2024-09-30,-0.38660645879490374,-0.24832529883970422,0.3523809523809524,1.062470687797418,0.4821867416945038,0.7492063492063492,-0.7768536803581976,-0.03457345503039519,0.0761904761904762,-0.2627833464267153,-0.051949870725460735,0.37142857142857144,-0.5706366503006719,-0.21885667578313917,0.15555555555555556,-0.6804266250872066,-0.26251744352289447,0.20634920634920634,-0.5168095796931038,-0.24738761612767685,0.19365079365079366
2024-10-01,0.6201811081529498,0.04117683682451376,0.7658227848101266,0.31959761365010153,0.42799036567970306,0.5759493670886076,0.5961480406923847,0.17566704354386475,0.8765822784810127,0.8435360637266145,0.2465454407585643,0.8607594936708861,1.1911615870326686,0.25114941182213,0.9588607594936709,2.020365699677552,0.49844360421058753,0.9715189873417721,0.8738738969370375,0.12636622156056126,0.9050632911392406
2024-10-02,-0.9476046143267458,-0.28841698022590606,0.13564668769716087,2.10176314981097,0.985914627056792,0.9274447949526814,0.3531514099265818,0.23482849900477043,0.7350157728706624,0.10189140023651805,0.19832742725121555,0.555205047318612,-0.49983129474802607,0.0008225096320780001,0.19558359621451105,0.11541484477659196,0.37076735106592235,0.526813880126183,-0.5741218058182791,-0.10712978756571885,0.1640378548895899
2024-10-03,-0.8182962977004961,-0.46504341938410276,0.17295597484276728,1.965001710516313,1.3122769882099656,0.9025157232704403,-0.7076401664406617,-0.07932772281037359,0.10377358490566038,0.49071836657560375,0.2957910736926783,0.7641509433962265,-0.4202939822181164,-0.1395496543179868,0.24213836477987422,0.4586266902981494,0.4000537974766647,0.6823899371069182,-0.3404090815514975,-0.18488955222764508,0.29245283018867924
2024-10-04,-1.4096926810780888,-0.7799265066154315,0.05956112852664577,2.161123362226566,1.5952257795488325,0.9404388714733543,-0.19937033594232378,-0.11934192718769032,0.3166144200626959,-0.8583968539929259,-0.08893823553585639,0.11912225705329153,-2.054598886954086,-0.7778993985300199,0.003134796238244514,-0.5681496425615575,0.07731931746392401,0.2664576802507837,-1.988029262088713,-0.7859361221813344,0.009404388714733543
2024-10-07,-0.48178083917697334,-0.6805446174692789,0.303125,1.8725849198511089,1.687678826316258,0.8875,0.4845707200638961,0.08196228856283846,0.809375,1.17756581211224,0.3332297803468424,0.9125,0.281352698640309,-0.42481536613991033,0.703125,1.2016002926575742,0.45207964252847405,0.90625,0.4833378500813341,-0.3628447980937783,0.8
2024-10-08,0.056799164192819274,-0.4347633569152462,0.5358255451713395,-1.0256789941744548,0.7832262194860207,0.2398753894080997,-1.366287691141129,-0.40078770467181735,0.012461059190031152,-0.4904569991527359,0.05866752051364971,0.24610591900311526,-0.20655931223812152,-0.35206334817264745,0.37694704049844235,-1.9891122002939965,-0.3616509717456828,0.028037383177570093,-0.5740577369305608,-0.43324911103937247,0.16822429906542055
2024-10-09,-0.2598671361353651,-0.37646461665528586,0.40062111801242234,0.7658413901001959,0.7774312763574125,0.6801242236024845,-0.5491989716948654,-0.4502581270128334,0.16459627329192547,-0.49140602270974176,-0.12469032722748077,0.2422360248447205,-0.8685922410803473,-0.5242396458085474,0.07453416149068323,-0.9419761956024091,-0.5550927130312582,0.14285714285714285,-0.8301719543141308,-0.5655567254642919,0.08695652173913043
2024-10-10,-0.27866063625311654,-0.34386328985456277,0.39009287925696595,1.619793558792471,1.0582187038357653,0.8513931888544891,0.1741788097576045,-0.2421124814226875,0.6099071207430341,-0.3944966087562623,-0.21462575440374126,0.29411764705882354,0.20072727991753075,-0.2825840038998547,0.6501547987616099,0.6465154917476704,-0.15455664477161535,0.7461300309597523,0.2623170669548327,-0.2895987946579171,0.6594427244582043
2024-10-11,-0.38587653416791595,-0.3578677046256805,0.35802469135802467,0.4802793568148565,0.8655722548287957,0.6296296296296297,-0.5362276997281119,-0.3401508875244956,0.1697530864197531,-0.39937498426945045,-0.2762088310256443,0.2932098765432099,-0.8863926766501531,-0.4838535614832875,0.07407407407407407,0.3422203230659767,0.011035677840915331,0.6358024691358025,-0.407706204918124,-0.3289679314113194,0.2623456790123457
2024-10-14,-0.0718089607851265,-0.26251479001216255,0.48307692307692307,-0.7981163905041152,0.3110093730511589,0.27692307692307694,-0.5888180162754514,-0.4230399304414809,0.15384615384615385,0.24736442622505816,-0.10168441194207685,0.6430769230769231,-0.6050472040689716,-0.5242514423451823,0.15384615384615385,-1.0739357969072043,-0.35062148040845786,0.11384615384615385,-0.706497618394751,-0.4548111604057966,0.12923076923076923
2024-10-15,1.0571306286450208,0.17736701620689851,0.8865030674846626,-3.079527533346112,-0.8191695957479312,0.018404907975460124,-1.2254544046745384,-0.6905114218525001,0.024539877300613498,-1.3614065632049581,-0.5215917956963706,0.049079754601226995,0.6863656045048625,-0.12071242672850074,0.8680981595092024,0.1483306396034555,-0.18430410707115344,0.549079754601227,1.1686940517543523,0.08635724364758629,0.941717791411043
2024-10-16,-0.645671499711676,-0.09697915576595964,0.2324159021406728,-0.6977628797322241,-0.7787006904093623,0.30275229357798167,-0.3344572584731922,-0.5718267007260642,0.26605504587155965,0.07058031032058631,-0.3242010936907183,0.5443425076452599,-0.3711932830082548,-0.20420604548841878,0.28134556574923547,0.2131795585179868,-0.051809551874773374,0.5749235474006116,-0.2363340149439891,-0.021206509216272165,0.363914373088685
2024-10-17,-1.1831616056551244,-0.45903997239568123,0.09451219512195122,2.618298790754353,0.3536324699785427,0.9603658536585366,-0.035487851546623955,-0.3930470843329175,0.4298780487804878,0.694358823224426,0.015318878614329762,0.8292682926829268,-0.4788049341491174,-0.2957390083753183,0.21951219512195122,0.2232446880110909,0.03987519475384805,0.5792682926829268,-0.29151748663141297,-0.11131016835465243,0.31402439024390244
2024-10-18,0.12099381048999104,-0.2656953781004572,0.5623100303951368,-0.07740269320399829,0.20995408225102907,0.47720364741641336,0.6528269439035421,-0.044422408254097684,0.8905775075987842,-0.3094899826582983,-0.09295074180987958,0.3465045592705167,0.36355942054946633,-0.07597286540039012,0.7386018237082067,-0.18931005657747405,-0.03651988902325931,0.42249240121580545,-0.001486059555199537,-0.07470213208816814,0.513677811550152
2024-10-21,-0.8312480322529681,-0.4542129294846275,0.16666666666666666,2.240379890201414,0.8867626849011573,0.9454545454545454,-0.25130925747922805,-0.11338469132914114,0.30606060606060603,0.3415974657844394,0.05189866072156006,0.6878787878787879,0.2256839118449836,0.024579393681401114,0.6636363636363637,0.529817227270899,0.1522591497414601,0.7121212121212122,-0.2396678737145217,-0.129690712630286,0.36363636363636365
2024-10-22,0.7842246003870137,-0.0414004195274138,0.8277945619335347,0.8378526628471351,0.8704593442164833,0.7069486404833837,-0.19759275312163455,-0.1414540452599723,0.3293051359516616,0.06918976872855576,0.05766236339055863,0.540785498489426,-0.1969896422994955,-0.04927695164556442,0.38368580060422963,0.3043615424156991,0.20295994729953976,0.6344410876132931,0.10454347922826096,-0.051612648677437034,0.56797583081571
2024-10-23,0.5700209881073879,0.1624067163508534,0.7469879518072289,-0.09225443547146822,0.5495547509871662,0.47289156626506024,-0.07595470688220207,-0.11962093246738223,0.3885542168674699,0.8352160491804366,0.31684692532051795,0.858433734939759,0.21316555356728273,0.03820388342538462,0.6536144578313253,0.2466008364616361,0.2175069103535719,0.5813253012048193,0.5846267613485645,0.16046715466456346,0.8373493975903614
2024-10-24,-0.9978439511662199,-0.22434350615483767,0.12012012012012012,-0.9967462880658162,0.03412107130283881,0.24024024024024024,0.00031134290963744093,-0.07964350734170901,0.47147147147147145,-0.612130343395312,0.00718783574857465,0.19519519519519518,-0.1408079802882084,-0.02146673781247972,0.43243243243243246,-0.2914086603943091,0.04786838677094492,0.3783783783783784,-0.09342368788051414,0.07583687381620427,0.44744744744744747
2024-10-25,-0.9347541689188695,-0.4611470604095149,0.1437125748502994,0.5845607365151055,0.21760095970692772,0.6377245508982036,-0.08396889084376363,-0.08108530184239389,0.38622754491017963,0.324810212904987,0.11306196146737876,0.6766467065868264,0.2960952230501007,0.08438724914171376,0.718562874251497,0.5208234019065449,0.20552005848281157,0.7065868263473054,-0.03934592645922613,0.03744260705772747,0.48502994011976047
2024-10-28,-0.6034298001357448,-0.5085746403182583,0.2537313432835821,-0.7624944129594469,-0.10909749784853043,0.28955223880597014,-0.13083225969434542,-0.09766762112637774,0.3641791044776119,-0.8563593049698874,-0.2100784606783766,0.11940298507462686,-1.316769543784075,-0.38266501516688245,0.023880597014925373,-1.084564491496839,-0.22450812484373858,0.1044776119402985,-0.8146441295517171,-0.2465863051454207,0.09253731343283582
2024-10-29,-0.22825269290207473,-0.4151339911795304,0.4166666666666667,-0.460294859083929,-0.2261632849269966,0.3869047619047619,-0.3037924988554938,-0.1663759137027498,0.26785714285714285,-0.2821774432546088,-0.234111454870454,0.36904761904761907,0.3686741283628714,-0.13221863399029787,0.7470238095238095,0.11296945823561776,-0.11201559715061982,0.5178571428571429,0.210450363965056,-0.09424074877526184,0.6339285714285714
2024-10-30,0.3446554464541178,-0.16187084530164775,0.6735905044510386,0.7527111427908705,0.10012819097895903,0.6795252225519288,-0.41628492581525384,-0.24967891774025114,0.21068249258160238,-0.4991824130589131,-0.3224684409332737,0.23738872403560832,-0.026355835017125573,-0.09693103433257379,0.49258160237388726,0.9287905969083521,0.23491980086903744,0.857566765578635,0.3519160860494372,0.05447819616630449,0.712166172106825
2024-10-31,1.4537849280089337,0.37668107913521265,0.9497041420118343,-0.6336983997445795,-0.1444806725955538,0.33136094674556216,1.2255903401846207,0.24207750156803945,0.9822485207100592,0.531178704117959,-0.03791939258286284,0.7810650887573964,0.9749212546006037,0.2603530619784854,0.9378698224852071,1.28787569756387,0.585905099767315,0.9230769230769231,1.496095812159883,0.5350174014974973,0.9763313609467456
2024-11-01,-1.73319431947785,-0.32661072040247485,0.02359882005899705,1.7093667106679387,0.47346845515894365,0.8613569321533924,-0.34125001920085185,0.047634994645075715,0.25663716814159293,-0.19257218620313044,-0.08947032378961871,0.4247787610619469,-0.9362488228581537,-0.13851423296706092,0.07374631268436578,-0.6312740318399716,0.18017872256488618,0.24188790560471976,-1.2190685728048132,-0.04967792326993942,0.032448377581120944
2024-11-04,1.3929532743158635,0.2465772778369712,0.9441176470588235,-2.7671753502469145,-0.606746146643009,0.04411764705882353,0.3037359720141942,0.13300198710144856,0.6970588235294117,0.1216287854583391,-0.01910395404029945,0.5764705882352941,0.8306492906646274,0.1845402749101685,0.8941176470588236,0.9156630632481282,0.4253401694593002,0.8470588235294118,0.7516191876225199,0.21742111369421366,0.8705882352941177
2024-11-05,-0.45450983473363094,0.012881573646770533,0.31085043988269795,-0.6059749612457557,-0.6064890848439246,0.34310850439882695,-0.2892567976296063,-0.007750941142236387,0.2785923753665689,-0.7252158153213859,-0.2544745744673283,0.1495601173020528,-0.8454382986716444,-0.15878591628376912,0.08797653958944282,-0.886626165374268,-0.011981942151889136,0.16422287390029325,-0.9892996840438726,-0.18481915221848172,0.05571847507331378
2024-11-06,-5.6491426767990465,-1.8744598431685016,0.0029239766081871343,4.0521701258969385,0.9463973187363629,1.0,-4.462409441639975,-1.492637107974816,0.0029239766081871343,-1.8886871003209371,-0.7992120830851979,0.017543859649122806,-3.0373558010759028,-1.1183092112144803,0.0029239766081871343,-2.9361722785253743,-0.9867120542763842,0.0029239766081871343,-3.0055232778063954,-1.1250538607477862,0.0029239766081871343
2024-11-07,0.9285046961644552,-0.9401383300575161,0.8600583090379009,-2.1596613085841754,-0.08895555703714975,0.09329446064139942,1.7678297795202587,-0.40581481214312454,0.9970845481049563,-0.606750851910054,-0.73505833936015,0.20408163265306123,1.2773524059085934,-0.31975533884012247,0.967930029154519,-0.33317104014325455,-0.7688650495653411,0.36151603498542273,0.4565710205487643,-0.5978455669822694,0.7842565597667639
2024-11-08,1.116432576884125,-0.2546146944103025,0.8982558139534884,-2.1696670001499077,-0.7825260380747358,0.09302325581395349,-2.273561320248171,-1.0283969815114733,0.00872093023255814,-0.6882622263514513,-0.7194596350239171,0.1686046511627907,0.18015968345893035,-0.15311699807377155,0.6337209302325582,-0.06128402740800343,-0.5330047088462286,0.45930232558139533,0.08267276149855074,-0.3710061241553294,0.5523255813953488
2024-11-11,-1.7645971802806746,-0.7579421897004265,0.02318840579710145,-0.15397443416212497,-0.5730088367705323,0.463768115942029,-0.7152119293096609,-0.9240019641108692,0.10434782608695652,-2.803535905639529,-1.414151725229121,0.002898550724637681,-0.6323194233914284,-0.31285113984632384,0.1391304347826087,-0.9084058342048551,-0.6581384172991042,0.16231884057971013,-0.22945466496215156,-0.3238223044242702,0.3681159420289855
2024-11-12,0.671618189816368,-0.2814220631948284,0.7947976878612717,1.224111545959785,0.026031290806240115,0.7774566473988439,-0.7345040367980928,-0.8608359883399438,0.10115606936416185,-0.14552930272617604,-0.9912775843948061,0.45664739884393063,-0.05394059480048696,-0.2265476248310449,0.47109826589595377,-0.18321819259152183,-0.4998316757299101,0.4277456647398844,-0.001744555893473665,-0.2164630549140047,0.5115606936416185
2024-11-13,-0.0342469206472612,-0.19903034901230598,0.4956772334293948,0.5612129498670652,0.20442517715984845,0.6368876080691642,0.024312027431922845,-0.5657866497493217,0.5187319884726225,-0.2403096578911612,-0.7409549422269246,0.3919308357348703,0.4101793061782777,-0.014305314494604066,0.7694524495677233,0.021759560249719576,-0.3259679304033669,0.49855907780979825,0.3012684474125362,-0.04388588747182441,0.6829971181556196
2024-11-14,1.4582345926572076,0.3533912982108651,0.9511494252873564,-1.2764465856947684,-0.2891987437916905,0.1867816091954023,1.0009281021737615,-0.043548399108294056,0.9568965517241379,1.460947702727267,-0.006987393908860828,0.9626436781609196,0.6271320456605299,0.19950713889044058,0.8563218390804598,0.04603183628775398,-0.20196800817299332,0.5,0.8189329014973764,0.24372037551790915,0.8879310344827587
2024-11-15,0.25246137674415325,0.3197479910552945,0.6246418338108882,0.01536957897137245,-0.1876759695373362,0.5100286532951289,1.1815515649247845,0.3648182555693988,0.9684813753581661,0.03230175599519702,0.006108989392491789,0.5300859598853869,0.3167772108040005,0.23859716286162724,0.7163323782234957,1.1806116586898603,0.2588918807812912,0.9083094555873925,0.848376721470924,0.44527249083558074,0.8997134670487106
2024-11-18,0.4389833553969542,0.3594931125025144,0.6942857142857143,1.1500936920984093,0.25824725100791224,0.7628571428571429,0.5683983386856237,0.4326782832748071,0.8542857142857143,0.4956606604024066,0.16929287972913004,0.7714285714285715,0.4082023166895858,0.2951322141376134,0.7657142857142857,0.7557632295287808,0.4245156636971211,0.7914285714285715,0.20575380833533763,0.36543293000216637,0.6257142857142857
2024-11-19,0.3338570994353108,0.3509477748134465,0.6609686609686609,-1.2942919564077617,-0.25926581813064575,0.18233618233618235,-0.3744154186979199,0.16364704928389817,0.23931623931623933,-0.5517803493545942,-0.07106486329877801,0.23076923076923078,0.46906157866472303,0.3531086689799833,0.7834757834757835,0.2770572762839157,0.37536286789271933,0.6096866096866097,0.23084145325886885,0.32056910442106723,0.6381766381766382
2024-11-20,-0.22882004412440693,0.1576918351674954,0.4090909090909091,0.5115241252911069,-0.0023358369900615683,0.6335227272727273,-0.19650705212037126,0.04359568214914171,0.3380681818181818,-0.685580600492066,-0.27590344236320735,0.17045454545454544,0.06926753528272661,0.2584949577475644,0.5596590909090909,0.27130812193986964,0.3406779525751028,0.6022727272727273,0.014024856845189504,0.21838768856244137,0.5085227272727273
2024-11-21,0.4439139340948649,0.2530992014766186,0.6997167138810199,-0.01864259517093153,-0.007771423050351556,0.49291784702549574,-0.7668098014152338,-0.22653947903898344,0.08498583569405099,-0.21191693838594583,-0.2545746077041202,0.41359773371104813,-0.11727386215728311,0.1332386844459486,0.43909348441926344,0.28223795174237276,0.3211979522975261,0.6118980169971672,-0.12048941945389376,0.10542865255699634,0.43059490084985835
2024-11-22,-0.29707198355022313,0.06970880646767136,0.3785310734463277,-0.01593766515684722,-0.010493503752516776,0.5,-0.40468724162332,-0.2859220665670956,0.22598870056497175,-1.5594082706202843,-0.6895191620095082,0.03389830508474576,-0.015978076554709675,0.08349976411239585,0.4971751412429379,0.6943604268106125,0.44558544380188825,0.768361581920904,0.22224788980222837,0.14436839830540701,0.6299435028248588
2024-11-25,1.075587796250764,0.40500180306203554,0.8873239436619719,-4.673507966513717,-1.5648316580062502,0.005633802816901409,-0.2960254558331721,-0.2892898629891211,0.28450704225352114,-0.05994493910946813,-0.4796610877094949,0.504225352112676,1.1838860757435274,0.450295201322773,0.9577464788732394,-1.784672879604123,-0.2978339973334488,0.030985915492957747,1.2741282889245935,0.5209550285118025,0.9605633802816902
2024-11-26,0.5141461808605085,0.44138326232819325,0.7219101123595506,-0.304149196772272,-1.1446041709282575,0.41853932584269665,-0.3300243862264297,-0.3028680374015573,0.27247191011235955,0.010203450229646971,-0.3163729083964476,0.5280898876404494,0.2978758567996602,0.3994887531484021,0.7078651685393258,-0.36108437548320726,-0.31891745671670163,0.34269662921348315,-0.07958073843600183,0.32077643952920115,0.44662921348314605
2024-11-27,1.0110897835926649,0.6312854360830171,0.8711484593837535,-1.1277560626827516,-1.1389881348464224,0.21568627450980393,0.8803264202049658,0.09153011513395035,0.9355742296918768,0.2821890511267039,-0.1168522552220638,0.6722689075630253,0.5747353231468174,0.45790427648120724,0.834733893557423,0.5095620704573149,-0.04275761432536282,0.6974789915966386,0.6837239428446893,0.4417589406343639,0.8515406162464986
2024-11-29,0.6641596747781778,0.6422435156480707,0.7905027932960894,-1.5640894382100028,-1.280688569300949,0.1564245810055866,0.9176259999623652,0.3668954100767553,0.9441340782122905,0.6983047741771294,0.15486675457766724,0.840782122905028,0.5766122755851381,0.49747360951585085,0.835195530726257,-0.06905208189393752,-0.051522436848221054,0.44972067039106145,0.2672166930195212,0.38357819142941635,0.6620111731843575
2024-12-02,-0.04731335048221716,0.4123912269379748,0.4818941504178273,-1.0585958920859788,-1.2066576768959592,0.233983286908078,0.3400555061230399,0.35794877542551684,0.7298050139275766,1.443759450292113,0.5844976531491491,0.9554317548746518,0.27910968370809225,0.424685634246598,0.6852367688022284,-1.0306957111494635,-0.3779135282819685,0.12813370473537605,0.09121293506295192,0.2861231059739282,0.5487465181058496
2024-12-03,-0.28368506512843694,0.18036579624917093,0.38055555555555554,1.8176743592123938,-0.1985469981931749,0.8833333333333333,1.0148713994828136,0.5769229834446158,0.9555555555555556,-0.06266235156284378,0.36877765157848486,0.49444444444444446,-0.1380673181727703,0.2371013167734753,0.41944444444444445,0.4267811581630906,-0.10968196613361553,0.6805555555555556,-0.2548135077259674,0.10581090140729636,0.325
2024-12-04,0.10879620232395204,0.15650926494076464,0.5512465373961218,-1.9942636505942142,-0.7971192156601881,0.10526315789473684,-0.3954726140797123,0.25279111760317313,0.22714681440443213,-1.5212420140788452,-0.26122890364062507,0.038781163434903045,0.4522669650381368,0.30882319952836246,0.7728531855955678,-0.5330155541257119,-0.25079316213098096,0.27977839335180055,0.2261124735334562,0.14591142544934965,0.6371191135734072
2024-12-05,0.8131220910082828,0.3753802069632707,0.8370165745856354,-0.9715056247337277,-0.8552480186847013,0.2541436464088398,1.6010583408258103,0.7022135253440522,0.9917127071823204,-0.019941219821896894,-0.18079967570104902,0.5165745856353591,0.4456299989296378,0.3544254659954542,0.7707182320441989,-0.2899296240349688,-0.2638386494323103,0.3812154696132597,0.47568887084243133,0.2558372405803769,0.7928176795580111
2024-12-06,-1.1714900732065299,-0.1402432197599961,0.09641873278236915,-0.7735046472746416,-0.8280002282146814,0.29476584022038566,-0.3698648726661329,0.34485405934065727,0.24793388429752067,-1.0677387139454289,-0.47644602178250894,0.07988980716253444,0.5685821714321904,0.4258110344743663,0.8292011019283747,-0.5206487314577537,-0.3494420101074581,0.2865013774104683,0.534071244193388,0.3485819084513806,0.8209366391184573
2024-12-09,-0.006007673241571476,-0.0954980375871879,0.5082417582417582,1.5902142123614702,-0.021928748022631006,0.8461538461538461,1.4966977810903983,0.728801966590571,0.989010989010989,0.8579846539672518,-0.031635796532588745,0.8763736263736264,-0.0641897712560533,0.2624774325642265,0.45054945054945056,0.9200429605504273,0.07371964677850368,0.8571428571428571,-0.026448555051973188,0.22357175395026269,0.47802197802197804
2024-12-10,0.544936805117949,0.11798024331452438,0.736986301369863,1.016636107177116,0.3242595370439513,0.7424657534246575,-0.7095603497868714,0.24934786113142357,0.1095890410958904,0.09198441198928275,0.009570939641368417,0.5643835616438356,-0.22536868635069757,0.09986205959258518,0.3452054794520548,1.081386797844233,0.4096086971337468,0.8986301369863013,-0.05306103276870411,0.13136082504394045,0.4602739726027397
2024-12-11,-1.8812784965046803,-0.5484393366252105,0.01639344262295082,1.977878084996513,0.8754657196948051,0.907103825136612,0.15413534717474053,0.2176103564791959,0.6038251366120219,0.5602295316523471,0.19312380364502799,0.7896174863387978,-0.4800493668857492,-0.09344174923352626,0.2103825136612022,-0.2700951197885616,0.18304075815964405,0.3907103825136612,-0.7605902912628675,-0.1659562137249955,0.11475409836065574
2024-12-12,0.75912751577986,-0.11258371915685372,0.8147138964577657,1.1972311225180137,0.982720853969208,0.771117166212534,0.0006827871324848189,0.14530116669695892,0.4822888283378747,0.030034787446317268,0.13876079824545776,0.5313351498637602,0.24358036188264298,0.018898954471863474,0.667574931880109,0.06229219551743592,0.14279123727890802,0.5122615803814714,0.3457460987279245,0.004611223759311153,0.7057220708446866
2024-12-13,-0.44227199956140334,-0.22247981262503694,0.31521739130434784,1.2261835845618916,1.0638750975001026,0.7853260869565217,0.1825012398978222,0.15770119109724667,0.625,2.4733063997871954,0.916942665426037,1.0,-0.10169196645597922,-0.021298019170750755,0.4375,0.2155864923180378,0.16705632229195128,0.5733695652173914,-0.12305953985122409,-0.03794569744420059,0.41847826086956524
2024-12-16,-0.8814683315960451,-0.44214265228203964,0.15718157181571815,-1.1668305162008021,0.32030655959980114,0.2086720867208672,-0.7976994530389196,-0.16076569028147542,0.07046070460704607,-0.29967804119695074,0.5114024298850411,0.3523035230352303,-0.20929481780578818,-0.08396361871576323,0.3604336043360434,-0.10809844893697607,0.07533806521564218,0.43360433604336046,-0.33366022525631195,-0.1365172067149044,0.28184281842818426
2024-12-17,0.5912532192355898,-0.09767736177616321,0.7513513513513513,-1.1626335349603918,-0.17400680525359646,0.21081081081081082,0.5625894383499559,0.08035268592900166,0.8432432432432433,0.009932014037879466,0.34424562460265395,0.5216216216216216,0.8752738987374614,0.23578222043531163,0.9108108108108108,0.2700941378122129,0.14025675608116575,0.6027027027027027,0.7566204398544905,0.16119534214156053,0.8783783783783784
2024-12-18,1.1590589684272397,0.32123474829163773,0.9137466307277629,0.8680877779256386,0.17335805580614855,0.7169811320754716,0.20092728291641881,0.12054421825814071,0.6388140161725068,1.1876970183327564,0.6253960891793547,0.921832884097035,0.8119884267947828,0.42785095588846866,0.8867924528301887,1.308949834234917,0.5298211154657495,0.9380053908355795,1.047409098364233,0.456599927549118,0.9272237196765498
2024-12-19,-0.9521632979256176,-0.10323126711411401,0.13440860215053763,1.6190664064712457,0.6552608393611808,0.8521505376344086,0.43084543965486455,0.22397795872371531,0.7741935483870968,-0.5032394813658809,0.24918423233094292,0.24193548387096775,-0.3417937949677522,0.17130270560306177,0.27419354838709675,0.18404252524809495,0.41456158539319804,0.5591397849462365,-0.4553093977373675,0.15263015245362288,0.22849462365591397
2024-12-20,0.38064327375196205,0.05806024650791132,0.6648793565683646,-0.52506519659423,0.26181882737604395,0.38337801608579086,-0.6337742567297414,-0.0619394464274369,0.13136729222520108,-0.00923222387565903,0.16304541359540894,0.517426273458445,-0.2608214127587427,0.027261332815793626,0.3324396782841823,-0.6220718318434219,0.06901711298099145,0.24128686327077747,-0.5191318470075066,-0.07129051403342027,0.1903485254691689
2024-12-23,-0.7161330062743496,-0.20000417108617563,0.20855614973262032,1.5491668103854097,0.6909348217124992,0.8288770053475936,0.7428078000658391,0.20630963573698843,0.8957219251336899,2.3725993199775184,0.8995633823894453,0.9946524064171123,-0.4373838906193165,-0.12762040832924307,0.22727272727272727,-0.8792992864874057,-0.24708835350847427,0.16310160427807488,-0.6402234833014484,-0.26093483712276294,0.13636363636363635
2024-12-24,-0.2397017254457796,-0.21323668920604363,0.4026666666666667,-0.04937343545873152,0.44416540265542237,0.48533333333333334,-0.33193630160591214,0.026894323289354927,0.272,-0.028595261408402406,0.5901771677901628,0.504,-0.4123361054103005,-0.22252564068959557,0.248,-0.7305308017550225,-0.4082358362573237,0.18933333333333333,-0.7682320260551055,-0.4300339001002105,0.10933333333333334
2024-12-26,0.2571386947469254,-0.05644489455505397,0.6170212765957447,-0.23942336330092415,0.21630248066997354,0.4308510638297872,0.08739202321593703,0.047060223264882295,0.550531914893617,-0.18920768683960942,0.33038221624690545,0.4228723404255319,-0.059889307101027855,-0.16831352949340636,0.4601063829787234,0.42616824618680843,-0.13010114210927967,0.6835106382978723,0.017537369931028446,-0.2808434767564642,0.5106382978723404
2024-12-27,0.5919299638398305,0.15968005824324086,0.753315649867374,0.8075879062638277,0.41339762253459156,0.6923076923076923,1.1322460033007034,0.408788816610156,0.9602122015915119,0.720646264632267,0.46047023237535933,0.8355437665782494,0.43460263806520655,0.03265852635946459,0.7692307692307693,1.1609141338528066,0.30023728321141574,0.9071618037135278,0.7053850429881721,0.047899363158414504,0.8594164456233422
2024-12-30,0.6232163794754452,0.3141921653206423,0.7698412698412699,-1.0947442504479996,-0.08931633512627207,0.23015873015873015,0.23652007348096427,0.35136590223375874,0.6693121693121693,0.11419094366927507,0.34504380280666463,0.5846560846560847,1.2003856821070464,0.42190091160865856,0.9656084656084656,1.2878845797527845,0.6294530487252054,0.9285714285714286,1.6381250217087835,0.5779745826752042,0.9867724867724867
2024-12-31,0.40692041257465306,0.34510158107197925,0.6701846965699209,0.8294952861752367,0.21695420530756418,0.7044854881266491,0.2089590607811141,0.30389695508287723,0.6385224274406333,0.12396594591651111,0.27135118384328016,0.5910290237467019,-0.13644955009485457,0.2357840910408209,0.41952506596306066,0.7871664506001277,0.6820241826835128,0.7941952506596306,-0.005669790881208114,0.38342645815640014,0.49604221635883905
2025-01-02,0.5768502892485067,0.42235115046415506,0.7394736842105263,0.6316843027019624,0.35519757110569694,0.65,0.07328486080810867,0.22702625699128773,0.5342105263157895,0.7803344612575634,0.44101227631470796,0.85,0.12536359482475332,0.1989772589687984,0.5921052631578947,1.0770063754341628,0.8136849136003962,0.8921052631578947,0.06896445651673158,0.27860579094317733,0.5394736842105263
2025-01-03,-1.338444493525396,-0.16458073086569525,0.07086614173228346,-0.7280863437055355,-0.005897067164713832,0.30183727034120733,-0.4120961307651062,0.013985461072489769,0.2125984251968504,0.565290709735434,0.48243842078828336,0.7874015748031497,-0.5273243135748557,-0.043123265212419604,0.17060367454068243,-0.9865539118879467,0.21360530510428194,0.12860892388451445,-0.8408463632197947,-0.09454492711114665,0.07874015748031496
2025-01-06,-1.0425782050190466,-0.45724655558347904,0.112565445026178,0.6587735662725924,0.21565981064772158,0.6570680628272252,0.8930893771404196,0.3070200997617997,0.9293193717277487,1.7872710069856967,0.9173826161874212,0.9842931937172775,-0.20361707751551633,-0.09662120264678517,0.36649214659685864,-1.024908909512375,-0.19923276643460366,0.12303664921465969,-0.4135733573163387,-0.200887737179544,0.2513089005235602
2025-01-07,0.3609764621588276,-0.18450554966937688,0.6579634464751958,2.345994831684621,0.925771484326688,0.9556135770234987,0.5165501276938776,0.3768634424058257,0.8172323759791122,0.2827770524271944,0.7058474282673457,0.6657963446475196,-0.17927332802235296,-0.12417191110530777,0.381201044386423,1.6721825683568956,0.4245723451625627,0.9608355091383812,0.14772358899397808,-0.08468396178837,0.587467362924282
2025-01-08,0.5030007656425659,0.0446632221012707,0.7057291666666666,-0.16603044521651883,0.5618375078122858,0.4557291666666667,-0.015703541947982735,0.24600778095455625,0.4583333333333333,0.10806212489149375,0.5065856604753951,0.5677083333333334,0.31523477367014235,0.022296983819842256,0.7083333333333334,-0.10223997772177601,0.24896823753444983,0.4322916666666667,0.251128380326764,0.027253485583341328,0.6536458333333334
2025-01-10,-0.04226305533384944,0.015687796289563995,0.4805194805194805,2.13669173735898,1.0867889176611838,0.935064935064935,-0.3250129039438705,0.05566755265508068,0.2727272727272727,0.34668605517363993,0.4532857920414768,0.6961038961038961,-0.273966783777122,-0.07645760537914582,0.3246753246753247,2.6566580002950033,1.0515314917879677,0.9948051948051948,-0.09289551316145106,-0.012796180664922798,0.43116883116883115
2025-01-13,0.07636434132097691,0.035913311300034965,0.5362694300518135,-0.05919521736936392,0.7047942059843346,0.48186528497409326,-0.5383700750240837,-0.14234498990464078,0.16839378238341968,0.002450776139843125,0.30300745340759894,0.5103626943005182,-0.30078277411579096,-0.1512326616246942,0.29533678756476683,-0.14712091316488587,0.6519806901370165,0.41968911917098445,-0.14601242396728825,-0.057201595099044614,0.40414507772020725
2025-01-14,-0.17995858436471895,-0.036043987254883,0.4289405684754522,-0.21781031207663784,0.3972593666306772,0.43669250645994834,0.34591496044100456,0.020408326877240993,0.7260981912144703,-0.48294968720141396,0.04102173987126134,0.24806201550387597,-0.4919264104933724,-0.26479724458092024,0.1937984496124031,0.13161042237188808,0.4785239342153071,0.5297157622739018,-0.06579156766599348,-0.06006491928802757,0.4599483204134367
2025-01-15,-0.7580809858042784,-0.2767229867713481,0.19329896907216496,-1.9587080871876776,-0.3880631179754411,0.1056701030927835,-0.0386461752824554,0.0007234928240088638,0.43041237113402064,0.15589408425029427,0.07931252133093898,0.6211340206185567,0.5516330221703711,0.007346177669510179,0.8247422680412371,-1.0328422638716492,-0.025264798480344963,0.11597938144329897,0.19499643315817794,0.024955531527374265,0.6185567010309279
2025-01-16,1.127407155950921,0.19132039413607488,0.910025706940874,-0.9414223995151076,-0.5725162118219966,0.2519280205655527,0.5569141760528592,0.18612038723362564,0.8406169665809768,0.25925704866412114,0.1392940304419997,0.6580976863753213,0.5801420697604254,0.19827814169981525,0.8406169665809768,0.2520265743267288,0.06716565912201294,0.5912596401028277,0.5178096909298282,0.18924025132819225,0.8149100257069408
2025-01-17,0.09590674034664659,0.15951584287293213,0.5435897435897435,-0.38264608608749257,-0.5092261699104953,0.40512820512820513,0.1265917868769959,0.16627752044808242,0.5692307692307692,1.0770733130659678,0.45188712464998904,0.9,-0.06751162749651873,0.10968155196770395,0.45384615384615384,-1.3355641782246745,-0.40041095332688287,0.0641025641025641,-0.25002400273362585,0.04281883330758625,0.3282051282051282
2025-01-21,0.1333382920603583,0.1507899926020742,0.5652173913043478,-2.0414425066255966,-1.0199649488155291,0.09462915601023018,1.0963547681571986,0.47630326968445447,0.9565217391304348,-0.02258281262237194,0.29373047889253545,0.4936061381074169,0.07065573322830299,0.09667294572123697,0.5601023017902813,0.08785205967900733,-0.23765661565825286,0.5115089514066496,-0.10577246036336663,-0.006711597916064703,0.42455242966751916
2025-01-22,-0.06617213639006436,0.07846928293802803,0.46683673469387754,0.7938779900426123,-0.4153506358628154,0.6913265306122449,-0.20573228755216488,0.24895808393891472,0.32908163265306123,0.4132392305542322,0.3335667294464344,0.7168367346938775,0.018854886883002187,0.07073359277515871,0.5229591836734694,-0.8331782151627202,-0.43616381549307526,0.17091836734693877,-0.36066423331157815,-0.12469580971456919,0.2729591836734694
2025-01-23,-0.3037941255064572,-0.04895185321013369,0.3638676844783715,1.4180336646079639,0.19577746429411097,0.8193384223918575,0.4937904283707847,0.3305688654162047,0.7989821882951654,-0.14086491460695114,0.17542284809530592,0.43256997455470736,-0.5277071362886023,-0.12874665024609494,0.16539440203562342,-0.7497055702524379,-0.5406777337461961,0.19083969465648856,-0.776948731784575,-0.34211345040457114,0.10687022900763359
2025-01-24,1.2107560183146686,0.37095077063146703,0.9238578680203046,-0.4701136264379151,-0.02618623261656436,0.38578680203045684,1.0056959618742356,0.555611230902215,0.9467005076142132,-0.8654981333897683,-0.17155081239971878,0.1116751269035533,0.2647597226858775,0.0024221407312291915,0.682741116751269,0.45033000316352473,-0.21034182144295588,0.6903553299492385,0.4952424773125037,-0.0629948078322129,0.8071065989847716
2025-01-27,2.41349752951509,1.0517996902593414,0.9873417721518988,-2.8055237457124784,-0.9526320703152024,0.0379746835443038,0.43919502093594176,0.5168058275801239,0.769620253164557,-1.9201400384815337,-0.7544138877603237,0.015189873417721518,0.9745528055695435,0.32646569567733397,0.9367088607594937,0.375392519314671,-0.015097041190413635,0.6683544303797468,1.6680556298899893,0.5140220047418546,0.9873417721518988
2025-01-28,-1.040737118017799,0.354287420833628,0.1111111111111111,0.14093534259128665,-0.5881095993463727,0.5454545454545454,-0.2762866309570008,0.25244167473441576,0.29545454545454547,-0.6385683335073843,-0.7157987030093439,0.18686868686868688,0.32645011780568106,0.3264605030534497,0.7146464646464646,-0.5326136377738022,-0.1876025733848765,0.2803030303030303,-0.06671699810843831,0.3204423371250903,0.4595959595959596
2025-01-29,0.40466822286663945,0.3710810215112985,0.6700251889168766,0.30345045647696134,-0.2909229140719281,0.5667506297229219,0.4115755434766348,0.3054862976484888,0.7581863979848866,0.7862450506725083,-0.21511745178205993,0.8513853904282116,-0.027486820801556483,0.20847806176844766,0.4811083123425693,-0.06740091694471462,-0.14753535457148922,0.4534005037783375,0.13180931193507484,0.2575646620617518,0.5843828715365239
2025-01-30,0.28731464090946934,0.34315889464402216,0.6256281407035176,-0.9169930884406654,-0.4996129721948406,0.25879396984924624,0.8984188613569841,0.5031304855513206,0.9271356783919598,1.3463411497175874,0.3053687487178225,0.9371859296482412,0.08026672281345743,0.16574094878345091,0.5703517587939698,0.2312282095981305,-0.021280833181616,0.5804020100502513,0.05076030177942498,0.18862987530097625,0.5326633165829145
2025-01-31,-0.32938129218340295,0.11897883236821383,0.3583959899749373,1.0501927562998115,0.016988937303376694,0.7443609022556391,-0.5481139064308596,0.15271568822392725,0.16040100250626566,-0.17237890398302774,0.14611953115087245,0.41854636591478694,0.17310710850033972,0.16819633535574718,0.6165413533834586,0.7882157172490712,0.24855135029527972,0.7969924812030075,0.3561866316105534,0.24448212740416864,0.7218045112781954
2025-02-03,1.8175898457717687,0.6851825035027321,0.9725,-0.06645227811488963,-0.010824801169378744,0.485,-0.33348097995984516,-0.009349867837330203,0.2625,-0.5502992956186368,-0.08602007777229728,0.2225,0.6029678614284171,0.31312017737997044,0.8525,0.8528244775610216,0.44997572605052705,0.82,0.5728955957691417,0.35395328352582633,0.835
2025-02-04,-1.2070284924211239,0.05444550486144689,0.08728179551122195,-0.5374497214524545,-0.18636644126373733,0.371571072319202,0.7590371679797652,0.24677914410170157,0.8952618453865336,-0.28766492840507374,-0.15323502798322278,0.3541147132169576,-0.1065352011998576,0.17323505118669447,0.4314214463840399,-0.5690345699212105,0.11030562739328126,0.2593516209476309,-0.080593728003438,0.20910427968273826,0.4339152119700748
2025-02-05,1.4362833366173398,0.5150581154467445,0.945273631840796,-3.0384660967615633,-1.1370663264296792,0.01990049751243781,0.05563492991805674,0.18306440604048665,0.5248756218905473,0.7166142579470209,0.1367147339935251,0.8308457711442786,0.45661607238726276,0.26769539158688394,0.7786069651741293,-0.5965893694220541,-0.12532603821183053,0.2537313432835821,0.5549348552641493,0.32438113820987524,0.8283582089552238
2025-02-06,0.3047669933532047,0.44496107474889796,0.630272952853598,-0.37389960955189105,-0.8826774208037499,0.4094292803970223,0.5835475329757442,0.3165587816855725,0.8486352357320099,0.41881340813994833,0.23074762537566618,0.71712158808933,-0.25164311014013,0.0945825576778793,0.32754342431761785,-1.0473673268510395,-0.4326731344249002,0.10918114143920596,-0.12406552145947716,0.17489891832009113,0.4094292803970223
2025-02-07,0.8373485505524624,0.5757569000167528,0.844059405940594,1.0745171932885806,-0.23027921610630647,0.7574257425742574,0.13441568208476673,0.2558444151519706,0.5693069306930693,-0.09031015202443315,0.12372836624229974,0.45792079207920794,0.12566406880124859,0.10494306138566908,0.594059405940594,1.267354124536394,0.1340026185621978,0.9232673267326733,0.20905877371475723,0.18628553678497983,0.6262376237623762
2025-02-10,-0.09363748166654529,0.3526254394556535,0.44938271604938274,1.2601567109723233,0.2665327595865701,0.8,0.4251416442229944,0.3122768248423119,0.7555555555555555,-0.018505139822680428,0.07631719755397302,0.5012345679012346,-0.05048563862414722,0.05313349471573033,0.4641975308641975,0.49064986250876286,0.2528850332110528,0.6962962962962963,-0.5895288886175936,-0.07231927168254461,0.1580246913580247
2025-02-11,0.9919519537036124,0.5657342775383065,0.8620689655172413,1.8424845196339923,0.7918500129357108,0.8916256157635468,0.45169297431477745,0.3587488746664671,0.770935960591133,0.9075102750566821,0.35338155672154276,0.8817733990147784,-0.8880318224893596,-0.2605882776859663,0.0665024630541872,-0.30616370177523455,0.06653545488229039,0.3620689655172414,-0.5117452078522657,-0.2187945837391183,0.19458128078817735
2025-02-12,-0.47886646828939444,0.21753402892907292,0.28746928746928746,1.1114593893906362,0.8983864717540193,0.7592137592137592,0.8957576467228606,0.5377517986852649,0.9262899262899262,-0.07849134140226174,0.20942392401360796,0.4643734643734644,-0.6295350975404639,-0.38357055097079884,0.12285012285012285,-0.5005608359132794,-0.12249664204956617,0.29238329238329236,-1.0155031739506204,-0.484364113809619,0.04914004914004914
2025-02-13,0.6155354237464752,0.3502011605348737,0.7622549019607843,-2.492727618219244,-0.2319848915704018,0.061274509803921566,0.25578352722306774,0.4437623748645325,0.6593137254901961,-0.3801958970131204,0.012883983671365201,0.2965686274509804,0.738347559443993,-0.009597847499201617,0.8848039215686274,-1.1995160568070815,-0.4815031136354046,0.0784313725490196,0.430731983399705,-0.17933208140651105,0.7622549019607843
2025-02-14,-0.2762741764914244,0.14137604819277438,0.37897310513447435,-0.9647481215060619,-0.4762393015489552,0.24938875305623473,0.21692569669335063,0.36815014880747193,0.6356968215158925,0.41418608261653933,0.14665134998642324,0.7163814180929096,0.5929677215760951,0.19125734219256393,0.8508557457212714,-0.899070258504691,-0.6206921619251669,0.16136919315403422,0.706867464045482,0.11606776707748659,0.8655256723716381
2025-02-18,-0.560662090872455,-0.09263666482896872,0.25853658536585367,2.573659626704917,0.5403936745356688,0.9634146341463414,0.30803391392899193,0.3481114038479786,0.6780487804878049,0.28996274749372614,0.19442181582219087,0.6658536585365854,-1.14434328792295,-0.25394286784594067,0.03902439024390244,0.7597306486385369,-0.160551225070599,0.7926829268292683,-1.02954860441188,-0.26580435675230224,0.04878048780487805
2025-02-19,0.8206418989890978,0.2117895231103868,0.8369829683698297,0.17417916584174645,0.4183221716376947,0.5498783454987834,-0.9490680817727936,-0.08428175802561205,0.051094890510948905,1.274734191365777,0.5545259410033863,0.9343065693430657,0.39714330819473415,-0.03691414249904909,0.754257907542579,-0.3294034233323344,-0.21683529115784414,0.36009732360097324,0.24224229527101,-0.0964554727445315,0.6472019464720195
2025-02-20,0.7638721626099889,0.3958170696102542,0.8131067961165048,-0.38648705827631485,0.1500524283330249,0.4029126213592233,1.5020812263698566,0.44450590343954416,0.9902912621359223,1.1696329085156318,0.7595615968408015,0.9053398058252428,0.6946574946062223,0.2069430698693747,0.8737864077669902,0.43651083547890757,0.0009467510544063917,0.6893203883495146,0.49368906282850467,0.10025937244648052,0.8009708737864077
2025-02-21,3.775373138662731,1.5223357592944131,0.9975786924939467,-3.5437506531508314,-1.0812152654949272,0.012106537530266344,1.3321371991062474,0.7403830019951119,0.9806295399515739,0.6167176514206856,0.7119469483674296,0.7941888619854721,2.012377787602523,0.8087546424470907,0.9951573849878934,0.6656236648885121,0.22250572233244162,0.7578692493946732,2.163379132528144,0.7879659591403683,0.9927360774818402
2025-02-24,0.7655835764842266,1.2700850316910177,0.8140096618357487,-0.4399745293578673,-0.8674683534492407,0.3888888888888889,-0.21967877135973124,0.4203624108768309,0.3188405797101449,-0.42691508983184145,0.3323262689676726,0.2608695652173913,0.3218213743732885,0.6464435530891567,0.7077294685990339,0.767841351945041,0.40428426553664143,0.7946859903381642,0.3806470522009195,0.6521929901605521,0.7415458937198067
2025-02-25,2.2744756715845775,1.6048819116555377,0.983132530120482,-4.121007730560265,-1.9519814791529155,0.007228915662650603,1.0406301980265213,0.6271183399267277,0.9493975903614458,0.04559404586511706,0.2367488612668208,0.5277108433734939,1.0840790760778898,0.7923220607520678,0.9493975903614458,-0.5156716963309954,0.09763227824742918,0.29156626506024097,1.345477473749615,0.883287818023573,0.9686746987951808
2025-02-26,-0.8391969846501838,0.7901889462202973,0.16105769230769232,-1.903804639038344,-1.9359225324480587,0.11538461538461539,0.11769657254704866,0.4573110841335014,0.5456730769230769,0.40759694961765613,0.29369822405043255,0.7091346153846154,0.27219610914772385,0.61894674355062,0.6754807692307693,0.09132838710503043,0.09553098119996294,0.5144230769230769,0.34693743481539685,0.7045043569541811,0.7019230769230769
2025-02-27,0.7393904323512642,0.7732561082639531,0.7985611510791367,0.6440169525654262,-1.0759427041102305,0.6594724220623501,-0.37932784207752346,0.17843144206315983,0.22541966426858512,-1.2639726881397915,-0.22552541334630874,0.05755395683453238,0.17678053906351232,0.47155800872158415,0.6139088729016786,1.6439593109722543,0.6116737577907267,0.9592326139088729,0.8720091790387925,0.7603392976490516,0.9064748201438849
2025-02-28,0.3155651481062449,0.6206924548780505,0.6339712918660287,-1.2954785316267816,-1.1491213132824143,0.17942583732057416,-1.9007760297977767,-0.514637715223819,0.009569377990430622,0.20093874540277923,-0.08337069376327945,0.6291866028708134,0.39283728614332614,0.4453177678621648,0.7464114832535885,-1.7316587878396714,-0.16943709075273927,0.03349282296650718,0.11596875276355334,0.5455491160205522,0.562200956937799
2025-03-03,2.3879966301651905,1.2097938466404305,0.9832935560859188,-1.3439887782188262,-1.214077134927885,0.1766109785202864,2.4572162281864056,0.4759802659129225,1.0,-0.4414074883898085,-0.20271629197212243,0.26014319809069214,1.2090652871351162,0.6999002742864819,0.9665871121718377,1.3154685704170705,0.3255314629705306,0.9379474940334129,1.5507491056800995,0.8806157792404012,0.9785202863961814
2025-03-04,-0.7224404880023576,0.5657157350928346,0.1976190476190476,1.3669268986678995,-0.3537424570626235,0.8142857142857143,1.0431538393262505,0.6650381237173651,0.9476190476190476,0.4257554999402469,0.006774305332000657,0.7214285714285714,0.17245109249876922,0.5240838803572444,0.6023809523809524,1.1677630136938382,0.6062753132116332,0.9023809523809524,-0.15068130058003637,0.5368500859669222,0.38571428571428573
2025-03-05,-1.3807065075213392,-0.08309167911188997,0.057007125890736345,0.7607990062468416,0.01777136404053148,0.6817102137767221,1.8126420736313205,1.0475727736886835,0.995249406175772,-0.4271832131584483,-0.1378782008314823,0.26128266033254155,-1.150486720929067,-0.03410632007152603,0.035629453681710214,-1.1544760404280334,0.019358195331744377,0.0831353919239905,-1.6510677278003092,-0.1924558519554882,0.019002375296912115
2025-03-06,1.388258952517678,0.40735853143129935,0.9360189573459715,0.30767946341906083,0.11440739716670792,0.5734597156398105,0.42198323602087484,0.839042927799414,0.7440758293838863,0.395013478556381,0.039752358964472115,0.7037914691943128,0.8618746768994316,0.2645540122521265,0.9075829383886256,0.95222747662083,0.3303146224281062,0.8625592417061612,1.1562462885884714,0.25711152822583166,0.933649289099526
2025-03-07,-0.22509921529545915,0.1965392825223799,0.3971631205673759,1.023530426720114,0.41744840701784325,0.7423167848699763,0.42359630800670156,0.7005607212018433,0.7446808510638298,0.8821898436123077,0.32056485384708394,0.8723404255319149,-0.41533311933601696,0.037924968389412034,0.2364066193853428,-0.3789226378657361,0.09390220233015883,0.33569739952718675,-0.6234036451311917,-0.03639352955984276,0.14420803782505912
2025-03-10,2.659622569601902,1.0175670448822205,0.9905660377358491,-2.300584923230287,-0.4885627030648668,0.08254716981132075,-0.4411825536663101,0.3199796295791256,0.19103773584905662,0.8654850637212155,0.5022049238051278,0.8702830188679245,2.6780837691880515,0.9179779019889585,0.9976415094339622,1.3792736460129091,0.5223593502244089,0.9386792452830188,2.753415877566101,0.8935429394821385,0.9976415094339622
2025-03-11,-1.1096000177284489,0.30851135734533086,0.1011764705882353,1.1220546464170627,0.04830974676244293,0.7647058823529411,0.03129151265064414,0.22375025726963182,0.49411764705882355,-0.5931470267522914,0.1370876069526548,0.1952941176470588,0.03673866730866171,0.6242314904288596,0.52,1.381892969257002,0.8088705565686066,0.9388235294117647,0.2152333944123781,0.6674397577922184,0.6188235294117647
2025-03-12,-2.0575147305169805,-0.48016400527543956,0.007042253521126761,1.1971847195421925,0.4312680710223594,0.7769953051643192,0.25969095059394454,0.23573048837773608,0.6549295774647887,0.12425631577837937,0.132810509894563,0.5774647887323944,-0.9845619086183228,0.08796702407979884,0.06103286384976526,0.02147344141455587,0.5464048515172564,0.4859154929577465,-0.908379598051913,0.14216663917750805,0.07042253521126761
2025-03-13,1.6014467164118984,0.21370623528700639,0.9508196721311475,-1.7023859742636414,-0.27994994407297413,0.13817330210772832,0.35047015082613986,0.273977042527204,0.7096018735362998,1.4151522993773475,0.5602577730554912,0.9531615925058547,1.5021724317204592,0.5593688266266856,0.9812646370023419,1.4087099754031636,0.8338398928125588,0.9391100702576113,1.71736605842769,0.667233112260902,0.9836065573770492
2025-03-14,-2.1128207150061753,-0.5618027481440542,0.004672897196261682,0.9694711317329423,0.13652374786233132,0.7289719626168224,-0.18241680199973787,0.12184576101822342,0.3411214953271028,-1.0272293031056166,0.03109541433512203,0.0794392523364486,-2.053752953733437,-0.31167176682668846,0.007009345794392523,-1.4916424646598112,0.05867910698843559,0.04672897196261682,-2.1067604223839074,-0.25743139928736775,0.009345794392523364
2025-03-17,0.34339109752952435,-0.26007146625286137,0.6410256410256411,-0.2589892541023778,0.004686080540761639,0.4289044289044289,0.32753509179321005,0.19040887127655232,0.6876456876456877,-0.5056203159259993,-0.14780982908525173,0.2261072261072261,-0.44687130363303096,-0.3567382790954693,0.21212121212121213,-0.23554674672152487,-0.039396177581551214,0.3986013986013986,-0.553385952797097,-0.35608291712394413,0.17482517482517482
2025-03-18,0.22200864541983056,-0.0993780956952974,0.5883720930232558,-0.3826046700837669,-0.12441083633408119,0.40930232558139534,0.4443891330611806,0.2750689585380951,0.7627906976744186,0.014679199826061251,-0.0936468194481474,0.5116279069767442,0.26825279153111564,-0.148407922219941,0.6697674418604651,0.9997547043786889,0.30698744973852876,0.8651162790697674,0.5504401179193595,-0.05390857210950961,0.8186046511627907
2025-03-19,-1.251283426018619,-0.4833465391364046,0.08120649651972157,-0.022516111241930314,-0.0904459279700309,0.5011600928074246,-1.181459863855866,-0.21044064892655853,0.03248259860788863,-0.7488696719089578,-0.31205443693508417,0.1368909512761021,-0.8340067017865872,-0.3769408487421564,0.08816705336426914,-0.49461525530523487,0.039786548057274246,0.29698375870069604,-0.922529751985291,-0.3434489654014367,0.06960556844547564
2025-03-20,-0.05507119597467411,-0.3405880914158278,0.46296296296296297,0.3028622920646506,0.04065681204152959,0.5671296296296297,-0.7873481435956421,-0.40274314714958637,0.07407407407407407,0.43489606285030086,-0.06307093700662253,0.7245370370370371,0.7557087459355216,0.0006090161504028746,0.8796296296296297,0.21120187451424757,0.09692499020959869,0.5648148148148148,0.6943272191263495,0.0024764294411586674,0.8495370370370371
2025-03-21,-0.45847021167262114,-0.3798821315014256,0.2909930715935335,0.32865550468423865,0.13665637625576593,0.5866050808314087,-0.5859766659036723,-0.4638209867342817,0.14780600461893764,-0.6891699930014832,-0.27177062233824273,0.15473441108545036,0.008074114715232616,0.0030973823386794552,0.5011547344110855,-0.5977097802798675,-0.13461993328689004,0.24942263279445728,-0.020587798868803464,-0.0052116466621620425,0.4780600461893764
2025-03-24,-2.84165830326011,-1.2004741887543204,0.004608294930875576,2.053559658266284,0.7756241369259387,0.923963133640553,-1.9740540173297478,-0.9672319969327703,0.009216589861751152,-0.6404400587445955,-0.3946604344736937,0.17972350230414746,-2.1793029016739576,-0.7243693789988662,0.004608294930875576,-1.1441693744678465,-0.47113641368054215,0.08755760368663594,-2.17621486981995,-0.7288793877147581,0.0069124423963133645
2025-03-25,-0.7162126788905416,-1.0390536854663943,0.20919540229885059,0.34519857120582453,0.6321489483525674,0.5908045977011495,0.31564648751475405,-0.5396058354502622,0.6827586206896552,-0.6690565665800244,-0.4861258118424706,0.16551724137931034,0.4073565052340416,-0.347127417587897,0.7494252873563219,-0.07998576680224437,-0.34075286472110955,0.4459770114942529,0.2492637035278857,-0.4028316906338769,0.6459770114942529
2025-03-26,1.1438983549384718,-0.311403005331439,0.9013761467889908,1.1451794555717711,0.8031591174256354,0.7706422018348624,-0.452677249057323,-0.5106296399859491,0.19036697247706422,-0.06514471418025569,-0.345798779288399,0.4701834862385321,0.2387613229970399,-0.1518311707262514,0.6536697247706422,0.6738834597353596,-0.002540756568953223,0.7522935779816514,0.5313461432605684,-0.09143907933572851,0.8073394495412844
2025-03-27,0.4228846973100077,-0.0666404377842901,0.6704805491990846,1.035754459366247,0.880690898072506,0.7414187643020596,0.4483764838116417,-0.1909609320534189,0.7688787185354691,0.20537539153314177,-0.1620740556812188,0.631578947368421,0.20547283876246109,-0.032729834230013924,0.6224256292906178,0.441167468499714,0.1453619851206025,0.6819221967963387,0.10760935452998455,-0.02508960138049083,0.551487414187643
2025-03-28,2.3615441912382256,0.7427544385565484,0.9794520547945206,-3.0684048069177385,-0.43567433692424207,0.0228310502283105,0.21382688840900355,-0.056031658565944775,0.6187214611872146,0.5408827456447597,0.07224487809410733,0.7785388127853882,2.1154027931443258,0.683314374894766,0.9931506849315068,1.4288816165185017,0.5732018622532356,0.9429223744292238,2.3302052358071443,0.7600086776820543,0.9908675799086758
2025-03-31,1.352422235689011,0.9459770376007026,0.9271070615034168,0.18002559300577237,-0.23044102694757063,0.5489749430523918,-1.0284664312208103,-0.3801765827842333,0.04555808656036447,0.5230846142992348,0.22252479016248314,0.7744874715261959,0.16320732255160092,0.5099453574470443,0.5945330296127562,0.31176814248438234,0.48605728899695116,0.6332574031890661,0.11087512149884887,0.5436308256209859,0.5580865603644647
2025-04-01,0.02181113484060504,0.6379217366806702,0.5022727272727273,-2.0968910651260093,-0.8525910396737169,0.09772727272727273,-0.05044170260474376,-0.2702649560577368,0.4068181818181818,-0.7319470298568932,-0.09563248317730896,0.13636363636363635,0.3523784476736538,0.45742305418924745,0.7136363636363636,-0.41776074129041385,0.1847846122344962,0.3181818181818182,0.09002556270961559,0.39242907131719584,0.5363636363636364
2025-04-02,-1.7600056772748587,-0.16138740130450602,0.02947845804988662,0.7135088667901298,-0.33055773751910134,0.673469387755102,-0.963882135977612,-0.5014706826976952,0.05668934240362812,-0.46207846630200927,-0.21778114421887573,0.2585034013605442,-1.1254468601927603,-0.0702002506047551,0.047619047619047616,-0.1638485881575733,0.0685735454371397,0.41723356009070295,-1.0277300076928562,-0.08095728835282145,0.05442176870748299
2025-04-03,3.4707861232077555,1.0493371068662478,0.9932126696832579,-3.0819424442282464,-1.2476859730888163,0.020361990950226245,0.6986922871294206,-0.10141635942199004,0.8733031674208145,-0.16504038477304306,-0.20020089107026484,0.41855203619909503,4.373295889746843,1.4109651295124441,1.0,0.667826507790759,0.2683245328883461,0.748868778280543,4.373295889746843,1.4037937710137334,1.0
2025-04-04,1.6494034226472425,1.2493592121265795,0.9503386004514672,-3.722722567757063,-2.0726981713115653,0.011286681715575621,-0.15432294512114053,-0.11905188798837354,0.35665914221218964,0.19663367672818488,-0.06792270180411497,0.6275395033860045,2.202824670863443,1.6749183099627771,0.9909706546275395,0.01207979950271465,0.18290962175980233,0.48306997742663654,2.6033759292907814,1.803654490439416,0.9909706546275395
2025-04-07,-1.594512505790902,0.30140197282075254,0.04054054054054054,3.03821876306,-0.3690591931877103,0.9887387387387387,-1.9149102632023838,-0.7176713463930435,0.01126126126126126,0.8570154662607762,0.24039002088418204,0.8693693693693694,-1.243357028370286,0.7021598638517563,0.033783783783783786,-1.1713186443832297,-0.268499800287875,0.08108108108108109,-1.2078628451132198,0.7998153785885376,0.038288288288288286
2025-04-08,-0.44067990906785304,0.05404134552455073,0.31685393258426964,2.135740376822503,0.46587399681569414,0.9370786516853933,0.7536606766761553,-0.22722733870331063,0.8876404494382022,0.07353677029809758,0.18477227068882057,0.5438202247191011,0.008220061643076537,0.4708465964488631,0.4966292134831461,0.6761793744488682,0.04639325795770605,0.755056179775281,0.21579982492390926,0.6051435273669948,0.6179775280898876
2025-04-09,-1.22634514977512,-0.37275415290867286,0.09417040358744394,1.2304499462338363,0.7207326466217415,0.7982062780269058,0.0,-0.15148489246887378,0.45739910313901344,0.0,0.12318151379254706,0.5044843049327354,-3.9190713279579263,-0.9924593783533999,0.002242152466367713,0.0,0.0309288386384707,0.47757847533632286,-3.9190713279579263,-0.9029280910746454,0.002242152466367713
2025-04-10,0.36647035533298533,-0.12634598349478682,0.6487695749440716,1.7345216997042123,1.0586623309825651,0.8747203579418344,0.8021108106900197,0.166380341917424,0.8926174496644296,-0.3988218600592879,-0.05081961082473123,0.28859060402684567,1.226500823712734,-0.2528059776646887,0.9574944071588367,2.040241598160227,0.7006997584790561,0.9776286353467561,1.0949547271089546,-0.23696715168011218,0.9217002237136466
2025-04-11,0.01960664174765414,-0.07769510841397317,0.5022321428571429,-0.12197036757818225,0.6651180981289827,0.46651785714285715,0.796462886536619,0.37640785679048905,0.890625,0.3626246531091384,0.08699514381989196,0.6964285714285714,-1.6195865395454387,-0.7083994982916053,0.017857142857142856,0.19852264550881238,0.5333073874889749,0.5602678571428571,-1.9257187987659083,-0.7998843673753776,0.017857142857142856
2025-04-14,0.5032507870852845,0.1159535234191127,0.6971046770601337,-0.2551599893015833,0.35835873565212745,0.42316258351893093,0.01917395708478764,0.257329890221922,0.48552338530066813,-0.22201018085786964,-0.016006631072695225,0.38084632516703787,0.7423200337052421,-0.22482632095932292,0.8708240534521158,-0.5645034142381476,0.16737045357993408,0.2583518930957684,0.8573441590138433,-0.24747485857897072,0.8930957683741648
2025-04-15,-0.22335283589976196,0.0028514036461544934,0.4,-1.240797453728917,-0.1746933274748873,0.19555555555555557,0.20207419186487524,0.2389113241029064,0.6111111111111112,-0.15107839650864052,-0.06103055288467699,0.4266666666666667,-0.22210530023400565,-0.22391931405088383,0.3377777777777778,0.13046298846934712,0.15506796520973842,0.5288888888888889,0.08646272026231033,-0.13616233229854371,0.5311111111111111
2025-04-16,0.4471054340656372,0.15093608045264872,0.6829268292682927,0.16754574232303887,-0.06061363754224526,0.541019955654102,0.27392274796784083,0.2505817987245512,0.6585365853658537,-0.26867198215928423,-0.13024436264287942,0.35698447893569846,0.5631656787410293,0.03844235021308717,0.8137472283813747,2.165846443216598,0.8253274578786916,0.9822616407982262,0.938535835399636,0.22207039026751615,0.9046563192904656
2025-04-17,-0.17580638622002426,0.04202192489509107,0.4225663716814159,2.4209499914816686,0.7665742387990593,0.9579646017699115,0.22401056805942765,0.24172472183617671,0.6327433628318584,-0.16979696008663514,-0.143428561790798,0.415929203539823,-1.2116857765455273,-0.3782670253731176,0.03982300884955752,0.052338162763936796,0.5676643595071067,0.49557522123893805,-1.0969280320654782,-0.2175957505101486,0.05309734513274336
2025-04-21,-0.37129610715581807,-0.09575075245521197,0.3465783664459161,2.093298873098325,1.2088157835654814,0.9227373068432672,0.6953177586881641,0.3929224007868392,0.8675496688741722,0.5153572543617305,0.07616671026004483,0.7704194260485652,-0.21447231569726877,-0.3236687888145014,0.3487858719646799,1.3166859103274038,0.8173382097805391,0.9293598233995585,-0.014000565202989979,-0.14973068874109574,0.4746136865342163
2025-04-22,-0.6909329205927506,-0.2941448085010582,0.22246696035242292,-0.010336798852374263,0.8024315894261963,0.5044052863436124,-0.2657256832080166,0.17337303945522065,0.29955947136563876,-0.5616217565703823,-0.13642944535009752,0.20484581497797358,-0.8186747402015917,-0.4886707726101982,0.09911894273127753,-1.5283878221012852,0.03542953248659775,0.04185022026431718,-0.7774023279219808,-0.35895456846805746,0.11894273127753303
2025-04-23,-0.7371583150018255,-0.4418159773346473,0.1956043956043956,-0.9830681103603571,0.2072650228306786,0.24395604395604395,-0.6472200243144356,-0.10015798180133142,0.12307692307692308,-0.17647708506349624,-0.1497786585878971,0.41098901098901097,-0.7655274469009282,-0.5809563307071082,0.1076923076923077,-1.451164099993147,-0.46010167833998383,0.05274725274725275,-0.6875496008377657,-0.4684862459246269,0.14505494505494507
2025-04-24,-0.8948277356337198,-0.5928198967676714,0.15570175438596492,-0.7824808191595394,-0.12265025783272734,0.2850877192982456,-0.34550608106986413,-0.181940681557509,0.24780701754385964,-0.26972666181141625,-0.18976132632907017,0.35526315789473684,-0.24562939848964493,-0.4691806866346205,0.33114035087719296,-0.22750053101402523,-0.3825679625646643,0.3991228070175439,-0.3364632302614232,-0.4244785740368924,0.2850877192982456
2025-04-25,-0.27131063971674274,-0.48565014441736193,0.3851203501094092,-1.2044498620413946,-0.4832501259022831,0.2013129102844639,-0.24865810677051814,-0.20417982329517873,0.31291028446389496,-0.1945338816746643,-0.19135217811093488,0.39606126914660833,0.4900264600776941,-0.14944497106384902,0.7789934354485777,-0.45155798757492904,-0.4055646375680859,0.30196936542669583,0.2618517061393785,-0.19570181397813544,0.6542669584245077
2025-04-28,-0.07863210806155227,-0.3499774656320921,0.4606986899563319,-1.3233791161899036,-0.7632931226648233,0.17685589519650655,0.08643092676850828,-0.10730957327394974,0.5240174672489083,-0.22124747356435454,-0.2013172765954081,0.38209606986899564,0.503733831856091,0.06828129657613095,0.7860262008733624,0.0218532019437348,-0.2630920243974791,0.4912663755458515,0.5934475059117612,0.06734795931849674,0.8253275109170306
2025-04-29,0.3018406227250772,-0.13270476951303567,0.6209150326797386,-1.3797394012583823,-0.968775215529343,0.1721132897603486,-0.2365000702089753,-0.1503730722522916,0.3159041394335512,-0.47616526953718274,-0.29293327424266635,0.24836601307189543,0.20699800979960364,0.11452020098395518,0.6209150326797386,-0.9451403385628631,-0.4904414624526071,0.1394335511982571,0.24647501244386616,0.1270569770269532,0.6383442265795207
2025-04-30,0.09406297621610882,-0.05711552093665419,0.5369565217391304,0.6328095113644245,-0.43491363989808723,0.65,-0.07767766990659744,-0.12614127147039356,0.3869565217391304,0.31585616903982194,-0.09000345981517027,0.6782608695652174,0.9171614794495351,0.38206729380581517,0.9065217391304348,-0.8885093402801746,-0.6231307550617963,0.16304347826086957,0.7640972227233249,0.3394037255924104,0.8673913043478261
2025-05-01,-1.0203360912827226,-0.3781890443853437,0.12364425162689804,1.0769251535712392,0.06903262459168819,0.754880694143167,-0.5993359437125115,-0.2838728288844329,0.14316702819956617,-0.2458784823416352,-0.14196180065732525,0.3644251626898048,-1.1497210421339148,-0.12852881817409478,0.049891540130151846,-0.5018040161217628,-0.5826885087484519,0.2885032537960954,-1.0909607062093913,-0.13738441834152348,0.05422993492407809
2025-05-02,-1.3113269144514486,-0.6892350010740453,0.07792207792207792,1.7249224297118733,0.6209958929650832,0.8722943722943723,0.2439753808553382,-0.10792342563784255,0.6493506493506493,0.01635173867807649,-0.08919062087885801,0.5238095238095238,-2.006868769428168,-0.7546421352587859,0.015151515151515152,-0.4958940201303511,-0.5537570125424183,0.2943722943722944,-1.8439995913511367,-0.7062561426780612,0.023809523809523808
2025-05-05,-0.007411463699769971,-0.4619604886159536,0.49892008639308855,0.6724123195768961,0.6381347018356875,0.6630669546436285,0.40969927264546413,0.06461747378992631,0.7451403887688985,-0.021663011173034333,-0.06668141764358346,0.49892008639308855,-0.34996077915180807,-0.6197483498897933,0.26997840172786175,0.5152666485733706,-0.19741579217048869,0.7041036717062635,-0.29362846486897975,-0.5687135834083675,0.2980561555075594
2025-05-06,0.44155855948266315,-0.1607874725830814,0.6853448275862069,0.49697826040516585,0.5910825546921804,0.625,0.20542321331934632,0.11155272029973298,0.6120689655172413,0.10287317830218107,-0.01016321899499529,0.5689655172413793,0.5174422835318692,-0.24068480541590587,0.790948275862069,1.401775675687892,0.3356480304489715,0.9353448275862069,0.5201951504414946,-0.20574400545841354,0.7995689655172413
2025-05-07,-0.07947678763574267,-0.1336839109339685,0.45806451612903226,-1.2500341562700799,-0.022623015628572996,0.1935483870967742,-0.6840144589443398,-0.15363633944829125,0.11182795698924732,0.12457773772438374,0.03475043324479772,0.5913978494623656,0.27387054601237215,-0.06916635493981323,0.6709677419354839,-0.8937240260422347,-0.07414265504809714,0.16129032258064516,0.23173549352697778,-0.05991750579661646,0.6301075268817204
2025-05-08,-1.4021302095817947,-0.5564993438165772,0.06223175965665236,2.0053531188847726,0.6533690292092088,0.9120171673819742,-0.9345205960296283,-0.41393109164207026,0.060085836909871244,-0.6688764132019357,-0.19979184890411342,0.15879828326180256,-1.816506398138033,-0.6516130360058864,0.017167381974248927,-0.08674504784767756,-0.07834345264795728,0.43991416309012876,-1.5806820129411756,-0.5668390081781362,0.030042918454935622
2025-05-09,-0.3029196190862818,-0.47197276890647877,0.3640256959314775,0.5804285976314606,0.6290555520166261,0.6316916488222698,0.3034709181425012,-0.17479708838054647,0.6723768736616702,0.3195839961870079,-0.026666567207073,0.683083511777302,0.09031102190317525,-0.4043050167028659,0.5610278372591007,0.255906692547532,0.033073262417205804,0.5995717344753747,0.05176113701246123,-0.3606389597812704,0.5160599571734475
2025-05-12,-2.3088718902913916,-1.084272476034783,0.00641025641025641,1.3444694230647087,0.867526842365987,0.811965811965812,-1.0993254993601593,-0.48297322537375076,0.038461538461538464,0.39502607461486594,0.11389764673357329,0.7158119658119658,-2.6448147014680443,-1.1511415782912586,0.00641025641025641,-1.7753098871233286,-0.5697211207629722,0.02564102564102564,-2.530491866478086,-1.0839232620135424,0.00641025641025641
2025-05-13,-1.135032004777865,-1.1011923189491437,0.11087420042643924,1.7584334504244064,1.1644957117187935,0.8763326226012793,-0.21419912925188353,-0.393381859999795,0.3283582089552239,0.29778584031644284,0.17519371126119648,0.6716417910447762,-0.4291630742127436,-0.9104820769317536,0.23667377398720682,0.380189785014675,-0.2530841521704232,0.6673773987206824,-0.46211787158642414,-0.8766547985378363,0.23880597014925373
2025-05-14,-0.45257822966070116,-0.8849876225196629,0.3021276595744681,1.2523141213394866,1.1937685149256914,0.7957446808510639,0.05535460274189391,-0.24380303908589876,0.5127659574468085,0.2924345632546285,0.21427399525900717,0.6680851063829787,-0.33305190368354276,-0.7180053525156834,0.27872340425531916,-0.7143907730334362,-0.40685302579142757,0.19787234042553192,-0.4065619245696597,-0.7199571738817776,0.26170212765957446
2025-05-15,1.1379320437200804,-0.2106810671064152,0.8959660297239915,-2.059099539511827,0.10947916344651876,0.09766454352441614,0.1446827312914981,-0.11430778229343315,0.564755838641189,0.0766373529845884,0.16839511450086758,0.5498938428874734,0.8326170593105019,-0.20113121524028843,0.8895966029723992,0.12188195164783744,-0.23060803331167262,0.5307855626326964,0.778203467343395,-0.2205702934733868,0.8726114649681529
2025-05-16,0.17994516997755095,-0.08047232141175986,0.5783898305084746,-0.2579075221520448,-0.01298306508633576,0.4194915254237288,-0.3662376499181805,-0.19828440483501558,0.24364406779661016,-0.49517527740373896,-0.05279501613400123,0.2266949152542373,-0.1606435923415273,-0.18763534094070142,0.3877118644067797,-0.3252831335889723,-0.2621664000707725,0.3601694915254237,-0.25466359957031204,-0.23193472883902855,0.326271186440678
2025-05-19,0.1254163558689796,-0.011842762318180058,0.5539112050739958,0.6062415615388304,0.1934251437887196,0.638477801268499,0.4276278472869208,0.010353012538963174,0.758985200845666,0.20223113984372262,0.03221370252524005,0.6363636363636364,-0.07500684062925525,-0.1500925075035527,0.4397463002114165,0.20684539070793617,-0.10582913647786965,0.5708245243128964,-0.14181880675247954,-0.20189608814351223,0.40380549682875266
2025-05-20,-0.11940102793008175,-0.04769551752214729,0.4451476793248945,1.027217259852116,0.47135584914318507,0.7341772151898734,0.1756731985742329,0.06545974121738642,0.5928270042194093,-0.0662973737344257,-0.0006233228946485279,0.46835443037974683,-0.0820286481886717,-0.12740455439859238,0.43670886075949367,0.5497764892447506,0.11270607209633708,0.729957805907173,-0.08733457206497444,-0.163708916117333,0.4282700421940928
2025-05-21,-0.23024452495792702,-0.1085451866674072,0.39789473684210525,1.8515027712542131,0.9314048231801944,0.8926315789473684,0.6930101119698985,0.2746431981348904,0.871578947368421,0.5167709412105996,0.17184143180710085,0.7810526315789473,-0.07520783195845926,-0.11000564691854803,0.44,0.34208392809715754,0.1891653574299439,0.6442105263157895,-0.28234410694294265,-0.20325397972586956,0.3094736842105263
2025-05-22,0.0657597522018032,-0.05044354037767042,0.5294117647058824,-0.8966958690875352,0.3220379257576179,0.2647058823529412,-0.18552905700263042,0.1212524464223835,0.3445378151260504,-0.4312889495790081,-0.02920202865493543,0.25840336134453784,0.42864787737826127,0.06954552784705505,0.7563025210084033,-0.3639177908861566,0.004804307991243761,0.3403361344537815,0.43343845427657873,0.008976831608279862,0.75
2025-05-23,0.5430913695808481,0.14740142960850244,0.7337526205450734,-0.29908466450367205,0.11499706233718796,0.4109014675052411,0.32667700263863036,0.1897272984944658,0.6960167714884696,-0.05910825866982705,-0.03917077199323264,0.4779874213836478,0.6560945873304448,0.26506188100818495,0.8574423480083857,1.0085871185204247,0.3393985781676374,0.8679245283018868,0.7168336319196571,0.2449290983787389,0.859538784067086
2025-05-27,-0.037606651183797135,0.0857320693444026,0.48326359832635984,-2.2869863421204553,-0.6856640724820264,0.08158995815899582,-0.5663894203424461,-0.06231160778450481,0.1589958158995816,0.15777869786611975,0.026479051293218155,0.6192468619246861,-0.23496794618251937,0.09838527194461687,0.3368200836820084,-1.0313441036483475,-0.1175156491043575,0.12133891213389121,-0.22381656588221088,0.088680543625089,0.3577405857740586
2025-05-28,0.013618760672307773,0.06169429978703766,0.511482254697286,0.2812261813377648,-0.36336732120876275,0.5553235908141962,-0.22963213154250695,-0.11808511570383887,0.32150313152400833,-0.01102635256998602,0.013977250005483433,0.4989561586638831,-0.21604439726138225,-0.006424617790716153,0.348643006263048,0.2854923395484077,0.016820347113230882,0.6221294363256785,-0.32746615037466204,-0.050035021041494675,0.2881002087682672
2025-05-29,0.6384500202139757,0.25394620659601697,0.7729166666666667,-1.7384350909207325,-0.8217232444460859,0.12708333333333333,0.05760866402295689,-0.05952052246157362,0.5145833333333333,0.4355582266848834,0.15450424223195008,0.74375,0.48508772320891497,0.1574128292091609,0.775,-0.3328025891227658,-0.09972063163210133,0.35625,0.5523558721180759,0.15076194334502885,0.8145833333333333
2025-05-30,0.7162131401175043,0.40803518443651277,0.8004158004158004,0.14936840445128366,-0.4980260281469628,0.5322245322245323,-0.07314643898474085,-0.0640624946359627,0.39501039501039503,-0.7343421731148534,-0.1417778962169844,0.12474012474012475,0.5391756599235213,0.28466710611394774,0.8066528066528067,-0.17621528030073455,-0.12521884785497908,0.4178794178794179,0.4679063394462918,0.25647674204544985,0.7671517671517671
2025-06-02,-0.530946552406928,0.0950412721553659,0.2717842323651452,1.5078619594690377,0.17060330105837063,0.8340248962655602,0.4111554091702768,0.09434347329945046,0.7510373443983402,0.34897514775594873,0.021806451773993304,0.7033195020746889,-0.49845569206152435,0.02362617338879039,0.19294605809128632,0.826490067651346,0.19201745731379594,0.8091286307053942,-0.6746119663734214,-0.05388616076084052,0.14730290456431536
2025-06-03,-0.5633298353522487,-0.12441576368050562,0.2608695652173913,0.5624539118725351,0.30122017132975876,0.6273291925465838,-0.90047946920976,-0.23726417420361962,0.062111801242236024,0.07093097426969897,0.038181292605895194,0.546583850931677,-0.560808142203852,-0.1711852651420904,0.16563146997929606,-0.27793844011455576,0.0353654915043454,0.3830227743271222,-0.42698471026539847,-0.1782523439290265,0.2443064182194617
2025-06-04,0.7641710054467296,0.17177982602857272,0.8140495867768595,-2.5175082524933616,-0.6383559699446146,0.05991735537190083,0.4527793038990797,-0.007249681502719846,0.78099173553719,0.18895909879306638,0.08844056133495226,0.6322314049586777,1.3298243865260586,0.32915128541395927,0.9648760330578512,0.06548395260452433,0.04540497853773838,0.5144628099173554,1.1721568901636938,0.27188406743521354,0.9359504132231405
2025-06-05,0.224768723757237,0.1894427919381275,0.6020618556701031,-0.22615381459240388,-0.5009552514938778,0.4329896907216495,0.16167925438699296,0.04905996379385109,0.5855670103092784,0.12631286493547597,0.10106466253512683,0.5876288659793815,-0.3461000100138892,0.10406752027134317,0.2721649484536082,0.14228895162335212,0.07769963623294296,0.5463917525773195,-0.2694203509009964,0.09144926132314359,0.31752577319587627
2025-06-06,-1.1160597742521636,-0.24572473012530285,0.10905349794238683,1.9207275328795974,0.30627234329728054,0.9012345679012346,-0.5346112644792597,-0.14549711229718582,0.17695473251028807,-0.4174437252105061,-0.07177146671341746,0.26954732510288065,-1.7177052314076757,-0.5031900636216631,0.0205761316872428,-0.20980792831396122,-0.018136218616025095,0.4094650205761317,-1.527198003303364,-0.4480998268856923,0.03292181069958848
2025-06-09,-0.24840734110848736,-0.24661893378636435,0.39014373716632444,-0.2729259471085034,0.11320624649535257,0.4127310061601643,-0.06261132017073337,-0.11786851492170167,0.4024640657084189,0.4801833748142764,0.11221348046248049,0.7720739219712526,0.19306585309591393,-0.2711047580491375,0.6139630390143738,0.351333715595717,0.10502042612122227,0.6529774127310062,0.2557281165188502,-0.2134905124175115,0.6529774127310062
2025-06-10,0.04869604485743978,-0.148180607571763,0.5266393442622951,-0.9817064854979582,-0.25176466416908433,0.2459016393442623,-0.047158608495822346,-0.09429854611307523,0.4180327868852459,0.7135304789337663,0.3126524799529091,0.8442622950819673,-0.00864701968211129,-0.18361884526012878,0.4918032786885246,-0.6708476628230426,-0.15360227019353268,0.21106557377049182,0.057044003667971965,-0.12331234038901703,0.5245901639344263
2025-06-11,0.35417310268688246,0.019270629181118812,0.656441717791411,0.18988788896907666,-0.10454714645636402,0.5460122699386503,0.19738140564664794,0.0029281044734991574,0.6114519427402862,0.10272272840459439,0.2426758961034709,0.5603271983640081,0.9587948403646674,0.19718571661480325,0.9222903885480572,0.9661346406180611,0.21964336674366522,0.8650306748466258,0.8259603349734964,0.19311188473182073,0.8834355828220859
2025-06-12,1.1338990585070916,0.39081343895644305,0.8979591836734694,-1.809715997104536,-0.672936763339088,0.12244897959183673,0.3626706642061514,0.1228422910510499,0.7285714285714285,0.08409836172785673,0.1898167179782662,0.5469387755102041,0.6732636336696284,0.35587835563307835,0.8571428571428571,0.06970332796662519,0.16966335381798522,0.5142857142857142,0.5405172278190458,0.30891366576089574,0.8081632653061225
2025-06-13,-0.31862541157135893,0.15433382211384244,0.3543788187372709,2.520285258938863,0.39147057742022895,0.9653767820773931,-0.17819014764414787,0.02249814481931732,0.34826883910386963,-0.04207516870213712,0.11251942241813176,0.4745417515274949,0.06758588061572657,0.2597808639606278,0.539714867617108,1.6225108042660012,0.6539458373006571,0.9592668024439919,-0.1043059435274708,0.17117379599810692,0.4195519348268839
2025-06-16,-0.8170694175276353,-0.16946725776665011,0.18089430894308944,1.355302601345482,0.7127479187286467,0.8109756097560976,-0.1275978540828951,-0.027533854814753483,0.3699186991869919,0.05495067834128664,0.09332984105918339,0.5284552845528455,-0.6838585399414285,-0.05476560400672428,0.12195121951219512,-1.160089342517043,0.04926744402809047,0.08130081300813008,-0.7541253182588603,-0.1372592420875488,0.13211382113821138
2025-06-17,0.9220432204109106,0.19436956829253677,0.8519269776876268,-0.4539317628513887,0.32385469153530166,0.3752535496957404,-0.3816953658122232,-0.14558769181391004,0.22515212981744423,0.11581752001536588,0.10082573404457756,0.5780933062880325,1.1102189718990232,0.33356258796185817,0.9432048681541582,1.0421406036253558,0.3802251638938456,0.8742393509127789,1.0959481201783428,0.27380987866774836,0.9269776876267748
2025-06-18,-0.0775425644064791,0.10373219072619817,0.46153846153846156,-0.4067949577333803,0.08030480844574106,0.38866396761133604,-0.1091450620807461,-0.13344014856952208,0.3765182186234818,0.27715469201998644,0.15960205336971384,0.6659919028340081,-0.19139037691056393,0.1585782663377175,0.37044534412955465,-0.2706499454694685,0.16326679410607428,0.3825910931174089,0.012846380081430492,0.18682204580564243,0.4959514170040486
2025-06-20,0.2715073939348477,0.1596572584624147,0.6161616161616161,0.7630168550004509,0.30787549063064434,0.6787878787878788,-0.45067850630331713,-0.23918626781412045,0.19393939393939394,0.08609242067531314,0.13509884247158027,0.5474747474747474,-0.20227725918041045,0.03829309116500819,0.36363636363636365,0.33229642007542526,0.21961000276252463,0.6444444444444445,-0.044943601749648135,0.10956682995387892,0.46060606060606063
2025-06-23,-0.026764999682957535,0.09751650574729062,0.48588709677419356,-2.226076985923732,-0.5367753348874811,0.0846774193548387,-0.07150008486283266,-0.18329087349702453,0.4032258064516129,-0.2804287480611301,-0.003410354372656507,0.3346774193548387,0.1884999571392747,0.08836204648976369,0.6108870967741935,-1.219941091357734,-0.2602403619442282,0.07258064516129033,0.3591742135708273,0.1927692911595284,0.7116935483870968
2025-06-24,-0.06432412617610755,0.04356962843949125,0.46680080482897385,-1.9676419876440134,-1.0137308858063252,0.11066398390342053,0.3571707358506786,-0.0031370037144568402,0.7283702213279678,0.23861889091041855,0.07726606072170183,0.6498993963782697,0.19575911180980704,0.12416106826311146,0.6177062374245473,-1.4248840126029305,-0.6484549121637957,0.052313883299798795,0.16161390721369706,0.18238416317758466,0.5814889336016097
2025-06-25,0.09813918554533818,0.06175948080810689,0.5481927710843374,-0.12885384286690899,-0.7187718714931866,0.463855421686747,0.10917478338305248,0.034300258651379596,0.5441767068273092,0.6621864239269485,0.2722395151234507,0.8293172690763052,0.2526663342517935,0.1669961569260055,0.6586345381526104,0.13536405072618068,-0.3871819245338036,0.5441767068273092,0.19274648190903815,0.1858382694214025,0.6024096385542169
2025-06-26,-0.28469829813272646,-0.05372644550550421,0.36472945891783565,-0.5023842925425565,-0.6466426785096433,0.3667334669338677,-0.009468915079096196,0.019710534074554337,0.45691382765531063,-0.37935323289705347,0.05504193244994934,0.2865731462925852,0.12580273741911463,0.1532650170903752,0.5771543086172345,0.05865962800203167,-0.23856807368852523,0.5050100200400801,0.3279957835948945,0.23322410747923317,0.6913827655310621
2025-06-27,-0.3809034315803854,-0.16278544086379793,0.336,0.9417422942961859,-0.11718102090770033,0.718,0.1040712219232643,0.04783076335745766,0.542,0.3474292177894086,0.15250436089643576,0.706,-0.42414788734918896,-0.039205951056146174,0.232,-0.4538787292259353,-0.3103382922009953,0.3,-0.5005947313295288,-0.011382172123687445,0.216
2025-06-30,0.9104710981264276,0.19496673879961057,0.8522954091816367,-1.2848583463050107,-0.5064067960401372,0.18762475049900199,-0.040797303881028216,0.01828807427796237,0.42115768463073855,-0.6791417589305557,-0.12471101237922805,0.14770459081836326,0.3891461601675598,0.10357808601842247,0.7345309381237525,0.07713961699609401,-0.18117898913529887,0.5169660678642715,0.3117814799858879,0.096339045246171,0.6846307385229541
2025-07-01,0.4378752829789608,0.27593625352606066,0.6872509960159362,-0.21515491914268048,-0.4093228370743183,0.44223107569721115,-0.27729761025499344,-0.08024048723302289,0.28087649402390436,-0.07161002314093601,-0.10701068263313071,0.45219123505976094,-0.865061705503967,-0.21930184448904066,0.08964143426294821,-0.0378671269487825,-0.1334083684064601,0.4641434262948207,-0.30995287843633995,-0.03909159598133265,0.2908366533864542
2025-07-02,-0.6060575596276305,-0.018061684191836375,0.23856858846918488,1.2899940853763727,0.15711613707591193,0.8091451292246521,-0.35797429887197113,-0.17281842444600565,0.24254473161033796,0.22828049499971018,0.004753043244482905,0.6481113320079522,-0.7262023615731474,-0.3882686835170763,0.1172962226640159,0.23578651456672184,-0.010343407415399464,0.5904572564612326,-0.5148590075085312,-0.19768073315706547,0.20278330019880716
2025-07-03,-0.6600789993235971,-0.23206745590242328,0.22420634920634921,0.8432019052402282,0.385811393130684,0.7103174603174603,-0.4168314703509066,-0.25415610641430597,0.2003968253968254,-0.7370248826753638,-0.242506265395466,0.11904761904761904,-0.7762154965660699,-0.5175842878667408,0.10714285714285714,-0.41531933317742553,-0.14533538266940815,0.31547619047619047,-0.7340401537011779,-0.37646720667176964,0.13293650793650794
2025-07-07,0.3159243789613716,-0.049403510947825025,0.6475247524752475,1.3378535759633088,0.7031587874082257,0.8118811881188119,-0.4467682152738379,-0.3183601427008166,0.19405940594059407,-0.12180070133383647,-0.20227107737492284,0.4297029702970297,0.16227581355048193,-0.29096425406099996,0.594059405940594,0.7622501578576623,0.1571931308396153,0.7940594059405941,0.12886637129653178,-0.20802268068233587,0.5722772277227722
2025-07-08,-0.6339872984923806,-0.24426477346267686,0.233201581027668,0.23087635640998871,0.5457313104088134,0.5513833992094862,0.4162212227490972,-0.07349968755084538,0.7628458498023716,0.37626199990324366,-0.009426718282200708,0.7233201581027668,-0.10438829177148834,-0.2287722666311628,0.4288537549407115,-0.2870096339400474,0.009125542579727752,0.37351778656126483,0.08630656065749182,-0.10991293356906,0.5355731225296443
2025-07-09,-0.20768957029621066,-0.23207303907385482,0.41222879684418146,-1.8220646769557365,-0.24353401871270314,0.1203155818540434,-0.27202254377083296,-0.1396739729575079,0.2978303747534517,0.0783807817660031,0.019842448400533893,0.5443786982248521,0.7683244121269852,0.10359329295488653,0.8796844181459567,-0.15473162218352576,-0.04549351234135675,0.42011834319526625,0.5609360528297266,0.1137033952305355,0.8244575936883629
2025-07-10,-0.1454613138300906,-0.20320246399260009,0.43700787401574803,-0.37548718170381895,-0.28751840637640846,0.39763779527559057,-0.2325317092513102,-0.17062655172210867,0.32086614173228345,1.616763298207693,0.5521493983362535,0.9763779527559056,-0.03236048971207767,0.05827536539923182,0.4704724409448819,-0.45331590230325236,-0.18143430899532195,0.297244094488189,0.02400025861326202,0.08380234969144436,0.5019685039370079
2025-07-11,-0.29088043254251994,-0.23242845350924005,0.3654223968565815,2.916134988454998,0.7803660585673936,0.9823182711198428,-0.29647966517712243,-0.2125775895404466,0.275049115913556,1.378555387931535,0.8276180615346806,0.9528487229862476,-0.1988540021155485,-0.027434423772361605,0.36345776031434185,1.3381325631465555,0.3250879817186372,0.9332023575638507,-0.3190014822180104,-0.05046559427837388,0.2868369351669941
2025-07-14,-0.2525658808044352,-0.23914092927430514,0.38823529411764707,-0.09905992030623403,0.48722406560951775,0.4725490196078431,-0.3079359267062296,-0.24436370192904094,0.26862745098039215,-1.3587771220851446,0.09881966699473904,0.043137254901960784,-0.24403727989498952,-0.09963537581323757,0.32941176470588235,0.02786858144020387,0.22601484829249277,0.49411764705882355,-0.05557977429471321,-0.052170320950487,0.45294117647058824
2025-07-15,0.5068139178403246,0.009510686430571402,0.7201565557729941,0.7734808269345073,0.5826429860511809,0.6810176125244618,0.31335171638803194,-0.058458562490016686,0.6927592954990215,1.2084319462619417,0.46869042675047323,0.9334637964774951,0.5053748234590949,0.10203469061087324,0.7886497064579256,0.27092800427076213,0.24098590028524924,0.6144814090019569,-0.048182866144309444,-0.05084116934842782,0.45792563600782776
2025-07-16,0.1072767772504774,0.04209938337054007,0.5546875,0.2248664819068771,0.463384151336413,0.55078125,-0.0013623433764261006,-0.03942648945215316,0.46875,-1.0798338812092456,-0.04748434256943296,0.060546875,0.2847501923131561,0.16293985784496753,0.68359375,0.25818610183940394,0.24671930080330082,0.607421875,0.38571423806478095,0.09467729978930842,0.736328125
2025-07-17,0.22118559838214435,0.10179478837440817,0.6042884990253411,0.6023247030978417,0.5096976685902226,0.6393762183235867,-0.37332773930408525,-0.15072690606946387,0.23196881091617932,-0.6628873639564186,-0.2526186830317615,0.15789473684210525,-0.6449846220198869,-0.10636830210998394,0.1364522417153996,0.35640438812832664,0.28328099657830946,0.6666666666666666,-0.40135032693555533,-0.07066524245231282,0.2553606237816764
2025-07-18,0.11732509122485275,0.10697155599122303,0.556420233463035,-0.4418068470673595,0.19252949670436195,0.3715953307392996,-0.029921982976286565,-0.1104585983717381,0.44357976653696496,-0.3066097645330062,-0.2706157101988431,0.31906614785992216,0.5544751838084396,0.1139128598628239,0.8151750972762646,0.2271548668335314,0.26457228666338345,0.585603112840467,0.6700550346711451,0.17624151658883982,0.8443579766536965
2025-07-21,0.7915394527505341,0.33516085491099334,0.8310679611650486,-1.80939670614363,-0.474779237578302,0.12427184466019417,1.0457266305427135,0.27493647793307907,0.9553398058252427,-0.05648029408811428,-0.1992372381619335,0.46990291262135925,0.6560349666274016,0.2946202287843498,0.8563106796116505,-0.16992888051327218,0.11973856427116494,0.41359223300970877,0.5578238742647241,0.3034356358141346,0.8213592233009709
2025-07-22,0.4706950153817623,0.3803389084012497,0.7054263565891473,-1.4469018091641956,-0.7988200947735999,0.16666666666666666,0.20998605015321664,0.2532863353397916,0.6337209302325582,-1.4035846674313008,-0.6006863812517226,0.040697674418604654,0.35757065326833665,0.31560370361234547,0.7131782945736435,-0.07740770003095354,0.05402314283712546,0.4437984496124031,0.49972216200840125,0.3688644778788901,0.7906976744186046
2025-07-23,-0.9937533002879959,-0.07769182782849882,0.12959381044487428,0.33452034756491716,-0.42103994732742767,0.5822050290135397,1.4784159275200945,0.6616628660665593,0.9845261121856866,-0.5201392998667653,-0.5738373541234035,0.21470019342359767,-0.7408457094668295,-0.03654610074737946,0.11605415860735009,-0.6241114204778049,-0.17202171160118462,0.22823984526112184,-1.076009395240459,-0.11276014649422625,0.061895551257253385
2025-07-24,1.1140478759036856,0.3195547400822293,0.8918918918918919,0.9865169009520475,0.048145668765730676,0.7297297297297297,-0.4171545832017389,0.3020570496437933,0.1969111969111969,0.29982772213548764,-0.28261566203710653,0.6833976833976834,0.4611788973462656,0.1293622319505022,0.7683397683397684,-0.06556955000034698,-0.13653765773423876,0.45366795366795365,0.09075928777725367,-0.04492033507039962,0.5424710424710425
2025-07-25,0.21197226521072188,0.28369391512506015,0.5973025048169557,-2.0995410318963525,-0.6677498981216304,0.09248554913294797,-0.6918364779213939,-0.02924079287793574,0.10404624277456648,-0.4483233960206827,-0.3378515733649653,0.2466281310211946,0.5207458624389968,0.25982344211333375,0.7976878612716763,-0.774370973027876,-0.3491487628321179,0.17148362235067438,0.3009393426862475,0.07036622418181608,0.674373795761079
2025-07-28,-1.1271897744251855,-0.18660064805835505,0.10192307692307692,1.3205297208851579,-0.004990025119367747,0.8134615384615385,-1.7686023050878286,-0.6090279636145666,0.013461538461538462,0.6538698738842187,-0.007277757615237329,0.8269230769230769,-0.14124092696198454,0.12613531908822767,0.4,0.4444073177638878,-0.08463006930011602,0.7019230769230769,-0.09590101253504879,0.01494381194286113,0.4153846153846154
2025-07-29,2.317883914917072,0.6482275396001206,0.9788867562380038,-2.378102672573145,-0.7960275742706268,0.0690978886756238,0.4066843741953376,-0.27045718434459853,0.7581573896353166,0.4586730544787385,0.1480391797494213,0.7600767754318618,1.368350613584512,0.5402070839203225,0.9692898272552783,0.7593599699898231,0.19669994379653033,0.7946257197696737,1.4291096082354262,0.48633241070704947,0.9654510556621881
2025-07-30,-0.322628844517893,0.3246087448941161,0.34674329501915707,0.38081112355325664,-0.40374800832933244,0.5938697318007663,-0.7708622198598651,-0.4372588628496874,0.08237547892720307,0.9788891890771805,0.4249891828586744,0.8984674329501916,0.0685236717616502,0.38297927986743174,0.5363984674329502,0.1325943401258034,0.17533140923962137,0.5421455938697318,-0.10780632849757332,0.2882861643055086,0.40804597701149425
2025-07-31,0.3611010271621208,0.336772838983451,0.6653919694072657,-1.2515128206136936,-0.6863362790907862,0.19694072657743786,-0.4399695227953002,-0.4381624161648917,0.19694072657743786,-0.7137199627205602,0.045419467665596236,0.1338432122370937,0.49106144723836803,0.4190066689910772,0.7762906309751434,0.271689085275471,0.2074506345849046,0.6195028680688337,0.4543133789584969,0.343628569189838,0.762906309751434
2025-08-01,3.2377416520518985,1.3037624433396,0.9923664122137404,-3.6967163628950526,-1.6897963070255415,0.011450381679389313,1.4911884285341723,0.20495453206812958,0.9847328244274809,1.0523811399611924,0.38107335843079493,0.9103053435114504,2.734478591958168,1.1908306433134408,0.9961832061068703,2.1771013022270775,0.8640008571322956,0.9847328244274809,3.0583169337353633,1.248524690705013,0.9961832061068703
2025-08-04,-0.7644805962077598,0.6143480968238135,0.18476190476190477,-0.14330527125957362,-1.1742992951035525,0.45904761904761904,-0.0659123485945654,0.11466557184723128,0.4114285714285714,-0.5887703616514193,0.05779211840339027,0.18857142857142858,-0.489816846193051,0.6306148134779437,0.2,-1.6059505453641563,0.040683722966811775,0.03428571428571429,-0.7790085446262358,0.5726802789279302,0.11238095238095239
2025-08-05,-0.034423740262953556,0.3980908177948912,0.48098859315589354,-1.1279293519375204,-1.1588426473815419,0.2224334600760456,0.44282219548695967,0.2240511130604741,0.7832699619771863,-0.23486693204012776,-0.039760898411115735,0.3593155893536122,-0.2068506157473758,0.35145967040283727,0.35361216730038025,0.7070294693277088,0.2627989717537775,0.7775665399239544,0.14106046091672947,0.42880700625753,0.5741444866920152
2025-08-06,-0.07943362550890998,0.23891600336029087,0.45540796963946867,0.898558470828676,-0.4730422746448027,0.7210626185958254,0.5986909606819959,0.34893106226764803,0.8633776091081594,-1.1318605512436652,-0.4037941160219656,0.06072106261859583,-0.07118383376021717,0.21057850234848582,0.44022770398481975,-1.3346615453258321,-0.26968786727275906,0.06261859582542695,-0.5163950140058078,0.11373966616975079,0.19734345351043645
2025-08-07,0.5990325671683454,0.35895485796297577,0.759469696969697,0.7289442024963456,-0.07238011559775329,0.6761363636363636,1.2295684717446247,0.6424768654266403,0.9715909090909091,2.603263899487676,0.5985585558145816,1.0,0.2518886696310954,0.2243485581093557,0.6534090909090909,0.19360483728384376,-0.1152569657538915,0.5700757575757576,0.1504753644659626,0.12598489893515474,0.5795454545454546
2025-08-08,-0.2618623803717126,0.15201577851807968,0.3780718336483932,1.5839199399456316,0.4797199029167083,0.8544423440453687,-0.11704566643472153,0.38930268813951974,0.3780718336483932,0.9341024744395433,0.7104065286895689,0.8922495274102079,-0.6764298692716137,-0.07591091768430075,0.12476370510396975,-1.2283985121558105,-0.48630414788786447,0.07183364839319471,-0.709384155231699,-0.15247145245379645,0.13610586011342155
2025-08-11,-0.10011729773659316,0.06797141976652209,0.44339622641509435,-0.0347961715833794,0.3082145447500124,0.48867924528301887,-0.3239707839234662,0.1515448641185245,0.2679245283018868,0.5893745054129526,0.6700625209306968,0.8075471698113208,0.01777795916596884,-0.044681292067544225,0.5037735849056604,0.08808796643976374,-0.2948401097786551,0.5188679245283019,0.11455337365309878,-0.06346317708483137,0.560377358490566
2025-08-12,-1.8825481548437013,-0.5822017717702189,0.018832391713747645,0.19100158337548345,0.26914355762516945,0.5461393596986818,-0.556461557844464,-0.084457276535805,0.1544256120527307,0.4784950051069681,0.6062066823227873,0.7664783427495292,-1.3054983223680796,-0.464953635501056,0.03389830508474576,-1.2079327769082273,-0.5992043321551792,0.07721280602636535,-0.9519916710039937,-0.35963934172455214,0.07721280602636535
2025-08-13,-0.8550333864335331,-0.673145643324657,0.15977443609022557,-1.4079012963854516,-0.2898713937117042,0.17105263157894737,-0.2592700680326855,-0.14272820703476516,0.3082706766917293,-0.7918494750019877,0.14018796321452903,0.11090225563909774,-0.2612416470267793,-0.3970496393429638,0.3176691729323308,-0.34834677611633774,-0.5155851468088988,0.34022556390977443,0.018856491370412787,-0.23347406402623053,0.49624060150375937
2025-08-14,-0.48243508895240894,-0.6095754585339077,0.2795497185741088,1.4229323581858364,0.2810631902541426,0.8348968105065666,-0.01247556851315379,-0.09931066086089471,0.4652908067542214,0.7249796328197469,0.33511851974960166,0.8480300187617261,-0.13184846066706324,-0.30864924645099695,0.41275797373358347,-0.17219824643353704,-0.40112284668377823,0.41275797373358347,-0.10815212712343047,-0.19170008505863054,0.4052532833020638
2025-08-15,0.05493508531238123,-0.3880719439184781,0.5299625468164794,0.9970084446203475,0.5197116083762109,0.7359550561797753,1.0188358065540188,0.2734048282774098,0.9438202247191011,-2.2074055754140423,-0.5123895119716129,0.00749063670411985,-0.16464795286270928,-0.2606488152549011,0.38202247191011235,0.15530722469960923,-0.21564615622264913,0.5580524344569289,-0.36216322624277536,-0.24852113212001214,0.2696629213483146
2025-08-18,-0.5594110252629185,-0.4451849710332916,0.25794392523364484,0.5659918325127674,0.535138349755063,0.6299065420560748,0.04029786340914888,0.1957025066546562,0.5177570093457944,-0.40980640076999203,-0.4781951415710726,0.27289719626168224,-0.026935850726120036,-0.18274449374530743,0.4766355140186916,0.36841261049830987,-0.020959900648996152,0.6766355140186916,0.1654560362291499,-0.1105287426702915,0.5925233644859813
2025-08-19,1.6310491847820792,0.24689308090516526,0.9533582089552238,-1.7086165808753941,-0.2127799604550893,0.13992537313432835,0.42798344065780847,0.27312948465570697,0.7723880597014925,0.13104993542375576,-0.27511344923946324,0.5876865671641791,0.7335030076171538,0.12267134004217964,0.8731343283582089,0.0245606323747114,-0.005786389641093638,0.4906716417910448,1.0204447658965106,0.26646242685197585,0.9160447761194029
2025-08-20,1.2900262452368636,0.5946041356823981,0.9236499068901304,0.14377770545612367,-0.09392740515135166,0.5288640595903166,0.5719819993940397,0.3727469895684845,0.845437616387337,-0.4279289986118976,-0.3260519656969414,0.2569832402234637,0.4385012811562303,0.22794798708019653,0.7560521415270018,1.2454587414250857,0.4112953207142995,0.9143389199255121,0.7097732502263013,0.4142327013100844,0.8566108007448789
2025-08-21,-0.7787417039659977,0.13682218913293287,0.1821561338289963,2.0745966238994233,0.6289139378655733,0.929368029739777,-0.37813486555241527,0.12245303786151795,0.22862453531598512,-0.42033749142555854,-0.3574804742731471,0.26765799256505574,0.043854857055342755,0.1665836104052453,0.5278810408921933,1.0027657922623205,0.6084521445636398,0.8717472118959108,0.21638337449773581,0.3482829257059682,0.6226765799256505
2025-08-22,-2.428917884287012,-0.7184245020070487,0.0055658627087198514,-0.6084887992642624,0.2164463588222948,0.32838589981447125,-0.5746280690329182,-0.10990733110329406,0.14656771799628943,-0.3757754570544105,-0.3635788018669016,0.29684601113172543,-1.220786243162768,-0.2958730074507592,0.04267161410018553,-1.4876501553465586,-0.09024862207309298,0.04638218923933209,-0.9797439362340303,-0.09439269494069796,0.07235621521335807
2025-08-25,-0.7760584212062096,-0.737635808406769,0.18518518518518517,0.7123533469171788,0.38174868818725616,0.6703703703703704,-0.5282900713355319,-0.24936824451404,0.17222222222222222,0.6463504168455217,-0.02693572896276053,0.8222222222222222,0.2027442381288891,-0.12966725892420977,0.6222222222222222,1.0074137252339403,0.27563882702925147,0.8722222222222222,0.35648877094999265,0.05590112702286555,0.7111111111111111
2025-08-26,-0.9189897529230988,-0.7980871232455456,0.14602587800369685,0.09708269767943797,0.28686002468465016,0.5175600739371534,-0.7438266742029389,-0.4141877210770063,0.08872458410351201,0.594916429431827,0.18034832383543528,0.8096118299445472,0.1366523823599456,-0.04089404516282466,0.5822550831792976,-0.048023208336564704,0.16775148190731276,0.4584103512014787,0.1933161507390157,0.10170613492824894,0.6062846580406654
2025-08-27,-0.008530326756973766,-0.5349015244160218,0.5055350553505535,0.2722680471182595,0.28199603216251995,0.5571955719557196,-0.8625607535997903,-0.563645398584601,0.06088560885608856,-0.9388073707670256,-0.192703574365385,0.08856088560885608,0.1959861656006975,0.03806602509168273,0.6180811808118081,-0.11328089509462967,0.0740740229066653,0.42435424354243545,0.2706245872003482,0.15801228568561537,0.6660516605166051
2025-08-28,0.02655544597013658,-0.34774920095396905,0.5248618784530387,-1.2127974958394436,-0.21626847717146788,0.20626151012891344,0.2923385265159668,-0.27831742355107847,0.6777163904235728,-0.9264176499100677,-0.43727493288027924,0.09023941068139964,0.5601472210795609,0.21209309042097546,0.8213627992633518,0.06219174992718046,0.07011326524683703,0.5082872928176796,0.31272314249413524,0.20958257128845534,0.6887661141804788
2025-08-29,0.7820442329965175,0.02884861036285974,0.8235294117647058,1.8104923274416886,0.45931845769958424,0.8915441176470589,0.05894645930787856,-0.16589612926475947,0.53125,-1.8981062162250415,-0.9242186939952,0.014705882352941176,0.474044245023272,0.2994101419550743,0.7720588235294118,1.0322685006452852,0.3908316770463197,0.8786764705882353,0.8121363447218326,0.41043382909958115,0.8823529411764706
2025-09-02,0.10603713938713422,0.054578120037617896,0.5559633027522936,1.6633587547410877,0.8606652233800854,0.8678899082568807,-0.1688234647061544,-0.16687190774522445,0.363302752293578,-0.39522807608039345,-0.7478884880235979,0.28623853211009176,-0.1830246833855742,0.1385985335081915,0.3669724770642202,2.619597353667263,1.133753569253301,0.9944954128440368,0.08505555686190291,0.3019744050203551,0.5266055045871559
2025-09-03,0.7226010673416091,0.277252435805615,0.8058608058608059,-2.4734453434686143,-0.2507049655694811,0.06593406593406594,0.06328749587112704,-0.09015210653977397,0.5347985347985348,-0.04416976861820515,-0.5133155815551337,0.47802197802197804,0.031003916178350632,0.10273366106491123,0.5164835164835165,-1.2316005279091509,0.3453022035324838,0.07142857142857142,-0.21509068998117653,0.1296193733531779,0.3553113553113553
2025-09-04,-0.7148079258404196,-0.05343435140972985,0.20840950639853748,-1.6643393856935962,-0.7219164389441861,0.14442413162705667,-0.583717827183329,-0.25467401342095897,0.14625228519195613,1.0960770501931143,0.023148629027615608,0.9140767824497258,-0.028039676272888503,0.059142548618978004,0.46617915904936014,-1.4980815076884098,-0.26915903354114734,0.04204753199268738,-0.1219102686519915,0.04577615935145479,0.39853747714808047
2025-09-05,1.1987193745212628,0.363950223900601,0.9124087591240876,-3.2032525184071523,-1.5490284654318414,0.020072992700729927,0.9206799181449455,0.1371106304343425,0.9324817518248175,-0.4324852418978282,-0.1287293279475323,0.25547445255474455,1.0391237062840617,0.3858029345073392,0.9343065693430657,0.9467200074932879,0.13613398013699768,0.8558394160583942,0.9840649514839561,0.35853909006228857,0.9142335766423357
2025-09-08,0.474768064827147,0.4008895042094497,0.7085610200364298,-1.9346966701914807,-1.6775845336850546,0.11475409836065574,1.06185793209972,0.4453597309894683,0.9526411657559198,-0.5148107631629983,-0.257423139686021,0.2185792349726776,0.6119583427399174,0.46118807058486533,0.8469945355191257,0.4118392199795501,0.22803572675118183,0.6867030965391621,0.5243426980061813,0.41380695937691947,0.8014571948998178
2025-09-09,0.20809066215189914,0.3366232235235995,0.5981818181818181,0.9503470493665775,-0.8016073393345107,0.7254545454545455,0.02657149005986348,0.3057636506796001,0.5072727272727273,-0.19116436914462523,-0.2353368828388891,0.4,-0.12838473513296167,0.26466380201225637,0.4109090909090909,-0.6010962528086845,-0.048341599768773585,0.23636363636363636,-0.46789005673367373,0.1199079540067218,0.22545454545454546
2025-09-10,0.47348411103871896,0.3822435193619727,0.7078039927404719,-0.20865736094191828,-0.60395734653698,0.44464609800362975,0.1799234154307035,0.26381690559663457,0.6079854809437386,0.44991521630357945,-0.006919516458066294,0.7495462794918331,0.4299686178623793,0.31976540729563063,0.7495462794918331,0.560440739281421,0.15458584658129126,0.7404718693284936,0.3170989157614818,0.1856382745916418,0.6896551724137931
2025-09-11,-0.5691456010899172,0.0651138125446761,0.25181159420289856,-0.6467512373910174,-0.6182219768216591,0.32065217391304346,0.11698449321505344,0.21487276813610753,0.5597826086956522,0.02904503004042913,0.005068665708098846,0.519927536231884,-0.4754751161832298,0.054685232802677175,0.20652173913043478,-1.380522348404316,-0.3571168850805778,0.057971014492753624,-0.8172748013169867,-0.1486660840445677,0.09963768115942029
2025-09-12,-0.24902781002620467,-0.039600061645617475,0.38698010849909587,1.323393320720292,0.028983122358991142,0.8155515370705244,0.10237113278156562,0.17737222301792693,0.5515370705244123,0.5232721450934683,0.17780315883655534,0.7920433996383364,-0.4506319181430559,-0.11375381751256719,0.21338155515370705,0.49954076860907703,-0.07156433385069291,0.7088607594936709,-0.4817405535068614,-0.2596909071986656,0.2224231464737794
2025-09-15,-1.1428981228819075,-0.40736608205771413,0.09747292418772563,0.37567010343822194,0.1445454493854014,0.5938628158844765,0.5823570273837266,0.3123671578065268,0.8501805054151624,-0.10867109404483544,0.0823117412094251,0.4368231046931408,0.018331125790839176,-0.06972550307809841,0.5036101083032491,0.21122510801289718,0.022698813437170444,0.5794223826714802,-0.4790067614376024,-0.3327961919449779,0.22382671480144403
2025-09-16,0.4151974529286283,-0.13317823706226672,0.6810810810810811,0.45524349605854686,0.24811146494311653,0.6144144144144145,0.2993622199538839,0.3080321785223125,0.6810810810810811,-0.34625785007643417,-0.06054478921919464,0.3099099099099099,0.6761315566024327,0.17889351681541196,0.863063063063063,1.003480680206315,0.34962610236021857,0.8702702702702703,0.5614093849421828,-0.03472766631592433,0.827027027027027
2025-09-17,0.44124856113488964,0.05829736233678538,0.6960431654676259,0.26322641994893886,0.25314978327839066,0.5557553956834532,-0.14902344868281864,0.15568030278726883,0.36510791366906475,-1.174399171162316,-0.4318295832002351,0.05935251798561151,-0.609937552868504,-0.08405017307922669,0.14388489208633093,-0.3158764679515218,0.12779191225630515,0.3471223021582734,-0.19983583389446324,-0.0897637221754373,0.36330935251798563
2025-09-18,-2.055641428438811,-0.64634890125508,0.01436265709156194,1.517349531398704,0.6745496993184952,0.8438061041292639,-1.4646023669978911,-0.3844139204744511,0.01615798922800718,1.5170989874559446,0.21781327368515807,0.9712746858168761,-1.8009606812053693,-0.6563536757879409,0.017953321364452424,-0.3910046360542936,-0.045140270513894395,0.31597845601436264,-1.4147509264898024,-0.531426123613559,0.03052064631956912
2025-09-19,0.02578896939844616,-0.42230294437057136,0.5197132616487455,-0.21634722041182697,0.3775840594083879,0.43189964157706096,-0.500913246694176,-0.42324702921435947,0.1774193548387097,-1.03098659748306,-0.1984533500375813,0.07347670250896057,0.2420099951176406,-0.35689911881941383,0.6523297491039427,-0.7125112087236902,-0.26759724991715966,0.1917562724014337,-0.3057774455900496,-0.45620989760572256,0.2939068100358423
2025-09-22,-0.9876262754331329,-0.6107440547247585,0.13059033989266547,0.05014167423058202,0.26843659768245265,0.5098389982110912,0.10315570770265681,-0.24777945024202075,0.552772808586762,0.7271312288102436,0.11007484291169364,0.851520572450805,-0.08471459802010073,-0.2661709452196428,0.4293381037567084,0.12104329204752584,-0.13805040259559784,0.5313059033989267,-0.6081871407312837,-0.5068689786475763,0.16100178890876565
2025-09-23,1.6450756855258981,0.14119585869212697,0.9553571428571429,-0.4483673547370227,0.02950194687596089,0.36964285714285716,0.377329922790478,-0.03940965923118786,0.7482142857142857,0.7498235704104181,0.3233244187446018,0.8553571428571428,0.9018881529412114,0.12318208750064188,0.9107142857142857,2.026049538822646,0.5833162445438168,0.975,1.2451759242265266,0.0771459889771246,0.9464285714285714
2025-09-24,0.08395040294009987,0.12211404010811795,0.5436720142602496,1.5756251398979817,0.5448763445499678,0.8502673796791443,-0.1806548079881518,-0.08649137548350919,0.35294117647058826,0.4423318700532554,0.3629935691808197,0.7433155080213903,-0.13929276163892879,0.03569047112078501,0.39928698752228164,0.19104573164810357,0.45255940691191243,0.5704099821746881,0.04124085893046736,0.06517761229490553,0.5080213903743316
2025-09-25,0.5933521161218902,0.2791933987793754,0.7597864768683275,0.2377688251160235,0.44250717140531975,0.5533807829181495,-0.0053811347911947305,-0.05945462858607104,0.4679715302491103,1.0062864316727615,0.5774245233448003,0.9039145907473309,0.007344393099835811,0.02624177844713528,0.49644128113879005,1.1585043794298238,0.6878743977512163,0.8985765124555161,0.3120560937877216,0.14747043945917754,0.6868327402135231
2025-09-26,-0.8397202264506464,-0.09377780963063184,0.16341030195381884,0.12285984307273447,0.3359580619611247,0.5168738898756661,-0.31898192704401657,-0.14596372807205288,0.2699822380106572,-0.6316188629406208,0.17441006124966002,0.17584369449378331,-0.7480136763191063,-0.2318433731416119,0.108348134991119,-0.1312807890875597,0.41482266880495766,0.4191829484902309,-0.9182806479738523,-0.20777992301849904,0.08170515097690942
2025-09-29,0.6277182149103587,0.146720865216365,0.7783687943262412,-2.2920007612820523,-0.5400282124532676,0.07801418439716312,0.5742667204131635,0.0941130880896859,0.849290780141844,-0.5690776703225403,-0.07341918260774007,0.19680851063829788,0.5478657996877805,0.02805968446818552,0.8102836879432624,-0.40421878799362165,0.1418088498720979,0.30851063829787234,0.1914791055719185,-0.07469358015502656,0.601063829787234
2025-09-30,0.37239035136820864,0.22194402726697954,0.6690265486725664,0.556558545970481,-0.17449929297868474,0.6300884955752213,0.34488853031089584,0.17770490216342255,0.720353982300885,1.72486015167304,0.5260072621525199,0.9858407079646018,0.12260837323003942,0.05957591405547015,0.5699115044247788,0.019112323044237878,0.10091000759614457,0.4814159292035398,-0.1493245466406947,-0.0995705689835826,0.384070796460177
2025-10-01,-0.20679439226585455,0.07903122075603487,0.4098939929328622,-0.368032081073703,-0.23901022234369085,0.39399293286219084,0.7078089905785409,0.35440626496846195,0.8833922261484098,1.7806453368869684,0.9442199537306695,0.9858657243816255,0.4752422651473044,0.1981313644194149,0.7720848056537103,-0.4583818982110304,-0.08552062767291373,0.284452296819788,0.2106298446282706,0.0038295688870351174,0.6183745583038869
2025-10-02,0.14364003808849113,0.10056749320018696,0.5767195767195767,-1.2272214248487792,-0.5684139565120536,0.20282186948853614,-0.1196555949939442,0.19638564498099326,0.37918871252204583,0.21219395576524458,0.7002112877421945,0.6349206349206349,0.2898131770768636,0.2286919686385645,0.6807760141093474,-0.5306048261021383,-0.2338820271493219,0.26278659611992944,0.23112039985146876,0.079593179208513,0.6349206349206349
2025-10-03,0.07993187405530378,0.0936889534852259,0.5404929577464789,0.8820665534164039,-0.0849204532025678,0.7200704225352113,0.7837074909353727,0.39215959363245306,0.8996478873239436,-0.19145724401430508,0.4029884438233614,0.3961267605633803,-0.5913382137884169,-0.04465142550376261,0.15669014084507044,0.7666046627028515,0.09961353613473586,0.7975352112676056,-0.2676168150688989,-0.036143485550624285,0.31514084507042256
2025-10-06,-1.6819633720621519,-0.49819515503056666,0.03866432337434095,2.277467815863773,0.7025423031528791,0.9560632688927944,-0.1984335591229187,0.19529520938066253,0.335676625659051,0.6534234770268198,0.4864667882245142,0.8189806678383128,-0.9471124683835677,-0.34547177313036426,0.0773286467486819,1.2939593349867344,0.49772880241873535,0.9226713532513181,-0.8456638606674786,-0.30598361058957574,0.08963093145869948
2025-10-07,2.6232465862520886,0.5422854253969851,0.987719298245614,-0.09577695210210924,0.43643588473454975,0.4666666666666667,-0.36800870304798905,0.0075272385711120104,0.24035087719298245,-0.41093463111944195,0.18733298177652888,0.2754385964912281,0.996194673875759,0.10175037587167676,0.9333333333333333,0.8787997551011981,0.6247524533128896,0.8280701754385965,1.1105070147941098,0.16617993120498611,0.9315789473684211
2025-10-08,-0.8495346763525113,0.07834539148048636,0.1628721541155867,0.5508378686639127,0.4745698793776708,0.6287215411558669,-0.45408992038329943,-0.14634514774702512,0.18388791593695272,0.8394017212461274,0.4046892282663951,0.8704028021015762,0.6114843073091649,0.2716616863508395,0.8458844133099825,0.16985157456552047,0.4731188270637666,0.5621716287215411,0.14408393472371733,0.1588145990445632,0.5726795096322241
2025-10-09,0.838902334763989,0.33186437257498724,0.8479020979020979,-0.6590880140496171,0.0966839149019082,0.30594405594405594,-0.7763503937619385,-0.3563468964186629,0.07692307692307693,-0.44648508240689627,0.12096445804196468,0.2517482517482518,0.558821547559219,0.367381640086966,0.8181818181818182,-0.8759966276233269,0.023413675501402165,0.16258741258741258,0.6777799582062332,0.3318030520984532,0.8461538461538461
2025-10-10,3.9471526145196716,1.5369604532232153,0.9982547993019197,-4.506108252972696,-1.4375801410562932,0.005235602094240838,-0.14870712281881904,-0.2871336385520483,0.3699825479930192,-0.25734087259833194,-0.005137318838134175,0.35602094240837695,3.6404728607518093,1.458412046975247,0.9982547993019197,1.5653941420342583,0.5374071643456876,0.9581151832460733,3.6404728607518093,1.4346929883162387,0.9965095986038395
2025-10-13,-2.4549154811572724,0.206335141763053,0.005226480836236934,0.9641061828611897,-0.6370180330837991,0.7299651567944251,-0.2198721362923184,-0.264713137798805,0.32752613240418116,0.7645567576425714,0.25142737332210097,0.8554006968641115,-1.7924064334081997,0.37480588684743166,0.01916376306620209,-0.546560499856751,0.17608460961154143,0.25261324041811845,-1.955351719801965,0.30467808561017096,0.0156794425087108
2025-10-14,0.8186855152143803,0.4104519329134954,0.8382608695652174,-1.2415897099324607,-0.8385419253666864,0.19826086956521738,-0.5350536022884598,-0.3548266259620233,0.16695652173913045,-1.0540163097124002,-0.1837205210227327,0.06956521739130435,-0.458718283994783,0.09696449656669348,0.21391304347826087,0.30595100228054556,0.21937340716787615,0.6469565217391304,0.3697214071201962,0.3263591927801794,0.7234782608695652
2025-10-15,-0.43899978425664066,0.1273013605234501,0.3142361111111111,0.7810472620406648,-0.2986788628975694,0.6909722222222222,0.46443435143687417,-0.08173963349572416,0.7986111111111112,1.460203536112199,0.36425416468891114,0.9618055555555556,-0.4243142878825962,-0.07679509824973638,0.2326388888888889,-0.5356815266113665,-0.03231157075853805,0.2552083333333333,-1.1113007173248048,-0.15286077725481528,0.052083333333333336
2025-10-16,1.3897325328918615,0.5481117513129206,0.9341421143847487,-1.301200815611279,-0.6328528471354726,0.18197573656845753,2.0612471960563057,0.6325893096882858,0.9982668977469671,1.0785103000047878,0.6023395431275367,0.9098786828422877,2.6942238578603637,0.846877887120297,0.9930675909878682,0.9641353083897192,0.29983738895754763,0.8596187175043327,2.0664266916945255,0.586901712394965,0.9809358752166378
2025-10-17,0.7569265410102209,0.6177166812120207,0.8079584775086506,0.3942419066002535,-0.290487929223564,0.6072664359861591,-0.16759882166975779,0.36585993256893795,0.36505190311418684,-0.05126354893569063,0.38447184577312765,0.4740484429065744,-1.1788438868666973,0.17163729579129905,0.04844290657439446,-1.7543456510540962,-0.38489029104633365,0.02422145328719723,-1.078846815617485,0.031652203057481676,0.05709342560553633
2025-10-20,-0.8908504555943202,0.1148609689432405,0.15198618307426598,0.06722417531276098,-0.171250561044789,0.5129533678756477,-0.18475467833406056,0.18232172893460516,0.35233160621761656,-0.5137593974921537,0.08506143135136723,0.21761658031088082,-0.7538259408201247,-0.13685044974584215,0.11053540587219343,0.2759496713807472,-0.16461030357064008,0.6217616580310881,-0.7127697543762586,-0.21648844942043174,0.13989637305699482
2025-10-21,-0.32687966451740197,-0.03238590887697365,0.34655172413793106,-0.9831948785527613,-0.4418986668807798,0.24655172413793103,-1.2123065107503206,-0.28255435096037007,0.029310344827586206,-1.2110927499260447,-0.34698996240777,0.056896551724137934,0.6812359115716884,0.135845004026668,0.8620689655172413,-0.45585972880856673,-0.26169344531661565,0.2896551724137931,0.7592137931505554,0.10874563143656393,0.8706896551724138
2025-10-22,1.471585894716107,0.4689380256540532,0.9449225473321858,1.6305082572870686,0.24890364117516955,0.8709122203098106,1.085137938376177,0.17334307881847894,0.9535283993115319,-0.021374335736727534,-0.2384514201840892,0.49225473321858865,0.07440501887048098,0.11536500897460567,0.5473321858864028,0.8337082004062609,0.10344043659100982,0.8123924268502581,0.3070432632250759,0.1748448420327346,0.6798623063683304
2025-10-23,-1.5956218550428714,-0.21924860124492157,0.041237113402061855,2.590908962028447,1.0295720814595952,0.9707903780068728,-0.16112768513027087,0.061852824168895676,0.3694158075601375,0.09339494694403161,-0.12783596447471562,0.5584192439862543,-1.3473051192508918,-0.37219170043389344,0.03264604810996564,0.9954517986338595,0.40077755727195974,0.8642611683848798,-1.6702164631328267,-0.44017559302245246,0.02577319587628866
2025-10-24,-0.4940691801001248,-0.31085546086332266,0.27958833619210977,0.2789499290589938,0.7793646973260615,0.5608919382504288,-0.6371260205256664,-0.171140124062625,0.12006861063464837,-0.012507026868827875,-0.08939298527275305,0.4957118353344768,-0.6721263211915673,-0.4721699073531181,0.13036020583190394,-0.8479909245857753,-0.015478603347285236,0.16295025728987994,-0.6709023506107755,-0.5170845122185602,0.15265866209262435
2025-10-27,-0.30762022722233007,-0.30977704964965846,0.3544520547945205,-0.6952760040524959,0.28781779686654246,0.2996575342465753,0.1507012649671975,-0.06385966105268417,0.5958904109589042,0.7898117735578417,0.20367526767077848,0.8613013698630136,-0.560571649751431,-0.5016371548192224,0.17294520547945205,-2.187810117474994,-0.7395891080565214,0.008561643835616438,-1.0961835057020568,-0.7101175100463923,0.05650684931506849
2025-10-28,-0.1928141799229709,-0.2707894264074293,0.4170940170940171,-0.7833980106029972,-0.0692541389566374,0.28205128205128205,0.04954832573243412,-0.02605699879097808,0.5264957264957265,0.7567943898680534,0.3880483084032034,0.8495726495726496,0.5596156769603813,-0.1478862108926879,0.8170940170940171,-1.0420926588589343,-0.8404236249906591,0.11623931623931624,0.40443574116827535,-0.33859975964150313,0.7401709401709402
2025-10-29,-1.472269749126377,-0.6712828673137452,0.05460750853242321,2.284136894972412,0.7152095390197123,0.9556313993174061,-0.08251397979694397,-0.044875992459633376,0.4044368600682594,2.1220244857934523,0.9660403675332865,0.9914675767918089,-1.0438487851673701,-0.44654040231758196,0.06484641638225255,0.12743863588633042,-0.517802871364996,0.5341296928327645,-1.3577965930267595,-0.6783320374365887,0.03754266211604096
2025-10-30,1.0092800864039153,-0.1110952160745251,0.8671209540034072,0.8790032223520496,0.7698074334638247,0.7189097103918228,0.1605037657131927,0.02358392693130864,0.6030664395229983,-0.21576035676971983,0.5721067927656178,0.3781942078364566,0.2542163732105487,-0.2129548104748718,0.6592844974446337,1.852055794155709,0.2721500171419055,0.9659284497444633,0.8843034150083243,-0.15745355328828436,0.9028960817717206
2025-10-31,-1.7485674206535144,-0.6569192842675216,0.03231292517006803,1.0051430281950464,0.8482526317075654,0.7448979591836735,-0.8809462661718737,-0.27792613743641875,0.05782312925170068,-1.3278538903186576,-0.06121343492914061,0.04591836734693878,0.5095829282794604,0.02789110244323889,0.7857142857142857,-0.20773153207345607,0.11218950073678499,0.39965986394557823,0.44682125838260817,0.04397138393534647,0.7585034013605442
2025-11-03,-0.8946708770613637,-0.7361698151988023,0.15449915110356535,1.318393498555963,1.0049662539903648,0.8132427843803056,0.4769558515965705,-0.026298807758755705,0.8064516129032258,0.3562135494716574,0.07792889320445873,0.6960950764006791,0.44334091840034,0.16637437442893926,0.7504244482173175,-0.22384934112044502,0.0001765534510416722,0.3938879456706282,0.44970660540428115,0.1792164577583247,0.7623089983022071
2025-11-04,2.0770191498139914,0.20155983980546216,0.9728813559322034,-1.4876121908019533,0.1741067723929255,0.1576271186440678,-0.3609591157222738,-0.13785224374659508,0.24745762711864408,0.44094799391206463,0.19893526010699403,0.735593220338983,0.3582217222940804,0.2303234903839863,0.7084745762711865,0.5902056955468846,0.19685293414965596,0.7423728813559322,0.8833972801583608,0.41394339855833673,0.9016949152542373
2025-11-05,-1.9374448279712335,-0.511441716120103,0.01692047377326565,2.5791699492869395,0.9757944980242634,0.9695431472081218,0.08142438099169158,-0.06476003550049954,0.5414551607445008,0.5177476080057114,0.3052060427398998,0.7749576988155669,-1.9170564345630114,-0.4854698179316796,0.015228426395939087,-0.8298439173828038,-0.14537934969449726,0.16751269035532995,-1.7831822917619813,-0.31843183154843585,0.023688663282571912
2025-11-06,2.2692755577566532,0.4154640418388157,0.972972972972973,-2.053229105288123,-0.03388003641319859,0.09797297297297297,0.9539134960954535,0.2747978083648181,0.9358108108108109,0.17486634681634783,0.2617594774320492,0.6182432432432432,1.3320717265704278,0.12037736356902284,0.964527027027027,0.9617393738167972,0.22366022480926753,0.8581081081081081,1.7641950261913206,0.375777121031483,0.9797297297297297
2025-11-07,0.635879576747157,0.48893588680826283,0.7723440134907251,0.7779870894420416,0.23674233887188145,0.6863406408094435,-0.11911930734807097,0.14349210312718844,0.38785834738617203,-0.8797249205257145,-0.11873532188720531,0.09949409780775717,-0.13628163120173942,0.034824365312102104,0.40472175379426645,0.26291519880822456,0.23674521614225325,0.6104553119730185,0.15277221598790663,0.30144215268362423,0.5733558178752108
2025-11-10,-1.1726914640061703,-0.06493989679654816,0.09764309764309764,1.3038778489028107,0.5924541755488578,0.8114478114478114,0.37568185426181677,0.2208886868387312,0.7474747474747475,0.3842576468299814,0.04892900101852357,0.7070707070707071,-1.2275909563460874,-0.38598074190729437,0.045454545454545456,-1.1580742639413075,-0.228194610552267,0.08922558922558922,-1.8110093825842868,-0.40270835907234603,0.02356902356902357
2025-11-11,1.1849244404323407,0.3516815489464148,0.9058823529411765,-0.04131752414149703,0.3811969423187396,0.47394957983193275,0.5474468647274092,0.3297414128016239,0.8369747899159664,-0.9401611660692767,-0.28076772134407646,0.0907563025210084,0.4525781757539715,-0.10646110268687245,0.7546218487394958,0.003613634336535637,-0.15092519558933282,0.4756302521008403,0.4342124886467409,-0.12373474316598376,0.7495798319327731
2025-11-12,0.5310544099718482,0.41147250262155927,0.7315436241610739,-1.452552748377765,-0.23005295458009523,0.1644295302013423,0.6141500017229221,0.42454427577539,0.8657718120805369,1.2058406191773066,0.21476839216305116,0.9295302013422819,0.3665340380604907,0.05120394422891525,0.7114093959731543,-0.6165532708659542,-0.3061345540148733,0.2332214765100671,0.42031077900495595,0.05761376422432947,0.7416107382550335
2025-11-13,1.586559278977964,0.8031680947403608,0.9447236180904522,1.1655571010170045,0.23515039728560463,0.7755443886097152,0.730931626795067,0.526673392781949,0.8860971524288107,0.35505222201946074,0.26152966878185435,0.6917922948073701,0.2003553075240727,0.10092106532730108,0.6130653266331658,1.3494733655953435,0.24573475252186563,0.9346733668341709,0.7463477261759495,0.28719175154153614,0.8609715242881072
2025-11-14,-0.37082977144984053,0.4118354726769604,0.3411371237458194,1.807187264971524,0.7591626865142443,0.8929765886287625,-0.2556345892419302,0.265904065440656,0.3060200668896321,-0.27541916182118226,0.08254672524750883,0.342809364548495,-0.48346422048388465,-0.09387402994309416,0.20903010033444816,0.1963639461467057,0.229277817063479,0.5735785953177257,-0.3848427345775674,0.06318025616850165,0.2625418060200669
2025-11-17,1.0493954532556125,0.6243554662031778,0.8714524207011686,-0.7409563082478723,0.2591230215935389,0.2921535893155259,-0.2594362911137609,0.09079061325585039,0.3021702838063439,0.762032116022548,0.30904185550585517,0.8514190317195326,1.3373095361559275,0.3831871587565797,0.9649415692821369,0.6471230977559828,0.36855957729431355,0.7529215358931552,1.0023592117833744,0.37623990804012586,0.9131886477462438
2025-11-18,0.9376990094884665,0.7288033139649408,0.8516666666666667,0.3220129941683033,0.28008634578512703,0.5733333333333334,-0.9729640880497998,-0.26379428717936637,0.05,-0.8874706236308498,-0.08979563753971312,0.1,0.2377011682372236,0.334691828583461,0.64,1.5773364738383102,0.7714852094756457,0.9583333333333334,0.8737632222998386,0.5420810127933635,0.8966666666666666
2025-11-19,-0.7368987713440951,0.24023595219526223,0.20133111480865223,-0.33534030833337675,0.07494412774562581,0.39434276206322794,-0.6228874023172614,-0.38349199222533137,0.12479201331114809,1.1543960039931231,0.32493490963789895,0.9151414309484193,-0.7071424966059588,-0.012586279813012219,0.12312811980033278,-0.8765990930757428,0.22212377529184968,0.16139767054908485,-0.6004464370548259,0.16123852951063372,0.17637271214642264
2025-11-20,2.212114259658091,0.8975287213495385,0.9717607973421927,-1.8894853630976964,-0.5798657025354815,0.11295681063122924,-0.07077269189988966,-0.2792522254501842,0.420265780730897,-0.4816567320520284,0.056071029074589857,0.23421926910299004,0.8335692643394838,0.26946556823781975,0.893687707641196,1.232799784498766,0.5590157783608218,0.9102990033222591,1.478265967316768,0.6002476754460118,0.9634551495016611
2025-11-21,-1.0023257705578756,0.2642438907137339,0.12437810945273632,-0.7759713618473087,-0.6452342556394239,0.28524046434494194,-0.5359924188895318,-0.36483228992996675,0.16417910447761194,-0.6326157240558544,-0.17349122196889155,0.17412935323383086,-0.4412644026084498,0.03255557795572994,0.23051409618573798,-1.4513092557408867,-0.11109256633974762,0.04975124378109453,-0.13148161754619303,0.35633791111527685,0.3946932006633499
2025-11-24,-1.6273197759819145,-0.36627733151814884,0.04304635761589404,-1.1286538165742992,-0.8063741092843824,0.22019867549668873,-1.1022094675046041,-0.6106246824548459,0.0347682119205298,0.8985925284110516,0.18387002815775616,0.8841059602649006,-0.3629971048222479,-0.09929531630359599,0.2682119205298013,-0.8264213924762434,-0.3495355083852462,0.17052980132450332,-0.9317941728530481,-0.07303945020749808,0.08774834437086093
2025-11-25,-0.5895255607644379,-0.44069340793357853,0.256198347107438,-0.5001520052773893,-0.7043000746153848,0.3603305785123967,-0.2633834359765741,-0.494877600295422,0.30578512396694213,-1.1040513625321566,-0.24543710207221475,0.0628099173553719,-0.5028351702319535,-0.2338086009463818,0.1933884297520661,-1.0717386266202358,-0.5902698811302427,0.10909090909090909,-0.27722886954998305,-0.14110258998832642,0.31074380165289256
2025-11-26,0.4771216918529497,-0.13475504133806918,0.7029702970297029,0.797340839257882,-0.20375310332429597,0.6947194719471947,0.49276185261623406,-0.16566444932487,0.8085808580858086,1.1630732081259116,0.224066334660494,0.9158415841584159,-0.2173583396702796,-0.22832518052101441,0.3415841584158416,-0.24753016354883695,-0.4760233086031075,0.3844884488448845,-0.542603472462881,-0.2749362174798446,0.18976897689768976
2025-11-28,-0.5270213609173873,-0.2655104811978419,0.2800658978583196,1.351535402301517,0.31467639855097496,0.8220757825370676,-0.011460821462490944,-0.11426324003741034,0.471169686985173,-0.38224856072827507,0.02196136953090433,0.29489291598023065,-0.5805409006834898,-0.3457304205751729,0.16474464579901152,0.011807500267400961,-0.3134130389796047,0.4794069192751236,-0.8220412275383134,-0.45730455416600085,0.10873146622734761
2025-12-01,-0.6813444747367967,-0.4041218123774935,0.22697368421052633,3.0788973144630516,1.236083370521667,0.9917763157894737,0.2442549213658205,0.005242813763666587,0.6661184210526315,0.18962486854205562,0.07784920253462142,0.6217105263157895,-1.4561420047897196,-0.7158676153133552,0.029605263157894735,0.15265146972747934,-0.15805820274391005,0.5542763157894737,-0.9902520395258856,-0.6349537159526291,0.07401315789473684
2025-12-02,-0.24690923224291428,-0.3517176189993005,0.3957307060755337,-0.35252223420966783,0.7065481689445554,0.39408866995073893,0.20698501281488352,0.07249021344740555,0.6354679802955665,0.1123641255580552,0.08935417687576602,0.5648604269293924,0.07663323197283728,-0.45170066621795774,0.548440065681445,-0.42311468204887537,-0.24641036251223183,0.3070607553366174,-0.07109368741982769,-0.447000373108362,0.44499178981937604
2025-12-03,-0.7755856275852603,-0.4930069551946204,0.19344262295081968,-0.4203430154000817,0.3309177741630098,0.380327868852459,-0.43205822443826725,-0.09569259918115203,0.20163934426229507,-0.7039079074338175,-0.17506651789409514,0.14098360655737704,-0.014677131803599086,-0.30602615474650485,0.48360655737704916,-0.08234172288548688,-0.19172081596998353,0.43934426229508194,0.29859784685763985,-0.19846763311969473,0.6672131147540984
2025-12-04,-0.9389904269783479,-0.641668112455863,0.14566284779050737,1.8378950494877722,0.8332435326045973,0.8985270049099836,-0.14206509533662331,-0.11115009789964247,0.37643207855973815,-1.4236828874822924,-0.5912719744234942,0.03600654664484452,-1.1850245700422084,-0.5990256265117394,0.05073649754500818,0.7301508347707181,0.115569734276917,0.7806873977086743,-1.113661051418266,-0.5035321058858853,0.05564648117839607
2025-12-05,-0.4201443507793094,-0.5678268585636785,0.3284313725490196,1.3774052522969757,1.014630772502057,0.8284313725490197,0.3525239977218515,0.043407933974188836,0.7303921568627451,-0.3572722133322985,-0.5132720540597624,0.3088235294117647,-0.6333542633152347,-0.6104685054462379,0.14705882352941177,-0.36778851630503157,-0.045549682583732515,0.3284313725490196,-0.7316189707188446,-0.5795610608302051,0.1437908496732026
2025-12-08,-0.19321860497947518,-0.4429574407022775,0.42414355628058725,-0.16003858964963114,0.6230743184514943,0.4469820554649266,-0.13013325792542196,-0.014439129992348095,0.38499184339314846,0.206192491169236,-0.27345053898342964,0.6313213703099511,-0.25172412445993464,-0.49088704511747017,0.32463295269168024,0.16225271354216309,0.023717782791566014,0.5611745513866232,-0.02573979536638704,-0.39495397234226576,0.47145187601957583
2025-12-09,0.23565123745042632,-0.2167545479847096,0.6123778501628665,-0.45922496761657133,0.26230788976213915,0.36319218241042345,-0.19324509292547856,-0.07404111763672491,0.34527687296416937,-0.6396553714165074,-0.39551881646112225,0.1742671009771987,-0.19385301484579837,-0.3918757016935796,0.36644951140065146,-0.11524958578102243,-0.0226046733992968,0.4250814332247557,-0.17777075484814775,-0.3225595665108931,0.3778501628664495
2025-12-10,-0.49879415097904267,-0.31076774898282067,0.2845528455284553,-0.4059630199410572,0.0395509198610737,0.3821138211382114,0.5192187938482358,0.12371218619159531,0.8276422764227642,0.3774313391173918,-0.13786876460161762,0.7073170731707317,-0.4490067589582647,-0.41091938744847467,0.22926829268292684,-0.26177788912517613,-0.10232907864125658,0.3772357723577236,-0.03664468153220768,-0.22725460485133134,0.4634146341463415
2025-12-11,-0.1642744894375177,-0.2619366624677197,0.4366883116883117,0.07971592438932643,0.052939254703824615,0.512987012987013,-0.28590252779804187,-0.012826051804950403,0.2840909090909091,-0.6074511233910488,-0.294396217531428,0.18668831168831168,0.1546064690535846,-0.22241076861445497,0.5892857142857143,0.10604161061962827,-0.032872182220961645,0.525974025974026,0.1739669376390718,-0.09351409068786365,0.5892857142857143
2025-12-12,0.07834501373007197,-0.14850943706845582,0.5429497568881686,1.868434601215479,0.6581043702077094,0.9043760129659644,0.349770945577317,0.10803961398913874,0.7260940032414911,-1.2194139160917739,-0.6027354503848766,0.05672609400324149,0.005465396214537233,-0.14645204700479092,0.4991896272285251,1.142817323419333,0.3590243196591366,0.8962722852512156,0.3792028788523516,0.06405823249220807,0.7293354943273906
2025-12-15,0.23247093441647143,-0.02151597990681342,0.6132686084142395,-0.7290997580840581,0.19570299411045364,0.2912621359223301,0.8601545022014572,0.3587445767265782,0.919093851132686,1.5248255361191647,0.10645154511647037,0.9692556634304207,0.053206581565736766,-0.07989917081461503,0.5355987055016181,-0.27394002061862,0.14803620623321778,0.3705501618122977,0.17684012465337734,0.10165219654593116,0.5889967637540453
2025-12-16,0.3367193226115066,0.09789578759929325,0.6526655896607432,-2.198263826771334,-0.6022859461834755,0.0791599353796446,-0.4083910529622129,0.1030327001636479,0.21163166397415187,-0.9639781099145551,-0.25035833989387146,0.0888529886914378,0.8057833830804397,0.2153283471504032,0.8869143780290791,-0.2958788296446588,6.452760725893236e-05,0.3570274636510501,0.8389526518873726,0.3474190149930783,0.8869143780290791
2025-12-17,1.1439635052614427,0.4465850268200098,0.9,0.748461492652068,-0.15203679990496108,0.6741935483870968,0.14988959573521055,0.1186516653541688,0.5951612903225807,-1.1642080095856286,-0.5549748964577905,0.06129032258064516,0.1315675278752215,0.187408074058676,0.582258064516129,1.7879867584055789,0.5960386045400322,0.9661290322580646,0.673128259542225,0.45598876317612724,0.8387096774193549
2025-12-18,-0.7630094080579486,0.04338688186069034,0.1964573268921095,-1.1441995460204566,-0.4827577152767929,0.214170692431562,0.3749837134079105,0.20409568137208267,0.7471819645732689,0.16559172247903353,-0.3147860234788492,0.6135265700483091,0.1000831893811045,0.15829977916615218,0.5684380032206119,-0.816488448916537,0.12519625338784252,0.16908212560386474,-0.16142246039095387,0.25018502198710024,0.38003220611916266
2025-12-19,-0.8348338183045976,-0.24935335152773894,0.1720257234726688,1.0360183864170196,0.023500985287811194,0.7491961414790996,-0.05284204446432572,0.11844977275994656,0.43086816720257237,0.25438152008381687,-0.12506350895796053,0.6495176848874598,-0.4712437781510024,-0.05154807327289933,0.21864951768488747,-0.0951907810473005,0.051733908576128196,0.4340836012861736,-0.9143058150246164,-0.13797859035013862,0.0932475884244373
2025-12-22,-1.0878404395190624,-0.5288490475248467,0.11075441412520064,0.8020083030956009,0.2830034245570744,0.6934189406099518,-0.12937819348274726,0.035840450679048626,0.3852327447833066,-0.4631115708189987,-0.23774619624497323,0.24879614767255218,-0.6502572131959405,-0.25111778658057976,0.13804173354735153,0.9801274898402993,0.3611984356641852,0.8603531300160514,-0.8013822585116683,-0.35911314640398184,0.12038523274478331
2025-12-23,0.17759837540921428,-0.29336657321349313,0.5865384615384616,0.7030053254888042,0.42300405820098436,0.6650641025641025,0.8213277363022209,0.2976695458867727,0.905448717948718,1.024828371625631,0.18311199304522813,0.9006410256410257,-0.2605968513757011,-0.25427747484562024,0.32371794871794873,-0.06292792814552156,0.21982298106094963,0.4551282051282051,-0.5900124859567276,-0.4360795929215638,0.1842948717948718
2025-12-24,0.9301693596842786,0.11447873775243073,0.8528,-1.3978768363056826,-0.1839562399679046,0.1664,-0.23352061293311005,0.12060615961347847,0.3216,-0.14768078433110657,0.07284773391978325,0.4256,0.27593354602606623,-0.07754046788839145,0.6768,-0.5119580124614681,-0.02410401677985624,0.2704,0.15366505992442603,-0.23949804197290056,0.576
2025-12-26,0.20274312297423833,0.14390019949303326,0.5926517571884984,0.6344777653231342,0.08885509512910829,0.646964856230032,0.6356458842391348,0.2922860678220306,0.8706070287539937,0.20930051912516515,0.11833199565491054,0.6325878594249201,0.5295482351702991,0.12482243313117206,0.8035143769968051,-0.5330087216162103,-0.19373891839197424,0.25878594249201275,0.47089882650387094,-0.002699085813976765,0.7731629392971247
2025-12-29,1.0805485695162822,0.4561163228341162,0.8803827751196173,-1.4487577952117112,-0.42368253498449815,0.16108452950558214,-0.006266972721911457,0.19276838764071658,0.4768740031897927,0.01124319535640722,0.08263572888874277,0.5087719298245614,0.5427933906121485,0.2641460856248309,0.8086124401913876,-0.24095827739411313,-0.20947870472602054,0.3875598086124402,0.5121788685375096,0.168926898969852,0.7926634768740032
2025-12-30,0.134447271022492,0.34889330556357484,0.571656050955414,1.184126597580142,0.11225384253704851,0.7786624203821656,0.620197507755551,0.33524476101232803,0.8694267515923567,0.10497945024711464,0.09008363600820006,0.5605095541401274,-0.2952261159009556,0.07768868511623542,0.30095541401273884,0.0980169734165109,-0.10698014534517675,0.5286624203821656,-0.3944002569334442,-0.01884881966458006,0.2643312101910828
2025-12-31,-0.5590342280039726,0.04625079437439239,0.2686804451510334,1.4720005861700693,0.5655027570813888,0.8394276629570747,0.12711167895184627,0.26586706699216744,0.5739268680445151,0.25983629528099705,0.14666785576579905,0.6550079491255962,-0.5200955046822405,-0.12157271148325655,0.1891891891891892,0.4679472461346425,0.08466231848142966,0.7058823529411765,-0.40795370095261285,-0.14855044676059098,0.2575516693163752
2026-01-02,-0.13268897745437136,-0.013395796235195517,0.44603174603174606,0.8422266063155055,0.6577440401594277,0.7095238095238096,1.297615581726523,0.6097832385702859,0.9761904761904762,3.2278856348003684,1.1737404487773222,1.0,-0.5189095710214849,-0.25401833132933266,0.19047619047619047,0.5885813019189023,0.2526353129605872,0.7428571428571429,-0.45386589514273956,-0.2503222628879738,0.24444444444444444
2026-01-05,-1.0858058173324172,-0.3708658032676027,0.1109350237717908,-0.200986982811433,0.37150036583580753,0.4405705229793978,0.2648420571826031,0.49480284477439174,0.6703645007923931,-0.642513885986375,0.5683223371894233,0.17274167987321712,0.09039020138373255,-0.13921548709164427,0.5641838351822503,0.8629724397749576,0.4560810218987107,0.8225039619651348,0.22370474341866198,-0.09231326078576191,0.624405705229794
2026-01-06,-0.7968641199691769,-0.5128652421681275,0.18670886075949367,0.48998574303428144,0.4109954915686322,0.6139240506329114,-0.5439302200381718,0.1485584898368706,0.15348101265822786,0.16056839437799497,0.4324043562522805,0.6075949367088608,-0.5084775313611651,-0.26230283518148456,0.19462025316455697,-0.5641914159603156,0.1159902092790353,0.24367088607594936,-0.5512750238228146,-0.24530051513144613,0.1930379746835443
2026-01-07,0.1562029602905376,-0.28984250801523914,0.584518167456556,-2.5894380938589805,-0.5891490369072387,0.04897314375987362,-0.5226704046141781,-0.07518447498014563,0.17061611374407584,-1.268647070038314,-0.13461278584458425,0.04739336492890995,0.9955030774594692,0.1569658023655,0.9320695102685624,-0.167595900661617,0.021461505965484545,0.41232227488151657,0.9905241910948864,0.1666410536106647,0.9146919431279621
2026-01-08,-0.1035674529263193,-0.22775082298559923,0.45110410094637227,1.8540273240346943,0.22524308340673888,0.9037854889589906,-0.46851638395075806,-0.2062951113036831,0.1829652996845426,-0.10115310164262559,-0.12345955777726471,0.4400630914826498,-1.4051834351408894,-0.3637506101366298,0.031545741324921134,1.4312675576679637,0.49139685653297754,0.944794952681388,-0.9742728940573204,-0.213663595611997,0.08201892744479496
2026-01-09,0.6025313603811592,0.04900990480332021,0.7590551181102362,-1.4752136741022472,-0.34157583576292316,0.15748031496062992,0.21004301700526096,-0.06751573520070177,0.6393700787401575,0.9293516041083075,0.22747749618459268,0.8866141732283465,0.194352466517348,-0.17771625125197055,0.6157480314960629,-0.1196325359124597,0.2877203923844985,0.4251968503937008,-0.30133531121796014,-0.24288750081398475,0.30551181102362207
2026-01-12,0.2969996253890601,0.13167314499856683,0.6336477987421384,1.311035172998745,0.2092945004909662,0.8113207547169812,0.9670427273144557,0.277337085637684,0.9386792452830188,-0.2108240825540201,0.08137696993838844,0.3836477987421384,-0.12857437796377724,-0.1613356268225728,0.419811320754717,0.7346852273957747,0.4367086707215906,0.7814465408805031,-0.46600780642970613,-0.3172609360192252,0.24213836477987422
2026-01-13,1.156424395802234,0.47325689526645587,0.902668759811617,0.22789114352164586,0.21549338150119277,0.543171114599686,-0.7116117802847042,-0.052312536336445364,0.09733124018838304,1.2313700794798375,0.4647080064522048,0.9340659340659341,0.6140271282609212,0.09711862487192517,0.8524332810047096,0.8246432181302612,0.5660201865244808,0.8053375196232339,0.5067639465535732,-0.042585975161625794,0.792778649921507
2026-01-14,1.938496864620506,0.9616702183844725,0.9686520376175548,-2.077246880125023,-0.5487533723742124,0.09090909090909091,0.5448622789065598,0.14674573541122302,0.8338557993730408,0.4792106496973835,0.4695422208672644,0.7601880877742947,0.41717805986125645,0.20380510320170225,0.7445141065830722,0.9500158616685942,0.6940187449058519,0.8510971786833855,0.9287127576321981,0.2811802691029821,0.9090909090909091
2026-01-15,-0.3866022085738025,0.5122460760650476,0.3348982785602504,-0.2852969658164324,-0.46093457018828576,0.40688575899843504,-0.4268924595691517,-0.044466996248901894,0.20187793427230047,1.8662053610826796,0.9350966009390694,0.9859154929577465,-1.1400564841671075,-0.2441487592545676,0.06259780907668232,-0.7040447750234959,0.22799757159606937,0.18779342723004694,-0.779525136659422,-0.07238819948448591,0.12519561815336464
2026-01-16,-0.600654391001636,0.14127925370948646,0.2484375,1.1954380298998786,0.0911896298411023,0.7796875,-0.02085343227900051,-0.03659580825893477,0.459375,1.2478954550494659,1.039362885642535,0.934375,-1.0917442823067343,-0.5266806002719565,0.0671875,0.29286307273359846,0.24961940530857907,0.64375,-1.2394989641645033,-0.46142512104449174,0.040625
2026-01-20,0.6534172020265994,0.3119919031485241,0.7831513260530422,3.5678733719788736,1.2500842105536927,0.9984399375975039,0.0025027455458455083,-0.023562956990674677,0.48673946957878317,0.22604513821341143,0.7682569698328272,0.6349453978159126,0.09074262520086562,-0.3208728584476825,0.5647425897035881,3.159545299429024,1.2195947033487273,1.0,0.6120206210546226,-0.10360987367812036,0.8330733229329174
2026-01-21,-0.785088762697191,-0.05370165213338088,0.18847352024922118,-0.4404391127526788,0.6865764361182356,0.3660436137071651,-0.05044253325647752,-0.03252281574594229,0.43146417445482865,1.194556873434405,0.9103569377000199,0.9236760124610592,-1.0606526757752985,-0.5674661308902211,0.06853582554517133,-0.7019006265359379,0.5790962600538391,0.18847352024922118,-0.5558086255966115,-0.2543427909842841,0.19314641744548286
2026-01-22,-0.37387808364699504,-0.1604271293045856,0.3452566096423017,-1.8357033958757054,-0.15418350787974466,0.1150855365474339,0.14337223003433774,0.026108866180817713,0.583203732503888,-1.4625900773673672,0.11937459934422423,0.029548989113530325,-0.1921010442788266,-0.44234443535308965,0.37169517884914466,-0.7237186820383833,0.14482461268976501,0.18351477449455678,-0.523820211922747,-0.34416859796377175,0.2099533437013997
2026-01-23,1.4400011807325268,0.3730489740411185,0.9347826086956522,0.38719976327864547,0.026277582506385372,0.5962732919254659,1.598827595560817,0.5503484426408174,0.9891304347826086,-0.8471586337861503,-0.20280314503256727,0.11490683229813664,1.6349794815204857,0.2500968702714354,0.9798136645962733,0.6461741180286317,0.3119411144693872,0.7484472049689441,0.7937149037929939,0.03512590262181678,0.8773291925465838
2026-01-26,0.8107024005668135,0.5189334495496836,0.8263565891472868,-0.9683424892405776,-0.30526244140926895,0.25116279069767444,0.3479364514596258,0.4828777789137536,0.7224806201550388,-1.0945714796710273,-0.5000592565787206,0.06821705426356589,0.43128184197300246,0.31049186083862446,0.751937984496124,-0.7830185571405794,-0.05304544273393497,0.16899224806201552,0.2743040299155552,0.11485194505306293,0.6604651162790698
2026-01-27,-0.527355488457925,0.1701704702138141,0.2801857585139319,2.6332019993284925,0.6742257055033182,0.9721362229102167,1.7389551585067795,0.9015702387780955,0.9922600619195047,1.835961887130102,0.27861445799088685,0.9845201238390093,-0.35557466477881006,0.08846968563281297,0.2755417956656347,0.9167984850075022,0.27023586651321074,0.8374613003095975,-0.46484793726202844,-0.07838134905196752,0.24613003095975233
2026-01-28,-0.3274077184219396,0.004311074001896217,0.3554868624420402,1.52703697572238,0.9584961289096722,0.8454404945904173,-0.5120194658598098,0.43037367056546044,0.17001545595054096,1.3479350681353996,0.6350546613723911,0.9412673879443586,0.4275278233142719,0.20148906485996596,0.7465224111282844,0.8824140261491553,0.4742952530585256,0.8253477588871716,0.22879699194389763,0.02401143127998752,0.6290571870170015
2026-01-29,0.06720152051992889,0.025274556174573776,0.5324074074074074,-0.47632996492223467,0.4802207642990366,0.3533950617283951,0.36109605868707245,0.40728113327266446,0.7314814814814815,2.71929367154622,1.3298009980970007,0.9984567901234568,0.14667110163156283,0.18321641045049825,0.5895061728395061,0.5916445867190787,0.5134116976120433,0.7376543209876543,0.634971101717291,0.22766465475908867,0.8348765432098766
2026-01-30,1.1658475808829165,0.40546556441068804,0.9029275808936826,-0.8532039114028593,0.03574587239840471,0.2665639445300462,-1.3845897975190413,-0.19000917699123743,0.015408320493066256,-0.6502505476012606,0.6697838161975804,0.17257318952234207,-0.1737031068164479,0.06424323802818288,0.38366718027734975,-0.8587173918763091,0.05603533444925918,0.15562403697996918,-0.1566039978935109,0.09957510387488883,0.3898305084745763
2026-02-02,-0.222895353012448,0.19601192526964273,0.4076923076923077,-0.8516578581406833,-0.2600553711146246,0.2676923076923077,-0.13851732160688257,-0.17284522519645248,0.37538461538461537,0.7971531521819349,0.7122402615256986,0.8507692307692307,-1.13376925153566,-0.3350942584930981,0.06307692307692307,-2.564723753619879,-0.8175510282404534,0.006153846153846154,-0.9866080396626808,-0.2624859439709677,0.07538461538461538
2026-02-03,1.510482540014968,0.6341687968514178,0.9431643625192012,1.1771643914453618,0.21901788307203746,0.7741935483870968,0.6359227257832508,0.09674409179678194,0.869431643625192,1.4443556626764322,0.9562787285759432,0.9523809523809523,0.24833579688146137,-0.14061757336824499,0.6589861751152074,3.192970501909302,0.519289481809465,1.0,0.9956782083942497,0.15690210681743808,0.9170506912442397
2026-02-04,1.2819475069484483,0.850095033550428,0.9171779141104295,-0.039320614672446796,0.13290505049054271,0.47699386503067487,0.470245596167803,0.22124459325378892,0.7975460122699386,-1.5461685042324929,0.12212965097313122,0.02607361963190184,0.1324592542450234,-0.0495919641638222,0.5843558282208589,-0.17844981385945669,0.28670971658649114,0.4049079754601227,0.6735062518622247,0.3291034884990336,0.8404907975460123
2026-02-05,2.7585743297062435,1.4862547989357,0.9892802450229708,-3.8637544055929154,-1.1993147682039431,0.009188361408882083,-0.14731284052710003,0.09839211532682596,0.36906584992343033,2.472394133573938,0.9055511451734001,0.9938744257274119,2.4417555742378005,0.7808572153033854,0.9892802450229708,0.5949104542580144,0.3894432958103322,0.7396630934150077,2.942709677762794,1.2003055515869538,0.9938744257274119
2026-02-06,-0.9349480708760824,0.679187175665106,0.14067278287461774,0.5601653909411215,-0.612821381822255,0.6253822629969419,-0.02622343627916912,0.05685359812482761,0.4510703363914373,-0.1430615236936017,0.5560135888843996,0.42201834862385323,-1.1209797751292239,0.14691155182584908,0.0672782874617737,-1.2963501212373811,-0.1724878432055722,0.06269113149847094,-1.624308387773415,0.2587675718001644,0.0290519877675841
2026-02-09,-0.5776034035457274,0.2602569825948283,0.2549618320610687,0.5705049281532305,-0.2183792784970932,0.6305343511450382,1.0364325847056763,0.38337992698511053,0.9465648854961832,-0.9462300150696185,0.05526572089972692,0.09618320610687023,0.006138372584471363,0.09998715874538985,0.49770992366412214,0.15523906831034295,-0.06324553936693383,0.5557251908396946,-0.33729580738498427,0.06007977873844822,0.29465648854961835
2026-02-10,0.6447707495696597,0.38842823825310546,0.7728658536585366,-3.485934728871438,-1.3075644286218748,0.01676829268292683,0.45661459325189296,0.40779148240737134,0.7850609756097561,-0.8877204428561334,-0.2590630003522265,0.10670731707317073,2.2311514943449313,0.8103752706119036,0.9878048780487805,-0.16583743323129518,-0.09744283732172096,0.4115853658536585,2.048462709472594,0.7228740889831633,0.9801829268292683
2026-02-11,0.7844516593434456,0.5204360452832189,0.8143074581430746,2.1237645047865352,-0.1637881174857383,0.9406392694063926,1.164542967312445,0.6600419773757293,0.9604261796042618,2.6019079836776653,0.694593994324404,0.9954337899543378,-0.6792646537908854,0.31382862914430737,0.1324200913242009,0.03074335105363514,-0.05471410786326894,0.4946727549467275,-0.9757380927970645,0.15667002838975408,0.0837138508371385
2026-02-12,3.2519656244960187,1.4309459050208186,0.9924012158054711,-4.344367264540595,-1.5573144998373571,0.0060790273556231,0.40238784256400995,0.5741572657718229,0.7507598784194529,0.1298660850521849,0.506351357900331,0.5759878419452887,2.5667443970186468,1.064800551769087,0.9893617021276596,0.9692085848546144,0.2865934563760255,0.8617021276595744,2.8680040960233453,1.0604480509342844,0.9924012158054711
2026-02-13,0.04570786880360578,0.9691998929484145,0.5204855842185129,-1.1419577009609363,-1.418862233545217,0.21699544764795145,-0.40516664481922027,0.24771596224147524,0.2109256449165402,-1.3028526178199789,-0.09671663400643887,0.04704097116843703,0.9530714417962562,1.0275575151114769,0.9180576631259484,0.3617187690690993,0.3116352272737168,0.6661608497723824,1.058591819619022,1.0598293071625302,0.9226100151745068
2026-02-17,-0.760993962698383,0.3924686077328154,0.19545454545454546,-1.7012481644628619,-1.512990877184432,0.13787878787878788,-0.5479992276099543,-0.017522434375667945,0.15,0.6862398564630687,0.1642688628167303,0.8121212121212121,-0.016932202834459037,0.679394275796165,0.47878787878787876,-0.662990854224993,-0.013240133225853129,0.20909090909090908,-0.058949023809448844,0.6869031968385373,0.453030303030303
2026-02-18,-1.0979270777804908,-0.10432995410495333,0.1043872919818457,2.0961791689505747,-0.30993419513943,0.9319213313161876,-0.2152224175123001,-0.08342242875454532,0.3267776096822995,-0.44772298147250184,-0.039728418613013725,0.26021180030257185,-0.8458119481654568,0.17099220114229108,0.09984871406959153,0.7237517582120916,0.2324238305867951,0.773071104387292,-1.1789867647580043,0.06493987630635678,0.048411497730711045
2026-02-19,0.05635960258386885,-0.050766768542012605,0.527190332326284,0.25637121341390656,-0.12116572562165115,0.5498489425981873,-0.376105547844811,-0.18098346845130053,0.229607250755287,-0.5527740863012559,-0.2107436411757611,0.21450151057401812,0.46989550421695264,0.2706266355005116,0.7688821752265861,1.1555238758347937,0.5401238456694613,0.8972809667673716,0.4302147715169517,0.18669817470988842,0.7386706948640483
2026-02-20,-0.6241870119876443,-0.24190684969055648,0.2398190045248869,1.0376667746183097,0.2651117744583358,0.7481146304675717,1.0644195227766309,0.2341508619580099,0.951734539969834,0.7729812680424123,0.11716466189696331,0.8416289592760181,-0.2678945660496694,0.09111956831711795,0.31975867269984914,-1.0606878147718934,0.006519958855676411,0.10558069381598793,-0.3255021147523239,0.015964744889151006,0.30015082956259426
2026-02-23,2.81245076454608,0.7762123550549889,0.9894578313253012,-1.8331887051460587,-0.43432171874312897,0.11746987951807229,0.5461121629153984,0.33813796227713944,0.8313253012048193,1.9221236775668546,0.7188176671202604,0.983433734939759,2.7976324944444215,0.9932905436928858,0.9954819277108434,1.6242436900145294,0.545761202575294,0.9593373493975904,2.3260977872177246,0.7860090923320089,0.983433734939759
2026-02-24,-0.6843971847741974,0.2893425084452602,0.22406015037593985,-0.6511926755135046,-0.5066120376665875,0.3157894736842105,-0.5127275249422598,0.05451613320400639,0.16842105263157894,-0.8089674454573816,0.20955596292771317,0.12330827067669173,0.23046329960942993,0.7390147956650673,0.6406015037593985,-1.1895814582989739,-0.03268635104946188,0.081203007518797,-0.17572313969628103,0.4654316816559123,0.3819548872180451
2026-02-25,-0.9793355333456236,-0.13355017215170104,0.13063063063063063,0.4236584474913101,-0.19652187594728832,0.6036036036036037,0.2983441372244203,0.13579213454414438,0.6756756756756757,-1.0034603246979676,-0.1947827996141804,0.08558558558558559,-0.9971919746638116,0.16027920555544112,0.08108108108108109,-1.770450479126292,-0.6119410604084052,0.024024024024024024,-1.0291283247765757,-0.03275498715491698,0.07057057057057058
2026-02-26,-0.06216723333566032,-0.1097558592130208,0.4737631184407796,-0.7112505678000547,-0.3680981065648771,0.2983508245877061,-0.60743824662001,-0.11195132584390706,0.12593703148425786,-3.3089787536013775,-1.2328481176099129,0.0014992503748125937,1.1352663300400754,0.4852749137169859,0.9430284857571214,1.035654987628805,-0.06274237772933522,0.8770614692653673,1.5500152188039116,0.49483508149802585,0.9655172413793104
2026-02-27,2.166877967201624,0.6491220829251941,0.968562874251497,-1.9650008289875727,-0.9003990140391089,0.1062874251497006,0.6762260045646216,0.1507744509589358,0.8727544910179641,-0.1833485370293566,-0.8830149240830608,0.405688622754491,3.1348168143940587,1.36845554727601,0.9955089820359282,1.1991394480785336,0.3578848975399544,0.9041916167664671,2.3843415183447894,1.1246705604469471,0.9850299401197605
2026-03-02,-1.7654498868699282,-0.15573524033984654,0.026905829596412557,4.0621269043432,0.7537762920883272,1.0,-2.9388035960603407,-0.8790848980474897,0.0029895366218236174,-0.9408308611716687,-0.9022869031125968,0.10014947683109118,-2.139640928048567,0.19909005550115122,0.007473841554559043,1.4061379279717563,0.707302574350555,0.9372197309417041,-1.8722495957265863,0.12569717505576938,0.01943198804185351
2026-03-03,0.28767007676741796,-0.00793346797075839,0.6298507462686567,0.8791584980431493,0.7955703607399346,0.7164179104477612,-1.439428020964842,-1.0658659390199405,0.016417910447761194,-2.8131056467121627,-1.5392264843124521,0.0029850746268656717,0.25696890839411657,0.218383006465473,0.664179104477612,0.7141697548025079,0.709591634501206,0.7656716417910447,0.5246570968567348,0.2586838156560912,0.7925373134328358
2026-03-04,-2.1678295388782116,-0.7278988249399094,0.00894187779433681,0.40300386700134516,0.6647148628270715,0.6005961251862891,0.01559983501129436,-0.7053773476761956,0.4992548435171386,-0.11727349989855096,-1.0652421561744854,0.43815201192250375,-1.874618440255103,-0.4792841424413856,0.01639344262295082,-0.6766808815698866,0.2475007958108419,0.19970193740685543,-2.1693802836440437,-0.5506708841106204,0.00894187779433681
2026-03-05,-0.8513671571567993,-0.7690549356788727,0.16517857142857142,1.9389568652904883,1.0894621969815437,0.9122023809523809,-0.941306918350131,-0.7840205379008408,0.05505952380952381,-1.5783077916982684,-1.2362640346824132,0.025297619047619048,0.44609529062752373,-0.1708243314184159,0.7559523809523809,0.7512065094619965,0.41540270036122673,0.7797619047619048,0.41525764007112187,-0.228694709383373,0.7276785714285714
2026-03-06,1.6484140454769038,0.03676805803971939,0.9479940564635958,1.975580443382583,1.3848349457818903,0.9153046062407132,0.8259043714557008,-0.24737890144866037,0.9034175334323923,-1.919764560108045,-1.464097543157624,0.014858841010401188,1.6650056626540393,0.4411189999390691,0.974739970282318,2.9722759840782773,1.267693794933577,0.9970282317979198,1.739434424026975,0.42734833508674297,0.9717682020802377
2026-03-09,0.25519169842765055,0.10957593816902977,0.6172106824925816,-2.560051141511045,0.06987291668424522,0.05192878338278932,0.13853607732490092,-0.11874057519080664,0.5786350148367952,1.6080151336557202,-0.4400599842198427,0.9643916913946587,-0.5243337094051999,0.11930143015764619,0.18991097922848665,-1.7793943835634205,0.25199773543457793,0.020771513353115726,-0.990394624311387,-0.04523265137930027,0.0771513353115727
2026-03-10,-1.1754694386227176,-0.31877252076155266,0.09037037037037036,2.6318598811904153,0.9238685715196352,0.9703703703703703,0.3099342315818361,0.024151027066740924,0.6859259259259259,1.2179345804984956,0.11260487068626995,0.9214814814814815,-0.16991612639193732,0.0228955779744517,0.3837037037037037,0.09053829712071537,0.19817792266329043,0.5155555555555555,-0.1050126019110118,-0.06515930155653746,0.4222222222222222
2026-03-11,-1.7729624280142575,-0.8035024898457875,0.026627218934911243,4.055884656964968,1.967873933334746,0.9985207100591716,-0.09285791541337413,-0.01485195375996409,0.3994082840236686,0.13716061270352475,0.12079011802535489,0.5872781065088757,-0.2128477065856107,-0.05568551687890243,0.35355029585798814,0.12880652216670627,0.1750541224977624,0.5340236686390533,-0.39909588741618673,-0.17647149684308722,0.27218934911242604
2026-03-12,1.515215716609506,-0.03059642102735649,0.9379615952732644,1.2506025341841431,1.7287834669512119,0.793205317577548,-0.1437082537624248,-0.057804053760784325,0.3707533234859675,-1.1685476268480357,-0.30898913026577524,0.06794682422451995,0.4876869013674272,0.12543862253654076,0.7740029542097489,2.1473048023961097,0.8324710157972114,0.9793205317577548,1.012616892478262,0.21989129959736248,0.9098966026587888
2026-03-13,0.17206670393348417,0.03695795395959039,0.584070796460177,0.4244534228327528,1.2940067855783923,0.6002949852507374,-0.5426298140046139,-0.2194126405087275,0.15486725663716813,-0.043803829370409136,-0.2205940299673199,0.4778761061946903,0.4042517760935576,0.2183763403888797,0.7315634218289085,0.2890857268534913,0.6513425861493048,0.6283185840707964,0.5453354047700933,0.3283726679882728,0.8008849557522124
2026-03-16,-0.30357673032512744,-0.07655360746864888,0.36671575846833576,-2.3786159129220144,0.06979921941159029,0.0662739322533137,0.7861708794255744,0.11578186613603977,0.8969072164948454,0.1812113165285204,-0.0866589144687065,0.6170839469808542,0.4835671113384472,0.30677326403873556,0.7717231222385862,-1.710132876380728,-0.13581590136070604,0.030927835051546393,0.1508610756919868,0.26920213722284414,0.5684830633284241
2026-03-17,-0.7610718565041319,-0.3047263571471432,0.2,0.43842696517653723,0.1926751346665726,0.6029411764705882,-0.16782478033178377,0.021246317313431934,0.3602941176470588,-0.28838524629980544,-0.1539010250790728,0.34705882352941175,-0.7139522785683732,-0.033468583496967325,0.1264705882352941,-0.0334749862542299,-0.10170226299188068,0.4602941176470588,-0.8191916563527344,-0.09359579396901532,0.11764705882352941
2026-03-18,-0.10714070746852533,-0.23886447392093724,0.45080763582966227,2.2335611249828196,0.8729704647719883,0.947136563876652,-0.1763085216905238,-0.04460529568788664,0.35389133627019087,-0.03959024789267701,-0.11579743268360754,0.4801762114537445,-0.08885269586198019,-0.05192995428530495,0.4331864904552129,1.3265162654529825,0.3743705798230737,0.9265785609397944,0.2664737416551306,0.02642738457236664,0.6490455212922174
2026-03-19,0.054719970566967424,-0.14100299242496903,0.5278592375366569,-2.640646194204143,-0.2982350882200554,0.04985337243401759,-0.3862934395466414,-0.15850134364080487,0.22287390029325513,-0.16711428307545184,-0.132903049480889,0.4149560117302053,-1.2398788881621448,-0.44791293224425155,0.045454545454545456,-1.0177359971440902,-0.08966494583264756,0.12609970674486803,-0.936934772681965,-0.29469333451241053,0.09530791788856305
2026-03-20,-0.3319941573691758,-0.20466671407303796,0.35431918008784774,2.7071216029024923,0.7035504754874604,0.972181551976574,-0.9271593350631913,-0.4147206741149337,0.05710102489019034,-0.7927483306319025,-0.35285147653122684,0.13469985358711567,-0.9689890952697886,-0.6216049865860973,0.08931185944363104,1.0780746111360275,0.2995815731569108,0.8828696925329429,-0.3967184214512738,-0.328701696825365,0.27379209370424595
2026-03-23,-1.3574036217368848,-0.588912349960987,0.06725146198830409,-2.5497083299733703,-0.38086912633281633,0.054093567251461985,0.4559583624078929,-0.12449432860732484,0.783625730994152,-0.2835672443983569,-0.3297567324869369,0.34941520467836257,-0.7601061846899593,-0.667772052620718,0.11842105263157894,-2.5189359588938003,-0.6399242708599928,0.007309941520467836,-0.8591361081121724,-0.5055131672543008,0.10818713450292397
2026-03-24,-0.5461619421396209,-0.5746622140205316,0.2759124087591241,0.582513145710732,-0.05974170231830028,0.6306569343065693,-0.8133787181529923,-0.3541224584558807,0.06861313868613139,2.1803255381988573,0.5069373577416612,0.9868613138686131,-0.706184120042985,-0.6805760750948071,0.13284671532846715,0.5186425167605295,-0.25373534165315215,0.7065693430656934,-0.4111507865688805,-0.4740590403591608,0.2656934306569343
2026-03-25,-0.013446079855926052,-0.3875901692989965,0.49854227405247814,-1.3208801597953044,-0.48012118814396826,0.18221574344023322,0.32509109879793585,-0.1277179393712752,0.6982507288629738,0.3693145891259006,0.4610631015364076,0.7011661807580175,0.9557104588108369,-0.13514723045959248,0.9169096209912536,-0.3449199022984386,-0.284130195201581,0.3338192419825073,0.7599023658508912,-0.06273857162247687,0.8615160349854227
2026-03-26,0.47211727910576595,-0.10102101983074238,0.7030567685589519,1.5557903089477498,0.19851597755327105,0.8442503639010189,-0.32906475271855085,-0.1948335438203671,0.2663755458515284,-2.2418477569235775,-0.43990718461692063,0.00727802037845706,-1.0521145256998985,-0.4408029955396945,0.07278020378457059,1.2776831971358207,0.2364742689108862,0.9126637554585153,-0.3703783221038841,-0.16528515511627928,0.2867540029112082
2026-03-27,1.7920330807542282,0.5299970136975811,0.9563953488372093,1.0312400234608667,0.47609065952246965,0.7398255813953488,1.0876374208254582,0.23265677772824128,0.9549418604651163,0.6635802749741816,-0.07207803141988658,0.8066860465116279,0.9161731586864802,0.011522389202363703,0.9040697674418605,2.4336101891522155,0.9688529089913293,0.9869186046511628,1.2075903899632812,0.2923400265769075,0.9375
2026-03-30,1.4933344524523344,0.851109493282499,0.9346879535558781,-2.419353426718657,-0.4890573692245725,0.06676342525399129,0.6967594172444436,0.3873576575669754,0.8766328011611031,-2.0273757657654405,-0.7238439428684046,0.013062409288824383,1.3666139674900863,0.4632195819649379,0.9608127721335269,0.045831172385140284,0.6611789967892663,0.48911465892597966,1.5369350176870387,0.7072050236136179,0.9608127721335269
2026-03-31,-2.686499175263949,-0.3280933962329836,0.004347826086956522,-0.16193255273919993,-0.38001576372944834,0.4434782608695652,-0.1985607315203879,0.19205152787118765,0.336231884057971,1.0369556920061611,-0.1369107312435494,0.8884057971014493,-1.4958901469150767,-0.18981699432840027,0.028985507246376812,-2.085046619721398,-0.2542295420476217,0.014492753623188406,-1.9971762251799539,-0.19425539265090597,0.013043478260869565
2026-04-01,-1.062367442889375,-0.5728514117851141,0.11287988422575977,0.15678715963645223,-0.20108145594081486,0.5209840810419681,0.21450930089003273,0.1995374522108027,0.6396526772793053,0.7777224351360356,0.1679669908829789,0.8408104196816208,-0.8466898525389415,-0.40877461373191404,0.10564399421128799,-0.6777125311380038,-0.3953905384110824,0.2011577424023155,-0.9275331543196377,-0.43868131320714987,0.09840810419681621
2026-04-02,0.9372573565848017,-0.06948182232847555,0.8453757225433526,0.7063003848466978,0.10137915765502264,0.6632947976878613,-0.9424868483014017,-0.1811373146265987,0.05346820809248555,-0.717863887604067,-0.12730996861270305,0.1546242774566474,0.04083321530955675,-0.25890533738475713,0.523121387283237,0.44630229305389957,-0.11482626125608847,0.6864161849710982,0.027241138446648105,-0.2833738293225506,0.5043352601156069
2026-04-06,-0.25564954288017727,-0.13153772917904277,0.3939393939393939,0.3142263059652234,0.17232820709175622,0.5598845598845599,0.034414310164928186,-0.10928677302942309,0.5194805194805194,-0.00901057875801936,-0.08787683866114183,0.5021645021645021,-1.0371232940171284,-0.5183113229288809,0.07936507936507936,-0.46429456589990226,-0.23131569613735975,0.2857142857142857,-1.0375018298929877,-0.5347498295126963,0.0707070707070707
2026-04-07,-0.6730416660051624,-0.31203904145441597,0.2334293948126801,-0.34019702835932547,0.0014864619413956781,0.39337175792507206,-0.13365506701153185,-0.11740953769012602,0.38328530259365995,0.33972755916981945,0.054657960615845255,0.6815561959654178,0.6179776597820732,-0.13954832869189626,0.8472622478386167,-0.39878358219599214,-0.28713832482357055,0.31412103746397696,0.6145943231677151,-0.15163511195255922,0.8227665706051873
2026-04-08,-1.0785450612780132,-0.5675410480622817,0.11223021582733812,-1.7967212551126626,-0.5979161104099571,0.13093525179856116,0.5283824634759751,0.09785446269857431,0.8215827338129497,2.5921510806123123,0.9004890006146676,0.9942446043165467,-0.8630518615773886,-0.38071617298706034,0.10359712230215827,-2.8491167209541453,-1.1411311235337622,0.0028776978417266188,-1.1707299259885537,-0.4913333832978907,0.053237410071942444
2026-04-09,-0.7354680489351085,-0.6235167150198907,0.20977011494252873,0.6489567186235581,-0.18229183406545205,0.6508620689655172,-0.6776246602710511,-0.1606385782913008,0.11063218390804598,2.096560154386477,1.2991793852052709,0.9827586206896551,-0.5401832426081068,-0.43387186286074253,0.1896551724137931,-0.6116581450378619,-0.9646401307017954,0.23563218390804597,-0.4216205741500799,-0.46809578024862053,0.2629310344827586
2026-04-10,-0.8971662019948641,-0.7147332106782152,0.15494978479196556,0.9713310167055926,0.2022491161915628,0.7288378766140603,0.26931522553711273,-0.01732064368182963,0.6700143472022956,1.5995466528465716,1.3993018077523711,0.9598278335724534,0.4180885741091187,-0.1498850505374555,0.7403156384505022,-0.2895891809790148,-0.7396231474608685,0.3629842180774749,0.14530610288718349,-0.26362848587001925,0.5667144906743186
2026-04-13,-1.2002672147982405,-0.8765778787182237,0.09025787965616046,-0.23508978482922827,0.0564694825179658,0.4183381088825215,-0.5679429760834329,-0.20086142114903072,0.14613180515759314,-1.8265237984560505,0.3240266056828973,0.022922636103151862,-0.14443108699212326,-0.14806706268901143,0.4054441260744986,-0.5493576352919181,-0.6762013100712184,0.25501432664756446,-0.3644175079083013,-0.2972248265494466,0.29369627507163326
2026-04-14,-0.9896073238311659,-0.9142543604225378,0.13447782546494993,-1.1043685813203197,-0.3304765387614627,0.22889842632331903,-0.3242378666495589,-0.24198690298254014,0.26895565092989987,0.15955618427440466,0.26920313188006645,0.6022889842632332,0.44226054628544,0.048708806969139026,0.7510729613733905,-1.1893400363583546,-0.8472475521669305,0.08726752503576538,-0.008543897235426257,-0.20099785011143984,0.48497854077253216
2026-04-15,-1.249536125276621,-1.0260149487072323,0.08142857142857143,1.0732830397944597,0.13744332075717808,0.7557142857142857,-0.650896540451541,-0.3782901154722071,0.11285714285714285,-2.0395149310775618,-0.5003695557724762,0.012857142857142857,-0.5552139939521715,-0.1525987933379645,0.18857142857142858,-1.1346154803996904,-0.9430368615778505,0.09857142857142857,-0.8607735075962496,-0.4209230692730431,0.11142857142857143
2026-04-16,-0.14614453009381312,-0.7327248091694261,0.4479315263908702,0.947209977566609,0.407365539693655,0.7189728958630528,-0.24071522620127284,-0.33243181904856234,0.3181169757489301,-0.6794603323533752,-0.5600664812994426,0.17261055634807418,0.0862913215358927,-0.07296875504667878,0.5592011412268189,-0.22672615985886263,-0.7042666276715213,0.39514978601997147,-0.09428452292903389,-0.3120435538250401,0.4322396576319544
2026-04-17,-0.2997399959892526,-0.5883965381093683,0.37606837606837606,-3.038727726380278,-0.7413322156643225,0.027065527065527065,-0.49564028039030983,-0.38683463949581154,0.18091168091168092,0.2081534184705799,-0.3039931813761018,0.6282051282051282,0.2787262733804188,0.04426292109568706,0.6737891737891738,-1.5199942640619424,-0.9761758398016617,0.04415954415954416,0.36850301332036905,-0.08519469810990377,0.7094017094017094
2026-04-20,-0.10330703985977031,-0.4267000386928357,0.46088193456614507,0.19110603209431382,-0.4305194664114438,0.5320056899004267,-0.42101698137890975,-0.3982287534568443,0.20768136557610242,-0.8329331925521946,-0.48030651843479943,0.12944523470839261,-0.2991156649171443,-0.07019660757525673,0.30725462304409673,0.4574903747372534,-0.4982871016220234,0.6927453769559033,-0.13179609154920496,-0.10072849592300417,0.4096728307254623
2026-04-21,-0.10211716809844318,-0.31850574849470487,0.4616477272727273,1.8316835792351505,0.3235482154707542,0.890625,-0.6471334933581776,-0.4811970000906221,0.11647727272727272,-0.1817003629536066,-0.3807711332744019,0.40767045454545453,-0.3925025389535425,-0.1776319180346853,0.2755681818181818,0.2644703412541899,-0.24403462066328568,0.6107954545454546,-0.4923629456205755,-0.23127331248886127,0.234375
2026-04-22,0.10333762760136089,-0.17789128979601632,0.5631205673758866,0.27052216696084347,0.3058728659674506,0.5460992907801419,-0.12597166331813126,-0.36278855449979186,0.39858156028368796,0.235618488172342,-0.1753079261254873,0.6397163120567376,0.1194589595926881,-0.07860162549222752,0.5716312056737589,-1.0356798444890982,-0.5079163619385565,0.12198581560283688,-0.3531750299664094,-0.27190721831471065,0.300709219858156
2026-04-23,1.1877083028955226,0.27730857443449664,0.9008498583569405,0.9338496748427202,0.5151984689258738,0.71671388101983,-0.39292495542368017,-0.37283402147442135,0.22662889518413598,2.656887884923326,0.7687573442241171,0.9971671388101983,-0.3190081412525108,-0.1587371307456553,0.29603399433427763,0.46481652288743,-0.18367206699656105,0.6954674220963173,0.06451880540754046,-0.15976521040729363,0.5269121813031161
2026-04-24,-0.46109016794663427,0.03117566030745303,0.3055162659123055,-0.46625170276208455,0.18804841169655442,0.3578500707213578,0.22748305118843448,-0.1727283305868028,0.6534653465346535,1.0316880146296106,0.8564009010259483,0.884016973125884,0.7541316048928368,0.1455524478005087,0.8769448373408769,-1.170942876351626,-0.5127623367815828,0.09052333804809053,0.1317890998684007,-0.06258044031539554,0.5657708628005658
2026-04-27,-0.7156844897574435,-0.21777772304751247,0.2231638418079096,0.9390538302218805,0.4383835512049965,0.7175141242937854,-0.22826953937718003,-0.19124206685026188,0.3305084745762712,-0.21101929525162377,0.5005941689334243,0.384180790960452,-0.867401977282932,-0.19209902722730485,0.10028248587570622,-0.01717011066994388,-0.34756492807770323,0.4717514124293785,-0.5264823520879923,-0.21721441090626115,0.21045197740112995
2026-04-28,1.2605144930218213,0.2749863489755987,0.9069111424541608,0.14040634065057941,0.33905781435352417,0.5119887165021156,0.3338905564651566,-0.01619785907845575,0.7122708039492243,-1.3734524449399648,-0.12408803569103866,0.04936530324400564,-0.2693985914949139,-0.21786554864984123,0.32722143864598024,0.3230524529522584,-0.12402580106771605,0.6473906911142454,0.0031766822480784884,-0.14375071318814794,0.49647390691114246
2026-04-29,-0.39348707902364094,0.052161872975852175,0.3408450704225352,1.931347894284122,0.8698211743303901,0.9084507042253521,-0.2496981396468438,-0.0940312859345851,0.31690140845070425,0.6497195891859546,0.13384783926795907,0.795774647887324,-0.1591127219726245,-0.198281273090769,0.39859154929577467,0.1302520664729913,-0.03926651188748027,0.5408450704225352,-0.5695267154740812,-0.285676047283459,0.19436619718309858
2026-04-30,-0.42006256600506364,-0.10524627335111975,0.33473980309423346,0.5329215244488652,0.7575212910365485,0.6160337552742616,0.26924550098941946,0.02706097637341641,0.6736990154711674,0.5231769694027857,0.263624215979568,0.7679324894514767,-0.11762215034287338,-0.17139489884147047,0.43037974683544306,-0.357522851519386,-0.14535195843144885,0.3333333333333333,-0.1612943098152958,-0.24421546812740463,0.3952180028129395
2026-05-01,-0.004910092812999672,-0.07180087983841307,0.5154494382022472,-0.18835786375225244,0.4422282394402816,0.4353932584269663,-0.3625237422236643,-0.10280059649227716,0.25140449438202245,-1.4291452111753113,-0.3006322597387251,0.0449438202247191,-0.029200665048204205,-0.12399682091038172,0.47331460674157305,-0.6821578484685956,-0.3242872551104978,0.20224719101123595,-0.09485693090854927,-0.19442928905445284,0.4339887640449438
2026-05-04,-0.411542702425729,-0.18504815403418504,0.33660589060308554,1.8494713877844884,0.9113092888883505,0.8948106591865358,-0.18335086607654622,-0.1296506863537002,0.3590462833099579,-1.3695915982136242,-0.656952039230358,0.051893408134642355,-0.2150633814241517,-0.1543523410816384,0.3576437587657784,0.2401620263333028,-0.13613749462923097,0.5974754558204769,-0.3083758856589366,-0.23241148792261412,0.3169705469845722
2026-05-05,0.1057651952623615,-0.08811037093533622,0.5658263305322129,-1.653865357978137,0.056251073266188056,0.14565826330532214,-0.03966443374771045,-0.0996552688183703,0.453781512605042,1.2407070903067212,-0.024398996051331723,0.9215686274509803,-0.3124763171644703,-0.20706033310924904,0.29831932773109243,-0.8347854484161373,-0.3690201458915331,0.16666666666666666,-0.24491327428803805,-0.2365787500444221,0.3557422969187675
2026-05-06,-0.34808777051340245,-0.17476950412802497,0.3594405594405594,-3.1322142705610543,-1.0065707080095594,0.022377622377622378,0.623103848755586,0.1412644370396151,0.8671328671328671,2.409787219721193,0.7869964092061764,0.9888111888111888,0.4955864236799614,0.02715525248715442,0.7846153846153846,-0.6613466541350819,-0.46646231530604937,0.22097902097902097,0.304803979538097,-0.056117840183582415,0.6783216783216783
2026-05-07,0.13908958235025104,-0.07014980863526632,0.5865921787709497,1.263661162296398,-0.24982675124090703,0.8016759776536313,-0.21826329847612846,0.02142185853436726,0.33379888268156427,-2.2534242429572724,-0.2264771415149731,0.006983240223463687,0.08103118920604357,0.04511389806011747,0.5572625698324022,0.18733985903771472,-0.2485282571914614,0.5726256983240223,-0.010660842917729174,-0.04096550776163134,0.4888268156424581
2026-05-08,0.292236104258122,0.05064549566252979,0.6429567642956764,-0.7424001912559853,-0.4140178979125998,0.28870292887029286,0.39322368056684776,0.14535579921186076,0.7559274755927475,1.925119666269112,0.49072179441305513,0.9776847977684798,0.14731400754471757,0.07918060122165084,0.5941422594142259,-0.6412292858935554,-0.3794286000921594,0.22733612273361228,-0.13242347871950033,-0.07145149808092101,0.41143654114365413
2026-05-11,-0.7400106525892605,-0.21290655375473364,0.20612813370473537,1.7913436052270333,0.32110260313394445,0.883008356545961,-0.21587506081673308,0.024945512535662823,0.33565459610027853,1.1304210020232421,0.7039548636164508,0.8927576601671309,-0.13660779618411967,0.007251135419727349,0.41643454038997213,0.40881294117081424,-0.11668141967116824,0.6810584958217271,-0.5882543296838523,-0.24371910861523144,0.1894150417827298
2026-05-12,1.037359133175922,0.20384867522215153,0.8650904033379694,1.3897255365069312,0.6773102475916067,0.827538247566064,-0.351587994744614,-0.10056565655776278,0.2545201668984701,-0.40753858004999155,0.33345704906097007,0.29346314325452016,-0.4315882610115447,-0.13902866339069664,0.25034770514603616,0.42674205877573684,0.06445973981113343,0.6856745479833102,-0.42018024280257427,-0.30253948667767905,0.26564673157162727
2026-05-13,0.00803970890040169,0.13857901978156828,0.5180555555555556,0.10291293530867543,0.4858444768306297,0.5027777777777778,0.4779051077712272,0.09225793155190051,0.8041666666666667,1.161428231899791,0.609447443340577,0.8958333333333334,0.33921100655608905,0.02038455992489857,0.7041666666666667,-0.645911972638608,-0.17233083100544705,0.225,-0.15697789121666833,-0.25401895485734216,0.39861111111111114
2026-05-14,0.20611016529231582,0.16108940161848412,0.608876560332871,-0.8012861337743087,0.05680093996231694,0.27184466019417475,-0.6011952811451516,-0.13889313934711686,0.1317614424410541,-0.6614157219824591,0.18582638823289835,0.18446601941747573,-0.20935468054109768,-0.05619518689710017,0.361997226074896,-0.7680575183070693,-0.37090639343932114,0.18030513176144244,-0.22195214020988704,-0.2433300166415238,0.37170596393897365
2026-05-15,0.32958409885277007,0.21725430069657944,0.6606648199445984,3.0985814347195033,1.0707277715480457,0.9889196675900277,0.13667936790338486,-0.04703563693028296,0.5831024930747922,-2.0525830298915735,-0.5603100844752589,0.013850415512465374,-1.00324666020377,-0.3718790113326567,0.0817174515235457,0.603990321013538,-0.045940821955034794,0.7451523545706371,-0.7645031677780199,-0.4170544003536891,0.14265927977839335
2026-05-18,1.1132565467674118,0.5159217160535235,0.8769017980636238,0.11680636462902452,0.7527539692417053,0.5034578146611342,0.6998484492282577,0.2019257251225639,0.8838174273858921,-1.593384915942074,-0.904668361630864,0.03319502074688797,-0.3097152724653995,-0.351157765043571,0.2987551867219917,0.4340202113269147,0.11404618913894836,0.6887966804979253,0.09867704647523602,-0.24514391807738078,0.5518672199170125
2026-05-19,0.5918193077713764,0.5412209132928079,0.75,1.3152977243669464,0.9402685542834525,0.8080110497237569,0.244279309242578,0.21604358649590197,0.6629834254143646,0.00102015194923466,-0.6027721904374979,0.5041436464088398,-0.24515484618656846,-0.3158234587579035,0.3397790055248619,0.47503273164773646,0.23437503664187773,0.7044198895027625,-0.0851056728266989,-0.19179783632715353,0.44613259668508287
2026-05-20,-1.2617302122576368,-0.05976279522400696,0.07724137931034483,-3.6228981897853734,-0.5807870270728227,0.013793103448275862,-0.3334803038702929,0.032868956373837036,0.26482758620689656,0.689787052997981,-0.17191910929233828,0.8082758620689655,0.2655458647705038,-0.12203368424843446,0.6717241379310345,-0.7034769961092098,-0.07824230760848475,0.19586206896551725,0.507911410412683,0.04143857925279193,0.7889655172413793
2026-05-21,-0.6916931997640288,-0.27040626340401425,0.23002754820936638,-1.491555084681349,-0.8843763796089981,0.1584022038567493,-0.053548493338170966,0.004063139803167703,0.4380165289256198,0.4034858433961801,0.019882541603834486,0.7066115702479339,0.07014347780890298,-0.05797463022932199,0.5454545454545454,-0.23056524918439825,-0.12901662146712256,0.39118457300275483,0.05646868774028596,0.04644861541528994,0.5289256198347108
2026-05-22,0.1790405331308207,-0.12059066455906928,0.5969738651994498,-1.0422246055077462,-0.9369924549085809,0.23658872077028886,-0.582965536398989,-0.19161308559755116,0.14030261348005502,-0.4532977003094291,-0.1378442057005867,0.265474552957359,0.1494377366423466,0.011162825394567533,0.5969738651994498,-0.23865567841931562,-0.16556297378452026,0.3892709766162311,0.11487636434644788,0.06925786505900924,0.5653370013755158
2026-05-26,-0.943778717557374,-0.39498668222517086,0.14285714285714285,-1.504928119234096,-1.126304343017086,0.15796703296703296,0.3274680403667004,-0.018586043609467334,0.7074175824175825,1.5252870027549867,0.4165328637846044,0.9532967032967034,0.39542635491908495,0.13925066856940665,0.7335164835164835,-0.45187780795625127,-0.2610012518417639,0.3008241758241758,0.5531883049113224,0.23056801167644697,0.8118131868131868
2026-05-27,0.35599559804034797,-0.14465925546999797,0.6707818930041153,-1.2065695063950321,-1.1530593974764014,0.2085048010973937,-0.08078115916563355,-0.03931774879485607,0.41975308641975306,-0.24314137677996006,0.196641450263083,0.3676268861454047,0.4832544932014681,0.25391861011342715,0.7777777777777778,-0.24859066875142438,-0.25686439081165074,0.38545953360768176,0.2462839471321461,0.2358066568283467,0.644718792866941
2026-05-28,0.12448530301807259,-0.054944402640641134,0.5712328767123288,-1.3138080875168707,-1.2066422941565578,0.18493150684931506,-0.3591513407577285,-0.14592894611581353,0.25068493150684934,-1.2983655023506275,-0.3016942006081538,0.06301369863013699,0.4574462167370647,0.32176114565463965,0.7671232876712328,0.377902093184342,-0.04527556281298653,0.673972602739726,0.2897250770068878,0.2537794635545271,0.673972602739726
2026-05-29,-0.20681202867855486,-0.10556694465327904,0.42270861833105333,-0.23236725911225165,-0.8818839491417891,0.4186046511627907,0.20800180396630702,-0.02795202942177337,0.6333789329685362,-2.8420785267285082,-1.1484889759816053,0.0027359781121751026,0.24921321642426578,0.29757850257784835,0.6580027359781122,-0.07206899391594704,-0.05420670651397337,0.45143638850889195,0.22655720293153278,0.24470537668019565,0.6333789329685362
2026-06-01,0.6216456941208307,0.13683726827142417,0.7663934426229508,0.3653246137261055,-0.4661477615191577,0.5806010928961749,0.3374048196586041,0.09383358693835245,0.7172131147540983,-2.231287955196362,-1.509421969053191,0.01092896174863388,0.19900836654878784,0.26472179056816153,0.6229508196721312,-0.4642923400898076,-0.19090191770591808,0.2923497267759563,-0.36230676211464674,0.04236799708191488,0.29098360655737704
2026-06-02,0.040709601899787756,0.10479471281421204,0.5279672578444747,-0.6278526008607891,-0.5200493746330348,0.3246930422919509,0.11959610225624501,0.10242109204431665,0.5702592087312415,2.6928216646497223,-0.10867409115222015,0.9972714870395635,-0.2274727542463219,0.10065694229666708,0.34379263301500684,0.18644194173297934,-0.06512063122628563,0.572987721691678,0.2713261725530369,0.11868738890562223,0.6657571623465212
2026-06-03,0.9004050031407111,0.3699981429230451,0.8419618528610354,0.38408629577272796,-0.21867081783111394,0.5871934604904632,0.2952025791433984,0.1666815877440106,0.6825613079019074,1.997751409810584,0.5934677425020478,0.9768392370572208,0.5141640762104728,0.23849265360126898,0.7997275204359673,0.6886101896669059,0.18612297573811154,0.7697547683923706,0.17412784250848978,0.13716754010657808,0.5967302452316077
2026-06-04,-0.4818548579446247,0.0860471426338219,0.2979591836734694,-0.7551169504344296,-0.3974861953655525,0.291156462585034,-0.6236286474952946,-0.09675515733575778,0.11836734693877551,-0.9244510977792626,0.08749479574161106,0.11972789115646258,-0.6537534531676268,-0.05892271532169627,0.14829931972789115,0.1278999671879251,0.16671530622138275,0.5387755102040817,0.04128441119843296,0.10520649713719639,0.5170068027210885
2026-06-05,2.6537035860914493,0.9419326237863643,0.9850543478260869,-0.009377103167519385,-0.2681164979662082,0.48777173913043476,0.20213398743409972,0.00287455758752804,0.6290760869565217,-1.1331446675227004,-0.3193850253464927,0.08423913043478261,-0.4889181978477676,-0.20225454283038669,0.21739130434782608,1.5314003887173908,0.6216103337200521,0.9538043478260869,0.4963733916396469,0.23559546197134656,0.7839673913043478
2026-06-08,-1.0304176853630733,0.28448252073655184,0.11804613297150611,0.8383970351667396,0.10072134641144104,0.7028493894165536,0.1996563048848482,0.06846847335330143,0.6241519674355496,1.633493444571242,0.3315744646260854,0.9592944369063772,-0.28535107898381995,-0.22995338821486444,0.3147896879240163,0.07172524415430301,0.4383153038648025,0.5156037991858887,-0.27982779686309583,0.06378770902653245,0.32700135685210313
2026-06-09,1.0185774888021004,0.529180843425068,0.8617886178861789,-1.727415162155828,-0.5086574897776486,0.13143631436314362,0.1490143011920705,0.09531708263289113,0.592140921409214,0.3689102470453085,0.34401972543249315,0.6924119241192412,0.2668149279823643,-0.06436394948245489,0.6720867208672087,0.11657744125180153,0.33106934966046886,0.532520325203252,0.7110539957387151,0.2795431379305933,0.8550135501355014
2026-06-10,1.8940991075703064,0.9841535981401475,0.9634641407307172,0.17149689996815615,-0.28193935986238033,0.5250338294993234,0.25322873830868886,0.1479543011914904,0.6657645466847091,-0.8426470718817619,-0.05153587367225851,0.13802435723951287,0.11318524306454553,-0.005180885300121424,0.5723951285520974,0.8842919478412781,0.5154768823874053,0.8281461434370772,0.8111711557934939,0.45675247721822687,0.8768606224627875
2026-06-11,-0.9485720150468846,0.3399117270778035,0.14054054054054055,-3.4004875821161624,-1.3214554339469742,0.01891891891891892,0.36438670785744676,0.22009843674680918,0.7418918918918919,2.153827598926652,0.6835852838607116,0.981081081081081,0.5916482925475606,0.19376217398243922,0.8432432432432433,-0.3634091635613401,0.2225148670711569,0.3310810810810811,0.2590032675894305,0.39083607400862813,0.6527027027027027
2026-06-12,-0.14432043423188579,0.17850100664124044,0.446693657219973,0.8493121155724734,-0.5978662507738252,0.7098515519568152,-0.2509327942516495,0.06308802641398965,0.3117408906882591,0.2951088537264451,0.5540931404826228,0.6572199730094467,-0.6595450835443858,-0.09067357852650243,0.145748987854251,-0.7822620287597901,-0.11241076487249205,0.17273954116059378,-0.4690981751278855,0.10419132429645697,0.2388663967611336
2026-06-15,-1.068959877356676,-0.23731928802473168,0.1105121293800539,-0.15195990602371762,-0.44923080252378933,0.4474393530997305,-0.04265567628944544,0.027840125512844628,0.4474393530997305,0.6646111007000264,0.5909324605550907,0.7964959568733153,0.7464815444128116,0.18837812911993557,0.8800539083557951,-1.2379127737053355,-0.48757810115010647,0.07142857142857142,-0.2622747927816006,-0.017964048062895532,0.33692722371967654
2026-06-16,1.0216727139261013,0.18234471262554594,0.8613728129205922,-1.8782409039022443,-0.9255675029832744,0.11440107671601615,0.4127131485528271,0.15613113319283878,0.7685060565275909,-1.4577333013977058,-0.09195612676250803,0.04576043068640646,0.7092406534078691,0.3619989705492468,0.8694481830417228,0.48674127481633267,-0.16280497582796016,0.7079407806191117,1.0356417896195185,0.3332378978312424,0.917900403768506
2026-06-17,0.24902993772448978,0.20457312099186056,0.625,-1.806986880527836,-1.219373962164795,0.12903225806451613,0.5919524524921304,0.30140490629260264,0.8575268817204301,1.324692238870401,0.3802599951151283,0.9206989247311828,-0.28119539055761544,0.14760085018029273,0.3172043010752688,1.1635133208261632,0.2793011230567476,0.8991935483870968,-0.29683715285050116,0.12321288093732793,0.31586021505376344
2026-06-18,-0.9788498002505664,-0.18990118608894843,0.13691275167785236,-0.6551731334799324,-1.0313070192698408,0.31409395973154364,-0.4197636731412935,0.06101537981463731,0.20268456375838925,1.7070562762061454,0.8225254221454674,0.963758389261745,0.33057930573511995,0.2085936686985685,0.702013422818792,-0.9553530789181621,-0.13225027760155564,0.1342281879194631,0.2072901454177073,0.15123863576412105,0.614765100671141
2026-06-22,-0.6282410955697039,-0.33601448924920024,0.2479892761394102,0.6595543908089757,-0.46768654924356867,0.6554959785522788,0.14334570269931818,0.0884588207761976,0.5817694369973191,0.9831687725786882,0.8760732056232078,0.8646112600536193,-0.9243929054330046,-0.16906852267862252,0.09249329758713137,-0.07415418497214155,-0.11288491339175094,0.4477211796246649,-0.5440321161449188,-0.08051828153889219,0.19571045576407506
2026-06-23,1.9311617993107695,0.4197109402707896,0.963855421686747,-1.051008062893461,-0.6621270537935329,0.23962516733601072,-1.0097745980143331,-0.2776189854873126,0.040160642570281124,-2.6828436553597226,-0.3102324147044355,0.008032128514056224,0.11412044023738471,-0.07467220170662012,0.571619812583668,1.1171219610027632,0.2971173780730871,0.891566265060241,1.042520948010897,0.29382812831103755,0.9183400267737617
2026-06-24,1.1483010474374145,0.6625743093263312,0.8917112299465241,-4.108667217467676,-1.8109737750182475,0.008021390374331552,-0.11858448972637581,-0.2246074869003337,0.40106951871657753,-0.1318069272657864,-0.2507572522248858,0.4344919786096257,1.4031091005841323,0.4179215657236307,0.9652406417112299,-0.8393588981019472,-0.08170804731859097,0.16176470588235295,1.7396841620343917,0.7757801395521555,0.9745989304812834
2026-06-25,0.07529693695152018,0.46681518520139426,0.5447263017356475,1.4154371428981183,-0.7355034690461258,0.8344459279038718,0.40844526975244155,-0.013589901349408656,0.7636849132176236,1.4097821747384438,0.30275589009622406,0.931909212283044,-0.05935630897898897,0.2588289408227575,0.45660881174899864,0.6254823502427072,0.15402208520184174,0.7503337783711616,0.18636476520119738,0.5793083481018363,0.6008010680907877
2026-06-26,0.10467724217138152,0.34610253752472336,0.56,-0.26924434599558256,-0.5800837613626115,0.4093333333333333,-0.404335423752184,-0.14383840881700044,0.21733333333333332,-3.444256746320298,-0.9462483220426166,0.0013333333333333333,0.8572203288644802,0.45829273683666505,0.9013333333333333,1.1396319163184403,0.48255869557404124,0.8933333333333333,1.289529049136386,0.8160485817800196,0.948
2026-06-29,-0.8249280233853302,-0.044240982778627785,0.17976031957390146,0.21492873931218615,-0.3150795944710123,0.5406125166444741,-0.12419321115678383,-0.13729000959692825,0.3981358189081225,0.15827050207246618,-0.5780753806709223,0.5952063914780293,-0.14046487473413766,0.2587068663130642,0.41145139813581894,-1.5774063748558416,-0.20409632790258625,0.03861517976031957,-0.8956134106073949,0.24549458431754823,0.10252996005326231
2026-06-30,-1.942852542810603,-0.6771115027892862,0.015957446808510637,2.2451430848947287,0.5383279653175679,0.9507978723404256,-0.04050835780642942,-0.10502945900009532,0.4521276595744681,0.7153579555681296,-0.14693093525790507,0.8085106382978723,-0.907301886443776,-0.1299627179392158,0.09308510638297872,-0.234716876008762,-0.2143031772713115,0.39095744680851063,-1.142885484485489,-0.21729877195013084,0.05319148936170213
2026-07-01,-0.41315671998334413,-0.5891265751873056,0.3346613545816733,1.171746879683376,0.749467603439504,0.7742363877822045,-0.42659025744732504,-0.21221639181583857,0.20053120849933598,-3.0978512827755953,-1.1305710510971352,0.00398406374501992,-0.894695094560511,-0.3848735101463142,0.09428950863213811,0.3916156880016317,-0.012330222180330475,0.6772908366533864,-0.36121806214589536,-0.2652718686820524,0.2921646746347942
2026-07-02,1.7110521656293578,0.1775996717515821,0.9535809018567639,0.7905826744575045,0.7631726271121709,0.6856763925729443,0.7116122577520329,0.09572649137345188,0.8912466843501327,-1.5038044520176392,-1.2549821847373033,0.04774535809018567,0.43852283031582673,-0.1104080633256006,0.7546419098143236,1.104584615447334,0.35997472369555766,0.8885941644562334,0.12334753258600309,-0.13573206825936723,0.5623342175066313
2026-07-06,-0.9692188525968028,-0.20467316969787955,0.13774834437086092,0.7005065535234315,0.7422839359159245,0.6635761589403973,0.7056285019848452,0.2990271615772496,0.8874172185430463,-0.09294080720914921,-0.8676350588945854,0.44900662251655626,-0.19557548019043508,-0.13879720228054543,0.37218543046357616,-0.3844074627570369,0.11184732821135951,0.32317880794701986,-0.32846600781354773,-0.1999767147774274,0.3033112582781457
2026-07-07,0.2714854880111171,-0.045953617128214025,0.6335978835978836,2.945360876055652,1.4766429159625003,0.9814814814814815,-0.5359901910878206,0.020688044022226237,0.16005291005291006,-0.9429018412519347,-0.8927239863470352,0.11904761904761904,-0.42387322278532635,-0.23382254244880574,0.2526455026455027,0.40630377333031614,0.20999947658434504,0.6772486772486772,-0.37746569598453816,-0.259139708513131,0.2791005291005291
2026-07-08,0.7177275357260344,0.20860676715653542,0.7926023778071334,0.6333043920498143,1.1955300746582718,0.6433289299867899,0.5353320076064276,0.1922360318836267,0.8309114927344782,1.3884274083421173,-0.13234018811731785,0.9299867899603699,0.43861898895171714,-0.00967536531529814,0.7556142668428005,0.4235500974300873,0.28118301686625913,0.6829590488771466,-0.01088106005174383,-0.17638682569266861,0.4861294583883752
2026-07-09,-1.5788105983971779,-0.38719902136136897,0.044854881266490766,-0.6622423997724408,0.5762725831813676,0.3073878627968338,-0.5139899764957889,-0.04317263757617848,0.17018469656992086,-0.02072071908906392,-0.09513369844123322,0.4894459102902375,0.0946079472044633,0.025085738857955668,0.5633245382585752,-0.826747674804071,-0.08812721369051754,0.1662269129287599,0.24672061564565234,-0.035351011913228314,0.6464379947229552
2026-07-10,0.6612458822615294,-0.037717386820402904,0.7812911725955204,0.19006283212343983,0.4475359994953917,0.530961791831357,0.49330736467923886,0.13565402984229397,0.8115942028985508,0.7938054731566655,0.2011793587580663,0.83399209486166,0.0034377713690986467,0.01786974969500333,0.49670619235836627,-0.5171749267665257,-0.2311431180491869,0.2753623188405797,-0.02247152373741354,-0.031057849187956725,0.4795783926218709
2026-07-13,0.5972201656837196,0.1739284640143046,0.75,2.1479188673028076,1.0143302887645302,0.9421052631578948,-0.47016270022586304,-0.06628488018042501,0.18421052631578946,-1.5792011264582055,-0.3922808029806909,0.039473684210526314,-0.27744640777271734,-0.08056896946090356,0.31842105263157894,0.9400123350936587,0.15924203299842823,0.8460526315789474,0.07585523378943515,0.004579845137840564,0.531578947368421
2026-07-14,-0.6289776228424577,-0.09370689827128284,0.2483574244415243,0.32078068158103484,0.7831470863700318,0.5650459921156373,0.5309095458854055,0.13277992850818515,0.8291721419185283,0.5351227456688228,-0.0831462867641864,0.7608409986859396,0.4815347148857977,0.10679892532133017,0.7779237844940867,0.42551226309475837,0.24799877636387163,0.683311432325887,0.3039928880499949,0.10438419277522534,0.6846254927726675
2026-07-15,-0.3401793637626625,-0.17586438676840938,0.36089238845144356,-1.2115719134048168,0.11824075311174898,0.2073490813648294,-0.0012674311681564188,0.08809747528273797,0.489501312335958,-0.6274561171331061,-0.26458289688715964,0.21128608923884515,0.017045146899202557,0.07688099918062098,0.5065616797900262,-0.19693371182331135,0.099687946968144,0.40551181102362205,0.13761953373220026,0.11546263976088365,0.5721784776902887
2026-07-16,1.247453055539118,0.29857476066743305,0.9069462647444299,-0.8886700602428461,-0.21739618467311603,0.2634338138925295,-0.4201003455234355,-0.08130179831931984,0.20445609436435125,-1.1262571017505056,-0.5518076318416083,0.09174311926605505,-0.7287226377364179,-0.19165354645839194,0.12844036697247707,-0.18654745911328208,0.00427614494100198,0.4076015727391874,0.211243278490709,0.14738951933749211,0.6212319790301442
2026-07-17,0.9185130665135914,0.5052208626161525,0.8390052356020943,0.5292076460238998,0.03147175889255588,0.6191099476439791,0.252529050537596,0.0299751512996521,0.6636125654450262,-0.2445994207925749,-0.44940489482526386,0.3704188481675393,1.1143239839093064,0.2436722969975075,0.9424083769633508,1.970975780410547,0.659842690097517,0.9712041884816754,1.1068520279586573,0.4672103555445472,0.9280104712041884
2026-07-20,-0.27155864759746584,0.24629435921161308,0.3908496732026144,1.8891143666364734,0.6506859614738617,0.9032679738562092,0.173832471180715,0.0779275912600064,0.6078431372549019,-0.08519958887236456,-0.32800312617429744,0.4522875816993464,-0.33657619599607114,0.05025613266631464,0.2823529411764706,0.48647038274618715,0.602051920980407,0.7058823529411765,-0.5467873078104852,0.12921113442620313,0.1934640522875817
2026-07-21,-1.3595333250785895,-0.28898153555178774,0.06266318537859007,1.4072346008970185,0.9028688412815806,0.8315926892950392,0.19879766670499022,0.11821761640833434,0.6227154046997389,2.014372614938652,0.45278878753001894,0.9765013054830287,-0.3820218200347055,-0.09383651823402539,0.27023498694516973,0.21745457613213526,0.4738528060309832,0.587467362924282,-0.6912989559918633,-0.14429222904648564,0.1566579634464752
2026-07-22,0.7055893701937406,0.04254209969672165,0.7900912646675359,1.2281415778047422,1.0112930867893013,0.7913950456323338,0.5591242398578075,0.26518649089149204,0.8435462842242504,1.8735398664533784,0.9263724805044722,0.9713168187744459,-0.06834675986262106,-0.08533993211022396,0.4511082138200782,0.7209029824149119,0.5562028648256261,0.7770534550195567,-0.16019027475355102,-0.14959157761550745,0.39374185136897
2026-07-23,0.8481852028923309,0.3110898007619247,0.8307291666666666,0.5512849419648986,0.8579570385145006,0.6197916666666666,0.20657682421726864,0.24564993533341759,0.6302083333333334,0.5684944155914482,0.8070797922001309,0.7669270833333334,0.3001753316651843,0.04316515581491211,0.6927083333333334,2.1492980287593157,1.087234586136856,0.98046875,0.6300871832787225,0.11030134268256916,0.83203125
2026-07-24,0.5537186421723189,0.3919660812320561,0.7347204161248374,-0.7040747412944548,0.3372797785781822,0.29908972691807545,-0.03031106195804481,0.15366293623626348,0.459037711313394,-1.7400070894794069,-0.04194916835971485,0.033810143042912875,0.5200102003965404,0.20211350400878822,0.8049414824447334,-0.2935771546196324,0.6269640058846933,0.3563068920676203,0.6718856904730478,0.2974961252793954,0.8374512353706112
2026-07-27,0.49541020616525855,0.4264474562097903,0.7090909090909091,-3.3599690268483258,-0.8951364898973204,0.02077922077922078,0.09673348592506631,0.13468645279919778,0.5506493506493506,-2.3966076707845123,-0.8268353358346473,0.011688311688311689,0.6639724275195618,0.3560664785123794,0.8623376623376623,-0.38441138234695466,0.289838876474144,0.3194805194805195,0.5655344621903786,0.38684223758305647,0.8181818181818182
2026-07-28,0.8194601133851175,0.5574516752682327,0.8236057068741893,-1.6742112680143655,-1.1548280826030022,0.14267185473411154,-0.6530617091468556,-0.12789626784948666,0.10376134889753567,-1.6790179470257118,-1.110896206231669,0.040207522697795074,-0.0034300478398757717,0.23623430306162768,0.4915693904020752,-0.8931563868470755,-0.10449287796626244,0.14785992217898833,0.32079000235167243,0.36482482583926185,0.6964980544747081
2026-07-29,-0.22706204823550136,0.29594710076698805,0.40932642487046633,5.273454347294676,0.9879327273628903,1.0,0.844536429705143,0.19624796466872318,0.9196891191709845,-1.8005743293560497,-1.340788913939796,0.03367875647668394,-0.13563782206214814,0.11227692802036911,0.4183937823834197,1.8989794438459535,0.5633312293044762,0.9689119170984456,0.2321004570650873,0.3205833695812037,0.6373056994818653
2026-07-30,-1.8866095321956575,-0.43157177688722714,0.02199223803363519,-0.07595170832228479,0.6333045821344986,0.46183699870633893,0.6950846964353645,0.36252687525760363,0.8822768434670116,1.8647454982322793,-0.27227744321577096,0.9676584734799483,-0.2969052513415088,-0.02411713176692351,0.3027166882276843,-1.3048424067608173,-0.05939331605062159,0.06338939197930142,-1.0618348481287703,-0.14022270298878758,0.06597671410090557
2026-07-31,-1.7174512193775704,-0.8601982577173415,0.03875968992248062,1.964658890061298,1.0770893514434317,0.9108527131782945,-0.23473794337755363,0.1634386023792179,0.32170542635658916,-0.33035353140054957,-0.29163613927736387,0.330749354005168,-0.7264591311296574,-0.2582311315545015,0.12790697674418605,-0.7909157351878605,-0.3032341224297012,0.17183462532299743,-0.96603341619477,-0.415492940724115,0.08656330749354005
2026-08-03,-1.1632560133975696,-0.9612175096107509,0.09806451612903226,-1.503806941033541,0.2167905872844409,0.15870967741935485,-1.1713161858964027,-0.2814796603793223,0.02967741935483871,-1.0502129704321677,-0.5444950829956318,0.10580645161290322,-0.30910314489413804,-0.27518846933438035,0.29419354838709677,-1.5063559793496775,-0.7042747414030266,0.04258064516129032,-0.5255079993085686,-0.45216462691893294,0.2064516129032258
2026-08-04,0.1546916129904624,-0.5892478020770132,0.5876288659793815,-2.5345472663063733,-0.7003220305791638,0.05670103092783505,-0.4500044666261791,-0.3376545957949413,0.19072164948453607,-0.0917671517130223,-0.3935857725680953,0.452319587628866,0.23620634628645987,-0.10472353079410031,0.645618556701031,-1.7157133959526067,-1.04142095958622,0.030927835051546393,-0.1815404887646508,-0.3619565808675056,0.38144329896907214
2026-08-05,0.3927645379518847,-0.26191035540071395,0.676962676962677,-0.48648634966432747,-0.6290434702742184,0.3552123552123552,0.5699342792586832,-0.03512497077706647,0.8468468468468469,-0.08703667848866198,-0.29140274120828424,0.4543114543114543,0.5419470715707037,0.11083333666083432,0.8146718146718147,1.1514742656361299,-0.3104558845121035,0.8944658944658944,0.42496778531659996,-0.0996484588061371,0.7451737451737451
2026-08-06,-0.18543520348148107,-0.236418638094303,0.43316195372750643,1.5875610102941649,0.10982468991524263,0.8560411311053985,0.18248192457093504,0.0374106610056007,0.6118251928020566,0.9939246149663632,0.13703971084993152,0.8663239074550129,-0.3646055786575463,-0.04764630177862586,0.2712082262210797,0.6950811070065237,0.024723112660772234,0.7686375321336761,-0.6291566835976251,-0.27615120040329977,0.16838046272493573
2026-08-07,-0.6857523282840358,-0.3861965348242139,0.2336328626444159,-0.5252996347837982,-0.10188341831777095,0.3491655969191271,-0.0020689639121483916,0.024250786033017672,0.4852374839537869,-0.7210658958157454,-0.14899549137196078,0.17329910141206675,0.46995510761151343,0.12488750135142057,0.772785622593068,0.06816433211127781,0.0392035191442741,0.5121951219512195,0.1195598832425614,-0.14424750585467938,0.5596919127086007
2026-08-10,-0.4515787772296047,-0.40799061562601086,0.31025641025641026,3.0726605025069924,0.9562978886238168,0.985897435897436,-0.05090378441734417,-0.0008007374504362709,0.4371794871794872,-1.1939441606151457,-0.49731171445302247,0.08717948717948718,-0.428966645155626,-0.0597305474842616,0.24487179487179486,1.0818467822414404,0.38675127350999616,0.8846153846153846,-0.5163914800111964,-0.26829549724018503,0.2153846153846154
2026-08-11,0.05031352684261785,-0.255222568136468,0.5313700384122919,-0.3376071076451099,0.5249962232008413,0.39308578745198464,0.12555663651296262,0.04131838720403002,0.5672215108834827,0.5576152338602607,-0.14566939834859483,0.7631241997439181,0.09854642072943914,-0.006971558079694691,0.5685019206145967,0.7122716832869961,0.4952580767689962,0.7708066581306018,0.4603479359513593,-0.025414352843003613,0.765685019206146
2026-08-12,0.3539811864997955,-0.052154649924380195,0.6649616368286445,0.5683339413256173,0.5394421292424333,0.6278772378516624,0.19997306800741843,0.0942032808051595,0.6253196930946292,1.1040742131393761,0.2709118054807288,0.8823529411764706,-0.12611097363027085,-0.04668469659655341,0.42838874680306904,0.040144188166787415,0.34355344723492665,0.4936061381074169,-0.05615747489542028,-0.03566206019380917,0.45907928388746805
2026-08-13,0.8166435660957263,0.2374447554156553,0.8237547892720306,-1.7497442852789726,-0.22362000893136857,0.12899106002554278,-0.2609901191376739,-0.024194519175784954,0.30140485312899107,-1.4298846152653124,-0.29602033476795153,0.06002554278416347,0.37310893216365304,0.09324651299018206,0.719029374201788,-1.2410312334486813,-0.18464144632627597,0.07279693486590039,0.2092060242526228,0.04596063462166814,0.6168582375478927
2026-08-14,-0.603086768282572,-0.04273241915042045,0.2576530612244898,1.944443836594891,0.4990679395773846,0.9094387755102041,-0.1279061166728316,-0.058765051674800506,0.3903061224489796,0.9316971590591002,0.11321882984106565,0.8571428571428571,-0.3437712163713822,-0.05242606346367268,0.27933673469387754,0.8623714983155536,0.16436286855433385,0.8176020408163265,-0.23535205827870997,-0.04781026301179122,0.35841836734693877
2026-08-17,-0.8005817154131405,-0.2953488512379938,0.1859872611464968,1.6341856832670625,0.8774405208072773,0.8649681528662421,0.6358095761392633,0.17275982426322073,0.8738853503184714,1.3675409915286387,0.5313262170702567,0.9235668789808917,0.165297596462174,0.020148489844942878,0.6038216560509554,1.0170492963575424,0.44859167782207,0.867515923566879,0.11943952128900504,0.007939665088474192,0.5592356687898089
2026-08-18,1.601667670857522,0.33698998946051134,0.9440203562340967,-0.4295892867907671,0.4417639182745959,0.37404580152671757,-0.2582139781666677,0.029101890119924603,0.3053435114503817,-1.233802101031435,-0.057049888963640494,0.08396946564885496,0.628807556077894,0.22303484525592657,0.8575063613231552,0.25299734591015954,0.3833935671847665,0.6030534351145038,0.657312378922431,0.2243972363664598,0.8384223918575063
2026-08-19,1.0214493793708173,0.5651431194306133,0.8614993646759848,-2.886061212728692,-0.6675111253931667,0.036848792884371026,0.1703964523365365,0.0762000775254619,0.6048284625158831,-0.895634679717968,-0.33657815254841633,0.1372299872935197,1.2435469640375085,0.5632055515164539,0.9567979669631512,0.2318193044857603,0.3328688129517645,0.590851334180432,0.48281279291829526,0.31053575521707166,0.7763659466327827
2026-08-20,-0.08916944613837563,0.34703893090761706,0.46573604060913704,2.968833441645873,0.544603730286513,0.9822335025380711,1.235845729165912,0.46274862807227857,0.9758883248730964,0.4761221427593062,-0.06567805411250888,0.7322335025380711,-0.40443622818847036,0.24065829161481253,0.26015228426395937,0.6261994929860397,0.43064570629652293,0.7461928934010152,-0.2103716128885995,0.1368999658485146,0.37055837563451777
2026-08-21,-0.6824601544537445,0.0038725691204965773,0.23447401774397972,-0.3064505166889504,0.26091898129469193,0.4005069708491762,0.06510493579082055,0.33020073064512595,0.5361216730038023,-0.5501031827288659,-0.22715309698462788,0.24461343472750316,-0.6152620087268641,-0.044648475165746326,0.1596958174904943,0.013123530879129763,0.2914716478240586,0.4816223067173637,-0.7381083401791262,-0.1547694694940323,0.14195183776932827
2026-08-24,1.5157583390135319,0.5078344924181749,0.9392405063291139,-1.6131649652168774,-0.3637756675424978,0.14936708860759493,0.0032400669126823045,0.22121384273431144,0.49240506329113926,-0.32821899839881097,-0.2608417307893556,0.3341772151898734,0.34722680237397463,0.08597661734749398,0.7050632911392405,-0.09771173351710971,0.1617438540436692,0.43291139240506327,0.3943912833656224,0.028284114792519258,0.7341772151898734
2026-08-25,0.3092363802337158,0.4416351216900219,0.6460176991150443,-2.8163317531816463,-1.1812943627555472,0.04298356510745891,0.5314208649217931,0.324616183463472,0.8280657395701644,0.8182171930832535,0.09884457716818074,0.8331226295828066,0.8738856046728278,0.34861294645593854,0.9064475347661188,-0.7663016445615665,-0.14760464549140934,0.18078381795195955,0.5675289692807965,0.208032399621945,0.8217446270543616
2026-08-26,0.005015817011863044,0.296095353463969,0.5088383838383839,0.7582170327452573,-0.5347905642552792,0.6742424242424242,-0.2415214147695838,0.13590365071912008,0.3143939393939394,-0.023697809964443973,0.05799711479063917,0.4898989898989899,-0.5765917721792131,0.04021137357755469,0.17297979797979798,-0.09542777287045365,-0.13021235461775743,0.43434343434343436,-0.526269154171749,-0.03673478497595298,0.20454545454545456
2026-08-27,-0.5154502863106685,0.025580140205756524,0.2900378310214376,0.9225690313872286,-0.04900403237444334,0.7175283732660782,-0.3798347960491743,-0.036009164870311375,0.22824716267339218,-1.7990932794102703,-0.561033016609664,0.034047919293820936,-0.05164895514498938,0.009591264003373338,0.46279949558638084,-0.4734942970799514,-0.24463966877182208,0.2849936948297604,-0.41474124654265476,-0.16273693883152024,0.2597730138713745
2026-08-28,0.2020795909728039,0.08441329046143899,0.5994962216624685,-0.18842260525689475,-0.09547689000192715,0.43828715365239296,0.45742182773005474,0.128467832663144,0.7909319899244333,-0.5286278131599913,-0.5502312821264398,0.2506297229219144,-0.5828630562824233,-0.18789350942522554,0.17002518891687657,-0.6086844863084248,-0.365987941284023,0.23929471032745592,-0.5509019950852071,-0.2921252909160825,0.19269521410579346
2026-08-31,-0.09501559280942007,0.024603662704485982,0.46163522012578617,1.2005795117113864,0.3365419105691773,0.779874213836478,0.2845362500982865,0.18049063847485816,0.680503144654088,0.16758237544797372,-0.31096006293496864,0.6062893081761006,-0.018186704505996243,-0.13132457445214912,0.4830188679245283,0.3406307981082061,-0.13044836148661335,0.6477987421383647,-0.24124773425162788,-0.27516610536126435,0.35471698113207545
2026-09-01,1.1082592871051844,0.38582220417138546,0.8756281407035176,2.1156672803674037,0.9295837005019194,0.9346733668341709,0.4418432240274972,0.26760816699240453,0.7801507537688442,1.1562621395764832,0.1781140045688486,0.8881909547738693,0.50345079924829,0.08026721678133054,0.792713567839196,0.6030111664456703,0.11403814782414787,0.742462311557789,0.3875469065939572,-0.054261768042857206,0.7324120603015075
2026-09-02,-0.4535433582401329,0.10603368336754604,0.3074027603513174,0.13131808506434733,0.6634951620227287,0.5081555834378921,-0.4278559356789506,0.035786799435286204,0.1944792973651192,1.28483376216627,0.5470205904346557,0.9159347553324969,-0.47677651727199705,-0.10541402790311197,0.22082810539523212,-0.2851260637978976,-0.01901658938320061,0.36637390213299875,0.014158120832088394,-0.031455138417875346,0.4993726474278545
2026-09-03,-0.694991775869269,-0.1609748030447256,0.22431077694235588,-0.5520512922110967,0.2583130106114536,0.3383458646616541,-0.009098684396644519,0.020824971491309296,0.4774436090225564,-1.27609519827391,-0.060684672468199474,0.07644110275689223,-0.2048736080332202,-0.1385672212798147,0.36716791979949875,-0.5040353317629952,-0.1806895035097988,0.2756892230576441,-0.36654021706725404,-0.14315016463433491,0.2857142857142857
2026-09-04,0.19462396813398403,-0.042441879318489084,0.5982478097622027,-0.6851541276050126,-0.05617603546070177,0.30287859824780977,0.5234328658920447,0.18836093629155443,0.8247809762202754,2.121611360430121,0.6667473384979072,0.9799749687108886,-0.06694304189590829,-0.11469249481851257,0.4530663329161452,0.3357139695936385,-0.008555012475319729,0.6470588235294118,0.2741519616428965,-0.00404945587525779,0.6683354192740926
2026-09-08,0.3080866091402276,0.07440095016774981,0.6475,0.5168760649515498,0.13484133134338208,0.615,0.24653743990948712,0.20775310416419868,0.66375,1.6364191488481323,0.9899712752813156,0.955,0.22013925214755165,-0.0030819124964911876,0.635,0.7548283350314587,0.24590610336027305,0.79,0.08305824815656399,0.0249864454686828,0.53375
2026-09-09,0.31809577597313865,0.1556325587695461,0.6566791510611736,1.5183546848932457,0.5960124491933366,0.8401997503121099,0.3471204065606527,0.25420887162968336,0.7253433208489388,0.8385516390824846,0.9394980632150387,0.8352059925093633,-0.046226699694798756,-0.017463508229260377,0.46691635455680397,0.6176285356268256,0.36981358078245724,0.7453183520599251,-0.17974830785543228,-0.043258472306022214,0.383270911360799
2026-09-10,-0.15928284297882556,0.050660758186755556,0.43640897755610975,3.1469187552990805,1.4463145512285847,0.9900249376558603,-0.34338907919008954,0.0550095546897591,0.2518703241895262,-0.3982283521325787,0.4935892580991664,0.3092269326683292,-0.88948549551504,-0.3081375039911869,0.08977556109725686,0.8572171197088032,0.5322814270912393,0.8179551122194514,-0.47689369423769734,-0.18780354628324725,0.23566084788029926
2026-09-11,-0.27528649452387643,-0.05798832605012177,0.386052303860523,-1.9617226719657728,0.31030214349713237,0.10709838107098381,0.2155041080411053,0.10850773914020784,0.6450809464508095,0.3359561044092242,0.4410448735358523,0.6674968866749689,-0.4675098429208076,-0.36126161696772713,0.22540473225404734,-1.1073700955437638,-0.014269080453761684,0.09713574097135741,-0.8099999465090888,-0.39520234635852775,0.11830635118306351
2026-09-14,0.9398766058762895,0.2746333179253487,0.8482587064676617,-0.3037366341501312,0.10562255094804453,0.4017412935323383,-0.7640496951018398,-0.18234473894047468,0.07835820895522388,-3.6780289194226663,-0.931979724116987,0.0012437810945273632,-0.08992841268087752,-0.2708172155387773,0.44029850746268656,0.2151879421649197,0.062216593752465445,0.582089552238806,0.2024320643379844,-0.19599087612635707,0.6144278606965174
2026-09-15,0.5003046335777548,0.34985708980948405,0.7142857142857143,1.1600745767608434,0.4571065595523108,0.7664596273291926,0.3569793153630834,-0.002570054172622002,0.7341614906832298,0.8560720173801017,-0.3359624769512909,0.8409937888198757,0.11931274838377098,-0.14077389423126122,0.577639751552795,0.9594458323886061,0.361293006631179,0.853416149068323,0.2965861175998461,-0.03179854488428936,0.6795031055900621
2026-09-16,0.4489747401794256,0.3828963065994646,0.7009925558312655,-2.2681652510934356,-0.4513173773296046,0.08064516129032258,0.22229231848736247,0.07238407004737281,0.6501240694789082,0.9403627419733026,0.0894792626902402,0.8573200992555832,0.033579426155887715,-0.08265612076887824,0.5248138957816377,0.19303008072244549,0.3052053646616012,0.5707196029776674,-0.3146069879826877,-0.12606802591708882,0.3076923076923077
2026-09-17,0.25839121694395784,0.34139461004762905,0.6257744733581165,-3.2533341884837146,-1.385322981047641,0.022304832713754646,0.2545585420104539,0.1331088940350665,0.667905824039653,0.9703545687098838,0.3831043646967881,0.8574969021065675,0.6006315040901409,0.14510642085079478,0.8463444857496902,-1.3240858270846882,-0.23789169925382858,0.06319702602230483,0.09847705937524576,-0.0512196641529773,0.5452292441140025
2026-09-18,-0.5071271582585519,0.05855402061223544,0.28836633663366334,0.9494863186776964,-0.6070532144725287,0.7227722772277227,-0.35844889990089057,-0.03074370394358583,0.24628712871287128,1.656407223165627,0.8075386508530678,0.9566831683168316,-0.6982193640814345,-0.13600217412661497,0.1311881188118812,-0.21253430838194065,-0.22943923562986596,0.39851485148514854,-0.7141543320250873,-0.27219788677701395,0.14727722772277227
2026-09-21,-0.4344750716270873,-0.10578901013420547,0.3263288009888752,-1.1908846506530137,-0.801663693199357,0.2138442521631644,0.1985473480024864,0.04568664670510491,0.6180469715698393,0.48579435397292947,0.7002905518930218,0.7330037082818294,0.8409094663292952,0.18963503935868836,0.899876390605686,-2.2633444241350724,-0.9074076317982681,0.009888751545117428,0.03563453334373512,-0.16958708007009762,0.511742892459827
2026-09-22,0.087997097887554,-0.041193640793618994,0.5493827160493827,-0.9262690798195465,-0.8431988220727537,0.2580246913580247,-0.008237817149740256,0.027711825420156523,0.4765432098765432,1.050068522335487,0.8168832087071769,0.8728395061728395,0.5288180325291053,0.3026960370821607,0.8098765432098766,-0.23644102150048218,-0.6837520950323395,0.3851851851851852,0.24826911728153678,-0.03030168095288617,0.6530864197530865
2026-09-23,0.2799097666096111,0.06584082834079102,0.6325524044389642,2.7311354291620784,0.3482459283388569,0.969173859432799,-0.28510649488018247,-0.0765609480132898,0.28236744759556104,-0.4965944485636928,0.3790573229502204,0.2564734895191122,-0.6900169010583053,-0.02820827563132794,0.13316892725030827,0.836719610842463,-0.17692819307407204,0.8113440197287299,-0.6565634086619738,-0.2390555901892487,0.15906288532675708
2026-09-24,-1.295223662598647,-0.3878473353056883,0.07389162561576355,1.8594841515000173,0.8519920027259105,0.8940886699507389,-0.3663795283016719,-0.17316714144275053,0.23891625615763548,0.5718219323761103,0.44331219275885037,0.7598522167487685,-0.7983048303178976,-0.2849071271935178,0.10837438423645321,0.38633920200615174,0.010827605286002517,0.6699507389162561,-0.45539416688065715,-0.31116844908638486,0.24630541871921183
2026-09-25,-0.03868501462199486,-0.27145989507779056,0.4858548585485855,-0.08010996235263505,0.5412913476997288,0.46248462484624847,0.4979332462168785,0.05053298777712578,0.8154981549815498,1.208868864114635,0.6984977498774453,0.9028290282902829,0.8621490594317052,0.0974449350148898,0.9077490774907749,-0.9432514384399504,-0.30719874262264846,0.13530135301353013,0.943769923704048,0.10714434184375937,0.9089790897908979
2026-09-28,0.4458204949975285,-0.03236643171935091,0.7014742014742015,1.1787718474890867,0.7537848476295148,0.7714987714987716,0.17125351134790567,0.09077316230071908,0.6007371007371007,0.15816769545283865,0.5183877317359098,0.5884520884520884,0.23570978078602,0.14353321693859988,0.644963144963145,-0.04745285264879051,-0.22061677929802917,0.4619164619164619,0.18179788884023274,0.1320288575092505,0.6007371007371007
2026-09-29,-0.4994024037325489,-0.18804508905708356,0.2883435582822086,0.18074292881333032,0.5627708746907867,0.5276073619631901,-0.008022729327935907,0.05784119842450076,0.47730061349693254,0.6430871363518484,0.5599541999412228,0.7717791411042945,0.5455037209360631,0.2775233849377543,0.8171779141104294,0.06834364380087621,-0.12429663826506074,0.5116564417177915,0.35385651419814634,0.20597140973888245,0.7128834355828221
2026-09-30,-0.8622218365513166,-0.41277067155516123,0.16176470588235295,1.322030984759754,0.8158575780471091,0.8100490196078431,-0.34995943571890753,-0.07809234628996867,0.25,-0.4031701415767885,0.2389127527685524,0.30269607843137253,0.2601966628127931,0.27174781089610056,0.6666666666666666,0.23106087650694113,-0.005844133341060126,0.5906862745098039,0.23205286254158286,0.2146652273397826,0.6409313725490197
2026-10-01,-0.11293613987970497,-0.3128258276633425,0.45165238678090575,-0.825079776999891,0.2688784596981092,0.2717258261933905,-1.1085826301911084,-0.4215891075903485,0.030599755201958383,-0.39279771061415447,0.028342598307650124,0.31211750305997554,0.4913048544067279,0.3449334920663097,0.7858017135862914,0.24649040200768366,0.07826737844185447,0.5973072215422277,0.7000453297850979,0.3764585948215544,0.8531211750305998
2026-10-02,-1.0993627011412495,-0.5750047854893114,0.1039119804400978,0.13795076883139087,0.22523589607586977,0.5097799511002445,0.13544480397652103,-0.2359111370680587,0.5721271393643031,1.1024744340486647,0.38638654355465496,0.8777506112469438,-1.0558821543829784,-0.12200505675011963,0.06234718826405868,-1.1987003261975575,-0.3473885231046162,0.08312958435207823,-0.9538900462309512,-0.06699095219594742,0.0843520782396088
