date,TLT,XLP,IWM,XLY,RINF,PDBC,VXUS,VTI,SMH,XSW,IGV,IEF,HYG,LQD,KRE,USO,GLD,XAR,SPY
2024-01-02,87.36029052734375,67.66152954101562,193.6932830810547,86.55308532714844,28.457294464111328,12.146895408630371,53.23619842529297,227.75418090820312,167.70257568359375,146.0169677734375,78.85921478271484,86.61775207519531,65.56634521484375,97.08773803710938,48.89918518066406,65.7699966430664,190.72000122070312,131.83663940429688,457.6727600097656
2024-01-03,87.72463989257812,67.13204193115234,188.5286102294922,84.80394744873047,28.457294464111328,12.312661170959473,52.9017219543457,225.56968688964844,164.72506713867188,141.7437744140625,77.58744812011719,86.82523345947266,65.38783264160156,96.86691284179688,47.2909049987793,68.19000244140625,189.1300048828125,129.03285217285156,453.9350280761719
2024-01-04,86.39170837402344,67.03914642333984,188.15972900390625,84.2078857421875,28.591909408569336,12.257406234741211,52.92959976196289,224.98977661132812,163.75242614746094,141.90353393554688,77.39148712158203,86.30206298828125,65.13279724121094,96.32807922363281,47.5233154296875,67.56999969482422,189.32000732421875,129.59556579589844,452.4728698730469
2024-01-05,85.56529235839844,66.89053344726562,187.6063690185547,84.33977508544922,28.645753860473633,12.321869850158691,52.96675491333008,225.32806396484375,164.83425903320312,141.51414489746094,77.29750061035156,85.98638153076172,65.1838150024414,95.98356628417969,48.09039306640625,69.02999877929688,189.35000610351562,129.20066833496094,453.0926208496094
2024-01-08,86.40947723388672,67.38285827636719,190.98475646972656,85.77623748779297,28.636777877807617,12.119267463684082,53.40342712402344,228.54676818847656,170.67015075683594,145.60760498046875,79.40711212158203,86.27500915527344,65.54935455322266,96.71674346923828,48.536617279052734,66.4000015258789,187.8699951171875,128.86502075195312,459.5609436035156
2024-01-09,85.85855102539062,67.55936431884766,189.276123046875,85.45866394042969,28.502168655395508,12.229778289794922,52.88314437866211,228.12147521972656,171.12669372558594,145.0185546875,79.72905731201172,86.2389144897461,65.65137481689453,96.88457489013672,47.988136291503906,67.38999938964844,187.92999267578125,127.49275970458984,458.86376953125
2024-01-10,85.45864868164062,67.42001342773438,189.38291931152344,86.14266967773438,28.645753860473633,12.146895408630371,53.11541748046875,229.30068969726562,171.28549194335938,146.90553283691406,80.82284545898438,86.1036148071289,65.77037048339844,96.76091003417969,48.09968948364258,66.55999755859375,187.5,128.50962829589844,461.4588317871094
2024-01-11,85.93851470947266,67.41071319580078,187.8976287841797,86.0302963256836,28.780364990234375,12.220569610595703,53.143287658691406,229.1460723876953,172.2581329345703,146.49618530273438,81.47472381591797,86.56364440917969,65.98287963867188,97.34390258789062,47.46753692626953,67.6500015258789,187.8699951171875,127.80867767333984,461.2554931640625
2024-01-12,85.7696762084961,67.62437438964844,187.5869598388672,84.99449920654297,28.995746612548828,12.266613960266113,53.329097747802734,229.18470764160156,171.6527099609375,146.6559295654297,81.7206802368164,86.79815673828125,66.05087280273438,97.55590057373047,46.844669342041016,68.0199966430664,189.7100067138672,128.91439819335938,461.57501220703125
2024-01-16,84.25900268554688,67.25281524658203,185.26673889160156,84.89678955078125,29.220104217529297,12.17452335357666,52.36286163330078,228.12147521972656,174.382080078125,145.2881317138672,81.6966781616211,86.09458923339844,65.63436126708984,96.56660461425781,46.05447769165039,67.25,187.91000366210938,125.99214935302734,459.8804626464844
2024-01-17,84.12571716308594,67.20638275146484,183.9464569091797,84.15412902832031,29.202157974243164,12.137686729431152,51.786834716796875,226.7489471435547,173.33004760742188,144.259765625,81.3427505493164,85.81500244140625,65.35382843017578,96.3634033203125,45.859256744384766,67.94000244140625,185.83999633789062,125.83419799804688,457.3241271972656
2024-01-18,83.34371948242188,67.12276458740234,185.0337371826172,84.6329345703125,29.390613555908203,12.229778289794922,52.17705154418945,228.74974060058594,178.95750427246094,145.1083984375,82.17259979248047,85.62555694580078,65.4898452758789,96.17789459228516,46.2682991027832,69.05999755859375,187.3699951171875,127.44341278076172,461.3910217285156
2024-01-19,83.6103286743164,66.92769622802734,186.810302734375,85.44888305664062,29.525232315063477,12.202150344848633,52.43718719482422,231.5334930419922,185.77597045898438,146.82566833496094,83.65831756591797,85.63458251953125,65.60032653808594,96.27506256103516,47.43964385986328,68.81999969482422,187.92999267578125,127.88763427734375,467.142822265625
2024-01-22,84.10794067382812,66.60256958007812,190.80027770996094,85.07267761230469,29.291893005371094,12.266613960266113,52.40931701660156,232.53872680664062,186.6394500732422,150.0904541015625,84.42217254638672,85.89617919921875,65.65137481689453,96.54006958007812,48.490142822265625,69.69000244140625,187.22000122070312,129.44754028320312,468.1304931640625
2024-01-23,83.44149017333984,67.3271255493164,190.24693298339844,84.86746215820312,29.282926559448242,12.321869850158691,52.44647979736328,232.96400451660156,187.5922393798828,150.42991638183594,84.58613586425781,85.67967224121094,65.57483673095703,96.1867446899414,48.02531814575195,69.66000366210938,187.9499969482422,129.2599334716797,469.4958190917969
2024-01-24,82.95274353027344,66.50039672851562,188.68397521972656,84.54499053955078,29.300872802734375,12.42317008972168,52.81810760498047,232.92532348632812,190.9270477294922,148.87240600585938,84.55614471435547,85.43614196777344,65.54085540771484,96.00121307373047,48.58311080932617,70.54000091552734,186.39999389648438,128.85519409179688,470.009033203125
2024-01-25,83.49479675292969,67.1413345336914,190.24693298339844,83.49942016601562,29.13933563232422,12.50605297088623,52.95747756958008,234.22056579589844,190.9270477294922,149.05209350585938,84.79409790039062,85.80596160888672,66.04240417480469,96.63722229003906,48.28561782836914,72.2300033569336,187.13999938964844,127.77904510498047,472.5653076171875
2024-01-26,83.33485412597656,67.46646881103516,190.25665283203125,83.88052368164062,29.166259765625,12.570517539978027,53.12470626831055,234.02725219726562,186.85781860351562,149.47145080566406,84.64613342285156,85.65261840820312,65.99138641357422,96.3634033203125,48.462257385253906,73.0999984741211,187.00999450683594,128.01600646972656,471.9649963378906
2024-01-29,84.29456329345703,67.85661315917969,193.58648681640625,85.10686492919922,29.103439331054688,12.469217300415039,53.37556076049805,236.1537322998047,189.0512237548828,152.9558868408203,86.32781982421875,86.166748046875,66.13589477539062,96.76091003417969,49.27104568481445,72.05000305175781,188.3300018310547,129.15135192871094,475.70269775390625
2024-01-30,85.05874633789062,68.23745727539062,191.93614196777344,85.0580062866211,28.82523536682129,12.552099227905273,53.20832443237305,235.8250732421875,187.17539978027344,151.26856994628906,85.93988800048828,86.28401947021484,66.05087280273438,97.070068359375,49.07582092285156,72.80999755859375,188.58999633789062,128.20359802246094,475.3347473144531
2024-01-31,85.89408111572266,67.73583984375,187.24716186523438,83.50918579101562,28.83421516418457,12.450798034667969,52.92959976196289,231.85243225097656,184.47579956054688,147.6044158935547,84.06023406982422,87.00560760498047,65.86388397216797,97.31739807128906,46.203216552734375,70.91999816894531,188.4499969482422,127.61123657226562,467.5785217285156
2024-02-01,87.57896423339844,69.11991119384766,189.732421875,85.11665344238281,28.591909408569336,12.266613960266113,53.42201232910156,234.9744873046875,186.16305541992188,149.41152954101562,85.23201751708984,87.54452514648438,66.24320983886719,98.06999969482422,44.76227951049805,69.06999969482422,190.41000366210938,128.56886291503906,473.69830322265625
2024-02-02,85.64447784423828,68.89698028564453,188.73248291015625,86.63615417480469,28.60088539123535,12.137686729431152,53.05037307739258,236.98495483398438,189.78567504882812,149.89077758789062,85.85990142822266,86.40521240234375,65.94418334960938,97.1747055053711,44.966796875,67.51000213623047,188.61000061035156,128.40103149414062,478.68505859375
2024-02-05,83.91500091552734,68.46968078613281,186.33460998535156,85.41468811035156,28.914979934692383,12.183732032775879,52.81810760498047,235.86376953125,193.48770141601562,147.7541961669922,85.31600189208984,85.56429290771484,65.63662719726562,96.243896484375,44.22308349609375,68.18000030517578,187.57000732421875,127.463134765625,476.9421081542969
2024-02-06,84.73515319824219,68.62759399414062,188.0141143798828,85.93258666992188,28.780364990234375,12.220569610595703,53.37556076049805,236.666015625,191.29428100585938,149.12200927734375,85.17002868652344,86.02547454833984,65.87581634521484,96.78463745117188,43.66530227661133,68.80999755859375,188.5500030517578,129.34877014160156,478.32684326171875
2024-02-07,84.32506561279297,68.56256866455078,187.5772247314453,86.89509582519531,28.71755027770996,12.257406234741211,53.38484573364258,238.53147888183594,195.15509033203125,149.35162353515625,86.53176879882812,85.87174224853516,65.98690032958984,96.50096893310547,43.553741455078125,69.41999816894531,188.5,129.2599334716797,482.3162841796875
2024-02-08,83.83476257324219,68.54399108886719,190.4216766357422,87.27619934082031,28.897031784057617,12.349496841430664,53.245479583740234,239.12107849121094,197.93408203125,152.46665954589844,87.42161560058594,85.5914535522461,65.95272064208984,96.00457000732422,43.730377197265625,71.5199966430664,188.3300018310547,129.6350555419922,482.529296875
2024-02-09,83.66539764404297,67.91233825683594,193.5185089111328,87.89669799804688,28.798315048217773,12.377124786376953,53.46846389770508,240.58062744140625,202.32095336914062,155.921142578125,88.38542938232422,85.43769836425781,66.08942413330078,95.88041687011719,44.50197219848633,71.66999816894531,187.60000610351562,131.05673217773438,485.31805419921875
2024-02-12,83.7634506225586,68.3953628540039,197.0327911376953,87.82341766357422,28.735496520996094,12.386334419250488,53.626407623291016,240.8126220703125,201.536865234375,155.48184204101562,87.46560668945312,85.51909637451172,65.94418334960938,95.88931274414062,45.45950698852539,72.11000061035156,187.11000061035156,132.063720703125,485.10504150390625
2024-02-13,82.32815551757812,67.66152954101562,188.92665100097656,86.07427215576172,29.004718780517578,12.331079483032227,52.67875289916992,236.95599365234375,197.80506896972656,149.8308868408203,85.51795959472656,84.5787124633789,65.41449737548828,94.83441162109375,43.535152435302734,72.6500015258789,184.52999877929688,130.0892333984375,478.42364501953125
2024-02-14,82.74714660644531,67.53148651123047,193.31466674804688,86.98303985595703,29.112411499023438,12.17452335357666,53.329097747802734,239.57542419433594,201.7750701904297,154.44351196289062,87.2116470336914,84.89522552490234,65.67081451416016,95.27761840820312,44.343936920166016,71.55000305175781,184.4199981689453,133.7617645263672,482.7713623046875
2024-02-15,83.17507934570312,67.96807098388672,198.46958923339844,87.98953247070312,28.959848403930664,12.220569610595703,53.84939193725586,241.42156982421875,201.1001739501953,156.9495086669922,87.08367156982422,85.13027954101562,65.9014663696289,95.62337493896484,45.756996154785156,72.83999633789062,185.66000366210938,134.71937561035156,486.1023864746094
2024-02-16,82.69367218017578,68.07024383544922,195.77076721191406,87.46675109863281,29.08548927307129,12.257406234741211,53.960872650146484,240.1553497314453,200.23667907714844,154.30374145507812,85.5379638671875,84.75956726074219,65.70497131347656,95.27761840820312,45.282875061035156,73.41000366210938,186.33999633789062,133.73216247558594,483.68157958984375
2024-02-20,82.7649917602539,68.78550720214844,193.07196044921875,86.64102935791016,29.058568954467773,12.192940711975098,54.128116607666016,238.64749145507812,196.2964630126953,151.75778198242188,84.48016357421875,84.9042739868164,65.84165954589844,95.59677124023438,44.92961502075195,72.41999816894531,187.47000122070312,132.853515625,481.01873779296875
2024-02-21,82.17659759521484,69.03632354736328,192.15940856933594,87.28107452392578,29.247024536132812,12.257406234741211,54.18385696411133,238.69580078125,195.03599548339844,147.79412841796875,82.11260223388672,84.63298034667969,65.7220687866211,95.35743713378906,44.63212585449219,73.19999694824219,187.47999572753906,132.99172973632812,481.4544372558594
2024-02-22,82.57777404785156,69.24995422363281,193.61558532714844,88.97647094726562,29.148305892944336,12.275823593139648,54.74130630493164,243.41270446777344,208.35533142089844,149.71104431152344,84.21220397949219,84.64205932617188,66.03813934326172,95.50812530517578,44.59494400024414,73.5999984741211,187.55999755859375,132.68568420410156,491.41839599609375
2024-02-23,83.6832046508789,69.4636001586914,194.0524444580078,88.57583618164062,29.040618896484375,12.09164047241211,54.7691764831543,243.57701110839844,207.05516052246094,151.0389404296875,84.66412353515625,85.03081512451172,66.08086395263672,95.79179382324219,44.50197219848633,71.91999816894531,188.6199951171875,132.84361267089844,491.7572326660156
2024-02-26,83.43360137939453,69.18494415283203,195.27565002441406,88.84944152832031,29.148305892944336,12.202150344848633,54.64839553833008,242.84239196777344,208.77218627929688,153.92433166503906,85.47997283935547,84.9042739868164,65.86730194091797,95.49042510986328,44.083641052246094,72.79000091552734,188.1999969482422,133.2780303955078,489.95623779296875
2024-02-27,82.84522247314453,69.19422149658203,198.0424346923828,89.14258575439453,29.220104217529297,12.285033226013184,54.75059509277344,243.51904296875,208.16676330566406,154.75302124023438,85.52996063232422,84.71439361572266,65.95272064208984,95.35743713378906,44.63212585449219,73.8499984741211,188.0,134.21591186523438,490.8664245605469
2024-02-28,83.37117004394531,69.26853942871094,196.4114990234375,89.49436950683594,29.238054275512695,12.238987922668457,54.3510856628418,243.11306762695312,205.854248046875,153.3352813720703,85.38199615478516,85.02179718017578,65.94418334960938,95.34855651855469,44.14871597290039,73.62000274658203,188.33999633789062,135.27223205566406,490.2176818847656
2024-02-29,83.95955657958984,69.15705871582031,197.78033447265625,90.10022735595703,29.282926559448242,12.211359977722168,54.47187042236328,244.1376495361328,210.3601837158203,154.53335571289062,86.03787231445312,85.193603515625,66.06379699707031,95.43720245361328,44.75297546386719,73.36000061035156,189.30999755859375,135.22288513183594,491.9800109863281
2024-03-01,84.48272705078125,69.1663589477539,199.87722778320312,90.39826965332031,29.238054275512695,12.285033226013184,55.094356536865234,246.3800811767578,218.8857421875,154.693115234375,86.897705078125,85.58251190185547,66.31124114990234,96.01818084716797,44.26027297973633,74.95999908447266,192.88999938964844,136.06207275390625,496.598876953125
2024-03-04,84.14289093017578,69.22208404541016,199.69277954101562,89.17681121826172,29.41753387451172,12.321869850158691,54.92711639404297,246.138427734375,222.40911865234375,153.8644256591797,86.53176879882812,85.39215850830078,66.2940444946289,95.84027099609375,44.250972747802734,74.01000213623047,196.00999450683594,136.9011993408203,496.0663146972656
2024-03-05,85.34123229980469,69.3892822265625,197.78033447265625,88.06770324707031,29.291893005371094,12.238987922668457,54.72271728515625,243.52870178222656,219.00485229492188,147.61441040039062,83.22439575195312,85.91795349121094,66.24250030517578,96.36517333984375,46.035884857177734,73.44999694824219,197.19000244140625,137.5429229736328,491.10858154296875
2024-03-06,85.84202575683594,69.9745101928711,199.2559356689453,87.75502014160156,29.130359649658203,12.331079483032227,55.4288215637207,244.96888732910156,224.6521759033203,150.0305633544922,84.39617919921875,86.12647247314453,66.4057388305664,96.6231918334961,45.98011016845703,74.33999633789062,198.80999755859375,139.62599182128906,493.5970764160156
2024-03-07,85.76154327392578,70.37394714355469,200.916015625,88.42436981201172,28.94190216064453,12.367916107177734,55.95839309692383,247.35633850097656,232.41351318359375,152.39678955078125,85.39398956298828,86.27152252197266,66.48306274414062,96.86339569091797,46.04518508911133,74.2300033569336,199.94000244140625,140.06039428710938,498.4967346191406
2024-03-08,85.6095199584961,69.81659698486328,200.78977966308594,88.09701538085938,29.031644821166992,12.331079483032227,55.800453186035156,245.92578125,223.30238342285156,153.265380859375,84.91407775878906,86.33499908447266,66.50025939941406,96.99687957763672,46.082366943359375,73.36000061035156,201.6300048828125,139.18174743652344,495.5046691894531
2024-03-11,85.56478881835938,70.19744873046875,199.19769287109375,87.85761260986328,28.97779655456543,12.432379722595215,55.61463928222656,245.52951049804688,219.32244873046875,152.67633056640625,85.14404296875,86.22620391845703,66.49164581298828,97.01467895507812,45.849952697753906,73.62000274658203,202.0,137.3356170654297,495.0786437988281
2024-03-12,84.849365234375,70.5597152709961,198.92584228515625,88.61493682861328,29.166259765625,12.395543098449707,56.06988525390625,247.95559692382812,226.260009765625,153.89439392089844,87.01368713378906,85.87261962890625,66.55180358886719,96.70330810546875,45.394432067871094,73.3499984741211,199.7899932861328,136.86170959472656,500.40435791015625
2024-03-13,84.43800354003906,70.7362060546875,199.70249938964844,88.42926025390625,29.13933563232422,12.552099227905273,55.98626708984375,247.6462860107422,221.7838592529297,154.3436737060547,86.38380432128906,85.68224334716797,66.57755279541016,96.60540771484375,45.44091796875,75.08999633789062,201.19000244140625,137.03941345214844,499.6199035644531
2024-03-14,83.14131164550781,70.18814086914062,196.1299591064453,87.86739349365234,29.184206008911133,12.607353210449219,55.633216857910156,246.6893768310547,217.81385803222656,151.7977294921875,85.95388793945312,85.04761505126953,66.25968933105469,95.89363861083984,44.26027297973633,76.30000305175781,200.35000610351562,135.67701721191406,498.6323547363281
2024-03-15,83.11446380615234,70.16027069091797,196.49884033203125,86.99281311035156,29.220104217529297,12.671818733215332,55.57167053222656,245.22984313964844,216.2060089111328,150.99900817871094,83.5443344116211,84.9025650024414,66.21671295166016,95.9203109741211,44.49268341064453,76.33000183105469,199.7100067138672,135.84487915039062,495.2084655761719
2024-03-18,82.86406707763672,70.61132049560547,195.3727569580078,87.65727996826172,29.238054275512695,12.782328605651855,55.580989837646484,246.47674560546875,216.6427001953125,151.85763549804688,84.4941635131836,84.80281829833984,66.3713607788086,95.76016235351562,44.21062469482422,77.9800033569336,200.02999877929688,134.74383544921875,498.1515197753906
2024-03-19,83.09658813476562,70.87332916259766,196.19793701171875,88.41622924804688,29.148305892944336,12.791537284851074,55.59964370727539,247.8976287841797,216.1663055419922,152.56649780273438,85.1140365600586,85.04761505126953,66.63771057128906,96.0360107421875,44.360557556152344,78.43000030517578,199.8000030517578,135.25778198242188,500.91986083984375
2024-03-20,83.06974792480469,71.08854675292969,200.0811004638672,89.73338317871094,29.307811737060547,12.736282348632812,56.19648742675781,250.41073608398438,219.63011169433594,154.92274475097656,85.93388366699219,85.24707794189453,66.86109924316406,96.21395111083984,45.74740982055664,77.25,202.17999267578125,137.4123992919922,505.55291748046875
2024-03-21,83.24861145019531,71.12596893310547,202.37994384765625,90.25732421875,29.42561912536621,12.717864990234375,56.205814361572266,251.44493103027344,224.6124725341797,155.27218627929688,86.54376983642578,85.2561264038086,66.82671356201172,96.35629272460938,46.422096252441406,76.81999969482422,201.97000122070312,138.11415100097656,507.2237243652344
2024-03-22,84.04454040527344,70.77973937988281,199.58668518066406,89.4689712524414,29.344058990478516,12.634982109069824,55.9913215637207,250.73782348632812,225.9324951171875,153.3852081298828,85.973876953125,85.67316436767578,66.75799560546875,96.68546295166016,45.419437408447266,76.68000030517578,200.35000610351562,137.01707458496094,506.2621154785156
2024-03-25,83.62421417236328,70.58324432373047,200.04412841796875,89.17517852783203,29.262496948242188,12.745491981506348,55.9447021484375,250.17526245117188,225.37669372558594,153.43511962890625,85.67394256591797,85.44654846191406,66.6549072265625,96.35629272460938,45.48503112792969,77.76000213623047,200.99000549316406,137.1158905029297,504.8634033203125
2024-03-26,83.85671997070312,70.62068176269531,199.68402099609375,89.2878189086914,29.2081241607666,12.644190788269043,55.9447021484375,249.72906494140625,223.2825164794922,153.3153076171875,85.83390808105469,85.57345581054688,66.57755279541016,96.32960510253906,45.203914642333984,77.29000091552734,201.63999938964844,136.91819763183594,503.930908203125
2024-03-27,84.68841552734375,71.35990905761719,204.0345001220703,90.32096862792969,29.171871185302734,12.653400421142578,56.252437591552734,251.930908203125,223.20310974121094,154.75302124023438,85.37399291992188,85.89984893798828,66.9298324584961,96.99687957763672,46.871883392333984,77.51000213623047,203.10000610351562,138.62808227539062,508.1658935546875
2024-03-28,84.61686706542969,71.4534912109375,204.6768798828125,90.04187774658203,29.31687355041504,12.77311897277832,56.233787536621094,252.09579467773438,223.30238342285156,155.74143981933594,85.25401306152344,85.81824493408203,66.78376007080078,96.90791320800781,47.11551284790039,78.7300033569336,205.72000122070312,138.87518310546875,508.06878662109375
2024-04-01,83.03952026367188,70.88268280029297,202.74978637695312,89.37105560302734,29.42561912536621,12.86521053314209,56.13120651245117,251.90179443359375,226.23023986816406,153.2953338623047,85.00405883789062,85.04173278808594,66.51173400878906,95.98001098632812,46.187828063964844,79.66999816894531,207.82000732421875,137.47171020507812,507.1848449707031
2024-04-02,82.58192443847656,70.51774597167969,199.02218627929688,88.05388641357422,29.63405418395996,12.994138717651367,55.89806365966797,249.5738525390625,223.3222198486328,150.77935791015625,84.10423278808594,84.8598861694336,66.39949035644531,95.83708953857422,45.335105895996094,80.79000091552734,210.88999938964844,135.41590881347656,503.9600830078125
2024-04-03,82.56397247314453,69.74108123779297,200.32638549804688,88.11754608154297,29.597806930541992,13.141487121582031,56.14052963256836,249.96188354492188,224.21546936035156,150.90914916992188,84.25419616699219,84.95991516113281,66.4512939453125,95.89961242675781,45.241390228271484,81.25,212.74000549316406,135.6136016845703,504.513671875
2024-04-04,83.15615844726562,69.44163513183594,198.3214569091797,87.08438110351562,29.57967758178711,13.187531471252441,55.7581787109375,246.96463012695312,218.24063110351562,150.20030212402344,83.26438903808594,85.25084686279297,66.39949035644531,96.00679016113281,45.14769744873047,82.2699966430664,211.52000427246094,135.44552612304688,498.35552978515625
2024-04-05,81.99871063232422,69.5539321899414,198.9832763671875,87.56913757324219,29.670305252075195,13.233577728271484,55.96334457397461,249.4574737548828,220.97000122070312,150.9490966796875,84.15422058105469,84.68712615966797,66.33902740478516,95.58704376220703,45.17580032348633,82.4000015258789,215.13999938964844,136.344970703125,503.561767578125
2024-04-08,81.98973846435547,69.45099639892578,200.0733184814453,88.40153503417969,29.760929107666016,13.233577728271484,56.24311447143555,249.7484893798828,221.3868408203125,151.92752075195312,84.44416809082031,84.4962158203125,66.4944839477539,95.57809448242188,45.944190979003906,82.19999694824219,216.47999572753906,136.4438018798828,503.8434753417969
2024-04-09,82.75238800048828,69.78787231445312,200.86166381835938,88.81773376464844,29.670305252075195,13.169114112854004,56.39232635498047,250.1073455810547,222.41905212402344,153.24542236328125,84.68412017822266,84.83261108398438,66.63265228271484,96.06930541992188,46.24405288696289,81.1500015258789,217.6699981689453,135.0304412841797,504.42626953125
2024-04-10,80.94896697998047,69.53521728515625,195.55738830566406,87.44670867919922,29.833425521850586,13.215160369873047,55.59964370727539,247.31382751464844,220.48365783691406,149.6311798095703,83.57432556152344,83.70513153076172,66.04544067382812,94.702880859375,43.94824981689453,82.08999633789062,215.61000061035156,133.47869873046875,499.3753662109375
2024-04-11,80.58106994628906,69.36677551269531,196.88099670410156,88.15181732177734,29.85154914855957,13.159904479980469,55.79548263549805,248.99188232421875,225.60496520996094,151.15875244140625,84.12422943115234,83.58695220947266,65.9849853515625,94.50640106201172,43.98572540283203,81.55000305175781,219.8000030517578,134.0816192626953,503.1440734863281
2024-04-12,81.01176452636719,68.66497039794922,193.37728881835938,86.72203063964844,29.82436752319336,13.19674015045166,54.82561111450195,245.40296936035156,219.02468872070312,147.61441040039062,82.74449157714844,83.93247985839844,65.9504623413086,94.72073364257812,43.5921630859375,81.52999877929688,216.88999938964844,132.18397521972656,496.1991271972656
2024-04-15,79.75560760498047,68.38423919677734,190.54507446289062,85.2775650024414,29.969364166259766,13.19674015045166,54.573822021484375,242.38636779785156,215.72959899902344,143.53091430664062,80.46492004394531,83.39601135253906,65.57046508789062,93.67583465576172,43.423492431640625,81.6500015258789,220.9499969482422,131.00782775878906,489.98272705078125
2024-04-16,79.2262191772461,68.41232299804688,189.84432983398438,84.79281616210938,29.99654769897461,13.19674015045166,53.95832443237305,241.65890502929688,217.51609802246094,143.2413787841797,80.68486785888672,83.06867980957031,65.35455322265625,93.36324310302734,42.87063217163086,81.33000183105469,221.22000122070312,131.66014099121094,489.089111328125
2024-04-17,80.10555267333984,68.66497039794922,187.8394012451172,84.38150024414062,29.91499137878418,12.994138717651367,53.995628356933594,240.2427215576172,210.80679321289062,142.3827667236328,80.04499053955078,83.59603118896484,65.4409408569336,93.87232971191406,42.94559097290039,78.91000366210938,219.58999633789062,130.5729217529297,486.1945495605469
2024-04-18,79.7018051147461,68.98312377929688,187.68373107910156,83.8575668334961,29.978429794311523,12.966511726379395,54.00495147705078,239.748046875,207.06509399414062,141.49417114257812,79.48509979248047,83.3050765991211,65.49275207519531,93.68478393554688,43.20797348022461,78.77999877929688,220.33999633789062,130.56304931640625,485.1940612792969
2024-04-19,79.9888916015625,69.6568603515625,187.9757080078125,83.12310791015625,30.023738861083984,13.030975341796875,53.98630142211914,237.86627197265625,197.71575927734375,141.04489135742188,78.51527404785156,83.41417694091797,65.61365509033203,93.78302764892578,44.3418083190918,78.8499984741211,221.02999877929688,130.6915283203125,480.9591369628906
2024-04-22,79.85430908203125,70.32123565673828,190.07794189453125,83.49032592773438,30.005611419677734,13.04018497467041,54.54584503173828,240.20391845703125,201.49716186523438,144.7789306640625,79.46510314941406,83.42327880859375,65.97637939453125,94.01520538330078,45.14769744873047,78.77999877929688,215.57000732421875,131.32408142089844,485.3883361816406
2024-04-23,79.8812255859375,70.51774597167969,193.260498046875,84.48432159423828,29.99654769897461,13.095439910888672,55.068077087402344,243.06536865234375,206.24131774902344,147.56448364257812,80.84484100341797,83.53239440917969,66.24404907226562,94.17594146728516,45.66306686401367,79.9800033569336,215.0399932861328,133.59730529785156,491.1482849121094
2024-04-24,79.31597137451172,71.05110931396484,192.39427185058594,85.29225158691406,30.07811164855957,13.086231231689453,54.99347686767578,243.12355041503906,206.47950744628906,147.77413940429688,80.9248275756836,83.2778091430664,66.09724426269531,93.8097915649414,45.92544937133789,79.63999938964844,214.63999938964844,133.073486328125,490.9152526855469
2024-04-25,78.75969696044922,70.88268280029297,191.22637939453125,85.36570739746094,30.24123764038086,13.159904479980469,54.89089584350586,241.9692840576172,210.60830688476562,146.74578857421875,80.17497253417969,82.9595718383789,65.95906066894531,93.53292083740234,45.419437408447266,80.44000244140625,215.9199981689453,133.03396606445312,489.05023193359375
2024-04-26,79.17239379882812,70.73297882080078,193.0561065673828,86.13443756103516,30.277482986450195,13.159904479980469,55.33852005004883,244.2196044921875,216.0074920654297,148.30328369140625,81.07479858398438,83.18688201904297,66.16634368896484,93.89016723632812,45.15705490112305,80.38999938964844,216.6199951171875,134.52639770507812,493.6834411621094
2024-04-29,79.83637237548828,70.95755004882812,194.61331176757812,88.13712310791016,30.20499038696289,13.159904479980469,55.6835823059082,245.17987060546875,216.74195861816406,148.17352294921875,80.94482421875,83.5233154296875,66.36493682861328,94.28312683105469,44.763492584228516,79.5,216.17999267578125,135.73219299316406,495.4317932128906
2024-04-30,79.15445709228516,70.64875793457031,190.661865234375,85.99246978759766,30.1596736907959,12.984930992126465,54.928199768066406,241.14480590820312,212.484130859375,144.88876342773438,78.91520690917969,83.13233184814453,65.8813705444336,93.76514434814453,44.060699462890625,78.37999725341797,211.8699951171875,134.44732666015625,487.58355712890625
2024-05-01,79.7379150390625,70.19960021972656,191.0609130859375,85.45384979248047,30.014677047729492,12.791537284851074,54.88156509399414,240.54342651367188,206.2909393310547,145.3480224609375,79.05517578125,83.46151733398438,66.22859954833984,94.1551742553711,45.19453811645508,75.93000030517578,213.7899932861328,135.2775421142578,486.0003356933594
2024-05-02,80.08008575439453,70.78911590576172,194.57440185546875,86.53105926513672,30.032794952392578,12.809955596923828,55.82345962524414,243.03622436523438,210.43959045410156,146.74578857421875,79.89502716064453,83.85368347167969,66.63662719726562,94.73797607421875,45.9348258972168,75.93000030517578,213.1300048828125,136.7996368408203,490.5460205078125
2024-05-03,80.89041137695312,71.00434112548828,196.50143432617188,87.1137466430664,30.050926208496094,12.846792221069336,56.31772232055664,245.91708374023438,216.09683227539062,147.85401916503906,80.85484313964844,84.31877136230469,66.9144058227539,95.40149688720703,46.52517318725586,75.12999725341797,212.9600067138672,137.85716247558594,496.6266174316406
2024-05-06,81.2055435180664,71.04175567626953,199.04165649414062,88.04409790039062,30.069047927856445,12.97572135925293,56.6254768371582,248.5553741455078,220.99977111816406,150.66952514648438,81.97462463378906,84.39170837402344,66.99253845214844,95.67046356201172,46.890628814697266,75.66000366210938,215.1999969482422,140.0809783935547,501.755126953125
2024-05-07,81.70075988769531,71.81843566894531,199.48934936523438,87.41243743896484,29.869680404663086,12.97572135925293,56.588165283203125,248.77850341796875,219.07432556152344,150.4398956298828,81.53471374511719,84.61060333251953,67.00121307373047,95.7153091430664,46.740692138671875,75.5,214.2100067138672,139.41880798339844,502.3088073730469
2024-05-08,81.2055435180664,71.60320281982422,198.3311767578125,87.08438110351562,29.960308074951172,12.929675102233887,56.51355743408203,248.6038818359375,219.73928833007812,149.23182678222656,81.19477844238281,84.37346649169922,66.84495544433594,95.47322845458984,47.01244354248047,76.11000061035156,213.5800018310547,139.72518920898438,502.3572998046875
2024-05-09,81.60169982910156,72.2208023071289,200.35552978515625,87.6768569946289,30.050926208496094,12.984930992126465,56.85861587524414,250.0685577392578,218.32994079589844,149.55130004882812,81.14479064941406,84.62884521484375,66.86231994628906,95.62564849853516,47.237342834472656,76.5199966430664,216.9499969482422,141.01002502441406,505.25177001953125
2024-05-10,81.14253234863281,72.63253021240234,198.84701538085938,87.206787109375,30.195924758911133,12.94809341430664,56.93321228027344,250.3013153076172,221.62506103515625,148.9522705078125,81.37474060058594,84.3552474975586,66.75814819335938,95.32078552246094,47.18111801147461,75.30000305175781,218.7100067138672,140.52574157714844,505.9027404785156
2024-05-13,81.34960174560547,72.42666625976562,199.26553344726562,87.09417724609375,30.14155387878418,13.049394607543945,57.02647018432617,250.43711853027344,221.58534240722656,149.5413360595703,81.47472381591797,84.45556640625,66.74076080322266,95.35665130615234,47.13426208496094,76.12999725341797,216.25999450683594,140.11062622070312,505.9706726074219
2024-05-14,81.80880737304688,72.28630065917969,201.32882690429688,87.49079132080078,30.096237182617188,12.97572135925293,57.38084411621094,251.65928649902344,225.37669372558594,150.90914916992188,81.95463562011719,84.70178985595703,66.84495544433594,95.6346206665039,47.68712615966797,75.20999908447266,218.08999633789062,141.92921447753906,508.2921142578125
2024-05-15,82.92527770996094,72.33308410644531,203.83981323242188,87.62298583984375,29.978429794311523,13.021766662597656,57.959041595458984,254.7535400390625,232.14553833007812,153.4251251220703,84.01424407958984,85.34014129638672,67.23562622070312,96.48641967773438,47.85580062866211,75.87999725341797,220.88999938964844,141.49435424804688,514.5862426757812
2024-05-16,82.84423065185547,73.3624038696289,202.37020874023438,87.05500030517578,29.95124053955078,13.0678129196167,57.76319885253906,254.0648193359375,230.45828247070312,153.03575134277344,83.7742919921875,85.176025390625,67.07936096191406,96.33396911621094,47.64964294433594,76.25,220.02999877929688,141.5734100341797,513.527587890625
2024-05-17,82.28599548339844,73.18462371826172,202.51622009277344,87.50057983398438,30.032794952392578,13.187531471252441,58.01499557495117,254.42367553710938,228.52291870117188,153.1555633544922,84.25419616699219,84.91155242919922,67.0880355834961,96.10981750488281,47.968238830566406,76.97000122070312,223.66000366210938,141.61297607421875,514.2658081054688
2024-05-20,82.04290008544922,72.67930603027344,202.96389770507812,86.8493423461914,30.132484436035156,13.316460609436035,58.01499557495117,254.68560791015625,233.23728942871094,154.70309448242188,85.1140365600586,84.78387451171875,67.12274169921875,96.06498718261719,47.274818420410156,76.7300033569336,224.55999755859375,143.15480041503906,514.8582763671875
2024-05-21,82.46607208251953,73.10975646972656,202.7692413330078,87.40753936767578,30.123424530029297,13.279623031616211,57.847129821777344,255.20941162109375,232.90975952148438,153.03575134277344,84.45417022705078,85.00273132324219,67.07068634033203,96.22638702392578,47.340415954589844,76.16000366210938,224.22999572753906,143.23387145996094,516.1209716796875
2024-05-22,82.56512451171875,72.81967163085938,201.05630493164062,86.49678802490234,30.123424530029297,13.10464859008789,57.4088249206543,254.34613037109375,234.8153533935547,152.44671630859375,84.46416473388672,84.89330291748047,66.923095703125,96.08292388916016,46.768802642822266,74.87000274658203,220.11000061035156,142.26528930664062,514.6348876953125
2024-05-23,82.03390502929688,71.95878601074219,197.7569580078125,85.09640502929688,29.987489700317383,13.021766662597656,57.02647018432617,252.1830596923828,238.02113342285156,150.40994262695312,83.70430755615234,84.59236145019531,66.6886978149414,95.66151428222656,45.64433288574219,74.44999694824219,215.72000122070312,139.94261169433594,510.8757629394531
2024-05-24,82.27699279785156,72.14594268798828,199.94679260253906,85.95327758789062,30.023738861083984,13.086231231689453,57.48343276977539,254.00665283203125,242.42782592773438,150.50978088378906,82.88446044921875,84.70178985595703,66.923095703125,95.92153930664062,45.84111404418945,75.3499984741211,215.9199981689453,141.76119995117188,514.2560424804688
2024-05-28,81.09749603271484,71.5844955444336,199.67428588867188,85.74273681640625,30.123424530029297,13.325669288635254,57.46477508544922,254.00665283203125,247.95603942871094,149.25180053710938,82.3245620727539,84.22756958007812,66.65397644042969,95.3476791381836,45.45691680908203,77.66000366210938,218.19000244140625,141.29669189453125,514.6154174804688
2024-05-29,80.11607360839844,71.06983947753906,196.72532653808594,85.17963409423828,30.39529800415039,13.187531471252441,56.504234313964844,251.9211883544922,243.80738830566406,148.37319946289062,82.09461212158203,83.81721496582031,66.4543228149414,94.83660125732422,44.360557556152344,76.56999969482422,216.16000366210938,138.60833740234375,511.0118408203125
2024-05-30,80.89041137695312,71.2569808959961,198.59397888183594,85.68399047851562,30.404356002807617,13.012557983398438,56.85861587524414,250.6893310546875,240.4527587890625,144.78892517089844,77.34549713134766,84.23666381835938,66.72344207763672,95.41939544677734,45.13831329345703,75.52999877929688,216.57000732421875,140.01182556152344,507.621826171875
2024-05-31,81.43964385986328,72.37051391601562,200.26795959472656,86.1638412475586,30.349987030029297,12.938883781433105,57.13838195800781,252.61956787109375,238.67617797851562,145.1583251953125,78.07535552978516,84.62884521484375,66.95781707763672,95.8408203125,45.775516510009766,74.81999969482422,215.3000030517578,141.8995819091797,512.245361328125
2024-06-03,82.75688934326172,72.34245300292969,199.13897705078125,86.12467193603516,30.20499038696289,12.745491981506348,57.38084411621094,252.69712829589844,241.65367126464844,144.13995361328125,77.9253921508789,85.18311309814453,67.16541290283203,96.50236511230469,44.97901916503906,71.83000183105469,217.22000122070312,142.04783630371094,512.6631469726562
2024-06-04,83.72359466552734,72.96939086914062,196.56959533691406,86.21279907226562,30.07811164855957,12.616562843322754,57.00782012939453,252.66806030273438,240.78028869628906,143.63076782226562,78.25532531738281,85.64962005615234,67.13050079345703,96.8803939819336,44.18251419067383,71.08999633789062,215.27000427246094,140.6937713623047,513.2361450195312
2024-06-05,84.33792877197266,72.81031036376953,199.57696533203125,86.7171401977539,29.933115005493164,12.662609100341797,57.520729064941406,255.76226806640625,252.50169372558594,146.39634704589844,80.02499389648438,85.9605941772461,67.34855651855469,97.20439147949219,44.32306671142578,71.88999938964844,217.82000732421875,142.2850341796875,519.3361206054688
2024-06-06,84.21146392822266,73.03489685058594,198.14625549316406,87.34879302978516,29.933115005493164,12.8375825881958,57.707244873046875,255.53919982910156,250.51670837402344,146.56607055664062,80.25495147705078,85.92401885986328,67.23516082763672,97.14136505126953,44.435516357421875,73.26000213623047,219.42999267578125,140.82228088378906,519.3262329101562
2024-06-07,82.6665267944336,72.66996765136719,195.82015991210938,86.99136352539062,30.023738861083984,12.662609100341797,57.054443359375,255.0542449951172,250.3181915283203,145.57765197753906,80.36492919921875,85.01846313476562,67.06073760986328,96.26834106445312,44.23873519897461,73.0199966430664,211.60000610351562,140.19960021972656,518.6949462890625
2024-06-10,82.11542510986328,72.61381530761719,196.49171447753906,87.27043151855469,30.096237182617188,12.846792221069336,57.20365524291992,255.9077911376953,253.94081115722656,146.1267852783203,80.59488677978516,84.83556365966797,67.12178039550781,96.07032775878906,43.554683685302734,75.45999908447266,213.5399932861328,140.2786407470703,520.297607421875
2024-06-11,82.96468353271484,72.57638549804688,195.8202362060547,87.04031372070312,29.978429794311523,12.819165229797363,56.69075393676758,256.3442687988281,253.5636749267578,145.9870147705078,80.86483764648438,85.28373718261719,67.20902252197266,96.484375,43.3953857421875,75.51000213623047,214.14999389648438,139.85366821289062,521.5506591796875
2024-06-12,83.58805084228516,71.781005859375,198.8262481689453,87.94617462158203,29.815303802490234,12.86521053314209,57.2875862121582,258.759521484375,261.1165771484375,148.2134552001953,82.70449829101562,85.75939178466797,67.4793701171875,97.07837677001953,44.47300720214844,75.9800033569336,214.72000122070312,140.6739959716797,525.8340454101562
2024-06-13,84.81678771972656,71.87456512451172,197.0889892578125,88.01471710205078,29.64311981201172,12.874420166015625,56.69075393676758,258.8758850097656,265.2056884765625,145.3380584716797,81.83465576171875,86.32645416259766,67.47065734863281,97.53739929199219,43.77020263671875,75.73999786376953,212.97000122070312,139.21121215820312,526.8928833007812
2024-06-14,85.53050231933594,72.00557708740234,193.95614624023438,87.31940460205078,29.49812126159668,12.8375825881958,56.37367630004883,258.6819152832031,265.8805847167969,144.94863891601562,83.0244369506836,86.52769470214844,67.20902252197266,97.618408203125,43.21733856201172,76.08000183105469,215.72999572753906,137.0763397216797,527.2134399414062
2024-06-17,84.68123626708984,72.68866729736328,195.58599853515625,88.85201263427734,29.724679946899414,12.86521053314209,56.569515228271484,260.6509704589844,270.4361572265625,145.39793395996094,83.74430084228516,86.12522888183594,67.2525863647461,97.15938568115234,43.94824981689453,77.79000091552734,214.61000061035156,138.0153045654297,531.4095458984375
2024-06-18,85.45821380615234,72.7822494506836,195.9276123046875,88.5533447265625,29.715618133544922,12.966511726379395,56.830631256103516,261.31048583984375,274.6840515136719,144.63916015625,84.02424621582031,86.50023651123047,67.46194458007812,97.60941314697266,44.060699462890625,78.66999816894531,215.47000122070312,139.67578125,532.7597045898438
2024-06-20,84.88905334472656,72.62317657470703,195.0980224609375,88.66594696044922,29.860618591308594,13.003348350524902,56.7933235168457,260.6509704589844,266.9028625488281,144.57925415039062,83.91426849365234,86.28071594238281,67.41832733154297,97.28539276123047,44.135658264160156,79.41000366210938,218.16000366210938,138.8356475830078,531.3123779296875
2024-06-21,84.88905334472656,72.67930603027344,195.5372314453125,89.41512298583984,29.706552505493164,12.929675102233887,56.458675384521484,260.25323486328125,262.903076171875,146.18667602539062,84.75410461425781,86.29904174804688,67.49681854248047,97.31240844726562,44.05131912231445,78.6500015258789,214.77999877929688,140.48622131347656,530.6002197265625
2024-06-24,85.23237609863281,73.45430755615234,196.3863067626953,89.03336334228516,29.57967758178711,12.984930992126465,56.872291564941406,259.81671142578125,253.86141967773438,145.90187072753906,83.88427734375,86.37220764160156,67.42703247070312,97.41141510009766,44.960357666015625,79.69999694824219,215.6300048828125,140.4110107421875,528.8753662109375
2024-06-25,85.37692260742188,72.98290252685547,195.74217224121094,88.6751480102539,29.715618133544922,12.902048110961914,56.872291564941406,260.67034912109375,259.8064880371094,146.30160522460938,84.54414367675781,86.44536590576172,67.51425170898438,97.37541961669922,44.34614562988281,78.9000015258789,214.55999755859375,138.93666076660156,530.9119873046875
2024-06-26,84.15724182128906,72.8320541381836,195.22488403320312,89.96077728271484,29.959705352783203,12.91125774383545,56.53387451171875,260.6606750488281,258.95294189453125,146.89122009277344,84.64413452148438,85.92401885986328,67.36597442626953,96.8443832397461,44.53513717651367,78.75,212.5800018310547,139.3917999267578,531.5745239257812
2024-06-27,84.49151611328125,72.52092742919922,197.2061309814453,90.51036071777344,29.99640464782715,12.966511726379395,56.63727951049805,261.29107666015625,256.9183044433594,149.66934204101562,86.44379425048828,86.1160888671875,67.44448852539062,97.03339385986328,45.007606506347656,79.91999816894531,214.99000549316406,139.14442443847656,532.4126586914062
2024-06-28,82.91950225830078,72.20037841796875,198.0161895751953,89.50442504882812,30.124868392944336,12.938883781433105,56.68428039550781,260.39752197265625,258.7445068359375,151.00843811035156,86.88371276855469,85.65878295898438,67.27877807617188,96.41236114501953,46.396663665771484,79.58999633789062,215.00999450683594,138.5111541748047,530.3175048828125
2024-07-01,81.48841094970703,71.69124603271484,196.3570556640625,89.80866241455078,30.280858993530273,13.10464859008789,56.750083923339844,260.92315673828125,259.0522155761719,151.398193359375,87.32362365722656,85.0211181640625,67.265625,95.8397216796875,46.17932891845703,81.54000091552734,215.57000732421875,137.57113647460938,531.408935546875
2024-07-02,82.12287139892578,72.1909408569336,197.0304718017578,91.5555648803711,30.253334045410156,13.095439910888672,56.9662971496582,262.4319152832031,261.65252685546875,151.61802673339844,87.7535400390625,85.34220886230469,67.44973754882812,96.45391082763672,46.72740173339844,81.11000061035156,215.55999755859375,138.64967346191406,534.985107421875
2024-07-03,83.20137786865234,72.0683822631836,196.98167419433594,92.13951873779297,30.207448959350586,13.169114112854004,57.64311981201172,263.5124206542969,267.5976257324219,151.66799926757812,87.863525390625,85.91104888916016,67.68647003173828,97.1674575805664,45.9714469909668,81.2699966430664,217.99000549316406,139.45120239257812,537.3726806640625
2024-07-05,83.89017486572266,72.9546127319336,196.0447235107422,92.8902816772461,30.161571502685547,13.22436809539795,57.934532165527344,264.88494873046875,267.69683837890625,152.44747924804688,88.913330078125,86.38812255859375,67.88814544677734,97.67326354980469,45.300537109375,81.30999755859375,220.92999267578125,139.38192749023438,540.4713134765625
2024-07-08,84.07146453857422,72.84148406982422,197.42088317871094,92.9344482421875,30.106515884399414,13.05860424041748,57.76532745361328,265.2451171875,272.1531677246094,151.697998046875,88.06349182128906,86.41567993164062,67.87059020996094,97.66419982910156,45.30998611450195,80.41999816894531,218.19000244140625,140.16363525390625,541.0949096679688
2024-07-09,83.6998519897461,72.65290832519531,196.56198120117188,93.24359893798828,30.05146026611328,12.94809341430664,57.66191864013672,265.177001953125,272.7486572265625,148.91986083984375,86.66374969482422,86.29638671875,67.79169464111328,97.4835433959961,46.12263870239258,79.7699966430664,218.55999755859375,139.24339294433594,541.6211547851562
2024-07-10,83.96269226074219,72.97347259521484,198.4846649169922,93.9452896118164,30.15239906311035,12.94809341430664,58.33875274658203,267.7467956542969,279.1601867675781,148.85989379882812,86.65374755859375,86.37896728515625,67.94950866699219,97.71841430664062,47.12427520751953,80.4800033569336,219.36000061035156,140.55943298339844,546.9805908203125
2024-07-11,84.77839660644531,72.70005798339844,205.6190643310547,92.75289916992188,29.978046417236328,12.984930992126465,58.611358642578125,266.5494689941406,268.9870910644531,151.17832946777344,86.40380096435547,86.929443359375,68.19500732421875,98.24225616455078,49.1086540222168,80.94000244140625,223.25,141.7666473388672,542.2642822265625
2024-07-12,85.14094543457031,73.0206069946289,208.01998901367188,93.96493530273438,30.06981086730957,12.938883781433105,59.118980407714844,268.3114013671875,272.3913879394531,153.8265380859375,87.30363464355469,87.11292266845703,68.37036895751953,98.60356140136719,49.2220458984375,80.25,223.11000061035156,142.18223571777344,545.6846923828125
2024-07-15,84.16207885742188,72.59634399414062,211.97268676757812,93.85697174072266,30.189102172851562,12.86521053314209,58.63016891479492,269.46002197265625,271.7760314941406,156.2049560546875,87.93350982666016,86.83771514892578,68.3791275024414,98.0616226196289,50.658355712890625,80.12000274658203,223.8300018310547,143.65660095214844,547.185302734375
2024-07-16,85.3493881225586,73.29402160644531,219.20468139648438,95.54009246826172,30.088167190551758,12.80074691772461,58.95918273925781,271.6793518066406,271.65692138671875,159.6126708984375,88.22345733642578,87.22301483154297,68.64215850830078,98.6306381225586,52.97346878051758,79.05999755859375,228.2899932861328,147.72344970703125,550.43017578125
2024-07-17,85.36751556396484,74.23683166503906,216.9111328125,93.9452896118164,30.04228401184082,12.828374862670898,58.507957458496094,267.8441162109375,252.31312561035156,158.1036834716797,86.30381774902344,87.2964096069336,68.563232421875,98.67581176757812,53.616031646728516,80.62000274658203,227.22999572753906,145.71475219726562,542.7125244140625
2024-07-18,84.7149658203125,73.86914825439453,212.71441650390625,92.98841857910156,30.124868392944336,12.754701614379883,57.943939208984375,265.5079345703125,253.6232147216797,155.4154815673828,85.0140609741211,87.04869842529297,68.42294311523438,98.25128173828125,52.642738342285156,79.9000015258789,225.77999877929688,143.73574829101562,538.5419311523438
2024-07-19,84.21646118164062,73.62401580810547,211.63108825683594,92.15913391113281,30.225799560546875,12.579726219177246,57.55852508544922,263.8531494140625,246.2787322998047,154.0763702392578,84.83409118652344,86.77344512939453,68.37036895751953,97.8900146484375,52.90732192993164,78.0,221.72999572753906,142.1426239013672,534.9656372070312
2024-07-22,83.97175598144531,73.671142578125,214.99822998046875,93.17489624023438,30.161571502685547,12.579726219177246,58.08494186401367,266.6079406738281,255.786865234375,156.0750274658203,85.60395050048828,86.69088745117188,68.62460327148438,97.8358154296875,53.795562744140625,77.62000274658203,221.8000030517578,144.31959533691406,540.481201171875
2024-07-23,83.85391998291016,73.40718078613281,217.2820281982422,92.75779724121094,30.05146026611328,12.487635612487793,57.737125396728516,266.4132385253906,252.9483184814453,156.9444580078125,85.78392028808594,86.755126953125,68.63336944580078,97.76356506347656,54.636566162109375,76.62000274658203,222.5800018310547,146.99124145507812,539.63330078125
2024-07-24,82.94760131835938,73.34117126464844,212.61685180664062,88.96465301513672,30.01475715637207,12.460007667541504,57.013301849365234,260.4169616699219,239.17242431640625,152.427490234375,82.87445831298828,86.56246948242188,68.41419219970703,97.1674575805664,53.634925842285156,76.80999755859375,221.8000030517578,143.89407348632812,527.4038696289062
2024-07-25,83.62735748291016,73.25631713867188,215.271484375,88.61624145507812,30.005578994750977,12.487635612487793,56.731285095214844,259.4143981933594,234.78558349609375,154.805908203125,83.70430755615234,86.755126953125,68.42294311523438,97.55580139160156,55.01454162597656,77.45999908447266,218.3300018310547,146.12046813964844,524.6558837890625
2024-07-26,84.27991485595703,74.00113677978516,218.83380126953125,89.60746765136719,29.95052146911621,12.377124786376953,57.445716857910156,262.51959228515625,238.50746154785156,156.71461486816406,84.75410461425781,87.16798400878906,68.64215850830078,98.09771728515625,55.968936920166016,76.11000061035156,220.6300048828125,147.3177947998047,530.5319213867188
2024-07-29,84.73309326171875,74.02940368652344,216.40362548828125,91.10413360595703,29.941347122192383,12.294241905212402,57.2013053894043,262.5390319824219,236.81028747558594,155.64532470703125,84.25419616699219,87.31477355957031,68.5807876586914,98.30548858642578,54.7783088684082,75.19000244140625,220.32000732421875,146.72406005859375,530.84375
2024-07-30,85.05936431884766,73.52973175048828,217.2234649658203,90.59869384765625,29.82206153869629,12.248196601867676,57.22951126098633,261.44873046875,227.74876403808594,155.74526977539062,83.44435119628906,87.49825286865234,68.61585998535156,98.38677215576172,55.29802703857422,74.45999908447266,222.52000427246094,147.36724853515625,528.1542358398438
2024-07-31,85.9294204711914,73.3977279663086,218.48245239257812,92.00212097167969,29.812885284423828,12.524471282958984,58.1695442199707,265.3230285644531,245.13735961914062,156.3048858642578,84.60414123535156,88.14044952392578,68.86132049560547,98.95580291748047,55.07124328613281,77.73999786376953,226.5500030517578,149.16815185546875,536.7391357421875
2024-08-01,86.67057037353516,74.07656860351562,211.37733459472656,89.74486541748047,29.528427124023438,12.386334419250488,56.85348892211914,261.16650390625,229.27720642089844,152.18765258789062,82.96444702148438,88.5168685913086,68.71063232421875,99.28392791748047,52.60493850708008,76.29000091552734,225.77000427246094,146.63504028320312,529.1384887695312
2024-08-02,89.37133026123047,74.72709655761719,203.90135192871094,86.44243621826172,28.821874618530273,12.17452335357666,55.88525390625,255.91006469726562,216.7915802001953,147.60072326660156,80.19496154785156,89.88797760009766,68.4814682006836,100.25385284423828,50.86625289916992,73.38999938964844,225.33999633789062,141.9645538330078,519.2866821289062
2024-08-05,89.84422302246094,73.25631713867188,197.3427734375,83.99871063232422,29.014570236206055,12.156105041503906,54.55039978027344,248.3953399658203,211.70997619628906,142.74398803710938,77.9253921508789,89.9800033569336,68.05844116210938,100.00003051757812,49.46773147583008,73.22000122070312,222.47999572753906,139.2335205078125,504.16314697265625
2024-08-06,87.83453369140625,73.76543426513672,199.4899139404297,84.9261474609375,29.317378997802734,12.036384582519531,54.7196044921875,250.9164581298828,215.828857421875,144.08309936523438,79.09516906738281,89.17942810058594,68.31401062011719,99.3473892211914,49.58112716674805,72.44999694824219,220.6999969482422,140.25270080566406,508.811279296875
2024-08-07,87.2161636352539,73.84086608886719,197.12806701660156,83.44422912597656,29.326555252075195,12.165313720703125,55.02981185913086,248.99888610839844,209.88377380371094,143.76332092285156,78.93519592285156,88.85733795166016,68.44623565673828,98.8941650390625,49.26929473876953,74.69000244140625,220.5500030517578,140.6682891845703,505.410400390625
2024-08-08,86.67965698242188,74.51024627685547,201.9200897216797,85.2647476196289,29.418317794799805,12.266613960266113,56.05446243286133,254.82958984375,223.2229766845703,147.990478515625,81.54470825195312,88.59046173095703,68.72826385498047,98.93948364257812,50.14809036254883,75.36000061035156,224.00999450683594,144.42840576171875,517.0941772460938
2024-08-09,87.53446197509766,74.6233901977539,201.50045776367188,85.54935455322266,29.30820655822754,12.331079483032227,56.24246597290039,255.92953491210938,223.16342163085938,147.19100952148438,82.45454406738281,88.94939422607422,68.71945190429688,99.44711303710938,49.90241241455078,76.22000122070312,224.55999755859375,145.29917907714844,519.3744506835938
2024-08-12,87.85272979736328,74.24626159667969,199.6851348876953,85.21076965332031,29.363258361816406,12.515262603759766,56.289466857910156,255.7640838623047,225.2576141357422,145.78196716308594,81.92464447021484,89.19781494140625,68.76351928710938,99.65557861328125,49.38268280029297,78.62999725341797,228.41000366210938,145.06170654296875,519.6472778320312
2024-08-13,88.46199035644531,74.585693359375,202.97418212890625,87.3453369140625,29.24397087097168,12.395543098449707,57.116703033447266,260.0179443359375,234.41836547851562,148.9498291015625,83.39437103271484,89.5935287475586,69.08079528808594,100.35355377197266,49.98745346069336,77.63999938964844,228.05999755859375,145.87307739257812,528.1932373046875
2024-08-14,89.01669311523438,74.92509460449219,201.71514892578125,86.87916564941406,29.023744583129883,12.303451538085938,57.13550567626953,260.7576599121094,234.61685180664062,148.88987731933594,83.86427307128906,89.71316528320312,69.20418548583984,100.7977066040039,49.87405776977539,76.58999633789062,226.1999969482422,146.74386596679688,529.8595581054688
2024-08-15,88.29830169677734,75.69818878173828,206.94638061523438,89.65164184570312,29.326555252075195,12.404752731323242,57.84052658081055,265.2743225097656,244.52200317382812,151.67799377441406,85.40398406982422,89.15181732177734,69.26587677001953,100.48953247070312,51.0174446105957,77.41000366210938,226.91000366210938,148.95045471191406,538.94140625
2024-08-16,88.60750579833984,75.90560913085938,207.49295043945312,89.86263275146484,29.07880401611328,12.349496841430664,58.2165412902832,265.9070739746094,244.85946655273438,152.21763610839844,85.50396728515625,89.32666015625,69.48622131347656,100.78865051269531,51.84898376464844,76.31999969482422,231.99000549316406,150.1774444580078,540.149658203125
2024-08-19,89.01669311523438,76.16017150878906,210.03050231933594,90.96672821044922,29.069625854492188,12.285033226013184,58.87457275390625,268.4184265136719,249.4547119140625,154.34620666503906,86.4837875366211,89.4462890625,69.60079956054688,101.02433013916016,52.444297790527344,74.37999725341797,231.61000061035156,150.49407958984375,545.3143310546875
2024-08-20,89.72599029541016,76.53730010986328,207.58079528808594,90.88330078125,29.23479652404785,12.229778289794922,58.59256362915039,267.7662353515625,246.19932556152344,153.89651489257812,86.67375183105469,89.80519104003906,69.53910827636719,101.28721618652344,51.46156311035156,73.83000183105469,232.4600067138672,149.52439880371094,544.4276123046875
2024-08-21,89.7805404663086,77.05583953857422,210.28427124023438,92.03153991699219,29.28985023498535,12.156105041503906,59.07197952270508,269.1095275878906,248.75006103515625,155.51541137695312,87.20365142822266,89.98921203613281,69.69773864746094,101.51380157470703,51.76394271850586,72.5999984741211,232.14999389648438,150.43472290039062,546.2985229492188
2024-08-22,88.8893814086914,76.94271087646484,208.42990112304688,90.44166564941406,29.445844650268555,12.156105041503906,58.60196304321289,266.8317565917969,240.6016387939453,153.30691528320312,85.86389923095703,89.57513427734375,69.60961151123047,101.09684753417969,51.91513442993164,73.58000183105469,229.3699951171875,150.56336975097656,542.0109252929688
2024-08-23,89.47134399414062,77.15955352783203,215.08607482910156,92.1885757446289,29.482547760009766,12.367916107177734,59.63600158691406,270.2095642089844,246.52685546875,156.6046905517578,86.35381317138672,89.98921203613281,69.97978973388672,101.6769790649414,54.55152130126953,75.55000305175781,232.02000427246094,152.1168670654297,547.7699584960938
2024-08-26,89.24401092529297,77.70637512207031,215.1543731689453,91.47215270996094,29.56513214111328,12.496844291687012,59.35398483276367,269.5281677246094,240.75050354003906,156.84451293945312,86.07386016845703,89.87879943847656,69.83877563476562,101.55005645751953,54.14519500732422,77.83000183105469,232.75999450683594,151.20652770996094,546.4642944335938
2024-08-27,89.08946228027344,77.89494323730469,213.48544311523438,91.2317123413086,29.656888961791992,12.450798034667969,59.5608024597168,269.771484375,243.1721954345703,156.2549285888672,86.30381774902344,89.84197235107422,69.88282775878906,101.468505859375,53.62548065185547,76.48999786376953,233.38999938964844,151.0679931640625,547.214599609375
2024-08-28,88.98031616210938,77.56495666503906,212.04098510742188,90.34843444824219,29.702768325805664,12.303451538085938,59.25058364868164,268.12646484375,239.08311462402344,154.57603454589844,85.23401641845703,89.79598236083984,69.84757995605469,101.26000213623047,54.088504791259766,75.4800033569336,231.75,151.70127868652344,544.0377807617188
2024-08-29,88.6893081665039,77.17839813232422,213.55377197265625,90.45639038085938,29.711950302124023,12.432379722595215,59.40099334716797,268.38922119140625,236.12545776367188,156.96446228027344,86.2738265991211,89.63954162597656,69.91810607910156,101.08777618408203,54.23969650268555,76.7699966430664,232.9499969482422,153.31417846679688,544.0865478515625
2024-08-30,87.74359893798828,77.79122924804688,214.7932586669922,91.82054901123047,29.675247192382812,12.285033226013184,59.57019805908203,270.978515625,241.6338348388672,157.12432861328125,86.78372955322266,89.32666015625,69.92687225341797,100.80680084228516,54.64602279663086,74.33999633789062,231.2899932861328,153.87818908691406,549.2803344726562
2024-09-03,89.17867279052734,78.33806610107422,208.2249298095703,90.5594253540039,29.445844650268555,12.045594215393066,58.564361572265625,265.1477355957031,223.50086975097656,152.52743530273438,84.88408660888672,89.91551208496094,69.6789321899414,101.111572265625,53.94676208496094,71.08999633789062,230.2899932861328,149.26710510253906,537.976806640625
2024-09-04,90.32819366455078,78.70577239990234,207.8735809326172,90.79497528076172,29.161386489868164,11.935084342956543,58.44215393066406,264.55401611328125,222.9649200439453,151.9378204345703,84.69412231445312,90.44158935546875,69.93575286865234,101.73929595947266,53.29475402832031,69.61000061035156,230.42999267578125,150.42481994628906,536.8755493164062
2024-09-05,90.8390884399414,78.404052734375,206.83905029296875,91.82544708251953,28.996217727661133,11.962712287902832,58.53615951538086,263.7363586425781,222.5778350830078,151.4181671142578,84.37418365478516,90.65389251708984,70.17487335205078,102.23967742919922,52.775028228759766,69.88999938964844,232.35000610351562,148.95045471191406,535.56982421875
2024-09-06,90.8299331665039,78.24378204345703,202.90586853027344,89.50442504882812,28.950336456298828,11.796947479248047,57.45512008666992,259.35595703125,213.38731384277344,148.9498291015625,83.34437561035156,90.7831039428711,70.0863037109375,102.1941909790039,51.820640563964844,68.93000030517578,230.6300048828125,145.8632049560547,526.55615234375
2024-09-09,91.22225952148438,78.84717559814453,203.47190856933594,90.8096923828125,29.06045150756836,11.852202415466309,58.04734420776367,262.13018798828125,218.21084594726562,150.49879455566406,84.39418029785156,90.91231536865234,70.25456237792969,102.42162322998047,52.22696304321289,69.2699966430664,231.60000610351562,148.55467224121094,532.4514770507812
2024-09-10,91.86088562011719,78.82833099365234,203.30601501464844,91.84999084472656,28.904457092285156,11.66801929473877,57.81233215332031,263.1522521972656,220.27525329589844,150.90850830078125,85.73392486572266,91.29995727539062,70.1217269897461,102.70364379882812,51.77339553833008,66.95999908447266,232.6199951171875,147.61463928222656,534.7706909179688
2024-09-11,91.78788757324219,78.09294128417969,203.90135192871094,92.76760864257812,28.96868896484375,11.778528213500977,58.14133834838867,265.770751953125,231.64927673339844,152.03775024414062,86.65374755859375,91.23535919189453,70.22801971435547,102.7491226196289,51.16862869262695,67.8499984741211,232.25,148.59422302246094,540.2569580078125
2024-09-12,91.35910034179688,78.5737533569336,206.5267333984375,93.81279754638672,29.097152709960938,11.990340232849121,58.66776657104492,267.9803771972656,232.14553833007812,152.95712280273438,87.57357788085938,91.08769226074219,70.32542419433594,102.67634582519531,51.367069244384766,69.88999938964844,236.3300018310547,150.6029510498047,544.8076171875
2024-09-13,91.60541534423828,79.13002014160156,211.62135314941406,94.45071411132812,29.225618362426758,12.017967224121094,58.827571868896484,269.8493347167969,235.13296508789062,155.27557373046875,87.31362915039062,91.26304626464844,70.5202407836914,102.9947738647461,52.74667739868164,69.83999633789062,238.67999267578125,151.3846435546875,547.6531372070312
2024-09-16,92.44474792480469,79.44114685058594,212.3826141357422,94.28878021240234,29.28067398071289,12.119267463684082,59.21298599243164,270.384765625,232.04629516601562,156.0750274658203,88.00349426269531,91.50301361083984,70.69737243652344,103.44966125488281,53.427040100097656,70.87999725341797,238.66000366210938,151.00865173339844,548.4617919921875
2024-09-17,91.99769592285156,78.6869125366211,214.13937377929688,94.7696762084961,29.445844650268555,12.202150344848633,59.02497863769531,270.6572570800781,231.96688842773438,156.2049560546875,87.60357666015625,91.33687591552734,70.71508026123047,103.45873260498047,53.87116241455078,71.72000122070312,237.33999633789062,150.84043884277344,548.68603515625
2024-09-18,90.8573226928711,78.38520050048828,214.17837524414062,94.58320617675781,29.473371505737305,12.128477096557617,58.827571868896484,269.9759521484375,229.32684326171875,155.79522705078125,86.85372161865234,90.93999481201172,70.77706909179688,103.03115844726562,54.107398986816406,70.66000366210938,235.50999450683594,150.8304901123047,547.0586547851562
2024-09-19,90.55626678466797,77.9232406616211,218.58984375,96.73739624023438,29.69359588623047,12.340288162231445,59.974422454833984,274.5509338378906,239.28160095214844,158.88314819335938,89.17328643798828,90.86617279052734,70.9896240234375,103.12213134765625,55.63821029663086,72.75,239.1699981689453,151.899169921875,556.3939208984375
2024-09-20,90.20958709716797,78.30035400390625,216.2474822998047,96.51658630371094,29.611013412475586,12.349496841430664,59.55148696899414,273.97662353515625,236.11553955078125,158.65330505371094,89.18327331542969,90.83849334716797,71.07817077636719,103.2131118774414,54.51372528076172,72.91999816894531,242.2100067138672,153.46258544921875,555.43212890625
2024-09-23,90.01799774169922,78.75434875488281,215.45692443847656,97.68932342529297,29.739477157592773,12.349496841430664,59.86301803588867,274.6579895019531,237.15765380859375,158.56336975097656,89.19327545166016,90.7831039428711,70.9453353881836,103.06754302978516,54.078060150146484,72.25,242.67999267578125,155.35214233398438,556.8200073242188
2024-09-24,89.99974822998047,78.56478881835938,215.81805419921875,98.544921875,29.794532775878906,12.542889595031738,60.69380187988281,275.3490905761719,241.5742645263672,159.672607421875,89.30325317382812,90.8846206665039,70.95417785644531,103.24040222167969,53.345603942871094,73.29000091552734,246.07000732421875,154.1829376220703,558.4132690429688
2024-09-25,89.25166320800781,78.36575317382812,213.18565368652344,98.19087982177734,29.796390533447266,12.450798034667969,60.231204986572266,274.44384765625,243.69821166992188,158.75323486328125,88.84334564208984,90.51544952392578,70.8744888305664,102.63086700439453,52.54656219482422,71.4800033569336,245.72999572753906,153.91542053222656,557.181640625
2024-09-26,89.46148681640625,78.54582977294922,214.3216552734375,98.60883331298828,29.80567169189453,12.349496841430664,61.713382720947266,275.67034912109375,250.72511291503906,160.23223876953125,89.30325317382812,90.45083618164062,70.9896240234375,102.63086700439453,53.12681198120117,69.01000213623047,246.97999572753906,154.14332580566406,559.3908081054688
2024-09-27,89.92676544189453,78.68799591064453,215.7710418701172,98.75635528564453,29.73139190673828,12.395543098449707,61.439605712890625,275.3979797363281,245.88172912597656,160.66195678710938,89.2232666015625,90.81079864501953,71.1667251586914,103.04027557373047,53.19340133666992,70.2699966430664,245.02000427246094,155.35214233398438,558.5794067382812
2024-09-30,89.49797058105469,78.66905212402344,216.31947326660156,98.5252456665039,29.861387252807617,12.367916107177734,61.118614196777344,276.4817810058594,243.60890197753906,160.58200073242188,89.3532485961914,90.56158447265625,71.11359405517578,102.78553771972656,53.84024429321289,69.91999816894531,243.05999755859375,155.89707946777344,560.8178100585938
2024-10-01,90.14415740966797,78.4036636352539,213.38153076171875,98.12696075439453,29.898529052734375,12.579726219177246,60.95812225341797,273.96258544921875,237.0881805419922,156.6746368408203,87.46360778808594,90.8911361694336,71.07801055908203,103.27952575683594,52.04240036010742,72.11000061035156,245.61000061035156,157.45266723632812,555.7937622070312
2024-10-02,89.3844985961914,77.74018859863281,213.0877227783203,97.29597473144531,30.074947357177734,12.68102741241455,61.175270080566406,274.0212097167969,240.50238037109375,157.35418701171875,88.20346069335938,90.6319580078125,71.08690643310547,103.05123138427734,51.928253173828125,72.76000213623047,245.66000366210938,157.77967834472656,556.0283813476562
2024-10-03,88.54244995117188,76.96296691894531,211.65794372558594,96.16992950439453,30.056373596191406,12.88362979888916,60.533302307128906,273.4353332519531,242.71566772460938,156.83453369140625,88.29344177246094,90.16912078857422,70.91781616210938,102.3846664428711,52.05191421508789,75.7300033569336,245.49000549316406,156.11508178710938,555.0117797851562
2024-10-04,87.45330047607422,77.2188949584961,214.61546325683594,97.44346618652344,30.232797622680664,12.920465469360352,60.99590301513672,276.0814208984375,245.9611358642578,160.1023406982422,89.88314819335938,89.29898071289062,70.83771514892578,101.82769775390625,53.117305755615234,76.3499984741211,245.0,157.89854431152344,560.0552978515625
2024-10-07,86.7942886352539,76.45116424560547,212.93106079101562,95.92899322509766,30.32564926147461,13.10464859008789,60.8731689453125,273.562255859375,246.35813903808594,157.5840301513672,88.66337585449219,88.97500610351562,70.53516387939453,101.3072280883789,52.879493713378906,79.19999694824219,244.1699981689453,157.38330078125,554.9922485351562
2024-10-08,86.94075012207031,76.83027648925781,213.07794189453125,96.86325073242188,30.418502807617188,12.782328605651855,60.29728698730469,275.8666076660156,250.62586975097656,159.15296936035156,90.56301879882812,89.04904174804688,70.7042465209961,101.50809478759766,52.717777252197266,75.79000091552734,242.3699951171875,156.8978271484375,560.2411499023438
2024-10-09,86.44649505615234,77.2947006225586,213.54800415039062,97.55656433105469,30.55777931213379,12.69023609161377,60.231204986572266,277.7901306152344,253.23614501953125,161.09165954589844,91.71280670166016,88.71578979492188,70.65974426269531,101.3072280883789,53.40267562866211,75.25,241.0500030517578,157.2743377685547,564.12158203125
2024-10-10,86.10786437988281,76.95350646972656,212.36305236816406,97.0746841430664,30.66920280456543,12.920465469360352,60.174560546875,277.2140808105469,252.73988342285156,161.6313018798828,92.34268951416016,88.7065658569336,70.62415313720703,101.1976547241211,53.3551139831543,77.7699966430664,242.82000732421875,155.56019592285156,563.1343383789062
2024-10-11,85.76005554199219,77.38001251220703,216.68179321289062,96.66163635253906,30.650632858276367,12.938883781433105,60.52386474609375,279.3621826171875,254.7646026611328,164.1696014404297,92.80259704589844,88.7343521118164,70.81102752685547,101.17940521240234,55.200523376464844,77.48999786376953,245.47000122070312,158.79031372070312,566.5064697265625
2024-10-14,85.8241195678711,77.69280242919922,218.27804565429688,97.08452606201172,30.632062911987305,12.754701614379883,60.56162643432617,281.53961181640625,259.3201599121094,165.2288818359375,93.31250762939453,88.57696533203125,70.84663391113281,101.18853759765625,55.63809585571289,75.93000030517578,245.07000732421875,159.48387145996094,571.1395874023438
2024-10-15,86.86750793457031,78.18565368652344,218.45436096191406,97.29597473144531,30.362789154052734,12.496844291687012,59.59868621826172,279.6062927246094,245.3060760498047,165.06898498535156,92.41267395019531,89.03055572509766,70.82881927490234,101.68162536621094,56.246883392333984,72.76000213623047,245.9199981689453,158.80020141601562,566.7020263671875
2024-10-16,87.23361206054688,78.12879180908203,222.04840087890625,97.80734252929688,30.30707550048828,12.469217300415039,59.90078353881836,281.0318603515625,245.4648895263672,166.0183563232422,91.98275756835938,89.16938781738281,70.95342254638672,102.00116729736328,57.017391204833984,72.4000015258789,247.14999389648438,161.74298095703125,569.1651611328125
2024-10-17,85.8515853881836,77.7780990600586,221.44122314453125,97.71884155273438,30.55777931213379,12.469217300415039,59.80637741088867,280.9732666015625,249.69293212890625,165.89842224121094,92.05274200439453,88.7065658569336,70.84663391113281,101.2433090209961,57.51203536987305,72.62000274658203,248.6300048828125,161.4060821533203,569.2139892578125
2024-10-18,85.9156494140625,77.9487075805664,220.98095703125,98.10237121582031,30.632062911987305,12.404752731323242,60.28784942626953,282.07666015625,249.62344360351562,167.0476531982422,92.29269409179688,88.8083724975586,71.01570892333984,101.12460327148438,56.73202133178711,71.37999725341797,251.27000427246094,161.4952850341797,571.4035034179688
2024-10-21,84.41460418701172,77.2947006225586,217.50440979003906,97.34021759033203,30.650632858276367,12.469217300415039,59.69309616088867,281.1881103515625,250.94346618652344,166.68789672851562,92.26270294189453,88.12338256835938,70.7309341430664,100.09282684326172,55.067344665527344,72.26000213623047,251.22000122070312,162.4365692138672,570.4652099609375
2024-10-22,84.49698638916016,77.73070526123047,216.68179321289062,96.94684600830078,30.762056350708008,12.662609100341797,59.457069396972656,280.8658752441406,249.80209350585938,166.27818298339844,92.09273529052734,88.04006958007812,70.633056640625,100.08369445800781,55.76175308227539,73.9800033569336,253.92999267578125,159.52349853515625,570.1622314453125
2024-10-23,84.26817321777344,77.57906341552734,214.70361328125,95.42251586914062,30.697065353393555,12.625772476196289,58.92839431762695,278.3271484375,247.14219665527344,163.5600128173828,90.77297973632812,87.83643341064453,70.41947174072266,99.74586486816406,55.7998046875,73.55000305175781,250.8699951171875,158.69122314453125,564.9524536132812
2024-10-24,84.80818176269531,77.47480010986328,215.17369079589844,98.43181610107422,30.632062911987305,12.625772476196289,59.051124572753906,279.0692443847656,248.184326171875,165.33880615234375,91.77279663085938,88.03081512451172,70.62415313720703,100.04718017578125,56.085174560546875,73.05999755859375,252.8000030517578,157.19505310058594,566.1741333007812
2024-10-25,84.33222198486328,76.83027648925781,214.36085510253906,98.7416000366211,30.594924926757812,12.671818733215332,58.89064407348633,278.8056335449219,251.0625762939453,165.43873596191406,92.1827163696289,87.83643341064453,70.5529556274414,99.80975341796875,55.076866149902344,74.2300033569336,253.32000732421875,157.91839599609375,565.9786987304688
2024-10-28,84.10343170166016,76.97245025634766,217.85696411132812,98.97271728515625,30.65991973876953,12.367916107177734,59.28713607788086,279.93829345703125,249.32571411132812,167.76718139648438,92.32268524169922,87.6327896118164,70.7309341430664,99.72758483886719,56.655921936035156,70.43000030517578,253.3300018310547,157.91839599609375,567.7283325195312
2024-10-29,84.23155212402344,76.21419525146484,217.15187072753906,98.45640563964844,30.678489685058594,12.349496841430664,59.07945251464844,280.3092956542969,254.99285888671875,170.09561157226562,93.87239837646484,87.6697998046875,70.74872589111328,99.84629821777344,56.32299041748047,69.66000366210938,256.0899963378906,157.58148193359375,568.6470947265625
2024-10-30,84.47867584228516,76.09098052978516,216.8580780029297,98.31871795654297,30.910621643066406,12.487635612487793,58.730140686035156,279.6160888671875,248.79965209960938,169.01634216308594,93.65243530273438,87.54019927978516,70.62415313720703,99.71846008300781,56.89373016357422,71.36000061035156,257.5,156.9969024658203,566.9267578125
2024-10-31,84.61598205566406,75.93933868408203,213.25421142578125,96.81407165527344,30.780628204345703,12.561308860778809,58.390281677246094,274.4019775390625,239.86717224121094,165.8684539794922,91.2428970336914,87.4939193725586,70.42835998535156,99.51759338378906,56.07566452026367,73.08000183105469,253.50999450683594,152.38955688476562,555.8133544921875
2024-11-01,83.42301177978516,75.96775817871094,214.448974609375,98.38756561279297,30.864194869995117,12.460007667541504,58.45635986328125,275.57366943359375,242.91415405273438,167.21754455566406,92.24270629882812,86.97582244873047,70.4328384399414,98.97236633300781,55.78078079223633,72.0199966430664,252.47000122070312,153.55870056152344,558.1591186523438
2024-11-04,84.7179183959961,76.17628479003906,215.53599548339844,98.04827880859375,30.54849624633789,12.634982109069824,58.635738372802734,275.07568359375,242.43775939941406,166.88775634765625,92.23270416259766,87.44007873535156,70.62960052490234,99.70542907714844,55.2956428527832,74.29000091552734,252.8300018310547,153.85595703125,556.9569091796875
2024-11-05,85.16792297363281,76.65967559814453,219.59034729003906,99.78404235839844,30.55777931213379,12.699445724487305,59.277706146240234,278.5712890625,246.44744873046875,169.85577392578125,93.8424072265625,87.48652648925781,70.82637786865234,100.1819076538086,56.246883392333984,74.7300033569336,253.39999389648438,155.84751892089844,563.6915283203125
2024-11-06,82.83529663085938,75.4085464477539,232.31158447265625,102.97529602050781,31.124177932739258,12.579726219177246,58.560218811035156,286.36309814453125,252.89869689941406,179.95896911621094,97.69168090820312,86.58580780029297,70.95156860351562,99.13729095458984,63.79023361206055,74.54000091552734,245.6999969482422,161.8717803955078,577.7080078125
2024-11-07,83.87303924560547,75.68341827392578,231.4889373779297,104.29800415039062,30.864194869995117,12.699445724487305,59.57035446166992,288.36474609375,259.0621032714844,183.94630432128906,100.14122772216797,87.28221130371094,71.25565338134766,100.31019592285156,61.47871017456055,74.66000366210938,249.64999389648438,161.36643981933594,582.1749267578125
2024-11-08,84.93830108642578,76.60279846191406,233.19293212890625,105.77806854248047,30.910621643066406,12.524471282958984,58.57909393310547,289.712158203125,257.39471435546875,184.62583923339844,101.22102355957031,87.46793365478516,71.37194061279297,100.65838623046875,61.8116455078125,73.12999725341797,247.9600067138672,166.95472717285156,584.69677734375
2024-11-11,84.52507019042969,76.33740234375,236.6988525390625,107.91212463378906,30.96632957458496,12.321869850158691,58.503570556640625,290.5226135253906,251.6282958984375,190.022216796875,103.5705795288086,87.22652435302734,71.29143524169922,100.46598052978516,63.72364044189453,70.94000244140625,242.13999938964844,169.4417266845703,585.25390625
2024-11-12,83.25772094726562,76.42271423339844,232.5465850830078,106.47138977050781,30.957048416137695,12.248196601867676,57.54063034057617,289.38018798828125,249.9708251953125,189.47259521484375,104.07048034667969,86.67868041992188,71.00523376464844,99.55879974365234,63.35264587402344,70.69000244140625,240.0500030517578,167.6186065673828,583.435791015625
2024-11-13,82.46793365478516,76.65019989013672,230.24522399902344,107.38106536865234,30.910621643066406,12.211359977722168,57.247962951660156,289.2434997558594,245.77256774902344,187.34400939941406,104.40042114257812,86.62297821044922,71.02312469482422,99.1831283569336,62.96265411376953,70.7300033569336,237.6300048828125,169.76869201660156,583.71923828125
2024-11-14,82.94548797607422,76.46061706542969,227.14080810546875,105.85675048828125,30.827051162719727,12.192940711975098,57.1818733215332,287.1051330566406,246.31842041015625,184.1761474609375,103.03068542480469,86.61368560791016,70.8710708618164,99.1556396484375,62.62019729614258,71.29000091552734,237.00999450683594,163.98223876953125,579.9660034179688
2024-11-15,82.72509002685547,75.78767395019531,223.7523956298828,104.95199584960938,30.864194869995117,12.137686729431152,57.03083419799805,283.4631652832031,238.15016174316406,181.1881561279297,101.11103820800781,86.65084838867188,70.86212921142578,99.20146179199219,62.62971115112305,69.75,236.58999633789062,163.2391357421875,572.5374145507812
2024-11-18,82.87201690673828,76.3184585571289,224.19309997558594,105.9206771850586,31.059185028076172,12.395543098449707,57.399017333984375,284.6152648925781,239.7282257080078,181.31805419921875,101.10104370117188,86.84579467773438,70.99628448486328,99.38470458984375,62.515567779541016,72.06999969482422,241.08999633789062,163.5264434814453,574.8831787109375
2024-11-19,83.29446411132812,76.42271423339844,225.85792541503906,105.99934387207031,30.873476028442383,12.432379722595215,57.41789627075195,285.9236755371094,242.34841918945312,184.89566040039062,102.50077819824219,87.03152465820312,71.1036148071289,99.59546661376953,62.154090881347656,72.30999755859375,243.25,165.4783935546875,576.9845581054688
2024-11-20,83.02814483642578,76.03411102294922,226.15171813964844,105.53221130371094,30.957048416137695,12.450798034667969,57.276283264160156,286.08966064453125,240.72071838378906,186.40464782714844,103.29063415527344,86.90152740478516,71.08573150634766,99.35721588134766,61.98287582397461,72.0199966430664,244.6199951171875,166.24134826660156,577.18017578125
2024-11-21,82.96385192871094,76.85871124267578,229.58909606933594,105.71905517578125,30.919904708862305,12.515262603759766,57.30460739135742,288.0913391113281,244.25404357910156,189.7923583984375,104.52040100097656,86.85509490966797,71.11258697509766,99.23810577392578,62.90556335449219,73.19999694824219,246.66000366210938,168.6094207763672,580.2786254882812
2024-11-22,83.0097885131836,77.569580078125,233.8294677734375,107.24339294433594,30.957048416137695,12.552099227905273,57.50286102294922,289.516845703125,242.7851104736328,194.82899475097656,106.02012634277344,86.91080474853516,71.09468078613281,99.3297119140625,64.48464965820312,74.25,249.83999633789062,170.9774932861328,582.0771484375
2024-11-25,85.15872955322266,77.99609375,237.3843994140625,108.33991241455078,30.622777938842773,12.377124786376953,57.691673278808594,290.9327087402344,241.83233642578125,196.08811950683594,105.77017211914062,87.84862518310547,71.36299133300781,100.5667724609375,65.54051208496094,72.0999984741211,242.47999572753906,170.9081268310547,584.0516357421875
2024-11-26,84.828125,78.31835174560547,235.64122009277344,108.73329162597656,30.446359634399414,12.377124786376953,57.399017333984375,291.9969787597656,239.609130859375,193.86962890625,106.17009735107422,87.66294860839844,71.22884368896484,100.31019592285156,64.83659362792969,71.61000061035156,242.9499969482422,172.84027099609375,587.1011962890625
2024-11-27,85.41586303710938,78.47947692871094,235.96437072753906,108.19732666015625,30.492782592773438,12.303451538085938,57.653907775878906,291.1670227050781,236.46290588378906,193.79965209960938,104.28044891357422,88.0157699584961,71.44349670410156,100.67672729492188,64.6273193359375,71.72000122070312,243.49000549316406,172.1763916015625,585.322265625
2024-11-29,86.29747772216797,78.87757110595703,236.86532592773438,109.30860137939453,30.399930953979492,12.340288162231445,58.25811004638672,292.7878723144531,240.31381225585938,194.89892578125,104.74036407470703,88.38719177246094,71.58659362792969,101.2998275756836,64.42755126953125,71.61000061035156,245.58999633789062,174.9011993408203,588.9583740234375
2024-12-02,86.50483703613281,78.78279876708984,236.74781799316406,110.26252746582031,30.353504180908203,12.229778289794922,58.371402740478516,293.34442138671875,246.0107421875,194.89892578125,104.84034729003906,88.37973022460938,71.560546875,101.45889282226562,63.81876754760742,71.04000091552734,243.44000244140625,171.51255798339844,590.0140991210938
2024-12-03,85.75836944580078,78.37522888183594,235.0634002685547,110.1789321899414,30.511356353759766,12.367916107177734,58.61686325073242,293.34442138671875,246.55662536621094,195.04881286621094,105.75016784667969,88.12825775146484,71.560546875,101.10028839111328,63.257537841796875,73.04000091552734,243.92999267578125,170.51182556152344,590.2876586914062
2024-12-04,86.679931640625,78.15723419189453,235.90562438964844,111.20171356201172,30.437068939208984,12.294241905212402,58.62629699707031,295.3167724609375,250.73504638671875,201.13475036621094,109.8593978881836,88.46358489990234,71.7312240600586,101.58767700195312,63.457298278808594,71.87999725341797,244.6699981689453,173.05824279785156,593.953125
2024-12-05,86.85501098632812,78.47000885009766,233.1537628173828,112.11138153076172,30.26064682006836,12.312661170959473,58.985042572021484,294.49664306640625,246.43751525878906,199.74566650390625,108.52965545654297,88.4542465209961,71.66835021972656,101.56004333496094,63.133872985839844,71.47000122070312,242.86000061035156,170.89825439453125,592.9755859375
2024-12-06,86.98399353027344,78.0813980102539,233.98617553710938,114.47161102294922,30.251365661621094,12.211359977722168,58.88119125366211,295.3167724609375,246.7451934814453,204.58242797851562,110.02937316894531,88.73365020751953,71.78514099121094,101.7899169921875,63.31460189819336,70.23999786376953,242.9499969482422,170.18482971191406,594.0996704101562
2024-12-09,86.1822738647461,77.95818328857422,232.81103515625,114.10774230957031,30.353504180908203,12.312661170959473,59.202171325683594,293.43231201171875,244.22425842285156,202.17404174804688,107.74979400634766,88.42633056640625,71.6953125,101.532470703125,62.28727340698242,71.16999816894531,245.36000061035156,166.78627014160156,591.0404052734375
2024-12-10,85.77679443359375,78.32784271240234,231.8022918701172,114.29460906982422,30.529924392700195,12.340288162231445,58.560218811035156,292.3289489746094,238.0806884765625,197.7869873046875,106.15009307861328,88.26795959472656,71.7312240600586,101.37616729736328,62.27775573730469,71.4000015258789,248.58999633789062,166.93492126464844,589.2027587890625
2024-12-11,84.9658432006836,77.73070526123047,232.85020446777344,116.3008041381836,30.678489685058594,12.50605297088623,58.9189567565918,294.6820983886719,243.9066619873047,200.4451904296875,107.79978942871094,88.0071792602539,71.74919891357422,101.10028839111328,62.60117721557617,73.33000183105469,250.9600067138672,167.0934600830078,593.7576904296875
2024-12-12,83.93372344970703,77.95818328857422,229.82412719726562,115.3370361328125,30.762056350708008,12.450798034667969,58.390281677246094,293.002685546875,241.5445098876953,200.32528686523438,106.82997131347656,87.6718521118164,71.55155944824219,100.53019714355469,61.84018325805664,73.20999908447266,247.27999877929688,165.0919647216797,590.6982421875
2024-12-13,83.07669067382812,77.7591323852539,228.24745178222656,115.79434967041016,30.85491180419922,12.450798034667969,58.24867248535156,292.85626220703125,247.61859130859375,197.80697631835938,105.75016784667969,87.26207733154297,71.34492492675781,99.96929931640625,61.61188507080078,74.20999908447266,244.2899932861328,166.76646423339844,590.5809326171875
2024-12-16,83.32551574707031,77.3515853881836,229.58909606933594,117.3629150390625,30.780628204345703,12.3587064743042,58.05042266845703,294.0474853515625,251.3503875732422,203.4631805419922,106.88996124267578,87.2900161743164,71.47967529296875,100.09803009033203,61.91628646850586,73.69999694824219,244.8800048828125,169.84796142578125,593.102783203125
2024-12-17,83.52825927734375,77.2188949584961,226.96067810058594,117.73170471191406,30.65991973876953,12.285033226013184,57.84272384643555,292.5926513671875,248.0850830078125,202.09410095214844,105.9201431274414,87.2900161743164,71.32694244384766,100.10722351074219,60.46088409423828,73.30000305175781,243.94000244140625,168.12391662597656,590.6590576171875
2024-12-18,82.48380279541016,76.04359436035156,216.91259765625,112.42608642578125,30.706342697143555,12.165313720703125,56.46439743041992,283.541259765625,240.17486572265625,192.49053955078125,101.1610336303711,86.61532592773438,70.59455871582031,98.86607360839844,57.32179260253906,72.94000244140625,239.25999450683594,160.86114501953125,573.0553588867188
2024-12-19,81.2348861694336,75.50332641601562,215.9500274658203,112.2736587524414,30.780628204345703,12.146895408630371,56.46439743041992,283.14093017578125,237.0782470703125,191.48121643066406,101.55095672607422,86.22282409667969,70.52228546142578,98.33090209960938,56.817626953125,72.61000061035156,239.60000610351562,161.71324157714844,572.87939453125
2024-12-20,81.69743347167969,75.76873016357422,217.973388671875,112.558837890625,30.780628204345703,12.220569610595703,56.53640365600586,286.36309814453125,240.88946533203125,194.459228515625,103.60057830810547,86.54056549072266,70.96480560302734,98.71845245361328,57.844974517822266,73.0999984741211,242.10000610351562,164.824462890625,579.7603149414062
2024-12-23,80.9480972290039,75.3695297241211,217.47247314453125,112.9002456665039,30.966934204101562,12.263886451721191,56.862876892089844,287.9900817871094,248.44692993164062,193.12013244628906,102.90070343017578,86.15741729736328,70.77519226074219,98.43238830566406,58.03843307495117,73.05999755859375,240.9600067138672,164.7747344970703,583.2320556640625
2024-12-24,81.29039001464844,75.86612701416016,219.41725158691406,115.51129150390625,31.089262008666992,12.32164478302002,57.045318603515625,291.04632568359375,250.5902557373047,194.95889282226562,104.08048248291016,86.20416259765625,71.00092315673828,98.7369155883789,58.459835052490234,73.6500015258789,241.44000244140625,167.8170928955078,589.7146606445312
2024-12-26,81.24413299560547,76.10487365722656,221.66650390625,115.08269500732422,31.11749267578125,12.2831392288208,57.1605339050293,291.212890625,250.15162658691406,197.00750732421875,103.85053253173828,86.26956176757812,71.18155670166016,98.82919311523438,58.737579345703125,73.12999725341797,243.07000732421875,169.5669403076172,589.7539672851562
2024-12-27,80.57803344726562,75.732421875,218.43505859375,113.18106079101562,31.098669052124023,12.331271171569824,57.035709381103516,288.0587158203125,247.6294708251953,192.9502410888672,102.26082611083984,86.04529571533203,70.93771362304688,98.41393280029297,58.00970458984375,73.8499984741211,241.39999389648438,168.03582763671875,583.5458984375
2024-12-30,81.22563171386719,74.84426879882812,216.75546264648438,111.3631820678711,30.93870735168457,12.446786880493164,56.651634216308594,284.8751525878906,243.9010772705078,190.56185913085938,100.92108154296875,86.54991149902344,71.03704833984375,98.83840942382812,57.86603927612305,74.81999969482422,240.6300048828125,165.5303497314453,576.8866577148438
2024-12-31,80.79081726074219,75.07347869873047,217.030517578125,110.52568817138672,30.98575782775879,12.504544258117676,56.584415435791016,283.8857421875,241.41879272460938,188.8330078125,100.10123443603516,86.39105224609375,71.02801513671875,98.58924865722656,57.79900360107422,75.55000305175781,242.1300048828125,164.86422729492188,574.7880249023438
2025-01-02,81.01282501220703,74.84426879882812,217.20726013183594,109.0723648071289,31.136308670043945,12.639311790466309,56.488399505615234,283.3470153808594,244.03067016601562,189.34266662597656,99.89127349853516,86.43777465820312,71.1996078491211,98.59847259521484,57.15732192993164,76.93000030517578,245.4199981689453,164.4168243408203,573.375732421875
2025-01-03,80.75381469726562,74.80606079101562,220.43875122070312,111.27943420410156,30.95752716064453,12.562301635742188,56.78605651855469,287.0693664550781,251.09869384765625,193.7197265625,101.45098114013672,86.29759979248047,71.3079833984375,98.3677978515625,57.990543365478516,77.91999816894531,243.49000549316406,168.532958984375,580.5448608398438
2025-01-06,80.39302062988281,74.02296447753906,220.5271759033203,111.7178955078125,31.01398468017578,12.591180801391602,57.22774887084961,288.6758728027344,259.42279052734375,194.38926696777344,101.66094207763672,86.21349334716797,71.43443298339844,98.11865234375,58.115047454833984,77.30000305175781,243.19000244140625,167.4989471435547,583.8890991210938
2025-01-07,79.48640441894531,73.7651138305664,218.7591552734375,109.55516052246094,31.324501037597656,12.648938179016113,56.96849822998047,285.45306396484375,253.25196838378906,190.24205017089844,99.1714096069336,85.821044921875,71.1996078491211,97.6664810180664,57.56914520263672,78.16999816894531,244.55999755859375,166.3555908203125,577.288818359375
2025-01-08,79.58816528320312,73.8988037109375,217.7671356201172,109.86553192138672,31.390363693237305,12.629685401916504,56.84367370605469,285.717529296875,251.4475860595703,187.80369567871094,99.18140411376953,85.97055053710938,71.2899169921875,97.82337188720703,57.549991607666016,77.30000305175781,245.86000061035156,167.1509552001953,578.1322631835938
2025-01-10,79.06083679199219,72.90559387207031,212.97393798828125,108.7866439819336,31.46564292907715,12.94735336303711,55.91227722167969,281.42706298828125,246.4132537841797,183.6265106201172,97.19178009033203,85.3444595336914,70.91964721679688,97.26045227050781,55.845237731933594,80.63999938964844,248.2100067138672,165.04318237304688,569.3056640625
2025-01-13,79.0330810546875,73.02975463867188,213.38645935058594,109.40245056152344,31.428009033203125,13.014737129211426,55.7010383605957,281.8874816894531,243.88113403320312,182.1275177001953,96.34193420410156,85.19495391845703,70.9015884399414,96.983642578125,56.67845916748047,82.2300033569336,245.74000549316406,165.14260864257812,570.1882934570312
2025-01-14,78.90357208251953,73.0488510131836,215.8125457763672,109.19059753417969,31.380958557128906,13.02436351776123,56.008296966552734,282.52423095703125,244.6786651611328,184.62583923339844,97.3917465209961,85.22297668457031,70.99191284179688,97.0943603515625,58.60348892211914,81.66999816894531,247.02999877929688,167.45916748046875,570.972900390625
2025-01-15,80.26349639892578,72.80055236816406,220.05569458007812,111.96914672851562,31.211585998535156,13.188010215759277,56.67083740234375,287.70599365234375,250.43077087402344,189.2527313232422,99.15140533447266,86.12004852294922,71.61503601074219,98.25707244873047,60.078399658203125,84.33999633789062,248.8800048828125,169.5172576904297,581.3588256835938
2025-01-16,80.52255249023438,73.34490966796875,220.49769592285156,111.3631820678711,31.145719528198242,13.149504661560059,56.853271484375,287.4905700683594,251.5074005126953,189.41261291503906,99.33137512207031,86.32563018798828,71.69629669189453,98.45084381103516,59.51333999633789,82.94000244140625,250.60000610351562,170.76004028320312,580.2407836914062
2025-01-17,80.66132354736328,73.7651138305664,221.45045471191406,112.92487335205078,31.211585998535156,13.091747283935547,57.13172912597656,290.1451721191406,257.44891357421875,189.69244384765625,100.30119323730469,86.39105224609375,71.759521484375,98.53389739990234,60.40402603149414,82.5199966430664,249.27000427246094,171.65484619140625,586.06640625
2025-01-21,81.3829116821289,74.10890197753906,225.70343017578125,113.75251770019531,30.966934204101562,13.062868118286133,58.11112976074219,293.0250549316406,261.5760803222656,192.9502410888672,101.9308853149414,86.68070983886719,71.94918060302734,99.10601806640625,61.15105438232422,81.11000061035156,253.1300048828125,179.71810913085938,591.4309692382812
2025-01-22,80.95733642578125,73.74600219726562,224.2301025390625,113.32391357421875,31.108081817626953,13.033989906311035,57.98630905151367,294.4552307128906,266.3412780761719,193.10012817382812,104.09048461914062,86.45645904541016,71.84983825683594,98.79227447509766,60.42318344116211,80.43000030517578,254.42999267578125,178.05770874023438,594.7557373046875
2025-01-23,80.3282699584961,74.01339721679688,225.2515869140625,114.00869750976562,31.371549606323242,13.005110740661621,58.36078643798828,296.0029296875,266.0222473144531,193.7397003173828,104.27045440673828,86.232177734375,71.94015502929688,98.65385437011719,60.202903747558594,79.20999908447266,254.07000732421875,179.72804260253906,598.001953125
2025-01-24,80.6890640258789,74.39541625976562,224.6230010986328,113.31407165527344,31.428009033203125,13.005110740661621,58.64884567260742,295.140869140625,260.71875,193.62979125976562,103.83052825927734,86.40972900390625,72.02142333984375,98.84764862060547,60.653038024902344,79.5999984741211,255.64999389648438,177.90859985351562,596.2561645507812
2025-01-27,81.64193725585938,76.41048431396484,222.47195434570312,113.9594497680664,31.324501037597656,12.774080276489258,58.30317306518555,291.02679443359375,235.07852172851562,190.76171875,102.11085510253906,86.97042083740234,72.07560729980469,99.53048706054688,61.29471206665039,77.93000030517578,252.99000549316406,173.89187622070312,587.8218383789062
2025-01-28,81.58641815185547,75.21672821044922,222.71751403808594,114.09738159179688,31.343320846557617,12.802959442138672,58.370384216308594,293.5246276855469,239.70413208007812,196.3579559326172,104.9703140258789,86.97976684570312,72.04851531982422,99.39205932617188,60.988243103027344,78.86000061035156,255.17999267578125,173.176025390625,592.8727416992188
2025-01-29,81.4198989868164,75.3981704711914,222.2067413330078,113.77223205566406,31.362140655517578,12.83183765411377,58.37998580932617,292.2707214355469,238.7869873046875,193.7896728515625,103.46060180664062,86.8769760131836,72.00335693359375,99.26288604736328,60.921199798583984,77.77999877929688,254.1999969482422,171.6349639892578,590.2149047851562
2025-01-30,81.72518920898438,76.1430892944336,224.46585083007812,114.88561248779297,31.239816665649414,12.83183765411377,59.080928802490234,294.1025390625,244.4095001220703,194.48919677734375,102.74073791503906,87.06385040283203,72.13883209228516,99.4843521118164,61.60118865966797,77.75,258.04998779296875,174.42877197265625,593.3826293945312
2025-01-31,81.18861389160156,75.42683410644531,222.45228576660156,114.3781967163086,31.3997745513916,12.812585830688477,58.495208740234375,292.4961242675781,242.8643035888672,194.22938537597656,102.87071228027344,86.92369079589844,71.99434661865234,99.16139221191406,61.44795227050781,78.0199966430664,258.55999755859375,174.44866943359375,590.2246704101562
2025-02-03,81.84964752197266,75.7228775024414,219.8494110107422,112.86576080322266,31.531509399414062,12.9281005859375,57.90949249267578,290.3606872558594,238.03932189941406,193.43991088867188,102.47078704833984,86.98556518554688,71.90361785888672,99.31790924072266,60.17416763305664,77.81999969482422,259.94000244140625,173.862060546875,586.252685546875
2025-02-04,82.10033416748047,75.08302307128906,222.89430236816406,114.19590759277344,31.446826934814453,12.976231575012207,58.64884567260742,292.4667053222656,240.72097778320312,196.06814575195312,104.29044342041016,87.20117950439453,72.13040161132812,99.51238250732422,61.34260940551758,77.51000213623047,262.5,173.74273681640625,590.1854858398438
2025-02-05,83.45580291748047,75.55097961425781,225.3203582763672,112.9002456665039,31.305683135986328,12.870342254638672,59.032920837402344,293.8185119628906,246.37338256835938,197.80697631835938,104.95032501220703,87.70740509033203,72.3209228515625,100.20698547363281,62.01301193237305,76.08999633789062,264.1300048828125,174.80657958984375,592.5784301757812
2025-02-06,83.41869354248047,75.89478302001953,224.58372497558594,113.34854888916016,31.183359146118164,12.889595985412598,59.29217529296875,294.5433654785156,247.5796356201172,196.71771240234375,105.22026824951172,87.60427856445312,72.2120590209961,100.02175903320312,62.73130798339844,75.44999694824219,263.42999267578125,172.37069702148438,594.637939453125
2025-02-07,82.88019561767578,75.7801742553711,221.9808349609375,111.13163757324219,31.268037796020508,12.899221420288086,58.90809631347656,291.9083557128906,244.24002075195312,195.12876892089844,104.60038757324219,87.31367492675781,71.9852523803711,99.58649444580078,61.8980827331543,75.86000061035156,263.8999938964844,172.15194702148438,589.1948852539062
2025-02-10,82.62953186035156,76.24813079833984,222.98269653320312,111.51097869873047,31.27745819091797,13.091747283935547,59.37859344482422,293.7793273925781,248.84568786621094,197.28732299804688,106.38005828857422,87.29491424560547,72.13040161132812,99.6142578125,61.17979049682617,77.4000015258789,268.3699951171875,174.76683044433594,593.1962890625
2025-02-11,82.10033416748047,76.9834976196289,221.68617248535156,110.24486541748047,31.45623207092285,13.188010215759277,59.48421096801758,293.6225891113281,249.09490966796875,194.33929443359375,105.30025482177734,87.06993865966797,72.10320281982422,99.39199829101562,62.185401916503906,78.2699966430664,267.3900146484375,172.87777709960938,593.6475219726562
2025-02-12,80.98622131347656,76.92619323730469,219.64315795898438,110.22516632080078,31.5126953125,13.053242683410645,59.64744186401367,292.6528625488281,247.7391357421875,194.0395050048828,104.94032287597656,86.46995544433594,71.948974609375,98.85481262207031,60.729652404785156,76.31999969482422,267.6700134277344,170.5015411376953,591.7349853515625
2025-02-13,82.33242797851562,77.75704956054688,222.1183624267578,111.8804702758789,31.371549606323242,13.091747283935547,60.29077911376953,295.708984375,251.1385498046875,197.03749084472656,106.6500015258789,87.11679077148438,72.27555084228516,99.62352752685547,60.99781799316406,76.38999938964844,270.30999755859375,169.04994201660156,597.9822998046875
2025-02-14,82.768798828125,76.9834976196289,221.9513702392578,111.8311996459961,31.27745819091797,13.120626449584961,60.406005859375,295.66986083984375,251.7965087890625,195.30865478515625,106.739990234375,87.4823989868164,72.3572006225586,100.01249694824219,61.189361572265625,75.81999969482422,266.2900085449219,167.79721069335938,597.9529418945312
2025-02-18,81.7939682006836,77.26045227050781,223.1693115234375,111.52082824707031,31.380958557128906,13.293899536132812,60.76127243041992,296.50250244140625,255.4252166748047,195.80831909179688,107.8097915649414,87.01367950439453,72.293701171875,99.6050033569336,61.735267639160156,76.95999908447266,270.70001220703125,169.23887634277344,599.7083129882812
2025-02-19,81.89606475830078,77.8812026977539,222.40316772460938,111.45679473876953,31.35272789001465,13.409415245056152,60.357994079589844,296.92364501953125,256.541748046875,193.11013793945312,105.9201431274414,87.154296875,72.34813690185547,99.66056823730469,61.50541687011719,77.44999694824219,270.8500061035156,167.95626831054688,601.12060546875
2025-02-20,82.20245361328125,77.57560729980469,220.27178955078125,110.49610900878906,31.35272789001465,13.447919845581055,60.72286605834961,295.3269958496094,257.00030517578125,190.2220916748047,103.98050689697266,87.3324203491211,72.39349365234375,99.9013671875,60.39445114135742,77.76000213623047,270.989990234375,166.62399291992188,598.6197509765625
2025-02-21,83.19587707519531,78.48285675048828,213.92665100097656,107.5895004272461,31.05162239074707,13.25539493560791,60.32918930053711,289.8709411621094,249.2145538330078,184.35601806640625,100.43116760253906,87.8480224609375,72.2574234008789,100.2532958984375,58.823768615722656,75.3499984741211,270.739990234375,161.75225830078125,588.3809204101562
2025-02-24,83.437255859375,78.72161865234375,212.38458251953125,107.18553161621094,31.089262008666992,13.216888427734375,60.031524658203125,288.3917541503906,242.6649169921875,181.6578369140625,99.18140411376953,88.03551483154297,72.34813690185547,100.51258850097656,58.392791748046875,75.97000122070312,272.2099914550781,160.69837951660156,585.70361328125
2025-02-25,84.87632751464844,79.8389892578125,211.57916259765625,106.62389373779297,30.797563552856445,13.053242683410645,60.36758804321289,286.9615783691406,237.51095581054688,178.36004638671875,97.57170104980469,88.72920989990234,72.52957916259766,101.28129577636719,58.43110275268555,74.12999725341797,268.6199951171875,160.84750366210938,582.790771484375
2025-02-26,85.3776626586914,78.31095123291016,211.8443603515625,106.1854476928711,30.628189086914062,12.956979751586914,60.55003356933594,287.0595397949219,243.06369018554688,179.069580078125,98.93144989013672,88.97296142578125,72.62936401367188,101.49429321289062,58.5843391418457,73.8499984741211,269.0299987792969,162.55758666992188,583.0848999023438
2025-02-27,84.77417755126953,78.3014144897461,208.61288452148438,104.65331268310547,30.59054946899414,12.956979751586914,59.743465423583984,282.6123352050781,228.08029174804688,175.4420166015625,96.31194305419922,88.86984252929688,72.49327850341797,101.06827545166016,58.6705322265625,75.27999877929688,264.92999267578125,162.4184112548828,573.7777709960938
2025-02-28,85.81401062011719,79.34237670898438,210.8326873779297,106.39237213134766,30.78815269470215,12.860715866088867,59.58023452758789,286.9714050292969,232.04795837402344,176.0316162109375,97.45172882080078,89.35730743408203,72.69285583496094,101.51280975341797,59.4462890625,75.22000122070312,263.2699890136719,165.30166625976562,582.7318115234375
2025-03-03,86.21449279785156,79.7625732421875,205.06707763671875,104.4316177368164,30.731700897216797,12.764453887939453,59.7818717956543,281.82867431640625,222.3182373046875,171.5446319580078,95.61206817626953,89.6816635131836,72.54155731201172,101.83355712890625,58.59391784667969,73.31999969482422,266.739990234375,161.692626953125,572.5223999023438
2025-03-04,85.15277099609375,78.40644836425781,202.74905395507812,102.58911895751953,30.68465232849121,12.788518905639648,59.8106803894043,278.31207275390625,224.53134155273438,171.57461547851562,95.42211151123047,89.39960479736328,72.53245544433594,101.4988784790039,56.544376373291016,73.30999755859375,269.05999755859375,159.1374053955078,565.7455444335938
2025-03-05,84.47288513183594,78.73116302490234,204.7626190185547,104.15081787109375,30.70347023010254,12.754827499389648,61.30858612060547,281.47607421875,228.6884002685547,174.5026397705078,97.08179473876953,88.90133666992188,72.56890106201172,101.17350006103516,56.22832489013672,71.41999816894531,269.6199951171875,163.65126037597656,571.8262329101562
2025-03-06,84.19348907470703,78.8744125366211,201.6293182373047,101.51022338867188,30.750516891479492,12.72594928741455,60.81888961791992,276.2452392578125,219.09825134277344,168.75650024414062,93.4224853515625,88.85431671142578,72.29547119140625,100.85741424560547,55.3184814453125,71.12999725341797,268.25,159.75384521484375,561.6755981445312
2025-03-07,83.92338562011719,79.13227081298828,202.2873992919922,101.32300567626953,30.82579231262207,12.822211265563965,61.337398529052734,277.5480041503906,224.39178466796875,168.75650024414062,93.4024887084961,88.74150848388672,72.41397094726562,100.69937133789062,55.251441955566406,72.08999633789062,268.3900146484375,160.04217529296875,564.82373046875
2025-03-10,84.7988510131836,78.96037292480469,197.19952392578125,97.70696258544922,30.68465232849121,12.745201110839844,59.94511032104492,269.98583984375,213.86453247070312,161.3115234375,88.66337585449219,89.36200714111328,72.1405258178711,101.0433578491211,53.067813873291016,70.88999938964844,266.0400085449219,156.80099487304688,549.7792358398438
2025-03-11,84.19348907470703,77.80481719970703,197.1798858642578,96.75122833251953,30.68465232849121,12.812585830688477,59.897098541259766,268.09527587890625,213.5554962158203,161.94110107421875,89.5232162475586,89.0423583984375,71.88533782958984,100.38331604003906,52.78049087524414,71.44999694824219,269.1600036621094,157.31796264648438,545.2090454101562
2025-03-12,83.69055938720703,76.11443328857422,197.523681640625,97.31285858154297,30.806974411010742,12.822211265563965,60.30997848510742,269.417724609375,219.83596801757812,163.7498779296875,91.31288146972656,88.77910614013672,71.96735382080078,100.08583068847656,53.3934440612793,72.80000305175781,270.3299865722656,158.16305541992188,548.1021728515625
2025-03-13,84.42631530761719,75.7610855102539,194.57701110839844,94.88409423828125,30.70347023010254,12.783705711364746,59.94511032104492,265.6365966796875,218.8689727783203,159.6526336669922,88.283447265625,89.1363754272461,71.56629943847656,100.40189361572266,52.799652099609375,71.62000274658203,275.1300048828125,157.7454833984375,540.7957763671875
2025-03-14,83.9792709350586,75.9329833984375,199.28184509277344,96.9039535522461,30.731700897216797,12.822211265563965,61.01092529296875,271.3278503417969,225.86720275878906,166.00836181640625,91.642822265625,88.82611846923828,71.89442443847656,100.35540771484375,54.36074447631836,72.27999877929688,275.239990234375,160.85743713378906,551.96630859375
2025-03-17,84.39839935302734,77.04078674316406,201.79627990722656,97.0566635131836,30.68465232849121,12.9281005859375,61.807891845703125,273.571044921875,228.24978637695312,168.61660766601562,92.85259246826172,88.90133666992188,72.06761932373047,100.55992889404297,54.715110778808594,72.70999908447266,276.7300109863281,163.15414428710938,556.2227172851562
2025-03-18,84.48220825195312,76.16218566894531,200.04405212402344,95.32748413085938,30.66583251953125,12.899221420288086,61.73107147216797,270.6225891113281,224.72076416015625,166.72787475585938,91.49285125732422,89.0047378540039,71.94001007080078,100.80165100097656,54.56187057495117,72.20999908447266,279.9599914550781,162.05055236816406,550.2107543945312
2025-03-19,84.91993713378906,76.16218566894531,203.15478515625,97.15520477294922,30.722286224365234,12.976231575012207,61.89430618286133,273.6983642578125,226.70458984375,169.8457794189453,92.93257141113281,89.27738189697266,72.41397094726562,101.39661407470703,55.24186325073242,72.41999816894531,281.1099853515625,165.7490997314453,556.2030639648438
2025-03-20,84.9758071899414,75.78973388671875,201.86520385742188,96.92366027832031,30.78815269470215,12.995484352111816,61.41421127319336,273.04205322265625,226.345703125,167.2775115966797,92.55265045166016,89.40900421142578,72.3136978149414,101.24787902832031,54.868350982666016,73.7300033569336,280.75,163.95947265625,554.5947265625
2025-03-21,84.47288513183594,75.7610855102539,200.614990234375,97.27344512939453,30.778743743896484,12.918474197387695,61.11661911010742,273.1498107910156,224.07278442382812,167.37745666503906,93.09254455566406,89.33380126953125,72.20433044433594,101.1084213256836,54.83961868286133,73.79000091552734,278.489990234375,163.452392578125,554.7776489257812
2025-03-24,83.60672760009766,76.2295913696289,205.6060028076172,100.920166015625,30.891660690307617,12.966606140136719,61.212928771972656,278.2043762207031,229.9145965576172,172.70648193359375,95.39212036132812,88.81671142578125,72.41397094726562,100.6714859008789,56.33203125,74.87999725341797,277.25,168.17054748535156,564.7128295898438
2025-03-25,83.597412109375,75.53833770751953,204.46408081054688,101.72540283203125,30.95752716064453,12.976231575012207,61.41516876220703,278.67449951171875,228.93763732910156,173.64614868164062,96.35193634033203,88.96712493896484,72.37751007080078,100.77375793457031,56.15849685668945,74.81999969482422,278.4700012207031,169.4346923828125,566.0703735351562
2025-03-26,83.04793548583984,76.70962524414062,202.38694763183594,100.39652252197266,31.046640396118164,12.966606140136719,60.779541015625,275.4125671386719,221.3213348388672,169.76756286621094,94.11235046386719,88.76030731201172,72.08585357666016,100.36470794677734,55.92710494995117,75.41999816894531,278.239990234375,165.95083618164062,559.3124389648438
2025-03-27,82.80577850341797,77.58329010009766,201.42222595214844,100.46074676513672,31.160398483276367,13.005110740661621,60.91437530517578,274.24774169921875,217.07455444335938,166.75868225097656,92.50265502929688,88.68508911132812,71.94913482666016,100.24386596679688,55.48362731933594,75.4800033569336,281.9700012207031,164.3980255126953,557.8270263671875
2025-03-28,83.95133209228516,77.19926452636719,197.32701110839844,97.33863067626953,30.885478973388672,12.956979751586914,60.201698303222656,268.7822570800781,211.51185607910156,162.17034912109375,89.85315704345703,89.39960479736328,71.82152557373047,100.84813690185547,54.384559631347656,74.7699966430664,284.05999755859375,161.1431121826172,546.5933837890625
2025-03-31,84.78022766113281,78.40895080566406,196.38198852539062,97.54612731933594,31.018198013305664,13.120626449584961,59.80684280395508,270.16827392578125,210.81402587890625,159.8012237548828,88.97331237792969,89.66285705566406,71.90355682373047,101.0433578491211,54.80876159667969,77.33000183105469,288.1400146484375,159.94863891601562,550.2625122070312
2025-04-01,85.51488494873047,78.52415466308594,196.40167236328125,98.56378173828125,30.69588279724121,13.139878273010254,59.98019790649414,271.08245849609375,211.83087158203125,162.43026733398438,90.30307006835938,89.9778823852539,72.07024383544922,101.40451049804688,54.394203186035156,77.08000183105469,287.57000732421875,161.19288635253906,551.816650390625
2025-04-02,85.45880889892578,78.29374694824219,199.50259399414062,100.43605041503906,30.733802795410156,13.216888427734375,60.134281158447266,273.22540283203125,213.4259033203125,164.50950622558594,91.50283813476562,89.89299011230469,72.21678924560547,101.6378173828125,55.16547775268555,77.73999786376953,288.1600036621094,163.76097106933594,555.308837890625
2025-04-03,85.85137176513672,78.74498748779297,186.69528198242188,94.36966705322266,30.411487579345703,12.687443733215332,58.93044662475586,259.4731750488281,194.96336364746094,154.3232421875,86.61375427246094,90.81729125976562,71.31922912597656,101.62847900390625,49.467681884765625,72.25,286.4200134277344,156.2159423828125,527.9428100585938
2025-04-04,86.78605651855469,75.32713317871094,178.36708068847656,90.299072265625,30.11760902404785,12.215755462646484,55.32855224609375,244.2465057373047,180.23916625976562,145.8163604736328,81.28475952148438,91.07193756103516,70.3026123046875,101.51649475097656,47.49128723144531,67.91999816894531,279.7200012207031,144.2713165283203,497.0354309082031
2025-04-07,84.16895294189453,74.45346069335938,176.75265502929688,89.2320327758789,30.297725677490234,12.032855987548828,53.82615661621094,243.45028686523438,184.32644653320312,145.60646057128906,81.23477172851562,89.9873046875,69.6981201171875,99.53805541992188,47.50092697143555,65.9800033569336,273.7099914550781,145.32643127441406,496.150146484375
2025-04-08,82.57996368408203,73.30137634277344,172.09634399414062,87.11275482177734,30.582122802734375,11.753693580627441,53.48908233642578,239.60675048828125,179.3917999267578,141.59791564941406,80.13497924804688,89.53459167480469,69.37757873535156,98.2781982421875,47.05744934082031,63.34000015258789,275.20001220703125,146.82943725585938,488.3790588378906
2025-04-09,83.06602478027344,76.14318084716797,186.72482299804688,96.59764099121094,30.64848518371582,12.235008239746094,57.30284881591797,263.9164123535156,210.176025390625,157.82196044921875,89.47322082519531,89.25164031982422,71.23680114746094,99.92066955566406,50.740291595458984,67.58000183105469,285.3800048828125,161.4019012451172,539.6683349609375
2025-04-10,80.77603149414062,76.18158721923828,178.87899780273438,92.82344055175781,30.49680519104004,12.042482376098633,56.272361755371094,253.05421447753906,195.60137939453125,151.1743927001953,86.47378540039062,88.6951675415039,70.07363891601562,98.22221374511719,47.62626266479492,65.31999969482422,292.3500061035156,158.39585876464844,516.0205078125
2025-04-11,81.21532440185547,77.14166259765625,181.4877166748047,93.72251892089844,30.411487579345703,12.215755462646484,57.81327438354492,257.29095458984375,200.685546875,152.3839569091797,87.18364715576172,88.19530487060547,70.28426361083984,98.20353698730469,47.49128723144531,66.45999908447266,297.92999267578125,161.65074157714844,525.227783203125
2025-04-14,81.79481506347656,78.45696258544922,183.6239013671875,93.99423217773438,30.53472137451172,12.196502685546875,58.44890594482422,259.6600036621094,200.984619140625,152.9337615966797,87.96350860595703,88.90266418457031,70.63232421875,98.81012725830078,48.32040786743164,66.66000366210938,296.2300109863281,163.11395263671875,530.3232421875
2025-04-15,82.0845718383789,77.79451751708984,183.85031127929688,93.31745147705078,30.269289016723633,12.167624473571777,58.7667236328125,259.2078552246094,202.29055786132812,153.5135498046875,89.07329559326172,89.16675567626953,70.82464599609375,99.34207916259766,49.139888763427734,66.4800033569336,297.7799987792969,162.86514282226562,528.837890625
2025-04-16,82.5425796508789,76.9592514038086,182.0882110595703,91.01538848876953,30.30720329284668,12.312018394470215,58.45853805541992,253.82093811035156,193.7471466064453,150.39468383789062,86.9237060546875,89.5534439086914,70.81549835205078,99.76202392578125,49.1302490234375,67.75,307.4700012207031,162.15841674804688,517.0828857421875
2025-04-17,81.81352233886719,78.60096740722656,183.57467651367188,91.58842468261719,30.62952423095703,12.408281326293945,59.05564498901367,254.35179138183594,191.9327850341797,150.34469604492188,86.57376098632812,89.29879760742188,71.22763061523438,99.62203979492188,49.57373046875,69.4800033569336,306.1199951171875,162.10862731933594,517.8206787109375
2025-04-21,80.38343811035156,77.85211181640625,179.89295959472656,89.14311218261719,30.8001651763916,12.312018394470215,58.84376525878906,248.30633544921875,187.2473602294922,145.9163360595703,83.89427185058594,88.81778717041016,70.80632019042969,98.5488052368164,48.91815185546875,68.62000274658203,315.5899963378906,158.30625915527344,505.4950866699219
2025-04-22,80.83209228515625,78.95619201660156,184.5492706298828,91.96387481689453,30.913921356201172,12.340896606445312,59.932037353515625,254.6269989013672,191.3047332763672,150.55462646484375,86.14385223388672,88.88379669189453,71.08109283447266,98.79147338867188,50.489620208740234,69.37000274658203,311.1099853515625,159.14239501953125,518.6470336914062
2025-04-23,81.61722564697266,78.50495910644531,187.2859344482422,94.01893615722656,30.989757537841797,12.254260063171387,60.201698303222656,258.9620056152344,198.29299926757812,155.1429443359375,88.79335021972656,88.97811126708984,71.43828582763672,99.23008728027344,51.62725067138672,68.05000305175781,303.6499938964844,162.8153533935547,526.6837158203125
2025-04-24,82.47715759277344,77.81371307373047,191.03659057617188,95.8912124633789,30.951839447021484,12.350522994995117,60.9721565246582,264.41766357421875,208.32179260253906,160.94081115722656,93.18252563476562,89.4591293334961,72.07941436767578,100.24729919433594,52.494937896728516,68.45999908447266,308.07000732421875,167.13534545898438,537.769775390625
2025-04-25,83.08468627929688,77.61209869384766,191.09564208984375,97.61528778076172,30.752758026123047,12.379402160644531,61.02031326293945,266.0396728515625,211.31248474121094,163.06002807617188,94.74224090576172,89.7986831665039,72.1435317993164,100.77924346923828,52.01288604736328,69.02999877929688,304.7300109863281,168.9270477294922,541.6553344726562
2025-04-28,83.6081314086914,77.35287475585938,191.90289306640625,97.64986419677734,30.57264518737793,12.32164478302002,61.376651763916016,266.4230651855469,209.99656677246094,163.13999938964844,94.86221313476562,90.15708923339844,72.18016052246094,101.0125503540039,52.3213996887207,67.76000213623047,309.07000732421875,169.54415893554688,541.8618774414062
2025-04-29,84.30914306640625,77.99612426757812,193.0349578857422,98.34147644042969,30.525243759155273,12.167624473571777,61.56926727294922,268.02532958984375,209.63768005371094,164.679443359375,96.08198547363281,90.46830749511719,72.37248992919922,101.24585723876953,52.79380416870117,65.8499984741211,306.05999755859375,171.04721069335938,545.2752685546875
2025-04-30,83.62682342529297,78.56256866455078,191.82411193847656,97.44731903076172,30.62952423095703,11.97509765625,61.50184631347656,268.1826477050781,210.62461853027344,162.95005798339844,96.05199432373047,90.60980987548828,71.98780059814453,100.7699203491211,52.18642044067383,63.560001373291016,303.7699890136719,170.1712646484375,545.49169921875
2025-05-01,83.20277404785156,77.88092803955078,193.01527404785156,97.98579406738281,30.724321365356445,12.013603210449219,61.347755432128906,269.85369873046875,211.64146423339844,164.4495086669922,96.99181365966797,90.21520233154297,72.08081817626953,100.41572570800781,52.7648811340332,64.5199966430664,297.4599914550781,172.45071411132812,549.3575439453125
2025-05-02,82.30217742919922,78.30333709716797,197.3565673828125,99.50731658935547,30.83807945251465,12.071361541748047,62.62864685058594,274.0609436035156,218.3505859375,167.74830627441406,99.45135498046875,89.60961151123047,72.30171966552734,100.17213439941406,54.22066879272461,64.01000213623047,297.9800109863281,176.3426513671875,557.5123291015625
2025-05-05,81.84248352050781,78.23613739013672,195.84054565429688,98.45014953613281,30.951839447021484,11.984724044799805,62.859779357910156,272.5078125,216.9349822998047,166.38880920410156,99.35137176513672,89.44874572753906,72.27411651611328,100.03157043457031,54.0278434753418,62.369998931884766,306.8800048828125,175.90469360351562,554.3153076171875
2025-05-06,82.11457061767578,78.10173034667969,193.70436096191406,97.590576171875,31.008718490600586,12.157998085021973,62.75385665893555,270.29608154296875,214.92124938964844,165.3591766357422,97.94163513183594,89.67584228515625,72.2188720703125,100.22833251953125,53.46866989135742,64.5999984741211,315.4800109863281,174.69032287597656,549.6821899414062
2025-05-07,82.461669921875,78.22654724121094,194.34423828125,98.35134887695312,30.86652374267578,12.032855987548828,62.387874603271484,271.4166564941406,219.33750915527344,167.73831176757812,98.76148223876953,89.91242218017578,72.2833023071289,100.43446350097656,53.516876220703125,63.5099983215332,310.75,174.45143127441406,551.9938354492188
2025-05-08,81.54228973388672,78.13052368164062,198.04566955566406,99.51225280761719,30.97079849243164,12.167624473571777,62.22415542602539,273.5498352050781,221.2615203857422,173.1763153076172,100.39118194580078,89.21219635009766,72.26490783691406,99.9284896850586,54.80876159667969,65.5999984741211,304.6300048828125,177.90542602539062,555.8400268554688
2025-05-09,81.66425323486328,77.67930603027344,197.68141174316406,99.99144744873047,31.046640396118164,12.2831392288208,62.57086181640625,273.24505615234375,222.70701599121094,173.0663604736328,99.67131805419922,89.27842712402344,72.31092834472656,99.89102935791016,54.548458099365234,66.61000061035156,306.8399963378906,176.4820098876953,555.1317749023438
2025-05-12,80.90435028076172,77.79451751708984,204.6314239501953,104.96112823486328,31.075077056884766,12.360150337219238,63.18722915649414,282.3869934082031,236.67356872558594,179.8638458251953,102.76073455810547,88.71067810058594,73.02899169921875,99.87228393554688,57.05510711669922,67.5999984741211,298.19000244140625,179.25914001464844,573.4774780273438
2025-05-13,80.57601165771484,76.74803161621094,205.37960815429688,106.34928894042969,31.321556091308594,12.523797035217285,63.31242752075195,284.3038635253906,244.79827880859375,182.44290161132812,104.71037292480469,88.64443969726562,73.15785217285156,99.95661163330078,57.32504653930664,69.58999633789062,299.4599914550781,182.1358184814453,577.2646484375
2025-05-14,80.0412826538086,76.335205078125,203.55841064453125,106.75930786132812,31.577518463134766,12.446786880493164,63.2642707824707,284.4906005859375,247.2207489013672,181.8631134033203,104.78035736083984,88.31326293945312,72.8908920288086,99.45063781738281,57.06474304199219,68.7300033569336,293.1600036621094,182.74298095703125,578.0023803710938
2025-05-15,80.74488830566406,77.90011596679688,204.8873748779297,106.52218627929688,31.331037521362305,12.32164478302002,63.765071868896484,285.65057373046875,246.36341857910156,180.76351928710938,104.38043212890625,88.89044952392578,73.02899169921875,100.1627426147461,57.12259292602539,67.58999633789062,297.8399963378906,186.17706298828125,580.8255615234375
2025-05-16,80.96066284179688,78.79296875,206.58059692382812,107.52994537353516,31.387916564941406,12.263886451721191,63.84211730957031,287.6067199707031,245.65562438964844,183.62246704101562,105.14028930664062,88.91885375976562,73.11183166503906,100.35014343261719,57.112953186035156,68.0999984741211,294.239990234375,188.40672302246094,584.5045166015625
2025-05-19,80.72611236572266,79.02339172363281,205.7142791748047,107.27801513671875,31.530113220214844,12.225381851196289,64.27549743652344,287.83282470703125,245.24688720703125,181.6831817626953,104.92033386230469,88.87154388427734,73.07500457763672,100.3595199584961,56.881568908691406,68.51000213623047,298.0299987792969,187.6303253173828,585.1438598632812
2025-05-20,80.14449310302734,79.30181884765625,205.8225860595703,106.71979522705078,31.444795608520508,12.39865493774414,64.47773742675781,286.88916015625,244.77833557128906,182.3429412841797,104.67037963867188,88.75799560546875,73.03817749023438,100.11590576171875,56.62125778198242,68.66000366210938,303.5799865722656,187.73983764648438,583.1765747070312
2025-05-21,78.77481079101562,78.3801498413086,200.04405212402344,104.55604553222656,31.520633697509766,12.379402160644531,64.17918395996094,281.8955078125,240.72097778320312,177.2348175048828,102.15084838867188,88.14292907714844,72.55027770996094,99.00090789794922,54.61594772338867,67.58999633789062,305.82000732421875,183.9374542236328,573.3495483398438
2025-05-22,79.18759155273438,78.05371856689453,200.03421020507812,105.0055923461914,31.53959083557129,12.30239200592041,64.07325744628906,281.8463134765625,240.06301879882812,179.8338623046875,102.69074249267578,88.47412872314453,72.69757843017578,99.50687408447266,54.61594772338867,67.13999938964844,303.1099853515625,184.07679748535156,573.5758666992188
2025-05-23,79.31893157958984,78.34175109863281,199.4041748046875,104.06204223632812,31.463754653930664,12.379402160644531,64.2851333618164,280.1949157714844,236.70347595214844,177.99453735351562,101.91089630126953,88.72960662841797,72.67915344238281,99.58183288574219,54.37491989135742,67.98999786376953,309.75,185.23146057128906,569.6608276367188
2025-05-27,80.42591857910156,79.05220031738281,204.46408081054688,107.13475799560547,31.34999656677246,12.2831392288208,64.9111328125,285.95526123046875,244.21011352539062,181.7031707763672,103.78054809570312,89.0986328125,73.12104797363281,100.48131561279297,55.666805267333984,67.27999877929688,304.5,191.6915283203125,581.5043334960938
2025-05-28,80.07881927490234,78.51456451416016,202.3081817626953,106.15168762207031,31.39739418029785,12.225381851196289,64.3525390625,284.2743835449219,241.60821533203125,180.103759765625,103.06067657470703,88.85262298583984,73.07500457763672,100.23770904541016,54.760555267333984,67.88999938964844,303.80999755859375,191.64173889160156,578.1400756835938
2025-05-29,80.81993103027344,78.83139038085938,202.90870666503906,106.19612884521484,31.255197525024414,12.167624473571777,64.63184356689453,285.1885681152344,243.3228759765625,179.05413818359375,102.330810546875,89.22166442871094,73.18547058105469,100.68745422363281,55.232967376708984,67.19000244140625,305.6099853515625,190.6562957763672,580.4223022460938
2025-05-30,80.94189453125,79.52264404296875,201.87506103515625,105.61814880371094,31.473234176635742,12.071361541748047,64.4681167602539,284.9526062011719,239.0063018798828,179.03416442871094,103.63056945800781,89.4865951538086,73.24992370605469,100.9779281616211,54.83768844604492,67.1500015258789,303.6000061035156,190.3975067138672,579.77294921875
2025-06-02,80.1885986328125,79.57064056396484,202.50509643554688,105.86516571044922,31.406875610351562,12.32164478302002,65.13262939453125,286.4074401855469,242.54530334472656,179.2340850830078,103.92051696777344,89.18280029296875,73.23696899414062,100.69203186035156,54.432762145996094,69.55000305175781,311.6700134277344,191.233642578125,583.0389404296875
2025-06-03,80.04734802246094,79.49383544921875,205.77334594726562,106.4283218383789,31.463754653930664,12.408281326293945,64.8148193359375,288.38330078125,248.0182647705078,182.9527130126953,104.9703140258789,89.09735870361328,73.37571716308594,100.73904418945312,55.29081344604492,69.88999938964844,308.9100036621094,193.3438720703125,586.3637084960938
2025-06-04,81.34677124023438,78.93699645996094,205.19256591796875,106.146728515625,31.293113708496094,12.350522994995117,65.23857116699219,288.35382080078125,250.96908569335938,184.9419708251953,104.78035736083984,89.7524185180664,73.51446533203125,101.47257232666016,54.606300354003906,69.33999633789062,310.8999938964844,194.38900756835938,586.206298828125
2025-06-05,81.40326690673828,78.17852783203125,205.28115844726562,103.46924591064453,31.207796096801758,12.408281326293945,65.32525634765625,286.7613830566406,250.52047729492188,183.5924835205078,104.640380859375,89.48661804199219,73.35720825195312,101.16224670410156,54.5677375793457,69.93000030517578,309.3299865722656,193.6424560546875,583.373291015625
2025-06-06,80.36749267578125,78.42815399169922,208.59861755371094,104.81293487548828,31.331037521362305,12.494916915893555,65.49860382080078,290.103515625,251.946044921875,186.96124267578125,105.96013641357422,88.77457427978516,73.34796142578125,100.55096435546875,55.9367561340332,71.37999725341797,305.17999267578125,197.41502380371094,589.3638916015625
2025-06-09,80.4522476196289,78.32254791259766,210.03591918945312,105.6527328491211,31.302593231201172,12.504544258117676,65.6526870727539,290.3394470214844,256.16290283203125,187.08119201660156,106.11009979248047,88.93598175048828,73.38495635986328,100.8519058227539,56.216346740722656,72.05000305175781,306.6199951171875,199.8138885498047,589.8951416015625
2025-06-10,80.86656951904297,78.495361328125,211.16796875,106.9173812866211,31.226755142211914,12.466038703918457,65.89346313476562,291.87298583984375,261.257080078125,186.42144775390625,105.86014556884766,89.0878677368164,73.56071472167969,101.096435546875,56.81407928466797,71.5999984741211,306.7099914550781,196.13095092773438,593.2396850585938
2025-06-11,81.11137390136719,78.22654724121094,210.30169677734375,106.07264709472656,31.207796096801758,12.668190956115723,65.95125579833984,291.0964050292969,261.0676574707031,185.48178100585938,105.77017211914062,89.45811462402344,73.54219818115234,101.41616821289062,56.04280471801758,74.81999969482422,308.3699951171875,197.66383361816406,591.5477294921875
2025-06-12,82.08123779296875,78.68737030029297,209.46493530273438,105.57369995117188,31.037160873413086,12.677817344665527,66.31721496582031,292.0301818847656,262.3337097167969,183.80239868164062,107.01993560791016,89.84735870361328,73.62544250488281,101.98043060302734,55.70537185668945,75.05000305175781,312.20001220703125,197.5244903564453,593.898681640625
2025-06-13,81.2903060913086,77.72730255126953,205.6355438232422,104.60050964355469,31.207796096801758,13.033989906311035,65.43119049072266,288.5799255371094,256.19281005859375,179.21408081054688,106.25007629394531,89.51509094238281,73.40345764160156,101.36914825439453,54.21102523803711,80.22000122070312,316.2900085449219,196.9173126220703,587.2589111328125
2025-06-16,80.4710922241211,77.97692108154297,208.0599822998047,105.72684478759766,31.34999656677246,13.033989906311035,65.86457061767578,291.4306335449219,262.5630187988281,183.3425750732422,107.37986755371094,89.25875091552734,73.55145263671875,101.19046020507812,54.461692810058594,78.58999633789062,311.7799987792969,195.8323211669922,592.8461303710938
2025-06-17,81.45037078857422,77.31446075439453,205.86849975585938,103.90396881103516,31.387916564941406,13.293899536132812,65.05558776855469,289.0025634765625,260.778564453125,181.72315979003906,106.63001251220703,89.69546508789062,73.46820831298828,101.53842163085938,53.78681945800781,82.30000305175781,311.94000244140625,196.7878875732422,587.7802124023438
2025-06-18,81.59160614013672,77.21846771240234,206.954345703125,103.95336151123047,31.293113708496094,13.346843719482422,65.13262939453125,289.1107177734375,261.77545166015625,181.0734100341797,106.07010650634766,89.7524185180664,73.5792007446289,101.61363983154297,54.50025177001953,82.2699966430664,310.260009765625,195.65318298339844,587.691650390625
2025-06-20,81.44094848632812,77.78490447998047,206.52003479003906,104.07685852050781,31.473234176635742,13.380535125732422,64.6136703491211,288.4422302246094,259.462646484375,179.4639892578125,105.09029388427734,89.80937194824219,73.8104476928711,101.69831085205078,54.91481399536133,83.12000274658203,310.1300048828125,197.7335205078125,586.3114624023438
2025-06-23,81.7046127319336,78.68583679199219,209.04710388183594,106.1397476196289,31.274158477783203,12.918474197387695,65.10838317871094,291.21435546875,261.1075439453125,181.2100067138672,106.35005950927734,90.12268829345703,73.94916534423828,101.95221710205078,56.177772521972656,76.41000366210938,311.0799865722656,200.30532836914062,592.1027221679688
2025-06-24,82.29783630371094,78.61817169189453,211.71240234375,106.72886657714844,31.160398483276367,12.591180801391602,66.09782409667969,294.6155090332031,270.69769287109375,185.6199951171875,108.02974700927734,90.43596649169922,74.15266418457031,102.43180847167969,56.71168518066406,73.0,306.19000244140625,200.09613037109375,598.643798828125
2025-06-25,82.40139770507812,77.56450653076172,209.24453735351562,105.471435546875,31.19481658935547,12.562301635742188,65.9232177734375,294.2714538574219,274.3463439941406,183.4600067138672,107.74979400634766,90.47394561767578,74.13416290283203,102.30957794189453,56.439876556396484,73.30999755859375,307.1199951171875,200.8133087158203,598.9793090820312
2025-06-26,82.81571960449219,77.49684143066406,212.64031982421875,106.44173431396484,31.16613006591797,12.610433578491211,66.57312774658203,296.8076171875,276.34014892578125,187.0399932861328,108.68962097167969,90.7967300415039,74.3469009399414,102.68575286865234,57.740692138671875,73.58999633789062,306.7799987792969,206.15211486816406,603.6656494140625
2025-06-27,82.28841400146484,77.86416625976562,212.7093963623047,108.21402740478516,31.328659057617188,12.543048858642578,66.84474182128906,298.1543273925781,277.5563659667969,186.4600067138672,107.75979614257812,90.55938720703125,74.30988311767578,102.5164794921875,57.711570739746094,73.27999877929688,301.2200012207031,208.9808807373047,606.664794921875
2025-06-30,83.09822082519531,78.27017211914062,213.01541137695312,107.59026336669922,31.252172470092773,12.552675247192383,67.01933288574219,299.6658020019531,278.0149230957031,189.82000732421875,109.47947692871094,90.92012786865234,74.59664916992188,103.08071899414062,57.65332794189453,73.11000061035156,304.8299865722656,210.1064453125,609.5654296875
2025-07-01,83.30425262451172,79.24649047851562,215.2068634033203,108.05067443847656,31.23305320739746,12.6200590133667,67.03874206542969,299.6658020019531,274.9843444824219,189.44000244140625,108.21971130371094,90.75155639648438,74.50277709960938,103.20530700683594,59.623958587646484,73.93000030517578,307.54998779296875,205.02658081054688,609.3681640625
2025-07-02,82.77497863769531,79.4784927368164,218.1880340576172,108.9170150756836,31.280853271484375,12.822211265563965,67.25215911865234,301.2236633300781,280.3775634765625,191.6999969482422,108.78960418701172,90.56107330322266,74.64216613769531,103.18643951416016,60.68208694458008,75.58999633789062,309.25,205.6540985107422,612.1305541992188
2025-07-03,82.19844055175781,79.43982696533203,220.21168518066406,109.5110855102539,31.338214874267578,12.822211265563965,67.4073486328125,303.70831298828125,282.740234375,195.6699981689453,111.24913787841797,90.24681091308594,74.68861389160156,102.9410400390625,61.38103485107422,75.19000244140625,307.1400146484375,208.10435485839844,616.9549560546875
2025-07-07,81.41395568847656,79.37215423583984,216.90472412109375,108.1199722290039,31.462499618530273,12.79333209991455,66.57312774658203,301.3124084472656,278.8922119140625,193.82000732421875,110.68924713134766,89.96109771728516,74.43771362304688,102.32750701904297,60.75004196166992,76.4800033569336,307.3699951171875,208.87132263183594,612.3574829101562
2025-07-08,81.31002044677734,78.63748931884766,218.40521240234375,107.75364685058594,31.49117660522461,12.822211265563965,66.99994659423828,301.29266357421875,282.6006774902344,194.72999572753906,111.0591812133789,89.82777404785156,74.33549499511719,102.0348892211914,61.30337142944336,76.95999908447266,304.1600036621094,207.35733032226562,612.0220336914062
2025-07-09,82.1606216430664,78.12516784667969,220.7743377685547,108.39225006103516,31.386016845703125,12.812585830688477,67.30065155029297,303.18572998046875,284.53466796875,195.52999877929688,111.39910888671875,90.29442596435547,74.53996276855469,102.62010192871094,61.27425003051758,76.93000030517578,305.5199890136719,209.1701202392578,615.6920776367188
2025-07-10,82.21733093261719,78.4054946899414,221.90957641601562,109.59028625488281,31.386016845703125,12.754827499389648,67.39765930175781,303.9942321777344,286.62811279296875,192.0500030517578,109.1295394897461,90.24681091308594,74.46559143066406,102.63898468017578,61.711090087890625,75.38999938964844,306.20001220703125,208.91116333007812,617.4285278320312
2025-07-11,81.08317565917969,78.11550903320312,218.8494110107422,109.61998748779297,31.567657470703125,12.9281005859375,66.93203735351562,302.71246337890625,286.59820556640625,185.99000549316406,107.45985412597656,89.82777404785156,74.37267303466797,102.0160140991211,61.05097579956055,77.29000091552734,309.1400146484375,211.20205688476562,615.2579956054688
2025-07-14,80.91304016113281,78.18315887451172,220.3202667236328,110.02593231201172,31.615461349487305,12.822211265563965,66.99994659423828,303.4026794433594,284.4349670410156,188.0500030517578,109.0295639038086,89.78965759277344,74.42843627929688,101.98768615722656,61.740211486816406,75.62000274658203,308.010009765625,215.21615600585938,616.4320678710938
2025-07-15,80.3459701538086,77.40017700195312,216.0064697265625,108.45166778564453,31.66326141357422,12.79333209991455,66.6701431274414,301.80535888671875,289.89794921875,186.77999877929688,108.96956634521484,89.43729400634766,74.20540618896484,101.61956787109375,59.57542419433594,75.26000213623047,306.7300109863281,213.85154724121094,613.7978515625
2025-07-16,80.45938873291016,77.67083740234375,218.1781768798828,108.64967346191406,31.76841926574707,12.822211265563965,66.96114349365234,302.9491271972656,288.3826599121094,188.9499969482422,109.78941345214844,89.68489837646484,74.40056610107422,101.7800521850586,60.099632263183594,75.19000244140625,308.260009765625,216.6006622314453,615.8499755859375
2025-07-17,80.44048309326172,78.4054946899414,221.0408935546875,109.02098083496094,31.85446548461914,12.90884780883789,67.20364379882812,304.92108154296875,290.80511474609375,192.10000610351562,111.28913116455078,89.65632629394531,74.47489929199219,102.02545166015625,61.322784423828125,76.16000366210938,307.5899963378906,222.06895446777344,619.61865234375
2025-07-18,80.5633544921875,78.19283294677734,219.47132873535156,109.986328125,31.78754425048828,12.94735336303711,67.03874206542969,304.75341796875,289.40948486328125,191.9600067138672,111.03917694091797,89.9039535522461,74.57711029052734,102.2142333984375,61.41986846923828,75.93000030517578,308.3900146484375,221.47132873535156,619.1649169921875
2025-07-21,81.28166198730469,78.18315887451172,218.5828857421875,110.50613403320312,31.69194221496582,12.90884780883789,67.44615936279297,305.0985412597656,289.6088562011719,191.49000549316406,111.18915557861328,90.2182388305664,74.67935180664062,102.61068725585938,61.22571563720703,75.58999633789062,313.1300048828125,218.09474182128906,620.3389892578125
2025-07-22,81.77311706542969,78.89849090576172,220.3992462158203,111.62496185302734,31.567657470703125,12.899221420288086,67.72746276855469,305.45343017578125,284.48480224609375,192.9199981689453,110.87921142578125,90.47537231445312,74.80946350097656,102.8560791015625,61.50722885131836,75.3499984741211,316.1000061035156,214.86753845214844,620.427734375
2025-07-23,81.31946563720703,78.92749786376953,223.765380859375,112.15467834472656,31.529420852661133,12.870342254638672,68.93999481201172,308.02685546875,285.720947265625,194.7100067138672,111.7890396118164,90.15157318115234,74.84661865234375,102.69561004638672,61.50722885131836,75.27999877929688,312.17999267578125,220.1764678955078,625.7061157226562
2025-07-24,81.17768859863281,78.64717102050781,220.6756591796875,110.2982177734375,31.76841926574707,12.851090431213379,68.4743881225586,307.91839599609375,286.9072570800781,193.27999877929688,112.06898498535156,90.01823425292969,74.75367736816406,102.54459381103516,60.36174011230469,76.08999633789062,310.2699890136719,218.70233154296875,625.9132690429688
2025-07-25,81.68805694580078,78.7824935913086,221.49497985839844,111.32296752929688,31.62502098083496,12.72594928741455,68.36769104003906,309.2889099121094,286.59820556640625,193.27999877929688,112.66887664794922,90.22774505615234,74.80013275146484,102.87493896484375,60.119049072265625,74.8499984741211,307.3999938964844,219.60870361328125,628.5573120117188
2025-07-28,81.1587905883789,77.97051239013672,221.23831176757812,111.97149658203125,31.653701782226562,12.860715866088867,67.48495483398438,309.2001647949219,290.5060729980469,193.49000549316406,112.85884094238281,90.02775573730469,74.76299285888672,102.66729736328125,60.07051086425781,77.16999816894531,305.4100036621094,219.41946411132812,628.3993530273438
2025-07-29,82.52923583984375,78.48283386230469,219.8267059326172,111.19921875,31.49117660522461,13.02436351776123,67.44615936279297,308.2240295410156,291.9914245605469,191.72999572753906,112.98881530761719,90.61822509765625,74.80946350097656,103.3469009399414,59.7792854309082,79.80000305175781,306.25,217.1186065673828,626.741943359375
2025-07-30,82.10391235351562,77.78683471679688,218.7112274169922,110.4962387084961,31.472057342529297,12.995484352111816,66.96114349365234,307.8691101074219,295.3410339355469,190.41000366210938,112.69886779785156,90.303955078125,74.65147399902344,102.95990753173828,59.012386322021484,81.04000091552734,300.9599914550781,217.85568237304688,625.9526977539062
2025-07-31,82.15117645263672,77.11984252929688,216.5691375732422,109.61998748779297,31.319093704223633,12.870342254638672,66.41792297363281,306.5281982421875,287.88421630859375,186.91000366210938,111.63906860351562,90.38014221191406,74.69792175292969,102.98822021484375,58.303733825683594,79.58999633789062,302.9599914550781,215.6842803955078,623.6045532226562
2025-08-01,83.31908416748047,77.48717498779297,212.15660095214844,106.97639465332031,31.041851043701172,12.668190956115723,66.19480895996094,301.4504089355469,283.0692138671875,180.97999572753906,108.60963439941406,91.420654296875,74.70166778564453,103.90185546875,57.09999084472656,77.45999908447266,309.1099853515625,213.43321228027344,613.3834228515625
2025-08-04,83.5467758178711,77.86416625976562,216.90472412109375,108.23384094238281,31.137451171875,12.629685401916504,67.0096435546875,306.1731872558594,289.28985595703125,185.85000610351562,110.95919799804688,91.54487609863281,74.9538345336914,104.08191680908203,57.905723571777344,76.11000061035156,310.9100036621094,216.04286193847656,622.7067260742188
2025-08-05,83.80294036865234,77.78683471679688,218.01036071777344,108.37246704101562,31.051408767700195,12.523797035217285,67.18424987792969,304.82244873046875,286.2094421386719,183.39999389648438,110.52928161621094,91.47798919677734,74.91648864746094,104.15773010253906,58.09986877441406,75.0199966430664,311.1600036621094,217.2182159423828,619.5496826171875
2025-08-06,83.31908416748047,78.89849090576172,217.72409057617188,110.62496185302734,31.108774185180664,12.494916915893555,67.62076568603516,306.8831481933594,285.7309265136719,185.3699951171875,111.7890396118164,91.41110229492188,74.99119567871094,104.12930297851562,57.633907318115234,73.79000091552734,310.5,215.9831085205078,624.295166015625
2025-08-07,83.17677307128906,79.49781799316406,217.01333618164062,110.59030151367188,31.19481658935547,12.523797035217285,68.10577392578125,306.7056579589844,290.2169494628906,181.57000732421875,109.57945251464844,91.34422302246094,74.91648864746094,104.02506256103516,57.12911605834961,73.41999816894531,313.1199951171875,214.46913146972656,623.772216796875
2025-08-08,82.81624603271484,79.72982025146484,217.48716735839844,110.78336334228516,31.452939987182617,12.504544258117676,68.32887268066406,308.6381530761719,292.6194763183594,178.92999267578125,109.60944366455078,91.13400268554688,74.92582702636719,103.693359375,57.818355560302734,73.30000305175781,313.04998779296875,213.54278564453125,628.6361694335938
2025-08-11,82.9111328125,79.66216278076172,217.4378204345703,111.07049560546875,31.414695739746094,12.552675247192383,68.11547088623047,307.9282531738281,292.4898681640625,177.47999572753906,108.34968566894531,91.16268157958984,74.92582702636719,103.8544692993164,57.66303253173828,73.80000305175781,308.54998779296875,214.08065795898438,627.39306640625
2025-08-12,82.49366760253906,79.87480926513672,223.89370727539062,112.24873352050781,31.338214874267578,12.504544258117676,68.87210845947266,311.6946716308594,299.1690979003906,180.1300048828125,109.53945922851562,91.1435775756836,75.09394073486328,103.94923400878906,59.74045181274414,72.94999694824219,308.2699890136719,217.59671020507812,634.0723876953125
2025-08-13,83.17677307128906,79.87480926513672,228.2470245361328,113.78836059570312,31.280853271484375,12.475665092468262,69.31831359863281,313.2032165527344,300.345458984375,184.7100067138672,109.51947021484375,91.46844482421875,75.29008483886719,104.49894714355469,60.808284759521484,72.45999908447266,309.2099914550781,218.1146240234375,636.2427978515625
2025-08-14,82.5600814819336,79.15949249267578,225.30532836914062,113.65963745117188,31.328659057617188,12.523797035217285,69.0079116821289,312.7398376464844,300.98345947265625,183.19000244140625,108.31968688964844,91.17223358154297,75.09394073486328,104.13878631591797,60.76945114135742,73.73999786376953,307.25,215.7042236328125,636.3020629882812
2025-08-15,81.97186279296875,79.28515625,224.20960998535156,113.38735961914062,31.366897583007812,12.485291481018066,69.31831359863281,312.0298767089844,294.73291015625,183.99000549316406,109.08954620361328,90.99071502685547,75.14997100830078,104.006103515625,59.78899002075195,72.80000305175781,307.42999267578125,214.65835571289062,634.8123168945312
2025-08-18,81.73467254638672,79.17881774902344,225.0289306640625,113.84280395507812,31.366897583007812,12.504544258117676,69.41532135009766,312.1482238769531,295.93914794921875,186.10000610351562,109.38949584960938,90.90470123291016,75.09394073486328,103.8165512084961,60.119049072265625,73.16999816894531,306.95001220703125,215.72415161132812,634.674072265625
2025-08-19,82.20905303955078,79.99081420898438,223.3014373779297,113.78836059570312,31.21393394470215,12.417906761169434,69.23101806640625,310.2551574707031,289.9677429199219,182.8699951171875,106.56002044677734,91.13400268554688,75.07525634765625,103.97766876220703,60.01226806640625,72.30000305175781,305.2699890136719,211.0725860595703,631.23095703125
2025-08-20,82.3893051147461,80.44513702392578,222.51171875,112.66458129882812,31.17569351196289,12.543048858642578,69.31831359863281,309.4367980957031,288.06365966796875,182.11000061035156,106.31006622314453,91.26777648925781,75.04723358154297,104.02506256103516,60.225830078125,73.5199966430664,308.3599853515625,211.22198486328125,629.5537109375
2025-08-21,81.98137664794922,79.72015380859375,223.0645294189453,111.99624633789062,31.405134201049805,12.639311790466309,69.05641174316406,308.3719787597656,286.56829833984375,182.10000610351562,105.94013977050781,91.00025177001953,74.9071273803711,103.62700653076172,59.9831428527832,74.12999725341797,307.2900085449219,212.5268096923828,627.028076171875
2025-08-22,82.58856964111328,79.72015380859375,231.81060791015625,115.39728546142578,31.472057342529297,12.668190956115723,70.18163299560547,313.7158508300781,292.7291564941406,188.2100067138672,107.43985748291016,91.50665283203125,75.5142593383789,104.44206237792969,62.94395446777344,74.63999938964844,310.5799865722656,215.29583740234375,636.6571655273438
2025-08-25,82.35137176513672,78.3571548461914,229.3723602294922,115.16461181640625,31.49117660522461,12.72594928741455,69.50262451171875,312.20733642578125,293.00830078125,185.9199981689453,106.67000579833984,91.32511901855469,75.36481475830078,104.16722869873047,62.60418701171875,75.75,309.8299865722656,215.34564208984375,633.855224609375
2025-08-26,82.30392456054688,77.84483337402344,231.26766967773438,115.69432067871094,31.577220916748047,12.639311790466309,69.46381378173828,313.6271667480469,295.8294982910156,185.77999877929688,106.5500259399414,91.56398010253906,75.53292846679688,104.24303436279297,63.32255935668945,74.05000305175781,312.0799865722656,219.48919677734375,636.5092163085938
2025-08-27,82.20905303955078,78.07684326171875,232.90634155273438,115.71907043457031,31.586780548095703,12.648938179016113,69.26011657714844,314.4652404785156,296.7366638183594,188.94000244140625,107.42985534667969,91.73597717285156,75.6263198852539,104.28094482421875,63.82733917236328,74.68000030517578,312.7099914550781,218.7122802734375,637.95947265625
2025-08-28,82.74984741210938,77.5838394165039,233.18272399902344,115.91708374023438,31.424257278442383,12.735574722290039,69.54141998291016,315.6089782714844,297.952880859375,190.85000610351562,109.06954956054688,91.94618225097656,75.66368103027344,104.44206237792969,63.604061126708984,75.23999786376953,315.0299987792969,219.39956665039062,640.21875
2025-08-29,82.16161346435547,78.08650207519531,232.146240234375,114.72400665283203,31.586780548095703,12.754827499389648,69.23101806640625,313.735595703125,289.3895568847656,190.77999877929688,108.0797348022461,91.86974334716797,75.5235824584961,104.06297302246094,63.5943717956543,74.83999633789062,318.07000732421875,216.5807342529297,636.4006958007812
2025-09-02,81.55018615722656,77.9608383178711,230.89256286621094,113.86756134033203,31.53898048400879,12.956979751586914,68.7459945678711,311.556640625,285.59136962890625,188.74000549316406,107.24988555908203,91.5955810546875,75.44194030761719,103.71488189697266,63.17694091796875,76.76000213623047,325.5899963378906,216.84967041015625,631.6847534179688
2025-09-03,82.44541931152344,77.90283966064453,230.66551208496094,114.32795715332031,31.452939987182617,12.83183765411377,68.89149475097656,312.8778076171875,285.54150390625,188.00999450683594,107.29988098144531,91.91192626953125,75.64839935302734,104.33306884765625,63.26430892944336,74.83000183105469,328.1400146484375,214.24002075195312,635.1082153320312
2025-09-04,83.07398223876953,77.95117950439453,233.54795837402344,116.41709899902344,31.395578384399414,12.745201110839844,69.17281341552734,315.6484069824219,288.9608459472656,187.33999633789062,106.8199691772461,92.32413482666016,75.85487365722656,105.04637145996094,64.19622039794922,74.18000030517578,326.69000244140625,214.43923950195312,640.4160766601562
2025-09-05,84.3405990600586,78.17350769042969,234.7128143310547,116.39234161376953,31.242616653442383,12.629685401916504,69.62871551513672,315.0666809082031,292.3702697753906,190.9199981689453,108.1197280883789,92.77467346191406,75.89240264892578,105.73117065429688,63.53611755371094,72.62999725341797,331.04998779296875,215.78390502929688,638.5612182617188
2025-09-08,85.46436309814453,77.88349914550781,235.18663024902344,116.84284210205078,31.09920883178711,12.72594928741455,70.29804229736328,316.0723876953125,295.6001892089844,193.50999450683594,109.99937438964844,93.062255859375,75.89240264892578,106.10205841064453,63.604061126708984,73.04000091552734,334.82000732421875,217.06878662109375,640.1299438476562
2025-09-09,84.97868347167969,78.03816986083984,233.8046417236328,116.67947387695312,31.089651107788086,12.754827499389648,70.21073913574219,316.4766540527344,296.8861999511719,194.72000122070312,110.49927520751953,92.8417739868164,75.80794525146484,105.91185760498047,62.95365524291992,73.38999938964844,334.05999755859375,214.6483917236328,641.6099243164062
2025-09-10,85.46436309814453,77.2745132446289,233.39002990722656,115.28341674804688,31.09920883178711,12.851090431213379,70.33685302734375,317.2850646972656,299.8968200683594,192.07000732421875,112.21895599365234,93.09103393554688,75.8642578125,106.22571563720703,63.021610260009766,74.70999908447266,335.260009765625,217.62657165527344,643.4647216796875
2025-09-11,86.0357894897461,77.90283966064453,237.70384216308594,117.52600860595703,31.23305320739746,12.745201110839844,71.13227081298828,320.2232666015625,302.9872131347656,195.41000366210938,112.3789291381836,93.23479461669922,76.05193328857422,106.72026824951172,63.30313491821289,73.0,334.760009765625,219.9075469970703,648.81201171875
2025-09-12,85.66436767578125,77.64183807373047,235.27545166015625,118.13494110107422,31.280853271484375,12.812585830688477,70.89945983886719,319.7598571777344,303.37603759765625,194.00999450683594,111.64906311035156,92.96639251708984,75.97686767578125,106.53005981445312,63.08955764770508,73.30999755859375,335.4200134277344,220.44540405273438,648.5949096679688
2025-09-15,85.86436462402344,76.75251770019531,236.27249145507812,119.15968322753906,31.27129364013672,12.94735336303711,71.45238494873047,321.3177490234375,306.2171936035156,195.55999755859375,112.78884887695312,93.11976623535156,76.19270324707031,106.86296081542969,62.47799301147461,74.2300033569336,338.9100036621094,222.65664672851562,652.0479736328125
2025-09-16,86.0453109741211,77.10051727294922,235.88343811035156,119.89237213134766,31.280853271484375,13.072494506835938,71.51058197021484,320.8839111328125,306.2570495605469,197.0800018310547,112.69886779785156,93.17729187011719,76.13639068603516,106.76781463623047,61.82758331298828,75.66999816894531,339.5899963378906,223.62278747558594,651.150146484375
2025-09-17,85.8262710571289,77.56450653076172,236.48728942871094,119.59039306640625,31.357337951660156,12.956979751586914,71.46207427978516,320.5979919433594,304.3031311035156,199.00999450683594,113.19877624511719,92.9759750366211,76.06132507324219,106.5776138305664,62.56535339355469,74.97000122070312,336.9700012207031,222.0092010498047,650.3412475585938
2025-09-18,84.94058990478516,76.88784790039062,242.37744140625,119.05078887939453,31.452939987182617,12.87515640258789,71.5202865600586,322.61920166015625,315.9867858886719,202.35000610351562,115.34837341308594,92.66922760009766,76.23023986816406,106.35887908935547,64.23506164550781,74.69000244140625,335.6199951171875,226.2523651123047,653.3799438476562
2025-09-19,84.7786865234375,76.73318481445312,240.53616333007812,119.50128173828125,31.472057342529297,12.764453887939453,71.2765884399414,323.8319396972656,314.7306823730469,201.97999572753906,117.16803741455078,92.63087463378906,76.25841522216797,106.27326965332031,63.42932891845703,73.5199966430664,339.17999267578125,226.0133056640625,656.6160278320312
2025-09-22,84.47393035888672,75.8776626586914,241.93197631835938,119.11198425292969,31.37645721435547,12.754827499389648,71.58851623535156,325.23199462890625,321.170654296875,205.24000549316406,117.7679214477539,92.4775161743164,76.31471252441406,106.03547668457031,62.64794158935547,73.44999694824219,345.04998779296875,227.44993591308594,659.7225341796875
2025-09-23,85.06439208984375,76.25724029541016,241.38751220703125,117.9911880493164,31.328659057617188,12.889595985412598,71.49104309082031,323.4868469238281,320.7021179199219,202.8699951171875,116.37818145751953,92.73631286621094,76.25841522216797,106.24472045898438,62.56980514526367,75.05000305175781,346.4599914550781,229.736083984375,656.1312866210938
2025-09-24,84.74059295654297,76.4227066040039,239.1700439453125,118.82434844970703,31.446626663208008,12.976231575012207,71.0718765258789,322.3036804199219,320.1139221191406,201.52999877929688,115.19840240478516,92.48709106445312,76.15515899658203,105.8167495727539,62.44282531738281,76.38999938964844,343.32000732421875,226.09217834472656,654.0437622070312
2025-09-25,84.74059295654297,75.69273376464844,236.88328552246094,117.14810943603516,31.388607025146484,13.072494506835938,70.66246032714844,320.5782775878906,320.0640869140625,197.9600067138672,113.87864685058594,92.28577423095703,75.93931579589844,105.62653350830078,62.40375900268555,76.98999786376953,344.75,225.682861328125,651.0263061523438
2025-09-26,84.6644058227539,75.8776626586914,238.9126434326172,118.87890625,31.369264602661133,13.082120895385742,70.91590881347656,322.589599609375,320.8217468261719,199.50999450683594,114.94844818115234,92.23783874511719,76.0894775390625,105.76920318603516,62.696781158447266,77.0199966430664,346.739990234375,229.9457550048828,654.756103515625
2025-09-29,85.359619140625,76.02365112304688,239.18983459472656,119.39962005615234,31.243560791015625,12.976231575012207,71.29608154296875,323.40728759765625,321.65911865234375,200.85000610351562,115.95825958251953,92.50625610351562,76.2208480834961,106.12110137939453,62.09120178222656,74.58999633789062,352.4599914550781,230.57469177246094,656.5962524414062
2025-09-30,85.11200714111328,76.2767105102539,239.52642822265625,118.84419250488281,31.30157470703125,12.9281005859375,71.6080093383789,324.4652404785156,325.3476257324219,197.75999450683594,114.98844146728516,92.4679183959961,76.19270324707031,106.0164794921875,61.827484130859375,73.75,355.4700012207031,234.5680389404297,659.0694580078125
2025-10-01,85.33181762695312,76.15991973876953,240.05108642578125,119.58807373046875,31.30157470703125,12.90884780883789,72.10516357421875,325.5923156738281,332.6549072265625,196.86000061035156,115.04843139648438,92.77944946289062,76.33507537841797,106.44220733642578,61.505165100097656,73.13999938964844,356.0299987792969,236.10543823242188,661.3153686523438
2025-10-02,85.58028411865234,75.85820007324219,241.56570434570312,118.72515869140625,31.23388671875,12.802959442138672,72.24163818359375,326.06689453125,337.1907958984375,199.25,115.69831085205078,92.8756103515625,76.30679321289062,106.6140365600586,61.35865020751953,71.54000091552734,354.7900085449219,237.70278930664062,662.0770263671875
2025-10-03,85.41781616210938,75.94578552246094,243.35751342773438,117.96142578125,31.282238006591797,12.851090431213379,72.77777099609375,326.244873046875,335.6356201171875,199.44000244140625,114.80847930908203,92.69293212890625,76.22193145751953,106.48039245605469,61.97399139404297,71.70999908447266,357.6400146484375,240.26849365234375,662.0671997070312
2025-10-06,84.73929595947266,75.39102172851562,244.32762145996094,118.9731216430664,31.311248779296875,12.985857963562012,72.93372344970703,327.4708557128906,342.3148498535156,201.8800048828125,115.59832763671875,92.42367553710938,76.24078369140625,106.13675689697266,62.59910202026367,72.87000274658203,364.3800048828125,246.61788940429688,664.4415893554688
2025-10-07,85.2267074584961,76.09178924560547,241.70428466796875,116.89022064208984,31.40794563293457,13.02436351776123,72.36834716796875,325.8988342285156,336.0044860839844,198.44000244140625,114.34856414794922,92.6544418334961,76.15592956542969,106.33721160888672,62.14980697631836,73.19999694824219,366.260009765625,245.35000610351562,661.9781494140625
2025-10-08,85.2935791015625,75.71220397949219,244.23855590820312,117.23738098144531,31.485309600830078,13.053242683410645,72.65103912353516,328.0641174316406,344.99652099609375,201.24000549316406,115.6683120727539,92.6736831665039,76.04277801513672,106.20356750488281,61.768882751464844,73.52999877929688,372.29998779296875,249.22352600097656,665.925537109375
2025-10-09,85.2267074584961,75.95552825927734,242.66455078125,116.65218353271484,31.417621612548828,12.937726020812988,72.01741790771484,326.92706298828125,344.13916015625,201.8699951171875,115.6483154296875,92.60639190673828,75.825927734375,105.99356842041016,61.485626220703125,72.51000213623047,365.42999267578125,245.07046508789062,663.9963989257812
2025-10-10,86.60285949707031,76.01392364501953,235.3983612060547,113.44352722167969,31.224220275878906,12.668190956115723,70.35053253173828,318.1670837402344,324.330810546875,194.52000427246094,112.06898498535156,93.18330383300781,75.38277435302734,106.28948974609375,58.78982925415039,69.38999938964844,369.1199951171875,238.53138732910156,646.0499877929688
2025-10-13,86.55508422851562,75.76085662841797,241.95179748535156,115.97772979736328,31.195209503173828,12.817398071289062,71.42280578613281,323.2391662597656,338.69610595703125,199.3800048828125,114.6185073852539,93.23138427734375,75.85421752929688,106.65221405029297,60.079124450683594,70.27999877929688,378.0899963378906,243.5330352783203,655.9630126953125
2025-10-14,86.83222198486328,76.97747039794922,245.4066619873047,116.22071838378906,31.137189865112305,12.677817344665527,71.43254852294922,323.1402893066406,332.46551513671875,200.6300048828125,113.5687026977539,93.47176361083984,75.93907928466797,107.00540161132812,61.93492126464844,69.0,380.7900085449219,245.68943786621094,655.1616821289062
2025-10-15,86.6410903930664,77.1137466430664,247.81222534179688,116.38934326171875,31.14685821533203,12.71632194519043,72.05641174316406,324.6728210449219,340.7198181152344,200.82000732421875,113.26876068115234,93.3659896850586,76.18421173095703,107.00540161132812,60.53819274902344,68.98999786376953,387.3900146484375,241.59628295898438,658.0702514648438
2025-10-16,87.29094696044922,76.57843017578125,242.59523010253906,115.2635726928711,31.088842391967773,12.69706916809082,72.37810516357422,322.0923156738281,342.2350769042969,196.22999572753906,112.77885437011719,93.79869842529297,75.9107894897461,107.31085968017578,56.78752136230469,67.80999755859375,396.45001220703125,237.752685546875,653.5886840820312
2025-10-17,87.15715026855469,77.60038757324219,240.96185302734375,116.25543212890625,31.069499969482422,12.69706916809082,72.329345703125,323.6050109863281,341.76654052734375,195.33999633789062,112.65887451171875,93.64484405517578,76.1087875366211,107.10083770751953,57.695884704589844,67.9800033569336,388.989990234375,235.02725219726562,657.2986450195312
2025-10-20,87.49163818359375,77.53225708007812,245.6640625,117.17786407470703,31.030820846557617,12.822211265563965,73.04095458984375,327.2138671875,346.1429443359375,199.11000061035156,113.86865234375,93.76985168457031,76.25965118408203,107.42540740966797,59.131690979003906,67.83000183105469,403.1499938964844,240.94737243652344,664.1348876953125
2025-10-21,87.92166900634766,77.17213439941406,244.505859375,118.61109924316406,31.059829711914062,12.69706916809082,72.3488540649414,327.1742858886719,344.2288818359375,200.88999938964844,114.98844146728516,93.94290924072266,76.14649963378906,107.44448852539062,59.21959686279297,68.2699966430664,377.239990234375,243.3034210205078,664.125
2025-10-22,87.97901153564453,77.61011505126953,240.89254760742188,117.6837158203125,31.16619873046875,12.889595985412598,72.40734100341797,325.18695068359375,337.5496826171875,196.57000732421875,113.48872375488281,93.96216583251953,76.07108306884766,107.54949951171875,59.03401184082031,70.62999725341797,377.2799987792969,237.0039520263672,660.6722412109375
2025-10-23,87.376953125,77.23053741455078,243.9415740966797,118.21434783935547,31.243560791015625,13.072494506835938,72.82649230957031,327.2731628417969,343.7304382324219,198.97999572753906,114.76848602294922,93.65444946289062,76.24078369140625,107.41585540771484,58.78006362915039,73.29000091552734,378.7900085449219,245.82920837402344,664.5899658203125
2025-10-24,87.41517639160156,76.97747039794922,246.92127990722656,117.86224365234375,31.262901306152344,13.091747283935547,73.0604476928711,329.9426574707031,350.0508117675781,202.27999877929688,115.97825622558594,93.7409896850586,76.4482192993164,107.59723663330078,59.795867919921875,73.18000030517578,377.5199890136719,249.62286376953125,670.0213012695312
2025-10-27,87.71144104003906,77.10401153564453,247.7825469970703,119.55831909179688,31.23388671875,13.082120895385742,73.61607360839844,333.6206359863281,358.823486328125,203.47000122070312,117.05805206298828,93.7409896850586,76.63678741455078,107.7785873413086,59.747032165527344,73.12000274658203,367.010009765625,250.8208770751953,677.9260864257812
2025-10-28,87.94078826904297,76.3351058959961,246.45602416992188,119.58807373046875,31.282238006591797,12.937726020812988,73.60633850097656,334.1347961425781,361.983642578125,202.25,116.6981201171875,93.82755279541016,76.56137084960938,107.78812408447266,59.502845764160156,71.38999938964844,364.3800048828125,250.01220703125,679.7266235351562
2025-10-29,87.05201721191406,74.5345230102539,244.35733032226562,118.6011734008789,31.330591201782227,12.995484352111816,73.38213348388672,333.8974914550781,367.4665832519531,197.77000427246094,115.19840240478516,93.22175598144531,76.32564544677734,107.17721557617188,58.418670654296875,71.80000305175781,363.0,250.40158081054688,680.0531616210938
2025-10-30,86.54552459716797,74.45665740966797,242.38735961914062,115.92316436767578,31.272567749023438,13.033989906311035,72.92398071289062,330.3084411621094,362.60174560546875,196.0800018310547,113.94863891601562,93.08714294433594,76.18421173095703,106.60448455810547,58.467506408691406,71.70999908447266,370.1300048828125,247.23684692382812,672.5738525390625
2025-10-31,86.28749084472656,74.2425308227539,243.75347900390625,118.98799896240234,31.3209171295166,13.072494506835938,72.7485122680664,331.6333923339844,361.8939208984375,198.52999877929688,115.48834991455078,93.12560272216797,76.18421173095703,106.17494201660156,58.604248046875,72.55999755859375,368.1199951171875,248.13536071777344,674.780029296875
2025-11-03,86.07168579101562,73.65855407714844,242.97142028808594,120.10383605957031,31.34992790222168,13.207262992858887,72.95321655273438,332.0090637207031,364.9643859863281,198.33999633789062,115.67830657958984,93.08124542236328,75.94729614257812,105.88944244384766,58.740989685058594,72.73999786376953,368.7799987792969,247.2767791748047,676.0463256835938
2025-11-04,86.26351165771484,73.96028137207031,238.77406311035156,118.11021423339844,31.243560791015625,13.091747283935547,71.9881820678711,327.994873046875,351.665771484375,190.75,111.97900390625,93.19699096679688,75.9567642211914,106.03314971923828,58.42844009399414,71.93000030517578,362.32000732421875,241.5663299560547,668.0328369140625
2025-11-05,85.32356262207031,73.91162109375,242.2190399169922,119.54840850830078,31.388607025146484,13.072494506835938,72.47557067871094,329.39886474609375,358.3848571777344,194.0,111.72904968261719,92.7532958984375,76.03258514404297,105.71701049804688,59.151222229003906,71.02999877929688,366.510009765625,238.13206481933594,670.3478393554688
2025-11-06,86.09085845947266,73.58069610595703,237.93263244628906,116.78608703613281,31.262901306152344,13.091747283935547,72.19287872314453,325.6516418457031,350.0009460449219,189.8300018310547,109.28950500488281,93.22593688964844,76.0610122680664,106.27263641357422,58.760528564453125,70.87999725341797,366.07000732421875,232.58135986328125,663.1554565429688
2025-11-07,85.90863037109375,74.66104125976562,239.17994689941406,116.96957397460938,31.30157470703125,13.120626449584961,72.329345703125,326.363525390625,347.0401611328125,191.0399932861328,109.45948028564453,93.26451110839844,76.12736511230469,106.0618896484375,59.59075164794922,71.26000213623047,368.30999755859375,233.9390869140625,663.808349609375
2025-11-10,85.88945007324219,74.38853454589844,241.57559204101562,118.5069580078125,31.388607025146484,13.265020370483398,73.23590850830078,331.1390380859375,357.67706298828125,193.0,111.75904846191406,93.13911437988281,76.38323211669922,106.1193618774414,59.90331268310547,71.68000030517578,378.3800048828125,236.69447326660156,674.1666259765625
2025-11-11,86.2826919555664,75.36182403564453,241.78350830078125,118.79955291748047,31.436952590942383,13.34203052520752,73.62582397460938,331.94970703125,349.9610595703125,192.2899932861328,111.00918579101562,93.42849731445312,76.46851348876953,106.5408935546875,60.02052307128906,72.72000122070312,379.8699951171875,235.7161102294922,675.7100219726562
2025-11-12,86.4361572265625,75.25475311279297,241.1895294189453,118.00110626220703,31.35959815979004,13.178383827209473,73.90851593017578,332.068359375,354.4271545410156,191.3699951171875,109.82940673828125,93.44776916503906,76.31689453125,106.43551635742188,60.09865951538086,69.79000091552734,385.989990234375,234.52809143066406,676.0859985351562
2025-11-13,85.72640228271484,75.25475311279297,234.40841674804688,115.0552978515625,31.35959815979004,13.130252838134766,73.09943389892578,326.185546875,343.7503967285156,185.35000610351562,106.8199691772461,93.17769622802734,76.00414276123047,105.90861511230469,59.37587356567383,69.8499984741211,382.8699951171875,226.75108337402344,664.8670043945312
2025-11-14,85.23725128173828,75.19635772705078,235.09149169921875,114.50481414794922,31.475635528564453,13.149504661560059,73.04095458984375,326.1361083984375,343.909912109375,184.88999938964844,107.41986083984375,93.02338409423828,76.02310943603516,105.6211929321289,59.502845764160156,71.37999725341797,375.9599914550781,227.65956115722656,664.7581176757812
2025-11-17,85.4482421875,74.71944427490234,230.4189453125,113.42864990234375,31.427288055419922,13.130252838134766,72.1343994140625,322.74481201171875,339.244384765625,179.67999267578125,105.47022247314453,93.12947845458984,75.89991760253906,105.6882553100586,57.266117095947266,71.30000305175781,371.6499938964844,223.92581176757812,658.56494140625
2025-11-18,85.41947937011719,75.04063415527344,231.121826171875,111.33583068847656,31.369264602661133,13.245768547058105,71.50078582763672,320.559814453125,332.25616455078125,179.7899932861328,104.39043426513672,93.2837905883789,75.91886901855469,105.73616027832031,57.783790588378906,72.5,374.3500061035156,223.14710998535156,653.03466796875
2025-11-19,85.24683380126953,74.46639251708984,231.08221435546875,111.3407974243164,31.34992790222168,13.111000061035156,71.3155746459961,321.60784912109375,338.3870849609375,179.22999572753906,103.87052154541016,93.21627807617188,75.9567642211914,105.74574279785156,58.39913558959961,70.87999725341797,374.9599914550781,223.8159942626953,655.557373046875
2025-11-20,85.58253479003906,75.00170135498047,226.8056640625,109.679443359375,31.224220275878906,12.985857963562012,70.37003326416016,316.486328125,324.091552734375,175.39999389648438,100.7811050415039,93.43812561035156,75.90937805175781,105.88944244384766,58.20378875732422,70.1500015258789,374.8500061035156,218.3850860595703,645.5652465820312
2025-11-21,85.84149932861328,75.81925964355469,233.2303924560547,111.83175659179688,31.214548110961914,12.918474197387695,71.08162689208984,320.14453125,325.1183776855469,178.44000244140625,100.90107727050781,93.74681091308594,76.1652603149414,106.26306915283203,60.17679977416992,69.30000305175781,374.2699890136719,219.71286010742188,651.9959106445312
2025-11-24,86.33063507080078,74.94331359863281,237.4871368408203,113.32450103759766,31.127517700195312,12.966606140136719,71.38381958007812,324.929931640625,338.06805419921875,180.82000732421875,102.2108383178711,93.89147186279297,76.3737564086914,106.68460845947266,60.22563552856445,70.41999816894531,380.20001220703125,223.25694274902344,661.5922241210938
2025-11-25,86.55125427246094,75.97499084472656,242.66455078125,115.74958801269531,31.127517700195312,12.90884780883789,72.04667663574219,328.41015625,338.955322265625,184.57000732421875,103.17066192626953,94.13262176513672,76.63911437988281,106.98158264160156,61.93492126464844,69.25,380.0799865722656,227.2702178955078,667.8152465820312
2025-11-26,86.93490600585938,76.80228424072266,244.81272888183594,116.54307556152344,31.214548110961914,13.082120895385742,72.72901916503906,330.6644592285156,346.63140869140625,183.88999938964844,102.95069885253906,94.20978546142578,76.71492004394531,107.34563446044922,61.70050811767578,70.04000091552734,383.1199951171875,228.91746520996094,672.4254760742188
2025-11-28,86.52247619628906,77.25,246.2481231689453,117.26714324951172,31.16619873046875,13.236141204833984,73.05070495605469,332.5133056640625,351.187255859375,186.38999938964844,104.07048034667969,94.04581451416016,76.75282287597656,107.16361999511719,61.524696350097656,71.06999969482422,387.8800048828125,229.9058074951172,676.0958251953125
2025-12-01,85.44538879394531,77.17213439941406,243.14959716796875,117.3365707397461,31.29191017150879,13.245768547058105,72.76800537109375,330.8819274902344,351.8651428222656,184.77000427246094,104.05049133300781,93.54080963134766,76.61479187011719,106.58955383300781,62.19864273071289,71.05999755859375,389.75,223.88587951660156,673.0091552734375
2025-12-02,85.48387908935547,76.66602325439453,242.7041473388672,117.25720977783203,31.30157470703125,13.188010215759277,72.8849868774414,331.27740478515625,358.3150634765625,185.72000122070312,105.20027923583984,93.61820983886719,76.7575912475586,106.6568603515625,61.85678482055664,70.19999694824219,387.239990234375,225.4832000732422,674.2556762695312
2025-12-03,85.72452545166016,76.72441864013672,247.1192626953125,118.52183532714844,31.282238006591797,13.245768547058105,73.17742919921875,332.7604675292969,363.23974609375,189.38999938964844,106.66000366210938,93.81169891357422,76.8242416381836,106.89724731445312,63.14607620239258,70.66000366210938,386.8800048828125,227.52978515625,676.5905151367188
2025-12-04,85.26250457763672,76.35457611083984,249.28726196289062,118.10028839111328,31.388607025146484,13.284273147583008,73.3333969116211,333.28448486328125,360.47833251953125,191.55999755859375,107.92976379394531,93.52146911621094,76.88136291503906,106.70494079589844,63.360965728759766,71.38999938964844,387.1300048828125,233.2602081298828,677.0850830078125
2025-12-05,84.86784362792969,76.36431121826172,248.24783325195312,118.75491333007812,31.417621612548828,13.370909690856934,73.47959899902344,333.7491760253906,363.28961181640625,191.6999969482422,109.43948364257812,93.3279800415039,76.88136291503906,106.59917449951172,63.21445083618164,71.91999816894531,386.44000244140625,230.43492126464844,678.3712768554688
2025-12-08,84.58869934082031,75.73165893554688,248.34681701660156,117.02909088134766,31.427288055419922,13.207262992858887,73.32364654541016,332.7703857421875,367.4067687988281,192.9199981689453,109.3794937133789,93.13449096679688,76.6909408569336,106.37800598144531,63.42933654785156,70.48999786376953,385.4200134277344,232.7610321044922,676.333251953125
2025-12-09,84.67533874511719,75.9068603515625,248.861572265625,117.01917266845703,31.427288055419922,13.168758392333984,73.22616577148438,332.4342041015625,367.8553771972656,194.80999755859375,109.92938232421875,92.99905395507812,76.6052474975586,106.24337768554688,63.3023567199707,69.86000061035156,387.3999938964844,230.76438903808594,675.7495727539062
2025-12-10,85.00260925292969,76.13072204589844,252.2471923828125,118.73507690429688,31.417621612548828,13.265020370483398,74.01573944091797,334.9060363769531,372.9395751953125,195.33999633789062,110.05936431884766,93.29896545410156,76.86231231689453,106.73377227783203,65.49024963378906,70.54000091552734,389.04998779296875,233.3600311279297,680.2312622070312
2025-12-11,84.88711547851562,76.69522094726562,255.20709228515625,119.20124816894531,31.40794563293457,13.25539493560791,74.21070098876953,336.0331115722656,369.7395324707031,195.8000030517578,109.7594223022461,93.30862426757812,76.85279083251953,106.57992553710938,65.83211517333984,69.25,393.239990234375,238.88079833984375,681.8140869140625
2025-12-12,84.06892395019531,77.29865264892578,251.29684448242188,119.71701049804688,31.51431655883789,13.120626449584961,73.70380401611328,332.1968994140625,353.02154541015625,192.5800018310547,107.94976043701172,93.05711364746094,76.7099838256836,105.93568420410156,65.51954650878906,68.80999755859375,395.44000244140625,236.29513549804688,674.4832763671875
2025-12-15,84.12669372558594,77.5127944946289,249.39614868164062,120.73863220214844,31.475635528564453,13.062868118286133,73.95726013183594,331.5443420410156,351.8053283691406,186.85000610351562,105.37024688720703,93.13449096679688,76.74806213378906,106.0606918334961,65.69536590576172,67.88999938964844,395.79998779296875,233.94903564453125,673.4642333984375
2025-12-16,84.58869934082031,77.16240692138672,248.2161407470703,120.93699645996094,31.398279190063477,12.937726020812988,73.55758666992188,330.5852966308594,350.8482971191406,188.5399932861328,106.29006958007812,93.39570617675781,76.79566955566406,106.30107879638672,65.44141387939453,66.16999816894531,395.8900146484375,232.46153259277344,671.6241455078125
2025-12-17,84.51172637939453,77.52252960205078,245.57406616210938,119.53848266601562,31.378938674926758,13.091747283935547,73.07019805908203,326.97650146484375,338.18768310546875,187.5800018310547,104.68036651611328,93.3763427734375,76.7004623413086,106.18569946289062,65.72466278076172,67.9800033569336,399.2900085449219,228.54808044433594,664.2337646484375
2025-12-18,84.91598510742188,77.0748062133789,247.0341796875,121.34365844726562,31.398279190063477,13.014737129211426,73.6648178100586,329.48785400390625,346.1728515625,189.1699981689453,106.16009521484375,93.61820983886719,76.909912109375,106.58955383300781,65.91024780273438,67.19000244140625,398.57000732421875,232.7510528564453,669.2496948242188
2025-12-19,84.59903717041016,76.6757583618164,249.1001434326172,120.8576431274414,31.378938674926758,13.111000061035156,74.12443542480469,332.42431640625,355.125,190.72000122070312,107.73979949951172,93.40760040283203,76.87261962890625,106.31539154052734,65.67582702636719,68.02999877929688,399.0199890136719,240.8774871826172,675.3153686523438
2025-12-22,84.41544342041016,76.40791320800781,251.87136840820312,121.5841293334961,31.330591201782227,13.270000457763672,74.54136657714844,334.73553466796875,359.70001220703125,193.69000244140625,108.92957305908203,93.310546875,76.9395751953125,106.29608154296875,65.99820709228516,69.7300033569336,408.2300109863281,249.50323486328125,679.5225219726562
2025-12-23,84.55071258544922,76.044921875,250.3814697265625,121.4151840209961,31.398279190063477,13.399999618530273,74.99800109863281,335.8460693359375,363.1600036621094,191.14999389648438,108.04974365234375,93.2717056274414,76.99696350097656,106.40226745605469,65.52643585205078,70.30000305175781,413.6400146484375,249.8328399658203,682.6282348632812
2025-12-24,85.06285858154297,76.64338684082031,251.00721740722656,121.83258819580078,31.361116409301758,13.420000076293945,75.05756378173828,336.9961853027344,364.1700134277344,191.5800018310547,108.209716796875,93.51435089111328,77.14046478271484,106.8173828125,65.58541107177734,70.19999694824219,411.92999267578125,250.24232482910156,685.0294799804688
2025-12-26,84.78263092041016,76.75130462646484,249.7259063720703,121.29593658447266,31.35133934020996,13.449999809265137,75.29581451416016,336.7879943847656,365.8599853515625,191.13999938964844,108.0797348022461,93.60171508789062,77.10220336914062,106.8077163696289,65.3790054321289,68.4800033569336,416.739990234375,246.1272430419922,684.9599609375
2025-12-29,85.10150146484375,76.80036163330078,248.19630432128906,120.10334014892578,31.3317813873291,13.34000015258789,75.05756378173828,335.5188293457031,364.2099914550781,190.47999572753906,107.36986541748047,93.73759460449219,77.13089752197266,106.95252990722656,64.8089599609375,69.61000061035156,398.6000061035156,244.55909729003906,682.51904296875
2025-12-30,84.89859008789062,76.67282104492188,246.35874938964844,119.61637115478516,31.390453338623047,13.420000076293945,75.20647430419922,334.9834289550781,363.30999755859375,189.1999969482422,106.96994018554688,93.64053344726562,77.20742797851562,106.82701873779297,64.31753540039062,69.73999786376953,398.8900146484375,242.95101928710938,681.6856079101562
2025-12-31,84.22218322753906,76.21170043945312,244.5013427734375,118.6722412109375,31.498022079467773,13.25,74.88880920410156,332.42529296875,360.1300048828125,187.13999938964844,105.6701889038086,93.3299560546875,77.13089752197266,106.37332153320312,63.69833755493164,69.16000366210938,396.30999755859375,240.95339965820312,676.635009765625
2026-01-02,84.09656524658203,76.22151184082031,247.10369873046875,117.61878967285156,31.56647491455078,13.279999732971191,75.98077392578125,333.45648193359375,373.29998779296875,183.75999450683594,102.60076904296875,93.25231170654297,77.16915893554688,106.34434509277344,64.1209716796875,68.95999908447266,398.2799987792969,250.1024932861328,677.8753662109375
2026-01-05,84.51207733154297,75.88793182373047,251.02708435058594,119.5567398071289,31.527360916137695,13.529999732971191,76.78485107421875,335.9649963378906,377.5899963378906,187.3699951171875,103.6105728149414,93.53376770019531,77.37003326416016,106.64361572265625,65.41832733154297,70.22000122070312,408.760009765625,260.02069091796875,682.3900756835938
2026-01-06,84.33814239501953,76.00567626953125,254.35450744628906,120.32198333740234,31.546916961669922,13.539999961853027,77.0528793334961,338.3149108886719,387.6199951171875,189.97999572753906,104.90032958984375,93.46582794189453,77.38919067382812,106.64361572265625,66.07683563232422,68.51000213623047,413.17999267578125,265.8138122558594,686.4483642578125
2026-01-07,84.83094024658203,75.17173767089844,253.75856018066406,120.15303802490234,31.468685150146484,13.40999984741211,76.66573333740234,337.16473388671875,385.0199890136719,191.3800048828125,106.22008514404297,93.64053344726562,77.37003326416016,106.72083282470703,65.60506439208984,67.79000091552734,409.2300109863281,262.2979736328125,684.2356567382812
2026-01-08,84.4057846069336,76.95733642578125,256.52972412109375,122.16055297851562,31.50780487060547,13.5600004196167,76.71536254882812,337.2539978027344,378.9800109863281,189.9499969482422,104.42042541503906,93.35907745361328,77.42743682861328,106.42156982421875,66.9122543334961,70.54000091552734,411.489990234375,268.38079833984375,684.1661987304688
2026-01-09,84.96623229980469,77.75202178955078,258.4765319824219,123.64134979248047,31.517580032348633,13.5600004196167,77.26134490966797,339.49481201171875,389.2200012207031,190.2899932861328,104.98031616210938,93.46582794189453,77.48483276367188,106.8077163696289,66.32254791259766,70.77999877929688,414.4700012207031,276.31134033203125,688.6908569335938
2026-01-12,84.71499633789062,78.6644515991211,259.73797607421875,123.75065612792969,31.517580032348633,13.760000228881836,77.97608947753906,340.1194763183594,390.6600036621094,190.7100067138672,105.33025360107422,93.34934997558594,77.5230941772461,106.68222045898438,65.53626251220703,71.6500015258789,422.2300109863281,280.5662841796875,689.7723388671875
2026-01-13,84.85993194580078,79.57686614990234,259.5889892578125,123.44258117675781,31.56647491455078,13.859999656677246,77.55915069580078,339.435302734375,391.5299987792969,187.52000427246094,103.33062744140625,93.46582794189453,77.5230941772461,106.9139175415039,65.10380554199219,73.4800033569336,421.6300048828125,281.09564208984375,688.3932495117188
2026-01-14,85.35275268554688,80.67570495605469,261.4165954589844,121.49469757080078,31.468685150146484,13.880000114440918,77.89666748046875,338.106689453125,388.3500061035156,185.94000244140625,101.05105590820312,93.65992736816406,77.5230941772461,107.18421936035156,65.83112335205078,72.61000061035156,425.94000244140625,285.37054443359375,685.0095825195312
2026-01-15,85.33341979980469,80.81305694580078,263.7209777832031,121.9419174194336,31.517580032348633,13.770000457763672,78.02571105957031,339.14776611328125,396.4100036621094,183.10000610351562,99.76129150390625,93.46582794189453,77.5230941772461,107.04906463623047,67.06950378417969,71.12999725341797,423.3299865722656,289.1460266113281,686.8750610351562
2026-01-16,84.84061431884766,80.55796813964844,263.96929931640625,121.54438781738281,31.576255798339844,13.729999542236328,78.0654296875,338.949462890625,400.3900146484375,180.72999572753906,98.29156494140625,93.10671997070312,77.5709228515625,106.74015045166016,66.68619537353516,71.6500015258789,421.2900085449219,292.3921813964844,686.2994995117188
2026-01-20,83.72938537597656,80.80323791503906,260.8106994628906,118.384033203125,31.62514877319336,13.930000305175781,77.16207885742188,332.2666320800781,390.3900146484375,175.88999938964844,95.91201782226562,92.73790740966797,77.37003326416016,106.0933609008789,65.81146240234375,71.86000061035156,437.2300109863281,283.7225036621094,672.3286743164062
2026-01-21,84.36711883544922,80.88172912597656,265.985595703125,120.64994049072266,31.703380584716797,14.079999923706055,78.02571105957031,336.2029724121094,401.92999267578125,177.00999450683594,95.38211822509766,92.98054504394531,77.5996322631836,106.7304916381836,68.87794494628906,73.33999633789062,443.6000061035156,284.9909973144531,680.0880126953125
2026-01-22,84.73431396484375,80.71493530273438,267.9721374511719,121.86241912841797,31.595813751220703,14.09000015258789,78.50221252441406,337.977783203125,402.82000732421875,180.4199981689453,96.92182922363281,92.97083282470703,77.65702056884766,106.93321990966797,68.73052215576172,71.81999969482422,451.7900085449219,285.10089111328125,683.6403198242188
2026-01-23,84.96623229980469,81.34284973144531,263.02569580078125,122.36925506591797,31.6055908203125,14.34000015258789,78.94892120361328,337.6704406738281,400.0899963378906,179.97999572753906,97.69168090820312,93.12612915039062,77.61875915527344,107.00077819824219,66.45030975341797,73.94999694824219,458.0,282.84356689453125,683.8883056640625
2026-01-26,85.3720703125,81.21530151367188,262.2012939453125,121.56426239013672,31.586030960083008,14.420000076293945,79.27650451660156,339.1279602050781,398.82000732421875,181.30999755859375,98.79147338867188,93.26200103759766,77.65702056884766,107.08768463134766,66.76482391357422,73.4800033569336,464.70001220703125,279.6773376464844,687.3612060546875
2026-01-27,84.84061431884766,81.58811950683594,262.9462585449219,121.93196868896484,31.693601608276367,14.619999885559082,80.5074462890625,340.3573913574219,407.25,178.30999755859375,97.7416763305664,93.1552505493164,77.64746856689453,106.97183990478516,67.08916473388672,75.66000366210938,476.1000061035156,284.7812194824219,690.099853515625
2026-01-28,84.64735412597656,80.76399993896484,261.52587890625,121.01765441894531,31.762054443359375,14.819999694824219,80.15007781982422,340.1690368652344,416.6300048828125,177.50999450683594,97.04180145263672,93.07760620117188,77.5230941772461,106.8173828125,66.61739349365234,76.62000274658203,494.55999755859375,281.2355041503906,690.0303344726562
2026-01-29,84.66667175292969,80.57758331298828,261.59539794921875,120.44124603271484,31.62514877319336,15.020000457763672,80.35855102539062,339.3857421875,417.5199890136719,170.60000610351562,92.25270080566406,93.1746597290039,77.51353454589844,106.84632110595703,67.84595489501953,79.13999938964844,495.8999938964844,277.5798034667969,688.6610717773438
2026-01-30,84.19319152832031,81.93151092529297,257.90045166015625,120.4213638305664,31.576255798339844,14.520000457763672,79.07798767089844,337.68035888671875,403.4599914550781,167.19000244140625,90.2930679321289,93.11642456054688,77.5996322631836,106.74015045166016,67.62973022460938,79.5199966430664,444.95001220703125,272.6357116699219,686.6071166992188
2026-02-02,83.95264434814453,82.90278625488281,260.41339111328125,121.21642303466797,31.6055908203125,13.970000267028809,79.52468872070312,339.5741271972656,407.9700012207031,166.00999450683594,89.50321197509766,92.93336486816406,77.64673614501953,106.64131927490234,68.83863067626953,75.33000183105469,427.1300048828125,269.9588623046875,690.0204467773438
2026-02-03,84.15633392333984,84.24689483642578,261.0093688964844,120.24247741699219,31.693601608276367,14.329999923706055,79.72322082519531,336.9664306640625,397.67999267578125,156.55999755859375,85.37399291992188,93.02099609375,77.59867095947266,106.68976593017578,70.01805114746094,77.47000122070312,454.2900085449219,278.1291809082031,684.18603515625
2026-02-04,83.94292449951172,85.34571838378906,258.7646179199219,119.35797882080078,31.63492774963379,14.359999656677246,79.66366577148438,335.3800354003906,382.0199890136719,155.63999938964844,83.82427978515625,93.00152587890625,77.50254821777344,106.55410766601562,71.1090087890625,77.87999725341797,453.9700012207031,264.5852966308594,680.8719482421875
2026-02-05,84.85472869873047,85.27704620361328,254.106201171875,116.78397369384766,31.527360916137695,14.119999885559082,78.71067810058594,331.0669250488281,381.07000732421875,148.25,79.65505981445312,93.54681396484375,77.41602325439453,107.06764221191406,71.05987548828125,76.69000244140625,441.8800048828125,259.07183837890625,672.3683471679688
2026-02-06,84.91291809082031,86.27777099609375,263.2342529296875,117.26100158691406,31.576255798339844,14.260000228881836,80.45782470703125,338.0670166015625,401.6499938964844,155.57000732421875,82.44454193115234,93.54681396484375,77.68519592285156,107.12577819824219,72.36705017089844,76.98999786376953,455.4599914550781,271.9065856933594,685.267578125
2026-02-09,84.89351654052734,85.77740478515625,265.08172607421875,116.82373809814453,31.6055908203125,14.399999618530273,81.5497817993164,339.7327880859375,406.6499938964844,157.3000030517578,85.04405212402344,93.5662841796875,77.79093170166016,107.12577819824219,72.16065979003906,78.0199966430664,467.0299987792969,276.09161376953125,688.57177734375
2026-02-10,85.87321472167969,85.50270080566406,264.3665771484375,117.59891510009766,31.47846221923828,14.34000015258789,81.74832153320312,338.89990234375,404.760009765625,158.5399932861328,85.39398956298828,93.97526550292969,77.71402740478516,107.37770080566406,71.39403533935547,78.02999877929688,462.3999938964844,271.5270080566406,686.7559814453125
2026-02-11,85.41732025146484,86.72907257080078,263.1647644042969,117.03244018554688,31.576255798339844,14.489999771118164,82.38365173339844,338.5727233886719,414.7799987792969,152.8800048828125,83.21440124511719,93.71235656738281,77.70440673828125,107.26142120361328,70.5782699584961,78.88999938964844,467.6300048828125,266.5529479980469,686.5972290039062
2026-02-12,86.55220794677734,87.52376556396484,257.7912292480469,115.4124984741211,31.458904266357422,14.15999984741211,81.5299301147461,333.1590270996094,406.1099853515625,148.6300048828125,80.94482421875,94.28685760498047,77.66596221923828,107.76528930664062,69.48731231689453,76.37999725341797,451.3900146484375,267.3619689941406,675.9901123046875
2026-02-13,87.02749633789062,87.8180923461914,261.18817138671875,115.46219635009766,31.43935203552246,14.170000076293945,81.79795837402344,333.7935791015625,407.7200012207031,151.49000549316406,82.75447845458984,94.65687561035156,77.72364044189453,108.12379455566406,70.05736541748047,76.22000122070312,462.6199951171875,270.3983459472656,676.46630859375
2026-02-17,87.17300415039062,86.53285217285156,261.26763916015625,115.32306671142578,31.30244255065918,14.029999732971191,81.62920379638672,334.2100524902344,407.510009765625,148.8300018310547,80.94482421875,94.64712524414062,77.68519592285156,108.2303695678711,70.3030776977539,75.7300033569336,448.20001220703125,273.18505859375,677.5578002929688
2026-02-18,86.84320831298828,86.37586975097656,262.2112121582031,116.2969970703125,31.3415584564209,14.40999984741211,81.90715789794922,335.9550476074219,412.54998779296875,150.82000732421875,81.98462677001953,94.45237731933594,77.78131103515625,108.12379455566406,70.1556396484375,79.4000015258789,458.2799987792969,277.9893493652344,680.9711303710938
2026-02-19,86.93051147460938,86.01287078857422,262.8171081542969,115.5218276977539,31.361116409301758,14.529999732971191,81.77810668945312,335.3205261230469,410.20001220703125,150.5500030517578,81.7646713256836,94.54002380371094,77.8101577758789,108.21098327636719,69.7723388671875,81.19000244140625,459.55999755859375,284.1220397949219,679.1751708984375
2026-02-20,86.72681427001953,86.22870635986328,262.8270263671875,116.72434997558594,31.410009384155273,14.640000343322754,82.76087188720703,337.38287353515625,415.0299987792969,149.41000366210938,80.76485443115234,94.54002380371094,77.86783599853516,108.12379455566406,70.66673278808594,80.8499984741211,468.6199951171875,281.6749572753906,684.0867919921875
2026-02-23,87.0468978881836,87.28829956054688,258.7347717285156,114.27954864501953,31.233991622924805,14.710000038146973,82.32408905029297,333.6051940917969,412.8800048828125,141.83999633789062,76.92558288574219,94.88082885742188,77.74287414550781,108.24006652832031,67.56092834472656,80.9000015258789,481.2799987792969,278.5586853027344,677.1013793945312
2026-02-24,87.20209503173828,88.04374694824219,261.5556335449219,116.01873779296875,31.204652786254883,14.699999809265137,82.81050109863281,336.3318786621094,419.1600036621094,145.66000366210938,78.39530181884766,94.86137390136719,77.68519592285156,108.21098327636719,67.49212646484375,80.76000213623047,474.6099853515625,282.5738830566406,682.0228881835938
2026-02-25,87.21180725097656,87.32754516601562,262.7972106933594,116.36656951904297,31.27310562133789,14.710000038146973,83.58480834960938,338.92962646484375,426.1600036621094,149.7899932861328,80.8348388671875,94.78345489501953,77.79093170166016,108.18193054199219,68.67155456542969,79.7300033569336,473.4200134277344,280.2066955566406,687.778076171875
2026-02-26,87.56098937988281,87.18038177490234,264.1977233886719,116.32682037353516,31.282886505126953,14.720000267028809,83.34654998779297,337.60101318359375,412.010009765625,153.8000030517578,82.58451080322266,95.03662872314453,77.72364044189453,108.249755859375,69.18263244628906,79.7699966430664,477.4800109863281,283.3729248046875,683.9578247070312
2026-02-27,88.09449005126953,88.30863952636719,259.64862060546875,116.13799285888672,31.08730697631836,14.920000076293945,83.1976547241211,335.8955993652344,406.3699951171875,150.5500030517578,81.5547103881836,95.4163818359375,77.59867095947266,108.21098327636719,65.62472534179688,81.94999694824219,483.75,282.6038513183594,680.6734619140625
2026-03-02,87.2098388671875,87.03321838378906,262.03240966796875,114.7068862915039,31.233991622924805,15.359999656677246,81.79795837402344,336.2426452636719,406.3900146484375,152.17999267578125,82.75447845458984,94.84314727783203,77.55423736572266,107.84444427490234,66.59774017333984,87.19000244140625,490.0,289.525634765625,681.0604858398438
2026-03-03,87.03466796875,86.08154296875,257.49322509765625,113.6534423828125,31.292665481567383,15.420000076293945,78.97869873046875,332.88140869140625,391.05999755859375,153.47000122070312,84.10423278808594,94.7357177734375,77.39967346191406,107.79582977294922,66.1456298828125,90.19999694824219,468.1400146484375,284.0021667480469,675.057373046875
2026-03-04,86.76216125488281,85.51251983642578,259.9962463378906,115.6708984375,31.214433670043945,15.5600004196167,79.75299835205078,335.3205261230469,399.1000061035156,156.10000610351562,85.63394927978516,94.54042053222656,77.6701431274414,107.89305877685547,66.34220123291016,91.55999755859375,471.79998779296875,286.83880615234375,679.820068359375
2026-03-05,86.41180419921875,83.79560089111328,255.02993774414062,115.82991027832031,31.30244255065918,15.800000190734863,78.14484405517578,333.14910888671875,395.3500061035156,157.82000732421875,87.60357666015625,94.24745178222656,77.36103057861328,107.46525573730469,65.45763397216797,96.30999755859375,466.1300048828125,278.43878173828125,676.0297241210938
2026-03-06,86.09065246582031,84.1585922241211,249.19947814941406,113.73294830322266,31.292665481567383,16.3799991607666,77.4102554321289,328.59808349609375,380.55999755859375,156.35000610351562,87.9535140991211,94.1888427734375,76.98426055908203,107.10552978515625,63.796627044677734,108.7699966430664,473.510009765625,278.95819091796875,667.1688842773438
2026-03-09,86.84001922607422,84.34500885009766,251.9110870361328,113.88201904296875,31.224212646484375,16.190000534057617,78.37316131591797,331.4437255859375,394.3699951171875,156.16000366210938,87.69355773925781,94.48182678222656,77.44796752929688,107.7472152709961,63.639366149902344,104.33000183105469,472.5299987792969,281.8048095703125,673.0133666992188
2026-03-10,85.91546630859375,84.09972381591797,251.65284729003906,113.73294830322266,31.25354766845703,16.440000534057617,78.54192352294922,330.6802673339844,397.3299865722656,152.8800048828125,85.63394927978516,94.17909240722656,77.32238006591797,107.0082778930664,63.609886169433594,105.86000061035156,477.8599853515625,277.61981201171875,671.9317016601562
2026-03-11,84.80599975585938,82.99108123779297,251.1462860107422,113.43479919433594,31.449129104614258,16.760000228881836,78.46250915527344,330.41253662109375,401.0299987792969,152.97000122070312,85.72392272949219,93.74940490722656,77.14850616455078,106.13325500488281,62.88257598876953,108.05000305175781,476.239990234375,277.120361328125,671.08837890625
2026-03-12,84.64054107666016,82.65751647949219,245.74293518066406,110.83098602294922,31.458904266357422,17.209999084472656,76.90397644042969,325.1376647949219,388.1300048828125,150.0399932861328,84.97406768798828,93.4466781616211,76.65581512451172,105.55960083007812,62.37149429321289,118.38999938964844,466.8800048828125,268.30084228515625,660.8978881835938
2026-03-13,84.2220687866211,83.13824462890625,244.92845153808594,110.17506408691406,31.43935203552246,17.1299991607666,76.17931365966797,323.36285400390625,387.3299865722656,149.52000427246094,84.1742172241211,93.34901428222656,76.51089477539062,105.17069244384766,62.02750015258789,119.88999938964844,460.8399963378906,264.8948974609375,657.1571655273438
2026-03-16,84.87413024902344,83.37371826171875,247.2427520751953,111.50678253173828,31.38067626953125,16.899999618530273,77.69812774658203,326.6645812988281,393.9200134277344,150.35000610351562,84.93407440185547,93.7689208984375,76.7524185180664,105.67628479003906,62.37149429321289,115.02999877929688,460.42999267578125,270.50823974609375,663.844970703125
2026-03-17,85.10769653320312,83.09900665283203,248.80694580078125,112.48072814941406,31.458904266357422,17.170000076293945,78.03564453125,327.76519775390625,396.8800048828125,151.4499969482422,85.51396942138672,93.93495178222656,77.10018920898438,106.26936340332031,62.36166763305664,118.83999633789062,459.2699890136719,273.4347839355469,665.5912475585938
2026-03-18,84.63081359863281,81.07794189453125,244.79698181152344,109.88685607910156,31.595813751220703,17.459999084472656,76.68558502197266,323.2537841796875,393.6700134277344,149.50999450683594,84.32418823242188,93.50526428222656,76.70410919189453,105.69572448730469,61.545902252197266,121.66999816894531,444.739990234375,270.7179870605469,656.3038330078125
2026-03-19,85.14662170410156,80.42060852050781,246.39898681640625,109.02223205566406,31.43935203552246,17.219999313354492,76.58631134033203,322.6787109375,394.9200134277344,149.49000549316406,84.44416809082031,93.49549865722656,76.95528411865234,106.16242218017578,62.10612869262695,117.36000061035156,426.4100036621094,267.6816101074219,654.6864624023438
2026-03-20,83.53108215332031,79.75346374511719,241.01588439941406,107.0743408203125,31.38067626953125,17.329999923706055,74.24112701416016,317.6219787597656,384.739990234375,147.3699951171875,82.97444152832031,92.65565490722656,76.24040222167969,104.85955810546875,61.95869827270508,121.43000030517578,413.3800048828125,258.57244873046875,645.3009643554688
2026-03-23,84.07609558105469,80.0938491821289,246.21987915039062,109.65948486328125,31.38067626953125,16.59000015258789,76.09939575195312,321.4393310546875,391.3599853515625,149.94000244140625,84.4241714477539,92.94861602783203,76.74275970458984,105.54988098144531,63.07972717285156,110.55999755859375,404.0400085449219,262.641357421875,652.07666015625
2026-03-24,83.70626831054688,80.0247802734375,247.5432586669922,109.22132110595703,31.292665481567383,16.8799991607666,75.47334289550781,320.4378662109375,394.5899963378906,143.8000030517578,80.80484771728516,92.6361312866211,76.48191833496094,105.33598327636719,63.60365676879883,114.54000091552734,404.1300048828125,261.4722595214844,649.8877563476562
2026-03-25,84.51403045654297,80.41943359375,250.5681610107422,110.26693725585938,31.363521575927734,16.829999923706055,76.59626007080078,322.39117431640625,399.0199890136719,143.88999938964844,80.38493347167969,93.12442016601562,76.72343444824219,105.71517944335938,63.831024169921875,113.38999938964844,416.2900085449219,266.3885192871094,653.5094604492188
2026-03-26,83.80358123779297,80.05438232421875,246.2099151611328,108.3748779296875,31.373361587524414,17.020000457763672,74.7280502319336,316.83868408203125,380.8399963378906,143.6699981689453,79.73505401611328,92.37245178222656,76.24040222167969,104.88872528076172,63.73217010498047,117.26000213623047,400.6400146484375,256.8357238769531,641.838623046875
2026-03-27,83.3461685180664,80.6858139038086,241.89149475097656,105.23805236816406,31.314315795898438,17.399999618530273,74.22126007080078,311.40606689453125,374.25,138.25,76.8755874633789,92.38221740722656,76.04720306396484,104.63594818115234,62.64475631713867,124.19999694824219,414.70001220703125,250.38063049316406,630.89404296875
2026-03-30,84.45563507080078,80.78447723388672,238.41883850097656,105.2181396484375,31.235586166381836,17.5,74.16162872314453,310.0036315917969,362.5299987792969,138.64999389648438,77.60545349121094,93.03650665283203,76.1341323852539,105.30682373046875,62.88201141357422,129.8300018310547,414.5799865722656,242.0569305419922,628.78466796875
2026-03-31,84.36804962158203,80.88314819335938,246.7671356201172,108.52425384521484,31.255268096923828,17.31999969482422,76.62606811523438,319.0845642089844,383.3999938964844,142.2899932861328,80.03499603271484,93.2025375366211,76.85868072509766,105.96796417236328,64.40438842773438,127.25,430.2900085449219,253.7880401611328,647.0621337890625
2026-04-01,84.28500366210938,80.37010192871094,248.31936645507812,109.3408203125,31.34383773803711,17.100000381469727,77.52041625976562,321.50146484375,391.9700012207031,142.75,79.75504302978516,93.12120819091797,77.04700469970703,106.08120727539062,65.09637451171875,124.08999633789062,437.82000732421875,259.7535400390625,651.9373779296875
2026-04-02,84.8028564453125,80.79434967041016,250.040771484375,107.69772338867188,31.511137008666992,17.520000457763672,76.99374389648438,322.0187072753906,392.32000732421875,144.91000366210938,80.32493591308594,93.3367691040039,77.23143768310547,106.5302963256836,65.24465942382812,137.9199981689453,429.4100036621094,259.3837890625,652.5244750976562
2026-04-06,84.66606903076172,81.5540542602539,251.10545349121094,108.58399963378906,31.540658950805664,17.549999237060547,77.48066711425781,323.46087646484375,395.9800109863281,145.8699951171875,80.44491577148438,93.09181213378906,77.36734008789062,106.36431884765625,65.87733459472656,138.94000244140625,427.6499938964844,263.4407653808594,655.6087646484375
2026-04-07,84.65629577636719,80.17278289794922,251.65274047851562,107.31930541992188,31.511137008666992,17.520000457763672,77.53034973144531,323.6796875,399.8999938964844,144.9600067138672,80.48490905761719,93.32697296142578,77.38675689697266,106.4814682006836,65.98607635498047,138.0800018310547,431.80999755859375,259.8634338378906,655.8972778320312
2026-04-08,84.92988586425781,81.67243957519531,259.1751403808594,110.35655975341797,31.461929321289062,17.010000228881836,80.72021484375,331.9052429199219,422.9200134277344,144.2899932861328,79.73505401611328,93.53273010253906,77.843017578125,106.8915023803711,67.90387725830078,124.58000183105469,434.5299987792969,271.4846496582031,672.6027221679688
2026-04-09,84.71492767333984,82.3334732055664,260.65771484375,112.26852416992188,31.491455078125,17.1200008392334,80.56121063232422,333.64581298828125,430.30999755859375,139.8800048828125,76.6256332397461,93.50332641601562,77.93036651611328,106.8915023803711,69.05059814453125,126.95999908447266,437.9100036621094,268.9366149902344,676.4830322265625
2026-04-10,84.50973510742188,81.26792907714844,260.0010070800781,112.41789245605469,31.66859245300293,16.969999313354492,80.75994873046875,333.2479553222656,436.8800048828125,135.97000122070312,74.65599822998047,93.3465576171875,77.6197280883789,106.6083755493164,68.15101623535156,124.81999969482422,437.1300048828125,267.6075744628906,676.0353393554688
2026-04-13,84.76377868652344,80.45890045166016,263.7522888183594,113.44358825683594,31.63907241821289,17.270000457763672,81.37606811523438,336.8485107421875,443.3399963378906,141.85000610351562,78.68524169921875,93.55233001708984,77.91095733642578,107.01842498779297,68.59586334228516,128.47000122070312,435.3599853515625,273.5331115722656,682.6417846679688
2026-04-14,85.21324920654297,80.37996673583984,267.3841247558594,115.95305633544922,31.63907241821289,17.18000030517578,82.29029083251953,340.80706787109375,452.0,143.1199951171875,79.46510314941406,93.85606384277344,78.14392852783203,107.36988067626953,68.49700927734375,123.8499984741211,445.0899963378906,276.27105712890625,690.959716796875
2026-04-15,84.84194946289062,79.97545623779297,268.0508117675781,117.68577575683594,31.717798233032227,17.229999542236328,82.13129425048828,343.3831481933594,453.0,149.47000122070312,82.96444702148438,93.65031433105469,78.1051025390625,107.3308334350586,68.37837982177734,122.58999633789062,440.4599914550781,275.26177978515625,696.412109375
2026-04-16,84.3045425415039,80.34049987792969,268.6080322265625,117.13806915283203,31.688276290893555,17.350000381469727,82.11141967773438,344.1689147949219,454.79998779296875,151.39999389648438,84.34418487548828,93.48373413085938,77.9983139038086,106.83292388916016,68.04227447509766,125.83999633789062,440.0799865722656,272.4239501953125,698.1234130859375
2026-04-17,85.0764389038086,81.35671997070312,274.4090576171875,119.90644836425781,31.5701847076416,16.84000015258789,83.22439575195312,348.6446838378906,464.1600036621094,153.6699981689453,85.06405639648438,93.99324035644531,78.28954315185547,107.42845153808594,69.56465148925781,116.04000091552734,445.92999267578125,276.1711120605469,706.5607299804688
2026-04-20,85.05691528320312,81.28765869140625,275.97125244140625,119.36871337890625,31.530818939208984,17.100000381469727,82.95609283447266,348.326416015625,463.9599914550781,155.8000030517578,86.28382873535156,93.90505981445312,78.22158813476562,107.41869354248047,69.83155822753906,121.31999969482422,442.0899963378906,276.1411437988281,705.1477661132812
2026-04-21,84.587890625,80.74501037597656,273.1453552246094,118.47247314453125,31.629228591918945,17.399999618530273,81.36612701416016,345.9691467285156,464.6600036621094,155.4199981689453,86.66374969482422,93.49353790283203,78.01773834228516,107.00865173339844,68.83311462402344,128.25,429.57000732421875,267.25787353515625,700.53125
2026-04-22,84.75399780273438,81.01140594482422,275.1055603027344,118.4326400756836,31.698116302490234,17.59000015258789,82.07167053222656,349.33099365234375,476.8299865722656,156.8000030517578,88.7233657836914,93.59151458740234,78.14392852783203,107.21366119384766,68.45746612548828,129.39999389648438,435.260009765625,263.7205505371094,707.6253051757812
2026-04-23,84.568359375,82.36307525634766,274.15032958984375,117.24761199951172,31.74732208251953,17.84000015258789,81.20713806152344,347.91864013671875,481.8500061035156,147.52999877929688,83.55433654785156,93.44454956054688,78.01773834228516,106.92079162597656,69.19888305664062,134.72000122070312,431.0400085449219,261.3822937011719,704.8792114257812
2026-04-24,84.72469329833984,82.11642456054688,275.2746887207031,118.19364929199219,31.74732208251953,17.790000915527344,81.97229766845703,350.1565246582031,506.44000244140625,151.3699951171875,85.18402862548828,93.63069152832031,78.12451934814453,106.99889373779297,68.1015853881836,132.39999389648438,433.25,256.2561950683594,710.3414916992188
2026-04-27,84.3045425415039,81.23832702636719,275.7622985839844,117.34719848632812,31.74732208251953,17.950000762939453,81.82323455810547,350.6339416503906,506.260009765625,150.8699951171875,85.41398620605469,93.41515350341797,78.15364074707031,106.69625091552734,69.26808166503906,134.72000122070312,429.8900146484375,257.80499267578125,711.5653686523438
2026-04-28,84.39248657226562,81.96842956542969,272.54833984375,116.52067565917969,31.786684036254883,18.06999969482422,81.37606811523438,348.7441711425781,491.2099914550781,150.7899932861328,84.98406982421875,93.32697296142578,78.04685974121094,106.74506378173828,69.56465148925781,139.60000610351562,421.9100036621094,254.71734619140625,708.1029052734375
2026-04-29,83.73780822753906,81.8105697631836,270.7274169921875,116.35137939453125,31.806367874145508,18.5,80.72021484375,348.326416015625,499.5799865722656,150.8800048828125,84.48416137695312,92.88606262207031,77.78475189208984,106.14955139160156,68.23998260498047,150.6300048828125,417.4100036621094,249.5612335205078,707.993408203125
2026-04-30,83.65965270996094,83.18196868896484,276.5881652832031,117.85506439208984,31.89493751525879,18.530000686645508,82.5387191772461,352.2750549316406,506.7200012207031,151.27999877929688,83.89427185058594,93.06242370605469,78.02743530273438,106.26668548583984,69.05059814453125,147.08999633789062,423.6600036621094,258.94415283203125,715.0377197265625
2026-05-01,83.95877075195312,83.0438461303711,277.8916320800781,118.1338882446289,32.04255676269531,18.3700008392334,82.44928741455078,353.3791198730469,509.82000732421875,156.83999633789062,86.61375427246094,93.13319396972656,78.1240463256836,106.43821716308594,69.02094268798828,142.8000030517578,423.17999267578125,256.2461853027344,717.0177001953125
2026-05-04,83.32130432128906,82.42227172851562,276.49859619140625,117.22769927978516,32.101600646972656,18.68000030517578,81.73381042480469,352.076171875,506.7900085449219,160.22000122070312,88.42342376708984,92.78913116455078,77.8703384399414,106.09518432617188,68.200439453125,147.61000061035156,414.7099914550781,254.55746459960938,714.3909912109375
2026-05-05,83.78223419189453,82.93531036376953,281.15533447265625,117.57623291015625,32.032711029052734,18.59000015258789,82.88652801513672,355.0699768066406,522.6900024414062,160.89999389648438,88.25344848632812,92.92676544189453,77.9874267578125,106.48721313476562,69.11979675292969,144.1699981689453,418.2699890136719,255.027099609375,720.1220092773438
2026-05-06,84.4197006225586,83.11289978027344,285.3742370605469,119.36871337890625,31.885099411010742,18.030000686645508,85.08265686035156,359.91375732421875,549.760009765625,159.7100067138672,87.80353546142578,93.3887939453125,78.22162628173828,107.01647186279297,69.9007568359375,133.9499969482422,430.9599914550781,267.0580139160156,730.1312866210938
2026-05-07,83.99800109863281,82.85638427734375,280.8568115234375,119.378662109375,32.00319290161133,18.049999237060547,83.72125244140625,358.2627258300781,540.0999755859375,163.1699981689453,90.83296966552734,93.10370635986328,77.92887878417969,106.57542419433594,69.14945220947266,134.97000122070312,431.67999267578125,262.5614013671875,727.8926391601562
2026-05-08,84.4197006225586,83.0537109375,282.75732421875,119.69732666015625,32.04255676269531,18.06999969482422,84.89385223388672,360.9183044433594,566.5399780273438,162.91000366210938,91.1329116821289,93.34947204589844,78.20211029052734,107.02626037597656,69.05059814453125,133.58999633789062,433.7699890136719,265.19940185546875,733.9021606445312
2026-05-11,83.90973663330078,82.25454711914062,283.9115295410156,118.87080383300781,32.08191680908203,18.549999237060547,84.85409545898438,361.67425537109375,576.3099975585938,159.9499969482422,90.67300415039062,93.03489685058594,78.04598236083984,106.76164245605469,67.7654800415039,138.66000366210938,434.6499938964844,269.1963806152344,735.5736694335938
2026-05-12,83.35072326660156,83.31023406982422,281.165283203125,117.79531860351562,32.08191680908203,18.90999984741211,83.70137786865234,360.8387756347656,561.25,156.02999877929688,89.42323303222656,92.72032928466797,77.93864440917969,106.39900207519531,67.44914245605469,144.3000030517578,432.92999267578125,268.2171630859375,734.4593505859375
2026-05-13,83.16438293457031,83.58648681640625,281.2647705078125,118.22351837158203,32.160648345947266,18.700000762939453,84.54605102539062,362.7484436035156,572.4600219726562,154.25,88.58338928222656,92.72032928466797,77.97769165039062,106.45781707763672,66.37161254882812,142.0399932861328,430.5,269.9058532714844,738.5685424804688
2026-05-14,83.28206634521484,83.84300994873047,283.03594970703125,118.17372131347656,32.15080261230469,18.600000381469727,84.48641967773438,365.4239807128906,578.3400268554688,156.64999389648438,90.62300872802734,92.66134643554688,77.91912078857422,106.38920593261719,66.9647445678711,143.0,427.2099914550781,271.1449279785156,744.3989868164062
2026-05-15,82.04637908935547,83.50755310058594,276.2200012207031,116.04267883300781,32.347625732421875,18.610000610351562,82.58840942382812,360.7890319824219,556.3400268554688,156.6999969482422,91.7627944946289,91.924072265625,77.53855895996094,105.71294403076172,66.20355987548828,148.22999572753906,417.2900085449219,260.5429382324219,735.4443969726562
2026-05-18,81.94829559326172,84.75069427490234,274.59808349609375,115.83354949951172,32.3673095703125,18.719999313354492,83.00577545166016,360.41107177734375,546.1599731445312,159.5800018310547,92.85259246826172,91.8847427368164,77.61661529541016,105.51692962646484,67.14268493652344,149.2899932861328,418.42999267578125,263.01104736328125,734.927001953125
2026-05-19,81.41871643066406,84.93815612792969,271.6428527832031,114.5489501953125,32.45587921142578,18.84000015258789,82.28035736083984,358.1234436035156,543.9600219726562,159.60000610351562,91.9327621459961,91.53084564208984,77.43122100830078,104.98767852783203,66.78680419921875,152.9600067138672,411.5,259.263916015625,730.03173828125
2026-05-20,82.29154968261719,84.37577056884766,278.47869873046875,117.44678497314453,32.298423767089844,18.420000076293945,83.64175415039062,362.23126220703125,564.6599731445312,162.2100067138672,93.30250549316406,92.15015411376953,77.92887878417969,105.80115509033203,68.37837982177734,144.27000427246094,417.3999938964844,266.2985534667969,737.5138549804688
2026-05-21,82.59557342529297,83.52729034423828,281.0856628417969,118.20359802246094,32.22953414916992,18.309999465942383,84.04918670654297,363.1263732910156,567.8800048828125,161.8699951171875,92.4626693725586,92.20914459228516,77.9679183959961,106.01676177978516,68.41792297363281,142.5399932861328,416.989990234375,266.1686706542969,738.9764404296875
2026-05-22,83.04671478271484,83.66542053222656,283.70257568359375,118.68159484863281,32.28858184814453,18.200000762939453,83.929931640625,364.8172607421875,576.3200073242188,165.02999877929688,93.99237823486328,92.28778839111328,77.97769165039062,106.2127914428711,68.57609558105469,140.9199981689453,413.82000732421875,270.97503662109375,741.8817749023438
2026-05-26,83.45861053466797,82.51106262207031,289.0658264160156,118.9504623413086,32.308265686035156,17.90999984741211,85.569580078125,367.472900390625,602.1400146484375,165.94000244140625,94.0323715209961,92.68099975585938,78.24114990234375,106.61463165283203,69.49544525146484,137.0,414.0,276.3509826660156,746.8068237304688
2026-05-27,83.65474700927734,83.44835662841797,288.9264831542969,121.04168701171875,32.308265686035156,17.600000381469727,85.31121063232422,367.3734130859375,595.5,165.16000366210938,93.03256225585938,92.72032928466797,78.19234466552734,106.76164245605469,68.78369140625,131.02999877929688,408.489990234375,278.689208984375,746.6774291992188
2026-05-28,84.08624267578125,83.30036926269531,290.5782775878906,121.54954528808594,32.22953414916992,17.719999313354492,85.45032501220703,369.6610412597656,599.8300170898438,169.5500030517578,95.66206359863281,92.93659210205078,78.2899398803711,107.08506774902344,68.75403594970703,130.77999877929688,412.7699890136719,289.3411560058594,750.7965698242188
2026-05-29,84.10588073730469,81.80070495605469,288.9862060546875,120.36453247070312,32.268898010253906,17.6200008392334,85.51988983154297,370.5363464355469,598.9299926757812,177.2899932861328,101.64094543457031,93.04473114013672,78.36800384521484,107.18307495117188,68.81334686279297,129.08999633789062,417.1199951171875,287.7823486328125,752.6671142578125
2026-06-01,84.15116882324219,80.93247985839844,287.5434265136719,117.69573974609375,32.308265686035156,17.8700008392334,85.76832580566406,371.3916931152344,607.8099975585938,187.58999633789062,107.6798095703125,92.88395690917969,78.30816650390625,107.16635131835938,67.5282211303711,135.5,411.260009765625,279.78839111328125,754.7166748046875
2026-06-02,84.3283920288086,80.73515319824219,290.2100830078125,117.0982437133789,32.259056091308594,17.979999542236328,86.41424560546875,372.3465270996094,632.2100219726562,182.85000610351562,104.71037292480469,92.95299530029297,78.36701965332031,107.15650939941406,68.74414825439453,137.27000427246094,411.95001220703125,279.06890869140625,755.7415771484375
2026-06-03,83.9936294555664,81.06073760986328,286.2399597167969,116.2418441772461,32.23937225341797,18.049999237060547,85.55963897705078,369.6510925292969,637.9000244140625,175.1999969482422,100.18121337890625,92.71627807617188,78.15123748779297,106.86138153076172,67.10314178466797,140.86000061035156,407.8699951171875,273.2533264160156,750.4384155273438
2026-06-04,84.18069458007812,80.94233703613281,290.558349609375,116.7696304321289,32.268898010253906,17.850000381469727,85.70870208740234,371.371826171875,627.530029296875,175.3800048828125,100.0412368774414,92.83464050292969,78.2983627319336,107.08765411376953,69.17911529541016,136.74000549316406,411.2699890136719,280.20806884765625,753.2740478515625
2026-06-05,83.74749755859375,82.32361602783203,280.2498474121094,114.3796615600586,32.268898010253906,17.459999084472656,82.5089111328125,361.42559814453125,569.6900024414062,168.2100067138672,95.83203125,92.34146881103516,77.90603637695312,106.41865539550781,69.36692810058594,133.02000427246094,396.239990234375,272.3639831542969,733.83251953125
2026-06-08,83.31427764892578,81.95855712890625,282.6976318359375,114.90744018554688,32.23937225341797,17.6200008392334,83.21444702148438,362.50970458984375,598.1599731445312,169.0399932861328,95.63207244873047,92.24282836914062,78.01392364501953,106.31044006347656,69.55476379394531,135.14999389648438,397.2699890136719,270.90509033203125,735.4940795898438
2026-06-09,83.80656433105469,82.97477722167969,283.60308837890625,115.38543701171875,32.20985412597656,17.3799991607666,83.29395294189453,361.7140197753906,591.010009765625,165.72999572753906,92.93257141113281,92.49927520751953,78.0923843383789,106.65477752685547,70.42469024658203,131.3000030517578,390.7799987792969,273.1733703613281,733.3350830078125
2026-06-10,83.57026672363281,84.34618377685547,280.6478271484375,113.01538848876953,32.17048645019531,17.43000030517578,82.07167053222656,356.11431884765625,570.9099731445312,163.57000732421875,91.56283569335938,92.41051483154297,77.94526672363281,106.40882873535156,70.82011413574219,134.3000030517578,374.5799865722656,266.5284118652344,721.7736206054688
2026-06-11,84.65330505371094,84.12911987304688,288.96630859375,115.81363677978516,32.032711029052734,17.239999771118164,84.80440521240234,362.34063720703125,609.4500122070312,164.97000122070312,90.9029541015625,93.0516357421875,78.40625762939453,107.31392669677734,71.52198791503906,128.8300018310547,386.32000732421875,284.1750793457031,734.04150390625
2026-06-12,84.44652557373047,84.67176055908203,291.4936828613281,116.11238098144531,32.17048645019531,17.059999465942383,85.14228057861328,364.3895568847656,619.9600219726562,166.16000366210938,90.68299102783203,92.89381408691406,78.40625762939453,107.24506378173828,72.56985473632812,125.43000030517578,386.5400085449219,279.7583923339844,738.0113525390625
2026-06-15,84.39730834960938,84.33631896972656,293.87249755859375,118.07414245605469,32.20001220703125,16.889999389648438,86.43412017822266,370.5263977050781,647.0999755859375,167.6999969482422,92.68000030517578,92.9924545288086,78.50433349609375,107.22537994384766,71.40336608886719,121.20999908447266,396.54998779296875,282.5762634277344,751.0254516601562
2026-06-16,84.86006164550781,84.44483947753906,291.3191223144531,117.96460723876953,32.13112258911133,16.670000076293945,86.08631134033203,368.37799072265625,616.0,166.9199981689453,91.37000274658203,93.22917175292969,78.4945297241211,107.35327911376953,71.6603775024414,115.47000122070312,397.6300048828125,281.5970153808594,746.5481567382812
2026-06-17,84.9979019165039,82.56039428710938,289.1248779296875,115.00701904296875,31.934303283691406,16.540000915527344,85.60933685302734,363.79278564453125,623.969970703125,162.2899932861328,89.16000366210938,92.73599243164062,78.20027923583984,107.00894165039062,70.33572387695312,114.2300033569336,388.6000061035156,285.3741455078125,737.225341796875
2026-06-18,85.41141510009766,82.18548583984375,294.82000732421875,116.6700439453125,31.98350715637207,16.5,86.61351013183594,368.0000305175781,659.8800048828125,162.5399932861328,89.08999633789062,93.07136535644531,78.47490692138672,107.30408477783203,70.89920043945312,114.87000274658203,387.1199951171875,284.07513427734375,744.8902587890625
2026-06-22,84.76158905029297,81.64305114746094,297.40325927734375,114.68740844726562,31.92445945739746,16.360000610351562,86.90299224853516,366.82635498046875,668.9099731445312,160.14999389648438,87.30999755859375,92.71627807617188,78.40625762939453,107.01878356933594,71.58230590820312,112.69000244140625,384.5899963378906,277.7205505371094,742.546142578125
2026-06-23,84.8698959350586,83.17298889160156,294.55072021484375,113.51000213623047,31.855571746826172,16.18000030517578,84.25777435302734,361.743896484375,622.0499877929688,161.52999877929688,87.31999969482422,92.83464050292969,78.33760070800781,107.14667510986328,72.7059097290039,111.26000213623047,377.32000732421875,275.17193603515625,731.7628784179688
2026-06-24,86.03168487548828,83.88829040527344,295.9171447753906,114.8171157836914,31.710758209228516,15.779999732971191,84.1878890991211,361.6941223144531,618.9199829101562,162.0,86.16999816894531,93.43630981445312,78.31797790527344,107.63858795166016,73.55109405517578,106.29000091552734,365.9200134277344,272.26348876953125,731.4237060546875
2026-06-25,86.00215911865234,83.39155578613281,298.13134765625,113.10089874267578,31.800029754638672,16.110000610351562,84.92656707763672,362.0223693847656,636.8800048828125,159.6699981689453,84.76000213623047,93.49549102783203,78.34740447998047,107.72713470458984,74.3465576171875,109.30999755859375,369.4599914550781,272.63330078125,732.4810791015625
2026-06-26,86.01200103759766,84.1565170288086,299.0489501953125,114.11865997314453,31.839702606201172,15.869999885559082,84.32764434814453,361.30816650390625,611.6099853515625,167.55999755859375,88.19999694824219,93.73220825195312,78.2983627319336,107.72713470458984,74.74429321289062,105.4800033569336,373.6300048828125,273.9425964355469,727.1842651367188
2026-06-29,86.10061645507812,83.8187484741211,298.1911926269531,116.86261749267578,31.909133911132812,15.84000015258789,84.7768325805664,366.1958312988281,631.97998046875,170.42999267578125,89.88999938964844,93.76178741455078,78.47490692138672,107.92388153076172,74.32667541503906,107.08000183105469,368.5799865722656,276.8310546875,739.1644897460938
2026-06-30,85.08650207519531,82.52723693847656,299.6673583984375,117.02226257324219,31.909133911132812,15.880000114440918,85.33582305908203,369.1084899902344,655.8900146484375,171.80999755859375,90.5999984741211,93.27848815917969,78.43567657470703,107.30408477783203,74.42610931396484,106.44000244140625,368.3800048828125,283.63739013671875,744.9202270507812
2026-07-01,84.51136779785156,82.7557373046875,298.540283203125,117.83048248291016,31.938894271850586,15.779999732971191,84.37755584716797,368.3404235839844,620.4600219726562,176.75999450683594,93.33999633789062,93.05187225341797,78.42483520507812,107.07898712158203,75.74857330322266,103.2699966430664,370.6000061035156,284.9566345214844,743.9127197265625
2026-07-02,84.5014877319336,84.4346923828125,296.8048095703125,116.86261749267578,32.02816390991211,15.869999885559082,84.6869888305664,367.83172607421875,592.2899780273438,176.4499969482422,93.56999969482422,93.14094543457031,78.54307556152344,107.25669860839844,74.59513854980469,103.9800033569336,378.1300048828125,287.40533447265625,742.9351806640625
2026-07-06,84.44219970703125,83.55050659179688,298.1213684082031,117.75066375732422,32.038082122802734,16.100000381469727,86.01459503173828,370.7344055175781,604.2999877929688,179.74000549316406,94.79000091552734,93.2003173828125,78.70074462890625,107.28630828857422,75.13208770751953,104.3499984741211,382.1300048828125,289.5741882324219,749.4190673828125
2026-07-07,83.55281066894531,84.3055419921875,295.4184265136719,117.13201904296875,32.14719009399414,16.31999969482422,84.4973373413086,368.6795654296875,581.4500122070312,179.07000732421875,94.12999725341797,92.72530364990234,78.59235382080078,106.50636291503906,74.64485931396484,108.91999816894531,377.489990234375,279.17974853515625,745.85791015625
2026-07-08,83.36505126953125,83.83861541748047,292.71551513671875,115.04661560058594,32.087677001953125,16.6200008392334,84.2877197265625,367.322998046875,593.0,176.0399932861328,92.4800033569336,92.53728485107422,78.49381256103516,106.29904174804688,72.9246597290039,112.20999908447266,374.45001220703125,273.6827087402344,743.5536499023438
2026-07-09,83.4935073852539,82.65638732910156,296.4656982421875,116.59320831298828,32.107513427734375,16.420000076293945,84.74688720703125,370.51495361328125,607.72998046875,179.39999389648438,93.87999725341797,92.7352066040039,78.5824966430664,106.33853912353516,74.22724151611328,109.01000213623047,378.17999267578125,273.7427062988281,749.8480224609375
2026-07-10,83.4737548828125,83.57038116455078,295.21893310546875,116.98234558105469,32.137271881103516,16.440000534057617,85.18608856201172,371.7518005371094,611.030029296875,177.0500030517578,92.41000366210938,92.65603637695312,78.54307556152344,106.09172058105469,74.59513854980469,108.69999694824219,377.010009765625,271.30401611328125,753.0799560546875
2026-07-13,82.97965240478516,84.03730010986328,292.71551513671875,115.78498840332031,32.16702651977539,16.899999618530273,83.62890625,368.84912109375,585.6199951171875,178.6199951171875,92.69999694824219,92.319580078125,78.35586547851562,105.59808349609375,74.694580078125,117.79000091552734,367.1300048828125,264.0279541015625,747.3142700195312
2026-07-14,83.0883560180664,82.87494659423828,293.7428283691406,115.64529418945312,32.206703186035156,17.079999923706055,84.50732421875,370.2256774902344,600.3099975585938,178.32000732421875,93.62999725341797,92.57686614990234,78.51351928710938,105.84490203857422,74.57525634765625,120.16999816894531,372.1499938964844,266.4166259765625,749.9677124023438
2026-07-15,83.2464599609375,82.92462158203125,294.99951171875,116.74288177490234,32.057918548583984,17.170000076293945,84.83672332763672,371.4825134277344,590.77001953125,178.60000610351562,93.94000244140625,92.80447387695312,78.64160919189453,106.21018981933594,75.35083770751953,121.37999725341797,372.3500061035156,266.1767883300781,752.9403076171875
2026-07-16,83.2168197631836,85.24932861328125,294.82000732421875,117.0821304321289,31.99840545654297,16.959999084472656,83.90840148925781,369.6470947265625,568.9199829101562,178.97999572753906,93.69999694824219,92.7450942993164,78.63175964355469,106.13121032714844,77.47872161865234,119.30000305175781,364.9599914550781,258.9206848144531,748.8604125976562
2026-07-17,83.52316284179688,84.63338470458984,293.2740478515625,115.18630981445312,32.09759521484375,17.25,83.21965026855469,366.08612060546875,556.530029296875,177.4499969482422,92.80000305175781,92.86384582519531,78.48395538330078,106.1904525756836,76.25569152832031,123.95999908447266,368.4100036621094,258.4309387207031,741.4487915039062
2026-07-20,82.90059661865234,84.3055419921875,291.5485534667969,114.3581314086914,32.157108306884766,17.3799991607666,82.9201889038086,365.3280334472656,558.8300170898438,178.5500030517578,92.9800033569336,92.56697082519531,78.51351928710938,105.7856674194336,75.46022033691406,125.51000213623047,367.6000061035156,259.1705322265625,740.2518310546875
2026-07-21,82.67330932617188,83.5107650756836,295.7675476074219,114.61756134033203,32.22654342651367,17.649999618530273,84.29769134521484,368.5199890136719,584.0800170898438,176.08999633789062,91.81999969482422,92.33936309814453,78.48395538330078,105.48948669433594,75.54971313476562,128.85000610351562,374.80999755859375,264.76751708984375,746.426513671875
2026-07-22,82.45589447021484,83.82867431640625,293.0246887207031,113.76942443847656,32.31581497192383,17.809999465942383,84.30767822265625,367.9414367675781,586.9099731445312,169.0399932861328,89.0199966430664,92.13153839111328,78.35586547851562,105.31177520751953,75.17185974121094,131.67999267578125,379.1199951171875,264.1578369140625,745.55859375
2026-07-23,82.18907928466797,82.66632080078125,291.3291015625,108.52098846435547,32.246376037597656,18.059999465942383,83.46920013427734,363.7719421386719,580.1699829101562,166.16000366210938,87.0999984741211,91.88414764404297,78.07011413574219,104.9070053100586,74.72441101074219,139.49000549316406,371.5199890136719,270.3945007324219,736.3515014648438
2026-07-24,82.26814270019531,83.58030700683594,290.4115295410156,109.16956329345703,32.21662139892578,17.950000762939453,83.24959564208984,363.88165283203125,561.1900024414062,169.52999877929688,87.9800033569336,92.0622787475586,78.07011413574219,104.87738037109375,75.3011245727539,136.69000244140625,371.8999938964844,268.8653259277344,737.099609375
2026-07-27,82.76223754882812,84.80227661132812,292.14697265625,110.5964126586914,32.048004150390625,17.34000015258789,83.63888549804688,364.2607116699219,548.5499877929688,176.41000366210938,90.91000366210938,92.3096694946289,78.1095199584961,105.15381622314453,75.0923080444336,124.76000213623047,374.6300048828125,272.92315673828125,737.25927734375
2026-07-28,83.2464599609375,86.49116516113281,292.60577392578125,112.2328109741211,32.038082122802734,17.059999465942383,83.09986114501953,365.06866455078125,529.5999755859375,180.1199951171875,91.77999877929688,92.58676147460938,78.25732421875,105.4697494506836,76.3551254272461,120.48999786376953,369.3699951171875,271.7737731933594,739.0248413085938
2026-07-29,81.87285614013672,86.7892074584961,287.81829833984375,111.3647232055664,32.3455696105957,17.56999969482422,82.24140930175781,359.5127258300781,504.2200012207031,182.57000732421875,92.37000274658203,92.20081329345703,78.07996368408203,104.86750793457031,75.74857330322266,129.30999755859375,371.0799865722656,257.9711608886719,727.6531372070312
2026-07-30,81.82345581054688,84.91156005859375,291.82781982421875,112.14300537109375,32.3455696105957,17.5,84.61711883544922,365.34796142578125,538.9000244140625,181.64999389648438,93.30999755859375,92.24040222167969,78.30659484863281,105.05509948730469,75.47016143798828,127.4800033569336,377.1600036621094,262.6886291503906,739.852783203125
2026-07-31,81.27993774414062,84.49430084228516,290.4414367675781,115.83487701416016,32.49435043334961,17.559999465942383,84.43743896484375,367.2830810546875,540.530029296875,182.74000549316406,94.58000183105469,91.98310089111328,78.31645202636719,104.89712524414062,75.6292495727539,129.1699981689453,371.5400085449219,264.717529296875,745.1796264648438
2026-08-03,81.5478286743164,84.3055419921875,295.4483642578125,117.9502182006836,32.464595794677734,17.25,84.86666870117188,372.89892578125,545.4600219726562,188.0800018310547,97.41999816894531,92.16979217529297,78.52833557128906,105.21244049072266,76.62358856201172,122.12000274658203,371.7099914550781,273.48284912109375,755.793212890625
2026-08-04,82.17289733886719,84.81221008300781,300.9240417480469,118.03004455566406,32.38524627685547,16.899999618530273,86.2940902709961,379.8613586425781,575.7100219726562,193.19000244140625,102.0,92.5967788696289,78.76598358154297,105.85694122314453,77.399169921875,115.77999877929688,374.1600036621094,281.93829345703125,769.4193725585938
2026-08-05,82.35150146484375,84.77247619628906,298.9891052246094,118.3792724609375,32.3455696105957,16.979999542236328,86.35398864746094,378.69427490234375,569.7000122070312,193.52999877929688,101.30999755859375,92.65635681152344,78.73626708984375,105.83710479736328,76.9020004272461,114.87999725341797,389.6400146484375,281.92828369140625,767.8831787109375
2026-08-06,81.875244140625,84.55390930175781,297.47308349609375,117.84046173095703,32.36540603637695,17.229999542236328,86.16432189941406,378.1157531738281,571.47998046875,190.57000732421875,99.41999816894531,92.29887390136719,78.67686462402344,105.4603271484375,76.05681610107422,118.87000274658203,389.6700134277344,282.7578430175781,766.65625
2026-08-07,82.11337280273438,84.5638427734375,300.7744445800781,119.59659576416016,32.35548782348633,17.25,87.05271911621094,380.8189392089844,582.7000122070312,195.75999450683594,102.69000244140625,92.517333984375,78.82538604736328,105.64871978759766,75.77840423583984,117.9800033569336,398.4700012207031,286.67572021484375,771.3446044921875
2026-08-10,81.41883850097656,84.39495086669922,299.1985778808594,119.4070053100586,32.44475555419922,17.829999923706055,86.67340850830078,380.6693115234375,569.4099731445312,197.22000122070312,105.01000213623047,92.11021423339844,78.69667053222656,105.06370544433594,75.59942626953125,125.91999816894531,402.5400085449219,288.13494873046875,771.1151733398438
2026-08-11,81.5478286743164,84.13665771484375,300.2059326171875,118.97795104980469,32.415000915527344,17.90999984741211,86.76324462890625,379.6917724609375,572.9299926757812,197.22999572753906,103.91999816894531,92.21944427490234,78.72637176513672,105.09345245361328,76.37500762939453,127.61000061035156,400.9599914550781,292.1727600097656,768.6513061523438
2026-08-12,81.46845245361328,84.52410888671875,301.92144775390625,117.63092041015625,32.464595794677734,17.969999313354492,87.38212585449219,380.8688049316406,584.8300170898438,195.5399932861328,103.08000183105469,92.30880737304688,78.82538604736328,105.22235870361328,76.94178009033203,127.30000305175781,404.9200134277344,293.1822204589844,770.5764770507812
2026-08-13,81.94469451904297,85.43809509277344,302.7093811035156,118.18968963623047,32.40507888793945,17.770000457763672,87.56179809570312,383.33258056640625,589.1199951171875,204.19000244140625,106.27999877929688,92.64643096923828,79.00360870361328,105.64871978759766,77.30968475341797,125.02999877929688,398.9599914550781,291.9429016113281,775.9531860351562
2026-08-14,81.39900207519531,85.52750396728516,304.2952575683594,117.94023895263672,32.484432220458984,17.90999984741211,87.54183197021484,382.88372802734375,587.8200073242188,200.35000610351562,104.08000183105469,92.38824462890625,78.92439270019531,105.22235870361328,77.48866271972656,126.5999984741211,401.4800109863281,296.5704345703125,774.4169921875
2026-08-17,80.71438598632812,84.12671661376953,303.2679443359375,116.4934310913086,32.415000915527344,18.209999084472656,87.71153259277344,381.1680603027344,594.0700073242188,195.77999877929688,101.98999786376953,92.18965148925781,78.82538604736328,104.805908203125,76.95172119140625,130.2899932861328,405.489990234375,294.7113952636719,770.7560424804688
2026-08-18,81.02196502685547,85.02083587646484,299.44793701171875,116.10428619384766,32.47451400756836,18.200000762939453,86.28411102294922,378.0858459472656,569.77001953125,197.0399932861328,101.95999908447266,92.27902221679688,78.74617004394531,104.94471740722656,76.41477966308594,130.66000366210938,398.54998779296875,290.2738037109375,765.5490112304688
2026-08-19,82.371337890625,85.97456359863281,300.93402099609375,118.32938385009766,32.42491912841797,18.329999923706055,86.81315612792969,379.0334167480469,560.9199829101562,200.1699981689453,102.80999755859375,92.72586059570312,78.92439270019531,105.66854858398438,74.57525634765625,130.91000366210938,413.8399963378906,283.94720458984375,767.1549682617188
2026-08-20,81.6966552734375,84.76253509521484,296.89459228515625,116.423583984375,32.653053283691406,18.549999237060547,86.873046875,375.63201904296875,562.6500244140625,199.64999389648438,101.91000366210938,92.34852600097656,78.77587127685547,105.1628646850586,74.28690338134766,134.5399932861328,415.260009765625,271.6338195800781,760.7109985351562
2026-08-21,81.40892028808594,85.42815399169922,299.1786193847656,117.76063537597656,32.47451400756836,18.649999618530273,87.55181884765625,377.287841796875,560.4199829101562,201.8300018310547,103.37000274658203,92.16979217529297,78.82538604736328,105.02404022216797,74.43605041503906,134.63999938964844,423.3599853515625,272.5932922363281,763.8232421875
2026-08-24,81.91493225097656,86.87861633300781,297.19378662109375,118.04002380371094,32.45467758178711,18.469999313354492,87.04273223876953,376.12078857421875,546.7999877929688,201.33999633789062,102.44999694824219,92.35845947265625,78.91448974609375,105.28185272216797,74.33661651611328,132.2100067138672,426.69000244140625,265.4671325683594,761.5787963867188
2026-08-25,82.81782531738281,85.9546890258789,298.4505310058594,117.69078826904297,32.38524627685547,18.170000076293945,87.9610824584961,377.19805908203125,555.8200073242188,200.42999267578125,101.8499984741211,92.8549575805664,79.13232421875,105.95609283447266,73.9090576171875,126.1500015258789,428.07000732421875,264.70758056640625,764.0127563476562
2026-08-26,82.64915466308594,85.70632934570312,298.15130615234375,116.90252685546875,32.47451400756836,18.18000030517578,87.66162109375,377.2778625488281,555.77001953125,199.8699951171875,102.38999938964844,92.6662826538086,79.11253356933594,105.87677001953125,74.15763854980469,127.3499984741211,421.32000732421875,266.506591796875,764.182373046875
2026-08-27,82.48047637939453,84.52410888671875,299.02899169921875,115.62533569335938,32.51418685913086,18.420000076293945,87.77142333984375,379.67181396484375,573.0,210.30999755859375,110.31999969482422,92.57691955566406,79.08282470703125,105.82719421386719,73.92893981933594,130.00999450683594,422.6000061035156,265.9068908691406,769.18994140625
2026-08-28,82.23242950439453,84.89168548583984,294.9795837402344,116.9524154663086,32.415000915527344,18.389999389648438,87.3621597290039,378.4049987792969,553.1099853515625,209.1999969482422,109.5,92.19957733154297,78.9541015625,105.45040893554688,73.87922668457031,129.6999969482422,408.8900146484375,261.6492004394531,767.4442749023438
2026-08-31,81.875244140625,84.42475891113281,293.164306640625,116.33377838134766,32.43484115600586,18.649999618530273,87.16252136230469,377.19805908203125,556.6300048828125,209.86000061035156,109.9800033569336,92.0903549194336,79.0234146118164,105.31159210205078,73.1434097290039,133.6999969482422,408.4200134277344,256.38201904296875,765.1499633789062
2026-09-01,81.54159545898438,84.6929931640625,289.8130798339844,114.33817291259766,32.59354019165039,19.049999237060547,86.55361938476562,374.2255859375,545.219970703125,203.49000549316406,106.18000030517578,91.78340911865234,78.74962615966797,104.76793670654297,72.208740234375,141.0,396.75,251.90444946289062,759.89306640625
2026-09-02,81.62126922607422,84.97116088867188,293.2441101074219,114.60758209228516,32.672889709472656,19.059999465942383,87.00281524658203,375.9312744140625,550.47998046875,201.9499969482422,103.41999816894531,91.8631362915039,78.75958251953125,104.89737701416016,73.8195571899414,141.14999389648438,402.7799987792969,250.075439453125,763.2646484375
2026-09-03,81.74079132080078,84.70292663574219,294.4210510253906,116.20406341552734,32.633216857910156,19.09000015258789,87.81134796142578,379.9710693359375,552.5999755859375,207.77000427246094,106.94999694824219,91.9627914428711,78.85913848876953,105.0467300415039,74.44599914550781,142.08999633789062,410.2200012207031,253.79342651367188,771.2548217773438
2026-09-04,81.8802261352539,84.02737426757812,295.2389221191406,114.65747833251953,32.613380432128906,19.010000228881836,88.25055694580078,378.77410888671875,567.010009765625,202.99000549316406,104.56999969482422,91.93289184570312,78.80936431884766,105.02682495117188,74.8437271118164,141.9600067138672,406.7699890136719,252.7839813232422,768.2822265625
2026-09-08,81.8702621459961,83.47102355957031,293.90240478515625,113.73949432373047,32.64313507080078,19.299999237060547,87.92115020751953,376.6494445800781,573.72998046875,197.8800048828125,102.66000366210938,91.84320831298828,78.76954650878906,105.02682495117188,73.88916778564453,146.02999877929688,399.7200012207031,253.1337890625,764.0626831054688
2026-09-09,81.40216064453125,82.50736999511719,289.8829040527344,112.21285247802734,32.68281173706055,19.600000381469727,87.25236511230469,374.6145935058594,574.2899780273438,194.3000030517578,101.83000183105469,91.58409881591797,78.63016510009766,104.8575439453125,73.0340347290039,149.97000122070312,403.3500061035156,246.56732177734375,760.5115356445312
2026-09-10,80.45596313476562,82.54710388183594,286.9505615234375,111.71395111083984,32.81175994873047,20.049999237060547,86.12439727783203,372.3004150390625,560.280029296875,193.4499969482422,101.19999694824219,90.86656951904297,78.27175903320312,103.91162872314453,73.39199829101562,158.3800048828125,396.3599853515625,244.52842712402344,755.9528198242188
2026-09-11,80.54560852050781,82.83521270751953,288.1374816894531,112.71175384521484,32.613380432128906,19.790000915527344,86.98284912109375,375.3627014160156,568.530029296875,195.33999633789062,101.5199966430664,90.69715881347656,78.25184631347656,103.8718032836914,73.48149108886719,154.89999389648438,398.7699890136719,245.82772827148438,762.3967895507812
2026-09-14,80.60536193847656,83.86841583251953,287.1600036621094,112.60199737548828,32.64313507080078,19.780000686645508,85.88483428955078,373.7367858886719,541.5,204.0800018310547,106.63999938964844,90.617431640625,78.1821517944336,103.85189056396484,73.69029998779297,156.66000366210938,392.8399963378906,242.69940185546875,758.9952392578125
2026-09-15,80.38624572753906,83.18292999267578,285.1400146484375,110.63632202148438,32.73240661621094,20.100000381469727,85.53546142578125,371.90142822265625,542.1099853515625,201.5399932861328,105.55000305175781,90.5078125,78.0328140258789,103.83197784423828,73.6306381225586,161.86000061035156,394.1499938964844,241.4001007080078,755.513916015625
2026-09-16,80.55555725097656,82.78553771972656,283.9200134277344,109.9378662109375,32.52410888671875,19.799999237060547,85.25597381591797,370.3254089355469,545.5599975585938,199.08999633789062,104.95999908447266,90.41812133789062,78.07263946533203,104.0012435913086,72.32805633544922,156.1699981689453,391.739990234375,242.15968322753906,752.1821899414062
2026-09-17,81.45195007324219,82.94448852539062,285.42999267578125,111.14520263671875,32.32572937011719,19.709999084472656,86.34400177001953,374.3951416015625,560.6099853515625,199.77999877929688,105.77999877929688,90.93633270263672,78.3713150024414,104.70819854736328,72.32805633544922,155.30999755859375,398.3599853515625,241.19021606445312,760.7109985351562
2026-09-18,80.92407989501953,82.25900268554688,284.1000061035156,110.78599548339844,32.38524627685547,19.65999984741211,85.87999725341797,374.4848937988281,573.0,197.1300048828125,104.3499984741211,90.48788452148438,78.1821517944336,104.25016784667969,72.33799743652344,153.82000732421875,401.1700134277344,239.7310028076172,761.6900024414062
2026-09-21,81.47187805175781,81.91999816894531,285.5799865722656,112.2300033569336,32.52410888671875,19.440000534057617,87.1500015258789,380.1406555175781,596.030029296875,201.67999267578125,107.12999725341797,90.83667755126953,78.33148956298828,104.63848876953125,71.98999786376953,148.16000366210938,398.3800048828125,243.5500030517578,773.5
2026-09-22,81.42207336425781,82.7300033569336,287.2099914550781,112.33000183105469,32.415000915527344,19.360000610351562,87.48999786376953,380.3102111816406,607.4600219726562,200.8699951171875,106.75,90.84664154052734,78.321533203125,104.63848876953125,71.19000244140625,144.0800018310547,400.07000732421875,241.50999450683594,773.3800048828125
2026-09-23,80.13724517822266,82.43000030517578,281.9200134277344,110.6500015258789,32.43000030517578,19.610000610351562,85.91999816894531,377.2778625488281,601.4099731445312,200.83999633789062,108.0999984741211,89.87997436523438,77.75405883789062,103.44364929199219,70.37999725341797,148.8300018310547,392.8800048828125,239.3699951171875,767.8099975585938
2026-09-24,79.1014175415039,81.69999694824219,281.6600036621094,110.31999969482422,32.38999938964844,19.799999237060547,85.58999633789062,377.12823486328125,600.52001953125,199.0399932861328,107.1500015258789,89.38169860839844,77.54499053955078,102.70683288574219,70.94000244140625,153.08999633789062,391.69000244140625,239.4600067138672,767.1799926757812
2026-09-25,79.00182342529297,82.05999755859375,281.9700012207031,110.55999755859375,32.52000045776367,19.5,86.3499984741211,378.81396484375,606.5599975585938,195.63999938964844,106.01000213623047,89.69062805175781,77.51512145996094,102.76657104492188,71.55000305175781,148.3300018310547,393.4100036621094,239.4600067138672,771.3499755859375
2026-09-28,78.30463409423828,82.27999877929688,280.0199890136719,109.0,32.599998474121094,19.3700008392334,85.75,375.8399963378906,600.010009765625,192.77000427246094,105.43000030517578,89.22224426269531,77.19654083251953,102.02975463867188,70.55000305175781,150.00999450683594,377.9100036621094,234.19000244140625,765.6099853515625
2026-09-29,77.91619873046875,81.8499984741211,279.010009765625,109.1500015258789,32.65999984741211,19.09000015258789,85.5199966430664,375.260009765625,606.9000244140625,192.2899932861328,105.22000122070312,89.14251708984375,77.017333984375,101.97001647949219,69.83000183105469,143.35000610351562,382.8900146484375,233.16000366210938,764.2000122070312
2026-09-30,77.4679946899414,80.5999984741211,277.8900146484375,108.83999633789062,32.72999954223633,19.299999237060547,84.95999908447266,374.239990234375,609.0,194.5399932861328,106.4800033569336,89.00299835205078,76.86800384521484,101.74099731445312,69.44000244140625,145.66000366210938,380.8399963378906,231.25,762.6300048828125
2026-10-01,77.70999908447266,80.33000183105469,279.0199890136719,108.80999755859375,32.630001068115234,19.559999465942383,84.45999908447266,375.17999267578125,617.8099975585938,199.5800018310547,108.2300033569336,89.30000305175781,76.9000015258789,102.02999877929688,69.94999694824219,150.02000427246094,382.760009765625,231.60000610351562,763.989990234375
2026-10-02,77.4800033569336,80.52999877929688,281.5199890136719,110.04000091552734,32.68000030517578,19.440000534057617,85.43000030517578,377.989990234375,630.5999755859375,197.92999267578125,108.43000030517578,89.05000305175781,76.91000366210938,101.83000183105469,70.77999877929688,147.3699951171875,380.1400146484375,233.08999633789062,769.6400146484375
