date,TLT,XLP,IWM,XLY,RINF,PDBC,VXUS,VTI,SMH,XSW,IGV,IEF,HYG,LQD,KRE,USO,GLD,XAR,SPY
2024-01-02,-0.6195261996852699,1.2810203580744601,-0.5837761708575357,-0.9766535060861535,1.4193969881498645,-0.7210391217941894,-1.5777873431557448,-1.0873311236309655,-2.4073491636898927,-1.961945244880598,-2.5860467429830374,-0.7968557348391794,-1.056511151579773,-1.2590344524333645,-0.059546233978980366,-0.549432083130836,-0.4931372849458279,-1.4421205451190169,-0.9972249702148915
2024-01-03,0.10432120277110395,-1.2240351466262251,-1.8880445275317088,-1.8433056341004534,0.14150250715635074,1.301302762944362,-0.933013991444475,-1.3988255777502572,-1.307499247072886,-2.003938789917221,-1.5581320085853345,0.18688398432819428,-0.8893528796019015,-0.5955011954802584,-1.652890098263311,1.7715268619271858,-1.1233262308627059,-1.9534760374196718,-1.2962159316844917
2024-01-04,-1.3183259347250866,-0.3730924292010911,-0.25805863462793616,-0.7041608063363943,0.8501469388963169,-0.3509162642151295,-0.1144777454243659,-0.5056354068866383,-0.522196829050667,-0.0526265567566343,-0.3660241923983073,-1.1788937711900078,-1.1208031106907508,-1.0506088028771219,0.039460150948325716,-0.34212942858004475,-0.06300016064464682,0.18792179408317897,-0.6155602957981392
2024-01-05,-0.8748506406697215,-0.4595700049731332,-0.30777109158981364,0.03971843018004667,0.4195067478009455,0.5715219871784372,-0.06854069205369667,0.012464669817196655,0.3082468801963088,-0.2901597944117857,-0.2438731020725479,-0.7718929394363024,-0.05620485972678939,-0.7397772688414548,0.35762530195472414,1.1031136180704464,-0.16268312829932524,-0.45048838118269463,0.005336926645898823
2024-01-08,0.6165034319970278,0.7802371372976658,1.0394214773359964,1.3227380646934643,0.0487747182855307,-1.4565780907583856,0.8495080392843671,1.5582181056423903,2.1045149106071155,1.6670136117453114,2.1140403287842386,0.4169154425629731,1.015251098513039,0.9267826719956171,0.23188977028990074,-1.685930726395925,-1.0344238845293252,-0.39921034207751066,1.6691398152505192
2024-01-09,-0.681817152218781,0.12281147384960614,-0.7459794266281408,-0.4368618774801807,-0.6279360407768657,0.916418916601564,-1.358632375421238,-0.43857890211404543,0.023510773479327517,-0.4208991191933326,0.16375685460583383,-0.25373880149852984,0.07298542105537119,0.0192304173183572,-0.6937206775138764,0.7679766146871467,-0.12170804968034993,-1.1545354246586133,-0.4068727354151186
2024-01-10,-0.5205445417115182,-0.49274001396274103,-0.12515770008477614,0.5316127175316625,0.9351702731444157,-0.5403594646711762,0.3558871971065913,0.4123219170258342,-0.11835395414986134,0.6375734382980519,0.9399626607293639,-0.4329687620332556,0.12234673755620219,-0.4242091465481287,-0.09868091616948187,-0.4693446938981298,-0.3943102619237227,0.5324586183919529,0.5155023155272006
2024-01-11,0.28382295635387456,-0.20788718923683597,-0.6610082058913461,-0.24719554295911175,0.896433159318192,0.7027789595409525,-0.10871545105169807,-0.2936060051931419,0.199051970778888,-0.3551259900170712,0.4721322628235319,0.7467551788191074,0.43636475830280697,0.6670797923206906,-0.7735476094945332,0.8966747816495004,0.1323553531244524,-0.662859579654364,-0.2685389869283566
2024-01-12,-0.35386146740451274,0.25318363378864717,-0.23347987910821244,-1.1484632368538188,1.3817753381086528,0.4765379830466207,0.2519328017043201,-0.18490338950448837,-0.4149926629240034,-0.09324894237012843,0.05065592746359917,0.254634245592859,-0.09555182574184189,0.04691650632807249,-0.7469749286434526,0.371004915924452,1.1004819253938023,0.6170469332396438,-0.11887745426236451
2024-01-16,-1.6127007627893828,-0.9212075426212212,-0.9721206743105791,-0.25227667131290243,1.399463587060725,-0.5987595023582178,-2.420464599449146,-0.8384226982701958,0.8369999827746097,-0.7913563024780816,-0.2532008794316944,-1.6748035685228517,-1.7957465800366024,-1.8713154284801825,-0.9338603991947896,-0.41943864054866564,-1.2939856035213784,-2.1175137537839,-0.7453726765242493
2024-01-17,-0.34061545954081496,-0.2776263632350591,-0.6323806936062673,-1.001894379169044,0.08367958922999062,-0.14036652991367832,-1.5151173924013035,-1.0346044246419894,-0.6302263204346257,-0.6473755964540332,-0.6030060214428719,-0.814140013441978,-1.3162388495316069,-0.6430300102054438,-0.3595750337460836,0.6399902288763698,-1.4406041483526313,-0.2507501435022502,-1.0219738521406363
2024-01-18,-0.9601272461263615,-0.3619598756959786,0.24055651982334533,0.3248949621917082,1.2798369964824228,0.8816661813941755,0.725849972626661,0.8887154389580854,1.8603157422012355,0.1811386060268392,0.6227276892715865,-0.6043307635564141,0.15772119344863111,-0.5976521409398917,0.21652772778295565,0.9155811754626766,0.9951022112725226,0.9510164136947727,0.9610910794169749
2024-01-19,0.09377247161006695,-0.5914031683702617,0.47589989348233114,0.6872602316224956,0.928304220853538,-0.09601391462699811,0.3981747747730145,1.2914456700443053,2.108851455941122,0.5653864186489596,1.2875119168918914,-0.17396625499562146,0.07558871438787018,-0.11532093087704043,0.9691582023798112,-0.06907082457987755,0.31824611540698716,0.1116698811426438,1.4158051021024152
2024-01-22,0.33675430861001143,-0.8350698155614914,1.2599301360335189,-0.6302129755246968,-1.2498171204979478,0.6265161521059106,-0.27068129402289,0.25787560625301564,-0.00021980783814183277,1.2619251144950883,0.4925034532222208,0.3555178618144381,-0.11996783649211125,0.17109210188065324,0.7940153803285102,0.6934399589970547,-0.5301362748182499,0.8663834647919366,-0.0257122694342991
2024-01-23,-0.8797489165341223,1.3315406413890953,-0.42060178626109446,-0.48655964442517413,0.11673190377201996,0.5561070063659374,-0.1396710929790349,-0.12022433003046881,-0.018817023621835096,-0.12611517245423828,-0.20141039649643835,-0.6872894272776813,-0.6020086961150983,-0.8875626866979459,-0.6986579863298427,0.06695949856090717,0.4410995034139369,-0.3507177974751537,0.04921278516555877
2024-01-24,-0.6743045419568282,-1.8162666160283665,-0.7728168957313676,-0.6599834448203125,0.27079660149873747,0.8950726115825032,0.6420585258592586,-0.4349454598605384,0.8130270837271979,-1.0081239841727099,-0.4409065651012894,-0.720100192380375,-0.43216447953651865,-0.5820928969414072,0.3180808061467919,0.6913641093171046,-1.0638633680705725,-0.4874710910776683,-0.26370501015310055
2024-01-25,0.3953007675933251,1.1259171355595636,0.3451840733932951,-1.4736998446093141,-0.8204194681080897,0.7643812760919017,0.06654535003478446,0.36646367836008154,-0.3887600820724078,-0.20371220447327132,-0.14150552176639514,0.6070921001843897,1.4587475105172336,0.7947723479642865,-0.5448278128255637,1.246356153181633,0.4898340797051095,-0.9744395246766351,0.38496129753182406
2024-01-26,-0.34973255296906747,0.5009871192734189,-0.2208714882622222,0.23587501297114266,0.34835530180996016,0.5858783375286643,0.15432522529542264,-0.5378750681539722,-1.7712850186145281,-0.08960818973259871,-0.5587121290736949,-0.5368164434240501,-0.5151522366398491,-0.7530695499533291,-0.06489302639804513,0.6292417123375105,-0.11453943883183702,-0.04757326386188844,-0.6346301918933177
2024-01-29,0.8036972751872777,0.6287347615463471,0.9753249584497378,1.2250842525616616,-0.2087036951408777,-0.7604435757233391,0.3471233786620563,0.9081487100512874,0.41394358136422377,1.3332373487216487,1.495891676625171,0.88805680084291,0.1813218045998031,0.37088519555042837,0.5534049678962084,-0.6985653723059853,0.8480437616181863,0.6055023019283555,0.8100710605035071
2024-01-30,0.6208259440543987,0.5874405863503769,-0.8010608731334022,-0.2716757799161124,-1.4957150250032265,0.7299624848643089,-0.6418262417333921,-0.6005645703392938,-0.9872810107636304,-1.051376403276602,-0.8019246420578452,0.0585303164144181,-0.6089162137877723,0.25801201776432814,-0.43322539574592694,0.5412695454601316,0.11431579825471286,-0.8472077276109165,-0.5345634041480027
2024-01-31,0.7258592776454148,-1.224363626073742,-1.8232817872241194,-2.0040609677565744,0.2511915711608697,-0.7403853158195463,-0.8986621826753469,-2.7537911570352676,-1.2465691285781888,-1.8892115956865512,-2.310415000546795,1.38423768193003,-0.9671948557283003,0.17908347005867029,-2.899252422112086,-1.2463036951274056,-0.14840171723595708,-0.5825611047747623,-2.87768853658369
2024-02-01,1.5742032506604242,2.572687727815157,0.7809571816710535,1.7930143529076161,-1.2804885067724787,-1.3903926610393775,1.0967581815255696,1.639196604114758,0.34864186312080414,0.6521254066559616,0.9670144210735852,0.9812947640704823,1.2537744519802234,1.0672601097263061,-1.56068925644682,-1.2363635839855178,1.2472920690362164,0.6082217779379434,1.7081615735507667
2024-02-02,-2.0993620480553563,-0.6244915360813361,-0.5216985337013199,1.5890817298459206,0.287600110708549,-0.9285208680678582,-1.1127582440067807,0.90483132843426,1.019106046363554,-0.0020782735049200618,0.3519482744443235,-2.557135879463265,-1.4102228615332126,-1.8101781227328482,0.10620223677610624,-1.0342051320012535,-1.253163365215252,-0.26841387627638663,1.2725406813546345
2024-02-05,-1.847250514051394,-0.9990691971338603,-1.0241160958053854,-1.5044174946094424,2.0881335843505853,0.482108268483502,-0.7685791396219784,-0.9749788033796146,0.9990371715366291,-1.2047652315687798,-0.8731956279378352,-1.863909237714579,-1.4048226245463937,-1.8041376421832398,-0.8823061142325186,0.5365848379563205,-0.7530213981610787,-0.8389297038575704,-0.8696055785525793
2024-02-06,0.7419885397691386,0.12858102519326012,0.4655661418817863,0.44710209445187726,-0.6324229310412646,0.3799680784160493,1.2269385266845971,0.17398781669146313,-1.0273541749564081,0.4593853853678327,-0.43089161971908485,0.8341890279766523,0.6968584833002832,0.7349176147468516,-0.6981484875361723,0.479215078442527,0.5710444228122997,1.2876940983664849,0.1182460953978027
2024-02-07,-0.5719193171427654,-0.31769283934384673,-0.3461424081140571,0.9234144557432626,-0.18801556784689752,0.37205513005913937,-0.18139989911437743,0.7847244022552003,1.019228785205271,-0.11028813097715842,1.1697935326901139,-0.4835489095716589,0.17110033033970143,-0.7327169630014966,-0.2413944288617346,0.4524447738550442,-0.11813044164263864,-0.223691799535686,0.9141516860351434
2024-02-08,-0.6409668770857238,-0.21083237752265857,0.8831071163792511,0.2665341614084717,1.2470894355802105,0.8342083863001084,-0.5404924559948963,0.03362161126992028,0.6892552812448226,1.2768296025305947,0.6853755667014269,-0.7381830568031972,-0.3835282029705276,-1.07638296858189,0.07402629972707149,1.5219813789319674,-0.2244963912625954,0.1421387962516172,-0.27063660717064614
2024-02-09,-0.3010342650062771,-1.3751022421643588,0.9350986999426685,0.5382557637706895,-0.43668161252950377,0.3080678129397575,0.37438034319076485,0.5562536531578901,1.1899613433992413,1.357219139452475,0.7370357471865743,-0.46540395506988097,0.28498069084610483,-0.41541034414742506,0.7044562627586729,0.11129299586036615,-0.5899065694232144,0.9539022209242066,0.5613838716315239
2024-02-12,0.018070815306680366,0.8196414963621798,1.2446722735828077,-0.23269877947028364,-0.2564887882929518,0.14510165659272525,0.28410700619436774,-0.16703962812675763,-0.5528988162518941,-0.4211810765231778,-1.2804801687454357,0.0842478925860911,-0.8227021978888264,-0.14288621851681363,1.0232323857989025,0.30856652446295924,-0.40439663743937704,0.6725084959906634,-0.4015846109719489
2024-02-13,-1.6608841993144936,-1.5207148975255733,-3.0,-2.232169139261911,1.7693532476298812,-0.41201899106495665,-2.580178736094195,-2.6689866276633754,-1.5194957616710016,-2.7051321780950413,-2.3176317044943673,-2.180996856427709,-2.3211909647156856,-2.0633852171288796,-2.172598020363352,0.3573530648244452,-1.7935704229710314,-1.600173900802488,-2.4834504719962425
2024-02-14,0.3974714108861537,-0.3825012802504512,1.5009751374541853,1.0036857281218048,0.7480002676180402,-1.365272526413797,1.5643738946982244,1.3605673977249724,1.084283339895571,1.91242647880452,1.5775820420344646,0.6431741176805538,0.8373393064482864,0.6971642945154776,0.8559585824302629,-0.8627772245123245,-0.08963030519412168,2.5716561072468798,1.1612864353895778
2024-02-15,0.40419591878518574,0.7401139935444639,1.698314424903101,1.0958650038982003,-0.8470329970307868,0.4999552661471634,1.2108086642839317,0.8454388666472181,-0.4876339721289687,0.9029412564390389,-0.3746343620515271,0.4483321697437269,0.7227526981968972,0.5096249519494352,1.4849924783518198,0.9561953603415728,0.8386667570805854,0.5320489451020064,0.7939747204113876
2024-02-16,-0.5927680876103296,0.061499821098447975,-1.0916915144420378,-0.7536030817253259,0.867275467667416,0.43276785904354326,0.15803709489354364,-1.030988428482595,-0.5316503497145052,-1.2985454833791177,-1.7929103720150348,-0.897050653552612,-0.9622166843302127,-0.7461263266211415,-0.5885852179379696,0.4118819598913032,0.43269350990891975,-0.8337316185312906,-1.0503166869733869
2024-02-20,0.0211160391157549,1.2513995715776842,-1.1024459674613418,-1.10398640510133,-0.09965344915329453,-0.503153640217698,0.2843042055302577,-1.1650735754775452,-1.5531968635113322,-1.2581097814227074,-1.270181583552507,0.2594169145777657,0.35687474936851915,0.4720116140617561,-0.4793416463956229,-0.7539212612337717,0.7598484282884508,-0.7509775817021493,-1.1161248517177513
2024-02-21,-0.6982730163603424,0.34073716889256583,-0.46082974082156125,0.6623692580682932,1.2536681899836057,0.691826960305516,-0.004074445488398358,-0.2095391796014884,-0.6582397295497636,-1.8143343797331133,-2.4868001575645815,-0.6649794983823234,-0.6431186833323312,-0.5392204421373087,-0.4111292022785989,0.5675553695550324,-0.03099784457196658,-0.017689891995675066,-0.10368766768402601
2024-02-22,0.3865012531799301,0.2679743162400493,0.390631839668556,1.8410377288896949,-0.5409253787157271,0.24023922826938943,1.260073042871085,2.464092514624031,3.0,0.7150303169526012,1.9476435589783658,-0.05414278042654255,1.0481787766441168,0.16146233567531118,-0.12213408860874081,0.2590125433827587,0.028157618165043977,-0.32049939255847903,2.7529698719960334
2024-02-23,1.192336440075077,0.25383481941728153,0.015582902205960104,-0.5906439950519289,-0.6329162710126944,-1.6307957546968663,-0.09541045318156584,-0.18099367983767672,-0.6273076004864143,0.4375177104457824,0.2869501034837203,0.8258869935637864,-0.023746448478402776,0.42924487362528335,-0.1878957875033156,-1.2907061485384248,0.7154003938263876,0.004502187506778652,-0.1839725201614627
2024-02-26,-0.33560180202077244,-0.6834852103331668,0.2846783092253032,0.18728468341055143,0.725671705790997,1.127935329797114,-0.4569659843593258,-0.681396631522898,0.2080224782679323,1.075810178330558,0.6292569921096122,-0.33711057820859963,-0.9921908392231577,-0.6498033253945766,-0.5422921459920091,0.640314814851005,-0.2904036696031999,0.19768183629297492,-0.8071899194869789
2024-02-27,-0.6911204896383238,-0.14530064096446313,0.8158650328631812,0.1987030500531439,0.4695450262116175,0.8673346146324235,0.10032984177517945,0.11409215559696503,-0.43490552879222616,0.20803256398419262,-0.08899308719837314,-0.46134464006742476,0.1974546587926577,-0.31060033538414994,0.5495900981531147,0.7814881512262812,-0.12829797272729543,0.5456312153844427,-0.00737318767261853
2024-02-28,0.5500983628359543,0.0032609045244077904,-0.7137325453336825,0.2556436906488375,0.14468774757285996,-0.37765621500131097,-1.134035078587967,-0.48680239942738657,-0.9141642812772903,-0.7238006942356687,-0.26695970837403926,0.6643233280064559,-0.18372164900230697,-0.08969845669384763,-0.5969518405950228,-0.23268001029973295,0.24477453651028053,0.6528013084215323,-0.45885223336638414
2024-02-29,0.650788150721412,-0.3543948604492375,0.36735804154187257,0.5616967527030148,0.29981714543074733,-0.210368775039258,0.18304267585757214,0.3359395367834643,0.9890590111562603,0.41168946777759247,0.5228080656574828,0.3820052947171522,0.36678957499375453,0.13847472531931754,0.6872560914585626,-0.26659618728628287,0.7540961213753351,-0.13203870686427538,0.26541917600627957
2024-03-01,0.5531557772228225,-0.1108121692168664,0.6246534911291831,0.19259738220397252,-0.3126307586132971,0.7471934768395144,1.4039723588106994,0.9923142493755011,1.9701234301027415,-0.03439721758607761,0.6890698997000216,0.8678985841561548,0.8625761893650193,1.0908850005331405,-0.5843092930475637,1.1472444300682851,2.6475354114993417,0.5273464031914764,1.0769132909560968
2024-03-04,-0.416817334174751,-0.03847966542202409,-0.20765687958106618,-1.4916240035493233,1.1523625193300258,0.36746654695548,-0.5883833759126563,-0.415442458911511,0.5700443785789523,-0.4603671622304622,-0.4945518110283877,-0.4825205695606407,-0.2187461299402842,-0.40382845041896925,-0.029191863229380544,-0.8171043207847829,2.1274887035356946,0.4986711357565199,-0.45064440572156483
2024-03-05,1.4177361160706066,0.1755324922377376,-0.8125931615753986,-1.3382635372240295,-0.8936790190584049,-0.885614377626856,-0.6693217496455887,-1.6999621481366118,-1.1904450814880485,-2.635245025379149,-3.0,1.2235462623018785,-0.3551284085037045,1.0117510676849837,1.9973024884559882,-0.5882968284368577,0.7150517096716597,0.34307135220962015,-1.7078106761852994
2024-03-06,0.5570874184005097,1.0027681514005369,0.3982783074191523,-0.43215373725673095,-1.1097449809407713,0.9152042838235881,1.5643346975440764,0.5495149259148338,1.1112025474668252,0.9456761492099107,0.9755718538420295,0.4490749886953682,0.5195517051931725,0.4606212314928151,-0.09614402296311467,0.5842768973533861,0.9944294482195548,1.3708619155066586,0.4605698677709261
2024-03-07,-0.13995620005122242,0.5986878394110622,0.4591068280107373,0.6808683685125114,-1.2975048135731535,0.34683411164313815,1.080922208757227,1.0517495417057339,1.5456029743765893,0.901855356762194,0.7952610361863184,0.2742137211163847,0.15414905265226927,0.4017873801565251,0.046485657358135625,-0.2083654971591663,0.6232830074500517,0.17351185281902792,1.135404016996198
2024-03-08,-0.2249868434499461,-1.2701888494279236,-0.1742218263628323,-0.4400209251196771,0.6485090373123887,-0.4138336954089464,-0.5573761192809347,-1.0163168019288396,-2.3446851081602382,0.2655502587484892,-0.5216079795644772,0.07574263339693182,-0.09629498810207632,0.18031069062884236,0.012715280622288978,-0.8077332885805524,0.9852604931718912,-0.7569366957811274,-1.1013209279499652
2024-03-11,-0.09272601588473928,0.595820419065751,-0.6822127010011468,-0.33191625363569077,-0.4047252552798896,0.9904467079124185,-0.6131735833273093,-0.44454988815824803,-1.1804883914936395,-0.32332942944465737,0.11619115376230128,-0.32576631597668204,-0.19108849871397585,-0.035075960620134246,-0.28995665029974893,0.07272807849755158,0.029844484061316207,-1.4117012946930123,-0.36255162483752224
2024-03-12,-0.867965639561817,0.6130988149552272,-0.1842336545930842,0.8124835682934288,1.311525953245759,-0.4550410570007926,0.9461017016704726,1.12813368261768,1.357208142075437,0.4431605223219879,1.5555652454509499,-0.9153418857722833,0.18208972303455834,-0.6991899288656285,-0.5220945734788837,-0.3647036662691279,-1.8211220615393677,-0.4101106164460423,1.2990756424812246
2024-03-13,-0.4737254843688832,0.1904942992461024,0.24371884497459786,-0.24176836235203084,-0.22854386308821356,1.6846691623158898,-0.3398635117189509,-0.37488920833920625,-1.2366416540067366,0.1311231871590898,-0.6623366469919314,-0.4685706031606425,0.039037981602200116,-0.1914082807521208,0.139412389363782,1.395132651231024,0.8955288054050881,0.05958781893764631,-0.4483631471633271
2024-03-14,-1.5938961778388403,-1.340535561016845,-1.39643301530679,-0.6592915223020381,0.2670154207220643,0.5463568003921591,-1.012001664512771,-0.7245612257619164,-1.1099591521872556,-1.0776424813512742,-0.4723389816007171,-1.6003452881737583,-1.590950013254491,-1.5733325774747973,-1.4375092016711912,0.8837187118257327,-0.8210970669118893,-1.0708226379745944,-0.5057157692702873
2024-03-15,0.05273581520203325,-0.20673751645812277,0.09760047260996235,-0.9923699873694679,0.18763672239040838,0.6465317142128684,-0.2884878494454589,-0.9743181749698433,-0.5716611922990836,-0.35668497121805903,-2.104103281381514,-0.32073648787163844,-0.2705571340536307,0.10439094351875301,0.38079985614141304,-0.10471060664393672,-0.6498089662308251,0.06102838964173985,-1.1626668819259658
2024-03-18,-0.23114777530699226,0.8251404882457142,-0.4537359641073331,0.7857578728212221,0.03927250856877832,1.1458947804794117,-0.09366615199645086,0.5214615754650787,-0.09885131348820488,0.34604695335244817,0.7792078641693623,-0.190170062436513,0.6829832431968392,-0.31884935904817346,-0.2815038469029365,1.2471652929105197,0.09989900522625983,-0.8583672063702492,0.6474128828199109
2024-03-19,0.42648918536964614,0.38395858969459623,0.2863414312836281,0.8630507412785345,-0.7335418974739927,0.01880955038214738,-0.10351379931994417,0.5899133162915446,-0.3390081859548353,0.2572470067639751,0.46178895562933997,0.7379750091655186,1.1830241199701992,0.6939388345976867,0.2715903751703614,0.2215901971528912,-0.33856214937036794,0.33764781340174005,0.5683493441732567
2024-03-20,0.06523700645497346,0.2844188165236429,1.4949133184378096,1.5100524672552045,1.0644593490841054,-0.6742766300468961,1.4507099457638564,1.2133395080521203,0.6058152062509964,0.9608615793291422,0.6385281385139283,0.5988478962797877,0.9882306487870192,0.45602151111677874,1.8731293350848541,-1.0807882652405503,1.6535438962316624,1.6644896849895956,1.1115880695619649
2024-03-21,0.3308310784931352,-0.11850496121696798,0.8430684164735743,0.5512881684098406,0.7321415982704765,-0.275384949754056,-0.11460544484277838,0.3574451416237805,0.923445826111665,0.11343752093799986,0.44359133051307903,0.08798343573082784,-0.24253413469283638,0.36107701645082935,0.895215631323254,-0.47898067665098754,-0.31493096832370365,0.5005801618578846,0.23520932734095776
2024-03-22,1.1392709096400435,-1.0012046524833782,-1.0871054308657255,-0.9330342744974188,-0.699219413067693,-0.9554919624177841,-0.6823318016816913,-0.6061654188822873,0.06976232600380908,-0.7997093181278563,-0.5545140324190542,1.1429677032670498,-0.39058489507411187,0.7843366332529362,-1.1759614551200837,-0.2193437302987037,-1.3361874491735826,-0.9101013260632682,-0.5127648403657796
2024-03-25,-0.45419887077615145,-0.6278607327598646,0.16366035326075828,-0.3591659847847032,-0.7356055951161459,1.162150943791693,-0.22481942263385812,-0.5149223308546294,-0.35453512219968475,0.014170861130844417,-0.32256134288405897,-0.5195292977241556,-0.5304283533736148,-0.7042340397560974,0.15423205661560155,0.7748789555336588,0.37530538682820347,0.040669585342847175,-0.6266648114279517
2024-03-26,0.42426177126207504,-0.07109860539614363,-0.15672730685067082,0.09887204082062609,-0.5251367124691249,-1.17476856164628,-0.09970682288176856,-0.4465253072765114,-0.6944194586652016,-0.060152817916466005,0.06941811168637414,0.4110750442772385,-0.4213499733947094,0.004405404270438824,-0.27844043909040306,-0.5646575219429818,0.3610058110538826,-0.1973614096873882,-0.4865170903452439
2024-03-27,1.206455514462066,1.5474848365838703,1.6127607561557142,1.1261074169274203,-0.38833790634272825,0.02268301436850537,0.7033171427355797,1.0132462855012234,-0.24275952481678903,0.5748829750336727,-0.4649678991103598,0.9197083451073317,1.6081032262092103,1.5932058637625024,2.0925606154188663,0.014345797835137114,0.9478391966488199,1.2867914545905021,0.9771069893678885
2024-03-28,-0.040464957272167305,0.06505078679496595,0.16554724524876657,-0.3926277239522839,0.9769921341847668,1.2149349136571241,-0.19284349572328602,-0.1510379891763225,-0.23867836820329605,0.3514198584519631,-0.21407970208261698,-0.1857793997406758,-0.8072033287529948,-0.20648915873681817,0.31641595490955693,0.8453705669551687,1.7311646466163952,0.09712851096160297,-0.28674690677372316
2024-04-01,-1.9841169870395037,-1.5062795723235494,-0.8551372753409772,-0.895963422947251,0.6848276094302451,0.9313219095292721,-0.435153314280237,-0.38197454367941175,0.4080819665101356,-1.1858476124337562,-0.35310890890127494,-1.9507237197176253,-1.3997916595594782,-2.0962800301567053,-1.108055859617928,0.6448856753855116,1.288338175487165,-1.2940205942037757,-0.5377095198142706
2024-04-02,-0.5464153157164293,-1.008223439564108,-1.519934183834061,-1.6344727347763581,1.3980218242857372,1.2899462281167386,-0.776970649493789,-1.5659641462034304,-0.9685314660660398,-1.1996340314322105,-0.9321549860845201,-0.4233135168451846,-0.6540774793159756,-0.31784992289757763,-1.0078863415637114,0.766407938595739,1.8780208347856289,-1.7701975979580857,-1.2081429173182843
2024-04-03,0.03899261880270764,-1.9101390221159749,0.4209454975091498,-0.005539245878423024,-0.383842961686852,1.442382166347206,0.5101288546430586,-0.02855814959715097,-0.06996741352561782,-0.02178273107591249,0.020247508726046637,0.31167169479317425,0.14774838378178468,0.14847008206275902,-0.06841478732497508,0.20354945677784303,0.9794172118857338,0.06909661726509735,-0.10601175544587554
2024-04-04,0.8979921194396923,-0.7876991908355169,-0.8464064568932547,-1.2799022789966223,-0.25091943384116916,0.30801457912615593,-1.150334492891118,-1.888696701388911,-1.6426961789434864,-0.37517845084653234,-1.00189708938122,0.8226280907881672,-0.33265268383425384,0.28536390273918666,-0.05810208732088304,0.6772993239696082,-1.1205479313514461,-0.23791193704032246,-1.9953030294221925
2024-04-05,-1.5000088967168308,0.18231892635631397,0.1922930968671558,0.5441249280358403,0.5186499347062793,0.32346077522900196,0.42215326197656333,1.204316042494821,0.4274873756978891,0.2976267920073678,0.7671856510135444,-1.414040558342089,-0.36247979321959733,-0.9574014229147042,0.084161768309237,-0.14273661687040873,2.0698541956037255,0.6255322416866308,1.2871059656355008
2024-04-08,0.06177947919041415,-0.326606244746713,0.35528742228931603,0.9582140813587579,0.5266015619988752,-0.2205735574601668,0.6252021791099157,-0.039895628037943255,-0.136565924465834,0.41297705869874257,0.210058558540253,-0.43602649296290447,0.7168174630430351,0.02348504636208165,0.997200910284711,-0.46753140602503424,0.531511222022143,-0.03577751565212354,-0.13526825241873405
2024-04-09,1.1195225495726855,0.6941916451930573,0.21866205783025255,0.43792837197027135,-0.7806463065559504,-0.9305017823537934,0.25506162467615895,-0.00676752165183722,0.011570697510285551,0.5538126828883237,0.16930608668842118,0.9685000676725501,0.6384421144306509,1.2383830950017667,0.3864355626319629,-1.2259452066283487,0.42051050286090436,-1.2852697556908546,-0.05224436966244642
2024-04-10,-2.2583187425537172,-0.6681131126678073,-2.082821491936249,-1.6758290728967602,1.108814414517653,0.3384322606777291,-2.200684196137268,-1.7118115826941267,-0.6909247406832096,-1.6605014642490517,-1.0732045292385999,-2.684825514606558,-2.752717653967984,-2.945117316196629,-2.614843994995217,0.6427319473805464,-1.6002410922078736,-1.3628846623012842,-1.6155344464497396
2024-04-11,-0.4269277871860811,-0.48439979682613227,0.4374824875686446,0.7724465626015896,0.05461208265642958,-0.841529656514774,0.390534669160465,0.7284459275961723,0.9867688282810979,0.6528539135059672,0.47488168190497193,-0.20098680743453415,-0.32556417777872754,-0.383623679648944,0.07800403105409652,-0.763953730854874,2.25870549475976,0.4117513063939174,0.8555570832938993
2024-04-12,0.6569459036428806,-1.6782594248963365,-1.4238813313403549,-1.7222330000753467,-0.2876238010736055,0.21225258274099928,-2.8189181693263947,-2.1030224467536467,-1.7111658440424773,-1.6218371310246344,-1.307075053191196,0.9657601436796388,-0.22291693262517098,0.5648587640864596,-0.4460277321551015,-0.26124755495312374,-2.11094117646269,-1.7484360160900014,-2.0941574908219054
2024-04-15,-1.6166923717905017,-0.70400010341263,-1.1465731993953143,-1.690452255158958,1.0310639369463388,-0.1994826390235926,-0.8259456046102567,-1.7415893471176227,-0.953944172155992,-1.8184439987430325,-2.0594181435536743,-1.266063539552358,-1.8494561645509155,-2.2528741819464027,-0.16119313774464553,-0.109828738075391,2.055577770182139,-1.1011051182923208,-1.8319169626274232
2024-04-16,-0.6298389479649978,0.003998137633393392,-0.30479396762945576,-0.5657229706032573,0.14547640973558715,-0.20575684070110725,-1.7713977125453693,-0.4987422435622103,0.2927368660910475,-0.1139213445282518,0.2492986812271523,-0.7249961193267135,-1.0270655143472474,-0.6012973027602305,-0.6141161617188832,-0.5305201152803872,-0.19724044754076664,0.5218966708394052,-0.3603921215461242
2024-04-17,1.2805645651185973,0.5074280872096781,-0.7975979947279227,-0.4806649405305859,-0.7255822811281112,-2.4114194801079094,0.02587258445028228,-0.8533779606621578,-1.7225109928778282,-0.3525113454634285,-0.547832267213655,1.4174184642757994,0.4345999228196879,1.2409991934849969,0.2003498958716384,-2.3830772392660906,-1.2865178053640798,-0.9953175115498183,-0.900090785197716
2024-04-18,-0.4675353138629152,0.6883590924116899,-0.05284318589635633,-0.6096891514078097,0.4049149891859339,-0.4430170802037076,-0.05079101322477317,-0.34019099301562533,-1.011638288378051,-0.35932815732410167,-0.4637932652979106,-0.6301344520253919,0.2561567337373314,-0.3307809929618968,0.42802645506976017,-0.2828721217990829,0.09356293789852398,-0.032861717843597135,-0.3602573551268644
2024-04-19,0.45138966797702723,1.4952538467713363,0.11820051130203936,-0.8535686159870585,0.25792167216385936,0.6175616741093696,-0.11098851542250969,-1.0800751397222847,-2.2793118550642846,-0.16129501389495302,-0.8430736045271835,0.35410384502892583,0.5768700711772817,0.30065185936726363,1.509708303534791,-0.07939347918562441,0.03355556717266936,0.08416843550927654,-1.2344264304238808
2024-04-22,-0.10695884299795863,1.4580025143806035,0.8541467498878785,0.44243343150223435,-0.26324242452080826,-0.001942713561709645,1.4678973771260337,1.2201388395001467,0.8882719527839442,1.7665929879406972,0.9909206558762433,0.11920004247707465,1.79571319955451,0.6255306479851273,1.0371964201209407,-0.18588221565457624,-3.0,0.5171533359398689,1.1705641996665137
2024-04-23,0.10887415298949837,0.34080493717624216,1.243439620911018,1.1760494959282466,-0.18612435157332674,0.5295504024667911,1.316205552616394,1.4382432362496331,1.0699248891370143,1.255826133147606,1.344347170579078,0.3603953719735893,1.2755921647179613,0.4455818934687485,0.6614779538574516,1.0440493707318792,-0.5695476295205947,1.908224507693766,1.4703446629483017
2024-04-24,-0.6721839457973068,1.127496263117049,-0.34317653111357943,0.9595569730155192,0.5171541444346608,-0.23268320304478385,-0.2764390934861673,-0.03558332645114289,-0.025671694191713716,0.12458882041286781,0.15048646721401265,-0.5306129300908436,-0.706856113296863,-0.7266564375905415,0.3671813955600218,-0.46451944407235113,-0.4816511436067163,-0.5162519925249253,-0.13627553788208746
2024-04-25,-0.6401861320268536,-0.5044155931890262,-0.4692854211296384,0.07614283763836086,1.150750193486905,0.7344270746041263,-0.35530866432299224,-0.6700220476481864,0.8774806276915954,-0.4362070432188953,-0.6216281738733348,-0.6753264581331251,-0.6609972835849663,-0.5050486876662681,-0.5375296610333115,0.6422125708335318,0.43277387169692466,-0.11080496009703977,-0.5689504075131856
2024-04-26,0.7332819438405458,-0.48230777170981154,0.7102213336353316,0.8750334342707801,0.09379828221682324,-0.14618117162265643,1.0864137872904587,1.1181863192880164,1.1166958624165049,0.7046530810233647,0.9034737132020072,0.7592856583754636,0.9751404118521326,0.9459502542103337,-0.3286948477240339,-0.2247260411838125,0.10406802346149387,1.1907695224086587,1.1665606595629103
2024-04-29,1.1482789802493791,0.5100702758599234,0.6015582059437565,2.3106303144896416,-0.8613189919591409,-0.19430779334210097,0.8180876962787331,0.43493488107917255,0.032129946847071184,-0.05744620393777023,-0.06427553884366552,1.0625418980371084,0.9646354251862268,1.0563725016472008,-0.5397174050524209,-1.1253881319373076,-0.49677735952264696,0.9250997269680871,0.3867136965409561
2024-04-30,-0.8813544189409499,-0.8936452647663715,-1.6018817997014303,-2.4163886220766306,-0.6193110923100595,-2.3186810492353573,-2.046184261590126,-2.2079483979940964,-1.061559566474039,-1.4501746783924763,-1.8020963564263393,-0.9461662713740998,-2.3004785306943516,-1.0948916656539023,-0.9385562307872006,-1.4183294401816084,-2.5006443951740693,-1.1713782384906852,-2.2000585029181345
2024-05-01,1.0319812510072133,-1.2669762568075755,0.12528976004322867,-0.63798905295584,-1.4690388808702282,-2.402211122077835,-0.21917507723138713,-0.37605743875320724,-1.4676292409698157,0.22404583171229034,0.2243989870495793,1.0523851004821432,1.6113736179364961,1.0338620057213725,1.5108224211017156,-2.6572220238707485,0.7813563087666969,0.58927707382549,-0.4882170215327944
2024-05-02,0.6630877474695499,1.4435422749303617,1.3765503608871508,1.2430888748783258,-0.03111955724011068,0.09679854897777349,2.3071008472355587,1.2883578737206254,0.8798028591854534,0.6569519242186298,0.8749341895843,1.2377183796624485,1.842699515513905,1.4918709226454416,0.9200035477548107,-0.13831650373356857,-0.5893700692377858,1.1886219910913765,1.1982064949396056
2024-05-03,1.3555486957038672,0.4476676838398483,0.6994918215981738,0.6681518195765949,-0.04413985514131779,0.3166610154026866,1.1056085857376505,1.4585863143415072,1.1932908103056683,0.5103561131082439,0.9903780534131723,1.3912741635361205,1.2016301271590248,1.6081930055446245,0.6912617077878498,-0.9549252750184186,-0.3272652637365748,0.7617512150146153,1.5794144775507681
2024-05-06,0.5532508768590266,-0.015503450640582913,0.9389370296861055,1.046329746897311,-0.01858567976711677,1.394176243718563,0.6139819742865038,1.2784562942051725,0.9808965080138569,1.286665048525332,1.1201260092985221,0.260918611277452,0.27553660707149275,0.6464286794722245,0.38956054804874646,0.5061008162089123,0.934581503902038,1.6633833136302334,1.2649826697980155
2024-05-07,0.8090890592331896,1.829285404722225,0.13042310252505393,-0.7116785438069368,-1.996058368518237,-0.12280482843302791,-0.22710087737607984,0.03935111384513809,-0.49049472003877775,-0.07100892342610894,-0.31228920529770837,0.6550066917567746,-0.03184062753175892,0.10997407937564667,-0.24900690345490245,-0.25560965215489656,-0.7751279930509926,-0.6558062674425554,0.0659430794271559
2024-05-08,-0.6955786752204866,-0.6964178365915986,-0.4774711021285563,-0.3650914335338051,0.6433001191139828,-0.6481489924701322,-0.30901943784029845,-0.16128119670944296,0.06583494607156486,-0.5105764464208913,-0.2300584291203454,-0.6151384071878392,-0.7851833223204785,-0.5549167273180354,0.31046785757872497,0.5939718297100858,-0.5866144941867959,0.13850450434745648,-0.06778489225592099
2024-05-09,0.6449847986821704,1.4190837644491419,0.8033803490666022,0.6626622674359137,0.7018860652002146,0.5141965968966088,0.7083909726620511,0.6569366240352604,-0.3985549042905502,0.14998973201045268,0.013738326035936629,0.7553309963854058,-0.03569443436775446,0.34380390689242923,0.21293485871483112,0.37238051582794673,1.488494175465875,0.9073101899932333,0.653042014269083
2024-05-10,-0.6880955158126704,0.84086805230462,-0.7273402586375743,-0.5638912517153746,1.210175180362421,-0.609608884890952,0.03007634787661024,0.02325547836113221,0.643228595816772,-0.2633266181829555,0.31149289405295383,-0.7886165073477077,-0.6006851568294498,-0.7638929790791195,-0.15255872192012965,-1.4092905023080786,0.5957216788321311,-0.5433935617851572,0.06578344702738394
2024-05-13,0.3744085713384419,-0.7373957073117005,0.18786728630489613,-0.1221687632700124,-0.7254070251384211,1.0446884715359201,0.10105919641622331,-0.012990094668272468,-0.09715229586084936,0.3570668224407254,0.17993849034604192,0.33178325388312874,-0.15711232052021523,0.09929673246112727,-0.10776243703662403,0.8632221590411211,-1.5417247811117758,-0.46287107807087313,-0.07703585444085338
2024-05-14,0.7497503048120814,-0.556001778647929,0.9384761974505845,0.47215111744049254,-0.6137873278449962,-1.0219151491413532,0.786316189127771,0.5529332926641991,0.7186195547888309,0.7267838431774483,0.5267242856682616,0.7407431484277494,0.422677915071612,0.6837949414827384,0.7258322739828489,-1.0543727502708216,0.6458769804909261,1.5045491454030218,0.5152434349798966
2024-05-15,1.7136544073487845,-0.03956000056997014,1.1049935362002368,0.13512842543646272,-1.2944362286216404,0.3780366076628249,1.3367398370198604,1.500215143693207,1.294676636221782,1.2636215355403915,1.9760045069282504,1.837020217779836,1.7827660094207345,2.0377083645685428,0.16074922037004036,0.681966683861035,1.110577894272009,-0.524598631278667,1.528581173736333
2024-05-16,-0.14518636483324157,2.429544460079961,-0.7780391978404514,-0.6859528735597177,-0.39133442692660336,0.3814923459735932,-0.667505929361335,-0.5051677187747365,-0.4919879352049179,-0.2552789560328722,-0.2676730021415298,-0.5047942972840236,-0.8650471088215319,-0.4106272783622439,-0.3730914859172937,0.35085357356006247,-0.7266171949099942,-0.06517248948010831,-0.42942930925812595
2024-05-17,-0.8497371671330448,-0.6170645762367805,-0.00789857972466321,0.5863080527070609,0.6681107845122441,1.2226107919902527,0.5104125885170878,0.0921195187660068,-0.5296290160447039,0.026243404417137375,0.47999560143742925,-0.7800607340204626,-0.045630394650791925,-0.5688819549398507,0.3628096133162211,0.7311714693739034,1.4603310612907967,-0.1061258138437477,0.09504726492101413
2024-05-20,-0.34427604776182213,-1.3880948185331792,0.13523539048586586,-0.7809189360019075,0.8189188179277721,1.3063381303480794,-0.14873230266925352,0.036932968371360085,0.9596680121066568,0.7739305750877908,0.8496530948175876,-0.3639641351101938,0.0832340868328791,-0.12236625804745341,-1.0447107006253031,-0.3738307466114531,0.11568155495334032,1.2025045278061264,0.0525413073012514
2024-05-21,0.68825498868729,0.9015742875650721,-0.15796700970107547,0.7240476045358699,-0.2611144199617844,-0.6786344603409934,-0.5847862539711229,0.17087785031703873,-0.1776254449201912,-0.8759569066170481,-0.6458110328877363,0.6338205529337934,-0.36069549096420045,0.3622954669412897,0.005971759171069613,-0.7257738838811684,-0.47988023927543527,-0.08526598962560114,0.2268917378429534
2024-05-22,0.15983852288019415,-0.8685604541642643,-0.8496520442286546,-1.0739505830758502,-0.15715031704187132,-2.22351102221483,-1.252968832322423,-0.5854016344229508,0.31136979031935247,-0.29948351261939343,0.021797566976115228,-0.33080982089984895,-0.8124044746624716,-0.3817573185305617,-0.8718454669920271,-1.5057109731358385,-2.186660912349869,-0.9688259475825843,-0.5351719057607546
2024-05-23,-0.8065388487673651,-2.1513067691902523,-1.584022551491978,-1.625517457293475,-1.4851084778408177,-1.1422713985440167,-1.1196841261202934,-1.2779738922968082,0.5751538428463303,-1.0635447474793158,-0.7369739929573266,-0.862778167178347,-1.2105229194549423,-1.0350806746159606,-1.6325583695348662,-0.5114955432022185,-2.2141502984650296,-2.0480624975452253,-1.1500795273287325
2024-05-24,0.4286059241066425,0.32412551762518604,1.029701651496816,1.1348864409461534,0.2366779291551353,0.5840534812083132,1.0516537178641334,0.9105057947258408,0.8334875188780637,0.08360634022880593,-0.7787011732109388,0.3442271890837918,1.0715802352131985,0.6087542331107878,0.252307855768983,1.0022529283062158,-0.1311551608190172,1.4466786686489352,0.8359443403046893
2024-05-28,-1.756372566108703,-1.419733721676873,-0.1341711326098548,-0.16966895722154068,0.8446711957669965,2.487883756799929,-0.1587460913733318,-0.07510639021619496,1.099114525547692,-0.6357133677483853,-0.50143065811494,-1.3252710897175302,-1.332055990699442,-1.3635730309514353,-0.5950798753280567,2.5265504371525234,0.8517161607130479,-0.46918198468457184,0.0117073586831273
2024-05-29,-1.429235425933935,-1.2785546983411313,-1.373929014924951,-0.6221343537348925,2.4666056025044263,-1.65548775725598,-2.4734892812466183,-1.1996494017967876,-0.9828435468029406,-0.43441918970170906,-0.16819401679624876,-1.1241343559081165,-0.9772438530113293,-1.1926568384598875,-1.5816668727657532,-1.2331312750393366,-1.1202165514162132,-2.2054449256729547,-1.0780756704741636
2024-05-30,1.3507066222003279,0.36320943237338627,0.8836188583008286,0.6803390919837471,-0.09743461777788441,-2.0072013191044924,0.804151474754774,-0.7625550457954808,-0.8267942652279625,-2.0606752203187595,-3.0,1.3190577710008677,1.245093457616251,1.4414854356762616,1.2147872963925868,-1.1773468456338392,0.029124562713464964,1.1110705521702433,-1.0439284367188044
2024-05-31,0.9781049350373281,2.4236282378997234,0.7804124257688895,0.6280528584670205,-0.7512258723631983,-0.909855582016523,0.6443419993467221,1.0079799103530929,-0.462999577464097,0.26627094941527824,0.8208123419247816,1.2127500297099574,1.0639607502311537,1.033578203563719,0.9560906808242411,-0.8007281012355897,-0.7391336871562719,1.5027556732110643,1.214843508366493
2024-06-03,2.064607974606158,-0.1404085185763358,-0.5235921322572327,-0.00632383380723256,-1.694307911528816,-2.0895454032306495,0.5648890876136845,-0.010518987666751668,0.64581898079914,-0.5475759853077623,-0.037352547357371806,1.623736763873499,0.9176590379470201,1.554298383644987,-1.1494250220372457,-3.0,0.7616968702572149,0.08807219218131712,0.04728977765159322
2024-06-04,1.4561063294902452,1.2837957130876876,-1.1761849146173053,0.14466437931117723,-1.4585653398049339,-1.4000423393080104,-1.0153079770875315,-0.08480316354587981,-0.2902126092897387,-0.22436366029723503,0.4281596942885307,1.3269068052366382,-0.21384004603688025,0.8727942348511987,-1.1367927352859195,-0.758688606145904,-1.0245671856644623,-1.1067573448646704,0.07468529015292455
2024-06-05,0.9075880547319368,-0.4571907821291444,1.401219902570014,0.6480452598276281,-1.6037737770482456,0.4443994182177206,1.228419745889141,1.6224594435061943,2.5444600231254806,1.7302295866843402,1.782093086089458,0.8654355674986695,0.9429659569327745,0.7304537650225824,0.24122250467951878,0.8842759991502477,1.0570807027129887,1.2213982273303454,1.5897816595013938
2024-06-06,-0.1707939112881778,0.4068327969544249,-0.6576020873143368,0.8064305525422618,-0.13450510764231047,1.7272620202739053,0.4037508290342937,-0.19943526774997666,-0.5463331118280834,0.16661976088626293,0.32086842898469947,-0.10558201702690076,-0.5771525404637566,-0.16303207229808925,0.1851893260032878,1.4275479800620592,0.5854884921914648,-1.2209566792209423,-0.0966419827620432
2024-06-07,-2.1083118745588965,-0.887358779262143,-1.0446393046215736,-0.4158904124139262,0.7724065157462177,-1.7938787598528976,-1.6769719037556643,-0.3440378299328932,-0.16881892091746953,-0.5093123982461225,0.1934103604274851,-2.359476564186722,-0.83974255859795,-1.9237480603916335,-0.2726573318470719,-0.2235874803098196,-3.0,-0.5461549220875552,-0.2726162626628352
2024-06-10,-0.7762906730478872,-0.22367528868343,0.3108114618299156,0.3540104096653972,0.5791405213180707,1.7985225440793606,0.30834864211104274,0.3870333070135017,0.6742583945482116,0.38461132079929483,0.2991108457021633,-0.490552806111034,0.21718250079818158,-0.46044868330188027,-1.0356391327608934,2.4837755958408074,0.7335595435699899,-0.003485937305810942,0.3448772595754958
2024-06-11,1.2197277037358067,-0.18098285642067838,-0.3177519247851519,-0.29286655431045555,-1.308798655915836,-0.30140209285830677,-1.3314971212834832,0.13561201809497514,-0.246936590360148,-0.04060386319410794,0.3078998150525654,1.1901009128745574,0.32918809433206897,0.9154872513519863,-0.22687429351496766,0.055694472410141624,0.14899550707292747,-0.4050113307312403,0.22488130845102325
2024-06-12,0.8607005386438763,-1.8160120796969192,1.3753645651750144,1.117707288985701,-1.695301576399643,0.4420821785634976,1.4038537757040124,1.2233265074844912,1.4946971284174608,1.3642952763257123,1.8196644734445615,1.2168780359619498,1.1678364445565985,1.2734165885472417,1.6314106226416623,0.49695813265153915,0.12957482217744154,0.5855934110371306,1.071715012763321
2024-06-13,1.6433581659151422,0.16996756043062253,-0.8099544036184128,0.08881746665219385,-1.7481639929961321,0.0739439118075181,-1.4835410700487812,-0.04247455753938687,0.6793646816015512,-1.5997200224569041,-0.7841850167140514,1.4167772185825214,-0.10775053188875146,0.9545892508717124,-1.0310365576200466,-0.20186627162310683,-0.8419024722143196,-1.2362455552103002,0.1694314150060783
2024-06-14,0.8992684513733205,0.257506985024351,-1.4240481889022805,-0.8316801361815456,-1.4454258307568395,-0.3876374194792827,-0.7909629256656318,-0.19102806446879417,-0.04526426607303305,-0.14265455535300142,1.1777181136491621,0.46221351455097587,-1.2471164268758093,0.12383360680513142,-0.7997398177949379,0.35615082293234795,1.0707930142430508,-1.7367314705127994,-0.01698152294075019
2024-06-17,-1.1556597620977493,1.4481621120967647,0.8260978163915328,1.9194395008251781,2.1071145657409853,0.24733351140425386,0.4650730020909757,1.0087109009524895,0.7871242067288206,0.35961896376644775,0.7148789330962033,-1.0668459624554896,0.16905188717221936,-1.0307473106392995,1.1981035227716883,1.658232577171161,-0.5663968593880024,0.7710193782048126,1.061774478288127
2024-06-18,0.9991191807255168,0.12840284558242182,0.18754079808412374,-0.3513220392304789,-0.1470348484139965,0.948745206088965,0.6041379614339834,0.26280071659221144,0.6942253817660562,-0.37765607996706174,0.28539424578943007,0.925821037993006,0.9156504279810719,0.9446930251570288,0.20346517434750308,0.8028814061238724,0.24836972755252731,1.308687279896622,0.24750426553814506
2024-06-20,-0.7822501839802741,-0.4290876413097061,-0.36337898838332605,0.14409711467789035,1.270709482549148,0.3198601260300503,-0.12984986773634438,-0.4670673345296184,-1.7254227824496091,0.04482493489002319,-0.08195316048879414,-0.5997696658678959,-0.26310534736170993,-0.7392113568616261,0.14420515992760258,0.6701805118985833,0.9964280384654315,-0.6993182569814573,-0.5330062248852437
2024-06-21,-0.027420790946714086,0.043946661515794294,0.2385460764868697,0.9055728864595184,-1.5016676215046734,-0.7871215372964725,-0.8397447867847389,-0.3234721807590077,-0.9808160922454938,1.0296189772114719,0.7904926377865803,0.013527339391143263,0.2912709961608028,0.02059065562106844,-0.1092200293377875,-0.7417992207211411,-1.469759577104015,1.2582486315986166,-0.3301522884775471
2024-06-24,0.442837629535998,1.6254699611998231,0.47873612107280145,-0.4450305961291771,-1.2286518386679566,0.49355713626349845,0.980847510673231,-0.3236226471972275,-1.948928278574405,-0.09034505126100822,-0.7811000299825965,0.1662033761617735,-0.3712364808612797,0.20159014074348838,1.5200611597369753,0.94668242211574,0.2566949029725956,-0.08820957385927086,-0.5895166689317789
2024-06-25,0.17128406885737293,-1.0756802105720984,-0.25180359501583005,-0.4161903910105871,1.1916141128633206,-0.8564190281693701,-0.029572426912241205,0.3946679270579473,1.0883156715895463,0.32597883100526814,0.6135184242150528,0.15937486982106117,0.3550798686040574,-0.09929878126535543,-0.9078458688965919,-0.7565514249896872,-0.5113846433648152,-1.166563070796566,0.4624672059451519
2024-06-26,-1.6784833789271956,-0.40767734643289844,-0.2019641692201662,1.5430725706585071,2.0934652629539294,0.08193222475062772,-0.8357620848337636,-0.09204092700894431,-0.30111540965155326,0.41563714163252236,0.09057623570754043,-1.411092561208418,-0.7826695641709399,-1.2403645502315874,0.34469314908743703,-0.1346178405902136,-0.8631451320813684,0.3355919092696301,0.0662170392848087
2024-06-27,0.41102124804478585,-0.765595510280999,1.0202999117676586,0.614892970197235,0.27635085754158967,0.5685698907579572,0.21765095044312666,0.2422211695756813,-0.5478023160973831,1.6733181699932953,1.5798696693920307,0.45019622605092324,0.29264655827144676,0.38330206114101245,0.7753623292995805,1.1186176581761331,0.9835413875263067,-0.2593562857032848,0.09646538761082872
2024-06-28,-2.083815947840514,-0.8268107803515317,0.424016506742761,-1.2353683703276583,1.0742395807957763,-0.25674113398899867,0.08858641905245004,-0.6106829326609612,0.23951672029128038,0.7784506100371692,0.342054686308269,-1.2248883091878464,-0.8620114748695008,-1.4118561409572195,2.1259354328412137,-0.29020020697014187,-0.013142817184853548,-0.5641867309396645,-0.7201266681879778
2024-07-01,-1.8430310508165604,-1.2432514656513454,-0.8263212999373915,0.31198833004578524,1.2725268061792865,1.7025812503438653,0.11681492558730407,0.16493824957906242,-0.09936176115323168,0.20940707764687827,0.3208750504712996,-1.6325170847824895,-0.13465262281539075,-1.2689942835895556,-0.36148588218526234,1.8020193010280656,0.20135725262403098,-0.8046234182761846,0.150296359509626
2024-07-02,0.8493733997451478,1.026354089672354,0.3543731456402441,1.9832152036978647,-0.3313092163137215,-0.07363993763313721,0.48433937112294173,0.7595668295773635,0.37988781107790637,0.11555800615411796,0.31876646433656186,0.8117462240836099,0.7906989569611004,1.3284771872696381,0.7802069184754331,-0.37413340126041883,-0.012732033352832604,0.8527117244044344,0.8966470048190451
2024-07-03,1.3902513664478544,-0.37823868332134364,-0.0038183345831821307,0.6021781882342452,-0.47445184703108223,0.7479735077435807,1.5617225003722204,0.49365693820606893,1.0355524580075266,0.025904090461104513,0.03899345015282432,1.4025169506658774,1.0277109991450284,1.4838229673908931,-1.1347798792156323,0.15167372584194666,1.0172047452785247,0.6078092685296798,0.5285756259267468
2024-07-05,0.8682072928170358,1.8238722102758032,-0.4412505738402366,0.7820923301807875,-0.4841047086089065,0.5401973529996742,0.6232289299127447,0.6499077706696117,-0.1547955408723973,0.45679620166353946,0.8461384282390577,1.145718614580835,0.8500233169477505,1.0259378127484817,-0.9932079925367805,0.02714035444865523,1.1956108684967692,-0.12173578737698068,0.7179705147041504
2024-07-08,0.17009408575497123,-0.371840798886431,0.7234042616870818,-0.06343673466653697,-0.5415649433969654,-1.5975136333009008,-0.5036588026996315,0.02730199596088446,0.6917263815639464,-0.4775557418534052,-0.8087568600836432,-0.05252797223684999,-0.24717502286438567,-0.13971749476577794,-0.029636243740828974,-0.7904449180520058,-1.1436373530361146,0.5519060942958098,-0.03268359045662399
2024-07-09,-0.5808069815232921,-0.5357934165962338,-0.4645398476090038,0.2573256113162434,-0.5301752557971965,-1.0545697198638753,-0.33243483782780686,-0.2114764263884411,-0.06208440370808618,-1.6365981582426539,-1.2523085221778698,-0.4556344438651552,-0.5571908681272028,-0.5395750135391708,1.2989343727202487,-0.5764223270526201,0.16048682287723368,-0.8355468204673598,-0.044593383242534236
2024-07-10,0.2862850577206453,0.5482480203305514,1.0123163639522135,0.6925446695732961,0.858417925972659,0.03680691997889356,1.5570792733768906,1.361505443972332,1.0574111963012538,-0.05627283712251766,-0.074801291209566,0.1119504106226628,0.6275228281840717,0.4267239061307738,1.5244219641279058,0.6638177163834501,0.3202890610478687,0.9861355517269362,1.3849545310452536
2024-07-11,1.0104917948180072,-0.7772473094200896,3.0,-1.6128009445023408,-1.5578086170590284,0.3955272152611718,0.5062011836023868,-1.0437845218247008,-2.1420768893427016,1.437313664193216,-0.3334947699833531,1.3635528560922752,1.0481769630212976,1.089953565652127,2.7945244889649468,0.42372950206076726,1.6462410815241926,0.8551767121833976,-1.7740545037590736
2024-07-12,0.35666338668412123,0.5351531061797338,0.9989804747165788,1.2804110156952733,0.8061021196620861,-0.41591944381523754,1.0616986047668693,0.8326575401379436,0.46291762871618786,1.5635583943338482,0.721681495821235,0.3178853100852163,0.6526082159601592,0.6625394836639421,-0.006769179776951757,-0.615140690495009,-0.07766554523145602,0.1909046959949935,0.76516430046933
2024-07-15,-1.4409973809562564,-1.0854862086843522,1.6556809496891582,-0.3365579763153903,1.0144981681161398,-0.7317715942104288,-1.417638188091188,0.4089902316439589,-0.36430305688307146,1.317398519031989,0.44686222265339115,-0.9304554926170633,-0.2185622944237751,-1.483885570052774,1.805830330772554,-0.149637047852133,0.2692154537019938,1.0361419268399927,0.1326132394087578
2024-07-16,1.485052192563326,1.3603638042436652,2.8578292589666168,1.7505937958223656,-0.9046164023753671,-0.633672454099254,0.6032562897296365,1.0617736680431378,-0.2839550583092083,1.8313723879030777,0.11919528037947823,0.8979551585366804,1.0887691152597383,1.165681432401282,2.709243556464147,-1.0128557478411684,1.7717690106554176,2.8808895511865935,0.6630884880245481
2024-07-17,-0.10470539061617054,1.8436029221113397,-1.1595067159139372,-2.042210115902525,-0.4088845764177759,0.3149097254925635,-1.300843236214452,-2.6822650566730095,-3.0,-1.05102201501635,-1.8512468312851558,0.018414525027638996,-0.6696405614736884,-0.094218311684314,0.5769122006033074,1.4335996062155876,-0.47397922099093315,-1.6590996789722305,-2.699530654856192
2024-07-18,-0.9888582197946115,-0.9138534190874001,-1.8641302256847057,-1.2901481071737555,0.7065568954068158,-0.7087860246169586,-1.5304975500156204,-1.7140718573156213,0.05963263430986011,-1.7124770273971204,-1.2667547321197983,-0.8664800136747475,-0.9593681238803381,-1.179029638710329,-1.3489364577672296,-0.6859497456079209,-0.6909749429139336,-1.590563399914177,-1.572639921862733
2024-07-19,-0.7723381802595423,-0.638289411659126,-0.5908442510010684,-1.1161774177368582,0.8442374399713053,-1.6793764725221696,-1.0664744319905528,-1.2680094685265288,-1.628200160785896,-0.8975521959162709,-0.2384474567127202,-0.9208440326369078,-0.47448758929117324,-1.003722095616542,0.1590987287689881,-1.7121270608591532,-1.7300466729579334,-1.2904851391258791,-1.3590801040783365
2024-07-22,-0.4445352978351491,0.0026917368598438724,1.2264372371760703,1.0163283343181035,-0.5724660589235765,0.08054427734872185,1.1681572285237702,1.4522594318976543,1.7208195632372394,1.1347912299713632,0.6381138964280646,-0.39656216837931524,1.1256903601844253,-0.29537024370978554,0.9046253145268818,-0.33113922315780064,-0.027006318346171062,1.4534409753733255,1.436075453718857
2024-07-23,-0.2855829296226021,-0.663930877257052,0.7382266406226492,-0.629434750201204,-0.9426383251594945,-0.8313130018476681,-0.9691272184068174,-0.3878164524706423,-0.7104585100909236,0.41678838968753296,0.07127069485433196,-0.003273694403234096,-0.19781162809481,-0.3490077981808289,0.8024722244271048,-0.8862917063076075,0.2765885275813462,1.7109644096875636,-0.5360567483388214
2024-07-24,-1.3178209278434418,-0.24170226126143635,-1.9673889200332397,-3.0,-0.2874865700281417,-0.1709728434320508,-1.8103727975743014,-3.0,-2.6464821667182563,-2.6289785983544056,-2.5911314260246634,-0.7093697048749918,-1.3666560545677109,-1.5443520959324448,-1.3589963327642793,0.22894022977492767,-0.3702691034528652,-2.188986507142207,-3.0
2024-07-25,0.8372231994057563,-0.2714007479889939,0.9080568468491947,-0.3911167150742307,-0.05385806497520446,0.3922490331408149,-0.7329653902585739,-0.7133805995452532,-0.9275300024670059,1.3095107341227479,0.703136288719468,0.39038380113469084,-0.14101903839845256,0.7909814412502486,1.3948803093061644,0.6417390285318779,-1.4590619413659973,1.3805023552082696,-0.9187179032377062
2024-07-26,0.7654479369966373,1.4694012303892294,1.2211085162585715,1.0474833611045562,-0.4591828471229072,-1.0488823605872906,1.6544181276192893,1.619888353697929,0.6411119653284639,0.9964304988157455,0.8683858580916913,0.9822138644309217,0.9850666610656295,1.115914719294367,0.838474439713149,-1.2363473499049684,0.9219923614205706,0.6475108397330828,1.504033379149234
2024-07-29,0.4939233980750751,-0.08294288887119514,-1.1286739837361153,1.5370022452099972,-0.07343126747706322,-0.806055804853428,-0.6931591469690073,-0.21690525635245417,-0.4589858525839251,-0.726516028534299,-0.5417779068767721,0.23021876912747957,-0.5939089831555984,0.3249597199077728,-1.5523909845504142,-0.9051782151008309,-0.1855368375236464,-0.5316772174642908,-0.13994565044931706
2024-07-30,0.3205775405952043,-1.173238166485491,0.16319338721865875,-0.6325566776413726,-1.0351412125830293,-0.4020065471573794,0.008034064040100626,-0.8398638172097599,-1.8507815818990079,-0.037374924532111116,-0.8006257820061672,0.3474312852257866,0.008727488702237905,0.044564873483260825,0.39712731607374724,-0.7106628728739973,0.8658742328679123,0.30443519222795945,-0.9812292873504118
2024-07-31,1.0487241437079708,-0.37522575015369924,0.343956119476049,1.4230412409017588,-0.048655958101883036,2.8378716617240167,2.2452999562310136,2.0779817148043875,3.0,0.2376751576818031,1.0007425965083865,1.6372864714458986,1.3074253515557386,1.2331077742670193,-0.4466832358910597,3.0,1.5668031214085385,1.0622562446300774,2.273975586541493
2024-08-01,0.8519939536631715,1.3315033279518913,-2.7462880282774473,-2.3419233813366254,-2.35353804746962,-1.2727347026866742,-2.977041684376784,-2.4479680742383803,-2.655325866590984,-2.3608576035283786,-1.491445111247352,0.855419697162066,-1.0929872169076165,0.6412817097924108,-2.7742541134914145,-1.29446197511473,-0.39795902857099297,-1.7280609345099374,-2.2310627022090705
2024-08-02,3.0,1.2745108138080032,-2.735994482687149,-3.0,-3.0,-1.9252151865175025,-2.1225039539198938,-2.840540021100593,-2.126373224049438,-2.5106435464170085,-2.3958168924174377,3.0,-1.517850760703812,2.0643556405668253,-1.98218471751085,-2.4460192222480424,-0.260196112844804,-2.903124805909069,-2.665700195190695
2024-08-05,0.3727575784854294,-2.9298912626320157,-2.3450045018222516,-2.282011903413125,1.451710646295349,-0.062338652928096656,-2.7449009160703457,-3.0,-0.8955370748876265,-2.5622073904103546,-1.9368964766423238,-0.013282493335455198,-2.534676905604163,-0.7610907362041491,-1.5972570304382652,-0.11649083834578254,-1.2300882402490867,-1.6919678757463823,-3.0
2024-08-06,-2.358929189984811,0.9631403634746803,0.7908297962208135,0.941442510149224,2.107598492381365,-1.0274412852276376,0.4374066555686528,1.215715318329269,0.7435240764499489,0.7846020104130338,1.0610386331479476,-2.123214468687581,1.3082206830745406,-1.611468667467223,0.0743324234038898,-0.6317828041479757,-0.7728368908349776,0.6471059824495179,1.1064142596536906
2024-08-07,-0.8259524454184364,0.10669347376383628,-0.855555068688569,-1.3553429530367627,0.15435771531612627,1.3741123448511616,0.7289406071308503,-0.9109764792497796,-1.0325564535604264,-0.13521127925444212,-0.11222384891917736,-0.9732872439368084,0.5850062417885762,-1.1589449263063512,-0.4014755354921513,1.959201154843429,-0.081602170887434,0.2539474920747964,-0.8131921257729677
2024-08-08,-0.7200039539827662,1.2473578808564931,1.6980669194499536,1.7367380155150105,0.6883646792601485,1.0922726801423448,2.132435092254081,2.606617322195665,2.302077024308474,2.2346697369754716,2.185575024237829,-0.8215191865592287,1.3787334849366095,-0.03724685516554765,0.9250472938102123,0.5718936251602522,1.389375984817532,2.208731310748568,2.594350371658056
2024-08-09,0.8570442710728654,0.1405263236781668,-0.15576387967778363,0.2855785431320524,-0.6459527731169529,0.7097741427119961,0.4136925287300386,0.4514545144298666,-0.017454859959319797,-0.38556576409971144,0.7238025809374615,0.6934691785024604,-0.22553206641254117,0.9925568845801582,-0.3240153435742171,0.7024619982907417,0.1771121014876675,0.47381379521903083,0.4582271255585622
2024-08-12,0.26218514274283505,-0.7988476753238035,-0.6249732726452779,-0.28101314619603823,0.4319203449697671,1.7747105366956164,0.14735825812876693,-0.08616188198686578,0.35179984282293464,-0.6763259012620176,-0.41376916560940097,0.4471837853588139,0.10389799274270635,0.353685161002806,-0.6163923444020603,1.9047124744330115,1.5194602515251723,-0.1803582634097764,0.03771623527579818
2024-08-13,0.577268569170669,0.6390345917168668,1.1530631927967787,1.9012315185366317,-0.7154351364658241,-0.9887803289280515,1.6638122044550285,1.8088054656781993,1.452697506399927,1.656906163967206,1.1963893061752044,0.7813028019416114,1.6057011431708894,1.4201846320745461,0.625002180361024,-0.7990578087975586,-0.20149325063842036,0.4271301549184557,1.7995526130775814
2024-08-14,0.4910324002317773,0.6174377983054748,-0.4399383743721281,-0.4048300140195918,-1.3402264555900523,-0.7200775509154147,0.061117969550718895,0.26714436690075044,0.0010218623688719208,-0.001575159817110753,0.3741677614301432,0.08942492410570752,0.49204120082018715,0.8135202166261377,-0.17071270802290003,-0.830114350273595,-0.7835005460160614,0.45023696045696937,0.2953389963852333
2024-08-15,-0.9293951530337444,1.4250622268524602,1.7518015707394363,2.285812572607459,2.0244553737919397,1.0733562981349363,1.365034988311408,1.8003537346202496,1.4705892558154776,1.4057544277563163,1.205171289578203,-1.5317195852981291,0.14177923235998163,-0.8528730362158561,1.1838647593847331,0.6355363247349098,0.27126907418010127,1.206412813177733,1.7926299260872591
2024-08-16,0.22426052734642354,0.31131896080217125,0.14773919286719264,0.1315368617873249,-1.440568148299471,-0.37546763049210385,0.7000045017263088,0.17976775196778452,0.0055620017776155375,0.2648680196529839,0.056461267506642016,0.2423399844897809,0.9998395108131969,0.4892843904915144,0.8007729686357443,-0.8648650794856522,1.9630070620072955,0.6201515628482124,0.15819338642445707
2024-08-19,0.3294135712119156,0.38551538529818824,0.7810584990738477,0.8301883587388463,0.04805662038311185,-0.4850388392605767,1.1873865570093889,0.917149598058693,0.6206031111069279,1.0109942861924932,0.7240080226160537,0.09880621147742244,0.38652758578938773,0.3331408901418607,0.5166452870642999,-1.5275526693283024,-0.2355026339181416,0.09280047543137959,0.9330184979556206
2024-08-20,0.6395834493377988,0.5986857328699497,-0.8669111579337154,-0.15604902986214667,1.1074084801189197,-0.40553125413707036,-0.5799999364326477,-0.3773615430253035,-0.5003012373446143,-0.25218639935771503,0.09953125240602463,0.6520065352363859,-0.630900279957868,0.3699009686985451,-1.1554923223691969,-0.44349724134223906,0.22627496368138403,-0.6520022199304739,-0.2994861259155519
2024-08-21,-0.08942926740123586,0.8627118913790617,0.8310427045958738,0.8430128897070042,0.4143669839352338,-0.5624311159537311,0.8435766817362241,0.43692600291138,0.34156907017047855,0.7327018312063599,0.3428708180816676,0.2231827997592737,0.6408182962305196,0.2896103912303276,0.20365920967775142,-0.967135757496576,-0.24798652940307644,0.4337683955002849,0.2627031578242521
2024-08-22,-1.1574892066687363,-0.41672660331023037,-0.661024732704481,-1.33038646283173,1.0284893493985994,0.1821920728279936,-0.9074211511177434,-1.007394435430341,-1.1617277310470118,-1.0859824668201987,-1.0687118692925535,-1.2289613264593031,-0.8173294775363834,-1.1610803685839433,0.03001478230860845,0.8731371625873545,-1.220724290237746,-0.02343584091319056,-0.95596587624463
2024-08-23,0.4752749087465931,0.22391617182089982,2.026052436894874,1.2889636493920085,0.3221954671688837,2.177062108665108,1.8229307542434812,1.2302631116508067,0.8526797064500798,1.4856938091933771,0.31335940986358457,0.7541437116595728,1.8126981733449457,1.0501971294059242,2.5158235472750636,1.6163159823884397,0.9788444333386427,0.7674446242617424,1.0263225507784215
2024-08-26,-0.4331152109334334,0.8768545686260593,-0.07562660465205424,-0.6434426788855964,0.6006488598846392,1.3090513556167929,-0.5987345179533604,-0.4064693235242676,-0.8426940055448836,0.00799783049647741,-0.39062142896106267,-0.5120345860716372,-1.135129300736509,-0.5325705483554639,-0.569812470005983,1.7408440937646839,0.18319313925219274,-0.6473154524211234,-0.3999889027637037
2024-08-27,-0.33619773368958134,0.1922971740733349,-0.5974086758585239,-0.2643022565695216,0.6395166086925813,-0.3650768900390765,0.3003930105066012,-0.02545614740376896,0.3300710545744458,-0.37810831440701,0.07010273664517225,-0.31423372297711566,-0.035097059516337986,-0.41073324852411314,-0.6630422417273304,-1.0385483935228719,0.12432659748713194,-0.18036166344487156,0.02537246301132298
2024-08-28,-0.25924087526151507,-0.8768657876330377,-0.5295704938307594,-0.7563186926641343,0.33513259064889794,-1.3500960342067485,-0.6305133223562728,-0.7673755339818813,-0.6008822857953808,-0.890513841097615,-1.0616257276951329,-0.31461806969493283,-0.4820429802794236,-0.6757849737411095,0.29026220759712473,-0.8666417000266639,-0.77649779669061,0.27015811756806896,-0.749328463075967
2024-08-29,-0.45079723426706353,-0.9654014476295724,0.3794011818085412,0.021117190692729663,0.09262829208186452,1.2757255204309403,0.19832704274281893,-0.007494684770868604,-0.4383594596104649,1.0217274861534986,0.7923138283051805,-0.5674380466589226,0.1366936210523989,-0.5713780801019862,-0.043392723451401626,0.9555095493488904,0.36464114476387444,0.8156087450313363,-0.10142592748869705
2024-08-30,-1.188711889038646,1.0995025998066759,0.3025579073806278,0.9955530935858735,-0.2066256304349326,-1.3401600657499115,0.2450794181454625,0.9347955600630194,0.849709212816138,-0.018731506691089053,0.34510805549641954,-0.9320324187471385,-0.21147490563801596,-0.8003059147761024,0.20853844041356237,-1.91576021214503,-0.7862057044452833,0.207541268141834,0.9433907857251606
2024-09-03,1.5718469535056623,0.9358167963846606,-2.0614399030212693,-1.0173125671495957,-1.3739366955432237,-2.13992312124511,-1.8391798706400426,-2.291047306280542,-2.4990552482384456,-2.1525703037392847,-1.7227368220477381,1.2930829893468498,-1.7114125742052122,0.5520284580003156,-0.877011110892506,-2.4579127811837416,-0.4986376536107701,-2.6400515967405247,-2.2343664183643157
2024-09-04,1.1899715575057312,0.538890833014557,-0.18407445708925957,0.12598637619767628,-1.6553818385494061,-0.9631812735514733,-0.2743661096372338,-0.2991479841071939,-0.03084268402692051,-0.33580344757413466,-0.24060359764264183,1.117870291123974,1.23419587628687,1.2818762974670412,-0.82810033546638,-1.131426949759547,-0.09266922857483721,0.554115662890841,-0.28072774326416366
2024-09-05,0.41307368107498305,-0.8231612965052797,-0.39072673576041206,0.73022228708077,-0.9069411578044182,0.4173211583458889,0.12823338038902668,-0.3757339652927559,0.0008167830295096165,-0.2950990471355921,-0.34769422904631114,0.287477093864259,1.0951874340002596,0.9375015654348352,-0.7105667285163204,0.29787488885789787,0.745452546159681,-0.9183801986782825,-0.3115983627983127
2024-09-06,-0.1753505766489881,-0.5312908555107357,-1.2786401545451505,-1.7673579589445507,-0.1827358673792947,-1.4773026322519234,-1.9812969111886323,-1.696836123589185,-1.304181087876907,-1.187191092093638,-0.9538611539795911,0.08799852569141187,-0.8001940918249358,-0.3433639755372451,-1.137312090925911,-0.7123237569913131,-0.9336809581336845,-1.7693043739478524,-1.74706635973099
2024-09-09,0.2991491654190998,1.0059424380471667,0.1493759276807285,0.9494823591780699,0.759015486603638,0.7092725587269498,1.0624933502071596,1.0480227002455682,0.8470925151815795,0.7162136607332034,0.9220707788841426,0.10484490911027723,0.7113884353019833,0.3260843320038327,0.2703726451433133,0.3642760175379847,0.31173460640920553,1.41474784851615,1.1162935718998725
2024-09-10,0.6058165588102266,-0.2950055618765869,-0.09495966924826788,0.7211524006972196,-0.8946254193128116,-1.608322993955767,-0.47175891176808576,0.3589353729775117,0.40854911615052475,0.14501802369672273,1.1313507789682682,0.7965698400033542,-1.036779358694089,0.46693930705886627,-0.6349447225402087,-1.7642251712982244,0.3130442889012247,-0.600355699665833,0.41381150752558843
2024-09-11,-0.21787814854218107,-1.71160136550292,0.13099753008404347,0.6015112694144712,0.45397008785905246,1.237659086585683,0.5483931434672225,0.9412886999415047,1.756757674245013,0.47726829018598965,0.7514779801983156,-0.38350640080425863,0.32815733520713886,-0.10385210696262179,-0.7996128203472062,0.8392529576146338,-0.31397192799635665,0.4301963080623962,0.9907085541392759
2024-09-12,-0.6524427368950833,0.7812281195570547,0.781654926809114,0.6996664515719613,0.8739596487962751,2.0972160394285035,0.8924808737339898,0.776441702969502,0.13911231162676896,0.3693841025858128,0.739200599971521,-0.6214461340518889,0.26901410724991437,-0.4116799354993667,0.06076507506471793,1.7492597711996014,1.7092322594642622,0.9820564786396923,0.8039208722060376
2024-09-13,0.16429367544207876,0.908086229044518,1.5043991906370466,0.38309622642855745,0.8507598275540488,0.38988626099307794,0.2236945066267057,0.6337800544619124,0.49465708001565906,0.9970857338973025,-0.2792548456902209,0.24952575862307344,0.8548753372637846,0.5552733498135215,1.2793799093431943,0.06122541146106096,0.8746524292046605,0.3109032380458539,0.47537259361550205
2024-09-16,0.8453714438747518,0.3878736379995122,0.13348261378845405,-0.19418684158666075,0.40183412931584983,1.0482963631585518,0.6160171587252029,0.13125208189952248,-0.3732399522797712,0.2711276760684539,0.529107772331772,0.40219531573332806,0.7224092230922573,0.8579345193026833,0.5141150326570545,0.9178843226601061,-0.17533597682642846,-0.32687683292173,0.09064585419022189
2024-09-17,-0.6802890127152819,-1.6973551369622737,0.42890614032264945,0.27468719426376964,1.0535549142037908,0.8476492580080275,-0.4209759965350094,0.030146971156251173,0.04270893971832815,-0.026641241747919472,-0.39179863379069585,-0.6764292978037849,-0.22238654782126863,-0.23847910448917511,0.2577707272375536,0.7281318401510766,-0.8001789540907263,-0.19705896811675136,-0.020130715181713065
2024-09-18,-1.4518200677005815,-0.7834211852034856,-0.08946688147801936,-0.21073107665871907,0.1796574558028214,-0.5399609144373585,-0.4211573899964034,-0.3185113115467509,-0.3397788258634168,-0.274970412025829,-0.6985827536239342,-1.25583348203806,0.027526165772482947,-1.2689458744560018,0.061092527050503484,-0.7134643477311894,-1.0112981658618727,-0.11065950859877705,-0.3613548581132949
2024-09-19,-0.4656090116591679,-1.1132929556617093,1.1909331374142984,1.4259408009215013,1.356255232236303,1.925961123996936,1.915681590204767,1.5591685940440636,1.4667844644047716,1.3036488653468288,1.8923470316329614,-0.3974971531593501,0.9087090290743152,-0.02034913165484178,1.311234464127642,1.6587981038956117,1.4790162465357815,0.4619118640766555,1.6044100506957342
2024-09-20,-0.5509184772447351,0.5737223899381182,-0.7980881277908006,-0.24111686618019781,-0.48047004713658426,0.153021492354451,-0.8209304795309572,-0.2892622053470442,-0.401724864291595,-0.2011420025621926,-0.06265379170648916,-0.30530095146309505,0.1491217505355092,-0.04791152884826439,-1.2630571225962675,0.1857898689768067,1.1351102913434399,0.7172302446622042,-0.24817835357612014
2024-09-23,-0.3529279724262015,0.7009318342632624,-0.334807221999499,0.7254875479382251,0.8209403050243789,0.08163836093867237,0.4383607362662881,0.1557262011492518,0.17474989785577974,-0.11709508001143593,-0.03742706224622397,-0.3686467936257092,-1.143662327618481,-0.6184878420223477,-0.5960121931092288,-0.415985094003078,-0.013386982337730533,0.8609638852764872,0.1679337730976965
2024-09-24,-0.1834180220954849,-0.6130845315029277,0.007463026827331345,0.4765479384349916,0.3729691398127496,1.6737577239267964,1.2872095451342953,0.14917991230450375,0.6363151154784411,0.43026541773983945,0.05149221623453657,0.030929970538870068,-0.32709977352868513,0.13921545081260536,-0.8617979076121869,0.840014161282812,1.2570567621562885,-0.7749709591213009,0.1928505639845997
2024-09-25,-1.158332764185195,-0.6532564459174067,-0.8698479633592385,-0.350896461279581,0.05892366981315703,-0.6864522176260398,-0.8731393688981532,-0.4066842614346116,0.3078390091385723,-0.47819422651938875,-0.41462364036024396,-1.3162138307347193,-0.8509260947918196,-1.8568766704965618,-0.9240300606963429,-1.2257493569906348,-0.38817696063836116,-0.3049842015843015,-0.30118918420461327
2024-09-26,0.10468497859273965,0.14201481904069876,0.24141453823393755,0.19921727746033727,0.10153837703838563,-0.7531888574531245,2.2398578595236622,0.3498566557349949,0.9512743631618685,0.5952530987105465,0.35973455953699157,-0.4362151814209344,0.32906138561292025,-0.27873791693524363,0.4660509228125812,-1.6902807622205311,0.2981687521723548,-0.029808939673724198,0.3140262593135899
2024-09-27,0.46299645691336444,0.053130798550878544,0.32481589715484016,0.01591095895980297,-0.4169185354400855,0.4914176545304568,-0.5390478947333888,-0.17297605930647772,-0.6022633490675793,0.11647155655537572,-0.09307697632264035,0.7967249201721495,0.7133749958677974,0.8191484273847114,-0.07285992296358457,1.0710159699394133,-1.0655806651078874,0.4948250400666695,-0.2128188305580363
2024-09-30,-0.7049409931155147,-0.25414775398175526,0.04931973499678783,-0.2352051764170752,0.8367187271331344,-0.12166715156266546,-0.5978449591588578,0.3086632904733658,-0.26668970104817763,-0.10493086029294596,0.09711811398914748,-0.9297691804192856,-0.6584971229676189,-0.9118825855724777,0.4930413829895526,-0.13856972179656024,-1.037955478420588,0.12996182523677732,0.33155286944886336
2024-10-01,0.7186489658900944,-0.7716643893399243,-0.9469803581834662,-0.34642625553706274,0.248755972857363,1.827690698245906,-0.34658092341753977,-0.9384363384294058,-0.8147006987377143,-1.748129099691388,-1.5683386864729605,0.7298791956442582,-0.5499007903815923,1.0497661135074385,-1.8836460320985815,1.6826918680084406,0.9244261588816077,0.6586148392087654,-0.9317933733363727
2024-10-02,-1.1325281116697374,-1.5768504097746985,-0.1799432336776814,-0.634210884416742,1.076615556472172,0.8618893618638639,0.24450311268921326,-0.037387986973633484,0.5222106770473339,0.2357810079726485,0.6048576572221966,-0.9571400510459224,-0.29032773021692443,-0.8521370133480376,-0.22953584110538125,0.5280382468592858,-0.1950183390044574,-0.006741095908584235,-0.00661819530639924
2024-10-03,-1.2106920336819684,-1.7467120737553108,-0.4995776182030093,-0.8212443580900761,-0.1065146484664612,1.6150886417513248,-1.0810688926149206,-0.2472611451320286,0.3622334177471249,-0.3032687043024193,0.04629867801746289,-1.4892200162882796,-1.3282396519226982,-1.907460307105165,0.029115600107588353,2.0506677667718294,-0.2846565142029421,-1.0217307634397006,-0.2105789251122753
2024-10-04,-1.4897902959301148,0.36977427054858725,0.8610850180480052,0.8382844639135143,1.0508564410421877,0.29182926408577076,0.6688121027530993,0.8753079475262354,0.47584457287917764,1.39345286808603,1.2750306032447887,-2.486724906778499,-0.7643767182114355,-1.575443507581366,1.0434544463206452,0.44073000386631117,-0.40064620181326066,0.786638616211497,0.8437334409692748
2024-10-07,-0.9096988071187557,-1.6867090271579404,-0.5482867606816857,-1.0845492801702525,0.5360968612811956,1.3896568548332127,-0.24768887665808081,-0.9162557474284696,0.09359349430783175,-1.1439996251301106,-1.023945506486437,-0.9749281780774001,-2.0143434282941333,-1.4336814827066509,-0.32044158675790285,1.7892515432766671,-0.5498446317943785,-0.4137707676448348,-0.9263823086860486
2024-10-08,0.1298476711135369,0.6315530449524304,0.03255923776693848,0.6152897197686467,0.5381018799942234,-2.3296537144981815,-0.966835830214188,0.7663497601631637,0.6008748024536047,0.6764403974228174,1.506223512649297,0.09962973210681739,0.7681531440658079,0.3672852984046483,-0.21731468320568645,-1.9631217392075375,-0.9668376257757939,-0.38184446384183557,0.8851591489953095
2024-10-09,-0.7069546995941594,0.8212134982858499,0.17642032764739088,0.4574895320842487,0.7917649010939304,-0.6740817637268678,-0.1460424208751098,0.629876919520549,0.36654596562043323,0.8571166048660529,0.8587880418609205,-0.991877432345421,-0.4729932301755477,-0.6463620726281407,0.7495888175741668,-0.3034192121617201,-0.7303918198418637,0.11084780187347536,0.6343456866608664
2024-10-10,-0.48719113986058127,-0.8253874650934304,-0.36948047054772704,-0.38571387127293677,0.6031495499884627,1.6621130029308535,-0.14252716917296873,-0.2639612397893211,-0.08323081874751172,0.20808626532213534,0.41444547506481716,-0.0933884214449685,-0.42541446589097087,-0.40059832251064426,-0.056359092884384475,1.5512831304601342,0.7077573199174665,-1.0428562351012742,-0.24113057516108924
2024-10-11,-0.511451707691661,0.7805502401242925,1.3874504675492987,-0.3466087252033387,-0.1670195689625067,0.10466371212258477,0.49341397592425273,0.6718501363595814,0.2598011496350825,1.063901765383342,0.2544578785212195,-0.0036081031109691957,0.8839559390573184,-0.18206246835806952,1.9463144797048122,-0.15265750969143235,1.0786046623119745,1.6315119983693158,0.5102672076904425
2024-10-14,0.04771511758699528,0.5146573387187233,0.46958396980587974,0.23639166295076366,-0.1552844196690293,-1.3455973844980442,-0.02715673084622306,0.6537276629758083,0.5774551688303341,0.3769793692883139,0.2831955791876471,-0.5272236879279938,-0.03994018589867485,-0.1274786654360245,0.4009880180595786,-0.9164338358362566,-0.3954833214175528,0.20609686889861295,0.7053419657008005
2024-10-15,1.3673982335182229,0.8722210603413341,0.030930179235557295,0.09437737069771547,-1.6086255487246903,-1.8156699501673983,-1.5893264575375283,-0.7586779219172406,-1.8417810005640187,-0.14581279194252056,-0.81492953898056,1.146542433911233,-0.33897936750379604,1.1360807467957104,0.5833293224976976,-1.8292510749207969,0.20291058601918957,-0.5196196039137567,-0.8636471993039022
2024-10-16,0.4160606117458594,-0.29317230368526,1.1163995461912308,0.2979127896203901,-0.3602794626617764,-0.20298499773489126,0.427885325519455,0.408308650413774,0.024709965630366208,0.3447615547570785,-0.4365154037152512,0.2684167781327962,0.5207436967324068,0.6517483768938542,0.7463212758576037,-0.19053552445612945,0.381480077562871,1.4738035309061952,0.3417006572147593
2024-10-17,-1.9137679517506205,-0.8956749742870714,-0.25009247058878836,-0.19302184300391131,1.4156985183513102,-0.006645071347045282,-0.23892808709818664,-0.15679817384920405,0.5676696671142418,-0.16916190107556733,-0.08420954778852102,-1.3594679515802655,-0.9198284158248968,-2.154115285078685,0.4320615391406536,0.1668092518944384,0.48031064171746424,-0.36679156663480056,-0.1297626785703338
2024-10-18,0.030443331016190567,0.18615065387825466,-0.18712825231553104,0.1617054880160726,0.3679915968576273,-0.4619562819917787,0.6873388876576573,0.25614747348610145,-0.06019815935261189,0.42791852709844946,0.07065875999827709,0.18201743967377634,0.7727822512225915,-0.4738688699231478,-0.843663060777486,-0.7130461657411782,1.0071631028703814,-0.10758749921083778,0.2514727698939149
2024-10-21,-1.9952290873766443,-1.4920864397346845,-1.1269762987602838,-0.6978506527479139,0.036478567398485526,0.4538454666978624,-1.0406471786683011,-0.45168953616353197,0.1433351738945703,-0.25221943747235476,-0.1442983423970277,-1.8785789392810188,-1.9340856002931768,-2.674088156260901,-1.7048789245228613,0.5790763595463841,-0.29540416040269585,0.3793190223264481,-0.30882579306160407
2024-10-22,0.11228022293991986,0.7813255267137442,-0.2808006303790488,-0.39404262429489095,0.5624467037230648,1.3378414376283485,-0.458494925430486,-0.2410164749702682,-0.207109708543692,-0.2820451753710579,-0.2705472325734395,-0.25975687485322324,-0.8027872729480603,-0.10108517606446209,0.7162566755731321,1.0578855137980654,1.0253137545537268,-1.7351576270104137,-0.18833849207093428
2024-10-23,-0.29585962094450213,-0.47051845032976375,-0.6483151240608513,-1.2581305608395557,-0.4650250000931836,-0.3112399585836834,-0.9232293206539379,-1.0461884407370188,-0.4466221555896118,-1.315510036224812,-1.2481744325995014,-0.5668765394406141,-1.4524202193404494,-0.9109416622145167,0.02290678138601478,-0.2605438834425096,-1.6924496361773158,-0.5816521857909223,-1.091487419766718
2024-10-24,0.7579875786296971,-0.37221420820948736,0.16864710445956493,2.2128750298408963,-0.45972586537465976,-0.01783474404131623,0.17805922069241104,0.1868558928203457,0.14108484736555638,0.7479942365837576,0.7584366838191668,0.5411836313697174,1.0481347398719247,0.722730417168656,0.2753005551792411,-0.26947379356517814,0.7207789706259179,-0.9260995612630598,0.1331553442517584
2024-10-25,-0.6008241926750728,-1.467235763301938,-0.3088831984639403,0.11029835388952888,-0.33220972756243927,0.29971112723774607,-0.3503847833364344,-0.22403035485256256,0.39724263041089175,-0.06850952454716068,0.21337432222355945,-0.5113433719047881,-0.617444311526432,-0.6316439754738973,-1.173439928638592,0.7465737590592045,0.01287834557098401,0.30167395402893454,-0.16715022455602138
2024-10-28,-0.22750123897483673,0.22289311126363545,1.2017854826600514,0.0005142077876665033,0.24350373703878722,-2.223433063528154,0.6126433259930018,0.28519904804598556,-0.4049456443906069,0.9811288522129231,-0.07830080096702832,-0.5357064836939951,0.8560303182788642,-0.200611835631315,1.6873439260867658,-2.2875551730942147,-0.2417606886200989,-0.18143983820592116,0.18100403225239017
2024-10-29,0.33943443174772625,-1.8891056691503891,-0.414303632862023,-0.6789762495450681,-0.07602964171826655,-0.16578156739604105,-0.5567067116560604,-0.09152394278618338,0.8260910315790699,0.9649664193302594,1.2515713537587678,0.2396167831830798,-0.18505953859305999,0.3276148500467707,-0.5292391547110499,-0.4656797216753569,1.0782908134573652,-0.4373969383281719,-0.05456451258630105
2024-10-30,0.5040901184014168,-0.38951113543646365,-0.23898850401449095,-0.3356388258986969,1.5524898075677025,0.9611908088844151,-0.810612799748723,-0.5496451839149179,-1.1419351115794067,-0.8017835557155769,-0.48372250450874754,-0.3482266959688693,-1.0901078802791568,-0.37512556356514487,0.49960068432468874,1.08876657484215,0.3725154624630121,-0.580618395593816,-0.6352207177017916
2024-10-31,0.3001200430069204,-0.4477670197866056,-1.5149667113433063,-1.54026898270681,-1.1548943085449153,0.4877057323835342,-0.7723602449493563,-2.480935894598303,-1.614551975690588,-1.8131143255235174,-2.478348466353527,-0.0827081922465384,-1.5046910532448239,-0.5977171397772437,-1.0704979021408068,1.0871997188995233,-2.198903180056849,-2.9267131596844673,-2.6340291545278474
2024-11-01,-1.875121071218464,0.006823777014343781,0.3935960994985326,1.2044754174569832,0.43857145794328284,-0.7700462232193013,0.04647067970122158,0.38188422109288955,0.49117636118445906,0.5430188127877535,0.8244706641026115,-1.6500110982664642,-0.1644382595677114,-1.513885461976225,-0.46276473125302087,-0.627272646960476,-0.7689651448735048,0.659489557187888,0.38568430649742313
2024-11-04,2.178123646820229,0.4402836039324953,0.3368325504812334,-0.5043008060687814,-2.410966983279761,1.2328334166275736,0.27440537943637205,-0.3954831519334039,-0.16007510232797892,-0.3726055251877822,-0.19080247218994764,1.6338824302679122,1.0963213926268087,1.9928593608370486,-0.6795727657574674,1.3995177407604915,-0.07325811861947529,0.09326774962757038,-0.44244013654887665
2024-11-05,0.7858031584879418,1.0682118408086358,1.4716623738357673,1.2913802608429508,-0.08193728300665733,0.44160518215729044,1.165973574056027,1.4387169323395743,0.6559927147290757,1.3604203746613202,1.402006048381127,0.2482147094440589,1.06573514533837,1.2550710802489833,0.9600250908556618,0.29272285260935843,0.06379482469021226,1.1584452458986387,1.3916025827114609
2024-11-06,-3.0,-2.841228916064898,3.0,2.456978821202613,3.0,-0.8956597482061234,-1.4624162147610418,3.0,1.111312899679063,3.0,3.0,-2.7103311611876304,0.6321276168978525,-2.6511331113009784,3.0,-0.0950095450016914,-3.0,3.0,2.904499826081622
2024-11-07,1.641498012667428,0.5961242933636456,-0.43718233269123974,0.8178860388589262,-1.8569008291198297,0.8206180598186819,1.86579380702746,0.6331170087609846,1.0036049338918185,1.3919585928042648,1.828760667356108,2.265436649694817,1.7748080162479085,2.8927150173019225,-1.703043712267224,0.08071344781743678,1.6246137542954149,-0.42694611551858386,0.7592684794588342
2024-11-08,1.5953507712472357,2.0356175567191914,0.39930619677446516,0.9987226367632421,0.12530232598640254,-1.2740023639158513,-1.8780574643672294,0.39170557195150246,-0.34577950012402253,0.024804553584835427,0.6601609312593208,0.6616237756886123,0.52731424410161,0.8334263207992216,0.08354327190005946,-0.8890426569379957,-0.9290351736251368,2.7622228413036076,0.37602793557427155
2024-11-11,-0.4930593665166262,-0.6091226279053575,0.9562476031188429,1.4707385406904148,0.15604288562867666,-1.4501935228726148,-0.15751927208394598,0.15914562384210587,-1.0506373539421645,1.872530425262498,1.6332738301741074,-0.6429328037489307,-0.7333036863952942,-0.4541350476440049,1.1555401090372297,-1.2873026731685677,-2.6726136556642115,1.0755224246364024,-0.05307235335660958
2024-11-12,-1.635097805689105,0.17802858532695556,-1.431286837512337,-1.3690241629771522,-0.28594658005124185,-0.5359994350335943,-1.7740215221238553,-0.647767138587898,-0.3136804004330356,-0.473039368471796,0.13673680561306967,-1.5346628805668736,-1.9831976375445115,-2.066697282478411,-0.3921252386354075,-0.13125300692506803,-1.0142793581085148,-1.0502557213366266,-0.5487240103425909
2024-11-13,-0.9556031012372035,0.5029552638353297,-0.8691296946494051,0.4850099718744415,-0.5160955112235243,-0.27260230982793593,-0.5215991006086282,-0.22266004894340166,-0.7758259313355556,-1.070267739799519,-0.0007768634606047818,-0.013139269407858091,-0.046798101259436446,-0.805304416240766,-0.4177321586140875,0.04630473290458173,-1.1362718069131392,0.8822465564123608,-0.0909781626788772
2024-11-14,0.8281820516455939,-0.40858723020501714,-1.0975866880781955,-1.399295647122833,-0.7511612634815784,-0.14545172445385124,-0.07239714182306707,-1.0491067107567975,0.09789092367930145,-1.4304353243743382,-1.2956732070797186,0.14154257572827655,-1.1029545612425193,0.024775652522927925,-0.378647973860183,0.3591757764599852,-0.3244576200278966,-2.7587407105600734,-0.9540611598989304
2024-11-15,-0.176674320385748,-1.4565039352197195,-1.1873897960320363,-0.9506864200569197,0.08685154127152524,-0.40939570299444406,-0.2483991221386518,-1.672504611954219,-1.5177640153589969,-1.3741689440649087,-1.7259629981056903,0.2665103200590165,-0.19462907385531994,0.1820135274189781,-0.13826286904151402,-0.9401075835909823,-0.25602922033758446,-0.46122077327941285,-1.7330544193086053
2024-11-18,0.35837978344674887,1.2064262590023014,0.09156680039719436,0.595283765052049,1.1407595015972272,1.8762166449513338,0.8101393638127651,0.3919547863166702,0.3161737210571802,-0.13297791441933,-0.2260020366867408,0.7843437512237729,0.7865328703192888,0.5334480531652463,-0.19175574610703755,1.5057039032492663,1.9717518532688747,0.036580484497519744,0.4156010148516419
2024-11-19,0.7346060832421596,0.27705714789757546,0.49982705196422345,-0.15592727044113372,-1.3870185031743254,0.2675269068862518,0.09707291287924352,0.4431029724238648,0.4920547074286961,1.2178170874402623,0.8698533896533018,0.7346156457356715,0.5810167543010383,0.5841794536479907,-0.3680726991780578,0.19510571850192798,0.8744275197955242,0.8013999929132816,0.3465560196665526
2024-11-20,-0.2435055256569603,-0.7976398762310093,0.019635878674712972,-0.6031114817079396,0.40931812035708603,0.1268278913459896,-0.2133994831397675,-0.05338542219331048,-0.315501665421819,0.36954969345674255,0.3706200679115344,-0.26026635719346897,-0.2583668001985845,-0.490853570983563,-0.23979031551096083,-0.1477755600028549,0.5125954267264584,0.22690462370274134,-0.07403285297711754
2024-11-21,0.042107846620450175,1.8172284698339904,1.0522752097565569,-0.08076682014097726,-0.38849029818533326,0.43537111378352716,0.11702228342456461,0.7153549143474206,0.6565075498028125,1.0561228521732138,0.6807146286257889,0.003851294354125003,0.036576743044293,-0.20879485003260226,0.5358056759765975,0.755430547445158,0.7748118854105664,0.9528410928897894,0.5454368241885248
2024-11-22,0.19158324390123313,1.4930735867838087,1.2716853474651706,1.0070849490987919,0.10430417573858106,0.2469808670996539,0.4572849664604162,0.45230449330001427,-0.3133724396835649,1.6188703595928435,0.8732129910482286,0.3165078423143668,-0.25548359168912815,0.2892515312812381,0.9632564328298968,0.6659607305474733,1.2330690295627174,0.9298019965424918,0.24857090423964173
2024-11-25,2.9142531296260983,0.8939392224309329,1.0057656180215346,0.6512269434533252,-2.2419994333150375,-1.2765680791592666,0.43599244520062685,0.4582519336882836,-0.19637615433358505,0.18898858235835586,-0.4618620374046606,2.843984077932736,1.6128731127035592,2.7952237156142545,0.5726059116579073,-1.3071312312052281,-2.9695633830887367,-0.17167895229003585,0.3018931606731557
2024-11-26,-0.35166326939518217,0.6820580169337294,-0.7441291072763013,0.04627388256744361,-1.2641004918770264,-0.047433922765514475,-0.5664959332636966,0.2712267884382982,-0.5583214954169252,-1.1348244851197025,-0.002214500349633514,-0.4479018462854699,-1.077027650300828,-0.5445526015773051,-0.6155916924910507,-0.3365415481395614,0.09761175499807628,0.7060246509513846,0.5167695401245808
2024-11-27,0.9035632998270265,0.3471459801600548,-0.06464303874648224,-0.7068408614555568,0.15924392425719955,-0.6076446320684049,0.54846974583396,-0.5990958584984991,-0.7541596001819665,-0.33320964640821216,-1.7394992640342914,1.1928187876327132,1.28185951450764,0.865841794743438,-0.29402337650846155,0.03877130852298651,0.12288660260479115,-0.49593197236446335,-0.6209891502551675
2024-11-29,1.2747849238833944,0.8220103383320297,0.11622071596735761,0.6523065858896433,-0.8039921609242875,0.22545914062768974,1.2304810906022174,0.5094765330995392,0.7784747485507179,0.10103713996742544,0.05930869818647189,1.226435402390177,0.816180873137431,1.4269791491381631,-0.29351832939647265,-0.10269760493234849,0.750820599853707,1.0487241955467475,0.634655897156149
2024-12-02,0.3632746464806239,-0.22151905331251803,-0.2536096294613099,0.48997241232863414,-0.48684140084984023,-0.9038867154503304,0.20062673953251184,-0.025297294090119035,1.1489258461637502,-0.34519909440083557,-0.24446820992554535,0.09424807908598586,-0.35030542372308227,0.378248544445197,-0.5825708685437483,-0.4136621923755086,-0.951159861850481,-1.7839351190127701,-0.018857959732186614
2024-12-03,-0.8702742161585958,-0.8516813140183975,-0.7699073785473362,-0.38461988885654386,0.9118705247769696,0.9829920723156874,0.49353273115768065,-0.2727393291138445,0.0008179475857491026,-0.2753819610593451,0.4023366801199861,-0.6181521328857358,-0.15306622885538473,-0.7471776169916264,-0.5401456005608468,1.2709112512685867,0.10742719406266192,-0.6676984374576237,-0.18989695135521245
2024-12-04,1.3194877251353665,-0.4437040944613342,0.08220660954823664,0.5759537639995496,-0.6961377491050349,-0.6534118596281344,-0.012940076541687164,0.6828859048298195,0.7984725751805561,1.922826587389159,2.716613861142557,1.147712311950623,0.9947729838725806,1.1131838006171249,-0.02137623057930568,-0.8261362498123581,0.2098967153218984,0.98840604499759,0.657074147358828
2024-12-05,0.3276231872836701,0.663018934543559,-1.110046235029291,0.4744058994647749,-1.354960158336867,0.06716414450416573,0.7208874095839508,-0.6503209504121055,-1.058431014172686,-0.8399432468555783,-1.2370470023659181,0.10711150631328364,-0.6034876331693064,-0.019532827979304983,-0.3924757340572671,-0.3251142348862383,-0.8000743573992475,-1.1925486807585992,-0.4826686302131619
2024-12-06,0.2558891762099153,-0.828760784182878,0.11262664753957359,1.6575123139554477,-0.20138652523706996,-0.833792844246488,-0.23074385378474466,0.16564837706625876,0.004667206011172634,1.3769809857821895,0.7678410836353121,0.9458283217005586,0.6364602027451822,0.5335144018748309,-0.038651571557264466,-0.8472084580824286,-0.014023182656549832,-0.5060610780852829,0.0649024208075907
2024-12-09,-0.9258649199500094,-0.2322041428908628,-0.5479978470013883,-0.5981124434732283,0.5707685188468656,0.7577897980862882,0.6596295342986919,-1.1261787712944447,-0.6357242244243683,-1.1558393391044544,-1.8315778461350916,-0.7748361719788652,-0.7628703122537839,-0.5130968935024393,-0.8558949866003144,0.6131246955508851,0.9402328669046403,-1.7005590555801218,-0.9691136779598849
2024-12-10,-0.39679595630754927,0.8539274857401805,-0.47982435593598327,-0.1528835921789287,1.0562055221487952,0.18355594426116206,-1.314837231957464,-0.730722766899777,-1.468157880936852,-1.7792224691890235,-1.3410660687795475,-0.31693048436122906,0.12957527100106347,-0.2725862752087427,-0.1314624647571256,0.14025265287170643,1.226483164953959,-0.06774088158863953,-0.648407687472983
2024-12-11,-0.9216097260367967,-1.2902236532487765,0.25001471976190753,1.3006819607663433,0.865313403648931,1.2472765745004704,0.7502317705415911,0.9421366157175235,1.319187114520706,0.6315715319030258,0.8863380270663652,-0.6181559181422029,0.00352813822215345,-0.5265806393283157,0.10904460005403746,1.2663462608875162,0.841226211107202,-0.06586366564599865,0.9506812574282558
2024-12-12,-1.2265642730307413,0.5212056577530245,-1.1546200332408654,-1.0689784295089702,0.4140824107291423,-0.4728473515175569,-1.0791166038982063,-1.0049437777382044,-0.6024238301585989,-0.33784497752528664,-0.9270668313613267,-0.8479712193245494,-1.4563032081418832,-1.1690462203170866,-0.6495553669844745,-0.11757907419244508,-1.5074121017404227,-1.0562797648184161,-0.9560482024267776
2024-12-13,-0.9872273582103084,-0.4433175466769413,-0.6314885165820576,0.08554058428025275,0.4977212915544184,-0.01972646386699889,-0.2514972826759828,-0.23652077383848344,1.420601979302771,-1.1247923426431699,-0.9806158474856048,-1.0496002114584158,-1.4706780512594761,-1.1203736776509798,-0.25268697527544653,0.6392917528879164,-1.2188195937955733,0.6605402915116312,-0.18858478482586416
2024-12-16,0.47839282063574734,-0.8837026409800287,0.3992516775401715,0.958290027091759,-0.6448573343100447,-0.732098448528108,-0.38603922927640966,0.4240759789973841,0.8072107252938743,1.638685537372152,0.575090849201636,0.25572612441468023,0.883407885582399,0.39474421806407833,0.11694987120717171,-0.3535449115982787,0.21524509010520188,1.2841081242459422,0.49008145696750405
2024-12-17,0.40648790781892463,-0.2475641721078027,-1.020856079531888,-0.0026962029750601433,-0.932369158601622,-0.5798610346538874,-0.3908033018293037,-0.8859487950036612,-0.8037967703857261,-0.7307581544545383,-0.8966938850936018,0.16919577024745075,-1.0954729715760922,0.12522531224663788,-1.148035102454412,-0.28656569225159667,-0.39207440169401847,-0.8872626527693473,-0.7920948495512128
2024-12-18,-1.2233573040439922,-2.458490053440053,-3.0,-3.0,0.210072762735821,-0.9207065080725847,-2.7990696352865108,-3.0,-1.8123029816672442,-3.0,-3.0,-1.7695908995598792,-3.0,-2.4507146567082674,-2.293732599532848,-0.24656954288230734,-1.826580954412941,-3.0,-3.0
2024-12-19,-1.4807819720699609,-1.0782169497957166,-0.3548374023021555,-0.29980147065534246,0.3914031313588354,-0.11472907956538325,0.129564075111771,-0.2477502985715708,-0.7127417199910765,-0.5219510753107658,0.10294211679982818,-0.9499052091322743,-0.3886348919192036,-0.9896685629968,-0.4461918216395354,-0.24706343729230962,0.17404752167483453,0.30822463178104137,-0.10565333213545879
2024-12-20,0.7762035339278377,0.6779043643092949,0.6717282849471603,0.021068983064303836,-0.11491680357370943,0.6171826389331321,0.36907279601561216,1.333995307715715,0.9540644201204546,0.7453489729111111,1.181248645495089,1.1122186452742322,2.460164095000099,0.9542258193974131,0.7046544891323704,0.28409691304915224,1.0352410457617878,1.2531930050543731,1.4795939817341883
2024-12-23,-0.8078026399094924,-0.7535038292945696,-0.18825699574485402,0.059262957457161876,1.1165689543788029,0.3661941941501421,0.9531436984396813,0.6089140376707776,1.7554527065421364,-0.6151922684667597,-0.6190959001727577,-0.901501910271507,-1.0119528446707335,-0.4503704464420949,0.07004609940244683,-0.07095050965124486,-0.43463544946017735,-0.09661299295798989,0.6785208356830693
2024-12-24,0.62491932924563,1.1693845917735517,0.6421177756070015,1.6315848902064034,0.6809296612431132,0.47013370784853703,0.5862389862139469,1.194208421299564,0.4526551392636408,0.3745596584903972,0.5879359050451509,0.3438875107610184,1.2425377511499023,0.7837589496235117,0.2420873934425646,0.3585328978392682,0.1996451126202165,1.1795550065593257,1.309802470718569
2024-12-26,0.12182003988869126,0.5899804910007986,0.7134997488646635,-0.5160280598683621,0.047988219928661854,-0.2832556441711324,0.4143606528775254,-0.059526582294175,-0.16150072273694877,0.4087074880698264,-0.35329873677293533,0.41476723549592226,0.965670062118525,0.34969008989795375,0.10890071531535797,-0.3896360906721093,0.6725834321055096,0.6254265118919276,-0.1233633326307833
2024-12-27,-0.7088597779423411,-0.7360221335710426,-1.1176569526500408,-1.5110603232642785,-0.24715626466965204,0.4446351038286178,-0.14162953126913505,-1.4300919298156938,-0.6203765184122237,-1.4766107411117226,-1.205429102661857,-0.4461611927412525,-1.2842012769763287,-0.7245331114450615,-0.6335461469907591,0.4901948483339167,-0.6467944833481237,-0.6983533202202027,-1.445895879918687
2024-12-30,1.0233450232096717,-1.8399385898692746,-0.6055155354062909,-1.457518119285989,-1.1732213224702275,1.0303985569864613,-0.7741813958998451,-1.4158885495810873,-0.8808244748328758,-0.9584959576025073,-1.0315295365080321,1.652108454065351,0.5202135329098829,1.0314042738278784,-0.19640675364298052,0.7097110225159892,-0.2835631396020464,-1.091365547910496,-1.5096599554172685
2024-12-31,-0.44676970817854733,0.573211791324455,0.07418167196094137,-0.7615843869073876,0.2311220725669296,0.5343608153530653,0.005239239180740477,-0.48161467257633434,-0.5783120258773365,-0.7308962775642418,-0.6736687668651391,-0.34107587257987976,-0.0667737069395388,-0.42369747147184206,-0.12371273590312053,0.5258177622078078,0.6196149144794765,-0.33210119926813936,-0.5160376673096728
2025-01-02,0.42371192159569604,-0.4518609065083768,0.029569916041605974,-1.211406192072623,0.9224922023181007,1.1882662769953274,-0.06621201648304052,-0.3085676723885559,0.6229064403532512,-0.030644314535474348,-0.28420670918448887,0.26971851066956465,0.8736169348475771,0.11447516740124034,-0.5547225972513432,1.028262628066606,1.2892558845356619,-0.24303835832521375,-0.38550506018269093
2025-01-03,-0.22095115292158912,-0.013974926718016136,1.055325428654288,1.3866850631859728,-1.2516992462987404,-0.6463321142591616,0.8690652404249795,1.5069634260994564,1.6318623975288753,1.2042065328516056,0.9289358893224374,-0.2937225335858894,0.5352643923463871,-0.3917722929547606,0.5573729608574971,0.7096566615348022,-0.7661042178543525,1.5905901362520312,1.4979566355684781
2025-01-06,-0.3631596435058367,-1.6144951377516925,-0.016719031996908936,0.12418239936351823,0.32587632664599475,0.26536169898773265,1.1833664832124127,0.5973210946014246,1.801424603567183,0.011480433886701339,0.016821991925929838,-0.13481230108765493,0.6157525094905244,-0.4309284145997484,0.021377802948394458,-0.49511850621594733,-0.13770777795864406,-0.4881716905462182,0.6512049358078926
2025-01-07,-1.0888543983068186,-0.4629675946749231,-0.6373683600825379,-1.6364007219214658,1.951157218221446,0.5630981036484599,-0.5002397358427942,-1.3962242160467584,-1.307158288816481,-1.455339461324033,-1.7245301526365846,-1.0609518788852743,-1.3096726461275354,-0.8577891212426065,-0.47753353717116215,0.6563641433154617,0.5252092428078998,-0.5405828010810079,-1.4585299675445977
2025-01-08,0.27067558115809687,0.4272113984198424,-0.35477272557153633,0.046662664813205995,0.34219835482702954,-0.13290315671516975,-0.16202928005460157,0.0621331634875792,-0.38564130603118124,-0.9125057973118244,-0.0748910084835526,0.5971958242364346,0.44343937745823797,0.4586433061322486,-0.056524018756777684,-0.6662836852330396,0.5071272825947325,0.2598215108497956,0.13583408180460316
2025-01-10,-0.5766096429045833,-2.0072646849714184,-1.6034373493100056,-0.8959331444656111,0.39133882795494995,2.7287928308123717,-2.0126941324522645,-1.7719826505880838,-1.052722677760311,-1.4251971593637922,-1.3736240817186014,-1.7179552264536684,-1.9413619299581493,-1.075022290102197,-1.3152473123640942,2.3992342045317296,0.8941035738329064,-0.8987822915458695,-1.8584763278195144
2025-01-13,0.13097363622390876,0.46136684479830353,0.16533464879274604,0.2743323888536384,-0.3706125908354356,0.5142325649645683,-0.3689975410648687,0.17342807553437936,-0.6051519772343208,-0.585555025659318,-0.629650014959329,-0.26900112922816505,-0.10233165313642448,-0.4400724460833148,0.6380559630655878,1.0457072075014244,-0.9549993449242633,-0.010811666273036613,0.17373761944223037
2025-01-14,-0.0008797817567499946,0.22281133894420338,0.8744961126950049,-0.29269867077488576,-0.43460655254992603,-0.002818689052849244,0.9098522157553168,0.253376114722652,0.18622374618781423,0.692161299643612,0.6461849828234284,0.2828880096170397,0.47019290731628127,0.416984214438557,1.4371160558298102,-0.5339227047298625,0.49702368924522433,0.9078697786902283,0.15872592357439885
2025-01-15,2.008433971566723,-0.3792305345715479,1.4381303187376346,1.7072070373173316,-1.2101716974024166,1.3095775897918371,1.7046465141830767,2.0484646896866416,1.3561932981164904,1.31295620619179,1.0876367433017426,2.736655160680537,2.964282893958729,2.5541432179766783,1.036515150761902,1.7435737759467695,0.7075191255248069,0.7696557627495922,2.1064036986408383
2025-01-16,0.4670272577081174,1.368415484460708,0.1427013363114379,-0.5620290999705877,-0.5035116507371459,-0.44519536866617987,0.5650273374717707,-0.12645662939110622,0.23410533567947162,-0.08098025178622613,0.030681442736767005,0.7067095756544796,0.33655869718002995,0.4923592040404907,-0.4492700699059787,-1.1177612516387987,0.6615263648145865,0.4255013567455898,-0.2622473485229832
2025-01-17,0.2748199570896958,1.0509971032612213,0.29040166589726024,0.8436211989365255,0.3775956054381746,-0.5932346651373144,0.7649583607510336,0.9863274376448434,1.3210268025774041,-0.0479223778822686,0.5358293759593173,0.2753039881026615,0.22461813622615134,0.23165174808769395,0.572223386441554,-0.4316837832946565,-0.5005303147314777,0.2847877643784315,1.1197543379914252
2025-01-21,1.0628331297312155,0.8828233909531811,1.3420113611752738,0.3369171584076913,-1.6374935580120478,-0.3197409143314164,2.284789373543839,1.034839392257854,0.8612942318698281,0.8369546136335613,0.9307990122492906,0.9119063809694348,0.8191763885275277,1.2451680801443055,0.4595064715359268,-1.094226452854173,1.4672081783926851,2.856944590818374,0.9887674805961039
2025-01-22,-0.5122085378686358,-0.6589896688571328,-0.5358510927235708,-0.5029548262418058,0.8851792718702616,-0.32180122754408974,-0.25174737910353556,0.44381467725306284,0.9545901295394403,-0.12449756174295919,1.2071948998574658,-0.5893613827688159,-0.6097596660777066,-0.6308428079238049,-0.5843080551605462,-0.5835858887567981,0.4635539727371109,-0.7167529116878615,0.5542723551694296
2025-01-23,-0.7689894276312143,0.7040165704771817,0.2697222767647783,0.27290815429701226,1.6159601628273101,-0.317839144040726,0.869058231102035,0.4808048766261275,-0.14252859430201795,0.03028978628974303,-0.0336125552719204,-0.5711130632865132,0.3372104951489014,-0.24719777802008572,-0.2201573414891415,-0.9646191193534942,-0.14916099475020883,0.4473570425999624,0.5275283123123888
2025-01-24,0.5772458638919529,0.9203467506833525,-0.2672685137776061,-0.6567265633442295,0.26864772364041034,-0.054450492156108594,0.6508950669807928,-0.4423083568769082,-1.1662929304461436,-0.19449685654259422,-0.4070881285305011,0.5872532737123449,0.2794666564703765,0.4435027473254467,0.24462498015010864,0.2102086334377174,0.5759376664432986,-0.7756140873539071,-0.4467821852346366
2025-01-27,1.3441173469865721,3.0,-0.7353481947732443,0.25246227987731823,-0.7321288987540723,-2.1907020168121414,-0.7399414160723709,-1.6229258058332587,-3.0,-0.9913236255565794,-1.1683957657160458,1.63499387938964,0.15598035472704858,1.4283371671620313,0.3969948116435231,-1.4213393560681948,-0.9917028536529151,-1.51129911266315,-1.683522504169644
2025-01-28,-0.020810089382517084,-2.1209331754682483,0.04331492905635765,-0.10355189036104054,0.04619540759046865,0.19411736205569455,0.17392834804007193,0.8571341106009315,0.9400062492718646,1.5274748848010806,1.6296689407407772,0.05721125518718473,-0.2451429337020938,-0.27341219460661303,-0.28939854764081147,0.608462237447311,0.825520232285561,-0.3615489157473927,0.8900760325017824
2025-01-29,-0.16112000376864996,0.3486619651158055,-0.20499309383868478,-0.41681172328562655,0.07050882466190825,0.21410332424331446,0.03103280394519122,-0.5560841898381497,-0.156758678673904,-0.8808422232720814,-1.0051648783957583,-0.26328890380768577,-0.34319233612805966,-0.25456952667764615,-0.10956364266137154,-0.9617535088556178,-0.3513017599615942,-0.6514975435235156,-0.5874394114831291
2025-01-30,0.4698959995370321,1.3276505243633694,0.6837102932180397,0.5392015887325923,-0.8469045828669115,-0.04726790175815084,1.5301877167108384,0.5798117176833528,1.081378404003561,0.046126445922751405,-0.5760519644530393,0.5496132314505324,0.536359631509427,0.45839766708968543,0.41311490234947834,-0.09874065223573666,1.4138492727307814,0.8834824145676341,0.5016218056755551
2025-01-31,-0.6847818259820937,-1.2443819565126517,-0.7147137641851602,-0.5556419698362542,0.9758401467109237,-0.2449584629631976,-1.2752981967516643,-0.739650465698217,-0.3085060027925154,-0.22910103684055913,-0.043153152910838356,-0.40381966580106277,-0.8559084654191667,-0.6825768694925639,-0.19214334240993014,0.1306092991889129,0.14585348255062178,-0.1359609613721822,-0.741346151501137
2025-02-03,0.984221936105504,0.5332092779163798,-0.8905796422044001,-1.2272265871691064,0.7663309469069157,1.0691542387528135,-1.2450177410787808,-0.9325059637757898,-0.9257658553555751,-0.3837218303547883,-0.36721563878421887,0.2016604104587832,-0.5655888039731374,0.34519743724071644,-0.9834304840560771,-0.23049207670939897,0.46043872074808373,-0.35111773431421434,-0.8932245338218727
2025-02-04,0.4132270634634735,-1.0809311754955064,0.999597802628875,0.7468263507797877,-0.6630879515067555,0.4146928187988989,1.6249689879935758,0.7323005308974659,0.5357372765848452,0.6363344943399236,1.0104786654006774,0.6417194710359452,1.0285061737328114,0.4385975624111038,0.7775791407107755,-0.31440617121502856,0.8737938017385893,-0.16724189620913482,0.6997634814236873
2025-02-05,1.9582721901757787,0.848943341415879,0.9988671497643172,-1.0642311771355788,-1.089905655392392,-1.0703994647623072,0.8145920492235763,0.5189839939218035,1.113416864126439,0.4560121498788701,0.33758753909660155,1.4798984428728208,0.8348205413682388,1.4814124221577354,0.753394299626001,-1.2391688418332691,0.5082792082308607,0.31647153260937316,0.45842904743307406
2025-02-06,-0.047325273423146755,0.6148847381456862,-0.24950970095208527,0.20758842643860778,-0.9960881397233521,0.15360463013511153,0.589238342776132,0.2609268591299379,0.25779932259043153,-0.4348191597100116,0.11279133720090123,-0.34202746335875317,-0.6322108383220845,-0.41770085646977817,0.7788463825638713,-0.572650818192836,-0.37541516946125875,-1.0056859054921141,0.3961174810041401
2025-02-07,-0.7540518622032849,-0.19058250128353313,-0.9518127860234092,-1.667525308031098,0.6116732016266319,0.02927221887404356,-0.9072686435888865,-1.13158930209206,-0.6088145764323338,-0.5862600108902399,-0.4507483659706243,-0.9020951150524184,-1.1886403544723947,-0.9632479454767608,-0.9312550109330076,0.31485363279745904,0.07353644697812498,-0.13063364428709517,-1.181434043504341
2025-02-10,-0.3328342364206527,0.8634983850874102,0.4853370451376858,0.23256035061900895,0.030651057233175797,1.8239261872220078,1.0509540544128941,0.7662986992800747,0.8939945515426485,0.6800002567209754,1.1449987286283316,-0.06446527279216896,0.6559978445974268,0.09487360910434953,-0.7927623778773648,1.2812304568448176,1.6539651441214556,1.0098086529797157,0.8243407629852775
2025-02-11,-0.7889958683641864,1.309928642696682,-0.46057510275251473,-1.0024083352644853,1.3054425986782703,0.8015190927182235,0.17125357989139706,-0.10029067349528831,0.03964039751636445,-1.0116581512247893,-0.7240857156145938,-0.7472805864851088,-0.23436848597968205,-0.5280681512170694,1.1844044442782282,0.6433797302407648,-0.6031679015992594,-0.7920624719769471,0.055557224378068835
2025-02-12,-1.6712229617461907,-0.11468838009306595,-0.7706939672022827,-0.05748727171987935,0.35151571219544464,-1.4711298683535152,0.29175305570064713,-0.43733392011933575,-0.27715307911331344,-0.14734786295923985,-0.24997047097410033,-1.872747726590478,-0.8625812722186872,-1.270031955496332,-1.5968782806473711,-1.7463561699215853,-0.10911894227395126,-0.9631163431119827,-0.4389568986773632
2025-02-13,2.0351161564939897,1.4255399674801092,1.0531832449520828,1.1763919066786508,-1.1397845401404112,0.22467605493769696,1.3933595659493496,1.2220199106277911,0.6274194597164386,0.9366917013859349,1.0785383101610546,1.9459119072786906,1.5184008276380458,1.7732121287265545,0.33105404982717307,-0.023111576451499704,0.8468405737848581,-0.6605739046787353,1.2538631075463942
2025-02-14,0.6385264823623835,-1.3859190711232268,-0.06242028670595658,-0.1323880302308074,-0.7666948963033875,0.11426425314342538,0.13107629453215786,-0.10930784336923913,0.0718257668265878,-0.6734071403952039,-0.011318017204797786,1.0531629630645514,0.28045348042431584,0.8615821733923049,0.23857361753371717,-0.6062988688088128,-1.8241063095728653,-0.5762138349387813,-0.10310370919070233
2025-02-18,-1.3855825650408187,0.45816318251237415,0.5072648868427846,-0.313411676308204,0.7525554442496452,1.6235320158060245,0.6942983159830559,0.2652877354351976,0.6379581384479545,0.07721434342225672,0.6187763708332612,-1.3906887830768395,-0.4272040973286258,-0.9386469310748763,0.626839502310968,0.9674114484175824,1.5875307456981451,0.5716411425459823,0.2824600705560373
2025-02-19,0.17931948675066756,1.0374982145784195,-0.299103709811152,-0.12533404975890072,-0.2852777566700165,0.9922743923619987,-1.0505930192480426,0.09602859039379262,0.15594049084426917,-0.9752455560029069,-1.2623411436937528,0.4088002413155415,0.1663227262136823,0.12259505905246994,-0.25384137068365786,0.3575738596255034,-0.1400574393563781,-0.5731477875009969,0.2108742326193639
2025-02-20,0.4639068828516255,-0.5790748499295597,-0.845930149261147,-0.7969622780947132,-0.054050511943463615,0.20895675385388723,0.7054750068320681,-0.7472637945735643,0.023385906318437528,-1.0209321403102025,-1.27155093778162,0.5034932849541374,0.11537742454205109,0.5284957170527479,-1.2174551594499412,0.18327924632486756,-0.13498594750624424,-0.582409706221499,-0.614587967283902
2025-02-21,1.4132243827138902,1.525087487332554,-2.4547570990883334,-2.1576568629506703,-2.2749325056901943,-1.9861525174346462,-1.02101898499919,-2.2515455172955954,-1.4798583567632304,-1.9745794015660432,-2.2185760044674354,1.444692289676179,-0.7734523827903863,0.759879642928111,-1.6896092073051565,-2.1403715808822423,-0.27674108767264327,-2.013847895995881,-2.1426124142183793
2025-02-24,0.3270473711668812,0.3773113347539056,-0.5145857322751406,-0.3122552194374266,0.2659546508267173,-0.49179570987639065,-0.7836568157633745,-0.6134423744583644,-1.2551139327302436,-0.8976350719038335,-0.7587619998745713,0.4831336054373734,0.34533081863342047,0.539610632080368,-0.40073774075637064,0.5271241978024757,0.4402062914275432,-0.3954440061633958,-0.5771770165836574
2025-02-25,2.1247785672671946,1.8305875538986265,-0.17916389305709124,-0.4143808958864687,-2.258623424030554,-1.7338471785866485,0.6628964023032389,-0.5762608912883087,-0.9945328676331391,-1.0940385555363639,-0.986214627521594,2.0048151053556844,0.8092744126984786,1.7794911129479096,0.17323730188063025,-1.7053760118491204,-1.8047811439506078,0.13026170761413394,-0.6109705944981485
2025-02-26,0.7077545413107261,-2.422157012020835,0.2752113043554123,-0.3112488297170306,-1.337053143384282,-1.0550195519163486,0.2911230451272064,0.0716439204209385,1.0672275594888703,0.34068098908497224,0.978580035431777,0.6480684534411917,0.3811444642600522,0.45003774292511944,0.29652321649657765,-0.30282701351228575,-0.025239344840311113,0.8189562122943643,0.07231635525376312
2025-02-27,-0.8559901599208846,-0.014585320933684113,-1.2153835128665407,-1.1339106497140274,-0.3078517878191927,-0.11601401977181795,-1.8738691544358772,-1.773698004094493,-2.685559421134664,-1.214608475690036,-1.6285588370783894,-0.3475913182733526,-0.7737887531134733,-1.0092463152345301,0.20986802848519828,1.2539597910800087,-1.9507060695743614,0.0011574557615814433,-1.8758337882418121
2025-02-28,1.5041840377168159,1.632058115257754,1.1372349022279735,1.3678416134734466,1.467262138113815,-1.0499199121457177,-0.42688784007004116,1.8105373367348747,0.7753573002097197,0.32067345004783615,0.8281577897385365,1.377631238832496,0.9067815077505412,1.0380718199157697,1.0095012427212584,-0.1172519842387157,-0.8720132283779868,1.3146156939603377,1.8401167444001012
2025-03-03,0.5710862954802268,0.6250738903334611,-2.179955621656247,-1.3998720386432761,-0.4816485048423223,-1.0641063347979578,0.4027603879702762,-1.928946603854083,-1.7439268713135605,-1.4964129406732143,-1.1086249685248908,0.8732637714657001,-0.8362284531598462,0.733940329230446,-0.9052290237253645,-1.7211712983755292,1.3522181783357137,-1.4754622789571596,-1.9302701544617622
2025-03-04,-1.4756501685272645,-2.0387292991121164,-0.7733569684823088,-1.2961122673632395,-0.3881585232462345,0.1706508131951825,0.016214448225811078,-1.2805190636384334,0.4827023014973323,0.13929792677823363,-0.02541006981668127,-0.8755820133522009,-0.1280472005034907,-0.7991416398899571,-2.2166855477700995,-0.02082819848302221,0.8129715433792063,-1.0307417778449333,-1.2473177340040154
2025-03-05,-0.92235659040673,0.4761587288050178,1.0531865246724068,1.2620055401442978,0.10941600110610444,-0.4324816186965087,3.0,1.3215044129557354,0.8485491221585848,1.2626484531767763,1.2888217574894927,-1.4464335881977453,0.11093071602070814,-0.7526279203114015,-0.24622032437958816,-1.7364191308632497,0.04911089137895165,1.9904720658876873,1.2555484355707287
2025-03-06,-0.34299944751431516,0.20331781091844964,-1.1107240600938664,-1.8055114905977176,0.3042417934535956,-0.3749036012079793,-1.0623531145340688,-1.8579703291498937,-1.6926027701164288,-1.9165456628696418,-2.2586914723173663,-0.15620787620324922,-1.4013794397622006,-0.7186398104862107,-0.9342178593302729,-0.275668549724118,-0.7876652837769963,-1.5320058637572609,-1.8173489157742009
2025-03-07,-0.32129003009433466,0.36116165075877,0.48191089886600813,0.008128994822722177,0.5137937550723244,0.8906126102052715,0.9658026047618367,0.6025011566710535,1.0595316788289122,0.20035474133481027,0.1543290649140443,-0.32787580632881,0.5329382547300877,-0.3331051046791444,0.06244090835382037,0.8773159830181995,-0.13671529024648538,0.18261531075558765,0.6866713901874943
2025-03-10,1.2894832390954127,-0.2901244593410713,-1.8694898696980178,-2.450390186860079,-1.1449212209660173,-0.8773205610795606,-2.6679220586402943,-2.5839804512592703,-1.8229731782495202,-2.4945477273451893,-2.8823634838315395,1.713710207488247,-1.3698354988761188,0.8294172254826666,-2.3526055804703243,-1.1251895481580159,-1.1742069091389635,-1.2985944463048242,-2.57861430009278
2025-03-11,-0.8268295664480021,-1.7060398820380231,0.20970087615530103,-0.523325413165496,-0.02260282485412077,0.6131348258323728,-0.14307931878291708,-0.5584957727514257,0.0023465690859264306,0.4413026441781876,0.7496846107641513,-0.9339471666853166,-1.245705891383141,-1.4894872387573064,-0.17715820791504422,0.5233379585773565,1.20416334664844,0.2802432403633879,-0.7126340229840187
2025-03-12,-0.6977985451886347,-2.3997432177908014,0.36760071776174164,0.6498663601656252,0.9570057522003219,0.04178569427690225,0.7619865626378809,0.6370065795670422,1.2530659205122754,0.8973699769805703,1.3602492048260093,-0.7785772842170315,0.37786255267114743,-0.6546783927977196,0.8949543780155043,1.2905590451079056,0.35907039945151,0.4140176076454545,0.6664095057655881
2025-03-13,1.0589318500784732,-0.47094716088468874,-1.0161908822568628,-1.598675482247351,-0.8152146186266038,-0.47167047022944997,-0.7727039430633431,-1.2301288287967433,-0.12474587196473302,-1.3126738193161427,-1.7671226106275382,0.9371313515370888,-1.8960802469714377,0.7469492105503059,-0.5458593841257483,-1.0781331581138671,1.8641106093905058,-0.13415351498650427,-1.1914431195434778
2025-03-14,-0.6800894266924947,0.29387099092925845,2.1099058089707388,1.729457200134676,0.23990104282939803,0.33883127532094093,1.946303784610637,2.147540122835954,1.3427241026891064,2.480486418634959,2.2594205437313297,-0.9534993567073564,1.4961492813432327,-0.12814025158432552,1.9325730126812912,0.6477420052539238,-0.19442472098363064,1.3465229434030304,2.0915905409742748
2025-03-17,0.5846814855011897,1.6040073892994478,1.1659846512741208,0.3359635129499183,-0.3655095958462828,1.0169123058501615,1.3549191960342328,0.888777436863516,0.47988015465859807,1.109531052517804,0.8614699591441513,0.1344877573649464,0.7606593698906476,0.46627852942500897,0.5173227926033617,0.4117125184943421,0.3988444070637491,0.9934126204579411,0.8368790507038278
2025-03-18,0.09510942813934718,-1.2159697377957317,-0.5300888833096079,-1.0347748491489548,-0.15472100523248156,-0.42026320452708005,-0.2681884419623737,-0.8950733736487886,-0.5719381109312806,-0.4825601352089567,-0.6906691815264956,0.20930892738158424,-0.6440728352867885,0.5429982150902284,-0.07596548557068848,-0.45683802557231845,1.1086532572237136,-0.4201449813672234,-0.9225248907158284
2025-03-19,0.5858109188114583,-0.0073915175727439,1.441037905660037,1.6399317041138692,0.45154914715181294,0.675072600951504,0.1315097685415699,1.1848885945529268,0.38857120861371275,1.284638917374739,0.9902376110480973,0.6637005081398897,2.2242401934852114,1.391513105545943,0.8775713364831721,0.19809342221182152,0.17443079274774848,1.5730337876769775,1.1431208490097733
2025-03-20,-0.01587034998060863,-0.5554730251013054,-0.4594897935402439,-0.0016936374345878974,0.5279251504256702,0.04604826835973259,-1.1088296518455716,-0.18346087999812122,-0.04578894616643933,-0.8045310056411661,-0.1568340402226276,0.2275033669481192,-0.651555519866039,-0.5072449676937589,-0.42604113014185246,1.1891823391245806,-0.49710530303557143,-0.7841730255125305,-0.24187844736614092
2025-03-21,-0.8429967599721335,-0.046412628057402386,-0.42587262767359113,0.4534069782159627,-0.07746661887084387,-0.9512536167546749,-0.7418794479827903,0.11404850526959641,-0.37623062512406336,0.18532836782999393,0.4405503952390457,-0.36528684178664594,-0.6741873871518604,-0.4633130515790262,0.017759139548650587,0.03673289086780226,-1.300370020630916,-0.21820185581719717,0.10372537295490032
2025-03-24,-1.3980885850829066,0.6626432076770719,2.1575086533974743,2.7902524428728612,0.9277576686092391,0.38313017312813086,0.03754064451359952,1.8657112681778616,1.1191182989073571,2.0245683608782863,1.49454429168881,-1.655839026851217,0.943574700115706,-1.2144997647460865,1.8411991234460225,0.9502423299884757,-0.8523002557263881,1.9653094769607322,1.8319298474131773
2025-03-25,-0.07867936749376202,-1.0012890514624864,-0.3745786598624865,0.7271291551139661,0.5534470348611608,-0.020334530070341077,0.24531719004309066,0.23392285309763522,-0.12599617576455172,0.43723994590265314,0.6488811531226244,0.30462963421122263,-0.31254070931873745,0.17316954759718653,-0.16869389929185663,-0.07857373287294854,0.248034755976224,0.5073413239195027,0.30559440238489105
2025-03-26,-0.8959664361177786,1.660353386500504,-0.7360082709797721,-0.787463988531008,0.7303766625824588,-0.23203623476559573,-1.351637770006554,-1.06190811518065,-1.287253924631254,-1.199943691914262,-1.2442755508471728,-0.7334814270980972,-1.5790734126478803,-1.109161603194824,-0.22844280768354358,0.4940971383209585,-0.3889638784131957,-1.402086469120202,-1.1062192295111466
2025-03-27,-0.44099320958649807,1.1741838119263845,-0.2972668115650277,0.18471536233479974,0.9036786298923756,0.2858769144796194,0.1287697329839362,-0.34198426550661787,-0.7040774363755666,-0.9287435181019769,-0.8901626388178293,-0.3565345007582586,-0.8030267844826573,-0.39347950315797275,-0.4897642149728958,0.021495179847039074,1.3414529605632401,-0.627934168485736,-0.19616827359042843
2025-03-28,1.6906238173830854,-0.5979911543157184,-1.576677044708769,-2.053749233816618,-2.1391883084651497,-0.6163675657083059,-1.4943122751764943,-1.8395532453600776,-0.9537288315902983,-1.479275153873791,-1.5099486338113162,1.9400509949821205,-0.7346407454121331,1.4594511336025178,-1.250708987252095,-0.6390290270356215,0.5746470252746824,-1.3343196326460236,-1.8951074996002464
2025-03-31,1.1456860183302695,1.5837549229434031,-0.2674256154237388,0.2920035410317833,1.0298436311995196,1.6216200660104836,-0.876058243248791,0.5722182525854704,-0.05486930740723195,-0.7071901761359534,-0.4487181222895103,0.5988599255738392,0.3497920666919052,0.3910409810709689,0.565897178837003,2.1819535687314886,1.4023340837718892,-0.4803297370598107,0.7228933690958473
2025-04-01,0.9726728470347872,0.06651620347547207,0.14274052299686674,0.8528258340729423,-2.3593388191200866,0.11088210605561448,0.2169883403909287,0.3921319346911698,0.2786421414134971,1.1031054154681652,0.9180735522655997,0.7296460140096144,0.7913009488214743,0.7939408210570317,-0.45350280560597334,-0.22116269734542324,-0.5781954727344663,0.5467371119925343,0.3335338321768889
2025-04-02,-0.205624511707616,-0.3974317576063801,1.4518836611384414,1.4650997463937534,0.31687936699812436,0.6989046923880302,0.184150111715052,0.8441849372974924,0.4078729848818868,0.9106054418800332,0.8292979909569497,-0.42034433955442874,0.6801078527860777,0.44904332060186986,0.986281895094917,0.5567094980982419,-0.09969169388343323,1.1308760281032177,0.6931547390786853
2025-04-03,0.43798841899028906,0.5035681000895093,-3.0,-3.0,-2.287857379260197,-3.0,-2.3013103728554234,-3.0,-3.0,-3.0,-2.6699192304539143,2.314328741526453,-3.0,-0.1769481181666353,-3.0,-3.0,-1.1001571194308732,-2.8963610639252897,-3.0
2025-04-04,1.197157967199676,-3.0,-2.6913659810112383,-2.410321603636019,-2.0512005376764755,-3.0,-3.0,-3.0,-2.5436524075800766,-2.60834768494022,-2.8722255980067475,0.4503119700203366,-3.0,-0.4590973027995055,-1.7983515367123852,-3.0,-2.9637606014918556,-3.0,-3.0
2025-04-07,-3.0,-1.0703657816477676,-0.37070306916077117,-0.510628155808419,1.4695304468584285,-1.3930667608454066,-2.125057707487549,-0.04958021341933143,0.9851424387092005,0.13350861581428844,0.12274545083975305,-2.9250661395504833,-2.1997415606809416,-3.0,0.1546028788107739,-1.3439570241218317,-2.542928634149681,0.5172896689270146,0.04812081451025008
2025-04-08,-2.149674661478284,-1.4135650041551564,-1.4813933032018165,-1.2005311860068126,2.12805028260969,-2.1560846795920567,-0.4574522345709509,-0.9408653124409514,-0.784072507998265,-1.1953719632100928,-0.5198470685659823,-1.3660052617522942,-1.1370686933725886,-2.6554951698635048,-0.33029072903130857,-1.894960352130985,0.4032241075365391,0.6611668716317078,-0.9530378694580163
2025-04-09,0.5472721085115757,3.0,3.0,3.0,0.5555323533328402,3.0,3.0,3.0,3.0,3.0,3.0,-0.9191545112158236,3.0,3.0,3.0,3.0,3.0,3.0,3.0
2025-04-10,-2.8420575791466445,-0.02223221495735486,-1.9789597546277047,-1.6182622080066678,-0.9592233854584066,-1.2558702064994942,-1.1744479394317648,-1.9741310813320074,-1.7953633482265328,-1.5515097356796206,-1.2415736123252012,-1.575774254359327,-2.925848882764361,-3.0,-2.4812592019647584,-1.407147523468785,2.0664172557216203,-0.7984077960922256,-2.086618589501786
2025-04-11,0.5393431811615613,0.9484862863462559,0.8948379966349655,0.5537423464092548,-0.5119144779956024,1.3466137801864235,1.7041936254681789,0.9206063414174638,0.7848496418737935,0.45227693082915715,0.39217308146594054,-1.416085768888716,0.6114981827626662,-0.03558104941683404,0.03466265975651158,1.0120600837787244,1.5089055624802903,0.9337810709654232,0.9530676827256261
2025-04-14,0.7063195433193513,1.285016497237937,0.740456271091867,0.24438868292714644,0.9360504062215627,-0.03370462851895158,0.6564884568684831,0.5341633946916018,0.123113583434865,0.27447672708315823,0.4157708595584562,1.7210129990175362,0.9529418015196505,1.0972406986100058,0.8858656024299152,0.30751590549819685,-0.8018391589197019,0.4232051264280987,0.540795589067226
2025-04-15,0.3312004390750937,-0.759766654136873,0.20960343170021137,-0.1914698374888847,-1.7141570972320928,-0.1050430322822283,0.30535673220866,-0.0030204361132512786,0.2673904879231727,0.28015781205572166,0.5567800159233502,0.5554697389052692,0.5367334347380948,0.9341207645218003,0.8620173805887267,0.03233230864336358,0.20793611100128268,-0.039957036712222706,-0.06368829175740756
2025-04-16,0.5498914820871086,-0.9183237666409177,-0.317420760830181,-0.9452167630485713,0.34139314852558894,1.0934512888727599,-0.34762458017117365,-0.9256763538751855,-1.0234372717322457,-0.6603744602882058,-0.849156242693126,0.8610901693466324,0.02214232096446144,0.7353785746205953,0.13630545782993853,1.041303823625025,2.6185388163237793,-0.1317225110812292,-0.9898205669990189
2025-04-17,-0.9356133820898923,1.5877687778758123,0.5769146478810703,0.42685035657379283,2.241047067255455,0.7296555192409274,0.6203609784955637,0.2157711805419843,-0.12425748051417572,0.14125560751728353,-0.05017667026231994,-0.7715414835111869,1.082990168101613,-0.27996530647435697,0.5173796768494131,1.3022158037913807,-0.6729972808708783,0.047138563669930605,0.1731184740270055
2025-04-21,-1.7736298410047977,-0.8176485749923611,-0.838768267704751,-1.0099168523467315,1.2265225571059015,-0.5871994718883451,-0.2441735568050093,-1.0402095658843598,-0.5199872896991253,-0.9962991405939102,-1.0743901391631299,-1.3250647709704373,-1.0226121937074417,-1.878155125175674,-0.43097789056738195,-0.4801505156512263,2.321389727515892,-0.9883865930697848,-1.0323983781169683
2025-04-22,0.5559199917571384,1.017189680577961,1.4449255380738866,1.5100372756265223,0.823910761364851,0.26725204751652937,1.1308027409576695,1.348149886570946,0.7039849713725151,1.3945282322438766,1.1366855550175625,0.05916387112214356,0.7341848617997088,0.4278258129940152,1.4714031724481174,0.6091391030205302,-1.4677863797641657,0.3162487807029188,1.347581430287786
2025-04-23,0.9805982443025957,-0.5011456089260742,0.868123690628664,1.0856234592880694,0.5461700390004464,-0.5511450841779597,0.24129974535001245,0.908898193829363,1.094050665719699,1.2968703106488662,1.2441854939947905,0.1535346091152851,0.9206956106229623,0.7852622647057637,1.051328945273893,-0.7981962432463016,-2.1973586507580363,1.0942677703699937,0.8174111968528137
2025-04-24,1.035569648384367,-0.7655064379337814,1.099302517475335,0.9604520876718936,-0.21371268916326217,0.7199105091406895,0.7471231121473326,1.085987141782183,1.454111923132109,1.5467484736209915,1.900928888442179,1.1154304118761835,1.5643967428620054,1.7266532954244478,0.7921125581297632,0.3836504923163998,0.9141198830015397,1.213560418723984,1.0646086006724587
2025-04-25,0.6987200529364302,-0.25514563279116836,0.1284031261438116,0.8578089079820714,-1.2576452214264073,0.24619581305076327,-0.0046884580017611125,0.35951068852241874,0.43759569916714375,0.6010063727714507,0.6632528652276919,0.7296590917304735,0.14699072301948077,0.8567878656498576,-0.28503369052311966,0.4749645145115807,-1.1157492822451631,0.4845687423368977,0.3994975480241718
2025-04-28,0.586543996822209,-0.2991585221990118,0.32634409453082264,0.11827665220600496,-1.1257107263927675,-0.34796937477109285,0.3186769043323827,0.13814781633403722,-0.12068562512854038,0.11790122760211276,0.0832224868042183,0.7638323558891003,0.0842776673785992,0.347657885802138,0.3485293893271886,-0.7656073506828316,0.8933235622698371,0.1760213630620537,0.07937255885610144
2025-04-29,0.769244639640341,0.6260266966732676,0.39642988807423735,0.39519086712939916,-0.22530661606185642,-0.9956263610031633,0.13598371789780095,0.3485199427611184,0.0031393960891575807,0.45271307369133423,0.5058963156679444,0.6231006445230394,0.4476192790332018,0.33168129936051016,0.4688523480147983,-1.1859371020753362,-1.0032270085653716,0.40499503971021295,0.3504250724887873
2025-04-30,-0.8475942230683391,0.534688896636779,-0.2073826708646995,-0.29364126996008316,0.8045512383234332,-1.2341200421981322,-0.1405931482870512,0.08157283910399864,0.17096400287962907,-0.30490073082795127,0.015116313826638908,0.19592604106810618,-0.9288936307378508,-0.8408022077016774,-0.39387349416876966,-1.440258098300668,-0.8028774794451755,-0.2264375765805188,0.06530886551831865
2025-05-01,-0.5317639155932198,-0.7614044124472933,0.4157290889918782,0.3317520628464118,0.7162993930668283,0.37401489121263626,-0.21458415170634626,0.35379198262939215,0.17745330948557883,0.45097768955623235,0.3956860327734972,-1.0966320255415012,0.22376877657708538,-0.6226949710388727,0.5582361477463728,0.8104254725942178,-1.7686571326632199,0.5986823078423047,0.38196476101440996
2025-05-02,-1.0726235483690876,0.38663289853723715,1.201110874159261,0.7355413737738021,0.813903800337192,0.4906606462359381,1.2401789377353463,0.7912983118139085,0.9220724071779982,0.8551399027501488,0.9563015783675509,-1.55982311979772,0.5307979562129622,-0.41618146139563444,1.2265135920990051,-0.23943752166714521,-0.026785172904707083,0.9922622130317029,0.7378989009056555
2025-05-05,-0.5346809421892472,-0.11730038813056257,-0.27490436189662576,-0.36220243809204256,0.7846962946164117,-0.5091915448946891,0.16250223021712537,-0.21948607457607286,-0.13689676028723205,-0.21530794222709435,-0.015159586920365809,-0.4737754280894908,-0.07178074061924757,-0.24287330401431995,-0.05678355543262021,-1.0224857413061232,2.0286826302973626,-0.13774569799149985,-0.2257750823524105
2025-05-06,0.3456236243702667,-0.18698378486473,-0.4337035141357065,-0.2908177449694092,0.4061443916190699,1.2790279520787278,-0.18011682174827784,-0.3374045184270069,-0.21700174832175578,-0.14360785136864584,-0.496142021087314,0.46028972712178035,-0.1455492940044576,0.31601285850526734,-0.34201560578555523,1.679531384483584,1.806656278823226,-0.33167786667539323,-0.35027351905838244
2025-05-07,0.42412950748526335,0.08936942183083926,0.26407216258685645,0.4083855215162128,-0.8987128415713348,-0.7530781368416382,-0.4262855837966233,0.2513792237128933,0.6138958976744718,0.6367472370146682,0.34188919101432624,0.47090441894435925,0.14667431508974546,0.3260291035265661,0.1183797968077385,-0.6122460547532996,-1.2633434421828176,-0.07122805844223312,0.24477911834164062
2025-05-08,-1.1086014373835076,-0.12688962417897404,1.0072597925593587,0.5615209249684388,0.75034402592294,1.043139268810884,-0.21997391094285515,0.42185874340865426,0.2818234820125941,1.2768046606568477,0.6245953197576491,-1.7676675959651513,-0.053785352225481906,-0.876943318888855,1.077398032774391,1.5470452879735643,-1.5527243719457482,0.8552022092607318,0.3699208125096106
2025-05-09,0.13285926914472693,-0.49165997352187063,-0.014354984600710061,0.2613853827161162,0.5551146746326031,0.871417594998311,0.29184157573276404,-0.008910135569080596,0.21382911770406046,0.034582794113083334,-0.2460925398580383,0.043858285712463294,0.09376099485388012,-0.0971649755867173,-0.13600329038985645,0.7587594372808051,0.34430460703177995,-0.39639137262174456,-0.020355691247127213
2025-05-12,-0.9358041395574599,0.11529234346709341,1.7278645089383489,2.06936693578939,0.22105849671142086,0.5962866498632156,0.5618078209180161,1.5944160104318894,1.7139806334933123,1.4950179747618926,1.1428914134180859,-1.470872474580087,1.669572983369806,-0.04283775990390466,1.895106818121376,0.7222280017902571,-2.0424555621477505,0.6507121209061487,1.552135114169201
2025-05-13,-0.37838780761507823,-1.1037120701674672,0.22496749615979253,0.5630017059124459,1.610705935886151,1.1493893617754019,0.0673299366667533,0.338095412276717,0.921249447238903,0.5576456979784992,0.6892815795216529,-0.21659720347364517,0.2680127176232807,0.1464525591422252,0.2232211904465685,1.3097040832295255,0.15145037312552767,0.6456736660368456,0.3220925219626793
2025-05-14,-0.6593082050022542,-0.4298762058689937,-0.3593513545965077,0.17531696070110717,1.612660927549914,-0.42663169674753004,-0.09804521561865866,0.05253994879332133,0.26391884802473986,-0.08521072605135736,0.028179236612078017,-0.8912607291597635,-0.6495065069813295,-0.8815806896846171,-0.14359341848587365,-0.46121540050684856,-1.5319953902673504,0.08085618099399887,0.07693918304872667
2025-05-15,0.9298040977476658,1.638702419242243,0.36463610059374746,-0.07198335788317842,-1.5321078087552809,-0.7265006277441699,0.43234326644386417,0.21067955984078385,-0.09352700230053623,-0.19613153284770385,-0.1441972588245653,1.3621572086001874,0.29375592709327697,1.216339655597047,0.07855905776562964,-0.6248046394381378,0.965095638462442,0.7507369983612712,0.24179191242590117
2025-05-16,0.298346327035002,0.8875367272886854,0.4328515493124794,0.39311199876444247,0.34972215528511125,-0.26887061448732485,0.01556702933097865,0.3307680257060719,-0.07535685831103396,0.5926043990101182,0.24703257530454498,0.001993821101873544,0.16257089736789151,0.30673095887833873,0.01856182319938499,0.405463673240318,-0.9113054039885641,0.43183724954996816,0.3006159319487872
2025-05-19,-0.2562929037617826,0.21944614059108802,-0.18105643612963512,-0.10659477858597802,0.8567766182277602,-0.15684970392990497,0.35316008750094346,0.03211061078173508,-0.05590126398700821,-0.39801607842440745,-0.11824880265059928,-0.16387868443255385,-0.12097246453677185,0.010186352790377487,-0.1559095500597805,0.31776660031807763,0.7465476537676234,-0.31018277334348315,0.044533756155246663
2025-05-20,-0.6889520864490617,0.2668567257261371,0.04032870393426405,-0.223588031411734,-0.5829448450053788,1.2595176636708791,0.11539995528446709,-0.16085957544941845,-0.07396202950050886,0.12023803536065561,-0.13556731764655794,-0.3176569215938323,-0.11602522205565582,-0.4112854468530729,-0.1794457231400742,0.1563943694282217,1.1046590524545634,-0.10231547232251766,-0.16353029340488376
2025-05-21,-1.6743865388296386,-0.91813618272781,-1.3015935225953041,-0.8304827110069026,0.4162792329580452,-0.06205595620488814,-0.36413421638418036,-0.8126753874243012,-0.4767672856035062,-1.0510802097818754,-0.9359964452521298,-1.5319125673629876,-1.1338718217550345,-1.8371071144146358,-1.3991530074567915,-0.6237177341514882,0.3403200737033436,-1.023571469746305,-0.7777398506617004
2025-05-22,0.6799457811874025,-0.3437097608350597,0.032653057935174555,0.17206831097434488,0.02119770433417295,-0.45469248742621937,-0.17136901922819675,-0.004366403794554197,-0.08702980916558659,0.5282020516431191,0.16031633790091648,0.8592099443351818,0.33770111794833596,0.9193026508983412,0.03467705628843853,-0.2325017044334935,-0.7279860200698015,-0.07034960251875444,0.020305362664002926
2025-05-23,0.2876756320515867,0.2960930834931866,-0.12491912392734038,-0.37743361941485515,-0.6029979629607859,0.5802565283064841,0.12447212623831018,-0.27948766282323945,-0.42734280814152836,-0.4030931503382634,-0.3333759533132691,0.6475401311668572,-0.053029770641315074,0.16718532515149961,-0.13981120871697292,0.6162738017987573,1.2705649783879414,0.1728289315986268,-0.32203065451821894
2025-05-27,1.5777508770488964,0.7473584375008895,1.2132583855168195,1.1870078089990055,-0.8271952197668905,-0.5913692635035779,0.5185136236919731,0.9565215133444258,0.8447061363771824,0.7394905682228684,0.6343644230998228,0.9411673102546951,1.0024849385104697,1.5389649553882672,0.9868177557064223,-0.38647340619857085,-1.2768912340303158,1.4294276946793354,0.95336479890454
2025-05-28,-0.3302856564725576,-0.5451442932204724,-0.5040474878054205,-0.3986257263116187,0.24105981714353636,-0.3391772635201751,-0.6288765148399227,-0.29445064318113967,-0.3575133301610414,-0.37211010880929646,-0.3208638985634842,-0.5883057886386461,-0.12942609085446052,-0.36561420125099153,-0.6215551469895482,0.44389088700678275,-0.29921819671842703,-0.1500755220790943,-0.2872965244434472
2025-05-29,1.0653758616251086,0.3244365330873074,0.1313309984521632,-0.018422773059396998,-1.0144655227462074,-0.3316377835041461,0.18447095551123777,0.12244415770089531,0.14550942600624658,-0.2571953294915679,-0.3229023624328759,0.935642476274016,0.22614611909090288,0.7700957453778896,0.3554463496051755,-0.40073309449689215,0.24240863760890022,-0.37915248818856456,0.15364921737164625
2025-05-30,0.23097192444067394,0.7119868035557416,-0.24360449019830638,-0.24584063109768256,1.3498153155519448,-0.5890949583131285,-0.2245993390875981,-0.05930034582222615,-0.5391387047695824,-0.03333707820419183,0.4237440136486105,0.6448516350279325,0.11891343723912956,0.48521792066952185,-0.2873413137168658,0.007812708712469042,-0.5690441531443133,-0.18800269669566813,-0.07353786023037502
2025-06-02,-0.9009565954313918,0.03215148849442209,0.13672339368766945,0.05636559949262246,-0.5084713697804657,1.7222591757930803,0.5817975500277318,0.20452644543535217,0.35776304565388883,-0.008726700776171327,0.026302444050817796,-0.7802458529524072,-0.06914617997258646,-0.47245620067847444,-0.3034714838191832,1.5582834253248832,1.5427546409698392,0.05342061445613845,0.22500696535472992
2025-06-03,-0.10750324278177675,-0.09294794890156925,0.7507753514244758,0.17543176415355966,0.3000128227032218,0.6098636172585937,-0.38099086385219716,0.28823992848122815,0.5805245385488969,0.7197416448057086,0.29944562301344935,-0.23290444386872627,0.27963595575445654,0.07415144428532276,0.6296739689907045,0.22399545016845865,-0.7259975170773022,0.3528048400603073,0.22820106698133785
2025-06-04,1.7552289390113964,-0.5890965657335612,-0.17968751164192145,-0.18252877104989193,-1.1823188036719412,-0.342205813531513,0.3287908526421384,-0.06828808079153806,0.25157496311474437,0.32010891860677554,-0.194877128660308,1.63326448724083,0.2639315768853068,1.1935657754849085,-0.5471106358123816,-0.33950309428250336,0.2395376520713896,0.07408510718351762,-0.07411557298525774
2025-06-05,0.12628457292282796,-0.8187905757205561,-0.0218765926395391,-1.1201987277793666,-0.6177110615915674,0.4178997371771146,-0.01534091350979361,-0.3321515407076679,-0.14611342371105093,-0.37602573615362817,-0.16882690315815282,-0.6874417086287765,-0.4231929313625117,-0.5360868635607796,-0.06473157084727224,0.3761528995673595,-0.48261067486215403,-0.3509828593364899,-0.29476531563914915
2025-06-06,-1.2491897067072943,0.22685417983388,0.7279744567112748,0.4818297672082039,0.7477353657580817,0.5953251572624223,0.07633738029943445,0.4938784779159836,0.08317882247183861,0.6102261331772018,0.39101907420792326,-1.75263269382827,-0.07803878516939955,-1.0199089602185332,0.9929700654398127,0.9082650172649118,-0.994231083702686,0.7208776336483501,0.4214523912912242
2025-06-09,0.1885038275315942,-0.1701928343743884,0.2628022473252079,0.25231964152050523,-0.25501922175864244,0.08622280779870922,0.04743682310200008,-0.042692289178950425,0.3952284449559098,-0.09074426333598778,-0.07916560811156141,0.4080955643443252,0.01180520987301355,0.482026591381352,0.15147432829838336,0.39521673833800375,0.17978514449207103,0.3694697061731493,-0.036514712837033975
2025-06-10,0.595954035221201,0.13718985337183529,0.20716552913919264,0.42860191795599106,-0.5534253217196774,-0.21807149109560034,0.1509003892736169,0.18896692811529203,0.49496828822438727,-0.22899070699565746,-0.20813371237307418,0.36600677487750155,0.3427191789380256,0.3790717112591428,0.4021270230615804,-0.2782813935967803,-0.10516006805266787,-1.0139443348216566,0.2050506098769888
2025-06-11,0.3793325814570587,-0.32765573184910984,-0.245933972893377,-0.4107352250295957,-0.1847498670234429,1.3232473267630314,-0.021150016244368092,-0.19114684670990592,-0.10349867174561427,-0.27580935345480406,-0.1366334936952225,0.8915185136078729,-0.10411554281677685,0.49792349529002083,-0.5956797928631026,1.8798105614294893,0.2245898401103766,0.20246747387243622,-0.19718812112963577
2025-06-12,1.2726888961528189,0.46558536811077983,-0.244044343672802,-0.2854918325636975,-1.1520651605060435,0.0779634401023105,0.2832623950067881,0.08522344743811917,0.05009357417417316,-0.43698930105930067,0.3689797225531236,0.916636667109433,0.12541096202801638,0.8824624051942357,-0.27789722459420246,0.09162007993013822,0.674878496288253,-0.19634150050363222,0.12035779039038777
2025-06-13,-0.9160183106540514,-1.0995651548836705,-0.91872090365072,-0.4596191080128415,1.0505040226053453,2.1580297386803724,-0.9541231877738533,-0.6331386363666629,-0.7608082751176766,-1.0349715651907687,-0.40249476210389046,-0.8204347262359839,-0.5644632072522144,-0.9898542138526845,-1.109372923126732,2.668073089294951,0.7061481720170436,-0.2877823848467694,-0.5936961830579633
2025-06-16,-0.9359845554450912,0.2333283460157472,0.5437557935021985,0.38777755446995427,0.8489519271834236,-0.010295003624630327,0.354695626754883,0.42082414042200805,0.635897648569554,0.835954336819531,0.3259397266880288,-0.6205725192560121,0.29739155709427023,-0.29182273061368696,0.184261117032171,-0.8633609273193391,-1.0255270766620326,-0.4062131744395399,0.3950454180010317
2025-06-17,1.2769862525278448,-0.7734466991124045,-0.5473949927116472,-0.7931891512522153,0.1741393232403615,1.47193556460519,-0.8872402110423903,-0.4636725658426864,-0.2886649550578564,-0.4144453331712879,-0.39451958561605655,1.0404395468312746,-0.2491550652012465,0.5505043291039591,-0.5108019948676322,1.7456589416088029,-0.09577264078300661,0.07257327332086352,-0.46797609188647776
2025-06-18,0.21146249634014422,-0.13257712073039382,0.24603330672334942,-0.012073699946331241,-0.6499548182295891,0.2593183321006278,0.0023199673321394145,-0.02314261302815296,0.03194801513793231,-0.1862896588493761,-0.30412369491473207,0.09856306375189021,0.21314428725039156,0.09365455061021934,0.5630767639100885,-0.0879649163822903,-0.470831854294944,-0.4020543061634995,-0.04963884152621444
2025-06-20,-0.14761867899483022,0.5920766334281345,-0.12240107405634534,0.02387643039886004,1.0845454884128218,0.14626595088244726,-0.5879167644579437,-0.1520578361980394,-0.3361537416810883,-0.38813543835317316,-0.4563568863596294,0.10248201866104314,0.48490844477757883,0.10937769953299102,0.31982581542682814,0.31984815726372107,-0.14905491115060968,0.3695729648217628,-0.15216525703575295
2025-06-23,0.35060939258659907,0.9749292567775435,0.5698808019750211,0.8091657001469537,-1.2666706199704454,-2.4843429912114883,0.4224134512695267,0.41794328531737246,0.08932071145977431,0.33401012379417144,0.4054887952476374,0.7057175361290181,0.2500844901773026,0.36710394355574644,0.9347310562082545,-2.9196472433294995,0.0688447235119371,0.4591048824181667,0.4227021333786376
2025-06-24,0.7381131616705718,-0.1013829446419985,0.5795528520936242,0.18584067752094147,-0.7155747992408554,-1.7434094732775958,0.8999669028643056,0.5060687302863421,0.9553798110056351,0.8896959811861784,0.5438258590042546,0.6848963722916357,0.3884491174613211,0.7136059920309894,0.36519352605375716,-1.563219249178361,-1.0917705675339053,-0.21678338742308453,0.467625736234102
2025-06-25,0.1561367313988131,-1.1874727051760412,-0.6388373126055628,-0.5887827376803055,0.18628360856791226,-0.13171074735003907,-0.28173374968363957,-0.1430007573514776,0.2538886955780253,-0.5651031203752109,-0.25149233632263546,0.04717004007100886,-0.13834875393233328,-0.24110681051757576,-0.23703693249858884,0.14660459695046646,0.1023309421229678,-0.014670191506076052,-0.057274462422899866
2025-06-26,0.554915394463464,-0.06595192037275613,0.7288654291323807,0.32950050438484846,-0.20447529896476732,0.30951114156784854,0.5249990283299584,0.3400572121427604,0.06491106497432787,0.6697789647542406,0.2187496309885218,0.7472763881127779,0.3994550707668503,0.5619308989310919,0.9032210395898846,0.15124463742513108,-0.1451926606304953,1.0598488576101917,0.2966458713413414
2025-06-27,-0.5990192076876172,0.4284765371150551,-0.05989082880108491,0.6511371656354767,1.0143679978139124,-0.32893681683818804,0.14236864188606008,0.1364898580794592,-0.01973702675605989,-0.23078938226658083,-0.5035431068243561,-0.6104959116453499,-0.17833089551952475,-0.30694003717442114,-0.07395002375303225,-0.13411730220323578,-1.199778924265266,0.4384227768690011,0.15538741678823365
2025-06-30,1.0544774388527711,0.4580193113325733,0.007219428105016591,-0.31565176069749745,-0.5683760099624003,0.10763539136258088,0.045472948163304265,0.16534000708183286,-0.09821762638481052,0.61926903357253,0.5425792315189604,0.841236633353894,0.5734544244024758,0.8672296969267739,-0.08455579603798798,-0.060333285341584976,0.6860739638476574,0.04831763963497363,0.1475413730015123
2025-07-01,0.30196548493969155,1.0843962345719391,0.4257400593292507,0.08486128827973294,-0.23198249892094533,0.4056203007541409,-0.13244228211002235,-0.1360186386208884,-0.5405832323309582,-0.24424571733100625,-0.693700701049038,-0.4295962062271456,-0.3632643920313577,0.1541701099030938,1.5155693205771774,0.3942112036030649,0.47795237243552935,-1.4350598834888766,-0.14976678048136247
2025-07-02,-0.5826870583313362,0.20194198207009278,0.6014332227044524,0.22994664928577763,0.20169249089526173,1.2128747534482713,-0.012073758477861322,0.09035695809638213,0.39471506926661987,0.3235376234298718,0.009331525103947474,-0.4683189116049694,0.16672353000130063,-0.0781604803146207,0.6852984528018757,0.7971980908691393,0.23923885212427776,-0.17525684831053187,0.051274804976383107
2025-07-03,-0.7445411430767533,-0.16648051847817086,0.3186533553261736,0.09047663446269788,0.2895708175926756,-0.09224049194692802,-0.1291544532413631,0.25670365528450073,0.028455116619671376,0.7029918807278238,0.8279681178622466,-0.8722140004968518,-0.10866261418940494,-0.5378801969509553,0.35837196567285634,-0.3088289234903243,-0.5774769312684718,0.3358796086924955,0.2318424190503951
2025-07-07,-1.0826766287785798,-0.23511412285321726,-1.1280786737671478,-0.8215414696349667,0.8243718032862066,-0.31396919581239235,-1.358075127579137,-0.6945814718828491,-0.7227311832989612,-0.6857905243315751,-0.5160704395986743,-0.8111004190385713,-0.9130821036679377,-1.257560745357739,-0.7492631248111628,0.5554529728913432,-0.07904182674754696,-0.1367828576805268,-0.649042895325058
2025-07-08,-0.11145487466439913,-1.197517580403005,0.3201215863330049,-0.3611342431456974,0.10672226163056513,0.1320801844030867,0.47376375970455625,-0.20499806548484648,0.39537743152357147,0.06367290458460818,-0.02544204134395287,-0.3999713742779997,-0.5637994251226233,-0.6606887637663669,0.3378009234174772,0.1649607942513318,-0.788701452857555,-0.9401229634743054,-0.23426753369384642
2025-07-09,1.2780139877442795,-0.8440993404227042,0.6130573954527754,0.23627094232921272,-0.9131092108303918,-0.17488698482146442,0.19653303186207405,0.32401603704149134,0.022845803789304665,-0.01992809621168643,-0.09114185974171048,1.2350219916678746,0.5761127618275346,1.1437417017400635,-0.31995054210961765,-0.14838215209122907,0.251959380043622,0.33887763901674933,0.3022137892372949
2025-07-10,0.05747301193216534,0.4047687815107817,0.14586898825394307,0.6072534348552586,-0.12818471734723474,-0.5079389656164699,-0.1680542777847089,-0.016864270595177977,0.06893874610604996,-1.3928475931327031,-1.702801511070582,-0.2363400664949802,-0.6600596903262619,-0.1287104411096761,0.17665886917932172,-0.977816320558818,0.11730676002323857,-0.4767207586925287,0.007582595591965103
2025-07-11,-1.6975794038326533,-0.4669711986675512,-1.4090018390565973,-0.1737418443816961,1.2437127694981,1.1934692028840026,-1.3501295083413472,-0.6982618589507583,-0.34453039514878675,-2.1460151453130543,-1.3001564208475884,-1.2667954404480068,-0.7173464187527935,-1.5046228420823522,-0.9815939066987034,0.973461121416815,0.6169480682366819,0.5605524511280633,-0.6211661100638273
2025-07-14,-0.23491428073269235,0.09711550057395954,0.30439130637829037,0.06288800785563364,0.1939525441117482,-0.8620516790921582,-0.17594011837073142,-0.04044335869836642,-0.7419390545638965,0.46304666020109453,0.7706294748414018,-0.14432513198159494,-0.028004183719036787,-0.16670744940675705,0.4935979485322157,-1.0321930282957965,-0.30321983418598497,1.2036995457240067,-0.07177411108397218
2025-07-15,-0.8178414684267382,-1.3103802267198295,-1.8496991595925285,-1.2921384734163968,0.19227689181826257,-0.2808912740530013,-1.0509384408247273,-0.878840245468173,0.7239479881244463,-0.6530812046092972,-0.3158867116656941,-1.0329483477412487,-1.2714912995038365,-0.9021972220875393,-2.441230294421354,-0.2924955408362885,-0.30855694339498757,-0.9278561154511151,-0.7805391182780803
2025-07-16,0.20752029518200182,0.5064626292109285,0.582597722185637,-0.08314764561767478,0.7063388986680362,0.15840294977678362,0.33435406995016387,0.08875680481265488,-0.717718339515408,0.4765568941819298,0.24767418920574544,0.7108342893258213,0.6524183601712851,0.2787442957832035,0.3472159251703818,-0.10927058327498355,0.3503562326695373,0.6664435734544956,0.04430893120524217
2025-07-17,-0.036013758541046714,1.285882974509695,0.8094404821801126,-0.0019417629067409652,0.5653051207960896,0.5672867563345615,0.20700392541963342,0.351235850287022,0.05481819529115641,0.7674816109127588,0.6679295075823907,-0.1297235104392155,0.0551795766435133,0.44431165385561067,1.046205684433932,0.474494649282946,-0.14035526991201638,1.6809936091879758,0.31531051190633763
2025-07-18,0.20353861385332817,-0.3669678897729268,-0.8683196378401822,0.47017507479320636,-0.6808145560905419,0.20417472884503007,-0.6828268131769452,-0.437439440060326,-0.7212343591561233,-0.32268008691514205,-0.5065691023310914,0.6874411843674211,0.20648326638194198,0.31050526490094205,-0.1180059015807812,-0.20881808261140097,0.2061378370577838,-0.7101158677008343,-0.46471705993194296
2025-07-21,1.1754485402481905,-0.011404747209262186,-0.5812101957096322,0.16226085627809506,-0.892676030228937,-0.37505477512025376,0.6527578300090812,-0.20476057384862922,-0.36059755753899486,-0.40975103123931317,-0.1984834956624474,0.868101570557555,0.23247150357116395,0.8087083157069596,-0.4050580537580072,-0.28472146610834714,1.1646080572165716,-1.7209125457179164,-0.11045409810597764
2025-07-22,0.8174920958985041,1.2738167640202267,0.517820660632308,0.6320737099692605,-1.1115820345517657,-0.14726018709157596,0.38542674387404224,-0.1668922656776065,-1.5108594028025542,0.3065912179207288,-0.5211406886632344,0.7159135978980141,0.45129531676180734,0.5009574932068812,0.12273611993724286,-0.22081915790496504,0.7117466012231666,-1.6342948373796764,-0.30370105225402105
2025-07-23,-0.6953648022411378,0.009051860942115237,1.099968155492262,0.2012298977895684,-0.43769100473793726,-0.28401512817807956,2.417320261773201,0.7777976177686589,-0.05326924670881823,0.4401713474322172,0.4935687588836768,-0.9843035610182773,-0.04819101023540615,-0.48744597331978884,-0.1948758754960332,-0.11562553250302159,-1.019521557508317,1.6946589730777963,0.8106027574050093
2025-07-24,-0.1716527093056412,-0.5523938838282382,-1.3944061466867563,-1.5577629096279897,1.8475170636439546,-0.21777208943518517,-1.296951105473706,-0.3652183955915056,-0.07774889996389264,-0.7242522654201115,-0.0309009787786486,-0.39685951812150844,-0.733963404310652,-0.4481082624121582,-1.3919699990439454,0.3779822491059073,-0.4994757800126338,-0.9173790891680728,-0.28071956235348905
2025-07-25,0.9146557080983001,0.2217354051923329,0.11630285726618539,0.5961588859224003,-1.3448518045197186,-1.0249452955676936,-0.5008326790421324,0.2657283914007427,-0.4245213579868082,-0.19573021829060522,0.24333429435835496,0.6454412298582259,0.02758686088095106,0.7621623155927342,-0.41539809487284923,-0.8323202587290174,-0.75032286746918,-0.008417545645115626,0.24400502628396586
2025-07-28,-0.8124105517475878,-1.465129086480383,-0.31167199847063,0.2884958017708129,0.09292084824109155,0.9233011724582394,-2.1002528025946723,-0.35160454086609855,0.5379490911587256,-0.13363738661190636,-0.09820417883908039,-0.576748621214214,-0.4788241747374471,-0.6108451526435633,-0.21682647683404252,1.2383346605655368,-0.5304835980137957,-0.43316795179545625,-0.3528338071821402
2025-07-29,2.208190137496651,0.926758277066826,-0.7420422925814251,-0.7587688956351145,-1.4470100436576927,1.1071546042742924,-0.31669702880905437,-0.7047474034400664,-0.024974581059543605,-0.8325688188323607,-0.13472645224420307,1.7397924435329268,-0.00033328106795448465,1.5821238429007742,-0.46771964843497166,1.345047763872764,0.1791998867044683,-1.1961393059261012,-0.6499889822420489
2025-07-30,-0.6768689929253218,-1.2571487811734292,-0.6039616218199746,-0.6847977972243361,-0.24992836457305195,-0.342141140920149,-1.2813780106508321,-0.4170842574543392,0.42739357993448507,-0.6502673883376805,-0.45272382994771054,-0.9881480798145451,-1.1206395879264517,-1.0804823040505998,-0.9689549640048025,0.5040689745579278,-1.408894480914042,-0.017292865404777605,-0.4399566049317076
2025-07-31,0.0640081249164785,-1.1825990608937362,-1.013948608871233,-0.8268087095692285,-1.316235689230675,-1.0587665265425663,-1.372312797918177,-0.8506430412162329,-1.9774423653794968,-1.4406412621819558,-1.0868035431359149,0.18262006723970242,0.029532976384976,-0.05612528223700949,-0.898750033326022,-0.9935865477545578,0.5728267883289002,-1.1296862665909024,-0.7885194611916005
2025-08-01,1.7955276703975265,0.6863470120432016,-1.8905175025713956,-2.1031278402633813,-2.2129474895129455,-1.5894626246587407,-0.6460511814283396,-2.3840213997732547,-1.3959548034215328,-2.254861859850454,-2.641810026914994,2.8620285750529617,-0.21926629263027367,2.050355081941926,-1.448321384723627,-1.3456430984590795,1.77582129068669,-1.1584086061804106,-2.419864862154493
2025-08-04,0.3203776118674526,0.6905897961817383,1.7185280572442547,0.8214456118832582,0.7343297618610322,-0.3800910817910367,1.6535812177159903,1.7204337840875321,1.120125543592924,1.6666943686701676,1.7510974418185172,0.2696127461822638,1.162345209501308,0.2805943480007408,0.8354007111493827,-0.9268039259459012,0.5021162902855584,0.7157960747485963,1.70299647057701
2025-08-05,0.3387685009111542,-0.13271716939252476,0.2925534486545531,-0.017681879711786277,-0.7072376321765289,-0.8711543972867456,0.19487043907081292,-0.7884402363844802,-0.9718585390769043,-0.9735905411716114,-0.5003926729019403,-0.30768518975307685,-0.4623643380179131,0.007440044072758126,0.15242046342690885,-0.7601856466143867,0.034800999430936584,0.172540106436082,-0.8912998677030667
2025-08-06,-0.801195333722108,1.9154107888616818,-0.25552818762985524,1.5285732540071257,0.4544373155156188,-0.25972030872757745,0.7726914131618322,0.6034795766214172,-0.3835746530616939,0.6462326546437963,0.8503391417201466,-0.3010542754668403,0.16262110883146438,-0.24580834249373076,-0.6064861708212468,-0.8276047740086159,-0.21398359592310667,-0.7749669721280527,0.7291549949938935
2025-08-07,-0.2907613705753393,0.9780129850761151,-0.39538675031835846,-0.11537888633801147,0.6754508980498,0.20104338212857473,0.8864523237035831,-0.2908287949514069,0.8959998324982941,-1.473644857195735,-1.9408832767830286,-0.3351962443587209,-0.6911286730699201,-0.4258265896141398,-0.6443535783835289,-0.29997870688606737,0.7182268574825703,-0.8577858824033648,-0.34012795119789335
2025-08-08,-0.6372009547262244,0.31562080102039325,0.10746577841510789,0.09465867407452104,2.0493801381737904,-0.15602106035837884,0.2976056685471498,0.7218496996820959,0.40019232867897886,-1.0160698327694124,-0.05175045875171663,-0.7542347731818958,-0.13427579232796244,-0.9532120797568824,0.8540552088964677,-0.1254845206891602,-0.09677546838851163,-0.6041565740494351,0.9529358477679397
2025-08-11,0.0706218180116423,-0.22290501358422515,-0.1282140356077361,0.17618095506131987,-0.29449573905792426,0.3661795700330786,-0.6554123751283472,-0.5346293438766223,-0.2562540755194191,-0.552187912418984,-1.1390692494457586,-0.06098556729537631,-0.23222800901907872,0.2097063868170355,-0.21361909014366062,0.24789095508892817,-1.4791489824718742,-0.016321463257349112,-0.5039637387800545
2025-08-12,-0.7260190565119187,0.3360480560973283,2.471612240639102,0.90350157860738,-0.6536484623173728,-0.41647488227688384,1.4530453026966856,1.547439311353125,1.4745712556642872,1.046047165906263,0.946105335208373,-0.1785130043788653,0.8930766728738555,0.07461455734445768,2.4131757313895923,-0.6000292520366654,-0.15107117776898654,1.185271720563302,1.3526565719529653
2025-08-13,1.0363725223095086,-0.03832126463397826,1.5287992589859352,1.1793385111995458,-0.47587322029724194,-0.26708617304312,0.7501121234405259,0.4899269392895846,0.03707838331403405,1.7441078340531837,-0.08625211742114132,0.8646488946736067,1.056628900691451,1.1866089254063967,1.1346186193560557,-0.3677682076370227,0.2168922898021019,-0.01120721267996501,0.2943225296167641
2025-08-14,-1.0307488441422221,-1.3695949208768219,-1.235721476796234,-0.19978460335990939,0.4401182131549137,0.3441775164618628,-0.838466049185441,-0.41630090737447895,-0.10474256717326433,-0.5868045704512534,-1.0726398295347686,-1.0198639499708255,-1.4993053442879596,-1.039347584350013,-0.12561086915979508,0.7426096184120239,-0.6943526865973205,-1.1549776708530008,-0.19669821524132108
2025-08-15,-0.9929772854861202,0.23913751357357166,-0.5416127289994875,-0.3220882821338758,0.3403837359180099,-0.3322799475491102,0.4812929515198016,-0.5334434658044258,-1.7702226529599705,0.28484034569781846,0.5895254992103275,-0.6687626131562071,0.1320174379652268,-0.4910671395223202,-1.1533101991533061,-0.6379212283855504,0.03412664391764463,-0.6125565797799579,-0.5607968090337074
2025-08-18,-0.4877221522319346,-0.2395545007021374,0.14687270336751618,0.24469261303703746,0.020344065160790566,0.13616234013730705,0.010183436417674304,-0.20711817995213183,0.04190525780858407,0.752384911510079,0.15103840564707272,-0.420874595625759,-0.7258598666684105,-0.726706077145705,0.2708317409418736,0.16164539064629369,-0.17371161682547723,0.19825836935447086,-0.30630264649951744
2025-08-19,0.7104748968446042,1.5136546239398474,-0.8578655567732333,-0.18015149893607044,-1.26506945467331,-0.7312787783860655,-0.5875704574488083,-1.1732317515340906,-1.721210008660183,-1.2573209045454163,-2.4471989836224584,0.5835067255801986,-0.43372412628037904,0.22798025260931512,-0.2443119120838862,-0.6122271083440894,-0.5894454163927993,-2.0400440277026655,-1.1051309217607619
2025-08-20,0.21128298347911775,0.8010440182406505,-0.4862020415349751,-1.0814763047382343,-0.290407537895978,1.000636495319013,-0.0027950390543984736,-0.6633592815203784,-0.7368186056764389,-0.3299305711177642,-0.2878486430113174,0.2870337186424023,-0.500933945030644,-0.07804761217315896,0.1245554351254326,0.7009417848219058,1.1001253580225174,-0.13244026923144794,-0.6892808102606024
2025-08-21,-0.7480858428298095,-1.405759120862602,0.09077122271109576,-0.687147971982718,1.9228489787826994,0.7301531293793457,-0.7224722905863157,-0.7794705769278124,-0.6106455869055928,-0.013514058761158571,-0.3671021321989093,-0.9539206528009788,-1.3422593345028517,-1.2622564663628943,-0.38874958545511434,0.2950288151343346,-0.40797299190593045,0.402216624564323,-0.9062888549383298
2025-08-22,0.9658906832218513,-0.04253577462408081,3.0,2.781172828110911,0.5465255095483604,0.16823513337170132,2.164869523053927,2.479103806350186,1.3890329974778575,2.2728825257408607,1.256734383323673,1.4533343495914643,3.0,2.0224620488010303,3.0,0.23188885604512205,1.1353401208570468,1.000440258158574,2.2768548842058665
2025-08-25,-0.45647925747927465,-2.497610563768524,-1.0731054511440472,-0.32886866536565385,0.126106499699215,0.3856717508102828,-1.5623887842053505,-0.9951088746360297,-0.17047407999913683,-0.8917215289183571,-0.7419274647709595,-0.6856699465169904,-1.2509725764235315,-0.9057974334254373,-0.5086040214021432,0.5787619225799532,-0.2966527495318522,-0.16936242805773546,-0.9698486352808884
2025-08-26,-0.12501828941026824,-0.9173987082408167,0.5039457639377141,0.29160887030243743,0.7263888594151484,-0.7823032315515186,-0.2621440379287124,0.4593827149402759,0.46610598670287234,-0.10190381982457847,-0.15571706563333146,0.6428464680342227,0.8645185091995454,0.054173548259296586,0.6001006294832562,-1.1027899976623146,0.7473743272739055,1.5016254432117024,0.4300963962712321
2025-08-27,-0.22994172467761212,0.48296641323953016,0.397678796564283,-0.12761627582664709,0.05479902288368761,0.029851980992373198,-0.5777751410652349,0.17189157261749097,-0.029884667801184612,1.0962986748824874,0.7215467310491939,0.4082515436212175,0.35197640258890406,-0.06467801725693284,0.3493794221797545,0.3276792328360372,0.22979422606590558,-0.5209597540548919,0.12543694277880546
2025-08-28,0.8622366909080346,-0.8697642243208992,-0.08306445039297894,0.022493106913545367,-1.3795958350544038,0.6785233295945015,0.41775984842967157,0.33386267864727837,0.07660844560553819,0.6441324357464999,1.3619197552847115,0.5123531943133374,-0.010004965056328443,0.26774613717843554,-0.4011149008669852,0.2788817811947306,0.8442014745793798,0.08702500015242304,0.3412048793454006
2025-08-29,-1.0856521521032694,0.9729404859831018,-0.5639775501620835,-1.1128685456803715,1.3502620259650469,0.09936652588473328,-0.7986721362607405,-1.1511994432882806,-2.3807006908923576,-0.0687245392561375,-0.8964644100784901,-0.36871956188486166,-1.1554345354669715,-1.1822078493472827,-0.1906732951909204,-0.31564351510386296,1.0982579988336867,-1.3006887873266657,-1.2049726691796954
2025-09-02,-1.10358260446957,-0.23620120801498493,-0.6355350389034269,-0.9162541124667588,-0.4587297378104373,1.5783722960961202,-1.136409093480638,-1.299654446170489,-1.1623653211646976,-0.7808530971110543,-0.7534213930575523,-1.0162295444947362,-0.7850713349516527,-1.09626029487268,-0.6184957477742163,1.093453873593623,2.560033242453899,-0.06290449883825845,-1.4227459228015218
2025-09-03,1.565529594839874,-0.09769602220107067,-0.2361013442122786,0.25870593992616897,-0.76015458729991,-1.0557530515143543,0.1803444693990556,0.4702412270822943,-0.177488949069234,-0.2852784592974186,0.018640098395361283,0.9071143894970096,1.113115695298157,1.5690663062006864,-0.053624803975924104,-1.1924332563675064,0.7541275848251222,-1.2024946093993905,0.6846787511898565
2025-09-04,1.0410059528549276,0.10110109331607095,0.9177816875368502,1.6539893060821158,-0.5096701396481597,-0.7369164041040563,0.4592660191940906,1.1681694586217959,0.7500467192541358,-0.2588504002101336,-0.4332102616678243,1.2055054302320425,1.0798941803117494,1.766605369213331,0.854146746818859,-0.42876742570057674,-0.6303112969862408,-0.02788991307182058,1.1357876237367563
2025-09-05,2.0682788082036625,0.4324495536766221,0.27188063459373885,-0.1686366462089922,-1.3105279285183051,-0.9594536148996108,0.8100023717636109,-0.49322542786664725,0.7550651272013864,1.2882342468049588,1.0868664913934691,1.2950053207602468,-0.013584742806432426,1.621718008213401,-0.8405993676758967,-0.9667956510621238,1.3539554323029794,0.42676119554600345,-0.6754297061071315
2025-09-08,1.7262508294486723,-0.5457378093495868,0.00744624814323688,0.223543690908231,-1.2023748396911786,0.7855467826743661,1.2073295757923383,0.2834653368300335,0.6798848074449065,0.878273335017343,1.511117806198465,0.7550979238477439,-0.2633833868680661,0.7723822271455,-0.07933849101082682,0.2724159262776548,1.1126165304336328,0.40097240939593565,0.1834835194905316
2025-09-09,-0.885343872735442,0.31531946819207224,-0.6701277739857139,-0.31611532759975447,-0.09232822325663981,0.2222155514887158,-0.3149605968310905,-0.012900974419068364,0.1683429127972692,0.3581356671937315,0.36087889669005696,-0.9091611832477232,-0.7977872350044295,-0.6906476285733545,-0.853916545970602,0.2310598698754696,-0.3879265164851774,-1.1526059464671263,0.16460320718268082
2025-09-10,0.6934344850206658,-1.471408439106405,-0.3490180766474246,-1.3758301658690428,0.09860452692964738,0.8710711787564838,0.08356350765484034,0.15624733881491987,0.5861199120687728,-1.046061328954569,1.3184707204849555,0.6381461789954777,0.09767479502166392,0.6362160704631034,-0.10942739885335422,0.9715404356309177,0.2958266732668372,1.1015007469670697,0.22918140441721574
2025-09-11,0.8046038476407796,1.2181205718374946,1.4154784003459926,1.74547424704395,1.1992315133835239,-0.8835845845694416,1.4541411672728997,1.258839352866398,0.6326963929252318,1.1521544337066403,0.05514829206296347,0.2585575661264978,0.9758000339167477,1.0934716292810522,0.13293712925152104,-1.116190360563298,-0.3188967286028085,0.7685095963320762,1.158297701316469
2025-09-12,-0.7645266867581673,-0.5221496035974263,-1.0937942893494954,0.30518135359911297,0.4346258245686699,0.6831574582054885,-0.7085656143943804,-0.5280524980985125,-0.10684535360472582,-0.5939245884546009,-0.6663104089417868,-1.1120177235940563,-0.7901806172449054,-0.7521104048488693,-0.44192303420125617,0.32311340882237255,0.08521866314272378,0.04452388419431692,-0.34854306832623916
2025-09-15,0.21549977515304072,-1.6841785371864053,0.17162350682020236,0.645477915661297,-0.08310606140999807,1.2654179870136932,0.9267206598387132,0.5170786287487936,0.539745699793049,0.46926214817591466,0.827571439499853,0.32902341897324455,1.1411327904868698,0.6597382764622255,-0.8685037495438953,0.7552182254443147,1.041105692075942,0.7078746975982022,0.623491710666699
2025-09-16,0.17242533407952781,0.6940086245131103,-0.343810027465284,0.37982812913393915,0.11351608874393414,1.1418008439411467,-0.13603630825740531,-0.5269189947765972,-0.22098303405364852,0.43541577703354933,-0.18486614498797788,-0.0003132708795127139,-0.6430827166902114,-0.49315676367106964,-0.8934272770845088,1.1065597418228899,0.05343614345543644,0.20265087498873366,-0.5492635224968688
2025-09-17,-0.4999637144407547,0.9464935811383876,0.038586733761019947,-0.47451201541236887,0.6924413367550315,-1.1658970176636132,-0.34285540323090674,-0.42631632016943216,-0.7312495553571872,0.5792375863346503,0.3070616452756082,-0.8576977488105139,-0.7443261563957291,-0.728324497045585,0.7293704820705156,-0.5757908071294814,-1.054034772204741,-0.8206405155339742,-0.5009256119737132
2025-09-18,-1.5812427140404048,-1.2543811395936388,1.938655760455099,-0.6629786788891457,0.8379246276156795,-0.9657265134061036,-0.08223701449380323,0.8261086501460717,2.8817930639535563,1.0995359202108848,1.6298522327843334,-1.1802941088966992,0.9021815096725786,-0.7785658632247807,1.7384977276533504,-0.28850229725028864,-0.666558374493719,1.521685098709939,0.5798749481012945
2025-09-19,-0.34938119833883136,-0.2867570080513558,-0.8626956265272908,0.17500801990035914,0.13194487002547448,-1.2633447532656166,-0.7464404006587216,0.3716222678794788,-0.5136599995331503,-0.25619798298287777,1.2908511788826984,-0.2579963392292942,-0.05315660210473122,-0.41910369983143847,-1.0277646428409244,-1.0708377691722983,1.0566743529617555,-0.2765342508459491,0.6155953341005609
2025-09-22,-0.5743313220312615,-1.636161445437885,0.3131546983742835,-0.5484990790353041,-0.9106199225481058,-0.13792910336871028,0.5031874867122216,0.4868823573972372,1.4243387908198235,1.058025737833915,0.3363893861852419,-0.6283016837625169,0.1566743959931714,-0.8070886312467298,-0.9808278539100175,-0.06969492774257856,1.7672767897519885,0.43426121925842714,0.5895677410731726
2025-09-23,0.9334961291181331,0.8053222050097473,-0.38624089343710727,-1.165036071159864,-0.44881164965022985,1.4192251294131633,-0.40037664662165273,-1.1691361260289064,-0.31444224814405736,-0.9460517059673121,-1.182479931141638,0.7681716193347724,-0.6086957400852065,0.3993072867629792,-0.19170351091766916,1.4168134338994594,0.2079553551345657,0.7886798589619197,-1.2215956202803462
2025-09-24,-0.6124991138873206,0.3866543089022829,-0.9682841253246744,0.5745695124919288,1.0673989635537267,0.8588830832829691,-1.0875470927902708,-0.8454616580128611,-0.33937859894510486,-0.5633778020598098,-1.0000431359369102,-0.95717433069805,-0.9019188777156155,-1.3051179725706876,-0.24609523272159536,1.1209620369470354,-1.3366491185157905,-1.5742581992572844,-0.7876765269397276
2025-09-25,-0.04541634990127712,-1.3611551452265864,-0.9685975520106671,-1.6246894724418328,-0.5632192251060032,0.9479048859840026,-1.0456406491130876,-1.1119527935647864,-0.22213078348136417,-1.337229642660094,-1.1196047876481563,-0.7900631356476288,-1.6448596913426974,-0.6374383446658077,-0.11011164833287616,0.4665492982425491,0.2699883952786864,-0.33375760473032395,-1.0242228679719745
2025-09-26,-0.19294240146370145,0.4940256428591883,0.6065745845589772,1.373887516589254,-0.19510183579690824,0.05485020263083277,0.4210246573625561,0.873410716884838,0.003579480948149276,0.5113701504367704,0.7590265373407695,-0.2676148002549049,0.8623839220201392,0.27131472959127395,0.307453442632684,-0.0022336977622409455,0.4642729722089586,1.5988755860896813,0.8182520195363431
2025-09-29,1.1233972727942767,0.40692257650702207,-0.02473880694149612,0.2996512843694565,-1.1452552371719875,-1.1919373125561064,0.6889513456019583,0.25408011696480803,0.0313719856609082,0.4550182841157683,0.7458810278511284,0.8096918311004971,0.719212628344928,0.8186319193924563,-0.7524253146540851,-2.045930324098874,1.691448678334423,0.0920378336435068,0.31673447518129694
2025-09-30,-0.553855963692807,0.6111471306663937,-0.02755281212899139,-0.659935964216753,0.5645661574823756,-0.5591761086073549,0.5091811546445408,0.3561599265489383,0.7285680337477934,-1.154820602563109,-0.8377636332873843,-0.2880856674387107,-0.40622665670183417,-0.4737680328591375,-0.3518226681756616,-0.7034285566256172,0.7228519670126473,1.429829328262199,0.4639702733828942
2025-10-01,0.26551445563490933,-0.15910778375346224,0.0489876408407099,0.4710149525484233,0.02765044529828904,-0.23268476486753442,0.9228844579126392,0.38117147027736664,1.598681128980148,-0.3523464639328564,-0.011581951880785899,0.9242092939627375,0.7640594848180763,0.9906416396006884,-0.4080880768635088,-0.49214770484468146,-0.13181486517218358,0.40608548394093347,0.3857365578870113
2025-10-02,0.3401904495867434,-0.5481813589112169,0.4234848713685396,-0.9187638445161292,-0.6117115030823979,-1.162344813426739,0.1123295419904538,0.04050149935893084,0.8672252061027931,0.8517920373112817,0.4582704633638136,0.18747923343663386,-0.4140129902089382,0.2969768549376558,-0.1897907569081704,-1.3360558652796224,-0.7265420462568378,0.4296467932170543,-0.013711913214552977
2025-10-03,-0.3928129090501631,0.26226284619413665,0.5182121805443386,-0.8086296774439431,0.46727662707751766,0.511290536487697,0.9853411390238712,-0.11495968587854428,-0.5910161663224713,0.017103626158515944,-0.8162214707748475,-0.802801500443139,-0.8149484633627714,-0.5701023295275576,0.7505512252767813,0.2012063202361668,0.6511021636195242,0.7856675191369058,-0.22059105557078096
2025-10-06,-1.3737950858583727,-1.0525977215073934,0.18910523096366724,0.7484168903889972,0.31710216008446523,1.4901650377942122,0.11306491083831022,0.4339050319316072,1.340135714135316,0.8309621370515062,0.5424623371654839,-1.1393325072540972,-0.09156626367222429,-1.2144379377128152,0.7295534440487794,1.1245062791602993,1.8866444350363716,2.1463230841487335,0.425213618136532
2025-10-07,0.7659035181842966,1.491964788426799,-1.1075694244922731,-1.8810128392119803,0.9515605572738779,0.38872803664491523,-1.4530483493559747,-1.062503528980916,-1.663081128371168,-1.372920842580342,-1.1313721519231066,0.6610096336343889,-0.8131633716558321,0.3702081158941705,-0.5629563474176863,0.33222322085143147,0.26330391752569093,-0.6768070696281512,-0.9059082302084527
2025-10-08,-0.03690257407070183,-0.722273610715158,0.7718752716054488,0.16800189561440193,0.7582984622865672,0.2696191820825339,0.39661129449496807,0.9294909805750793,1.8284726103583517,0.9686051032490034,1.0095366749754429,-0.1332353481506145,-1.0500227349221238,-0.6304559678334978,-0.5535103623499437,0.32046296337068103,1.536699728142464,1.1984870035594004,0.8486940044690691
2025-10-09,-0.28112774674416424,0.5549864425110215,-0.7623798208878843,-0.6415534298630158,-0.5890170270054377,-1.2914040386443857,-1.577408012805093,-0.8396813310164908,-0.4253148839112273,0.14789025411812232,-0.10554985712678383,-0.43423295281869406,-1.7334387786122933,-0.8348296410652081,-0.4107849937277555,-0.8902011961942491,-2.3605671568265776,-1.6802038922289662,-0.7676579861804087
2025-10-10,2.26910907233272,0.20088099279803015,-2.702579476590327,-2.7217299836186952,-1.7095892499015999,-2.7644515044415643,-3.0,-3.0,-3.0,-2.6556179562857047,-2.8297002985176296,1.8604150526270449,-3.0,0.6598455995133559,-3.0,-2.6197522896302816,0.774099228328988,-2.458166662146303,-3.0
2025-10-13,-0.2694085773014887,-0.44787112617794556,2.1898978788524066,2.0026103338645225,-0.18262456520043605,1.5720225611963676,1.9511316197394952,2.152133194575164,2.5941843208029054,1.710238859325934,1.9490162669947317,-0.031576915733421106,2.802202389836775,0.8422659169140247,1.6381036889710796,0.8750016743269367,2.205127280792488,1.661034309597519,2.12694436100047
2025-10-14,0.3200618082560606,2.4507293666458665,1.0212523730471952,0.11220355456606546,-0.4634547643055917,-1.3795582801588961,-0.11718050877672317,-0.18554638150524175,-1.2828426124722272,0.3798891692892646,-0.8375417748089177,0.6665685136305539,0.3935971902967051,0.8158428260302256,2.1663000459798654,-1.0431985205330243,0.4101601119925529,0.5938228303035302,-0.3190241391459681
2025-10-15,-0.4918442900138831,0.325595575714299,0.6459743056100297,0.06577879488742666,0.15740245920726004,0.4210174233431583,1.0533220248190434,0.5318381276508188,1.332576593534508,0.012530947667956678,-0.2677848328233397,-0.5592975834194794,1.3570707335462955,-0.20832256341883082,-1.5536502024876533,0.07399546346801844,1.465152758781629,-1.6242564389230671,0.5073131993863401
2025-10-16,0.9727313852840023,-0.9795461827928482,-1.8323434001255097,-0.9539319679870305,-0.48593272083300715,-0.17102055667512217,0.5210702990860666,-1.2480386776845458,0.07999616712071923,-1.5991955307290464,-0.39783273503909006,1.3383250682119496,-1.7314007394866298,0.6638429827911506,-3.0,-0.9534830862334893,2.017472340211514,-1.521409240089955,-1.1165926950655594
2025-10-17,-0.4231028341953818,1.9875841064718898,-0.6808141013308407,0.7314000993835322,-0.08006062878672483,0.022226110194801186,-0.2335190813344757,0.5490028582699791,-0.2716249772025913,-0.3340303332035421,-0.10669252333025891,-0.7760731447991478,1.037883729266122,-0.8410838750371076,1.011409426689913,0.26279590584479084,-2.2763056360437974,-1.1152627139547193,0.7114064594191831
2025-10-20,0.41445163529316975,-0.09318680865521538,1.4322641377384409,0.6706796921241822,-0.29537050277644983,1.2587014302990998,1.247774627896779,1.432756994209647,0.583353506565345,1.2786602160996763,0.9155655920153202,0.23250470122010228,0.7425417444690351,0.7216958759551626,1.4947420066363855,-0.04330966103609246,2.9903844603984413,1.9954871076535834,1.371556609034743
2025-10-21,0.5573201542417691,-0.6700696593054636,-0.5213797655726133,1.06240921921341,0.39388917644525223,-1.2455795977214181,-1.549544523149574,-0.15309778796654702,-0.5211136968572115,0.5597330693741923,0.8202250367634745,0.38482249793652834,-0.7992338271034967,-0.1845698586598881,0.09459742490792306,0.5408416854345718,-3.0,0.6735696375474503,-0.13932659520142582
2025-10-22,-0.07138022317576977,0.8721325809420125,-1.3078953730909404,-0.8345107259224622,1.146394337039579,1.9719061430167808,-0.05800468225874588,-0.9783764056982723,-1.327034338610043,-1.4801236468249448,-1.1311963589216831,-0.14196574747474444,-0.5659531653039679,0.09993690203241443,-0.18318459308468799,2.3443029546775236,-0.25228825627455315,-2.2341885481795822,-0.8811105158793586
2025-10-23,-1.2966782347750339,-0.7231671907027291,0.8555417832892579,0.31588449346696545,0.8245751835769427,1.7639272146765297,0.6407994730841583,0.748317788398983,0.9403059513293132,0.7646832074102307,0.9291388013603313,-1.3697979338852473,0.8384334579106613,-0.6433046940156328,-0.26262542722873355,2.417237520825903,0.005134354447240323,2.6823253079765887,0.7061285475390726
2025-10-24,-0.10119681522433255,-0.4988537882489617,0.7927887829002761,-0.40473327699288164,0.20836137028191526,0.14707351367261903,0.23877810747418665,0.9589886198566094,0.916924212601676,1.0207889520319724,0.838073526909034,0.10967316450752616,1.0320911297136814,0.31396508708523324,0.9994666542253916,-0.014423957541064982,-0.5265526730605599,0.9843802334199246,0.9957883333346166
2025-10-27,0.4295270373536823,0.2613560721117295,0.0675174463804177,1.2386285643921229,-0.3602196320356994,-0.1712851595996082,0.8655342897589151,1.3621744300605567,1.2811446164258073,0.2692761534037936,0.7133895323321362,-0.17126156348892455,0.8959135918139602,0.3755018957759393,-0.10357914667444917,0.001064970652145694,-2.210125118864123,0.15538763801448474,1.5032381473653926
2025-10-28,0.29771779707856527,-1.4613272741786616,-0.6314877063092696,-0.14650703092096481,0.5139892335879008,-1.4853169050114148,-0.2616187861734275,0.009166312941753534,0.3042180094546988,-0.5406859834586201,-0.36446677736808925,0.20759580822210758,-0.5961272506969812,-0.17512011030178667,-0.2847438069841109,-1.432410356977965,-0.7085138029132179,-0.4429541515540301,0.18081369925422874
2025-10-29,-1.7890174391070035,-3.0,-0.8715542874082168,-0.9729331907253608,0.49115944737574996,0.4990387239549114,-0.6877470704872981,-0.3389508761574862,0.6707903656662063,-1.6695439496878353,-1.2329242905666562,-2.6010587241524044,-1.481883889416573,-2.0780019643713397,-1.1119290701513156,0.40219049528118744,-0.460814075462817,-0.0693161107281815,-0.17007146588730782
2025-10-30,-1.075716982961089,-0.014869676887172409,-0.8203250007708355,-2.2887855371414156,-0.6848607521223679,0.2915194340590116,-1.133065783192102,-1.7668049185170713,-1.0643858534129482,-0.6803436893974217,-1.0169073038890337,-0.6703578720744197,-0.919655860296152,-1.881871909060996,0.027711974079002,-0.057488123984730924,1.172287342663085,-1.14628038350744,-1.8625617783985113
2025-10-31,-0.5994377204802088,-0.2550975892932816,0.2998397167275804,2.342732057433684,0.5224276649264046,0.288864264960338,-0.5335043094068247,0.3950516434423644,-0.3551053718579161,0.7863144886403488,1.1591825482811342,0.03363262817094188,-0.12285308111611985,-1.412395014811296,0.10757594677732506,0.7587512482418202,-0.5802022675167174,0.08581123288627947,0.29585307294099517
2025-11-03,-0.5266274806676411,-0.9475382651195452,-0.4236715214863085,0.7388953544694749,0.37365153341859847,1.2100666527475772,0.2571867934200509,-0.015867129390750107,0.28695673833271246,-0.2018532197883297,0.06333959751043985,-0.32159146057332694,-1.4272973443967134,-0.9851595092407577,0.11751965561467659,0.1580621545877267,-0.07355342438200098,-0.4607561332997107,0.09844442524498388
2025-11-04,0.25802664547871224,0.7618143012041533,-1.5310820520214357,-1.603115447643306,-1.2487046170646772,-1.2104787473491916,-2.071953331529446,-1.8908733152068462,-2.3272546515469172,-2.711227408390796,-2.8251778825271643,0.336779737068724,-0.04515623905582484,0.3258458220110228,-0.34482855412435937,-0.6874197112885645,-1.4241851005348898,-1.8788453313425078,-1.9203553740731933
2025-11-05,-1.867564350280647,0.08779072277687278,1.0942496809792146,1.0008389097061576,1.7100409779486998,-0.2869250840916476,0.8729659612845043,0.4888266978015727,0.9393685934726321,1.0724982076493474,-0.22925623671550735,-1.8930907563602513,0.3389223097689016,-1.0486302180486797,0.781584639623589,-0.7731281037511923,0.5998972523574336,-1.176415389037469,0.37996194343331785
2025-11-06,1.3633312301903737,-0.45033458137321447,-1.5471408952500332,-2.078376909181404,-1.461562491989575,0.08184273479136524,-0.6823326288731931,-1.7253921916494657,-1.5074150855529174,-1.5130070254173424,-1.8515558393211857,1.7625238582217273,0.08739070292886701,1.5957079570637964,-0.39166243925006355,-0.11864843376332192,-0.28821156316333735,-1.772024541848183,-1.6880450081750735
2025-11-07,-0.45995277262018813,2.1759038389270597,0.3535894303875295,0.09054251776319275,0.45642979881146223,0.1795065189558047,0.16155623437171635,0.20778717146651754,-0.6324634764518701,0.38265389348542866,0.11186899466226033,0.01199965999861359,0.28156178095627177,-0.74181717117273,0.9049062498836642,0.3725198120127539,0.20978811249538476,0.3196833241128423,0.03774867376285042
2025-11-10,-0.16998427239133246,-0.36385502461184144,0.7349548948617672,1.0766822631202404,1.0045580814314046,1.2634442860613577,1.6897395152978583,1.893145006630924,1.5607900170674762,0.6410100445382336,1.7120546959367546,-0.6528464014726758,1.3350139759958295,0.06550879041298398,0.32388307496900615,0.3883100032384396,1.6297740556969436,0.7300915131548191,2.0741337369872412
2025-11-11,0.6097353863981767,1.873584825934589,-0.034365968717908695,0.14775298141447374,0.5433020021026791,0.5933506833236476,0.6273498918470767,0.1941746024817831,-1.3812685909685254,-0.2978073342834655,-0.5844075155150312,0.9886140691424206,0.351209825686521,1.138286854668751,0.11847528345157658,0.9269198122765442,0.018648424138211443,-0.4140108550847896,0.17355978338420905
2025-11-12,0.15499760040299282,-0.05921405457918974,-0.3232542163627463,-0.643074780406209,-0.9398621680186119,-1.6551822786284522,0.396362256787685,-0.11230421257802006,0.5276253136775757,-0.39288460209293835,-0.9635460089065233,-0.0808083921548673,-0.9701215230747299,-0.4451339719067043,0.07349662454770244,-2.429660145329646,0.8275159079434455,-0.5110048301347483,-0.08782918526069315
2025-11-13,-1.4636457120615158,0.15033662546839435,-2.350112936359342,-2.136289257374299,-0.03766849093967543,-0.5584545740715727,-1.6825113703134322,-2.476756118044213,-1.8443716739701468,-2.1324576615194024,-2.2663901304598113,-1.2023559104871009,-1.8012770282486157,-1.651246667190254,-0.7556475791941348,0.09729835657816482,-0.8051268881377538,-2.424634213691131,-2.3936180607284534
2025-11-14,-1.047027182569669,0.024034329826440375,0.15866723669337002,-0.43999742057417845,1.4223368600645658,0.09796001481051402,-0.25055547131040595,-0.14852158447825164,-0.15247482769559514,-0.19051312473367843,0.43640179298485277,-0.7581701252371837,4.967517126051454e-05,-0.9605554631840297,0.1362361396131563,1.3607719134137384,-1.4448865694557136,0.19432176686579558,-0.15962788424356486
2025-11-17,0.313463652764916,-0.7372198169899291,-1.7090755289421822,-0.8134693070906975,-0.5906534894932979,-0.2643994083319562,-1.8574973235426246,-1.4870801204601423,-0.9015100954221805,-1.8654615988252379,-1.4616228240642177,0.3261610172477009,-0.791065627152582,0.1439556385550251,-2.386337223918963,-0.030033547144270915,-0.9722553371509223,-1.2008101326176952,-1.3814885401173407
2025-11-18,-0.16038696363237837,0.724557327110929,0.2476696094200461,-1.5589257733588255,-0.6930646040507342,1.016332749790495,-1.341039064776723,-0.9838152320293154,-1.2561144768437118,0.0723959838206049,-0.8096836902463284,0.5045454262497163,0.05854070312562514,0.06697416327735933,0.6751981112229208,1.0583253685239116,0.2665673340136191,-0.2918397986951156,-1.23299604878142
2025-11-19,-0.4359564967513618,-1.0036843678494185,-0.019504066400869744,0.053689237987573836,-0.19579884449452697,-1.3467175710744776,-0.44050895538374835,0.38432679027595573,0.8767932228959882,-0.1788466658107427,-0.37635889638352726,-0.39995117617877346,0.19002158437921446,-0.051133126135668595,0.7826219515737645,-1.321316916468143,-0.10337904136416298,0.18249018643638454,0.4625542876565493
2025-11-20,0.5387029937293636,1.1239455974866164,-1.5508790456722905,-1.2107158078194862,-1.470824042881263,-1.230836064841911,-1.8982727366826784,-2.1041767892369587,-2.2904179249728682,-1.3733156660744237,-2.244206719767254,0.8058520465476199,-0.3243970930750374,0.36824585364769585,-0.1272060499639973,-0.5704598048726708,-0.22912330779043732,-1.6858863062981366,-2.0612981465047926
2025-11-21,0.4000291834263725,1.5893879438376304,2.30506041454483,1.6890191806211963,-0.07998500054410981,-0.6718530358052087,1.3440719035529307,1.45505355269637,0.07973731264161166,1.234365028135632,0.19034104525929968,1.1513219325293425,1.5062743314002942,1.0747712452546025,2.1969537888763577,-0.6600236544084124,-0.30283412198454607,0.4117232260240402,1.2675952173823408
2025-11-24,0.8175145600246876,-1.5195810813188209,1.428340694945425,1.1241928668830181,-1.0424276259167349,0.4200851303858783,0.5144395551937606,1.8049807775927587,1.9132571655930637,0.9430135730934227,1.0863157012706004,0.4552948080312071,1.1725491655200961,1.1815060066216228,0.1008075863350046,1.024483020219101,0.8473965370833705,1.07044098404049,1.8071936380864126
2025-11-25,0.2645278547909848,1.9141950557672625,1.6412230674530472,1.7165557605231982,0.08854636998559126,-0.5597825931647524,1.1711845590843362,1.2279191824513163,-0.021861595124612457,1.384548908127062,0.7798306266880258,0.8230013821910013,1.4542378928368676,0.7599141088368506,1.7632605504517,-0.9176265565254585,-0.20313442196571052,1.1648861510313573,1.0864363232448404
2025-11-26,0.617888072949207,1.4715495864582218,0.609272430293204,0.525926459050594,1.1938710105424697,1.6365378843523908,1.1664798991088325,0.7381534647785682,0.9902336224296534,-0.22625706340416696,-0.11942210798834979,0.15978565811557563,0.3447324387415113,1.0026277326857773,-0.21591735485655078,0.7652835027609738,0.35790796236625894,0.41369309713564567,0.7598221523184595
2025-11-28,-0.955228137206018,0.7850877887380076,0.38594360442408804,0.49797122868958726,-0.5853093851149214,1.378025595242467,0.47605225492195147,0.5891336918955816,0.49939937980469445,0.88878241502061,0.8745134660453282,-0.8231612376192886,0.13672734393217273,-0.7234635313105872,-0.1411476924339901,0.9397816992427264,0.636774213109273,0.20889490765551078,0.5833580856517039
2025-12-01,-2.2577079509524065,-0.10852889960909506,-1.035303858385686,0.03179754517934839,1.6548217555100562,-0.012368521900093792,-0.6334700600512534,-0.7201583433617644,-0.06965030938128888,-0.5472541103422697,0.028703754495580897,-2.1827133750611343,-0.9000742137902558,-1.9734503756503063,0.6936408733510975,0.005863016817139747,0.134413778624742,-1.7943957319029877,-0.704036950871098
2025-12-02,0.08078576649444752,-0.8319640766513718,-0.19045310513046906,-0.06692679279591754,0.08446827689706149,-0.628041247884299,0.13553270349077645,0.04754367799299962,0.7671190759440982,0.38078280983016494,0.9287270909419207,0.2903576204567964,0.7648305003260295,0.19662253745375674,-0.3201734857641377,-0.7186554718966331,-0.6073677766537203,0.4257019122422524,0.12301923633186071
2025-12-03,0.49987826276382563,0.13370176710532788,1.324792319516756,0.8599671794722539,-0.3084604066501665,0.46760212554049857,0.45589430418381494,0.4510943279293884,0.5221829043833824,1.322536283595831,1.1296453400385678,0.7598045007675607,0.29506649331954815,0.7611024747456743,1.2674381743628402,0.43777932619945226,-0.2361836710430533,0.534215993895228,0.32761224119451454
2025-12-04,-1.0104481401892742,-0.6182363293363562,0.5836543013007806,-0.3344011085661658,1.3609970159532918,0.29378834795952036,0.19494594394425208,0.09033008087893846,-0.556114337771013,0.7501959345369019,0.9849411648856564,-1.2690724579781731,0.2378977615050858,-0.6852728781304535,0.19498503619695243,0.6851552497259383,-0.1261954371850776,1.57418317535083,-0.019090585742840192
2025-12-05,-0.8381138541501342,0.05807156084886836,-0.38800113435526395,0.44830761111835793,0.35442241148813375,0.7243183415710877,0.2009899353475572,0.08497278638361044,0.23444123017624202,0.06241373990131626,1.1210131471157647,-0.8326827246499788,-0.08468612587484453,-0.3645221352624249,-0.14867698791832532,0.4788420453446017,-0.29019268975398566,-0.8536704825276763,0.14608992316619512
2025-12-08,-0.5883344220887574,-1.052671844932947,-0.045832763673075545,-1.208736438010925,0.09804831096975153,-1.5948766254490223,-0.38187797092323983,-0.4576333728674699,0.40633596449318926,0.42283123358117475,-0.022544286933268785,-0.8443326455223462,-1.2062793717352633,-0.7662824483479805,0.1948503404133831,-1.213451708399816,-0.3426533853162568,0.593577137880249,-0.48307218673410246
2025-12-09,0.2367718691435317,0.33524714136370726,0.08841217623246647,0.012316079473697348,-0.03697488036201431,-0.4079428794652016,-0.25065241406813843,-0.20324460694713284,-0.10400487022798793,0.6488234512856008,0.42247755109143803,-0.5758588284287263,-0.5596533777929069,-0.4416977584467007,-0.14486565120347536,-0.506638944943793,0.18941029596732528,-0.6078834949590911,-0.19313128625707088
2025-12-10,0.7699062272725781,0.4259420270292358,0.9664250621987045,1.2269830230778986,-0.16533933312409457,0.8932858002308174,1.4227788938253791,0.8406664583426372,0.5281073302809883,0.18375776986693043,0.11759421246026226,1.2666926863839274,1.4531007795400706,1.6981062267953144,1.9960712568359804,0.6849021931749656,0.12736259020083607,0.679356058818955,0.7589717229660073
2025-12-11,-0.22609433359507713,1.0268356900436146,0.8044369765358108,0.3248538346327475,-0.14700890298057256,-0.145822517976058,0.2764084694493168,0.3202245935698066,-0.6135287180011952,0.16820919476708243,-0.18036438398737495,0.016230325036901246,-0.13616939135490932,-0.5322575798860623,0.25310773911453066,-1.0777884575092798,0.5483052103282903,1.432707029689429,0.19504458596679267
2025-12-12,-1.8099214504047896,1.0529214076740168,-1.2596112455821709,0.345968343194666,1.455008289225359,-1.3378653447274471,-1.0185871483915498,-1.477098148194273,-2.359444643426577,-1.0544962292008497,-1.2255652254687537,-1.108270114562317,-0.896256252870517,-2.1269237787314688,-0.3181054646893743,-0.3223013487418507,0.18665203474717915,-0.7538899818711959,-1.439331152433962
2025-12-15,0.1532596165197474,0.3495550829111283,-0.6490941523564082,0.686913650563964,-0.5338297389561842,-0.6179455998218878,0.38769208633922453,-0.29585313934826385,-0.2748317718572836,-1.8584762855372787,-1.7408383304156168,0.29537323600075355,0.1766706162960464,0.4296220302471002,0.12046539071789805,-0.76840867681859,-0.1208625670853526,-0.6838332568122215,-0.2504279092890749
2025-12-16,1.0366493819261042,-0.6664019782218173,-0.4123478336648746,0.10917959322345697,-1.0764473676213255,-1.2467043637223976,-0.8126527032287368,-0.3961817803022402,-0.22085119853537483,0.6772161653850861,0.8090376573732744,1.0496728784707212,0.2340953928347244,0.7887654910635538,-0.29126728846818745,-1.4705581630924824,-0.14920785380761709,-0.4401744348403454,-0.39076776893217385
2025-12-17,-0.15719186510433336,0.6032013772467721,-0.8615381045311724,-0.9803792814577157,-0.28190676161964695,1.4644592315547207,-0.9622276466946579,-1.3626940606588032,-1.8163113838699898,-0.2564676409501175,-1.0477391076186036,-0.1305129448518667,-0.6094253403820008,-0.384712967398827,0.20796211970150752,1.7727224711872576,0.4190587115799496,-1.078029365401376,-1.416734950601979
2025-12-18,0.9107866597922423,-0.8168215796783055,0.4179555867404487,1.2020283906630003,0.28569067894415234,-0.7525091269325881,1.0274946552162074,0.8870599788987429,1.0688240240694296,0.6171789555432637,1.189285647637527,0.9608675674764476,1.1581912450748744,1.3136586893931383,0.11027175121499783,-0.5958491685450916,-0.3030383887393687,1.133814006578273,0.8947730682695971
2025-12-19,-0.7120324255144206,-0.7525826854405538,0.5857293726620234,-0.38070637502599486,-0.2753727884711374,0.9232723846488775,0.7418843409194936,1.0037376947874805,1.143810276335135,0.5746609393283413,1.2041965731742938,-0.9885133348298262,-0.3168874033605577,-0.9551253290697747,-0.27974298055968855,0.8910166467281555,-0.09760967143335744,2.069343894932994,1.0494659698252167
2025-12-22,-0.4083482410697738,-0.5042052554588954,0.7978198902769321,0.4653450997839505,-0.6814145560939103,1.4688072073945069,0.6514589697108265,0.7638527427625857,0.5133597571628129,1.0464586076187918,0.9064840483448302,-0.49671394046211065,0.3148836413088648,-0.09565092360821154,0.24140067753600294,1.6010728338029978,1.3725932135430445,2.051068977365688,0.6947714452125467
2025-12-23,0.3413578325332454,-0.6611127060072453,-0.5293659321135389,-0.14563206074926094,0.9477447232542934,1.140887511196073,0.7174220458241793,0.3215409325241017,0.35160990002711,-0.8110115141058181,-0.5354254290912241,-0.2260191189917914,0.26573657103028164,0.3424994963568188,-0.5044664878367782,0.5598470894002665,0.7120436419800457,-0.009349584031336714,0.48379581609968847
2025-12-24,1.1709732866566802,1.0648782736917213,0.1281830006951201,0.247335487329972,-0.5576000584375855,0.10376897973933388,-0.0023335147561509293,0.334179767410413,0.03247317811939298,0.17536156792182978,0.18494635697916917,0.9717921632938876,0.7619516751074988,1.3390858034901019,-0.013372118225677548,-0.0454285897180647,-0.45560785689190136,0.025476146225699603,0.35342907820229713
2025-12-26,-0.6183450749735964,0.17185064599612218,-0.45695356920760677,-0.3950413447232992,-0.1559486010542998,0.18818711897351326,0.33347303017555213,-0.14736652913104,0.13655640016705442,-0.12662037756330596,-0.01886786035291549,0.3201977163855916,-0.3074296229463515,-0.054625662630373266,-0.2655187029900227,-1.4410993792841718,0.6056744389651846,-1.032330287317094,-0.08957757026284371
2025-12-29,0.7408791894270381,0.055958116310245075,-0.5201760665767506,-0.8440739515262238,-0.3129916073839451,-1.1027529430121688,-0.5251694727298611,-0.5176436698124761,-0.2900422245564673,-0.18671556140779225,-0.41585527841795644,0.5281707684323531,0.08823695263201892,0.4691985218007805,-0.6016147772386046,1.0351252605652979,-2.870142572288125,-0.41719072065961105,-0.5097777067763772
2025-12-30,-0.44265199621845663,-0.2538052154554732,-0.6003881170087475,-0.36492487676962826,0.8348036715696152,0.6482678909522176,0.19481787165501827,-0.2503718243030511,-0.1934819262485336,-0.39422755227906336,-0.20269520071223282,-0.4948461381335647,0.35942916611854475,-0.4448394002503323,-0.5136971659085313,0.1353183958933074,-0.07694366099815643,-0.41280747128023015,-0.21617076195661372
2025-12-31,-1.5184479687288845,-0.8577929141839814,-0.5946202804642414,-0.6635610131956325,1.503781254782474,-1.596707249628507,-0.646030520345313,-0.9516578178772529,-0.47589300403969964,-0.6463498262455305,-0.8251087723958622,-1.4215050935283045,-0.5486009282932783,-1.536267732386127,-0.6191886367700944,-0.46944103682249344,-0.507590253066886,-0.48597121781398966,-0.9556058895954707
2026-01-02,-0.24970614445460376,0.010460654392623224,0.7945131194560828,-0.7684067391267908,0.9513330204315167,0.233631842659747,1.856535159585638,0.32333025815019983,1.6509997888979298,-1.119898779818372,-2.0338729119865055,-0.38700998224473154,0.1267354710732761,-0.09970428279878285,0.3687700256614716,-0.1257697365594179,0.2188825695905184,2.193507914311726,0.17362760380752854
2026-01-05,0.9815802198449322,-0.6212083704967394,1.1872940473563196,1.34472389456824,-0.5802274680915136,2.141464256791817,1.2848329627565913,0.8526743718766315,0.47101532612133623,1.363349690163413,0.8637087340520088,1.1620306815382342,1.0673286699776192,0.9793116380882705,1.168016238007503,1.1599345020359477,1.5435562724222571,2.18966773136444,0.7680895671987739
2026-01-06,-0.36607228199221375,0.21219952163684608,0.9538231407062883,0.48600834420331607,0.25431929922238894,-0.006524922705121533,0.31586320209606605,0.7657630370779176,1.1611805859663744,0.9682492162305464,1.0329751669462113,-0.3588244277704214,-0.044757116346054324,-0.03796618648179379,0.5319618386415373,-1.4273030537412847,0.5475066600831833,1.1682840511077468,0.6603426157192969
2026-01-07,1.288266953867337,-1.4860344283581024,-0.29706810384654897,-0.21306870980825843,-1.285700565754579,-1.3165709556981955,-0.961767515214557,-0.581135302024558,-0.5000621590009438,0.5149971893680427,1.0221726327066978,0.7616426234746483,-0.34636855688323503,0.2360444918459878,-0.591521042928157,-0.6561873308048065,-0.7213747520494384,-0.854977768035961,-0.5765838412350618
2026-01-08,-0.9530794083218607,2.9771405928727663,0.827087674756056,1.4041113002872407,0.5290708758835073,1.272844500435371,-0.08711826846368467,-0.06425601103600179,-0.9382424057159369,-0.47382357119145224,-1.2003550369551694,-1.2759415188148648,0.2185930382966669,-1.006114084326048,1.175325491028177,2.4643757675834466,0.25647777183201736,1.220728781473854,-0.11740701616785208
2026-01-09,1.428341749938619,1.3118076543793658,0.5617404962280796,0.9733028723604713,0.05253103609335743,-0.1463598643833683,0.8852524870451507,0.7886642067539981,1.2751685927239378,0.18018530075141398,0.511448676479845,0.48437739448479517,0.22188729092957868,1.3236076324804276,-0.6752021272019675,0.175609253036015,0.3669368213950466,1.534142871911807,0.8118617952237556
2026-01-12,-0.5295348316369332,1.4468763971831893,0.34126035534627847,-0.0179025073822644,-0.09890409756172526,1.6619580088580084,1.2084887187008009,0.1416214124168493,0.0661026843082812,0.20792983784858696,0.34592369587601546,-0.5282596641291565,0.11337624868438127,-0.4080298807777048,-0.904757801231815,0.7081967412186402,1.1020138513640978,0.7164823292613157,0.10753124567925192
2026-01-13,0.45215883683246755,1.3778166804741636,-0.1543871460459775,-0.32850464181715666,0.6464034009685157,0.7136119230919074,-0.989624663216733,-0.4016283236264868,-0.01039781524820935,-1.1378444094172988,-1.3456913800387942,0.5704745581520833,-0.2060840471362501,0.8093516733676962,-0.7336365421277516,1.4662824061443331,-0.16758310707839158,-0.06029362147382817,-0.4118243351295706
2026-01-14,1.2631717490181333,1.652839283753457,0.49137571760746274,-1.4523633802663145,-1.6188322501609216,-0.009317507408858608,0.468821041856626,-0.6434680150447886,-0.5546162426668171,-0.5444950057803206,-1.5231587789480796,0.9035515137443229,-0.18330208645423002,0.9087900464275133,0.7335394509896205,-0.7923431049421034,0.5676779275615742,0.6715233852716224,-0.8010895838438019
2026-01-15,0.03682766112921058,0.12340438123276565,0.6741679311174595,0.2592772356520633,0.6320538774858329,-1.1289356443242646,0.08221400314834947,0.34404484802184376,0.9684117505326381,-0.9964095021437476,-0.7991777189563356,-0.8782663776958789,-0.16501547453153548,-0.4401880175682726,1.3906601981379674,-1.2742711007301382,-0.48703843618531073,0.5763704295986323,0.30907759991839834
2026-01-16,-1.074773699343598,-0.4924515124676938,-0.03558072695102491,-0.33030197193669275,0.7718933907559824,-0.5305269737672441,-0.1226482025114712,-0.16800897787662544,0.3881742996844217,-0.8035275858964417,-0.9159147248336463,-1.5808058304990196,0.1854629376002863,-1.0059831434607598,-0.6469480234078309,0.38042730799727953,-0.5725604175230323,0.4596434341969952,-0.20366739886763563
2026-01-20,-2.41538656471088,0.2960872186255004,-1.198765175674764,-2.2273791048096365,0.6452755071064243,1.6597101180252878,-1.9273275334672788,-2.6608830184730192,-1.4497423770467819,-1.765146662925094,-1.5864283675952906,-1.56868599260033,-1.7037878911561704,-2.0388695022835934,-1.2352752166879992,0.15556893812829506,2.796928994929391,-1.8711883226664476,-2.799106561613127
2026-01-21,1.593734847736708,0.021623281953874213,1.6230132865627807,1.5625114950436307,1.1037728407753518,1.202806343152305,1.5032627147155309,1.4843743289239657,1.3914093416330244,0.5825257867970841,-0.18882085039984634,1.1482552483300048,1.5686372820332666,2.057894909286556,3.0,1.3086369295948477,0.9323695306652059,0.10969517855423651,1.4854551902155302
2026-01-22,0.9388220349127251,-0.366638882580442,0.5375486072838476,0.7823978564586449,-1.7246170999110704,-0.06918307089194897,0.730328740614421,0.6363759831869881,-0.016325041681265664,1.4872384610259195,1.405291610346283,0.012718401017204494,0.2845295863309406,0.672721949087281,-0.34283456191533884,-1.2948660445302278,1.1975801424115364,-0.1169006380640671,0.6523229989006049
2026-01-23,0.6296529825113896,0.8662304520260252,-1.6947005332127205,0.31054769992991027,0.05329886939172178,1.9803805605804297,0.6754907303845756,-0.15198638260890307,-0.46331059069259434,-0.03515904676409157,0.8028551329512037,0.7440235030984808,-0.4273356065157192,0.25251976109983715,-2.4977644083312867,1.7981465954725613,0.8129529943858311,-0.5944640854144798,0.02603754737225665
2026-01-26,1.01169923940247,-0.3376727846784765,-0.36805082863045474,-0.5793234535224654,-0.3794625467907657,0.4661261693077601,0.43299316751874733,0.5381644812515072,-0.2626272657188048,0.6427948512152537,1.021093576689191,0.6505991609532538,0.1547363889832587,0.3090621018021189,0.19368794182151816,-0.43426991091881295,0.8558318981835028,-0.7768027835296197,0.6646046684548564
2026-01-27,-1.13932845276457,0.4297831994395416,0.13580702928297608,0.209383328646421,1.5326851560349781,1.4551450988050996,2.0247981113345497,0.4358810252193402,1.0120557842570612,-1.061731060144927,-0.5860811456011547,-0.5045097174351959,-0.25840387467737147,-0.3661616441941321,0.17826912905388329,1.7418473311898155,1.5953333827992826,0.9314822188249074,0.5061008487764553
2026-01-28,-0.3799162307852826,-1.5815081795306682,-0.5905268191495676,-0.7161176773880694,0.9072190619210935,1.3869813497505576,-0.8798472059872575,-0.14512952263085982,1.0751026869873608,-0.20875791010023972,-0.33690685219583855,-0.37158764909498604,-1.1957747777567282,-0.5288454910452406,-0.6732369858936286,0.6930256517744097,2.5841212272631813,-0.8609955996190857,-0.07702834097297441
2026-01-29,0.1053800175161906,-0.5099342107817664,-0.08577304085537199,-0.4531881396712777,-2.065452387693065,1.3235481984926705,0.13413700693224506,-0.36813520137509587,-0.0226643551648075,-2.4839160534220532,-3.0,0.458659769996331,-0.26080219731672405,0.05896999845903564,1.1379045125772098,1.8457138530874395,-0.18061443189284762,-0.8711715156574599,-0.3270160789866379
2026-01-30,-1.0303793542911206,2.0223912047893022,-1.315177092730403,-0.024483554746643266,-0.7671585258717343,-3.0,-2.4022741947408055,-0.7201923258918912,-1.8108687239358985,-1.160550592768023,-1.1606857599012512,-0.2817918814149274,0.4928235794036508,-0.41425061186786516,-0.4027363525931672,0.18698184333156623,-3.0,-1.1252177646166905,-0.45402545253070586
2026-02-02,-0.475729736557312,1.3190469362782213,0.7254740719378995,0.5636287781973701,0.3452546211448382,-3.0,0.5688690863707396,0.6892987210662708,0.4479969718268553,-0.34259389677332625,-0.35571846393683326,-0.8511166835553806,0.15676945794224473,-0.3756025331509531,1.0671705855444265,-2.9357894457235245,-2.1932658255218924,-0.688101879445659,0.6256590052830107
2026-02-03,0.5386642373379653,1.8103933803944823,0.08728116306373483,-0.7591905663878085,1.2626780227526317,2.168910208563375,0.1272404660202225,-1.1046339084808887,-1.4121342275443614,-3.0,-2.7129797804415867,0.4103121135486517,-0.6288181726317076,0.11038203476403968,1.0040930192277482,1.446914778039942,2.838119824533455,1.5800994676346287,-1.2379134895169055
2026-02-04,-0.44594020718632804,1.3500607507621418,-0.9125513941567233,-0.7472295804438656,-1.0143327938151698,0.04384762797817679,-0.3494163380370244,-0.7267965469495207,-2.0854343836569895,-0.17491305559360384,-0.9036187032553885,-0.08256214429694086,-1.0083060689235945,-0.5030190336893985,0.8661845241827518,0.191719885943832,-0.21487207026734817,-2.783061500701616,-0.7569688958505081
2026-02-05,2.2220858219838138,-0.398813807554282,-1.689506461869154,-2.004372997141327,-1.7027914805378008,-1.580577847840031,-1.8806812891568212,-1.7772209540287207,-0.21593021311758212,-2.654741412314341,-2.721907281068698,2.6329596539650475,-0.9021969557061648,1.7393934966122662,-0.263780825431342,-0.8950268583973243,-1.3965672693445943,-1.223604450418159,-1.7666318307095765
2026-02-06,0.17362058646801856,1.1975488909602154,2.8464481278230718,0.3946314264494467,0.707718262627854,0.7598803144418121,2.7563485634174127,2.71870388406173,2.53925918899923,2.994206328443375,2.3704350969422854,-0.03420068150159732,2.0567720834527656,0.14271296010767623,1.0610229154570556,0.1366719840144303,1.2755211014703038,2.411768200965847,2.571003199048389
2026-02-09,0.006000615672536071,-1.0435323136147951,0.44674418321178433,-0.3290076263816967,0.41019460952372905,0.7429444206601323,1.5544022818459526,0.5891934825394836,0.4813967180865432,0.8065619139366917,2.0486915523756313,0.08372785786250315,0.6906507580773734,-0.03598780231321987,-0.42189793843737133,0.6462987530898164,1.0021500873350098,0.6424761806727909,0.6083927963160491
2026-02-10,2.255808689032412,-0.698829569201013,-0.3551194505713908,0.6225270741336633,-1.9611818667976917,-0.49913679704556746,0.09510345006906938,-0.36792407717863657,-0.3497576382244323,0.6102117792975412,0.46571382996586086,1.9134468058898093,-0.8411866100807804,0.8326118041444791,-0.9447970426320697,-0.10625045618125988,-0.6075797516496569,-0.9738752051423675,-0.39671944037433265
2026-02-11,-1.0327042457490836,1.5267367930521065,-0.5684135151149446,-0.5064964723866292,1.41005602820775,0.7719984441608841,0.7698052229862433,-0.22104988150502633,1.0734662231214278,-1.823420800386042,-1.2334627207264328,-1.297294684043705,-0.34573870494635206,-0.5060557898487787,-1.0019397192441384,0.4948352190445386,0.35717173014536496,-1.0973150089976234,-0.11251269805735632
2026-02-12,2.4474273328985885,0.8395690598958921,-1.857016850711503,-1.359897341831179,-1.7466781086921417,-2.0471439590737814,-1.6029398225988034,-2.153625700656295,-1.1827235182454612,-1.3379493324663723,-1.2872298741289183,2.512349955856653,-0.595463210495333,1.6774240539414997,-1.2451190424766216,-1.8212752698455217,-1.7264279521140624,0.008611025659547094,-2.148917445774263
2026-02-13,0.9660449428856956,0.08193516991019649,0.9486095485349598,0.00800431385810104,-0.2977791581568312,-0.05394787090099184,0.15714384791929067,0.1760106528704952,0.03454665977847285,1.209059271329157,1.4657392838677463,1.5247071623354231,0.24548383716171387,1.1206838758312185,0.3485601275187923,-0.1855124570044031,0.9484309917044145,0.4182596973891039,0.03203208385901921
2026-02-17,0.24628854374780249,-2.1090256615704903,-0.15565977993172342,-0.18512726925721532,-1.9856973410371448,-0.9243207921504587,-0.5904212910996133,0.07079115768690131,-0.20767273127487762,-0.8002499290846297,-0.9875752463912627,-0.14560285056465444,-0.6221738632555305,0.22591204840870158,0.010437160724077282,-0.4045071183708862,-1.5265300364212349,0.35152749800415883,0.13647476067084724
2026-02-18,-0.7643749624172057,-0.5405433848899284,0.1236184372968273,0.7673330756975543,0.5738749618208925,2.089762620416217,0.14720348854671472,0.6012585379824433,0.44807208515522967,0.8763686678135515,0.9152214654419109,-0.9488585491624795,0.5933584581150199,-0.5160616557798526,-0.38657018484554645,2.463043600889851,0.8319023449833423,0.7151655368176127,0.6129543048156106
2026-02-19,0.13649477707887256,-0.8133128454644533,-0.01875506534938637,-0.7707835652223021,0.2590229185426616,0.5267082602930475,-0.5877752553943729,-0.4045979122364555,-0.5188446467929002,0.03223406870002136,0.0356248103166905,0.3054669025847666,-0.03017805601510759,0.16779969282743856,-0.6309513591796716,1.05181771456507,-0.0384294749431698,0.9174554181410455,-0.511909863667451
2026-02-20,-0.47251011797389675,0.0417647355532957,-0.18657125534306726,1.0042004599664744,0.683051626871519,0.4472142629943199,1.3455494782383652,0.7488419746500156,0.39710871109450935,-0.26548393474906984,-0.4862611791467363,-0.06083865052354583,0.2738309307156538,-0.42213433644384424,0.7695513258665029,-0.3677110786807684,0.6893847924602345,-0.6766040416760605,0.9423748676839435
2026-02-23,0.6648051574293056,1.2392561642223952,-1.577466717058005,-2.1433991848641587,-2.5519083704171233,0.21513432592851306,-1.0829442832809228,-1.6806462046968378,-0.47234604853500634,-2.477250619231189,-2.3116888329725316,1.4347134298675237,-1.4132224377372833,0.3244822598496318,-3.0,-0.09967851493853737,0.9957138680132911,-0.7795032509850572,-1.585397200017141
2026-02-24,0.3091180602760939,0.7961834037506634,0.9088520197381661,1.565258531932867,-0.44223670643878843,-0.24190810506629432,0.5048518760075852,1.126295481793334,0.6229191967494297,1.6112256251400432,1.2525476592735783,-0.14207465500482372,-0.7529293789825047,-0.18202975185025858,-0.18263833614433161,-0.23989550784049765,-0.7749771031248478,0.5538672894626584,1.0359132678140315
2026-02-25,0.00837379105453148,-1.3245994804579824,0.33349974414516137,0.3089339679735238,0.9765850220380214,-0.112489763151534,0.9934616049217879,1.0567367933952292,0.7123604099289019,1.6205278835897443,1.8111135856639937,-0.390302289422885,0.8736707409123133,-0.16002662729836192,1.106957552663774,-0.8068906103316548,-0.2741069862785161,-0.6220459859568813,1.202755036693747
2026-02-26,0.718687042755288,-0.4796578106535507,0.3898223551032837,-0.026412912576609094,0.11262456952094024,-0.09764596192762005,-0.717260835754148,-0.6094684052686555,-1.9058150542811858,1.5078420721294072,1.2984853265109766,1.0475103401478405,-0.8281826756718953,0.18264124902614934,0.3823280646784193,-0.08577755755498649,0.21016254439687812,0.3968483849595391,-0.8618983633126209
2026-02-27,1.1003919494769114,1.3504014732457554,-1.7269531159808267,-0.15602115779749162,-2.688766725439525,0.9595158899568843,-0.5738652891898164,-0.7732171009667435,-0.8550257749948795,-0.9020703139444038,-0.44128416198664105,1.580117499873649,-1.4077924672473883,-0.2563159910090865,-3.0,1.3100320940421228,0.4015963043472694,-0.3599324567910313,-0.7485882994565772
2026-03-02,-1.9824870361176468,-2.047366838640992,0.734730522872522,-1.2337056507322848,2.0073472835881168,2.151864564323424,-2.51616565695833,0.11054254243168816,-0.11786837046989616,0.6997821594616426,0.9461428219419026,-2.537072589991517,-0.5825595341111646,-1.4684033303146138,0.8587601628374841,2.950483194349923,0.37859463177063646,1.0590957280269198,0.05660000011749071
2026-03-03,-0.43428921822879596,-1.5577260243078068,-1.686458223433878,-0.8809008419018469,0.7862947163921185,0.1034606693545456,-3.0,-1.4347088153466434,-2.0031372103734366,0.5961732069645496,1.0237636657129043,-0.5304816572757453,-1.622099674740783,-0.24504082916365935,-0.4952633632489944,1.4570038793613662,-2.015799208684501,-1.193680010896437,-1.2983296439046963
2026-03-04,-0.6598203173454297,-1.028067184408916,0.8356378738782453,1.8121454907539831,-1.0220590422353,0.5084318413221692,0.9442181108614311,1.0216107449109075,0.9496885390767961,1.025350681338233,1.1085733966124605,-0.9242817412401779,2.420082077808683,0.2965489667616766,0.13435181910745786,0.5152483663763128,0.177090727503321,0.3335306824532632,1.0186516762459463
2026-03-05,-0.8373467721160269,-2.4719673952594263,-1.7818713208591839,0.17526256523686037,1.2071760375289546,0.9959789374505222,-2.2881408400364385,-0.9117965797688894,-0.558591457698451,0.7055839135398156,1.3338487544598194,-1.3334609822326766,-2.774017442387929,-1.6657339964571245,-0.8990032976642128,2.160095613867686,-0.6451658745709825,-1.6807610940813682,-0.8065100174794554
2026-03-06,-0.7733767334565949,0.292119001238551,-2.0151633196605947,-1.7629235155092422,-0.10221189833823763,2.506603496163382,-1.1046938728888513,-1.8460415802097427,-1.8844025736260472,-0.30242945719128833,0.3731534301552854,-0.3338136810534528,-3.0,-1.3926613535440273,-1.6037880976122967,3.0,0.5048640730567237,-0.06929221709937487,-1.8270737338035032
2026-03-09,1.5567631806276931,0.048311487084664234,0.9239277588681003,0.17079786242670317,-0.8679892337066355,-1.1385045292999112,1.1881992425551264,1.1754072159282556,1.6803760848854772,0.11426614380865158,0.030455758650860983,1.159672144502627,3.0,2.2201394793531612,-0.16798227457116735,-1.7559636881530816,-0.23684356021802289,0.3452476185558179,1.230196412192054
2026-03-10,-1.9787645794001916,-0.5297529291383856,-0.0924962180711345,-0.06509936870682649,0.4261508916745738,0.8800153569734331,0.11911791961558996,-0.2891421981566609,0.30073933075185455,-0.8592251539997614,-0.9751653454935204,-1.3667818580367583,-1.011095879156678,-2.5732458272903984,-0.006261308866098203,0.2754155371319763,0.31466065511720803,-0.9213833988536386,-0.20097595014696168
2026-03-11,-2.2550540418106935,-1.6393940539324072,-0.16071672919788552,-0.18772328394068358,2.4579742498016275,1.1438325658927113,-0.21118033107780151,-0.07592952410769724,0.3737795052117411,0.2255381709211047,0.24769961409532765,-1.832605052282894,-1.3379607170358567,-2.81948581328809,-0.7019114427970369,0.47493641536942865,-0.28671201637495963,-0.23128880252897027,-0.1431593268625028
2026-03-12,-0.37170077383617595,-0.584699488036137,-1.8570608794396604,-2.129811745688033,0.13491674779381382,1.622788347683799,-2.1213554021013645,-2.0982225980319593,-1.6738490153579708,-0.7617835906733399,-0.24881918634652936,-1.2974871598045057,-3.0,-1.873237724043268,-0.4824734620605206,2.9410624992643273,-0.939758794350066,-1.7312042837817805,-2.05727317082642
2026-03-13,-0.8841812977646025,0.5195117054714175,-0.2702902338719354,-0.4385315306391774,-0.2427022850897868,-0.6767800214599223,-1.0168142687670212,-0.6780848072685355,-0.19090797859209346,0.002380135059848082,-0.2965884335032167,-0.4267158417953505,-0.9605602017367123,-1.2283081580798276,-0.30376589538464194,0.09382446393731707,-0.6501396534939584,-0.7574901483039703,-0.7270088402539263
2026-03-16,1.3515922982230926,0.16988773750009337,0.826024868662046,1.3026152931725066,-0.7482367563645624,-1.305803024200329,1.882875461152122,1.3673909498455241,0.7304453545336284,0.4644298300162887,0.6340382459939269,1.7122883875031012,1.615987023383205,1.6661829117529576,0.4039610200477667,-1.7007228228681008,-0.15290061904903463,0.9294809371772123,1.4020727367317172
2026-03-17,0.46074864024335516,-0.5076226399963324,0.5309828238882013,0.9442942894043557,0.9769699415219262,0.8214178981619447,0.3185147397074934,0.44167867951666806,0.23528451570108316,0.5424389172450096,0.5049006067567675,0.6425618722568935,2.1827077345828574,1.8478177567020353,0.038841449572315674,0.7888311981346348,-0.2124447332336099,0.38686689357106563,0.35457260954798636
2026-03-18,-0.9764863945438785,-2.6832383567422053,-1.3882303067789323,-2.057237370905287,1.6552087494148957,0.8588847624281213,-1.7554454633114924,-1.7700337475251071,-0.5314592382954543,-0.4623019130000448,-0.5214360678055092,-1.7247524651933557,-2.411359433143308,-1.7169989208461673,-0.779426706723952,0.4555691296897736,-1.3699376443298767,-0.6422956254739293,-1.8453925986275914
2026-03-19,1.042058019953473,-0.9483669943818906,0.5776444796415661,-0.5934135082897729,-1.886785713237663,-1.3104386339782488,-0.18467372402523252,-0.174411131209188,0.06273663580092241,0.1899011757579945,0.26980066199475383,-0.04709444729098055,1.5107683350437773,1.4293361857298479,0.6385329654938132,-1.4953105985277555,-1.6875505919129485,-0.6812444614995227,-0.27032483874444774
2026-03-20,-3.0,-0.9541217611957281,-1.8007343459006575,-1.489399212505335,-0.7164604399737287,0.13070627649844022,-2.789877229785844,-1.9247103765693079,-1.379161087348297,-0.5043423172354283,-0.6684831961973592,-3.0,-3.0,-3.0,-0.09302495812981505,0.8262124678514763,-1.2224058867793126,-1.7991169745895605,-1.8098355486049866
2026-03-23,1.0508289100717754,0.3544704040030573,1.8042940524495816,2.3158026427747105,0.0022337160097192998,-3.0,2.1670808234375856,1.6179592510002678,0.799361684401478,1.0831104276385277,1.0827474299611413,1.110360137172427,2.5508271647920133,1.8739071327861587,1.186907960018509,-2.9796378309651,-0.8818947385065358,0.7567200517536874,1.4840014013970857
2026-03-24,-0.6638546802690332,-0.17244922320137798,0.4573837076899701,-0.20134866146412841,-1.0449141651430722,0.8822544612962493,-0.7316728720259597,-0.29395582902266093,0.3404413080313039,-1.8014876940859035,-1.8782807662492036,-1.104473204771423,-1.2412853159145345,-0.5070167970216198,0.5532041471507639,0.8281929794445714,0.008164856421199553,-0.2761164269210869,-0.3318959313252343
2026-03-25,1.5211633375793088,0.4348942917675725,0.9923494877979887,0.9905929262739578,0.8447625424197558,-0.4442126343780662,1.2512949776507325,0.8600470588961988,0.4846475559142944,0.2544380224013572,-0.02377208882457017,1.7931665868148514,1.2170387812744252,1.0504377619695278,0.2449352157758545,-0.5805662744311507,1.1539936246965021,0.8889032596595575,0.8323649063057014
2026-03-26,-1.2698354195932138,-0.5569985749638583,-1.4022360974989083,-1.3688165541025752,0.10799486856693155,0.46395826877848073,-2.028102748919408,-1.9958479338517416,-2.250976576100121,0.146188799211518,-0.16444643756460336,-2.4892284807801857,-2.2004997196978646,-2.0218857511387593,-0.0888473790631738,0.7562797104652825,-1.4826883864168772,-1.842698892374436,-2.1340558182440152
2026-03-27,-0.8000579902570734,0.735129575965799,-1.3816944748183784,-2.2673347310433054,-0.691708042552262,1.1540041411927433,-0.550439884489302,-1.894450864201169,-0.8663405661125211,-1.5846194725657192,-1.475222209607685,0.10370269965499183,-0.8202454123245768,-0.5572672793605317,-1.0599433841414276,1.4625273634240985,1.3105741554405514,-1.274868167237231,-1.9342021365788993
2026-03-30,2.002160726627107,0.021792923187989054,-1.1100501285377185,0.14736787424414544,-0.8983779858178583,0.06406911446646629,-0.059262906087342686,-0.40198781586077964,-1.4955910013938707,0.37091487691305736,0.6926546518300832,2.1900699681140625,0.48595414935390535,1.738402212473734,0.24597254552489511,1.0157022322105718,-0.053267973543350444,-1.6199119042744052,-0.26499078908869894
2026-03-31,-0.1682647425422399,0.01972334350259686,2.6188672597385714,2.605584799338701,0.30080312524111313,-0.9612293267468781,2.6108736737186904,3.0,2.595075777409955,1.4446768842785562,1.6715632865290297,0.5481085620413492,3.0,1.6359486765694238,1.4961414113979814,-0.9061609667912811,1.371917206878163,2.2791033053929466,3.0
2026-04-01,-0.14599513812528178,-0.7740013396788941,0.48320765058340087,0.7215100938630824,1.102267348431779,-1.0807583010629087,0.9031191185617147,0.8940178283823562,0.9743407599737074,0.3631419363199088,0.030094713355434025,-0.24813742894277616,0.8239469623926611,0.29820542726590576,0.6731891117979192,-1.022624886710525,0.608241180482109,1.1284039886973762,0.9157206763097436
2026-04-02,0.910267618874624,0.44340636645467935,0.5431338726260911,-1.0639741154426654,1.9505256253016534,1.2826390479551675,-0.5410172142987271,0.25979067652864013,0.020855933397208964,0.9345455643504998,0.5428940776520519,0.7170059653134351,0.7895969191949828,1.0898964625554421,0.14914364544690012,2.733547611052404,-0.765013741187363,-0.05986711603761721,0.1899201834334349
2026-04-06,-0.24328666128488297,0.8480351648137727,0.3308555361922492,0.7851938121136497,0.3281188287745782,-0.1862239545545837,0.4780941296118172,0.5565196015175239,0.3954609811678503,0.5258817623151062,0.2830613575366325,-0.7765005132938987,0.5704620705853549,-0.387375280150427,0.5988920410341171,-0.14599712402632137,-0.19657942562918987,0.74977657299855,0.6000286388569327
2026-04-07,-0.02844110917083331,-1.9068100709701932,0.18478288906040313,-0.7739483358122622,-0.34534778854505077,-0.39192605041559847,0.0302871554133338,0.14309280962939253,0.4034405494661824,-0.09443290044365775,0.22185888103638335,0.7761740726575065,0.08292601580380053,0.2792373714829095,0.11238375808825188,-0.501918074834573,0.3245639821074365,-0.6513950609639159,0.12253398109277021
2026-04-08,0.49415757372671226,1.8843949892909486,2.1897463068778675,2.345892212269066,-0.5619337407353595,-2.0432290190238667,2.9421418001757687,2.6377796026666416,2.4668934333205685,-0.01146681946568773,-0.2390484751178011,0.6701877881483057,1.8362474991684128,0.9853922901373471,1.7780412492855882,-2.793404458517852,0.19532882255793937,2.1539540219062174,2.7010790211301865
2026-04-09,-0.3921382641403805,0.7747211227044057,0.4096985351704394,1.4438002098703502,0.3466886882676865,0.166929595975425,-0.19077249809504573,0.5640155322981021,0.6855819757804166,-1.22053807740572,-1.6014182798064014,-0.1064496547393379,0.32509440892349406,-0.010355272297021432,0.9864395767608497,0.2271996004386887,0.2591085070434112,-0.4290262960461264,0.630752510191273
2026-04-10,-0.3646146978192362,-1.4092441008675065,-0.1940083358390033,0.21449144612753154,1.972021983765034,-0.7585964870183504,0.1245776424275371,-0.09547602182124103,0.5774802959508232,-1.0794141682173481,-0.9647185455741486,-0.5088816956895347,-1.2493637579514976,-0.6708105060691903,-0.8606712617340526,-0.6826491973221906,-0.10394280117830439,-0.20914783178225974,-0.04232410415748266
2026-04-13,0.47848067746660666,-1.0599457619277735,1.036018391109862,0.7830300980925695,-0.3669519925568732,0.8537534379098499,0.4981597469417702,1.0961794676179522,0.5392413670475014,2.1555809610517267,2.575949369955377,0.6794052875211901,1.1284196622784626,0.9891530591876558,0.3538667952492469,0.48891932230963264,-0.18122931514550067,1.0857160395792649,1.013827134833767
2026-04-14,0.8140276814378908,-0.09964611367286813,0.9772255252619388,1.7164045252842224,-0.024380810204836238,-0.5562650947199009,0.7468029615807925,1.164873594866017,0.7484729372409488,0.5806751845660783,0.5971583213670092,0.9670382507397873,0.8727956320758139,0.8218006252972133,-0.12026075480163344,-1.17927776468165,0.800729799587025,0.5069857903977623,1.23215387218786
2026-04-15,-0.6738301763239954,-0.5270443549856376,0.1557336334194675,1.142477706059431,0.8613791597327998,-0.06246867929641266,-0.2091778325291296,0.7276957155008549,-0.004677833730845862,2.067205515643975,2.002468679049456,-0.7052094337510404,-0.188652557836769,-0.11855714439492501,-0.14278530740121617,-0.5095680880075961,-0.43471216614764135,-0.13788665993278645,0.7738941575459592
2026-04-16,-1.02249748534104,0.4903408133754587,0.10932415027905867,-0.3491961089678334,-0.34643835554129027,0.19587244041561494,-0.1005665773707566,0.17096523755717596,0.05202654990521289,0.6661998107791856,0.7967739537379904,-0.5953735558102752,-0.4631004603478558,-1.2291233473210326,-0.3527645482253886,0.4183257289603821,-0.0505616219617424,-0.48105409148302386,0.18896321133979851
2026-04-17,1.4146670236886265,1.3091807305372947,1.5302239431280005,1.7930876728313747,-1.2996841270438628,-1.948448239301071,0.9059790478060239,1.2730154368931665,0.801215393690844,0.7487374278688821,0.4373865225716454,1.6066231795698331,1.095965537376048,1.4125978189732353,1.4751652030888174,-2.1222662752731254,0.4945130693287119,0.6852777073294709,1.2058369210399835
2026-04-20,-0.049408170858315975,-0.10602037789414778,0.3729435053277158,-0.32174035716042965,-0.43642165558085827,0.7198371499703415,-0.3100413608583859,-0.1509844599331814,-0.1357767264627324,0.7053381218076444,0.6889748103712799,-0.33855062471281777,-0.30406905537264073,-0.04506321527942134,0.2308500832637055,0.8801404437841198,-0.3313828733688758,0.01038803286432564,-0.2711087546485054
2026-04-21,-0.8576248380948025,-0.6919291881496377,-0.8089862662168427,-0.5363198672421634,1.1024072135589578,0.8457194891873777,-1.4226274471996736,-0.7419850268264204,-0.055358649155999556,-0.011303389070670465,0.2639868166658846,-1.339528937946179,-0.8205732971733418,-0.9839451479007706,-1.0365015890758063,1.1432918883222818,-1.056926850155536,-1.503737376414297,-0.7369284871384367
2026-04-22,0.32561672556537175,0.3453083659872859,0.4632514507524747,0.0009571713638132743,0.7477360859580494,0.44447531722728695,0.5742705516877883,0.9372160601987859,1.0187566972475304,0.4849822018674131,1.0812942162829635,0.29612347696957925,0.458006157458037,0.4849449337329801,-0.4131791654932137,-0.03277712774975477,0.53600463962709,-0.5960988276951732,1.0047236724670556
2026-04-23,-0.34251164190923294,1.687862428723657,-0.313842853966944,-0.7161803505087715,0.5425752263417828,0.6401852217697745,-0.7772813824624196,-0.4548791482467198,0.3329587873863241,-2.3603993922610687,-2.2874588028129357,-0.48947417769576235,-0.5150986195419037,-0.698905445106218,0.7028052986537464,0.7424611954160152,-0.3234137601425193,-0.36790166147989234,-0.4477682124206206
2026-04-24,0.28812296616211375,-0.3427872331948538,0.23277513942849648,0.6347193623401938,0.0013792875039896674,-0.35767910245092166,0.6441158920485964,0.6004910184387043,2.0544012001858882,1.1770897520420522,0.868336619070501,0.5665560364431258,0.37452372427122566,0.17789600356898128,-1.1152286368449962,-0.6580493483961961,0.27567582407806734,-0.875057644774588,0.7518000791188079
2026-04-27,-0.7756793123738981,-1.11246447864215,0.05904239417174362,-0.5158152050706099,-0.024896013783649355,0.35164962561584234,-0.15945904531723415,0.07858751823030073,-0.16598164895782908,-0.06508644578741046,0.1551617383749999,-0.7030097833317276,0.0698819809917805,-0.7172038335624984,1.1406260268267159,0.18827801947475487,-0.22460737336276704,0.33841933685046593,0.11786690503065601
2026-04-28,0.15652240944529852,0.9299932490666154,-0.9373839246854518,-0.49715125238639896,0.41270492722228064,0.18108573640594167,-0.43887531659225715,-0.6081478375982997,-1.4450186340215487,0.0386769583102924,-0.18180933647345987,-0.2950474411945927,-0.4448484380671467,0.11456579202019235,0.25331464138692383,0.6265802056481411,-0.8186739440924189,-0.5319824515715352,-0.564411707508145
2026-04-29,-1.2170150376076445,-0.1844899502943713,-0.5496015503876371,-0.06492394740486629,0.18710294456693502,1.2415952114028224,-0.6096545689443129,-0.17031115179108897,0.5804249690017617,0.0812069145082548,-0.2197961548766409,-1.3922299991257874,-1.0195935382330652,-1.3831635839927796,-1.2967978747923465,1.60309196192621,-0.4929442703492389,-0.9160571074617303,-0.06555537125888078
2026-04-30,-0.13466009989160158,1.7818877793286134,1.4959518590057956,0.9913962361773873,0.9815431480021971,-0.18502976889111586,1.5529006849168066,1.071358665661422,0.4379512854522426,0.1327718629142068,-0.30322323081529307,0.5548899259947376,0.9021674633092467,0.2914862394690835,0.8239716242870287,-0.8416931152175899,0.8072313474492917,1.8268561891471595,0.9549884341655916
2026-05-01,0.5587230158634063,-0.13360627317749108,0.2501318693956433,0.1848178434544981,1.5902426134834187,-0.849489047236301,-0.12474285217872237,0.22542984965471485,0.04772308352988256,1.5907868033064272,1.3629497861039601,0.21508071828180783,0.3283035964111911,0.40726092490163135,-0.002628027657300824,-0.9564204987120811,-0.008047870045995081,-0.4990054065450444,0.19433325747455077
2026-05-04,-1.1653450344987462,-0.7414512117358355,-0.48216202718782064,-0.6015482137905971,0.5611486473972265,0.8070880608893084,-0.6703609967255306,-0.4918503808196488,-0.49531554172256964,0.9035292914431596,0.8450228215389495,-1.0654059317044293,-0.9933765830442594,-0.7776792894483877,-0.7800403014742566,0.5201498722163697,-0.9760489588616583,-0.3239218238111981,-0.5001026902670168
2026-05-05,0.9083125265619589,0.7357984350769261,1.2136670522694215,0.21890919017065194,-0.8675691973647001,-0.6235267677050031,0.9748927064843584,0.8154303798355671,1.246818814364641,0.16253064524189756,-0.15030719712605825,0.47390403014828103,0.4279302570167953,0.9494841926831165,0.9816377057021249,-0.8219418850939012,0.5105769761356626,0.14387518073844358,0.7789560844093355
2026-05-06,1.2014909732298764,0.28284396725453875,1.05286426512797,1.1276399555855428,-1.6868880029006958,-2.174549825013878,1.8145589832159015,1.3300477242673394,2.088681729140266,-0.370851097159746,-0.27135988400210725,1.46377642918187,0.8629933014457878,1.2322137357493788,0.8094447418407826,-1.8589774303026876,1.6272422478310054,2.3930690722613535,1.3817920296611883
2026-05-07,-0.7445436379658562,-0.2808778254717588,-1.284311154007975,-0.019289579528535692,1.221206098989871,-0.1829668166637684,-1.1524999737332582,-0.5841550891063347,-1.0097485040693839,0.97953439679358,1.5078170809821974,-0.8571042678803457,-1.1160985567692547,-0.9857331981424582,-0.7126312593662514,-0.057432773160117495,0.13603230297931304,-0.8292441068094948,-0.4375549695295298
2026-05-08,0.8321935602592317,0.33709868154917316,0.4160564298527454,0.1687715084088484,0.3528206588971651,-0.1732608305756388,0.9312166595022577,0.6599390158468591,1.891858814929389,-0.13766763676714555,0.07114593408769863,0.7965769965732923,0.9899861798716818,1.0390767154846259,-0.0811612135579004,-0.45868473149636924,0.3065315516849934,0.502619243961629,0.7580517553455121
2026-05-11,-0.9181367019093898,-0.9522818246043022,0.18557611666241783,-0.5759703877060653,0.32801591877996095,1.4184209329546285,-0.08636640988884296,0.0734330288893381,0.48905429612307033,-0.9484307468367555,-0.33430266496358785,-0.9507129645658645,-0.6061007363989916,-0.5721794965426518,-1.2641864991931269,0.6232455711155692,0.1322208012357392,0.7432342995334456,0.0907538745979627
2026-05-12,-0.987546199597231,1.4830797323739109,-0.8536855695567165,-0.7254866053947316,-0.12470702986230833,0.9290916511669274,-0.9748554186389673,-0.39284954486092993,-1.37149342812034,-1.212077583573057,-0.7158321125676388,-0.9230662788914957,-0.41464494974990546,-0.7729413781214152,-0.28674586643098804,0.6675704705206426,-0.16362339383769067,-0.18663008702992442,-0.32096984139872325
2026-05-13,-0.24362804329345175,0.4254480738821754,-0.0745034859053265,0.24026137554800325,0.7467143072800181,-1.028126867875774,0.6491360355411261,0.41697374982294927,0.6045229055679043,-0.5895127537857108,-0.5242978988780628,0.10233926460277645,0.1255674516112183,0.2020496126507468,-1.0382616380216712,-0.6227732101958257,-0.2825625532787922,0.31851714845987195,0.45030617347678675
2026-05-14,0.3476588604248025,0.38874658583636407,0.38352253838102424,-0.05937402199372213,-0.274387065891015,-0.6329240829374151,-0.09163215730110628,0.6355960241555295,0.18791064885404307,0.7087752340176862,0.9898775076553181,-0.09805771023117525,-0.2285890597640432,-0.09447209486779422,0.6569534771963446,-0.09294674896606286,-0.37179492268641745,0.24480518039649624,0.6947460117935291
2026-05-15,-2.2100746596829604,-0.39165993014936096,-1.8818814260067505,-1.379034353017931,2.018632271823233,-0.2416292543703045,-1.538830741408461,-1.469147990486023,-1.8223909389369592,-0.02722998118023592,0.48761416308946526,-2.1873828578069063,-1.3818504490114167,-1.4478464147559127,-0.7225789201488089,0.5885498295974328,-1.2060490173022946,-1.8869565269705708,-1.4388101298531861
2026-05-18,-0.04314725096899238,1.632930975928208,-0.5026019665357232,-0.13410124511694058,0.03758368152523942,0.109769581976992,0.33283058824909695,-0.23143434277784447,-0.9655375202940624,0.8186934953182027,0.4370012959778208,0.01197729848635902,0.3015159066286842,-0.3524457221152834,1.0160329222249733,-0.0935236616480182,0.24968852990890367,0.5184615601732505,-0.2091449101994408
2026-05-19,-0.85297522126457,0.28756816295785365,-0.881586502270626,-0.8674536219281375,0.7841634822774841,0.14049192597575458,-0.5996974216294992,-0.8063586275343648,-0.37182572016175586,-0.10337962474116524,-0.6423121194808157,-0.9552598424108838,-0.6641921267309266,-1.0833789945670902,-0.38271215703617084,0.2990618742602553,-0.8037407684460101,-0.6588011137184776,-0.8628601239309511
2026-05-20,1.8045940469042772,-0.6553308977868286,1.7759312698300584,1.8967895038710552,-1.9718842021410843,-1.664690009498329,1.0939904094361934,1.0790025196425646,1.3473232050053081,0.7353237014154733,0.5797486025991798,2.046817805554327,1.7686603825145604,1.886945007234588,1.688051158998147,-1.5259590024009158,0.9262273233411495,1.3721598782097923,0.9609539517401784
2026-05-21,0.7056093569957598,-1.0265543124605623,0.6007221521051018,0.4616982204171334,-0.9537773637312799,-0.6181989093410496,0.31468928356746895,0.1357714317234555,0.025231842701418015,-0.18585083212731723,-0.5706571692622068,0.3085685590555482,0.12694284039119774,0.5486806942376089,0.039623255462573836,-0.5130912707601023,0.05532716476366722,0.008010706147303735,0.08064735624039841
2026-05-22,0.971059763019982,0.2519932268842613,0.5907540252340205,0.2742157248738292,0.46926205262413584,-0.6116534261504781,-0.11089871222075819,0.353378864017977,0.3770022003843105,0.9508375163910254,0.7097622849964533,0.3792242898795072,0.017867701146412385,0.499280784828554,0.17229533877250808,-0.49365977213083845,-0.3057406519983986,0.9113473238283296,0.2759715178267553
2026-05-26,0.8993989388619825,-1.3969356433493119,1.2553161968992357,0.13470450892604835,-0.013736315778834622,-1.197261593283871,1.2607332312329296,0.6111983836330506,1.5695624771248156,0.19654936000049728,-0.10799841126083974,1.3433262574426914,0.8952900577330072,0.9244391739668008,1.0240359730386184,-0.8402466659903517,0.16446504061962772,0.9724499117930713,0.5507675183954819
2026-05-27,0.4728151014040127,1.3258670163370072,-0.16282854182510087,1.2495496765635479,-0.22026859587269504,-1.2471953666939142,-0.25760906955116625,-0.19081082912277536,-0.7298544869233247,-0.3310316169531168,-0.6423946033336121,0.2302355316925559,-0.2122145595516515,0.3546653256311533,-0.9016502656488943,-1.1555899764448432,-0.5993139610781694,0.4368925232715785,-0.1907465882439915
2026-05-28,0.887615786737671,-0.14122669045552064,0.2713799001129738,0.2260288751350951,-1.1290089584025704,0.27661920739035634,0.015379753650691445,0.47767481385062965,-0.006783042747196121,1.2939691193972722,1.2891957998095904,0.7622998832224057,0.291486237207861,0.7188632036261887,-0.09566214029393523,-0.2051284169313373,0.748256193441146,1.8130825303541198,0.4075017008540219
2026-05-29,0.11370537579518836,-1.8786674008584352,-0.5509230179112254,-0.8003964768073193,0.25853824192821356,-0.49582378682627076,-0.031854200419593484,0.07121054746095615,-0.3639746140276412,2.184973754688333,2.771234070713401,0.41036010484864005,0.23495211215995718,0.23327734380969498,0.015101282506397244,-0.44243677908027707,0.7478330046450972,-0.27239532828288027,0.08306952930094696
2026-06-01,0.14970227019006185,-1.1248910065115436,-0.542228572283372,-1.6762815340870483,0.26999563209871186,0.7599993509020252,0.09094216303413978,0.04930276813903778,0.31382373086921334,2.6120573669307947,2.4781660052003556,-0.43167219198737783,-0.2745028737672357,-0.02753094348559196,-1.590052148332866,0.9687861880112705,-0.7259549655269225,-1.3540207857839544,0.09389573085170147
2026-06-02,0.37939855490340496,-0.19987371108756075,0.524749530014734,-0.4266353949529958,-0.7927749067028327,0.29588149235393524,0.40679447170918104,0.04964768214309304,1.360066235737399,-1.3191506267232593,-1.3463602311013865,0.27704180295545006,0.12892519042914866,-0.02532665133984372,1.4099441964353783,0.20096277192685,0.23366447922431804,-0.1346638862540349,-0.08645422564626049
2026-06-03,-0.5440977243572657,0.5200696179634009,-1.2418594492797124,-0.5830130767372268,-0.45057233637888855,0.1304522367548395,-0.8306539514284805,-1.0098638277634908,0.030501413193371407,-1.994794491111217,-1.9397055021232077,-0.650440462798536,-0.8504665899972379,-0.6182794131372763,-2.025049664798615,0.49429824499392816,-0.45879276867884655,-0.9844912934675046,-1.0049397387663752
2026-06-04,0.41215401106933675,-0.09648934734072441,0.977438168969758,0.3019573582781648,0.14914674067214473,-0.8350013227245779,0.013875977777357829,0.29758034315539966,-1.0501308101112832,-0.06875551900574588,-0.18260390565829493,0.4408417875979189,0.4875163103507617,0.5034126332475587,2.292978805328105,-0.8327470524584797,0.6478897900631455,1.1921463263833543,0.20786307346184693
2026-06-05,-0.826454960719675,1.8910939650033622,-2.7157660721096426,-1.5269982850006387,-0.1774307607280132,-1.4942239080366475,-2.6127742351978074,-2.914055000661802,-3.0,-1.8948036446547714,-1.8389070202998274,-1.4713314835238778,-1.4919077692129143,-1.5336688390969677,0.0782823148720027,-0.7610565551626849,-1.9688900519898809,-1.3086037025140593,-2.877585879826443
2026-06-08,-0.8178332102506453,-0.47751647651028784,0.4686808832604555,0.29680118782279535,-0.5435494134454342,0.5846365813532345,0.4943072211096464,0.12062222136371696,1.603195342815272,0.12036379136774703,-0.18095999487968692,-0.2506348185709867,0.32258157402594934,-0.2823740062341666,0.06387358228432265,0.32750142651009356,0.30330878926048993,-0.273749578499882,0.04729482916556217
2026-06-09,0.9881645302452549,1.348712618014424,0.04959762371222604,0.2501322617957923,-0.5412631551145095,-0.9371915895123261,-0.044343666523858356,-0.4363059827362168,-0.7302994622890899,-0.9559425825092962,-1.2424768361595007,0.850134672208714,0.19634020185434017,0.7424113959466063,0.8112950242156601,-0.7718096113751456,-0.8082648925774539,0.3655125010118673,-0.5214317097173184
2026-06-10,-0.43222600889306656,1.7291778654986036,-0.9349204926034355,-1.5563153389131,-0.6735577560831596,0.15210482703716893,-1.0967527777638482,-1.765045000928506,-1.5017638287991415,-0.6495811380052446,-0.6686523758295139,-0.21302547747125838,-0.6410035444805944,-0.6064484705780693,0.26875474025925966,0.49183688379591467,-2.1563374537123727,-1.158232549005904,-1.825203885672316
2026-06-11,2.104278217345666,-0.2998035852291847,1.9393553412177693,1.762257111327812,-1.840902886534553,-0.7515191108366406,2.136144923888584,1.6041555758887078,2.130963544959193,0.30389332258549595,-0.34962143052041506,2.0231813993240477,1.6638091905443129,2.0387354632352968,0.592042689977885,-1.0770986189602183,1.8657213922783136,2.8910822264133333,1.5899781207716714
2026-06-12,-0.3938167630704211,0.6399324617631957,0.41723692685189806,0.11751699707500268,1.6051867906140558,-0.6941988628448673,0.14514070984075356,0.3749020272173268,0.32950521511287656,0.23038056436019716,-0.1615878415873343,-0.45996094040555335,-0.11223293163148318,-0.2217094140950109,0.932664345797288,-0.6947333636363293,0.15362842513613864,-0.7216629164956468,0.36133962191339275
2026-06-15,-0.07440382105921337,-0.5425711227029211,0.3724729269594322,1.1484863319283336,0.2155726698930663,-0.6682712107608029,0.882748022564276,1.4783436623603146,1.2344036315273432,0.31427471103445304,0.8253103506201805,0.3305854937583753,0.27767621442524115,-0.08964504513649313,-1.4356849504762699,-0.8779983858947333,1.5418717326728786,0.39409909009585764,1.5905705325207713
2026-06-16,0.9238440661763982,0.03374383121489952,-0.8870901457748641,-0.19866361021179643,-1.056755093110909,-0.8520794494648882,-0.4651704552193496,-0.8686783429956372,-1.941595140493786,-0.31043128299747513,-0.6572923951946849,0.7426943248474908,-0.20225356632796007,0.21786546626017192,0.08471429652597973,-1.1807654349567276,0.18906216337947573,-0.23151590043093637,-0.8944809988190614
2026-06-17,0.25589038429735234,-2.4753600665406945,-0.7734978746679433,-1.9440678559051376,-2.526754999140941,-0.5754704408790169,-0.5466115451045951,-1.5036235870445511,0.1623817592896289,-1.2897333396320887,-1.0348876195294552,-1.5794065439506055,-1.362839182017849,-0.9605630304596641,-1.571255042192715,-0.31315361396878366,-1.3015703802147733,0.5322812857296878,-1.5243275569774517
2026-06-18,0.8094098386783838,-0.5430997903650823,1.237211503272148,0.9868199231288789,0.4669601264659871,-0.15846674739423092,0.67190810137029,0.9461252244200049,1.6336185475617497,-0.03386155693472086,-0.11301390035407062,1.0601360559161634,1.0359926919244908,0.6812634491096806,0.4714782671555444,0.12669631504122336,-0.18972806467892545,-0.2789925978348699,0.8413449630939708
2026-06-22,-1.3863940902237029,-0.7427164892242355,0.43184951970067104,-1.3044773098458353,-0.85225249774982,-0.6014058139585658,0.0826819785863833,-0.5531687681892664,0.15471553151887935,-0.7554619110906113,-0.9014445710290064,-1.1358021414672144,-0.41996758879446255,-0.8015048358460354,0.5872204390829491,-0.5134612256980886,-0.32241090014841584,-1.0481788134649888,-0.5538627947983559
2026-06-23,0.19397076289615156,1.889617218989064,-0.9529768089607085,-0.8257563840798084,-0.9523109495229183,-0.7617836532588333,-2.32175479487568,-1.6710025175994438,-2.573279364526453,0.2895001370871304,-0.07037155542059156,0.37922284686452257,-0.47068197857667754,0.24349488007509204,1.0225991033318518,-0.33016583465770377,-1.1209065121570663,-0.48537327817802955,-1.7626038360003617
2026-06-24,2.3306508259361896,0.8264991977424249,0.09128304954827303,0.769268324159094,-1.8332564696425497,-1.7227533612153956,-0.21677988933546644,-0.28766478543138957,-0.45687327241685016,0.0014785535645440834,-0.6516112438666716,1.9407796539056703,-0.2656102072684803,1.1927414269130971,0.6857626049409217,-1.1383794962063059,-1.7854076387602922,-0.5661801687229759,-0.32396353646124393
2026-06-25,-0.12249069185291298,-0.6766148340839362,0.2860303351745766,-1.235722711494403,0.9695331912464796,1.61637740074093,0.45846943952328745,-0.18598165508522302,0.6351309151529898,-0.7836468755081446,-0.7656556436627633,0.1755374695129516,-0.03774714103831911,0.13035323785563546,0.6121370233532061,0.8201088562456162,0.721401127070266,-0.040144082591586645,-0.1250270500012751
2026-06-26,-0.041149296061336396,0.875859578481235,-0.016765575203521364,0.6421246431275807,0.3604900526537444,-0.981269423808521,-0.6497848353910672,-0.47413317316970577,-1.591858953399397,2.084831339639007,1.619964246202795,0.7791942451441162,-0.3683599370272189,-0.08548935559534895,0.21983369798071395,-0.8707023414083693,0.8935072757684774,0.1648124315258197,-1.0770927943564634
2026-06-29,0.12265559227356865,-0.49377359773381,-0.4922480046983312,1.7709656738221862,0.7268745355141679,-0.05174385545141626,0.27952105304754654,1.2996759793187986,0.8218411235633294,0.6229028592164781,0.7042383837652483,0.06304489482068369,0.7643687449274714,0.46803849642986256,-0.6221467004004496,0.45236995607844555,-0.7185475785943044,0.46385782849334967,1.6432997768483375
2026-06-30,-2.134599626810252,-1.6066508834967996,0.15228777182129552,-0.007826983451868707,-0.08489552141681099,0.3059942172264786,0.35823909794761094,0.6452069998434257,0.944502403089379,0.22448976247475874,0.23379913256774007,-1.620458683708176,-0.30049699663450663,-1.764622159364075,-0.0741403981730758,-0.06586363082803848,0.1280479378480008,1.131496515866916,0.6326104836377211
2026-07-01,-1.2010040423993436,0.25339802829239794,-0.5508138623727873,0.42949381570989786,0.2880249529651648,-0.34659173670301324,-0.946910285832688,-0.4898265215168489,-1.9688386487670815,1.1246166859877815,1.1334085820292465,-0.7644815144511594,-0.1456202255707652,-0.6648840194883852,1.2010632982479383,-0.737357276110266,0.5582596872266252,0.1558361582580689,-0.39936949821015527
2026-07-02,-0.018190095125035985,1.9683367095928548,-0.7050513969483099,-0.7668942010010235,1.0009595573784031,0.5438559027258093,0.15634308402635566,-0.4054875861620568,-1.628293413214753,-0.2348704826966457,-0.014107439697581686,0.31177542189447816,0.49682576921548843,0.45974115569104435,-1.3367891524171245,0.31811416120612823,1.4874914504700896,0.3343638497039853,-0.39126146165393244
2026-07-06,-0.11096847977064873,-1.1267018572770233,0.17292596704735752,0.5278366818057116,0.0016087645202596131,1.177457141703531,1.155973058397,0.72776326897645,0.43674376590129393,0.6522279287295433,0.4071412174913428,0.21973579360898807,0.7486516967452512,0.06340278998583096,0.4338421239630484,0.18506947275299995,0.8336340011725251,0.32561330240572584,0.832513054867453
2026-07-07,-1.794402741106635,0.8874763641554634,-0.9491630988184515,-0.5007162063110024,1.2057424668196404,1.096218066460761,-1.446754521395695,-0.8723663986662078,-1.351619583276543,-0.36561399753087553,-0.45182148651834103,-1.5440812161598685,-0.6238686722761514,-2.103283567115456,-0.6335302471746025,1.3984614963070536,-0.6472953837581248,-1.8505105026416526,-0.7727519033612238
2026-07-08,-0.35419961565667,-0.638399462048212,-0.9409426807632074,-1.4871310619937619,-0.8439156740835357,1.402083953927282,-0.2558301612290117,-0.6413827047240342,0.4434323287029361,-0.9795413756612638,-0.9104487836170987,-0.5868005949386553,-0.6049691808675075,-0.5562721596168333,-1.9149445036213373,0.9538899761448962,-0.3694608759555636,-1.0131037263083404,-0.5664416394697563
2026-07-09,0.30948187413139167,-1.5125293209555435,0.908755859889258,1.0458314580066694,0.15093130899079696,-0.8564256002213243,0.3666688399825793,0.8525625002667866,0.5918175919641764,0.6971090274335247,0.5279675946729557,0.7088202085805467,0.4198309421783229,0.13939475999508064,1.2835159321074983,-0.8003348439055218,0.8010134689788675,0.0006067158413333135,0.8271761217756297
2026-07-10,0.015956910223452293,1.0635136421793252,-0.5022685791132232,0.25923985797334753,0.27032329008438466,0.14170363432982117,0.35547345377193984,0.22660029355964412,-0.00398443718874151,-0.7842089905879587,-0.8113708301028552,-0.2021628189527298,-0.25443689686355025,-0.6314965145267877,0.2690343058717851,-0.0369308961471683,-0.02970768128210212,-0.4446008061168251,0.3467617989178267
2026-07-13,-0.9738414895892064,0.48429049921848366,-0.8438913537689169,-0.8401000500099034,0.2823196750617334,2.0658377811845585,-1.4408475897026318,-1.0974793823165385,-1.4196548024758795,0.27178503122790476,0.047307616736747264,-1.0594692496594953,-1.0444719309141437,-1.2842552931438933,-0.017368727480168114,2.4364246774473526,-1.537453168470906,-1.3107554412280422,-1.0772736458441896
2026-07-14,0.27114308756939154,-1.4542734250210225,0.16397770645837637,-0.08916173720626389,0.39391444857999447,0.789916250664187,0.7634818846018556,0.30116697884816107,0.6069173550309591,-0.221937604485002,0.36552682320927465,0.9133047009055775,0.8112246395283045,0.7347489399471139,-0.2506321138652525,0.5946851277644047,1.068710339861038,0.45912241870738235,0.28199369901618326
2026-07-15,0.4061146508847084,0.023884735290415907,0.2591979144189123,0.8511687416959187,-1.9798115931418638,0.3689066688375006,0.27054581343528705,0.284428741129215,-0.623084467672689,-0.055529454272903504,0.06427275319373776,0.8437991937436213,0.6749252981309884,1.0902160298938945,0.7151885883150142,0.26803163089212223,0.22578434306928913,-0.024223992618335015,0.3534643722710031
2026-07-16,-0.0012772393754537012,2.6154262893568596,-0.1534947815058812,0.272743421195885,-0.8516720232988647,-0.9282139505395187,-0.86354030577373,-0.733385405664301,-1.2309295823118551,-0.01936774638710771,-0.1899772147355912,-0.1385424537547522,-0.09353333324742956,-0.1643655488342129,2.0283081470963076,-0.53720642947237,-1.0964600158610933,-1.3007530015539803,-0.7915923565158652
2026-07-17,0.7020892927932467,-0.7752030139914929,-0.5641492271173267,-1.3459781108768312,1.1540785747635747,1.3085452828157327,-0.6775069446344054,-1.2959229262113288,-0.7584258989884011,-0.5281151185942372,-0.4995378377974149,0.4454321794967075,-0.8664320477747075,0.20604503149878176,-1.346172977135565,1.2265560665574435,0.7919630855724177,-0.07685887999289778,-1.3237556896982248
2026-07-20,-1.269855453345365,-0.44097849291329305,-0.600322789660562,-0.5674220660274073,0.6531615075503663,0.5853033340631444,-0.3019328711082117,-0.3512083352819279,0.02779578134220287,0.1837105988507289,0.0422801415784059,-0.9620806135036708,0.12962863295992783,-1.0806707380687781,-0.9254863296891892,0.39184450636309875,0.033730107595092707,0.14928030333130216,-0.2948520769830223
2026-07-21,-0.42527882305499926,-0.9444128344768274,1.129117594355058,0.22025918099884073,0.7706763315533678,1.1932396435284804,1.2382529518109433,0.9497936731498756,1.227783423152789,-0.8768017046597375,-0.6963766789119882,-0.7201894504585007,-0.21083102744120422,-0.7757985807353541,-0.027847080423371123,0.848305400732954,1.443182998386725,1.0608283591013257,0.8999843432748655
2026-07-22,-0.39197246380034945,0.33161952276525164,-0.8869410713906204,-0.5845713532725623,0.9907018185145247,0.6816799540867646,-0.033749235724529064,-0.2988067685956857,0.05520306664512487,-2.1214042429174187,-1.5152693566990876,-0.6319302582466073,-0.7406553813713986,-0.4281111994374032,-0.521958473786638,0.6798396237150521,0.8952623505557751,-0.15167513731069548,-0.2464273700948678
2026-07-23,-0.5071303804901506,-1.373201027721041,-0.5767162522336159,-3.0,-0.9594900853483892,1.0477679170718648,-0.8054114231572418,-1.4472605843052608,-0.4310877456558407,-0.9436119360885675,-1.0555523864060097,-0.7670790952375819,-1.5640306412773874,-1.0664712728898929,-0.5712377708894125,1.789741179889833,-1.1551515759493698,1.1303863808035781,-1.5609727005112999
2026-07-24,0.24590341586607325,1.0287046090278087,-0.3674063986893039,0.5345722790289196,-0.4571939767207694,-0.4591597072752388,-0.24076445340245223,-0.05350068509401135,-1.067371870096383,0.9014075134531314,0.4438629253129162,0.6839730619697414,-0.0033020903152939773,0.0018610805526599514,0.493432568650727,-0.6265333849913293,0.19768326879786557,-0.3384647469763504,0.03780553356302759
2026-07-27,1.1141563953038425,1.3258452681747277,0.3995467444844007,1.0496482024796687,-2.0552508913305214,-2.4363542014397854,0.31240773408880407,0.0318021016713969,-0.7388009416071055,1.824204189551238,1.4914092688035754,0.8913603523331933,0.19032049737857126,0.8467359639751414,-0.35493428317035,-2.6009436772883485,0.5931420670913089,0.6757074967709495,-0.05961998879507527
2026-07-28,1.0558813316080753,1.8084943584876854,0.05022622778450864,1.175222554091503,-0.14981284512795268,-1.0868609771648445,-0.5300695493297717,0.19575812763055844,-1.0656182022509486,0.8594173275371999,0.3673821620123267,0.9813956883201215,0.817289516737155,0.9430821788924164,1.193977623310794,-0.9616095768021214,-0.7842360086044564,-0.2696753130809117,0.22131608735124544
2026-07-29,-2.6990677173293753,0.24985708989592298,-1.4781851527544971,-0.5169041799893411,3.0,2.1487702278873044,-0.8234338873623034,-1.857756598231176,-1.4122141385353284,0.531960277093387,0.2447601045480553,-1.2589754454460564,-0.9971582758710146,-1.617225629488577,-0.755654266769911,2.18946867937441,0.44192376711397713,-2.5110593808584643,-1.8588684219693112
2026-07-30,-0.05407424504027089,-2.025491242004321,1.1166808977813416,0.5769723450747409,-0.04656931957731198,-0.21348545413509964,2.159929114009881,1.8130088179637076,1.9010916180008117,-0.36168294988586114,0.4343751894229259,0.16614051832684285,1.24416917484055,0.5781224322731168,-0.433127012903481,-0.36477524433930764,1.177275815667654,0.8579585191719127,1.8616621035942356
2026-07-31,-1.043757418749513,-0.4824851625556812,-0.46815439606689846,2.376815060206335,1.5368688696810173,0.30494035235795236,-0.1942708745708704,0.5490879669423739,0.052597339426191776,0.18094916393124455,0.5849525777222381,-0.8302436844864814,0.023618790189212504,-0.37740659205081656,0.04240771328966472,0.43221947381086845,-0.8581497396026874,0.3365746003819991,0.7611305133845865
2026-08-03,0.6620958184512308,-0.23107222691703952,1.4436095447747541,1.3139333738320924,-0.44058940561510657,-1.2428204958448283,0.403235343999892,1.7054937748940302,0.2508687958421753,1.2795268223858192,1.3226367101628667,0.7230263438899486,1.1762674371675375,0.9972885768478548,0.9228522718919716,-1.6191782938889263,0.19239812133172135,1.623909935434862,1.5720659003088953
2026-08-04,1.3610720684032878,0.5069215587646869,1.503651625118637,0.05495867208132579,-0.9605442292164261,-1.3864095609537095,1.2967079593086106,1.9897733085031,1.5312213354696884,1.1696989570509495,2.0762780173144715,1.5019681978008117,1.282925042050902,1.858257670173041,0.6560989845265416,-1.481261907308093,0.6049544236656731,1.4571837421247429,1.9093388154467135
2026-08-05,0.43880196565212976,-0.0793229224707247,-0.6439427322385083,0.21788127189497106,-0.5026356360812113,0.40724293099983366,0.026843750888048624,-0.4422383413359167,-0.3217474248116517,-0.06430389657798873,-0.4051175960679907,0.24419414840794224,-0.2265550064848423,-0.00200795111228938,-0.6647270195178056,-0.17298048135702548,2.7483050504232365,-0.06226729330980737,-0.3137885070506617
2026-08-06,-0.9213172265487528,-0.28421691690572515,-0.5120195153523602,-0.32263531047386246,0.16804379836739067,1.1644623008493786,-0.2038971068204844,-0.26073867200513556,0.0771592022837981,-0.8953738624915036,-0.9381569628736262,-1.1910385453939045,-0.41211343253637067,-1.0118784956805875,-1.0552558189572274,1.091869289779594,0.11327747152692816,0.09529227073522584,-0.261601429659274
2026-08-07,0.5406822766226866,-0.017577754418584803,0.8582341190322518,1.0363709460474742,-0.16399020729558683,0.1947463566094898,0.7767667827095996,0.699437563712648,0.5344478606018002,1.1340783922849687,1.376949120550122,0.7689767969105733,0.783995745327541,0.574587674011956,-0.4615680882494469,-0.14124458474671078,1.493970116298823,0.6206216097410013,0.5896180483197597
2026-08-10,-1.3769594775920422,-0.20561733365355533,-0.5475955522672081,-0.13181783395328314,0.9453515497263225,2.446064511755887,-0.3944414640523884,-0.1394797918438499,-0.6759236130788178,0.1542977185893909,0.8817433764832653,-1.3555116223700978,-0.8216272782165972,-1.5770341974047235,-0.38095781188547706,2.0018491311405118,0.6997363891706501,0.18790608576282553,-0.1186829135501112
2026-08-11,0.3250268747734985,-0.29477457224958403,0.20057601380019094,-0.2709494009250823,-0.3827831885165701,0.35762444926551507,0.04211711656442108,-0.3674549722448304,0.1664962696795774,-0.19665879095443006,-0.5855791374069363,0.39732588186201123,0.0935041376975326,0.14268597625982057,0.6601623922961597,0.4285838341368197,-0.1873901606169482,0.6198927678525619,-0.42524286949618445
2026-08-12,-0.15584240907391236,0.4031523612297239,0.3756825468822054,-0.8363335437301825,0.5518732093966902,0.2731139999005177,0.5124250874610818,0.24922153451202061,0.5656407306153829,-0.611170277221608,-0.4656966878263787,0.2979105639579882,0.47281955038883505,0.3955356547771128,0.4036669455805268,-0.013898752777173713,0.6495602835621243,0.06618902846586457,0.1938059982501508
2026-08-13,1.0338242708353804,0.9927940898703591,0.08347841003161886,0.3098435264692459,-0.6960188917373633,-0.7358415970638598,0.09166011209706283,0.6218218970671213,0.1608227140508164,1.9023167572816646,1.2790979013505923,1.1570844571700227,0.9400687762083395,1.213681668214899,0.19815915976655563,-0.4540470308016968,-0.8845955481201061,-0.31484816559135953,0.6898676519442931
2026-08-14,-1.182082204183144,0.08172386914153433,0.3001876591282246,-0.19437324113130822,0.9129451772008247,0.6117785622987758,-0.11224900995134977,-0.26887323346428876,-0.11975442596911606,-1.0778472826222123,-1.0250558874342197,-0.9764678506364387,-0.6403208299836678,-1.2379493452423296,-0.01984203479062545,0.44602243024872334,0.41859951993544336,0.6871940440546476,-0.3450995002359484
2026-08-17,-1.4549632998307407,-1.5075202962836605,-0.4605992096677195,-0.9007113270401297,-0.8459384108051894,1.204402612851274,0.09213987515355568,-0.6267403509249082,0.2724370946962058,-1.22383334325159,-0.9663744504132755,-0.7435870710601153,-0.754935842360475,-1.1978714144050657,-0.7737778943614722,0.9064531627211332,0.6583693140571482,-0.4222829355957792,-0.636202782630041
2026-08-18,0.738785850940804,0.9447928970699173,-1.2884924519445697,-0.23127554515690374,0.6574750373771294,-0.039102057711881376,-1.4116681832430455,-1.0184161446921924,-1.2136625640610572,0.13686523414257115,-0.09658616020181532,0.3276202671698378,-0.6098512078849487,0.4696775030952885,-0.7633880267798607,0.11182377943548281,-1.0395017992713778,-0.860034831046158,-0.8489016295375097
2026-08-19,2.825418968718386,0.9764624443771927,0.3702162609968801,1.3887705249490154,-0.6170445996014815,0.49576589267201715,0.46168003834763394,0.21235124700307917,-0.45760937756683234,0.5827472154035795,0.2933033888986917,1.6018266982816793,1.0614569552090336,2.122707726382283,-2.109378560078294,0.07750448229109727,2.302918092666106,-1.1664864917709628,0.17282605657631947
2026-08-20,-1.3116209223862774,-1.3316900872801012,-1.3264644502751197,-1.1385105022015165,2.4994751580368066,0.8149487652468914,0.031746778459613725,-1.0817335537513897,0.10788543609048863,-0.2768426829037292,-0.45963073043390595,-1.352776786809963,-1.0434015120760904,-1.3816652725216012,-0.4199132676866788,0.8234681032603288,0.19529641123901287,-2.146485965930646,-1.0021066434631405
2026-08-21,-0.5152030092788139,0.6778953817214364,0.6697153013973691,0.8578997291801437,-1.9593365317404743,0.3160307665947238,0.6260446007230577,0.45216419766588567,-0.1044924954894856,0.3440550035344766,0.547166370944284,-0.6184825110826064,0.257393428499333,-0.3189495894359842,0.05189539464168915,-0.007570204340589141,1.1245997691405325,0.18364407098338523,0.4204343477153127
2026-08-24,1.1040103280046023,1.4585154658829647,-0.6693471788864039,0.2003577737528082,-0.25926921755617577,-0.7590370502316214,-0.528806367807985,-0.3947456709997525,-0.6894730176228603,-0.26091189307358703,-0.46159614537451116,0.722149224840613,0.5210696303286585,0.8305740134524467,-0.2269100413787804,-0.5694739102177554,0.43037320359000375,-1.2592445306714461,-0.3684033455826227
2026-08-25,1.8208176817199677,-1.0521484556108631,0.3450259478274101,-0.1948344907626136,-0.7786317945864898,-1.2124075973487052,0.8498980790990838,0.29192841896257055,0.505909629664969,-0.3315675162988987,-0.29304761053767037,1.7720589550106691,1.3398200583965068,1.9405027667548758,-0.5858446621113758,-1.3752980209994086,0.16025931238378494,-0.0841893875968317,0.3332256124907477
2026-08-26,-0.2837339756194005,-0.35952683551346964,-0.1580480708324713,-0.4952450182381899,0.9367267931710122,0.012239343673398915,-0.3256307191461964,-0.010170581119158093,0.024340376377840308,-0.21117161996703937,0.307247992651608,-0.6541989700900737,-0.2182532202753633,-0.1626944145378572,0.14823792741347142,0.3045778366155231,-0.9796145315694441,0.3805632733578325,-0.0027300343282424676
2026-08-27,-0.273422960536398,-1.3272119362143715,0.22848976379991748,-0.7982245481477437,0.3821381505208311,0.9161534298456484,0.078599087513069,0.688377690913138,0.9516609323236778,2.5015084234678953,3.0,-0.2951984038352934,-0.2733591084361193,-0.07829609974410649,-0.3790738670361349,0.6454662881650802,0.14856009414791926,-0.08389948590033057,0.7102032625508402
2026-08-28,-0.43287667798111595,0.31936340396158064,-1.3482267064344038,0.8305538175691928,-1.0957240779251642,-0.14687586941269162,-0.43431411206127407,-0.4352458133636488,-0.9697575475107318,-0.4420846218860884,-0.44017484681539204,-1.294362792674725,-0.9413938008364502,-0.9812096007517236,-0.2118111603232466,-0.04717853279080442,-1.9047581475284125,-0.7971993555808308,-0.3076941923249244
2026-08-31,-0.6303167655215525,-0.5672071153978409,-0.6160490638967409,-0.39143795194383496,0.1820905448901411,0.9584475678479016,-0.22518086501623874,-0.40338542492250257,0.22951714256311445,-0.0011053635015940515,0.12497489773187546,-0.34276379135155866,0.3799645648464876,-0.30711054490279693,-1.046593878247959,0.9359558497500208,-0.06900983113728953,-0.9772833736815979,-0.3774099164644949
2026-09-01,-0.5909479243539384,0.24399788832867883,-1.287788909604707,-1.2756831818893066,1.6091181073000824,1.4403186402608001,-0.7349348075651332,-1.0657676907908915,-0.6357617524207415,-1.8044549946549995,-1.779592789339449,-1.0670395073202095,-1.9808021802232485,-1.4567352004943896,-1.2738929637771748,1.5934419522245427,-1.706138182838446,-0.8568106256571494,-0.9261801185360202
2026-09-02,0.2115460562369094,0.24233282942089565,1.1900424198540855,0.17092481176585322,0.7495910910262777,-0.0638603481640811,0.41282756275959825,0.491325202787808,0.3374439950728416,-0.5718774742451856,-1.322902059941671,0.3075405778434012,-0.018423438430184427,0.4307536420606477,1.9406273359070196,-0.006384846998655923,0.8746095684821971,-0.32013714097842455,0.46782192396626926
2026-09-03,0.3052987779233016,-0.3315839534569025,0.35580351181226677,1.0078965511624018,-0.4873301385614426,-0.006172882899897043,0.7814678682559578,1.2253293430676457,0.1436233496334233,1.3245459532171193,1.5148911425975469,0.39054947811421137,0.5988037510841325,0.4989867022873322,0.6884844220115639,0.14523510603252018,1.0326418658495844,0.830467282712986,1.1734834166280244
2026-09-04,0.3326694412857135,-0.7536050636256153,0.2033321471975511,-1.0135212753145695,-0.2854377741854149,-0.41954383352864827,0.3555378603285263,-0.5391216921462653,0.826793637464917,-1.4123261072829494,-1.1773093386474585,-0.080755335062159,-0.44872695056682577,0.006810959667271545,0.4004257267711154,-0.07231162272128219,-0.6160860255263865,-0.1730399656309123,-0.622859840886498
2026-09-08,0.0715517851092412,-0.6174283555159029,-0.5680364582163456,-0.5940174121477468,0.20573070633717552,0.9711171701101932,-0.45341855308282714,-0.8318752970778261,0.4152845332367759,-1.4700710432656054,-0.9721981879571071,-0.2652655934908354,-0.3512959057046404,0.11274173969736906,-1.2176611320441744,0.7980850654929146,-1.1413767173862683,0.1885252292599836,-0.8064171425759145
2026-09-09,-0.871601021349515,-1.0470615310830909,-1.5759188405071987,-0.9789216794777554,0.33375050180083965,0.95978455936151,-0.8303147909449055,-0.7789514260981824,0.06060219539706631,-1.0714056806880774,-0.4844932066827587,-0.897211102394112,-1.0833825464084892,-0.3948503703209651,-1.0746834341818052,0.7207438025397117,0.5209875253684538,-1.4111993950252837,-0.6741178913325312
2026-09-10,-1.7940429910661393,0.07338773261215849,-1.1251926076726626,-0.27690437642570376,1.2602774097852214,1.4454613614216596,-1.3360976447174415,-0.8602245232443612,-0.7637404536786975,-0.3562174295565586,-0.37480677353567865,-2.4523640395903565,-2.5463067452347716,-2.5509942479095695,0.4086724847552203,1.5532493539398895,-1.1143591341096022,-0.3545481762090247,-0.8291031051683813
2026-09-11,0.32783649172675217,0.35192099892968587,0.49675362411685253,0.73358211312374,-2.116662721343165,-1.1511041511425704,1.0012943841815443,1.0748269278412952,0.5428124304167702,0.35678976080795904,0.0569228912071328,-0.4667814419179714,-0.1153873066435972,0.04824891115350979,0.06933111013458422,-0.8467500191544161,0.3771624721133637,0.43788152310804634,1.0968014208994272
2026-09-14,0.2684187456010555,1.1694968674781494,-0.38653225783675965,-0.05531286572202971,0.18971754529667634,-0.26036823709730444,-1.2924083146302343,-0.670184556180332,-1.5531332698231097,2.0553497223633452,2.1944415768357675,-0.16860937598735878,-0.5198030557089475,0.09123749178143066,0.19256285760876068,0.1722310086692421,-0.9781958530906141,-0.602027049427339,-0.6845185734478226
2026-09-15,-0.290184463374377,-0.8078346200071688,-0.7916403350716215,-1.306982918465206,0.8168234465230358,0.9229670839277785,-0.4009962539606438,-0.7243103204825204,0.14095779412628787,-0.8148361004116011,-0.6153923460960264,-0.25715853419803913,-1.092679049158754,0.10693519387883008,-0.14364110378395722,0.8289525835544451,0.18797064438171807,-0.16496936506689613,-0.6754612114321831
2026-09-16,0.4979575752223459,-0.4860709880082179,-0.43423113692317705,-0.45184147155245197,-2.2370791640465146,-1.303356211591249,-0.30762236485819533,-0.6255975603300914,0.3307518012058361,-0.803907009436033,-0.4153148720989,-0.2003642849078821,0.34903677995042937,0.6404613940054527,-1.6913835196264866,-1.2556530897365685,-0.42197405006170824,0.3162445503332925,-0.6468242772107724
2026-09-17,1.9372201845889045,0.1888411752390834,0.7169660190453081,0.8923165636076175,-2.060634994177717,-0.5715870567407326,1.3597254107901435,1.4933675483507634,1.0657959707013225,-0.013998726073996944,0.20488153005687393,2.0390807950987364,2.204620583789351,2.1075829599882097,0.003152530514258446,-0.35509981390083606,1.0284678670082341,-0.11677794038463085,1.509615864658942
2026-09-18,-0.9384067053637151,-0.7886088182588762,-0.4959365274786453,-0.21681966649078113,0.49146619389598395,-0.46929694099590274,-0.6325577490246528,-0.05228117076887497,0.8422163558016815,-0.8371689807064738,-0.7912127540214173,-1.5182256286435396,-1.3568696898755175,-1.138247265806974,0.03514868965662498,-0.5072913030688456,0.3628518211707183,-0.24430266278494464,0.08295359348758316
2026-09-21,1.2924145507840972,-0.3831083556097395,0.7312529781737609,1.0470068844935316,1.281760871240579,-1.078694022500884,1.5543755360063052,1.9804033978338595,1.4844799138572178,0.9485300482182816,1.0488410715502943,1.4683807584990731,1.0768940217536649,1.229405787385246,-0.42391750860006727,-1.3065501036695166,-0.5581931390532895,1.0504318413874152,1.9919072903566064
2026-09-22,0.048100788044235274,0.9993968024238457,0.7849736338315584,0.08652544277842932,-1.1862011782121922,-0.5701440415043967,0.3540526225959906,-0.060392754340099594,0.6954912278333332,-0.3773398068079114,-0.33181478219639654,0.21421251195712168,-0.0753413243620841,0.14004539198845023,-1.0085720408397525,-1.0296483653454716,0.20134741769151743,-0.3817980021386585,-0.16692529509705523
2026-09-23,-2.35046567124277,-0.3356967850320557,-2.086239391525668,-1.15974678385265,0.061191133195352874,0.700140010874711,-1.9274560557382643,-1.1984597301904787,-0.3531261211804737,-0.1610190668657813,0.44795572163221964,-3.0,-3.0,-2.91205060223548,-1.0179016870072255,0.8294738577693582,-1.2813775611466423,-0.39272395668401344,-1.1182621641962274
2026-09-24,-1.877653168308182,-0.8741939901563663,0.008980340947766167,-0.17037717286762963,-0.4829569857550595,0.44662495483351183,-0.41738549370891703,-0.11099227176225439,-0.01364050452252905,-0.606860923741851,-0.5640639500554278,-1.5092032438254854,-1.2476339692253728,-1.7221083932772205,0.8371105514330723,0.6761001954004231,-0.2784764658211628,0.1865295598032675,-0.19162143887864216
2026-09-25,-0.0250484023110877,0.44946401248331547,0.24128710552345006,0.26050472400828606,1.1899109432823745,-1.4002152923787812,0.901302823539484,0.5654520491217544,0.39575938708534475,-0.9992634677729937,-0.6269554862855868,1.2538377334399404,-0.09614665156900674,0.33898509931690246,0.9322165882087028,-1.1559995779383483,0.21973883674120603,0.1685684120523376,0.6873539953916813
2026-09-28,-1.2060447866960462,0.3174512400146845,-0.7144724435729889,-1.065763289814974,0.6940856121154036,-0.7486338839524181,-0.7649474579372411,-1.157929494997294,-0.4548454540972694,-0.8556444205429252,-0.3703818785572907,-1.3722096301356803,-1.8622467114597816,-1.6721417524255637,-1.2893570088385267,0.1432285399450582,-2.531900268857696,-1.1365508280372612,-1.1276213330011744
2026-09-29,-0.577966075738176,-0.5141405406584393,-0.3040141428949933,0.21071111903345877,0.4858796931524343,-1.2803284168621598,-0.2856084994943545,-0.251157397437841,0.44766656306560526,-0.20011387991582527,-0.19072726665666126,-0.04792241339013367,-0.9587916157344338,0.06697763582928817,-0.8884488565558103,-1.5116601998080612,0.8327360845903897,-0.05656666240590255,-0.3135072363420671
