date,TLT,XLP,IWM,XLY,RINF,PDBC,VXUS,VTI,SMH,XSW,IGV,IEF,HYG,LQD,KRE,USO,GLD,XAR,SPY
2024-01-02,-0.005764808774132324,0.011245154027218707,-0.005929006043575047,-0.009283649025023433,0.008267011265695956,-0.008270702743443659,-0.011387194727795036,-0.006702484411867382,-0.033739341558764235,-0.02714031089650526,-0.027783264557335374,-0.0037351007207412357,-0.003359563203673366,-0.006777717626728741,0.003242416432584383,-0.01320337378343206,-0.002353909884146743,-0.01388283506718968,-0.005596289633450269
2024-01-03,0.004170797234626544,-0.007825310395296659,-0.026664023923964053,-0.020208933063462498,0.0,0.01364675966595752,-0.006282733392807827,-0.00959138754204969,-0.017754606773306092,-0.029264840610669474,-0.016127052064895953,0.002395209685962074,-0.002722845197145052,-0.002274186717106441,-0.03288979132556147,0.03679498132671655,-0.008336809604204354,-0.021267363622832547,-0.008166888610744771
2024-01-04,-0.015194438450756853,-0.0013835457160485953,-0.0019568750959599868,-0.0070287929689039075,0.004730285266865586,-0.004487651812313809,0.0005269013534954237,-0.0025709370201604242,-0.0059047246226479055,0.0011269930278003937,-0.0025256791308791993,-0.00602533764509805,-0.003899917791921448,-0.005562949992345856,0.004914485135386393,-0.009092282217100456,0.0010046128932528209,0.004361602805956988,-0.003221073966512722
2024-01-05,-0.009566246875313378,-0.0022169221950215645,-0.0029409057568037245,0.0015665977548482424,0.0018832727145130512,0.005259156316021585,0.0007019009053432779,0.0015034997450988907,0.006606515159463866,-0.0027440404568275234,-0.0012144295803854233,-0.003657979409736889,0.0007833172207341033,-0.0035761509915347434,0.011932700650371775,0.021607208688273705,0.00015845540955172766,-0.0030473869734037873,0.0013697650781061554
2024-01-08,0.009866274495176963,0.007360042119300747,0.01800760798928347,0.017031666046260385,-0.0003132776802137194,-0.016442503365022954,0.008244269663261194,0.01428445666379985,0.03540460434537018,0.028926047125429122,0.02729210510783253,0.003356623643890444,0.00560734028938259,0.007638120193626419,0.009279022557058925,-0.038099337967926306,-0.007816271130823282,-0.002597877764046519,0.01427587194909341
2024-01-09,-0.006375952184931477,0.00261945021323573,-0.008946042116194541,-0.003702437715375484,-0.004700837622686138,0.0091186060908377,-0.00974256874657664,-0.0018608576289020906,0.002675001848451375,-0.004045359416398497,0.00405436215759547,-0.00041825141298657,0.0015565635230410102,0.0017352162980261987,-0.011300510037069,0.01490960603944691,0.0003193567900841021,-0.01064870527378603,-0.00151697747749302
2024-01-10,-0.004657325523538702,-0.002062756538828703,0.0005641546093198002,0.008004026698122724,0.00503789580670766,-0.006777136854043575,0.004392195685233524,0.0051693064586297854,0.0009279570259685954,0.013012082572946726,0.013718814493092868,-0.001569054994597363,0.0018126092676431504,-0.001276184081007159,0.00232459938558649,-0.01231639469612733,-0.00228804710551489,0.007975531896113441,0.005655408921280358
2024-01-11,0.005614887886746578,-0.00013760520546002297,-0.007842870896342946,-0.0013044142128009195,0.004699231787197666,0.006065270135855894,0.0005248534407094052,-0.0006744324552735437,0.0056785676297770316,-0.002786571360137269,0.008065520995105269,0.00534274685799585,0.0032310860551232334,0.006025105653678864,-0.013142549653839763,0.016376262128399377,0.0019733072916665595,-0.005454163770484133,-0.0004406430412424722
2024-01-12,-0.0019647202731721825,0.0031694296939255295,-0.0016533948435194512,-0.012039998708780697,0.007483630180285861,0.0037677744276738423,0.003496397832346787,0.00016860537319751678,-0.0035147146232076265,0.0010905370754483723,0.003018806439333721,0.0027096572006966024,0.001030967472492872,0.0021780670907094457,-0.01312196976211355,0.005469255119616934,0.009794068475553752,0.008650834024687803,0.0006927159626370916
2024-01-16,-0.017612838099672956,-0.005494455283329258,-0.012368613577460552,-0.001149779285284147,0.007737537711015818,-0.007507418672157762,-0.018118507823801977,-0.004639128481135679,0.015900625027112536,-0.009326680292374268,-0.00029370870538225624,-0.008106040843885332,-0.006306504804194923,-0.010141392042251285,-0.016868336600285527,-0.011320151147712454,-0.009488181898979597,-0.022667727679522076,-0.003671299427632224
2024-01-17,-0.0015820026501385254,-0.0006908708171402544,-0.007126383729647134,-0.008747716262011762,-0.0006141745132917098,-0.0030257138678604356,-0.011000459035439891,-0.006016654796120013,-0.006033090646425654,-0.007078114893048992,-0.004332215461741451,-0.0032474015356539487,-0.004274455303785896,-0.0021040313132975053,-0.004238996331040412,0.010260259351765777,-0.01101595063528893,-0.0012537207724527821,-0.005558496769803578
2024-01-18,-0.009295601500686201,-0.0012439731216437044,0.005910934411580859,0.0056898987502458365,0.006453416027768499,0.007587241491450625,0.007534910033508702,0.008823894777317598,0.03246689051149643,0.0058826715045829925,0.010201883235567921,-0.0022076342129877524,0.002081550040009761,-0.0019249443557223245,0.008919599578363524,0.016485061479846408,0.008232882099906247,0.012788192082380023,0.008892670890232601
2024-01-19,0.003198935377967782,-0.002905916106931694,0.009601057133901358,0.009640936048917359,0.004580332004144205,-0.00225907161124439,0.004985633395065525,0.012169356674715637,0.03810094678108067,0.011834288415852878,0.018080452330698327,0.00010522272320678816,0.0016876447954814466,0.0010102977546762038,0.025316274103371006,-0.0034752081125677403,0.00298872590696031,0.003485996985200135,0.012466216866468871
2024-01-22,0.005951862700636523,-0.004857992409785794,0.02135851450309678,-0.004402963332805654,-0.007902854081894506,0.0052829717382310015,-0.0005314964381881726,0.004341634627842872,0.004647961801111711,0.02223590331109837,0.009130651950618907,0.003054778158344984,0.0007775026960759046,0.0027526124568635346,0.022143987098119933,0.012641713897703744,-0.003777957126316789,0.012197053528619328,0.00211434569673008
2024-01-23,-0.007924128428539179,0.010878799028423813,-0.002900205345574669,-0.0024121476750580406,-0.00030623693218700954,0.004504575596131266,0.000709087293580879,0.001829043790158691,0.005105054505120776,0.0022616163267430434,0.0019421831128665357,-0.0025201335845176365,-0.0011655215269188446,-0.0036599702556596725,-0.009585962207152687,-0.0004304602991239692,0.0038991332271092194,-0.001449170811196221,0.0029164844868880824
2024-01-24,-0.005857266578574216,-0.012279282890151233,-0.008215497213591716,-0.003799708857096462,0.0006129220246593459,0.00822117428562863,0.007085848450707033,-0.00016603863453756862,0.017776816517524052,-0.010353627208154026,-0.00035456342337791824,-0.0028423243841970702,-0.0005184595819867077,-0.0019287955224017717,0.011614474831465271,0.012632747734072192,-0.008246890539639895,-0.003131205600921172,0.0010931825333377887
2024-01-25,0.0065345604829061266,0.009638104984431628,0.008283550701296827,-0.012367120637315598,-0.005513049422875005,0.0066716369949022525,0.0026386777360889457,0.005560695856061892,0.0,0.0012070924599820732,0.002814144221439996,0.004328589801685823,0.0076522887157657316,0.0066251147588825,-0.006123147638501636,0.023958072291919263,0.003969986681303217,-0.008351379269225134,0.005438841777654968
2024-01-26,-0.0019159244795209363,0.004842307958468517,5.10104970941061e-05,0.004564237858257547,0.0009239134525791393,0.005154669442218873,0.0031577199615198115,-0.0008254787659577323,-0.021313005016145747,0.0028132898333472767,-0.0017449855733223663,-0.0017871516476458682,-0.0007720687981960239,-0.002833719437563942,0.003657906393905952,0.01204478854705715,-0.0006946931881827156,0.0018542228006173112,-0.0012703888957987797
2024-01-29,0.011516519549132465,0.005783016393939411,0.017501963723762337,0.014620369466710637,-0.002153808123718237,-0.008058557592463766,0.004722065165518874,0.009086529367892116,0.011738364322989803,0.023311820624433377,0.0198672559910833,0.00600227937131681,0.002189544605108562,0.004125173570572294,0.01668919484814646,-0.014363822767178291,0.0070584854445867595,0.008868659215586439,0.007919316407323462
2024-01-30,0.009065860884482468,0.0056122585506666045,-0.008525182385209829,-0.0005742649860884796,-0.009559143262628855,0.006646923017972872,-0.0031331289272654717,-0.001391651936336502,-0.009922305380268281,-0.011031395583271819,-0.0044937057894011145,0.0013608041291783834,-0.0012850386654341683,0.0031951650929509245,-0.003962338812718236,0.010548153707779617,0.0013805262268788976,-0.007338203257278075,-0.0007733599780598288
2024-01-31,0.009820592324770505,-0.007350946744516862,-0.024429739545960394,-0.018208901593482985,0.00031139319273032484,-0.008070458287335436,-0.0052383654888744635,-0.016845645040033275,-0.014422836670286987,-0.0242228379235383,-0.021871728883954167,0.008363097370234662,-0.002831205635916101,0.0025481160375731005,-0.05853385455390314,-0.025957965293536223,-0.0007423479101065222,-0.004620355988788294,-0.016317395544489965
2024-02-01,0.019615694147723683,0.02043359568546621,0.013272372227819185,0.01924871618734514,-0.00840341137304268,-0.014792953342349091,0.00930315993063302,0.013465697178414393,0.009146217896300435,0.012242951110379652,0.013939807094663692,0.006193823741068583,0.005758868140290474,0.0077335787129249045,-0.031187104712003366,-0.026085709558452574,0.01040067256889099,0.007504247811525033,0.013088046729280656
2024-02-02,-0.022088725562415146,-0.003225608481353559,-0.005270098796056222,0.01785216173521076,0.00031386766752095063,-0.010510417239230074,-0.006956596995728703,0.008555978879545734,0.019459472662413324,0.0032075707165786227,0.007366761100157104,-0.01301382908236981,-0.004513797835839939,-0.009129491777500665,0.004569052310680499,-0.022585747292404368,-0.009453300862028224,-0.001305381544902895,0.010527476101239719
2024-02-05,-0.020193773273079696,-0.006201896846263599,-0.012705060777254196,-0.014098714869015039,0.010982188246973168,0.003793581460055151,-0.004378349386226499,-0.0047312331700002375,0.0195062710070395,-0.0142542553670163,-0.0063347328273781756,-0.00973208455304475,-0.004663844624668845,-0.009578527437919204,-0.016538997687095547,0.009924428199443724,-0.005513988032274764,-0.007304254719907255,-0.0036411849808546393
2024-02-06,0.009773977671872602,0.002306323379787756,0.009013296018073325,0.006063163912205516,-0.004655543108876614,0.0030235052544431706,0.010554205381356985,0.0034014413007481537,-0.011336226510026082,0.009257355431081304,-0.00171097100577966,0.005389571672426152,0.0036444317716037844,0.005618299459623444,-0.012613154109725522,0.00924020608093401,0.005224693124019186,0.014793631666434326,0.002903296995944382
2024-02-07,-0.004839506500547874,-0.0009475100762577071,-0.0023234631799380345,0.011200925479131207,-0.002182686810255907,0.003014313188279605,0.0001740269836878472,0.007882390252623717,0.020182645109200426,0.0015398767607435193,0.01598848953446641,-0.001786922762212484,0.0016858269355273237,-0.0029308910627797724,-0.002554820664588897,0.008864999738332102,-0.0002651978305409086,-0.0006871532309237205,0.008340344496900576
2024-02-08,-0.005814454873228514,-0.00027095801853238566,0.015163998170024895,0.004385612556812024,0.006250022415916323,0.0075130582217664,-0.0026105222059095157,0.0024718533302627854,0.014239834679274699,0.020856957292921363,0.010283469459945405,-0.0032642403781407703,-0.0005180997652263208,-0.005144155943016648,0.004055493778241992,0.030250627045687706,-0.0009018470501077624,0.0029026659574382663,0.0004418351235575546
2024-02-09,-0.002020639289918358,-0.009215180833634928,0.016262942450468332,0.007109598219846802,-0.0034161546439004375,0.002237171708372898,0.004187710475401785,0.006103742565666259,0.022163217340250396,0.02265730122582399,0.01102489098510584,-0.00179607292594397,0.002072436820620416,-0.0012927876879894606,0.017644634281125837,0.0020973368696801664,-0.003876152075832917,0.010966167033535701,0.005779393392956855
2024-02-12,0.0011718969253848854,0.007112471894889394,0.018160007045968873,-0.0008336230268831679,-0.0021815250302478217,0.000744084998130834,0.0029539604109090067,0.0009641844361401031,-0.0038753916589142623,-0.0028174532962343957,-0.01040694941801168,0.0009527353051970167,-0.002197101256061096,9.230305064344968e-05,0.021516507003686902,0.006139283558638464,-0.0026119694947860372,0.007683841520244705,-0.0004389764836632004
2024-02-13,-0.01713468170069876,-0.010729507691096152,-0.04114106825645547,-0.019916705404332213,0.009369046482752719,-0.004460959501657369,-0.017671490238081344,-0.01601512365910429,-0.018516693014494323,-0.03634479194493079,-0.022267576576032733,-0.01099581474640654,-0.00803234962697652,-0.01100119127285093,-0.042331179564010446,0.007488571778625497,-0.013788690196348319,-0.01495136470790226,-0.0137730931098613
2024-02-14,0.005089355853133082,-0.0019217390029688808,0.02322594568120917,0.010558037696754896,0.0037130696249874084,-0.012696060362840877,0.012345632524122241,0.011054503576693797,0.020070270399949797,0.030785644256112743,0.01980504968770669,0.003741500695873645,0.0039182982846226455,0.004673989081342311,0.018577646451748198,-0.015141066084207289,-0.0005961123453055439,0.028231337280538504,0.009087780590464334
2024-02-15,0.005171211909582363,0.006464789475485899,0.02666596679945732,0.011571224066293517,-0.005240417055590085,0.0037821815016285676,0.00975621864070031,0.007705970385100347,-0.003344870594699678,0.01622587550539145,-0.0014674125328437704,0.0027689992098169913,0.003512299815565889,0.003628494007152483,0.031866069720356105,0.01802925550121448,0.0067238125229136525,0.007158963625456094,0.006899606016743665
2024-02-16,-0.005787592698552113,0.0015034724443829806,-0.013598087108053325,-0.005941577035914025,0.004338318217057324,0.003014313188279605,0.00207023160113895,-0.005244851045105303,-0.004293778880517185,-0.016857441825623876,-0.01774968458234283,-0.004354592453034045,-0.00298169639507484,-0.0036153756383152658,-0.010361883940397165,0.007825471621039082,0.0036625695484677756,-0.007328034867034372,-0.004979909724657561
2024-02-20,0.0008622116339485064,0.010507835371567076,-0.013785700022307057,-0.009440407953601904,-0.0009255583892975316,-0.005259311923871635,0.0030991439762655393,-0.0062786790877588095,-0.019677793711985303,-0.016499562420580594,-0.012366442280659973,0.00170686427110045,0.002080366466332917,0.003349434282152286,-0.007801184654601001,-0.013485975259187377,0.006064210073093879,-0.006570084380092767,-0.005505423937581022
2024-02-21,-0.007108793703041738,0.003646020965729635,-0.0047264861758281596,0.007387498577870799,0.0064853703553100495,0.00528711852939634,0.0010299267944329227,0.00020255753180586922,-0.006421244223923428,-0.026118386635133772,-0.02802505629918728,-0.0031948724433050746,-0.0018164839050366366,-0.0025035507031994086,-0.006621227254681394,0.010770488801687739,5.331256612173263e-05,0.001040349551936437,0.0009058482471346885
2024-02-22,0.004881531479132395,0.003094689109894855,0.007578121736871113,0.01942473260300215,-0.003375274490500235,0.0015025494012133045,0.010288108143271524,0.01976114941927687,0.06829168074584335,0.01297027948852314,0.025569786957001295,0.00010681611699792093,0.004809625352883318,0.0015802276209704313,-0.0008330738613524513,0.0054645019474759415,0.00042672195902415666,-0.002301581264348318,0.020695536976350626
2024-02-23,0.013386490111320981,0.003085031384096215,0.002256400766913025,-0.004502960687005286,-0.003694385617481588,-0.015003728208547229,0.0005091252300331028,0.0006750125499175308,-0.006240161408737954,0.008869726271227174,0.005366437811960223,0.004593500740357026,0.0006466331541539194,0.002969984071531595,-0.002084549441690786,-0.022826091576163443,0.005651511902278639,0.0011905902316862171,0.0006895695586834893
2024-02-26,-0.0029824659695139033,-0.0040117595980024845,0.00630347830688649,0.003089025041921545,0.0037080847123112104,0.009139361419871816,-0.002205342049854342,-0.003015899704467806,0.008292600640831038,0.019103521759735287,0.009636304849484967,-0.0014886970703990032,-0.003232110945808886,-0.003146283548713491,-0.009400538851305984,0.012096812690933767,-0.0022266895335479875,0.0032700286238060983,-0.0036624894663943586
2024-02-27,-0.007052461717614866,0.00013409486572157903,0.014168374084895907,0.003299164711362712,0.0024631418649836423,0.006792481556297192,0.0018701991595970746,0.0027863160615122506,-0.0028999216055670685,0.0053837464566592885,0.0005847895279833537,-0.0022364196653054114,0.001296967354292633,-0.001392349033311091,0.01244191352202928,0.014562406172021758,-0.0010626830578386315,0.007036800809295585,0.0018577522132514623
2024-02-28,0.006349141415313397,0.0010742690025595802,-0.008235207461213201,0.003946475619508671,0.0006143050637248404,-0.003748081303290851,-0.007296688063345491,-0.0016672447008054814,-0.011108955253310349,-0.009161306556743742,-0.0017299724733316202,0.0036290670726266683,-0.0001292177889823387,-9.312795366578364e-05,-0.010830900365067064,-0.0031143633350196875,0.00180849115899262,0.007870761753220767,-0.001321503300774074
2024-02-29,0.007057377019296984,-0.0016092887826921753,0.006969067180110811,0.006769616256558919,0.001534721959016494,-0.002257371697795163,0.002222165605345827,0.004214488518770043,0.021888961300032372,0.00781342904320348,0.007681668140891995,0.0020204934228440496,0.0018136597629112572,0.0009297728318784504,0.013687082558238917,-0.0035316778936488324,0.005150266749304189,-0.0003650226621996211,0.0035946809951732384
2024-03-01,0.006230931089138636,0.00013436953055068201,0.010602365579286177,0.003307812887396233,-0.0015323701968261716,0.006033173080264742,0.011427521770059679,0.00918511194355176,0.04052838479736742,0.001033720273259986,0.009993654428474663,0.004565457365458991,0.003745269262152684,0.0060874991035271275,-0.011009633194638213,0.021810229836548345,0.018910791174389097,0.006205845722512926,0.009388259520895392
2024-03-04,-0.0040225160882204625,0.00080577795186354,-0.000922883957018561,-0.013512053663361612,0.006138626895496824,0.0029984960942155414,-0.0030354533893460767,-0.0009807537299266755,0.016096875153364554,-0.005356892560411719,-0.004211115575122326,-0.0022245583243389877,-0.00025875654365403733,-0.001853223056645592,-0.00021003978086220343,-0.012673385270077664,0.016174996770490724,0.00616757073007923,-0.001072296663540584
2024-03-05,0.014241869668148999,0.0024153875895258636,-0.009577089318568377,-0.012436840060982557,-0.0042708866821354885,-0.006726408288524999,-0.0037210706188072207,-0.010602799132027663,-0.01530632546925026,-0.04062027484269348,-0.038221488972033923,0.0061575298721134875,-0.0007778454403122304,0.005477174266023788,0.04033611011327731,-0.0075666149415517525,0.006020141664404566,0.004687270639555985,-0.009994032642063111
2024-03-06,0.005868008061332253,0.008433761301410492,0.0074608867797740785,-0.0035506584779573247,-0.005514674042920054,0.00752444245763173,0.012903031069412929,0.005913822997342777,0.025786294455218295,0.016368001928456444,0.014079807208911221,0.002427107356514968,0.0024643493771361324,0.0026773555928376602,-0.0012116309611733822,0.012117078647063684,0.008215401882095241,0.0151448638913656,0.005067159247770681
2024-03-07,-0.0009376105678058355,0.005708212372452781,0.008331242730752697,0.0076274807700249525,-0.006469583405002588,0.00298729922195351,0.009554221442030553,0.009745936909036024,0.034548239958350324,0.01577152604505727,0.011822932900957372,0.0016841003168337476,0.0011642912258491567,0.002486390500816782,0.0014152842569268298,-0.0014795935751340528,0.005683843351386164,0.003111186249450615,0.009926432173728683
2024-03-08,-0.0017725172376304998,-0.007919513029631675,-0.0006279984953554418,-0.0037019116031309363,0.003100786739538286,-0.00297840184444087,-0.0028223844083201666,-0.005783324935610623,-0.03920223758050123,0.005699638797594053,-0.005619971694204806,0.0007357148768192268,0.0002591159871936366,0.0013777103453207484,0.0008076737372568754,-0.011720365179004988,0.008452547868211147,-0.006273342689474437,-0.006002176220475386
2024-03-11,-0.0005222699677726039,0.005454812489386507,-0.007929198052125663,-0.0027174033062807856,-0.0018545501323111724,0.008215034190832915,-0.0033301077301335358,-0.001611404907317704,-0.017823141384189056,-0.003843335589980512,0.0027082106528224514,-0.0012603108637634364,-0.00012975286989702628,0.00018326446166105903,-0.005043535227885365,0.003544194848245086,0.00183502012710135,-0.013264389351871353,-0.0008598423152293977
2024-03-12,-0.008361218864117559,0.005160897514693952,-0.001364574380564143,0.008619468680733045,0.006503512144044876,-0.0029629584172496948,0.008185653886884081,0.009881038623962946,0.03163192858531816,0.007978075907204119,0.021958602150537576,-0.004100142987846334,0.0009048467043919484,-0.0032095942821941392,-0.00993486304099489,-0.003667539559735644,-0.01094062729637224,-0.0034502815144840104,0.010757370966440583
2024-03-13,-0.0048480365246096335,0.00250129643990471,0.003904177142775689,-0.0020950614097333675,-0.0009230606244506889,0.012630033893000325,-0.0014912525746031413,-0.0012474448488268841,-0.01978334895786582,0.0029194031940318332,-0.007238893480418951,-0.002217308249939709,0.0003870169563873205,-0.001012114581048662,0.0010238758710172657,0.023721852760275386,0.00700740378557585,0.001298418807740287,-0.0015675798339611635
2024-03-14,-0.015357131672359636,-0.007748014164210337,-0.017889386862661283,-0.006354028264283107,0.0015399212104412197,0.004401971458376286,-0.006305879011857307,-0.0038638928791615568,-0.01790024868546758,-0.016495293605074512,-0.004976816953290664,-0.0074066830522121485,-0.004774747095957377,-0.007367911991129961,-0.02598206322598673,0.016114086734301925,-0.004175139558116325,-0.009941858477720333,-0.001976722175369261
2024-03-15,-0.0003229023888835503,-0.0003967520248755463,0.0018809555911030174,-0.009953240236371563,0.00122992515945608,0.0051133272535492935,-0.0011063558722057554,-0.005916421538246119,-0.007381827742314329,-0.005261646912371076,-0.028033095251367213,-0.0017054637239631854,-0.0006485981601959123,0.00027821781840953186,0.005250908333709781,0.00039316878239858966,-0.00319440663913817,0.0012372171936414489,-0.00686662156037765
2024-03-18,-0.003012382502088573,0.006428411499675324,-0.005730892430742984,0.007638093363790288,0.0006143050637248404,0.008720916449574512,0.00016776749786173717,0.0050845026735406584,0.002019863259068444,0.005686310413069107,0.011369162352562467,-0.001174470214530876,0.00233580349839424,-0.0016694761860072127,-0.006339270036544775,0.021616683955162808,0.0016022835845583838,-0.008105154261670244,0.005943184780418331
2024-03-19,0.002805709907605758,0.003710467893232039,0.004223462620789986,0.008658143922744888,-0.003069509153175387,0.0007204226618886533,0.00033547871329919765,0.005764590078684684,-0.002198987793684326,0.004667838876511343,0.007336282425924878,0.002886237313762363,0.0040130993642348844,0.0028802991677927547,0.003391503552769626,0.005770671055019605,-0.0011498061737871268,0.0038140224664948708,0.005557042851900507
2024-03-20,-0.00032280185425437313,0.0030367593202997867,0.019792151610208197,0.014897197669733853,0.005472085395548776,-0.00431964782557448,0.010734600186948828,0.010137806859148002,0.016023872927133587,0.015444065257949058,0.00963233727441759,0.002345291992160714,0.003352026244468842,0.0018528006335734037,0.03126300643846647,-0.01504526712462484,0.011911859798154678,0.015930165342772362,0.009249281412245791
2024-03-21,0.002152951192424535,0.0005265237690172953,0.011489635015832889,0.00583886471261863,0.004019788707769534,-0.0014460544996016678,0.00016610585294030145,0.004129994685854621,0.022685164600018792,0.002255585704229679,0.007097155899493668,0.00010622501794488315,-0.000513824935311824,0.0014797045738750292,0.014747912617056436,-0.005566346992566751,-0.0010386361790747367,0.005106790202078493,0.003304607961422512
2024-03-22,0.009560579898310495,-0.004867620961652053,-0.013802052781943908,-0.008734335755917089,-0.002771803597472089,-0.006517043641223852,-0.0038160672680097596,-0.002811934003993266,0.005876821128078191,-0.012152711922403414,-0.006585024946081264,0.004891182645799352,-0.0010286328185471483,0.003416480166873459,-0.0215986625987159,-0.001822434134399864,-0.00802096899240623,-0.00794347866916345,-0.0018955275237154678
2024-03-25,-0.005000882439525789,-0.002776470816497789,0.0022918762246166846,-0.003283738434048722,-0.0027794428478404853,0.008746341821663117,-0.0008328228682368266,-0.002243804707991681,-0.002459965619643678,0.0003253996890051347,-0.0034886688589205184,-0.0026451699645503313,-0.0015448793246495285,-0.003404847572670122,0.0014442613874585675,0.014084530865368095,0.0031944066391380588,0.0007214169975109375,-0.002763063048617509
2024-03-26,0.0027802067381212936,0.0005305093116381165,-0.0018001400600499151,0.001262879255191196,-0.001858235089258753,-0.007948001802071891,0.0,-0.0017835396889119837,-0.009291897984108233,-0.0007808643289002326,0.0018671431516490422,0.0014854587610790837,-0.0011597115500979749,-0.00027703960554736895,-0.006180333703802221,-0.006044254215421874,0.003233961285236564,-0.0014419051442973174,-0.001846964471125312
2024-03-27,0.009918234126072623,0.010467682072772488,0.02178689459229366,0.011571347872633364,-0.0012410644016104255,0.0007283687052619392,0.005500844256481896,0.008816806104076091,-0.0003555651411671912,0.009377495602961528,-0.005358199008001607,0.003813958505275883,0.00529110247577913,0.006927120837329825,0.03689876468531139,0.0028464383244550806,0.007240660177973313,0.012488366580404753,0.008403962355035155
2024-03-28,-0.0008452231344211469,0.0013111966615375614,0.0031481635899355265,-0.0030901583234165253,0.0049704916086299455,0.00946137383242096,-0.0003315421422681597,0.0006546120654307153,0.00044469996937346323,0.006387071290628654,-0.001405344347791937,-0.0009499111294940521,-0.00218222243961097,-0.00091726212605725,0.0051977735500665645,0.015739919843620553,0.012900024807739996,0.0017824731181612652,-0.00019127315193356864
2024-04-01,-0.018640633085017844,-0.007988423960488378,-0.009415000379090044,-0.007450028041930956,0.0037094472757006614,0.007209794300047756,-0.001824256135004143,-0.0007694891761266254,0.013111690342136884,-0.015706198426499673,-0.002931876338213346,-0.009048063167666376,-0.004073049202552692,-0.009575109465825848,-0.01968966201254141,0.011939473795652189,0.010208079384865787,-0.010106112033809622,-0.0017396873235940857
2024-04-02,-0.005510527460122594,-0.005148677133867574,-0.018385221921712214,-0.014738206549335109,0.00708358450818336,0.010021459359498719,-0.004153533609356663,-0.009241526117510501,-0.012854316398522414,-0.016412606233718652,-0.010585683343906305,-0.002138391995021971,-0.001688094650240557,-0.001489009443452538,-0.018462136420121067,0.014058024003050562,0.014772360490971526,-0.014954472272956543,-0.006358099744810719
2024-04-03,-0.00021743185103328955,-0.011013641712704691,0.00655280381939316,0.0007228759076021163,-0.0012234193670220828,0.0113396052737611,0.004337713540023769,0.0015547742758774685,0.003999892044388886,0.0008607013770007832,0.0017830657736823685,0.0011786449426858248,0.0007802708721600382,0.00065227931949563,-0.0020670925778283333,0.005693762585219142,0.008772374739768773,0.001459894316542254,0.0010987198980632051
2024-04-04,0.007172485897908976,-0.0042935737623786,-0.010008235462945492,-0.011724849635182388,-0.000612265650988375,0.003503739663891725,-0.006810603643266244,-0.01199078082095284,-0.026647818395656664,-0.004697177881332615,-0.011747867452731375,0.0034244721157350444,-0.0007796625242022515,0.0011175547509147954,-0.002071037025288658,0.01255380483774049,-0.005734705223284009,-0.0012388086688702726,-0.01220627481149028
2024-04-05,-0.013918965522598081,0.0016169231436888865,0.003337104916645961,0.0055663392768594555,0.0030636551213665264,0.0034916509673867946,0.0036794966953150876,0.010093805558516022,0.012506171946982114,0.004985408683839454,0.010686820058953828,-0.006612505298753346,-0.0009106782602648078,-0.004372097763445049,0.0006224653463731133,0.0015802222938763322,0.017114197447370305,0.006640071532207026,0.0104468958391839
2024-04-08,-0.00010925749201506907,-0.0014798325510948507,0.0054782894026004225,0.009505778951825583,0.0030543620910163938,0.0,0.004999163284301611,0.0011666553709943628,0.001886477281445309,0.006481814689768051,0.00344543039866152,-0.002254632622279651,0.002343404273589922,-9.338112221535244e-05,0.017008901112968378,-0.0024272399749155626,0.00622848536623688,0.0007249732583574087,0.000559248560956016
2024-04-09,0.00930189623704436,0.004850335836844799,0.003940052808086403,0.004708221289335013,-0.003045061370999913,-0.00487121598868645,0.002652980457202414,0.0014368092606837912,0.004662478130526004,0.008674541681489067,0.002841547176404946,0.003981450312585233,0.0020780545242577997,0.005139382155052941,0.006526656068299053,-0.012773667412961376,0.005497054993034878,-0.01035833227092886,0.0011566970469487625
2024-04-10,-0.021793612960045117,-0.003620001412448781,-0.02640753121337225,-0.015436472213250507,0.005497761765156817,0.0034965341346764323,-0.014056637022074825,-0.011169155039273293,-0.008701498409592778,-0.023584668944583997,-0.013105108896019568,-0.013290571196108436,-0.008812733014200935,-0.014223335940150239,-0.049645290614224624,0.011583423220416833,-0.009463856185613961,-0.011491796691194267,-0.010013044921307612
2024-04-11,-0.004544314434642649,-0.0024225045947930957,0.006768388604007303,0.00806312018968014,0.0006075579233884021,-0.00418125004510328,0.003522374304911091,0.006785122865554882,0.023227534458004406,0.010208919249183435,0.006579818214914601,-0.0014119952287369175,-0.0009153300708526491,-0.0020748477293909273,0.0008527207816839688,-0.006578064444175968,0.019433247203493043,0.004516864565281997,0.007546903688030238
2024-04-12,0.0053444484029459005,-0.010117419167223418,-0.017796069424658723,-0.01621942224815598,-0.0009106876896467497,0.0027990834224691508,-0.017382480548425616,-0.014413774097491339,-0.02916725030024858,-0.02344781220915093,-0.01640119455873401,0.0041335495905427955,-0.0005236400639326844,0.002268139833549787,-0.008947414157501332,-0.0002453006954302728,-0.013239324939518515,-0.014153015992743101,-0.013802974532823531
2024-04-15,-0.015505569434104416,-0.004088197693036033,-0.014645975822631385,-0.01665635743154803,0.004861620112407206,0.0,-0.0045927532215476186,-0.01229250257885317,-0.015044375777570562,-0.027663158521480824,-0.02754952613465178,-0.006391438754932199,-0.005761446072864773,-0.011031688033050102,-0.0038694631555228343,0.0014718845624772658,0.01871915519396472,-0.008897923167638044,-0.012528155923543838
2024-04-16,-0.006637302623994534,0.0004104533395214993,-0.0036775790440456424,-0.0056843654051115244,0.0009072987141001132,0.0,-0.011278187868070333,-0.003001378719200698,0.008281266411822585,-0.002017234357344244,0.002733462169865808,-0.003925027346277865,-0.003292484348159763,-0.003336643079991153,-0.0127318250471945,-0.003919163366124301,0.0012220152803359419,0.004979193957599604,-0.0018238320153739496
2024-04-17,0.011098710686171742,0.0036930105133980984,-0.010560827235061243,-0.004850744522836292,-0.0027190472944582655,-0.015352384792797436,0.0006914176755909995,-0.005860069067084139,-0.03084509330531815,-0.005994374627961485,-0.00793057405082509,0.0063485226442936415,0.0013212047788375703,0.005452513813748228,0.0017485774955914302,-0.029755294657097475,-0.007368252752093185,-0.008257540699245114,-0.005918270721091967
2024-04-18,-0.0050403708711243,0.004633416643944566,-0.0008291467797757468,-0.0062090118374659165,0.0021206230270587323,-0.0021261117702586763,0.0001726643386181781,-0.0020591254826750616,-0.017749495401339188,-0.0062406791155174,-0.0069947006464279315,-0.0034806153219290037,0.0007915840455654521,-0.00199795696781524,0.0061097383008899,-0.0016475082597787738,0.0034154561341945833,-7.572546573786365e-05,-0.0020577313435046207
2024-04-19,0.00360214584238272,0.009766798591645198,0.0015558488518490066,-0.008758499045752322,0.0015114526449466759,0.00497154645580844,-0.00034533969764238837,-0.00784890499873725,-0.04515174332497829,-0.0031753604538269364,-0.01220135279644774,0.0013100748350816094,0.0018464576682095668,0.0010486170045589382,0.02624124282492568,0.0008885465334966813,0.003131535140574959,0.0009841549993285792,-0.008728372635991022
2024-04-22,-0.0016826057589728327,0.00953793971214223,0.01118354110563402,0.004417944081901659,-0.0006037067582249644,0.000706749313230226,0.010364405894608852,0.009827629507200841,0.019125527233303297,0.02647401130175764,0.01209737994397897,0.00010910602334512909,0.005527427200734625,0.0024757467700835534,0.018174389937868796,-0.0008877577194524866,-0.02470249054532203,0.004840163455925195,0.009209287091319185
2024-04-23,0.00033705027530217535,0.00279424889222768,0.016743428385783465,0.01190542441379594,-0.0003020039369210359,0.004237281627951672,0.009574326353875007,0.011912268360207756,0.02354452955998476,0.019240151299014574,0.0173628146107061,0.0013074889331443629,0.004057620630603331,0.0017100129040807932,0.01141544158496055,0.015232350802626193,-0.002458663172418052,0.017309912465711896,0.011866553395592172
2024-04-24,-0.007075956302866393,0.007563859009200646,-0.004482090311498488,0.009563164631046783,0.0027190472944582655,-0.0007031973925184509,-0.0013548292931023775,0.000239555105489897,0.0011548337698579214,0.0014207738647096235,0.000989383753778883,-0.0030478250489258674,-0.002215936257720985,-0.0038880889253634088,0.005745970798896272,-0.004251112190728379,-0.0018600907225296837,-0.003920879755461515,-0.00047471260625420175
2024-04-25,-0.00701371674103457,-0.002370604885978067,-0.00607038714619712,0.0008608668653828921,0.00542334824853441,0.00562982932111189,-0.001865261526105777,-0.004747653427450427,0.019996171991392142,-0.006958936348562594,-0.009266069066413696,-0.00382140553150645,-0.002090543325223404,-0.00295143888212801,-0.011018281958707465,0.010045241811764694,0.005963468053189924,-0.00029732474237209594,-0.003798882876045906
2024-04-26,0.00524054281592079,-0.00211231919624022,0.009568383424122029,0.00900549849929222,0.0011986665756760218,0.0,0.008154937700665332,0.009300088241049442,0.025636219722259046,0.010613767181317568,0.011223278553928795,0.0027399414655533416,0.0031420388095053653,0.0038195500568733998,-0.005776793585181572,-0.0006216192222797678,0.003241927353549112,0.011218658782445656,0.009473892303857978
2024-04-29,0.008386150681398696,0.0031753475931848296,0.00806623457057487,0.02325042321327464,-0.0023943999929948445,0.0,0.006235134848034951,0.0039319777594462035,0.0034001901772551246,-0.0008751743712397397,-0.001603141389241114,0.00404439123823086,0.0030020191394073414,0.004185210809554807,-0.00871532705263911,-0.011071021226590982,-0.002031218037689575,0.008963375993228828,0.003541505391073674
2024-04-30,-0.00854131729824481,-0.004352215729177322,-0.020304090133908215,-0.024333230698728725,-0.0015003680827253563,-0.013295954246490327,-0.013565421219564389,-0.016457692688044423,-0.0196446861786006,-0.022168329780551388,-0.02507408384859,-0.004680970836737908,-0.007286929308041534,-0.005493828155214597,-0.01570039478521501,-0.014088084862667105,-0.019937078844561418,-0.009466411926687512,-0.015841264581001546
2024-05-01,0.0073711302598131745,-0.006357617953726469,0.002092880819916987,-0.006263483475234755,-0.0048076965643445435,-0.014893703123463387,-0.000849011514471254,-0.0024937886243475704,-0.029146607340851505,0.003169840649659861,0.0017736615989791815,0.00396006696966289,0.005270809650411268,0.0041594375442304266,0.02573373761909492,-0.03125793613287409,0.00906215232545482,0.006175252277288212,-0.003247077167387591
2024-05-02,0.004290654893794654,0.008397817675955377,0.018389284621296964,0.01260601322767596,0.0006039526489429736,0.0014398826085249006,0.017162311782414452,0.010363256009450206,0.020110680267877212,0.009616578774785056,0.010623610296161434,0.004698190477448572,0.006160789518744325,0.006189995364825451,0.016379943172710965,0.0,-0.0030870874411647042,0.011251418270882052,0.009353380061197125
2024-05-03,0.01011906123123274,0.003040371957876653,0.009903912653655977,0.006733674243299292,0.0006036516191549879,0.002875624655120035,0.008853963619118277,0.011853495025591743,0.026882900457525283,0.007552043582223833,0.012013463329501262,0.0055466707190949815,0.0041687872696569706,0.007003565690723024,0.012851846666098732,-0.010536060167818495,-0.0007976266365629092,0.00773058433410867,0.012395380576617931
2024-05-06,0.0038961342738916827,0.0005269333425024225,0.012927400221060648,0.010679465911099362,0.0006029066204973343,0.010035901255734725,0.005464544908229563,0.010728498591591862,0.02268869189862177,0.01904247173898299,0.013849281634330746,0.0008650173476871803,0.00116747267875561,0.0028194634069353963,0.007854845086548323,0.007054524531708184,0.010518361024399514,0.016131528037858,0.01032681433450544
2024-05-07,0.00609798662666905,0.010932726376092328,0.0022490884208052897,-0.00717410590571288,-0.006630514066079063,0.0,-0.0006588508630440693,0.0008975202534469151,-0.008712432356371647,-0.0015240607971539477,-0.00536642760655659,0.0025934398746469967,0.00012970649483734498,0.0004688011411306814,-0.0031971769822131124,-0.0021147720640344314,-0.004600326433150892,-0.0047272717766254635,0.0011035480737082715
2024-05-08,-0.006061026567715233,-0.0029966903510267873,-0.005805762913640433,-0.003753057869359422,0.003034166879944733,-0.003548647180698583,-0.0013184356442224043,-0.0007017319610848061,0.003035329525038044,-0.008030242527077958,-0.004169209495197723,-0.0028021275429467307,-0.0023323735466169726,-0.0025293399144267203,0.005813776025288542,0.0080794782828022,-0.002941061869504713,0.0021974510093629718,9.647831665016149e-05
2024-05-09,0.004878520306004441,0.008625197865229195,0.010207164564610904,0.006803556653902643,0.0030248612347931747,0.0042735714127133395,0.0061057643532038686,0.005891543381450592,-0.006413656320182537,0.0021408873179369348,-0.0006156528033908204,0.003026633782538868,0.00025987210020184115,0.0015966121840462755,0.004783825159775157,0.005386887786453132,0.015778607960932778,0.009195887574003248,0.005761897110455605
2024-05-10,-0.005627549580366598,0.005700960002112732,-0.007529338939211927,-0.005361390228421858,0.00482483972737624,-0.0028369482935381996,0.0013120302628408798,0.0009307750261113856,0.01509224744612836,-0.004005511685293173,0.002833822717780876,-0.00323303027455335,-0.0015579187005908546,-0.003187975271861654,-0.0011902622832863363,-0.015943461119050317,0.008112513438038427,-0.0034344976618384537,0.001288045434390872
2024-05-13,0.002552455699123435,-0.0028343216467153765,0.002104647167148199,-0.0012914718676185766,-0.001800666638915871,0.007823637812604423,0.0016380898778534103,0.0005426808887019074,-0.00017914658066531253,0.003954624059222311,0.0012286763016891022,0.001189031062264867,-0.00026020997021747316,0.00037632103866513944,-0.000993026820456211,0.011022498911316791,-0.011202103844459854,-0.0029542333261234344,0.0001343996996396868
2024-05-14,0.005644709311014795,-0.0019380375742065192,0.01035449321984383,0.0045538533342992515,-0.0015032729535149336,-0.005645721545459614,0.006214200300913575,0.004880016626200856,0.017110117831673488,0.009146620510449566,0.0058903152011109405,0.0029157521556653077,0.00156075572260983,0.0029147934370783446,0.011729558292659314,-0.012084568529312611,0.008462045119477013,0.012979878982245063,0.00458815586291772
2024-05-15,0.01364718470968418,0.00064730213378561,0.012472369666109318,0.0015112152577454463,-0.003914419431886307,0.003548573683874068,0.010076422454526668,0.012295043947510687,0.030033471929150624,0.016672226165045156,0.025131079454974614,0.0075364926418683975,0.005843883795923377,0.008906827148263963,0.0035370270318266783,0.008908365604323398,0.012838750510223873,-0.003064138006513839,0.012383136215819324
2024-05-16,-0.0009773703843395376,0.01423016919487008,-0.0072097528761646545,-0.006482325260894206,-0.0009069606606211256,0.0035360990725861186,-0.0033789851855532405,-0.0027030601379219865,-0.007268029412595967,-0.0025378749340244644,-0.0028560881554207107,-0.001923507479806963,-0.0023237917412645137,-0.0015800037098752107,-0.004307813960977569,0.0048761565626620484,-0.0038933433506626036,0.0005588283283042284,-0.002057648556520686
2024-05-17,-0.006738125659838445,-0.0024235221418345,0.0007214307068745818,0.005118280372776729,0.002723160909567035,0.009161330390338396,0.004358988041163636,0.001412399094724126,-0.008397957666909539,0.0007830018113834658,0.005728537518997268,-0.0031048773344489744,0.0001290857040752158,-0.002326678425835893,0.006686297760928106,0.00944263896004105,0.0164977725898805,0.00027925810681117547,0.001437547504734793
2024-05-20,-0.0029542437137016764,-0.006904281939145274,0.002210576575543355,-0.0074425782825254805,0.0033192900447274187,0.00977659378213791,0.0,0.0010294525999001714,0.020629750198945196,0.010104208303427953,0.010205312402034039,-0.0015035036981839722,0.0005182008862287812,-0.00046634185561222896,-0.01445590220975046,-0.0031180701567271596,0.004023937591649318,0.010887594596382666,0.0011520663491471073
2024-05-21,0.00515771376767904,0.005922493529440409,-0.0009591441288846481,0.006427275507209229,-0.00030060573099222054,-0.002766318986722416,-0.0028932921478765916,0.002056608097441348,-0.0014042776265699164,-0.010777697403059339,-0.00775273221288475,0.0025815337163799246,-0.0007759368812633172,0.00168000934384116,0.0013876594573789536,-0.007428641598941299,-0.001469548604570936,0.0005523465615466794,0.002452510759075155
2024-05-22,0.001201379402489211,-0.0039677988630067995,-0.008447638607404606,-0.010419508894459972,0.0,-0.013176160280434224,-0.007577082959235981,-0.0033825793843400564,0.008181683223517089,-0.0038491024992544087,0.0001183423720707566,-0.0012873985568756519,-0.002200855654264755,-0.0014908808773153037,-0.01207444927307455,-0.016938036416733193,-0.01837396956557802,-0.0067621372725797935,-0.0028790965128826507
2024-05-23,-0.006434273125101808,-0.01182205139418313,-0.016409988565943445,-0.016190261727893285,-0.004512911222841698,-0.006324620375774526,-0.0066600759180878155,-0.008504257678119798,0.013652344205635991,-0.013360462435891951,-0.008996207801597156,-0.003544932133460521,-0.003502418858378764,-0.004386184416454553,-0.02404339974925296,-0.005609800760412287,-0.019944570339717638,-0.016326384831785723,-0.007304449037385807
2024-05-24,0.0029638786952264073,0.0026005684608554347,0.01107328505167482,0.010069613327529536,0.0012089368079120089,0.004950524054232908,0.008012898126368073,0.007230984849039501,0.01851387077068578,0.0006637743163266929,-0.009794562918803318,0.0012935540883931562,0.0035147289111994162,0.002718253177290908,0.004311101680204654,0.012088671091613268,0.0009271136061119734,0.012995462573482053,0.006616516866195132
2024-05-28,-0.014336262131905309,-0.00778199788670253,-0.0013629724643694496,-0.0024494790507674225,0.003320418934246394,0.018296945293613698,-0.0003243096027893966,0.0,0.022803543610643517,-0.008358028830444675,-0.006755167053393296,-0.005598668190020972,-0.004020875365234877,-0.005982398179882331,-0.008381063747262107,0.03065700377925884,0.010513172896031486,-0.0032770164414841485,0.0006989437273747789
2024-05-29,-0.01210166016704739,-0.007189597305600981,-0.01476884999395911,-0.006567529236400693,0.009025062632361802,-0.010366294884762262,-0.01671536208032276,-0.00821021593747373,-0.01673139776149568,-0.0058868049833934455,-0.0027932119574308745,-0.004872378544166556,-0.002995781018652166,-0.005360066421609133,-0.024118313671676717,-0.0140355899547423,-0.009303812074716977,-0.01902620491666429,-0.007002701785930321
2024-05-30,0.009665031689421566,0.002633312095791096,0.009498789614809766,0.005921091758784636,0.00029825759956025877,-0.013268100116798132,0.006271702481851937,-0.0048897916196494196,-0.013759343143431857,-0.024157154425241356,-0.05784928958798097,0.005004997740834183,0.004049695898481254,0.006145195862147679,0.017532507066903236,-0.013582354965030019,0.0018967600627461945,0.010125569211682173,-0.006633628019244608
2024-05-31,0.0067899357520646575,0.0156270025198626,0.008429392609512032,0.005600149802716059,-0.0017883846836281858,-0.005661777035639415,0.004920381849380373,0.007699777517752526,-0.007388481710477568,0.0025511948872400936,0.009436339871189414,0.004655408769404401,0.0035127849868910044,0.0044164461787319365,0.014116680846252061,-0.009400226346452323,-0.00586417430627717,0.013482945491266607,0.009108165895193254
2024-06-03,0.016174654281005507,-0.0003879504283689217,-0.005637358937452763,-0.0004545911358270205,-0.004777486162446887,-0.014946559780084634,0.004243553903289232,0.00030690378895403825,0.012475097306065885,-0.007015487598935999,-0.0019207517902245508,0.006549523149147252,0.003100050241958918,0.006902604672132329,-0.017400071901330194,-0.03996254846251179,0.008917780500373507,0.0010447838713587565,0.0008153583340810844
2024-06-04,0.011680962221501057,0.00866656936018595,-0.012902683013283345,0.0010235167002685674,-0.0042005254571922945,-0.010115665866070045,-0.006500844798695948,-0.00011484981544929163,-0.0036142540993833183,-0.0035325791236324733,0.00423396222203265,0.005476258375072041,-0.0005190740487968082,0.003917081000055278,-0.017708450212921223,-0.010302178397608386,-0.008977059834655465,-0.009532242511128941,0.0011178083574776565
2024-06-05,0.007338074478583367,-0.0021802034556831495,0.015299264483965125,0.005849867500996586,-0.004820669447799353,0.0036496673135830715,0.008997167407229778,0.012245894281585734,0.04868091608645675,0.019254782701259687,0.022614033893850083,0.0036308069186752334,0.0032478777345168464,0.0033445209426383737,0.0031810934400007262,0.011253384343352657,0.011845603201319,0.011309896232409633,0.011885081701314748
2024-06-06,-0.0014997931319817859,0.003084542363496867,-0.007168636355816993,0.007283971786849586,0.0,0.013818122826620316,0.0032426503186777644,-0.0008719913583603578,-0.007861335823389881,0.0011593425257323542,0.0028735719850709884,-0.00042570730831448245,-0.0016832484021264138,-0.0006481839673329048,0.0025373041197518376,0.019056930841750752,0.007391356612921562,-0.010280551029985485,-1.856900872398981e-05
2024-06-07,-0.01834578601503778,-0.004996745998832153,-0.01173928609079844,-0.004092242278351477,0.003027481184336933,-0.013629784786342247,-0.011312361965968187,-0.0018980095441468725,-0.0007923077925737765,-0.006743843069188293,0.0013703543537673113,-0.01053873006970929,-0.0025948221723820497,-0.008987401403375284,-0.004428550751486959,-0.003276078162238627,-0.03568330143379639,-0.0044215319482392434,-0.0012157050190024776
2024-06-10,-0.006666479147811377,-0.0007727036554446842,0.0034293675735022067,0.0032084361796325123,0.002414699976863055,0.014545432088128418,0.002615254216550067,0.0033466481350663546,0.014471997129630099,0.003772098899259557,0.002861417074061734,-0.0021514977046100947,0.0009104202227006031,-0.0020568110708752974,-0.015462898769673328,0.03341553757299365,0.009168181127878317,0.0005638801922742687,0.0030896771224453445
2024-06-11,0.010342036770493612,-0.0005154640800022481,-0.003417336580395891,-0.002637010411400409,-0.003914419431886307,-0.002150497244492122,-0.008966365858349312,0.0017057841872947233,-0.0014851944732282574,-0.0009566060482020244,0.00334947882533565,0.0052830635100449275,0.0012992071452884169,0.004309662818819282,-0.0036574242673459434,0.0006626431535181609,0.0028566106093961263,-0.003029596653128963,0.0024083365749489882
2024-06-12,0.007513732647917548,-0.010959103121911062,0.015351032012563604,0.01040728499431176,-0.005441254971423226,0.0035919112141324927,0.01052806177722565,0.009421551948894491,0.029787066058121203,0.015251054518027995,0.022749821777589663,0.005577046997432777,0.0040230961294849266,0.006156696572788611,0.024832542021735682,0.006224357136888736,0.0026617200115086614,0.00586550514535511,0.00821302442128724
2024-06-13,0.014699580315882255,0.0013035049232181795,-0.008737419109553946,0.0007794554118105701,-0.005775275643098987,0.0007158555897557317,-0.010418376466171497,0.00045016941796416354,0.015659981664903455,-0.019400478744799554,-0.010517475436899737,0.006612393805535355,-0.00012933353159216843,0.00472824393898108,-0.015802692152306563,-0.003158798138459984,-0.008150148984962247,-0.010398178325672358,0.002013518559552452
2024-06-14,0.008415072878430019,0.0018227859710442385,-0.015895882042301634,-0.007899784540298271,-0.004891410305163046,-0.002861299953303087,-0.005593110622738262,-0.0007495125162577665,0.002545033467932223,-0.002679195546313795,0.014538842717554568,0.002331070901916643,-0.003878143723562877,0.0008306342587680593,-0.0126310593330351,0.00448909396454833,0.012959545903254766,-0.01533570790021388,0.0006083904597147249
2024-06-17,-0.009929188532422972,0.009486734147665654,0.008403279367677596,0.01755174471587484,0.007680315747750965,0.002152114290714824,0.003474078394805291,0.00761176001054209,0.017133787614308726,0.003099789406754372,0.008670506155063151,-0.004650947816242534,0.0006493822787803083,-0.0047022427810943235,0.01691236434240939,0.022476328119312106,-0.005191652247571676,0.006849941030351969,0.007958910221575577
2024-06-18,0.009175395321069812,0.0012872278220061872,0.0017465386750614709,-0.0033618375114159438,-0.00030460162124801293,0.007874040846540531,0.004615843165180378,0.0025306140608662986,0.015707567844009285,-0.005218809795692003,0.00334285880614571,0.004354341178574694,0.003112211159619349,0.004631650188204217,0.0025585095440670003,0.011312472593663525,0.004007271832187298,0.012030994903134529,0.0025404824424282157
2024-06-20,-0.006660327393183896,-0.0021859143590767793,-0.004234087476541637,0.0012720063824325223,0.004879539791379006,0.0028409047030411028,-0.0006564052031808876,-0.00252422621850501,-0.028327778485735866,-0.00041428106042451507,-0.0013088807947825298,-0.002537956397497765,-0.0006461592816969786,-0.0033193857544798755,0.0017013490448600788,0.009406451129881699,0.012484347826456466,-0.006014666491729992,-0.0027164308955263117
2024-06-21,0.0,0.0007734117796853734,0.0022511439124088817,0.008449335480136044,-0.0051594436329474025,-0.0056657136535176456,-0.005892518627882981,-0.001525580698301443,-0.014985811021952844,0.011118141199949916,0.010008263620495006,0.00021201981389484814,0.0011637035357929815,0.0002774391236639584,-0.0019107343825101042,-0.009570609509908734,-0.015493238109986152,0.011888686931610382,-0.0013406054574014448
2024-06-24,0.004043901430350161,0.010663196666381047,0.00434234767545183,-0.004269775838688261,-0.0042708119981071935,0.0042735714127133395,0.007325998663676003,-0.0016773022450803365,-0.03439170851031059,-0.0019483343807744635,-0.010262951564017686,0.0008479875866951314,-0.0010332758253406293,0.0010176451678325371,0.02063589656549003,0.013350227615924304,0.003957566385821121,-0.0005354676152878879,-0.0032506448605784666
2024-06-25,0.0016963302315522455,-0.006417662843988148,-0.00327985832267641,-0.004023212780911556,0.004595611645474618,-0.006383005132241992,0.0,0.003285184918946804,0.02341855791605507,0.0027397489495990524,0.007866388719112827,0.0008470930570851909,0.0012932123586493205,-0.0003698821851544354,-0.013661189899380477,-0.010037584102830066,-0.004962237629221655,-0.01050024473004496,0.0038509684777763287
2024-06-26,-0.014285672327219445,-0.0020671092333527374,-0.002642779634803416,0.014498278732163916,0.008214040681424395,0.0007138116982923215,-0.005950272088903641,-3.699521579270115e-05,-0.0032853149627896094,0.00403023689349058,0.0011827057484770087,-0.006031232271881737,-0.0021959591157166836,-0.005453314681814425,0.004261735212592654,-0.0019011599870464302,-0.009228168111804491,0.0032760948422319025,0.001248036721894108
2024-06-27,0.003971978544634158,-0.0042717333166286675,0.010148615105307401,0.006109229833863639,0.0012248914755066398,0.004279519752467653,0.0018290124999165158,0.002418710249892042,-0.007857288485947023,0.01891278224730808,0.021261481840151752,0.0022356276308885814,0.0011652843361431575,0.0019515455991701014,0.010608910611223266,0.014857119605654834,0.011336925587312363,-0.0017746770918546373,0.0015764724631710525
2024-06-28,-0.01860568437572374,-0.004420300200000726,0.004107674173416509,-0.011114122245988178,0.004282765534451727,-0.002130715301794095,0.0008298576323699791,-0.0034200001214671483,0.007108225048576333,0.008946926977607905,0.005089069977558536,-0.005310452394956866,-0.002457256474666436,-0.00640002267240658,0.030862802184180582,-0.00412915213482723,9.297647872519299e-05,-0.004551390721606596,-0.003935092412652108
2024-07-01,-0.01725876099927448,-0.00705123693842602,-0.008378855514945882,0.0033991321161683796,0.005178133516625216,0.012811368542675394,0.0011608104366744865,0.0020185858976038418,0.0011892377697102496,0.002581016358427668,0.005063214665373739,-0.0074442176301952045,-0.0001953125882011575,-0.0059392567632146065,-0.004684274566419067,0.02450062404021458,0.002604589701363791,-0.006786474685063548,0.002058185311948124
2024-07-02,0.007785531822199099,0.006969881076550388,0.0034294712590228205,0.019451465462777096,-0.0009089882949568917,-0.0007027032534229205,0.0038097171448363554,0.0057826204425064365,0.010037906030224253,0.0014521219040615208,0.004923254027151991,0.0037766740121867315,0.002737281706836958,0.006408156429212886,0.011868108375305608,-0.005273489089376526,-4.643394389247657e-05,0.00783973758252543,0.006729488704265263
2024-07-03,0.013133183256553771,-0.001697700463454077,-0.0002477427452962644,0.006377885618879198,-0.0015166950888068076,0.005625943264729427,0.011881242353116495,0.004117277879975179,0.022721231617464754,0.000329494265551844,0.0012533437569988148,0.006665474043610509,0.0035096423950746747,0.007397836725419493,-0.01617797643572816,0.001972580834803006,0.011273000380832565,0.005780634993828748,0.004462649779879424
2024-07-05,0.008278800126985342,0.012297183179554638,-0.004756460588491107,0.008148359816241069,-0.0015188726637269667,0.004195725093612213,0.0050556562267591865,0.0052081252358919805,0.00037075308950451635,0.005139483892594887,0.0119481284507168,0.005553050500580747,0.002979147872587795,0.0052054255823581475,-0.014593974444571112,0.0004921978242846681,0.013486798057397165,-0.0004965493757516093,0.005766492600443929
2024-07-08,0.0021607909246599277,-0.0015507762351933962,0.007019621596723313,0.00047538807206315425,-0.0018252300635368535,-0.012534727843680815,-0.002920618708144418,0.0013597168950065797,0.01664692557704206,-0.0049164236013555795,-0.009558052275055018,0.0003189545332249466,-0.0002582284876817553,-9.24754463690336e-05,0.00020866904516814166,-0.010945755950946712,-0.012402074526820739,0.005608387423856165,0.0011539136509408632
2024-07-09,-0.0044200931434551505,-0.002588641462316965,-0.0043505366367773135,0.003326381582490434,-0.001828884386859353,-0.008462682846976821,-0.001790219362461598,-0.0002566860916637381,0.0021880675023253637,-0.018313604944033557,-0.01589469253962128,-0.0013805518248033444,-0.0011625521668425787,-0.0018495244113421183,0.01793539546489553,-0.008082585683642951,0.0016957473442755777,-0.006565377312695797,0.0009724431209321427
2024-07-10,0.003140566711009596,0.0044120593558760746,0.009781564593880132,0.0075256780543795365,0.003359055798382471,0.0,0.011737774058913963,0.009691093168521014,0.023507210351792374,-0.0004026799426042338,-0.0001154131487004495,0.000956999852159246,0.0023280346213638836,0.002408727839469993,0.021716723842493568,0.00890067373381176,0.0036603361122538036,0.009451583510082573,0.009895400240772956
2024-07-11,0.009714752290695294,-0.0037466626254512025,0.03594425875801077,-0.0126927959892148,-0.005782316927139819,0.00284501946665916,0.004672940890606325,-0.004471975241886694,-0.03644189103890649,0.015574615900764366,-0.0028844291364233943,0.006372725579521843,0.003612938794440357,0.005361020133852534,0.04210948191688302,0.0057156941511611326,0.017733403441032136,0.008588312369968376,-0.00862266356548047
2024-07-12,0.004276126178168749,0.00440919837593734,0.011676641596384485,0.013067616548239958,0.0030609910255892103,-0.003546203728096886,0.008660743056595477,0.006610151502817629,0.012655986060625901,0.017517117879838562,0.010414283505542077,0.002110761217480661,0.0025712212125694744,0.003677593227104259,0.002308999879520268,-0.008524863115809245,-0.0006270969301161999,0.0029317117179563645,0.006307644202944163
2024-07-15,-0.011496684155121173,-0.005810181175175955,0.0190016018721908,-0.0011490583275387545,0.003967208368891528,-0.00569394157452241,-0.008268395681781171,0.004281037321537173,-0.002259201245479181,0.015461688199868817,0.007214764719443156,-0.0031596911319439203,0.00012831467067742075,-0.0054960230528190435,0.029180291126338354,-0.0016199034693827885,0.0032271131671974818,0.010369330255151965,0.0027499586712060875
2024-07-16,0.01410734471438424,0.009610262324587282,0.03411743135881973,0.01793282729177803,-0.003343550386642802,-0.005010692615671997,0.005611682063457302,0.008236210946573674,-0.00043815344039155324,0.02181556636249038,0.003297349444338016,0.004437431394312741,0.0038465024686573646,0.005802801281286074,0.04570043867427076,-0.01323021906702948,0.019925798233449088,0.028309624609572426,0.0059302288745983756
2024-07-17,0.0002122512980582414,0.01286350056012453,-0.010462976749567088,-0.016692260331895192,-0.0015248307988690035,0.0021583072553394977,-0.0076530523116443705,-0.014116883219000731,-0.07120671057311367,-0.009453963170536483,-0.021758834275584005,0.0008414453089315987,-0.0011495954672144926,0.0004578888942032844,0.012129899759315999,0.01973191545866304,-0.004643206403117217,-0.013597585589560923,-0.014021125386979194
2024-07-18,-0.007643786874063863,-0.004952945781820706,-0.01934755950692657,-0.010185568004935086,0.0027488743278043515,-0.005742991538655207,-0.009640091514202753,-0.008722282913107837,0.005192314542332932,-0.017002778463275914,-0.01494437683687444,-0.0028375012117233256,-0.0020459297265014165,-0.004302108696877194,-0.018152956491801153,-0.00893080124254464,-0.006381186355259194,-0.01358145917252962,-0.007684943087470586
2024-07-19,-0.0058844793191538125,-0.0033185718459805003,-0.00509294784036074,-0.008918150030299832,0.003350426627448666,-0.013718501654743975,-0.006651434808756407,-0.006232526907829161,-0.028958302136197323,-0.008616331620376005,-0.0021169414275179488,-0.0031618476440129495,-0.0007688520559243628,-0.003677099935810446,0.0050258772132913965,-0.02377974329904753,-0.017937829186174925,-0.011083384837958454,-0.006640584713270448
2024-07-22,-0.0029055632395812436,0.0006404114550335738,0.01591028630901503,0.011021664670720188,-0.0021250676388785417,0.0,0.009145765597414979,0.010440508543953397,0.03860726703304973,0.012971860795129686,0.009074881373717592,-0.0009516506113047551,0.0037187924556305596,-0.0005537015198815443,0.016788907558372035,-0.004871759659204722,0.00031573231212611574,0.01531496773858354,0.010310013477656366
2024-07-23,-0.0014032626966226092,-0.003583387547060335,0.010622477221985838,-0.004476435765042308,-0.0036507763156305995,-0.007320557306649933,-0.0059881317054035765,-0.0007301795848014825,-0.011097312406283089,0.005570593554324876,0.0021023537645803447,0.0007407510703660858,0.00012794994633513745,-0.0007384965248112829,0.01563310712019339,-0.012883277049922981,0.003516676143213937,0.018512014216766737,-0.0015685622630570162
2024-07-24,-0.01080844442060147,-0.0008990166317037751,-0.021470605543872368,-0.04089291705369058,-0.0012212786575557244,-0.0022124240171342846,-0.01253640462384975,-0.02250720174555554,-0.054461239311462406,-0.028780677131094667,-0.03391616943276643,-0.0022207835720208235,-0.00319358065608899,-0.006097662369793477,-0.018332783155740495,0.0024797024954452684,-0.0035043524704835294,-0.02107032365200534,-0.022662707845733543
2024-07-25,0.008194930420272417,-0.001156874032947508,0.012485667311394,-0.00391620625558764,-0.0003055976801774607,0.0022173296905956263,-0.004946507676858891,-0.0038499561250548986,-0.018341812655727652,0.0156035024017247,0.010013329318304676,0.0022257264287095513,0.00012801038116450059,0.003996830555508923,0.025722410849331245,0.008462459921093624,-0.01564473026582147,0.015472561573711463,-0.005210054780798168
2024-07-26,0.007803204804935682,0.01016720418444228,0.016547877368872088,0.011185603165669855,-0.0018349729559681283,-0.008849619699050737,0.012593190842755897,0.011970132078252815,0.01585217770847791,0.012329775614643212,0.012541732782404447,0.004758997218937466,0.0032034022203017987,0.005555439616608204,0.01734805380185578,-0.01742833062325333,0.010534525866662925,0.008193896671648382,0.011199558304339163
2024-07-29,0.0053769524327651474,0.00038218555495306283,-0.01110498204126753,0.01670229733748685,-0.00030631674807513054,-0.006696456777730564,-0.004254650857789866,7.405045405017852e-05,-0.0071157477046635,-0.006823070734297998,-0.005898339077981651,0.001684127672368696,-0.000894092922811951,0.0021174209544834177,-0.021273082013385847,-0.012087743549698327,-0.0014050562105476505,-0.004029988550556807,0.0005876509321249834
2024-07-30,0.003850822680646182,-0.0067498462360395806,0.0037884030782466827,-0.0055477673935617755,-0.003984102322031835,-0.0037452739013704717,0.0004930983898010499,-0.004152911583097718,-0.03826490620021816,0.0006420353451781491,-0.009611924480271705,0.0021016201937356094,0.0005117946459700651,0.000827003559469075,0.009487663655599832,-0.0097087821948465,0.009985461488319247,0.004383347667515025,-0.005066489846381805
2024-07-31,0.010228783709273381,-0.0017952436522905568,0.005795816888179761,0.01549041920418559,-0.0003075723034754452,0.022556355851536702,0.01642573478209086,0.014818224910889244,0.0763499009731039,0.0035932477979159216,0.013898964069290809,0.007339766349569121,0.0035774090003435344,0.005783391998823939,-0.004101256301201062,0.04405048105863951,0.018110725786084414,0.012220410341463817,0.016254880520422343
2024-08-01,0.008624901543582641,0.009248692386283341,-0.03252031327936944,-0.0245346570139352,-0.009541449594284601,-0.011029356895603804,-0.022624537356977226,-0.01566556089800175,-0.0646990455591242,-0.026341135214404177,-0.019380779592170216,0.004270224476840889,-0.0021884082749188405,0.0033161376074661852,-0.04478376270746409,-0.01865187790181244,-0.003442943141866439,-0.016981587952882404,-0.014161121936752785
2024-08-02,0.0311616789860909,0.008781832546584267,-0.035368020602295935,-0.03679814061671127,-0.02392793778805935,-0.01710038325338914,-0.017030353531961362,-0.02012683010620009,-0.05445646523528591,-0.030139957107492954,-0.033381593840017154,0.01548998625849518,-0.0033351352128152545,0.009768930645833729,-0.03305175630375745,-0.038012865265134255,-0.0019046282784819235,-0.031851100618197625,-0.018618465583101207
2024-08-05,0.005290589163865933,-0.019681807243541294,-0.03216537635081307,-0.028269801844312825,0.00668574200069183,-0.0015128569339302178,-0.023885691615772364,-0.029364767466466435,-0.023440043193622473,-0.03290454898869144,-0.028300648234844905,0.0010236467300568375,-0.0061776143142034945,-0.002531527400834621,-0.027494091733316295,-0.0023163669486184757,-0.012691935106198704,-0.019237220284600287,-0.029123613524364655
2024-08-06,-0.02236853178229603,0.006949804376301216,0.010880181760598573,0.01104108309990659,0.010436437938991627,-0.009848587074200221,0.003101875313940905,0.010149680840222164,0.0194553005937097,0.009381210000780404,0.015011498617023111,-0.00889726174401373,0.003755366902437718,-0.006526629697498287,0.002292162145717924,-0.010516310565742204,-0.008000713832612472,0.007319934841368614,0.009219499820192212
2024-08-07,-0.007039616105564694,0.001022383422432993,-0.011839507655404646,-0.01744949283745023,0.000312997088626199,0.010711616706800653,0.005669244394473694,-0.0076423939535134044,-0.027545289496456626,-0.002219402857043029,-0.0020225400162551255,-0.003611826677676233,0.0019353134327162458,-0.0045618365163623276,-0.006289184300267037,0.030917951518539155,-0.0006796279952806517,0.0029631399361220723,-0.006683968773198434
2024-08-08,-0.0061517873012222335,0.009065173427739381,0.0243094986656458,0.021817003853727535,0.0031289915210248598,0.008326973055416964,0.018619636652211558,0.02341658705301186,0.06355511152935267,0.029403588937973124,0.033058920024117144,-0.0030030253580917154,0.00412071601671582,0.0004582050896790868,0.01783650067940834,0.0089703862236572,0.015688013635013043,0.02673048671974576,0.023117222336981103
2024-08-09,0.009861723891017471,0.0015187064454711408,-0.002078358883149778,0.003337831139012648,-0.0037431426020433367,0.005255364110660743,0.0033540805507425997,0.004316514626408807,-0.0002667962527670431,-0.005402165072776688,0.011157508990264908,0.004050881474383594,-0.0001281990214656581,0.005130544765559852,-0.004899125362657242,0.011411897603321286,0.0024552612171107047,0.006028993812215111,0.0044097841495645
2024-08-12,0.0036360006163449476,-0.005053655859429185,-0.009009026064375703,-0.003957773405321552,0.0018787007991312166,0.014936496109767106,0.0008356831623375083,-0.0006467095528844835,0.00938405241678808,-0.009572883309783786,-0.006426566336173445,0.0027933192494904446,0.0006411878233778534,0.002096406271985485,-0.010414691885161642,0.03161894508157315,0.017144665770273848,-0.001634369414114878,0.0005254170960922178
2024-08-13,0.006934794285472057,0.004571289760129993,0.016471167185583058,0.025050533882771342,-0.004062603971755174,-0.009565880405425387,0.014696040857289594,0.016632032260112117,0.040667958138746574,0.021730135764546743,0.017939980966708235,0.004436114092595922,0.004614013894951974,0.007003588390002591,0.012246535924992585,-0.012590587541022713,-0.001532358906807807,0.005593491118534022,0.01644557530091073
2024-08-14,0.006270966859670102,0.004550590450541847,-0.006202922903393748,-0.005337018465344956,-0.007530525663432708,-0.007429409073273052,0.0003291969218051083,0.0028452160008600735,0.0008467834271810304,-0.0004024964821254251,0.005634697315360482,0.0013354880599119046,0.0017862870200178183,0.004426169470565844,-0.002268483050594572,-0.013523996136169614,-0.008155751250824572,0.005969179722885354,0.0031548719498928346
2024-08-15,-0.008070534265390394,0.010318330453157554,0.0259338328137515,0.031911689261471476,0.010433071913988679,0.008233558926429962,0.012339520074136745,0.01732106549364043,0.04221834615853126,0.01872603097857506,0.01835955815447554,-0.006257243985394512,0.0008914411877658512,-0.003057631964994534,0.022925406057815456,0.010706454673285792,0.0031388449312386157,0.015037217928034696,0.01713998921119253
2024-08-16,0.0035014488323497073,0.002740096592259933,0.0026410441366777615,0.002353538281334888,-0.008448081991935141,-0.0044544128439619746,0.006500886262651884,0.002385272192413135,0.0013800941204720196,0.00355781561026558,0.0011707090298069822,0.0019611769517873245,0.0031808672921374015,0.0029770503819341876,0.016299264927340573,-0.014080918689049149,0.02238773852658915,0.008237466370841329,0.002242125296502806
2024-08-19,0.004618577183906236,0.003353569669618306,0.012229507632521841,0.012286481253853454,-0.0003154994792946564,-0.005219938613305719,0.011303103743775411,0.009444703883502381,0.01876693061865975,0.013983731524544352,0.011459354256594168,0.0013393076013770155,0.0016490643314359676,0.002338181619474522,0.011481690456691895,-0.02541931930245822,-0.0016380226467286318,0.002108508316730262,0.00956144497064515
2024-08-20,0.007967841810938348,0.004951883127063406,-0.011663578300153188,-0.0009170364642347995,0.005681832721086577,-0.004497744141323201,-0.0047899338690298165,-0.00242998238765868,-0.013050069839215306,-0.0029135265593981385,0.002196530700660615,0.004012293759201091,-0.0008865797751553828,0.002602003805363795,-0.018738781516587255,-0.007394399605708646,0.0036699887797402297,-0.006443618691320485,-0.0016260690385396792
2024-08-21,0.0006082353130481,0.006774989814987142,0.013023803121637423,0.012634382605612338,0.0018831569733079867,-0.006024086990398803,0.008182196385474017,0.005016660276694118,0.010360386686787848,0.010519383661839354,0.006113726312446444,0.0020491815422960524,0.0022815498985273575,0.002237497374973696,0.005875982805176427,-0.016659939407128954,-0.0013336178629832496,0.006088234084538735,0.0034366969502579447
2024-08-22,-0.009926101419944211,-0.0014682377374821698,-0.008818396669663553,-0.01727539965977931,0.0053258864088310265,0.0,-0.007956802570891819,-0.008463990476040406,-0.032757470318363624,-0.014201237890088314,-0.015363487369200124,-0.004601398694750958,-0.0012647029206845906,-0.004107750089369699,0.0029206444283431665,0.013498669111996264,-0.011975011209935604,0.00085516735202118,-0.007848785276715176
2024-08-23,0.006547280462348759,0.0028181362601256144,0.03193483118396334,0.019315238235752874,0.0012465262085632478,0.017424254310953513,0.01764518408618798,0.012658711387510513,0.024626732964368347,0.021511037838600755,0.005705703384281557,0.00462266943987788,0.005318151210823796,0.005738292072499096,0.05078270351614056,0.026773595700994912,0.011553425520716143,0.010317897868924897,0.010625422141984808
2024-08-26,-0.0025410162349356336,0.007086994503856525,0.0003176105133124718,-0.007771360586447118,0.002801062821453204,0.01042440645554299,-0.00472890421806893,-0.002521620749233233,-0.02343086175718523,0.0015314844379141768,-0.003241929830869905,-0.001226791815203243,-0.0020154775739723574,-0.0012480101060128312,-0.007448417011215236,0.03017867223294335,0.0031893380775307456,-0.005984373761802719,-0.0023838221000610504
2024-08-27,-0.0017320441970133382,0.002426773386964509,-0.007756824330275913,-0.002628647200031198,0.0031035484719215134,-0.003684630771119801,0.0034842845034337433,0.000902976811668621,0.010058863622909753,-0.0037591340682907592,0.0026716308542029665,-0.0004094328939909797,0.0006314553970185877,-0.0008031985510259521,-0.00959860119591327,-0.017217062003851646,0.002706671669018279,-0.0009161942146054258,0.0013731297473582593
2024-08-28,-0.0012249916028113095,-0.004236302878613429,-0.0067661431104488745,-0.009681532433606144,0.001547005286791192,-0.011834301397529723,-0.00520824760359706,-0.006098050718822412,-0.0168155771396451,-0.010744582958955529,-0.0123957590575825,-0.0005120853756591659,-0.0005048672682756994,-0.002054567971738752,0.008634334258242449,-0.013204268989976509,-0.007026862307456638,0.004192056233732977,-0.00580521267877987
2024-08-29,-0.0032704230644416965,-0.004983576603924567,0.007134335358881749,0.0011949688190067143,0.0003091286380327851,0.010479025670981246,0.0025385995248834448,0.000979971700329374,-0.012370831227469625,0.015451376292595631,0.012199474157818635,-0.0017422871386069128,0.0010095921036934463,-0.0017007982896440899,0.0027952653280463036,0.01709053032274821,0.005177980359189593,0.010632077687402708,8.94147719037175e-05
2024-08-30,-0.010663321539366333,0.007940447974718712,0.005804096471284215,0.01508075748076898,-0.0012354904815684575,-0.011851833668998779,0.0028484519525784346,0.00964764881271174,0.023328179550671013,0.001018584748525786,0.0059102855895203366,-0.003490571182910296,0.0001258001426820421,-0.0027800506081332443,0.007491308925415385,-0.03165299480829464,-0.0071260085162319076,0.0036787896968011324,0.009546108600853476
2024-09-03,0.01635535041989522,0.00702934695716162,-0.030579700868620385,-0.01373448985023229,-0.007730242744533711,-0.019490302241357615,-0.016884957073754814,-0.021517384290086317,-0.07504315403504036,-0.029256407019315755,-0.021889390489618465,0.00659218521887861,-0.0035457491580433986,0.0030235212500295816,-0.012796187621665567,-0.04371805434625098,-0.0043235765879541255,-0.029965806146643348,-0.020579015735476047
2024-09-04,0.012890103130538844,0.0046938398270497395,-0.0016873524775706805,0.002600884749010657,-0.009660383791972316,-0.009174298125973923,-0.002086788842528886,-0.0022395473117318154,-0.0023979759346278717,-0.0038656315632253913,-0.002237925882490499,0.005851062615375602,0.0036855792147720834,0.0062084525412318126,-0.012086139696739107,-0.020818621518907454,0.000607926500195255,0.007756096708271709,-0.0020468082735936033
2024-09-05,0.0056559251226953045,-0.0038331264403426157,-0.004976876217958726,0.011349604505759725,-0.0056639543618550725,0.002314851253027994,0.0016085889931756192,-0.003090586412009322,-0.0017360116652975766,-0.0034201709543166814,-0.003777578076552879,0.0023471549825089255,0.0034188797230749746,0.004917972196078146,-0.009751842025341406,0.004022393001606117,0.008332306942507639,-0.009801341861966906,-0.002432194921198616
2024-09-06,-0.00010029768922992233,-0.002044551985636467,-0.01901559105251238,-0.025276619722897187,-0.0015822533974803044,-0.01385679139189977,-0.01846795642826804,-0.01660913251192153,-0.04129133462700885,-0.01630146540363775,-0.01220525046674259,0.0014254596008511644,-0.0012617328873485434,-0.00044506924207454723,-0.0180840045401921,-0.013735857674293306,-0.007402630408956501,-0.020726686907846625,-0.016830059251654927
2024-09-09,0.004319089409760446,0.007711810793902485,0.00278966815086501,0.014583356774447997,0.0038035842582000434,0.004683833365831225,0.010307662297428966,0.010696852119325806,0.02260458701891821,0.010399242909136852,0.01259598718944166,0.0014233468071807032,0.0024008304122669077,0.00222574240350748,0.007840864763891009,0.004932487108448402,0.004205876079289794,0.018451889533241506,0.011196119760345846
2024-09-10,0.007000425911513508,-0.00023909840452374098,-0.0008153142900853005,0.01145572369889658,-0.005367862149545766,-0.015539991157018429,-0.0040486928790308685,0.0038991869475730745,0.00946060833810125,0.0027223722709994735,0.015874845435345675,0.0042638040478331085,-0.0018907219372721329,0.0027536370764780216,-0.008684546802147586,-0.03334773596852725,0.004404097525005923,-0.0063279613060373,0.004355842243748853
2024-09-11,-0.0007943663929164124,-0.009329100347206243,0.00292820483068601,0.009990396181996486,0.002222081154463318,0.009471094962281823,0.005691066835014302,0.009950278181254157,0.05163557197689461,0.007482957429468806,0.010728806529174184,-0.0007076029888377633,0.0015155078229385222,0.000442762679351727,-0.011681035006780416,0.013291508390340212,-0.001590555949419148,0.006636398819442224,0.010258871438541872
2024-09-12,-0.004671471645198655,0.006157215325510501,0.012875819116211273,0.011266826303889532,0.004434638123310464,0.017982893576241388,0.009054218364659805,0.008314141964381738,0.0021422311875978206,0.0060470018605078835,0.010615009139029574,-0.0016185473425097685,0.0013874287790887063,-0.0007082102708011462,0.0038781682610620205,0.030066336940382188,0.017567284525531468,0.013517797252141195,0.008423251468383519
2024-09-13,0.0026962827196781447,0.007079451820694027,0.02466801468436941,0.006799725314226235,0.0044149933836061805,0.002304104031700893,0.0027239678939423584,0.006974118062921475,0.012868766633648665,0.015157521828679021,-0.0029683465807734954,0.0019250887316242249,0.002769932910725803,0.00310119846271828,0.026858055534080938,-0.0007154536012947688,0.009943683944142245,0.0051907245788285206,0.005222756695539621
2024-09-16,0.009162137110869217,0.003931938066262797,0.0035973510644311535,-0.0017144805471280833,0.0018838136323888754,0.008429066053672551,0.006551524593004343,0.001983845378127791,-0.01312733806049371,0.005148612342204428,0.007901001470417057,0.0026296123812721284,0.002511860275900668,0.00441643929136637,0.012898463813571404,0.014891193729388963,-8.374817448153493e-05,-0.002483785893664492,0.0014768050991735837
2024-09-17,-0.004835555123010371,-0.009494539789681844,0.008271673511052402,0.005100489391289598,0.0056409449340020235,0.006838934895439186,-0.003175039003489699,0.0010081303932916175,-0.00034220213782965025,0.0008324751946344744,-0.004544337766240081,-0.0018158093151774413,0.0002504384822203942,8.81930118383778e-05,0.008312759387723911,0.011851072232436533,-0.0055309113549146804,-0.0011140298749973132,0.00040852441670646833
2024-09-18,-0.012395834107685744,-0.003834239462677025,0.00018234498645353092,-0.001967773532234429,0.0009347003320290259,-0.006037726647264097,-0.003344461287354883,-0.0025173367105288946,-0.01138119514685454,-0.0026230217930012234,-0.008559639572854993,-0.004345125751675227,0.0008766911643236508,-0.004132957781227242,0.004385072004304158,-0.014779664536421766,-0.007710465405288858,-6.565185821061359e-05,-0.002965737340747787
2024-09-19,-0.003313758722536031,-0.005893555292023511,0.02059680985084711,0.022775608382853862,0.007472237723096908,0.017463945719446095,0.019494924421397553,0.01694611392368861,0.043408671527482845,0.019820481408975965,0.026706567964012162,-0.0008119856166847184,0.003002950794619652,0.0008828578049635549,0.0282921607969131,0.029578208740050904,0.01554075728197235,0.007085200968069305,0.01706435863224054
2024-09-20,-0.00382841831964964,0.004839843686129663,-0.01071564542729464,-0.002282570599430711,-0.0027812182401359964,0.000746228862580578,-0.00705193184578512,-0.002091927892735046,-0.013231592598669573,-0.0014467133800916132,0.00011199404934281176,-0.0003046583780510481,0.0012478935176516437,0.0008821527207836244,-0.020210729722816012,0.002336744590313522,0.012710660066880486,0.010292454995622702,-0.001728617192906845
2024-09-23,-0.002123729390782314,0.005798118188811596,-0.003655801459145347,0.012150706898048202,0.004338183668605611,0.0,0.005231418257680476,0.0024870606681068885,0.004413642515571414,-0.0005669630487242783,0.00011215260282160244,-0.0006095024461286735,-0.0018692401739593967,-0.0014101267399155848,-0.007991843501024665,-0.009188126519051987,0.0019404068737312041,0.01231251848776882,0.0024988464537973876
2024-09-24,-0.00020259392824306666,-0.002406880277250889,0.0016760403634938914,0.008758283131589106,0.0018514564698970393,0.015659970287394298,0.013877954066758624,0.0025162238997047393,0.01862316440407641,0.006995644947346058,0.0012330270596192516,0.0011183259733029693,0.0001248351100566758,0.0016769408035917088,-0.013544354997426011,0.014394476339478768,0.01396907347432852,-0.007525962670643649,0.002861468217643548
2024-09-25,-0.0083120024836294,-0.0025335887444567495,-0.01219731457861084,-0.0035926970815578496,6.228827667409398e-05,-0.007342132741106733,-0.007621752509064161,-0.003287729533706374,0.008792107940645,-0.005757764682677413,-0.005149952721689499,-0.004062150390667374,-0.0011234828031125854,-0.005904057411472818,-0.014978658102734244,-0.024696377895804922,-0.001381767735031958,-0.0017350628673289403,-0.00220569493380951
2024-09-26,0.002350855773823435,0.0022979965255507384,0.005328839751451042,0.00425654085154914,0.00031155001091409673,-0.008136120508520195,0.024608138398991564,0.00446915459354047,0.028834374689085118,0.009316273186997348,0.005176612028896743,-0.0007138198821936559,0.0016244789407171556,0.0,0.011042656626083946,-0.03455513576810054,0.005086884066794806,0.0014807176087323626,0.003964896398938489
2024-09-27,0.005200914421850111,0.0018099767269279532,0.00676252697873414,0.001496032025731564,-0.002492263749925838,0.0037285937727085106,-0.004436143078116017,-0.0009883576823056517,-0.019317505664874224,0.0026819401617754757,-0.0008956736672283139,0.003979417080669068,0.00249503806380158,0.003988948397555481,0.001253475743840493,0.018258143281152606,-0.007935830791900744,0.007841961398096231,-0.0014503998283044162
2024-09-30,-0.004768237013041632,-0.00024084250664690998,0.0025417286328821564,-0.0023401227098514,0.004372390709638463,-0.002228784253545779,-0.005224380317303656,0.003935511902998234,-0.009243578839780442,-0.0004976663342876053,0.0014568172583206973,-0.002744099933965738,-0.0007465737919619686,-0.0024721379466539073,0.012160137896888967,-0.004980766911074408,-0.007999374253898295,0.003507853135734207,0.004007204729666425
2024-10-01,0.007220033004118553,-0.003373480188259337,-0.013581499010489884,-0.004042620115902951,0.0012436791671828207,0.017125772051169275,-0.0026259089054524454,-0.009111505676644205,-0.02676710959174644,-0.024332607398604877,-0.021147981050417153,0.003638895437439782,-0.0005005087330549607,0.004805979644706193,-0.033392194940915276,0.03132154603486437,0.010491249392624136,0.009978496349664745,-0.00895843135052643
2024-10-02,-0.00842740695177202,-0.00846239365933521,-0.0013768424313461702,-0.008468634307637224,0.0059006325692463335,0.008052734333985345,0.0035620575940551458,0.00021376361420255563,0.014400483156830512,0.004337333627196127,0.008458979957310042,-0.00285175929314585,0.00012513641044220591,-0.0022104432927366746,-0.002193349758840002,0.009014027463280838,0.00020358719772617384,0.0020766911407206212,0.0004220236379359754
2024-10-03,-0.009420311354590427,-0.009997486643438358,-0.006709885923417924,-0.011573088994356162,-0.000617519112999787,0.015976811648263256,-0.0104937852043403,-0.0021377361379867343,0.009202703488054853,-0.0033024435522253093,0.001020153612956154,-0.0051067575235623774,-0.0023787902051927157,-0.006467920507531977,0.002381382652056674,0.04081914696954403,-0.0006920058878576718,-0.010550133807235573,-0.0018282171792480817
2024-10-04,-0.012301050035632866,0.003325042370944997,0.013973037976344305,0.013242486068829162,0.005869707420824044,0.0028591065597343146,0.007641896080044175,0.00967697292277947,0.013371545532666174,0.020836016978670102,0.0180048074804382,-0.009649974155544028,-0.0011289860995795653,-0.005440257445073371,0.020467791471178165,0.00818691522124082,-0.001996030315693287,0.01142412339093224,0.009087337035467602
2024-10-07,-0.007535423633411642,-0.009942069311120516,-0.007848539609245253,-0.015542224424938356,0.003071285468167595,0.014255145928319113,-0.0020121066618535854,-0.009124608210677176,0.001614027003266738,-0.01572937994467838,-0.013570645481210564,-0.003627851827936124,-0.004271749718935625,-0.005111176976964726,-0.004477110725632172,0.037328075063250976,-0.0033877625757333663,-0.003262937064694049,-0.00904048377785971
2024-10-08,0.0016872527494462553,0.0049587814390885665,0.000690021037436539,0.009739213175411932,0.0030617557647238947,-0.024595851023417103,-0.009460295123257079,0.008423500527884098,0.017323341752281785,0.00995620690419785,0.021425339674111754,0.0008323963426857262,0.002397183124072111,0.0019830776275984174,-0.0030580633833069415,-0.04305550712259876,-0.007371925565205384,-0.0030847541959811986,0.009457613071693016
2024-10-09,-0.005684798787559897,0.006045104727298467,0.0022061294119366526,0.007157653634277006,0.004578803156799038,-0.00720467427174154,-0.0010960630112548664,0.006972766595678914,0.01041502727211796,0.012181300753222768,0.012695997970055606,-0.0037422839407351693,-0.0006293120849728551,-0.001979152813931573,0.012991790674872439,-0.007124962514899691,-0.005446185963701722,0.0023997182774506687,0.006926361179171225
2024-10-10,-0.00391725007005761,-0.004414493760989013,-0.00554887741644694,-0.00493949526915527,0.0036464464904575333,0.01814224543062104,-0.000940386774594959,-0.002073796710136855,-0.0019596791628675447,0.0033499085893433644,0.006867991888515501,-0.00010438566337478417,-0.0005037236962656122,-0.001081446931302521,-0.000890694262925984,0.0334883274826101,0.007342892553628744,-0.01089915215988313,-0.0017498385459364663
2024-10-11,-0.004038993330617635,0.005542584907731074,0.02033644727121242,-0.004254869998073674,-0.0006056781502555841,0.0014255145928319113,0.005804721574196092,0.0077488913995991116,0.008011018886578736,0.015704162945146205,0.0049804433264613035,0.00031301825971286057,0.002646258622656994,-0.00018053637695392144,0.03458737261043909,-0.003600344495087948,0.010913408354139564,0.020764325474779133,0.005988038230320569
2024-10-14,0.0007468535173840163,0.004042059663861064,0.007367016427710649,0.0043747905918363195,-0.0006057340751490781,-0.014234780230232724,0.0006241031904392624,0.007794178371753002,0.01788161798228738,0.006452447611854595,0.005494572347408466,-0.001773415020500435,0.0005027546923950243,9.009678647275976e-05,0.007926754642051836,-0.0201315989366303,-0.001629502157067031,0.004367951087404176,0.008178509793848932
2024-10-15,0.012157482032758793,0.006343688471868392,0.0008076855537673122,0.0021778282887736644,-0.008790460088976215,-0.020216648769121992,-0.01590029597121867,-0.006866844673490968,-0.05404174027738351,-0.0009678217730346717,-0.009643226851999809,0.005120769894882526,-0.000251411846376115,0.004873046295816641,0.010942057598011479,-0.04174895504022835,0.003468359323146597,-0.004286765628874867,-0.007769660270121936
2024-10-16,0.004214400657256867,-0.0007271698242087288,0.016452130550871358,0.0052560325105712735,-0.0018350572959138223,-0.0022107174121029916,0.005068987060913743,0.0050984819156312255,0.0006473472664461077,0.005751546502297922,-0.004652136589702316,0.0015593958596418211,0.0017591458641197377,0.003142818293747185,0.013698607839803367,-0.004947781745216595,0.005001609209081437,0.01853113985016619,0.004346329024053963
2024-10-17,-0.015842686900464753,-0.00448874654338105,-0.0027344384838956515,-0.0009050060359737655,0.008272058071559396,0.0,-0.0015761052032551293,-0.00020838645251330945,0.01722463393247109,-0.0007225064291215277,0.0007608429871559519,-0.005190347856137922,-0.001505023238526526,-0.0074300745197039,0.008675388374983495,0.0030386908296471393,0.00598831083503093,-0.002082738403358375,8.589626262245353e-05
2024-10-18,0.0007458802001512055,0.0021935290598458224,-0.0020786400680302686,0.003924906868270739,0.00243098513289719,-0.0051698969982383325,0.008050449158218509,0.003926932019598706,-0.0002782959415175146,0.006927408954796155,0.002606680498348224,0.0011478479008963927,0.002386643544638911,-0.001172319747960282,-0.013562622728781726,-0.017075260895971556,0.010618185005034864,0.0005524720856955323,0.0038465567724994543
2024-10-21,-0.017470765457850423,-0.008390026204639689,-0.015732132540295818,-0.007768885154559202,0.0006061012113058872,0.005196763731454057,-0.009865289994107185,-0.0031502458918490905,0.005288116786754227,-0.0021537069738161163,-0.00032495692316136804,-0.007713149235863748,-0.004009803214816143,-0.010203054463416628,-0.029342738236435406,0.012328452180913496,-0.00019900127714245208,0.005828650212391651,-0.0016421922272843448
2024-10-22,0.0009758793693916967,0.0056406104209256736,-0.0037822784323489067,-0.004041203027579043,0.0036354001099456745,0.015509538030131331,-0.003953877079035051,-0.001145868718912646,-0.004548325955678334,-0.0024580609147260013,-0.0018422140902834006,-0.0009453554034174472,-0.0013844358992862738,-9.137842301942811e-05,0.012610096930673054,0.023802950039503612,0.01078732362833379,-0.01793349511147635,-0.0005312147796041611
2024-10-23,-0.002708233136651028,-0.0019508615699999066,-0.00912942449669052,-0.01572335977830197,-0.002112947910173135,-0.0029090864176256614,-0.008891775181739558,-0.009038604378463155,-0.01064807773243348,-0.016347034276492534,-0.014330723808297696,-0.002313160974845574,-0.0030235921268100263,-0.003375542030211842,0.0006824645535394858,-0.005812385586158264,-0.012050555849465017,-0.005217258389255686,-0.009137361442768999
2024-10-24,0.006408480099652891,-0.0013441585894713448,0.002189425417077784,0.031536504514992236,-0.0021172976432357604,0.0,0.002082766367395017,0.0026660523544044246,0.004216782297145505,0.010875478084897194,0.011014476966994646,0.0022132664762797294,0.002906455305618394,0.003020646670628402,0.00511410461808981,-0.006662209012000209,0.007693259346016168,-0.00942827920298761,0.002162663215278915
2024-10-25,-0.0056122577436334975,-0.008319042027026713,-0.003777579628783112,0.003147193375361068,-0.0012125137546494802,0.003647005132229042,-0.002717718165843208,-0.0009448259896259747,0.011597227618947326,0.0006043941642970285,0.004466680256224098,-0.0022083787456349535,-0.0010078475737825832,-0.0023726718138843417,-0.017978231025264413,0.016014314774668748,0.0020569789010425055,0.004601368577844767,-0.0003452923277402764
2024-10-28,-0.002713344395875672,0.0018504915992050286,0.01630967105607839,0.002340627114681304,0.0021241789013357604,-0.02398255786606296,0.006732747637815395,0.004062872397588402,-0.006918105705139843,0.014074366689469597,0.0015183851982520924,-0.0023185240942997787,0.002522860666046345,-0.0008234443018210191,0.02867010817028226,-0.05119227913119673,3.945407605776552e-05,0.0,0.0030914499576457644
2024-10-29,0.0015238526855667622,-0.009850794910700178,-0.003236636503538892,-0.005216630098428543,0.0006059861804543765,-0.0014892780309514464,-0.003503012237926373,0.0013250817424448336,0.022730008655547973,0.013878937205712871,0.0167858325470982,0.0004226162418077273,0.0002511786820067474,0.0011903659200225292,-0.005876376328860511,-0.010932793408064523,0.010894858433216914,-0.0021332765438717427,0.0016182054346847163
2024-10-30,0.0029336396970103262,-0.001616789868770785,-0.0013529366503961526,-0.0013984634337496082,0.007566478378226327,0.011185781318125754,-0.00591257727932859,-0.0024730070437424256,-0.024287823989796564,-0.006345074979910104,-0.002343213527455923,-0.001478315182069645,-0.0017609226968677838,-0.0012804786053176587,0.010133403012881903,0.02440420411816424,0.005505891218995584,-0.0037096964732175053,-0.0030253155780031182
2024-10-31,0.0016251125264721278,-0.0019930019831758683,-0.016618478553105498,-0.015303607225081173,-0.004205462065533849,0.005899695553043038,-0.00578679030595064,-0.018647395857378513,-0.03590230043739062,-0.018624756300525735,-0.025728516949442448,-0.0005286769232479838,-0.002772199238268991,-0.0020143687370459684,-0.01437883552559549,0.02410315591356116,-0.015495166963743978,-0.029346826386251856,-0.019602998451423104
2024-11-01,-0.014098126784447218,0.0003745408659450167,0.005602386806535797,0.01625258006231234,0.002715035085391726,-0.008064541232132738,0.0011316641080858503,0.00427020632472308,0.01270278789320689,0.008133589013422204,0.010957666817259737,-0.005921758746271211,6.309143501948e-05,-0.005478444649648306,-0.005258811284430509,-0.014504723062798819,-0.0041023758773532926,0.007672173057757803,0.004220527329819701
2024-11-04,0.015521481970789619,0.0027446338586725183,0.005068973690076861,-0.0034484723967507236,-0.010228512060022288,0.01404288393691222,0.0030685884297452226,-0.0018070876862776863,-0.00196116465579399,-0.0019722103849245665,-0.00010843281416816897,0.00533777248768641,0.0027942889569345652,0.007406772331573164,-0.00869708771274269,0.0315190832861485,0.0014259144001700363,0.0019359826972851213,-0.0021538830639530326
2024-11-05,0.005312021027433778,0.00634568695298765,0.01881055550627453,0.017703151660552585,0.0003036922648318452,0.005101994989862746,0.010948339298785026,0.01270746102507947,0.016539046314352213,0.017784420576572035,0.01745262787836177,0.0005311953582447515,0.0027858574155050775,0.004778902156125087,0.017202741665609977,0.005922768017011526,0.002254447895034817,0.012944225717750113,0.012091813620813241
2024-11-06,-0.02738861680855975,-0.016320267167306834,0.057931538530865634,0.03198152687834299,0.018535395591694703,-0.009427144137417964,-0.012103831744222138,0.027970726391185474,0.026176910913010776,0.05948111280357993,0.041018488286935995,-0.010295147492053736,0.0017676787717040288,-0.01042736476341899,0.13411143453247165,-0.0025425188394377907,-0.030386729020158154,0.03865474194076457,0.024865405550438924
2024-11-07,0.012527803353657552,0.0036448986847466003,-0.0035408745091058957,0.012844908235255525,-0.008353089594003826,0.009516860957399231,0.017249520868356294,0.006989789040282801,0.024371110165049226,0.02215682623536175,0.02507426211927477,0.008042764550157733,0.0042858789948678755,0.011831244462245705,-0.03623632187267878,0.0016099107205274077,0.016076503855530166,-0.0031218571571719478,0.007732246034327872
2024-11-08,0.012701310420305756,0.012147709616665336,0.007360953343386267,0.014190726969447454,0.0015041038880396762,-0.013778116409516317,-0.016640166085959196,0.0046729149994062524,-0.006436251751836819,0.003694202580566408,0.010782730169817123,0.0021277529862238076,0.0016319915541505026,0.003471065480180391,0.005415643503228873,-0.020492985985050227,-0.006769426092267161,0.03463103827395719,0.004331774643717257
2024-11-11,-0.004865415808535278,-0.0034643755150399747,0.015034353271149437,0.020174918147314314,0.0018021645844115142,-0.016176445953128282,-0.0012891246162695102,0.0027973445241158412,-0.022403018148491105,0.029228640623079727,0.023212134066748824,-0.00276004938047536,-0.001127868439329327,-0.0019116367965555936,0.030932409585427312,-0.02994660049586373,-0.02347155656813127,0.014896068151252884,0.0009527466076082458
2024-11-12,-0.014993498442215203,0.0011173633263765748,-0.017542406359445484,-0.01335100080895013,-0.0002997177811546736,-0.005979063988414635,-0.016459576036323087,-0.003932311923145804,-0.006586980598533243,-0.0028924071902255433,0.004826668153691704,-0.006280557059165526,-0.004014750655452093,-0.00902942474137236,-0.005821870040712884,-0.003524104756078783,-0.008631355179477884,-0.01075948187275988,-0.0031063327117399897
2024-11-13,-0.009485695886027101,0.0029765761347997355,-0.009896409968574549,0.008543921794388343,-0.0014996543216692082,-0.0030075141135381678,-0.005086273598042812,-0.00047245373275361935,-0.016795050789618515,-0.011234107322258713,0.0031703591143168453,-0.0006427002991227226,0.0002520269664574304,-0.0037735546724778635,-0.006155947333969292,0.0005658638300445329,-0.010081225320474285,0.012827340280228139,0.000485928829681459
2024-11-14,0.005790407910381656,-0.0024730523294528295,-0.013483019480627023,-0.014195377619283245,-0.002703493697761461,-0.001508371367372141,-0.0011543118274482955,-0.007392753480981562,0.002220966725543949,-0.016909411458653212,-0.013120020999750626,-0.00010717097588786029,-0.0021407269424019715,-0.00027733897049109224,-0.005438925551226603,0.007917397596713949,-0.0026091417886487944,-0.034084246745067714,-0.006430071004212001
2024-11-15,-0.0026572934303856766,-0.008801370765152305,-0.014917673771824291,-0.008547115116213422,0.0012049061968708585,-0.004531637104548403,-0.0026415142422354654,-0.012685453932041124,-0.03316138175696881,-0.016223552149398413,-0.01863180089389871,0.00042855428589838596,-0.0001261448286247191,0.000462130008693995,0.00015174672296214275,-0.02160192026581842,-0.0017720694429753658,-0.004531699424039304,-0.012808767856329117
2024-11-18,0.0017762183496574657,0.007003473650449621,0.001969539077664395,0.009229756880991147,0.006317619477969272,0.021244276176061616,0.006455794071165588,0.00406458769153617,0.0066264045894104395,0.0007170078489369125,-9.884684217542627e-05,0.002250481741554289,0.00189294708923482,0.0018475895951155508,-0.0018225116551940923,0.033261644370239596,0.019020246289590537,0.0017601355014562614,0.004097563742130994
2024-11-19,0.005097584813572809,0.001366161189026105,0.007425923508502574,0.0007429104774867579,-0.0059791360306873376,0.0029717636293091765,0.00032903990859978194,0.0045972276385217725,0.010929849723397833,0.01973110684371382,0.01384490649975434,0.0021384449164831842,0.0015116034743878348,0.0021205765173610835,-0.005782129450185747,0.0033300661133035536,0.008959325127211537,0.011936507581038036,0.0036551019976984733
2024-11-20,-0.003197360079689515,-0.00508501750745094,0.0013007855450257733,-0.004407081618028719,0.0027067460887695294,0.0014814792086248474,-0.0024663564216219624,0.0005804156365125657,-0.00671636650698193,0.008161126017685483,0.007705853271705143,-0.0014938744595078823,-0.00025125099386758,-0.0023921273519115216,-0.002754625483986639,-0.004010523099414409,0.005632045702723465,0.004610507974703415,0.0003390344721365679
2024-11-21,-0.0007744477986765252,0.010845236707177408,0.015199365714196666,0.0017706359845111042,-0.0011996618445858642,0.00517754515913782,0.0004945175157438086,0.006996575635446645,0.014678046660238753,0.01817412497849169,0.011905889200510167,-0.0005340498326938947,0.00037739861018581955,-0.0011989316732042843,0.014886352166731065,0.01638434268504496,0.008339500390982302,0.014245063145767345,0.005368147546016111
2024-11-22,0.0005534879771842416,0.009248934760435867,0.018469595616212642,0.014418542218591401,0.00120110276174068,0.0029433360938380115,0.0034596453482411693,0.004948318760158665,-0.006013831575233275,0.02653745109936434,0.014348637466314873,0.0006413948179464501,-0.0002517533816610573,0.0009234151771242427,0.02510212051676386,0.014344304583786327,0.012892210445830665,0.01404471986352207,0.0030994127135139937
2024-11-25,0.02588795610722583,0.005498564550570961,0.015202962624598193,0.010224659510600143,-0.010797757567016064,-0.013939854868206036,0.0032835278101790433,0.0048903281149383915,-0.003924413836170149,0.006462874654065365,-0.002357611071172383,0.010790519145177813,0.0037743670392458295,0.012453648136220297,0.0163739771662319,-0.028956249506786658,-0.029458856541118794,-0.0004057051098584896,0.0033922450746333155
2024-11-26,-0.0038822587343236847,0.004131817498873147,-0.007343340945659693,0.003630901791078278,-0.005760953413405212,0.0,-0.005072890735077884,0.003658236097680012,-0.009193169115696675,-0.011313897808328699,0.003781077632010632,-0.0021139475271920727,-0.001880300251998146,-0.00255114604795581,-0.010740087393950049,-0.006796087019965813,0.0019383092584315254,0.011304982029147093,0.00522138804441763
2024-11-27,0.006928552936971588,0.002057310500261922,0.0013714967743923001,-0.004929311475833087,0.0015246830384556542,-0.005952371779599841,0.004440875728651372,-0.002842448880965409,-0.013130655598564966,-0.0003607903670230783,-0.01779831124437492,0.004025225789060505,0.00301387065106562,0.0036540321468494508,-0.0032278360883865043,0.0015361068204720052,0.002222714763140843,-0.0038409112177172355,-0.0030299196377361337
2024-11-29,0.010321584496930658,0.005072491875973251,0.0038181829704060366,0.010270958141151088,-0.003044974041408688,0.0029940073345660068,0.010479813318152287,0.005566734839393961,0.0162854565187609,0.0056721378206427975,0.004410368059634795,0.004219692855979229,0.0020031033696386036,0.0061892389714779394,-0.003090723555844388,-0.0015337508153835389,0.008624546377060671,0.01582549706644598,0.006211833631180719
2024-12-02,0.0024027145823035667,-0.0012016086060053777,-0.0004960959420304834,0.008726978209984582,-0.0015273253391825392,-0.008955210039158445,0.0019445369884369956,0.0019009653147312733,0.02370621096707981,0.0,0.0009545815141593916,-8.430074169163415e-05,-0.0003640416410161107,0.001570169509014896,-0.009449768853680318,-0.007959777823850822,-0.008754403389975018,-0.019374430525607167,0.0017925294106124756
2024-12-03,-0.008628846124283829,-0.005173239612024427,-0.007114817911836102,-0.0007581476481647309,0.0052004599478809865,0.01129520209684265,0.004204954046648224,0.0,0.0022189404164103532,0.000769128629873661,0.008678152831024244,-0.002845561957408038,0.0,-0.003534717939855936,-0.008793940262653788,0.028153152790329594,0.002012776164397767,-0.005835013604682082,0.00046375270384491074
2024-12-04,0.010745632961225438,-0.0027816180168246385,0.0035829006415790676,0.009282773874755623,-0.002434558997875591,-0.005956880797612696,0.00016106930756998317,0.006723565227966466,0.016947166895599164,0.031201966404646342,0.03885790562017455,0.003805024748103847,0.0023854419473290367,0.004820418684316374,0.0031579521210871597,-0.015881758592130257,0.003033679807253664,0.014934233799128283,0.006209523813462736
2024-12-05,0.002019975862331602,0.0040020604783788105,-0.011665159905256739,0.008180411019119926,-0.005796290614641375,0.0014982026455214736,0.006119257592023697,-0.00277722089834187,-0.017139729480696198,-0.006906083844666067,-0.012104038955265795,-0.00010545682789131483,-0.0008769785093674098,-0.00027137279488109733,-0.005096619172081596,-0.005703896054271906,-0.007397709454119217,-0.012481543521491667,-0.0016457159439817737
2024-12-06,0.0014853751613392863,-0.004952251390611839,0.0035702963698081014,0.02105267885712503,-0.00030670716764436,-0.008227400383292616,-0.0017606381860718612,0.0027849553344978517,0.001248442001593686,0.024214445660845074,0.013818506159386512,0.003158795193274555,0.0016300130983952776,0.0022634251366899782,0.0028626297245217813,-0.017210064865331054,0.0003705687954560499,-0.004174290932149383,0.0018956673753760533
2024-12-09,-0.009217104753375227,-0.0015781267007781707,-0.005022394574123568,-0.0031786805992846112,0.0033761379735606223,0.008295652034016943,0.005451382349517031,-0.006381252751386235,-0.010216754470572131,-0.011772205628292176,-0.020717914652639724,-0.0034637420564382904,-0.0012517343610182197,-0.0025292216900499875,-0.01622577412658166,0.013240323654045705,0.009919751769426055,-0.019969813239819056,-0.005149413960466753
2024-12-10,-0.0047049008524210345,0.004741765498302852,-0.004332688273611218,0.0016375005340547588,0.005812249194528718,0.002243787178772827,-0.010843522936796579,-0.003759780488974296,-0.02515544518780788,-0.021699321424967555,-0.014846440705400643,-0.0017905982799422127,0.0005013212654612076,-0.00153971171574796,-0.0001529252761902633,0.0032317460004369636,0.01316431251835759,0.0008911755777820662,-0.0031091723475737965
2024-12-11,-0.009454105993887296,-0.007623565650395792,0.00452058520494103,0.017552975397478132,0.0048662812850777115,0.013432815058737724,0.006126032158118688,0.008049555706950873,0.02447052001248995,0.013439804205592765,0.015541167249621957,-0.002954511038759544,0.0002504291444884732,-0.002721262264039237,0.005193088043365046,0.027030816021428983,0.009533812345188464,0.0009496129292145827,0.007730669235131105
2024-12-12,-0.012147479000352068,0.00292648865823697,-0.012995811945816782,-0.008286855360022272,0.002723949624371169,-0.004418255411750893,-0.008972919896219178,-0.005699168767660412,-0.00968465653270456,-0.0005982623671656473,-0.008996475042984398,-0.00380991348127091,-0.002754983668485589,-0.0056386868786675315,-0.012155982869525128,-0.001636475434140916,-0.014663722649505995,-0.011978299707889106,-0.005152688195033672
2024-12-13,-0.010210879014129537,-0.0025532056485846333,-0.006860356825662994,0.00396488642236581,0.0030183818655771244,0.0,-0.002425218509430782,-0.0004998378833787065,0.02514696908248082,-0.012571106654993391,-0.010107682830208353,-0.0046743698663234134,-0.002887964391149578,-0.0055796055359891295,-0.003691744770876415,0.013659336327079608,-0.012091578404740733,0.010142922025911494,-0.00019859475098160662
2024-12-16,0.002994909668848633,-0.005241244005374401,0.005878025652969798,0.013546131365354208,-0.0024075131025126373,-0.007396438373456049,-0.0034035078987316725,0.004067707663588438,0.015070680905571843,0.028594563897127,0.010778171034665496,0.00032011665699238634,0.001888974946568922,0.0012879459234449442,0.004940503753686931,-0.006872418036954042,0.002415209844427002,0.018477918846262043,0.004270015185904974
2024-12-17,0.002433330989646043,-0.0017156169173596636,-0.011448291446098269,0.003142301779933465,-0.003921758656153407,-0.005961242662749111,-0.00357790369947375,-0.004947822855197015,-0.012991046470848144,-0.00672895629069481,-0.009073051425592338,0.0,-0.0021366177193797853,9.167723269531969e-05,-0.023505848259828044,-0.00542732582153671,-0.0038386247250202787,-0.010150607897328912,-0.004120137135518287
2024-12-18,-0.01250456000604061,-0.015220181177530434,-0.044272273371926185,-0.04506533429492687,0.00151437445753011,-0.009745151120678752,-0.023828930227631884,-0.03093502856531949,-0.031885098407577916,-0.047520174128943826,-0.04493110900864461,-0.00772920560869772,-0.010268289615497972,-0.012397981434178584,-0.05191950084857788,-0.004911331451069145,-0.01918507783771317,-0.043198923813831835,-0.029803485620765513
2024-12-19,-0.015141333979925675,-0.0071045127481317305,-0.004437594372655118,-0.001355803519714538,0.002419161428183658,-0.0015140022276128873,0.0,-0.001411891836040624,-0.012893120119948365,-0.005243415409835528,0.003854479157734403,-0.004531248806728727,-0.001023548611726821,-0.005413580491654968,-0.008795224829523551,-0.004524291472567277,0.0014210967336203417,0.005297283914782458,-0.00030695694156712694
2024-12-20,0.0056942150221426235,0.0035148227017289813,0.009369509363079453,0.002540172107345917,0.0,0.006065270135855894,0.0012753176944266809,0.011379977628707794,0.016075652430968645,0.015552421508347347,0.020183183380142244,0.0036845316423617103,0.006274998995651204,0.0039416605499504875,0.018081425362456605,0.006748352288261428,0.010434056495473909,0.019239123460564445,0.012011113932080208
2024-12-23,-0.009171851818367771,-0.00526867058202074,-0.002298058173045181,0.003033081450925623,0.006052827276984418,0.0035445844592980613,0.005774566738811382,0.0056816480338721664,0.03137322890687244,-0.006886334674609751,-0.006755511304659678,-0.0044270128877919035,-0.0026727293199829694,-0.002897870867525132,0.003344431538634396,-0.0005472081581712196,-0.004708795377563968,-0.0003018902998601636,0.005988128598219955
2024-12-24,0.004228292697396885,0.00658893549582884,0.008942712027187882,0.023126948861746044,0.003950271480690715,0.0047096270441024934,0.003208316075485662,0.010612217476175134,0.008626895917988486,0.009521409066774567,0.01146521853988025,0.0005421920549448789,0.0031901993504339643,0.003093830552425736,0.007260740085709427,0.0080756089104983,0.001992014086009908,0.018463930207740287,0.011114966877270982
2024-12-26,-0.0005691821294946386,0.0031472481942491637,0.01025102696643132,-0.003710495733405428,0.000907867910433735,-0.0031250336198850315,0.00201984929068888,0.0005724019228259269,-0.001750383904992825,0.010508008796550783,-0.002209347475014223,0.0007592220161682928,0.0025437439336286616,0.0009344882641937335,0.004750962404636461,-0.007060478773761036,0.006751179863859091,0.010427200719544949,6.66536602329515e-05
2024-12-27,-0.008198402557793139,-0.004894127157684003,-0.014578164988737985,-0.016524003360620987,-0.0006047984477146606,0.0039185375865551375,-0.0021836201659457544,-0.010831059986183833,-0.010082507941807983,-0.020594551116346893,-0.01530763860467066,-0.002599825673575973,-0.003425629229816596,-0.00420180921308011,-0.012392108095603649,0.009845497712902995,-0.0068705038771271765,-0.009029725429576696,-0.010526540204950474
2024-12-30,0.008036731584556867,-0.011727614066770031,-0.0076891545429740304,-0.01606162023562463,-0.005143621832262801,0.009367704863199044,-0.0067340749677743394,-0.011051996539080067,-0.015056340193528195,-0.01237830646553506,-0.01310124921559852,0.005864435645709598,0.0014007452795783415,0.004313248120219493,-0.002476376995616425,0.013134749366894516,-0.0031896811646235923,-0.014910379176339084,-0.011411578258592181
2024-12-31,-0.005353211683776005,0.0030623890671426235,0.001268893936306137,-0.007520315525641474,0.0015205174296646362,0.004640344385990147,-0.0011865285343918286,-0.0034729230058572202,-0.010177423460681845,-0.009072229600915582,-0.00812364566846746,-0.0018353920476652519,-0.00012734704561268018,-0.0025206658320809927,-0.0011585950115480248,0.009756794438801508,0.006233636577161361,-0.00402426320244742,-0.003637859469268645
2025-01-02,0.0027481969160827457,-0.003053039472440622,0.0008145783224862146,-0.013149258940399866,0.004858773449169629,0.01077748453416394,-0.0016968617495878302,-0.0018979036415347483,0.010818865474096162,0.0026989111671167354,-0.0020974859968800885,0.0005408137958298198,0.0024157314485138137,9.338843764838956e-05,-0.01110181986660208,0.018266011881860056,0.013587714119632333,-0.0027138589228362653,-0.002457278752529435
2025-01-03,-0.0031975519639713124,-0.0005103981778571409,0.014877523516856117,0.020234839241643376,-0.00574159244286665,-0.006092907272230552,0.005269415140840117,0.01313696900087602,0.02896366951265672,0.023117134740527234,0.015614053029611608,-0.0016216523842627062,0.0015221156425972993,-0.0023396550066321353,0.014577751757956392,0.012868813984691085,-0.007864039973028869,0.025034757994245815,0.012503583332969637
2025-01-06,-0.004467784572611877,-0.01046855674682079,0.0004009918959904102,0.0039402515505515545,0.0018233389480146744,0.0022988753563477626,0.007778115527042884,0.005596231701979759,0.03315069685204253,0.0034563112179826216,0.0020695801572383488,-0.0009744308808247171,0.0017731027156506762,-0.002532725374215228,0.002147103705766762,-0.007956816372649667,-0.0012320959587239777,-0.0061351887292808716,0.00576051594844551
2025-01-07,-0.01127734018443416,-0.0034834906270519994,-0.008017246049792592,-0.019358894790497794,0.010012326373439295,0.004587129558025982,-0.004530156191434598,-0.011163688248923331,-0.023786738748013958,-0.02133459596831777,-0.024488583519144513,-0.004552367438314442,-0.0032870767186948813,-0.004608434077745249,-0.009393670188625691,0.01125478761760168,0.005633435188264313,-0.006826050806529982,-0.011304205117054988
2025-01-08,0.0012802569691408028,0.0018125799564960854,-0.004534757194871841,0.0028329452309789893,0.002102775000517587,-0.0015220864255268696,-0.002191114875836564,0.0009263686093929913,-0.00712485014720321,-0.012817275738981282,0.00010078012277481285,0.0017421872888987444,0.0012687497433003792,0.001606103894831179,-0.0003327059122257836,-0.01112952715320803,0.005315681488123669,0.00478092655848128,0.0014611506783619443
2025-01-10,-0.006625585079405805,-0.01344013419692458,-0.02201072662766934,-0.009820077284533268,0.0023979811386767302,0.02515248408898607,-0.01638522677459875,-0.015016566811497878,-0.02002139831319738,-0.02224221479826538,-0.020060454287935237,-0.007282527946794959,-0.005193865383123719,-0.005754033845951412,-0.029622272002205907,0.04320823034967103,0.009558310004399662,-0.01260972414471151,-0.015267333529065619
2025-01-13,-0.00035090933189108053,0.0017028255476574383,0.0019369571495786442,0.005660682233010972,-0.0011960919822132654,0.005204443277703863,-0.0037781771906905126,0.001635905867421572,-0.01027590729025607,-0.008163270732857053,-0.008744009888908333,-0.001752093902326557,-0.00025458019436774837,-0.002846256903877631,0.014920258161963629,0.019717311251483682,-0.009951255605703757,0.0006023332810356496,0.0015503610022187253
2025-01-14,-0.0016388247535320533,0.00026159211395881954,0.011369521128186788,-0.0019363863573014228,-0.0014972088616072021,0.0007396529376071381,0.005516415872654834,0.0022588776652916476,0.003270163274790683,0.013717430318880508,0.010896732825298017,0.0003289547663101189,0.0012735464959634513,0.001141564493224223,0.03396424949742283,-0.006810229419029423,0.005249423200524461,0.014027718925607502,0.0013758345941314865
2025-01-15,0.017235473170885696,-0.0033990770218633726,0.019661199628861148,0.02544678074012907,-0.005397122179110592,0.012564659898726127,0.011829257660956438,0.01834116766779159,0.02350881597748855,0.025060995621439597,0.01806784328584987,0.010526481072050675,0.008777663307709016,0.011975184926936722,0.02516742820448803,0.032692521474312564,0.007488993695735191,0.012290009526538803,0.01819009004877592
2025-01-16,0.003227214636755127,0.007477379486074076,0.0020086580038551904,-0.0054118895994963445,-0.0021103822692201124,-0.0029197394883123673,0.003219255354094619,-0.0007488689268294602,0.0042991108277723455,0.0008447239783573313,0.0018151007238935701,0.0023872450485853403,0.0011347521040216968,0.001972117286085817,-0.009405308501242993,-0.016599406654887572,0.006910965874952435,0.0073311242296334456,-0.001923047849739179
2025-01-17,0.0017232630700128038,0.005729048938972303,0.004320877487113517,0.014023476023004022,0.0021148454014574547,-0.004392361469961248,0.004897762273844641,0.009233701300707109,0.023623611271126554,0.0014773616619856433,0.009763462088816732,0.0007576248663014873,0.000881643446100755,0.0008435295833355561,0.014966093660913504,-0.005063971376617182,-0.005307269747253374,0.005240405442694218,0.010039796281914537
2025-01-21,0.008946004613463732,0.0046608903372060695,0.019205089293884203,0.0073291584719981095,-0.00783843176365484,-0.0022059061348403963,0.017142916282181675,0.009925556485700593,0.016031012486122043,0.01717410127220087,0.016247982950521767,0.003353221551654295,0.0026428122028319123,0.005806212464618543,0.012367258637945744,-0.017086719462843236,0.01548521901629396,0.04697351623923862,0.009153402918024689
2025-01-22,-0.005228767934207124,-0.004896947095737847,-0.006527647702944783,-0.003767864711000546,0.004557948699502434,-0.002210709907931485,-0.0021480967749664126,0.004880729159940422,0.018217253458479243,0.0007768963796264128,0.021186898333381388,-0.0025874060916230013,-0.0013807366180768055,-0.0031655502770834287,-0.011902960266324314,-0.008383680188124631,0.005135652699768123,-0.00923874629022492,0.0056217727051506294
2025-01-23,-0.0077707110394424905,0.00362609864064245,0.004555654575416179,0.006042645708684846,0.008469309536460523,-0.0022156811426891077,0.0064580972980170515,0.005256144138676477,-0.0011978269535355413,0.0033120476939925148,0.001728974442343656,-0.0025939422443316262,0.0012571620549757245,-0.0014010238546995346,-0.0036455528188796826,-0.015168484596221221,-0.0014148699521492336,0.009380770269335814,0.005457962401068439
2025-01-24,0.004491452287637143,0.005161380901066215,-0.0027906617558896007,-0.0060928113298305275,0.001799762581147224,0.0,0.0049358353819515255,-0.0029123381875396648,-0.019936292426640856,-0.000567381472285633,-0.004219087276102873,0.0020589663921701806,0.00112972959447033,0.001964185266993379,0.0074770801280383825,0.004923613106377234,0.006218705580030903,-0.0101233103230699,-0.0029193693517148844
2025-01-27,0.01180901075096874,0.027085914009999046,-0.009576388499231148,0.0056954811244398496,-0.003293434669348949,-0.01776459030448896,-0.005894002143687405,-0.013939464439429505,-0.09834439706190823,-0.014812145988079672,-0.016562307690894618,0.006488801329348481,0.0007523734725389808,0.006908281953445838,0.010579357730280181,-0.020979876896458083,-0.0104048052682425,-0.02257754203511697,-0.014145371801854822
2025-01-28,-0.0006798170562413164,-0.015623134100348324,0.001103778271500877,0.0012103588885827854,0.0006008015558611746,0.0022607628122210954,0.0011528526953918927,0.008583040664135622,0.019676873572075815,0.029336351788576298,0.028003476422446827,0.00010717991801523219,-0.0003761146836795959,-0.0013908612410026278,-0.004999925006414885,0.01193379060097377,0.008656417783572623,-0.00411655592923843,0.008592366591027911
2025-01-29,-0.002040931703531146,0.0024123610911910287,-0.0022932288226087394,-0.0028496879064493497,0.0006005625169513973,0.002255588803948827,0.00016449425760156622,-0.004271686586336476,-0.00382615338096981,-0.013079597762445827,-0.014382277820623512,-0.0011818247934254345,-0.0006265314070084127,-0.0012997057184988003,-0.0010992198878863046,-0.013695179085668419,-0.0038404097330004827,-0.008898814936369459,-0.0044830838659013494
2025-01-30,0.0037497491798765825,0.00987979971645081,0.010166562953088931,0.009786114251311373,-0.003900553166262033,0.0,0.012006563267305426,0.006267327087272179,0.023546144121365353,0.0036097069337490684,-0.006957855251479517,0.0021511557079665344,0.0018813000316995065,0.0022309337472905533,0.011161651302982634,-0.0003856875773680102,0.01514551884715587,0.016277526791011132,0.005367277764742218
2025-01-31,-0.006565580303463658,-0.009406699867648305,-0.008970338585262971,-0.00441683676125737,0.005120504363604894,-0.0015003169416751838,-0.009913860092043314,-0.0054621946400762456,-0.00632216232360594,-0.0013358654653945479,0.0012650713618764797,-0.001610078284893346,-0.002002958899805618,-0.003246441609065176,-0.0024874320218231105,0.0034726256342945128,0.0019763991077348386,0.00011415961508709493,-0.005321857757179305
2025-02-03,0.008141858959989756,0.003925110450311964,-0.01170068471435659,-0.013222981290144542,0.004195346194420857,0.009015725379364348,-0.010013128850551278,-0.00730063252046631,-0.01986698587710567,-0.004064571521901539,-0.003887649099230339,0.0007119141042701838,-0.0012601248350728733,0.0015785205374676536,-0.020729363337820272,-0.002563406265667423,0.005337271410283728,-0.003362732128668444,-0.006729407599106674
2025-02-04,0.0030627385134307517,-0.008450249270766763,0.013849753755781347,0.011785210059903184,-0.002685766580389437,0.0037229745200977327,0.01276745852031791,0.007253005111440558,0.011265600415893529,0.013586669505341042,0.017757806146369237,0.0024786949187889373,0.0031541812470567976,0.00195808969075717,0.019417470188851427,-0.0039835204293167115,0.00984841707528572,-0.0006862249404807619,0.006708160305802124
2025-02-05,0.016510131616797485,0.00623272519095841,0.010884401149483747,-0.011346023657180182,-0.004488392899870797,-0.008160252054798534,0.006548725049746462,0.004622192115070645,0.023481147497859123,0.008868579614757621,0.006327344770572951,0.005805185710140437,0.002641122512344385,0.006979925366998874,0.010928885289519963,-0.01832029104894184,0.006209542410714253,0.006123092066643743,0.004054459336477301
2025-02-06,-0.00044506043917125204,0.00455061433747983,-0.003269541384518071,0.003970925650326862,-0.00390740570146253,0.0014959765943276526,0.004391692836620553,0.002467011049720913,0.004896036411007776,-0.005506701210894138,0.002572104824575705,-0.001175661229255165,-0.0015052373479507164,-0.0018482297135752335,0.011582988544776907,-0.008411084511115163,-0.0026502562908058414,-0.013934817744640338,0.003475607966170857
2025-02-07,-0.006455338867487281,-0.001510301595889385,-0.01158977619519952,-0.01955848837937968,0.002715813796989819,0.0007467600137647246,-0.006477863343500312,-0.008946187869219968,-0.013489053167879739,-0.00807727714012585,-0.00589126683083141,-0.0033171979280813835,-0.003140708671107606,-0.004351837878526332,-0.01328250663118924,0.005434111049608559,0.0017841598670260694,-0.0012688902787016954,-0.009153559299522107
2025-02-10,-0.0030241979847115408,0.0061753862863294096,0.004513417380781259,0.0034135081887261,0.00030109568083847016,0.0149253863760066,0.007987099416269627,0.0064094495367188475,0.018857135288795623,0.011062203124048153,0.017013997334244024,-0.00021456213345816266,0.0020164117557122108,0.00027896179527830967,-0.011604372702906374,0.020300565556773842,0.016938239196991,0.015189213475338192,0.006791203486450792
2025-02-11,-0.006404519976431988,0.009644290431975344,-0.005814459952666717,-0.011354225734484413,0.0057158639174221815,0.00735294760401084,0.001778713793405995,-0.0005334200378951381,0.0010015114342338816,-0.014942740673171584,-0.010150431238416191,-0.002577562697335667,-0.00037719791233270517,-0.0022315295403126933,0.016436861248057433,0.011240246770494178,-0.0036516022155236305,-0.010808906049652123,0.0007605777098049771
2025-02-12,-0.013570032049917469,-0.0007442731845308526,-0.009215795296751317,-0.00017875413970158682,0.0017948564184595561,-0.010218943581617013,0.002744104584052609,-0.0033027332229893513,-0.005442800607962761,-0.001542686798540971,-0.0034181488583286956,-0.006890710146313261,-0.002139314818800364,-0.005404274641525819,-0.023409828611782313,-0.024913722139720207,0.0010471549570203464,-0.013745178829693727,-0.0032215678694511585
2025-02-13,0.016622598702544122,0.010800594394195784,0.011269137905462134,0.0150175477551997,-0.004479131964888916,0.002949811128068358,0.010785663720877858,0.010443136181849333,0.013721748291063873,0.015450389031699041,0.016291913375594547,0.007480688275726788,0.004539479803062685,0.007776064705711017,0.004415664834349187,0.0009171867807142853,0.009862831092105617,-0.008513611388019093,0.010557725405689
2025-02-14,0.005299890908486704,-0.00994831909505045,-0.0007517475227469816,-0.00044038633160303764,-0.0029991381786842464,0.0022059061348405073,0.0019111202840946806,-0.00013240735561559358,0.002619904371060189,-0.008774070322198901,0.0008437759700758996,0.004196558183432453,0.0011295313275219154,0.0039043177551294495,0.0031403590071674703,-0.007461705712507927,-0.014871773334245608,-0.007410511083362548,-4.940114886253788e-05
2025-02-18,-0.011777884029582575,0.003597683774279714,0.005487354911786868,-0.002775356071545887,0.0033089211896091264,0.013206159569715714,0.005881438738102318,0.002815912579342772,0.014411271638329337,0.002558331417280124,0.010022497924324192,-0.00535770544961367,-0.0008776847932737697,-0.004074467614013422,0.00892152171778493,0.015035602667329728,0.01656090548123368,0.008591623094733825,0.002936043072580663
2025-02-19,0.001248783569419487,0.008034417587674092,-0.0034328107983632172,-0.0005742527086817217,-0.0008993684120442991,0.008689377304933688,-0.006637220367092245,0.0014207795493379471,0.004371265243916067,-0.013779705349583171,-0.01752761423679905,0.0016158996204169718,0.0007531122088861864,0.0005580486950682584,-0.0037231679367850656,0.006366916185013283,0.000554096378723612,-0.007578504762047356,0.0023548634015368997
2025-02-20,0.0037408430902963197,-0.003923963893184279,-0.009583670916585074,-0.00861928757773367,0.0,0.002871460076463661,0.0060451313431486575,-0.005377612248482655,0.0017874561641424425,-0.014955592621076375,-0.018312250844818134,0.0020437250913643012,0.0006269812323478341,0.0024160238114330213,-0.01806289242955339,0.004002649453884954,0.0005168326664386491,-0.007932365619795712,-0.004160320267696638
2025-02-21,0.01208485913168933,0.011695036255448432,-0.02880581523720549,-0.026305145375809635,-0.00960392654518294,-0.014316333840761808,-0.006482983495427308,-0.018474828916198005,-0.030294716332917138,-0.030837947204299776,-0.03413466043159796,0.005903806084438301,-0.001879660198565114,0.0035226068857403536,-0.026007066807486545,-0.03099284459749896,-0.0009225433005247696,-0.029237710705347197,-0.017104164272735534
2025-02-24,0.0029014758645105054,0.0030423147722580257,-0.0072085403189096064,-0.003754794542890072,0.0012122856080027944,-0.0029049687361706322,-0.004934069607738567,-0.00510270633571297,-0.0262811169736461,-0.01463570964833838,-0.012443980475419059,0.0021343013910521957,0.0012554316101973662,0.0025867052428272252,-0.007326512107612926,0.008228304699899436,0.005429568123388684,-0.006515481485101171,-0.004550399360666035
2025-02-25,0.017247200062147527,0.014193851640790012,-0.003792127717585525,-0.005239653726736848,-0.009382733257880083,-0.012381563574398902,0.005598114750009708,-0.004959142418836993,-0.021239004160649055,-0.018153857732567058,-0.016229887833795753,0.007879837551274749,0.002507819942580536,0.007647661586213328,0.0006559606347837921,-0.024220138708958228,-0.013188334192659745,0.0009277854214915227,-0.004973339876223504
2025-02-26,0.005906687127950283,-0.019138805818252003,0.0012534929730905198,-0.004112151859895663,-0.00549954442963041,-0.007374637410677343,0.0030221797128366923,0.00034126836338055355,0.023378855750255223,0.003978097706186068,0.013935893560346635,0.0027470364046162654,0.0013758662915166475,0.0021032187550018566,0.002622514242334839,-0.0037771319259554126,0.0015263333689308212,0.010631799623215477,0.0005051085821121681
2025-02-27,-0.007068369371918348,-0.00012187786610273754,-0.015254223126641486,-0.014428932329707767,-0.0012289207766450483,0.0,-0.013320688663670976,-0.015492167751074093,-0.061643919032341565,-0.020257928419606053,-0.026477999047284317,-0.0011591092838210137,-0.0018736605225395664,-0.004197534172281303,0.001471265044409531,0.019363579346272974,-0.015239958822878874,-0.0008562545537216248,-0.015961977397256355
2025-02-28,0.012266105762400281,0.013294199046430588,0.010640849354500048,0.01661733900663398,0.006459741450723699,-0.007429500342180928,-0.0027322604997218614,0.01542398630937103,0.017395920513638696,0.0033607395244659166,0.011834313901861071,0.005485208783828632,0.0027533197158668976,0.004398400466853802,0.013222452584429334,-0.0007969920239989658,-0.006265820058134697,0.01775211635350238,0.015605413850941607
2025-03-03,0.0046670028597068924,0.005296280237929274,-0.02734684935678755,-0.018429537054698963,-0.0018338653764891077,-0.007484962668620754,0.003384362234771343,-0.017920498981387367,-0.041929785280218734,-0.025489649811275772,-0.018877660425235865,0.0036299081423329937,-0.0020816282048187196,0.0031596434905596382,-0.014338572425047325,-0.025259259439575188,0.013180390342641513,-0.021833233178346956,-0.017519912848197983
2025-03-04,-0.01231528439548657,-0.017002112554404092,-0.0113038083301511,-0.017642968955642324,-0.0015307599015135231,0.001885315103291152,0.0004818951445426656,-0.012477907326527204,0.009954668023990365,0.00017487448575015385,-0.001986743605303709,-0.003145066255203388,-0.00012554354649108035,-0.0032865795626477734,-0.03497880377303586,-0.00013641757054150272,0.008697635934455272,-0.015802582052539815,-0.011836731125791644
2025-03-05,-0.007984227866036808,0.0041414275971205505,0.009931166918698109,0.015222777035704516,0.0006132053921048541,-0.00263450415944122,0.025044054117954184,0.01136853956954198,0.01851438060750188,0.017065512661287086,0.017393067510812044,-0.005573470708066575,0.0005026561187073675,-0.003205882165830398,-0.005589508950723077,-0.025780922828947506,0.0020813110966888537,0.028364219758868048,0.010747879774007929
2025-03-06,-0.0033074798538152983,0.0018193795562011505,-0.015301818572028947,-0.025353566393712557,0.0015322914298281365,-0.002264100551456316,-0.007987405421350902,-0.018583588472242396,-0.0419354410390701,-0.032928580766084514,-0.037693054573760265,-0.0005287928701308564,-0.0037679222011305358,-0.003123913378586085,-0.01618116302825856,-0.0040605001814945085,-0.005081207410422395,-0.023815278029524878,-0.017751257604895265
2025-03-07,-0.0032078945451713414,0.0032692259514131017,0.003263816049365875,-0.00184432385452038,0.002447940178609276,0.007564227703202642,0.008525458897922444,0.0047161937529185405,0.024160545749467133,0.0,-0.0002140452910363022,-0.0012696716532241137,0.0016388821560835432,-0.0015670396981883883,-0.0012120202396898039,0.013496402664721296,0.0005219558189655249,0.001804648646542173,0.005604894238985025
2025-03-10,0.010431797006784427,-0.0021723819601283667,-0.0251517148385606,-0.03568827571749722,-0.004578571219963967,-0.006005996401801883,-0.02269878594932717,-0.027246436218744674,-0.04691460613338738,-0.04411676813331955,-0.0507386143509988,0.006992243083410399,-0.0037758798498627177,0.003415782394768252,-0.039521516129157,-0.016645817855472256,-0.008755937163287819,-0.020252138480521875,-0.02663584203796987
2025-03-11,-0.007139105062026863,-0.014634726551339239,-9.966210060008418e-05,-0.009781483770223698,0.0,0.005287066030783993,-0.0008008017690439573,-0.007002342968652542,-0.0014450093772567785,0.0039028683339084047,0.009697807970649786,-0.003577220581967966,-0.0035376029962704836,-0.006532392057799763,-0.005414117290347797,0.00789952833143226,0.011727541035094546,0.003297260334093499,-0.008312552691721264
2025-03-12,-0.005973274194161271,-0.021725860609758896,0.0017435641310994399,0.005804653090539569,0.003986487725480492,0.000751248421098083,0.006893153446700939,0.004932528335116926,0.029409085287183334,0.011169350112296472,0.01999107379273557,-0.002956311535566525,0.0011410518196441899,-0.0029634003147520627,0.011613106620937952,0.01889441793109614,0.004346793335703092,0.0053719741726228065,0.005306342781235651
2025-03-13,0.008791347479995215,-0.004642223151074432,-0.014918062015408018,-0.024958077188463323,-0.003359888180385351,-0.0030030353892726014,-0.006050006258736196,-0.014034218900422113,-0.004398712585469644,-0.02502135766143676,-0.033176416682304866,0.004024204663123809,-0.005572422387886133,0.0031580897625231863,-0.011120993549154967,-0.016208794721297548,0.017756144523255468,-0.002640039554767659,-0.01333046625507539
2025-03-14,-0.005295263622367874,0.0022690477099203132,0.024179725543039154,0.02128748668552105,0.0009193375849356755,0.003012080774433601,0.01777984836821056,0.021424613651447544,0.031974518323147016,0.039809729432155994,0.0380521502506852,-0.0034807621083726703,0.004584764546581965,-0.00046297623885482864,0.029566336175421704,0.009215247241055824,0.00039975774946587883,0.019727587804616142,0.020655846459250116
2025-03-17,0.004990652084727154,0.014589223073282032,0.012617634704207514,0.0015760474795127877,-0.0015307599015135231,0.008258272943756362,0.013062748411119207,0.008267695767421701,0.010548603732913442,0.01571153296780259,0.013200926954543446,0.0008468878327281271,0.0024089107193305814,0.0020380692934476308,0.006518790002543184,0.005949091206943313,0.0054135329342379634,0.014277713600344022,0.0077113559743353655
2025-03-18,0.0009932638666865223,-0.011404559625371236,-0.00868337824601162,-0.01781626127665703,-0.0006134540308853076,-0.002233828972589169,-0.0012428893220575166,-0.010777995032783094,-0.015461229001847654,-0.01120143617576752,-0.014644084508488864,0.0011631219527381553,-0.0017708544673181725,0.0024035566927991248,-0.0028006923680209406,-0.006876633286972189,0.011671955843306048,-0.006764200111311958,-0.010808553307510627
2025-03-19,0.005181128112101474,0.0,0.01555039498218358,0.019173071216070925,0.0018412429717984402,0.005970139763861848,0.0026442874992020915,0.011366007056123895,0.00882795896056976,0.018700653455757887,0.01573587590749992,0.003063230479326995,0.006588237927467544,0.005902353578561836,0.01246264088236182,0.0029081718201795503,0.004107707999658539,0.022823515653226156,0.010890935014359338
2025-03-20,0.0006582284099112545,-0.004890145770760634,-0.0063477771288344975,-0.0023832433390472696,0.0021438687941370826,0.0014836955543151564,-0.007756812202631136,-0.0023979352735877812,-0.001583058900560208,-0.015121265243334125,-0.004088135663349868,0.0014741791266454918,-0.0013844613072486744,-0.0014669300547821562,-0.006761399270039048,0.018088997805995932,-0.0012805854303336028,-0.010797114337614877,-0.0028916370774351163
2025-03-21,-0.0059186386818050885,-0.00037799811393535165,-0.006193309194237884,0.0036087121687395918,-0.0003057268303822136,-0.005925916467407921,-0.004845594540803688,0.00039465553032447254,-0.01004180185349779,0.0005974806566777513,0.005833372695100536,-0.0008410265864746691,-0.0015125298921597752,-0.0013771734937731983,-0.0005237979761124611,0.0008137468582944951,-0.008049901213267985,-0.003092715961511505,0.00032994074713199595
2025-03-24,-0.010253475404081835,0.006183990847274723,0.024878562501293056,0.037489540050869685,0.0036686665105856164,0.003725822571117199,0.0015758342537195436,0.01850451155423105,0.02607104717697184,0.03183846331124984,0.024702040497873057,-0.00578822266184198,0.002903301920782697,-0.004321520266320711,0.02721434536780154,0.014771599462892304,-0.004452548665506595,0.02886552820682864,0.01790839914019271
2025-03-25,-0.00011124605855850067,-0.00906794881482531,-0.0055539331608853715,0.007978948590726453,0.002132361644237468,0.0007423249207587634,0.0033039393636109526,0.0016901779250126925,-0.004249226639556958,0.005440830810323538,0.01006179520245798,0.0016936124597966007,-0.0005030590521679645,0.0010159106258229578,-0.0030804956747104706,-0.0008012494764215727,0.004400365088198743,0.0075170416643377536,0.00240395423559403
2025-03-26,-0.0065732465456936895,0.015505766005363908,-0.01015891481025255,-0.013063331711335557,0.0028783174168547365,-0.0007417742832228624,-0.010349685914927576,-0.011705276880041304,-0.03326802258942607,-0.02233614649605964,-0.02324380766520595,-0.0023246089352459975,-0.00403017102961567,-0.004059216863932291,-0.004120336262043001,0.008019225829569265,-0.0008259812019960622,-0.02056155800876991,-0.011938328090641659
2025-03-27,-0.0029155196522164806,0.011389246827584687,-0.004766643462864706,0.0006396298126309929,0.0036641031910540356,0.0029695203285087235,0.0022184155858224752,-0.00422949410064799,-0.019188301022129983,-0.017723530717146385,-0.01710397654119078,-0.0008476012157487833,-0.001896428133771666,-0.0012041540248407534,-0.007929564756895768,0.0007956137555700238,0.013405732882559862,-0.009357052393792697,-0.002655782943625007
2025-03-28,0.013834061010344456,-0.004949652360011547,-0.020331417028928156,-0.031077894202515832,-0.008822538159035331,-0.003700928814409976,-0.011699714040389497,-0.019929005013047285,-0.025625750464038255,-0.027514808032467197,-0.02864239934519408,0.008056770500094013,-0.0017736652775541817,0.006028028799344387,-0.019808863722946213,-0.009406553819422458,0.007412123023167849,-0.019799073490793462,-0.02013843519279468
2025-03-31,0.00987356339213652,0.015669459920795825,-0.004789273141677319,0.002131620261835998,0.004297071652690887,0.012630003375439625,-0.006558939782330131,0.0051566530497964,-0.0032992486243150765,-0.014608868878008607,-0.009792028399200348,0.0029448377443390683,0.0011420655999774265,0.001935836062503915,0.007799973443854302,0.034238401804524754,0.014363222998346137,-0.0074124056854704135,0.006712832558287474
2025-04-01,0.008665447111114277,0.0014693665153351354,0.00010015469977298075,0.010432467362023745,-0.010391225933083947,0.0014672945304301521,0.002898519479903161,0.0033837598953740944,0.004823425286271554,0.016451961488944677,0.014945579240450257,0.0035133215278539964,0.0023183924995084926,0.003574366029877263,-0.007563794788731593,-0.0032328978931900343,-0.0019782303576065807,0.007778948205915626,0.0028244686568168476
2025-04-02,-0.0006558702071869371,-0.002934324130451027,0.015788828842659308,0.018995582536074362,0.0012352204926677768,0.005860796662195966,0.00256909315113929,0.007905138339920903,0.0075297416583757215,0.012800809391800616,0.013286016361326647,-0.0009435316662358417,0.0020330044412031345,0.002300683297920214,0.014179563623627933,0.008562480760722302,0.0020516615880092903,0.01593184585745311,0.006328417375800033
2025-04-03,0.004593571081157766,0.005763430122319724,-0.06419613658632695,-0.0604003812112619,-0.010487134838775392,-0.04005819504445951,-0.020019231352356837,-0.050332791618498685,-0.08650561804179291,-0.06191899952649471,-0.05343095320282887,0.010282333010095845,-0.012428229300220583,-9.170846365225138e-05,-0.10328558958837797,-0.07061998989748008,-0.006038278082531101,-0.046073331016948105,-0.04928084518002507
2025-04-04,0.010887560850204814,-0.04340408727110234,-0.04460860019040047,-0.04313464500839259,-0.009663405517392643,-0.03717756551179674,-0.06112111511314344,-0.05868307109812765,-0.0755228936977107,-0.05512378818176644,-0.06152596427367807,0.0028039298552056113,-0.014254469811426418,-0.0011020974759770041,-0.03995340098832045,-0.059930821191068295,-0.02339226273628292,-0.07646245974098453,-0.05854299294759402
2025-04-07,-0.030156363182018753,-0.01159837695241639,-0.00905122612102216,-0.01181672704905845,0.0059803796026194345,-0.014972424395439887,-0.02715400742978835,-0.003260023464822126,0.022676981691908127,-0.0014394811505510363,-0.0006149712844452093,-0.011909679586741051,-0.008598158346264984,-0.019488702823229676,0.00020313979094033208,-0.02856293969835133,-0.02148580630415131,0.00731340701032801,-0.0017811295194112287
2025-04-08,-0.01887831867874523,-0.015473885832263168,-0.026343741728651948,-0.02375010698265645,0.009386748308155557,-0.023200012300509054,-0.006262205705884871,-0.01578770519663819,-0.02677123494352407,-0.02752999356036412,-0.013538444893330004,-0.005030797177981494,-0.004599547019922712,-0.012656999020373094,-0.00933626853143621,-0.04001217141599733,0.005443793790763651,0.010342486522628036,-0.0156627135192009
2025-04-09,0.00588561468611859,0.03876877415105584,0.08500169127025248,0.10888029508381636,0.002170035375181456,0.04095007716654786,0.0712998284177051,0.10145649826515757,0.17160330336412133,0.11457827416029365,0.11653140319963384,-0.003160252439759037,0.02679869475465879,0.01671262749375746,0.07826268329941044,0.06694034840941754,0.03699125081478161,0.0992475538094375,0.1050192758263111
2025-04-10,-0.02756809784881753,0.0005043967383946413,-0.04201795558247534,-0.039071200270684336,-0.004949082790733805,-0.015735654596621407,-0.017983239865692058,-0.04115777809307175,-0.06934495011505659,-0.042120676552882985,-0.03352327542410383,-0.006234824290812013,-0.016328183077128466,-0.01699852592315687,-0.0613719163360652,-0.03344187740450666,0.0244235794430141,-0.01862476644119726,-0.04381896476163283
2025-04-11,0.005438322592152378,0.01260235949482813,0.01458362033998939,0.009686062298330356,-0.0027975292431867693,0.014388485790251648,0.02738318597730771,0.0167424819828077,0.025992492978354154,0.008001118359927117,0.008208982087279937,-0.005635823210796476,0.003006106407690279,-0.00018994982880538025,-0.0028341347923286353,0.017452532072482096,0.019086664805096243,0.020549138154428048,0.017842845705135613
2025-04-14,0.007135434882314939,0.017050648539018054,0.011770493289083417,0.0028989612842305057,0.004052149036346986,-0.0015760611088262433,0.010994560817683352,0.009207665601933757,0.0014902531362224192,0.003608022121565524,0.008945042741811626,0.0080203906805707,0.00495196950532617,0.006177017675961682,0.01745853566653577,0.0030093978391800835,-0.005705977012200658,0.009051681701515601,0.009701542055374324
2025-04-15,0.003542487037342168,-0.008443613427008168,0.0012329257401770821,-0.007200398830780386,-0.00869286678208514,-0.002367745305325797,0.005437464879000986,-0.00174154458244824,0.0064977047810279576,0.0037911066984466224,0.012616447489334659,0.0029704492764976997,0.00272284121813815,0.005383433665515414,0.016959311137226374,-0.0027002744567519166,0.005232379352138938,-0.0015254677433779174,-0.00280107144608166
2025-04-16,0.005579634228606967,-0.01073682595966019,-0.009584511803402362,-0.024668998879350812,0.0012526919013089444,0.011867059277845371,-0.005244089664215856,-0.02078199884361631,-0.04223336642701536,-0.020316551670943372,-0.024132816959978265,0.004337042510997868,-0.00012901592912384352,0.004227297555453369,-0.00019624696314035628,0.01910343831133332,0.0325408102664011,-0.00433923962730598,-0.022228108322715268
2025-04-17,-0.008832604808759359,0.021332377402573988,0.008163604264089797,0.006296036344649147,0.010635125739283824,0.007818615010108054,0.01021406427696836,0.0020913276810736736,-0.009364584738639326,-0.0003323773932237817,-0.004025887577080667,-0.002843755200179321,0.005819551535106937,-0.00140309143090811,0.009026569973290322,0.025535104899388816,-0.004390692094044635,-0.00030704190204511317,0.0014268371206644925
2025-04-21,-0.017479440446140693,-0.009527210492792593,-0.02005585519972941,-0.026699008503185184,0.005571001326197589,-0.007757958519182151,-0.0035877337255884045,-0.023768031537451995,-0.02441180022398526,-0.02945471374679154,-0.030950360769995133,-0.005386572691485569,-0.0059145928694732675,-0.010772834902292194,-0.013224238781943343,-0.012377670823266351,0.03093558529908469,-0.023455774598358015,-0.023802704228313765
2025-04-22,0.005581250341496036,0.014181663629201813,0.025883873940325097,0.031643253925291104,0.0036934248096192057,0.0023455302818640167,0.01849432823745545,0.02545510499813708,0.021668519342020298,0.03178732779707305,0.026814469375301853,0.0007432150170181284,0.003880382148933492,0.002461856714959465,0.032124442434261935,0.010929757650546934,-0.014195668551963636,0.0052818581406910425,0.026017710751281342
2025-04-23,0.009713283061472566,-0.0057150747525400725,0.014828988853805347,0.022346313098924986,0.002453140148958033,-0.007020279485096537,0.004499381795672663,0.017025230184942508,0.03652949862518762,0.030476100129444905,0.030756669421356575,0.0010613016089664473,0.005025222283831843,0.004440021758344237,0.022532042678087283,-0.019028393290488332,-0.023978630729734163,0.023079697735934213,0.015495596298727987
2025-04-24,0.010535787770393767,-0.008805029368400774,0.020026198528072303,0.01991374028766768,-0.001223506941781638,0.007855466697090696,0.012798075013588761,0.021067284146954135,0.05057562986088082,0.037371127936921766,0.049431352732808076,0.0054058146409623475,0.008974165410272184,0.010251096907331059,0.01680669288502279,0.0060249230613995675,0.014556277018207942,0.026532981789490373,0.021048917134121048
2025-04-25,0.007366235970703183,-0.00259128192321767,0.00030919090945169536,0.017979573306668106,-0.00643203504333556,0.002338294958125875,0.0007896900094452874,0.006134038222209259,0.014356117530045731,0.01316767887341519,0.016738280706293462,0.003795502170995224,0.0008898139694470952,0.005306179886181761,-0.00918275273734559,0.008326025452043861,-0.010841679678267213,0.010720160286581848,0.007225434182062562
2025-04-28,0.006300018584341371,-0.0033397983046898894,0.004224329596082432,0.00035413291715880035,-0.005856864803499895,-0.004665603142624208,0.005839670134780928,0.0014409950826990148,-0.0062273555221386,0.0004904409401866872,0.0012663013652298716,0.003991214738512383,0.0005076821938945209,0.0023151838567598837,0.005931484333510539,-0.01839774975408659,0.01424210344049559,0.0036532128699247046,0.00038120534809804596
2025-04-29,0.008384668657671401,0.008315879747050836,0.005899154521574523,0.007082651192320322,-0.0015503276275870004,-0.012499979682947138,0.0031383159262479143,0.006014101248443815,-0.0017090123151339842,0.009436336738298579,0.012858358439669981,0.003452149630425616,0.0026644526033658966,0.0023096857520319425,0.00902874959298594,-0.0281877745261776,-0.009738925467677184,0.0088651615790738,0.006299374906016286
2025-04-30,-0.008093050294837978,0.0072623706997911874,-0.0062725979881491645,-0.009092373249140806,0.003416204178700033,-0.015822876333827396,-0.00109504235281066,0.0005869524846306984,0.0047078296053917335,-0.010501525513433863,-0.00031214123807399297,0.0015638599101552852,-0.005315269079921636,-0.004700940345634952,-0.011504686053288582,-0.034775962853363485,-0.007482221012837353,-0.005121166841365765,0.0003969200081936908
2025-05-01,-0.005070746937697712,-0.008676405351589422,0.006209657391794243,0.005525728286650766,0.0030948969508290958,0.0032154689092762645,-0.0025054674132001242,0.006231132951471041,0.0048277628238355685,0.009201903344805862,0.009784485398293352,-0.004354651344272931,0.0012917875002704804,-0.003514709946531913,0.011084432147170364,0.015103764144643206,-0.02077228754256477,0.013395122441983709,0.007087011163057877
2025-05-02,-0.010824169958072005,0.005423976940456932,0.02249188699903959,0.015528070005644157,0.0037025418984997227,0.004807744211877241,0.02087906395910899,0.01559072332623801,0.031700412432899894,0.02005963796524246,0.02535823620569677,-0.006712836467749006,0.0030653939468532343,-0.002425921340595605,0.027590086955629145,-0.007904441000784579,0.0017481999132260562,0.022568491726487894,0.014843997811275322
2025-05-05,-0.005585470832773942,-0.0008582945806525633,-0.007681406158670634,-0.010624013283217604,0.00368900735308908,-0.007177110605842696,0.0036905848636865635,-0.0056669904819681705,-0.006483168486209223,-0.008104386270753383,-0.0010053479447481584,-0.0017951225306671592,-0.00038197698935316104,-0.0014031864306419672,-0.0035562361545680155,-0.02562104592428127,0.029867754776654154,-0.0024836474963253474,-0.005734332018031862
2025-05-06,0.00332427708300731,-0.0017178687310737129,-0.010907928710566894,-0.00873097439580639,0.0018376010518816877,0.014457908215029125,-0.0016851238542971991,-0.00811632317737454,-0.009282656438385106,-0.006188111888560832,-0.014189402805965812,0.002538873175171652,-0.0007646662803398874,0.0019670543084542302,-0.010349729112517636,0.03575436236052765,0.02802400275899264,-0.0069036588021086365,-0.008358381317041252
2025-05-07,0.00422726962301323,0.0015980344147392689,0.003303291711994394,0.007795476223738884,-0.00458569919026286,-0.010292985456817338,-0.005831964483124175,0.004145844767242668,0.02054826955532163,0.01438768129014556,0.008370772101466528,0.0026377466109945846,0.0008923025338909429,0.0020566454812349644,0.0009015094504387644,-0.01687306777607045,-0.014993060801348546,-0.001367427569575863,0.004205422345478382
2025-05-08,-0.011149151391911527,-0.0012275060443895924,0.019045668903589608,0.011803717725427543,0.0033783092782790902,0.011200041466664423,-0.002624153548905217,0.00785919959126491,0.008771920670926914,0.03241956761538223,0.016501369461944915,-0.007787733915300077,-0.0002545061351530986,-0.005037837674297219,0.02413977547285895,0.03290820670482164,-0.0196942722998793,0.019799176915570316,0.006968037783841474
2025-05-09,0.001495672753138333,-0.005775275263741109,-0.0018391077361177288,0.004815433183899875,0.0024487581860836993,0.009493616071068134,0.00557177092011929,-0.00111382837337215,0.006532973302129985,-0.0006349299775149086,-0.007170588866960426,0.0007424860994789118,0.0006370579589256575,-0.00037500916997390554,-0.004749234885704001,0.015396374386028588,0.007254674259445482,-0.008000885137157687,-0.001274200923169766
2025-05-12,-0.009305102341517046,0.0014831684784515353,0.035157484417514206,0.04970105477762998,0.000915995080289278,0.006269660138488176,0.009850831348126698,0.03345691359824077,0.06271267509114398,0.03927675680565379,0.030996043437754972,-0.006359335273049993,0.009930138404927957,-0.00018776504987449982,0.045952558513721264,0.0148626010313484,-0.028190568373488878,0.01573596441824021,0.033047360828913463
2025-05-13,-0.004058512229495492,-0.013451826780515486,0.003656178443460556,0.013225327978277468,0.007931727215756634,0.013239863070699798,0.0019812059221375744,0.006787987539091711,0.03432875976289562,0.014338933843543566,0.018972600527654038,-0.0007465122194879603,0.0017644957250111393,0.0008443788034981914,0.004731406150827899,0.029437838885918666,0.004258992599597278,0.016047597163312277,0.0066039759021399025
2025-05-14,-0.006636303949322242,-0.005378985354964283,-0.008867322706295755,0.003855399075986865,0.008171839920260604,-0.006149105938683452,-0.000760500214165627,0.0006569294409477511,0.009895780740629911,-0.0031779159555518355,0.0006683620168692617,-0.0037360357536854183,-0.003649130311547122,-0.0050618465784124655,-0.004540966083397269,-0.012357997215309169,-0.021037827999516923,0.003333569863677166,0.0012780843114834628
2025-05-15,0.008790399019350303,0.020500313430496853,0.006528737810339136,-0.002221014488869688,-0.007805524498798344,-0.01005416889311972,0.0079160779841283,0.004077153981752568,-0.003467873655732978,-0.006046273461580709,-0.0038167958385210143,0.006535762583979476,0.0018946563957991103,0.007160404050280178,0.0010136250783798761,-0.01658674470191135,0.015963953531585195,0.018791868301948345,0.004884164117122447
2025-05-16,0.002672214810121254,0.01146180381375217,0.008264010426363821,0.00946062748834775,0.0018155437280431563,-0.004687550429827603,0.0012080907260940688,0.006848360136009868,-0.0028729678843365525,0.01581595537186531,0.007279689901992237,0.0003193844553173175,0.0011339992272205723,0.0018708883761919815,-0.00016868853611806678,0.007545526910238465,-0.012087047232674286,0.011976182865760299,0.0063341153643989845
2025-05-19,-0.002896640377713977,0.002924313242449683,-0.004193533018698958,-0.0023428842827593055,0.004530178004092944,-0.0031396735999214,0.00678843099826687,0.0007859470502793453,-0.00166386250521533,-0.010561263605543103,-0.002092018633260917,-0.0005321089668184342,-0.0005035557456053441,9.341515511751552e-05,-0.004051345270917994,0.006020611913305496,0.012880671121226372,-0.004120859207486616,0.0010938207948751888
2025-05-20,-0.007205124464044532,0.0035233507186982482,0.0005264918176808298,-0.0052035591696124595,-0.0027059093185549665,0.014173224906745663,0.003146574164262894,-0.0032785161030252086,-0.0019105304090838438,0.0036313736642179517,-0.0023823239445734945,-0.0012774676505186155,-0.0005038094417444405,-0.0024275074516985073,-0.004576303615794863,0.0021894835965794446,0.0186222454642182,0.0005834973292899726,-0.0033621577891223
2025-05-21,-0.017090063284310286,-0.011622197199835926,-0.028075463260638145,-0.020275054784548163,0.002411846179023458,-0.0015528117522651819,-0.004630333559848765,-0.01740631419677341,-0.01657564089001773,-0.028013827918547785,-0.024071100713473736,-0.0069297808137834815,-0.006680009908636264,-0.011136874296798549,-0.035416272118369174,-0.015584143127700512,0.007378683875855163,-0.020253471349066965,-0.016850859230970072
2025-05-22,0.0052399221858869804,-0.0041647182775318425,-4.9198765683100554e-05,0.0042995044646343406,0.0006016620710487253,-0.006220829869227784,-0.0016505995236620885,-0.00017418790707224296,-0.0027332847782280956,0.014664414342475895,0.005285263044998656,0.003757379179932352,0.0020301268266536,0.005110710446608602,0.0,-0.006657744823547529,-0.008861493387459118,0.000757557846534862,0.0003946237070804326
2025-05-23,0.0016584656596947411,0.0036898897412072085,-0.003149562452705812,-0.008985568278286893,-0.0024047173679991873,0.006259770838635381,0.0033068951598018703,-0.005859428715715875,-0.013994420562939647,-0.010227912182943388,-0.0075941236033215676,0.002887471125288643,-0.0002531602983216752,0.0007531962937490366,-0.00441300077207607,0.012660090584572625,0.021906288045034472,0.0062727247633118655,-0.006825776225207969
2025-05-27,0.013956309807641176,0.00906878651491061,0.02537520418917727,0.029527579981877716,-0.003615589097692218,-0.007776056595831471,0.009737737393694879,0.020558460030232872,0.03171325449719942,0.020835658655556477,0.01834594594189931,0.004159268831062102,0.00607989391956254,0.009032620985025996,0.023758844848415173,-0.010442699026043112,-0.016949152542372836,0.03487556849311857,0.020790777473527422
2025-05-28,-0.004315931474950685,-0.006801119139740908,-0.010544145648003544,-0.009175946560572523,0.0015120077213874872,-0.004702167462939055,-0.008605397817027516,-0.005878220307970472,-0.010654342507763759,-0.008802328566465567,-0.006936478311255878,-0.0027612468670583645,-0.000629806651539444,-0.0024244137894015028,-0.016279966997242434,0.00906659663227094,-0.0022660178699712707,-0.0002596576610353063,-0.005785438328822834
2025-05-29,0.009255138512038297,0.004035347184838001,0.0029682914369675295,0.0004187295890887288,-0.00452887127340551,-0.004724382299671093,0.004340224571558471,0.003215745440495965,0.007096863996014724,-0.0058278715746808984,-0.007081906039137609,0.0041532531234755865,0.0015118440953523216,0.004486986670074078,0.00862679884036055,-0.010310752018491298,0.0059247154716217665,-0.005142031491389809,0.0039474262075909206
2025-05-30,0.001508758641491026,0.008768664733366016,-0.005094066517950635,-0.0054425712713390695,0.00697595157055475,-0.007911398977903605,-0.002533457767322722,-0.0008272821848724909,-0.017740107991718213,-0.0001115514842908727,0.012701540271074396,0.0029696295555858843,0.0008804134321012125,0.0028845835370729933,-0.007156576529164016,-0.0005953402898329907,-0.006576942326457891,-0.001357439047697362,-0.001118549295088922
2025-06-02,-0.00930656500884397,0.0006035579699152915,0.0031208418631356594,0.002338700898459667,-0.00210841281621188,0.02073363807441142,0.01030785456600758,0.005105636763069299,0.014807147079420213,0.0011166620345051115,0.002797895556128527,-0.0033949197278252408,-0.00017659144092496692,-0.002830997903627619,-0.007383949074006413,0.03574090054121548,0.026581051258171673,0.004391527382311633,0.005632802267017123
2025-06-03,-0.001761142292905915,-0.0009650527226567895,0.016139174145734625,0.0053196323223496655,0.001810977328349228,0.0070312482464447434,-0.004879545839231669,0.006898561534363301,0.022564697606214157,0.02074732564380999,0.010101922976682554,-0.000957996495729474,0.0018946225616898182,0.00046692325189523487,0.015763367073315715,0.004888516505708873,-0.008855551213511115,0.011034823495167156,0.005702690853543357
2025-06-04,0.016233182792279477,-0.00700499845624758,-0.0028225000930625077,-0.0026457776305193192,-0.005423292715772798,-0.0046548212262430555,0.006537767226718172,-0.00010222500230960829,0.01189759522582734,0.010873070859364509,-0.0018096227185928626,0.00735225159024866,0.0018906256890318662,0.00728155339805836,-0.012380094760963578,-0.007869552962670001,0.006441974072654677,0.0054055786038400555,-0.0002685546544632933
2025-06-05,0.0006943335822147123,-0.009608339263720844,0.00043182750933845604,-0.025224637396780825,-0.0027264021244127745,0.004676589916251528,0.0013288583524471154,-0.005522513654412586,-0.0017875046131602401,-0.007296814772040139,-0.0013359040281070156,-0.002961640064625626,-0.0021390583183982237,-0.003058557278793561,-0.0007062662442108847,0.008508854895378004,-0.00504987891618125,-0.003840424230882933,-0.004832679345087909
2025-06-06,-0.012724008281041588,0.0031929292202794723,0.01616071172394351,0.012986436506515098,0.003948875535215279,0.006982078123585422,0.0026537224992502217,0.011654858844628357,0.005690423562760838,0.01834911261439065,0.01261229692935495,-0.007956738209735637,-0.0001259078749887843,-0.006042540409634478,0.025088354414539937,0.02073497700435256,-0.013416073696802311,0.01948189334223649,0.010269002220969492
2025-06-09,0.0010544276411323938,-0.0013464354869070494,0.006890053567767174,0.008012351106853721,-0.0009075587934703755,0.0007705006995184505,0.0023523494490529373,0.0008133714393434577,0.01673714668338544,0.0006415732967091081,0.0014152811045931024,0.0018180028963687977,0.0005042126976062544,0.0029928341665104163,0.004998334638616653,0.009386464333434263,0.004718534884218695,0.01215145802733364,0.0009011883528189379
2025-06-10,0.005149843598671877,0.002206237469430272,0.0053898633431246346,0.011969933234229568,-0.0024228629840302718,-0.0030793248761722403,0.0036674212853602395,0.005281671635565921,0.01988647532400134,-0.0035265130373809406,-0.002355611992841844,0.0017078408162756187,0.0023949677420957993,0.002424619594442401,0.01063271840240243,-0.006245726003834551,0.000293510988597534,-0.018431841400253335,0.005669829436407703
2025-06-11,0.003027617851105502,-0.0034244887735804808,-0.004102288703083712,-0.00790088394537558,-0.0006071410661726562,0.01621623813294626,0.0008769463833082636,-0.002660576387117919,-0.0007250429629130917,-0.005040550641401076,-0.0008499275078789337,0.004156025973092836,-0.000251428885327476,0.0031628139463482086,-0.013575346348120743,0.04497208504643968,0.005412290790508978,0.007815686719642168,-0.0028521635422879
2025-06-12,0.011957186687589383,0.005890975694678113,-0.003978862212867917,-0.004703681244103364,-0.0054677725465782645,0.0007598865996851778,0.005549050352125384,0.0032078973045128745,0.004849517777727019,-0.009054163245099,0.011815840550602363,0.004350963377217187,0.0011319727351559727,0.005563671552819116,-0.006021052617248945,0.0030740892524956376,0.0124202002480438,-0.0007050279151067373,0.003974342743545911
2025-06-13,-0.00963628196710875,-0.01220113573076309,-0.01828185100645463,-0.009218256976184835,0.005497833449378486,0.028094154692595907,-0.013360514384520572,-0.011814828461928939,-0.023408732582757108,-0.024963318781497823,-0.007193606589200208,-0.003698117633499254,-0.0030153184117645004,-0.005993987241044385,-0.026825831270490874,0.06888738119543913,0.013100564311248064,-0.003074013956315347,-0.011179971791603127
2025-06-16,-0.010077591697877142,0.0032113670831979135,0.011789904374494009,0.010768043668519134,0.004556385445602773,0.0,0.006623565972605938,0.00987840024737241,0.02486490053634771,0.02303666232041035,0.010633321868306345,-0.0028636607020304794,0.00201615406711797,-0.0017628914056945222,0.004623851997330286,-0.020319182971937244,-0.01425909653729851,-0.005509729394519436,0.009514168567761327
2025-06-17,0.012169421187147922,-0.008495399972017315,-0.010532717847939632,-0.01724137308953666,0.0012096913537884557,0.01994091077943283,-0.012282519137898906,-0.00833144931007046,-0.006796289720717885,-0.008832729018648289,-0.0069831995381148815,0.004892724050244324,-0.0011316240488389306,0.00343891950302333,-0.012391638045066822,0.04720711142314271,0.0005131941200071655,0.004879591169346442,-0.008545182675272933
2025-06-18,0.0017339530509774548,-0.0012416908942601834,0.005274463398098339,0.0004753687540572926,-0.0030203009703210215,0.003982592406818419,0.0011843602988448332,0.0003741273661337363,0.0038227344686929676,-0.0035754922851335413,-0.005250923193836021,0.0006350704697657417,0.0015107826646141298,0.000740894749178711,0.013264073228362427,-0.00036459790496645716,-0.005385627565021256,-0.005766362412935044,-0.00015067198563356587
2025-06-20,-0.0018465284947649652,0.0073355090350639696,-0.002098730505823876,0.001188077392365372,0.005755852947995743,0.002524297651048446,-0.00796772661330325,-0.002312114322146397,-0.008835072811883782,-0.00888822260575639,-0.00923740584734567,0.0006345826985529879,0.003142638501187678,0.0008328240945429943,0.007606611196791624,0.010331908814867674,-0.00041901914110908933,0.010632783056115036,-0.0023484900412722443
2025-06-23,0.0032374728006285824,0.011582354160293296,0.012236584206755774,0.01982082258462614,-0.0063252384486357505,-0.03453232056886324,0.0076564722063081625,0.009610676455688916,0.006339631092279641,0.009729068562865928,0.011987459340319528,0.003488457047303717,0.0018794907263433025,0.0024969161102816884,0.022998433756340253,-0.08072664656821826,0.0030631724583116693,0.013006435386616388,0.009877341825691
2025-06-24,0.007260481624565163,-0.0008600369806205377,0.012749603798859477,0.005550336221737506,-0.0036375079932413623,-0.02533529819351865,0.015196592127362463,0.011679208610981151,0.03672873169757929,0.024336340378176446,0.015793949789501216,0.0034761612900369165,0.002751702738041706,0.004704211190723395,0.00950405268266774,-0.04462771232401275,-0.015719378751237634,-0.0010442433760476932,0.011047406404075533
2025-06-25,0.0012587734654652127,-0.013402311968200742,-0.011656686810885608,-0.01178147432091381,0.0011045464711989528,-0.0022936026497389905,-0.002641519844064355,-0.0011680178562957222,0.013478693092461524,-0.01163661491293888,-0.0025914436595472212,0.00042002574465249687,-0.0002494217717038394,-0.0011933513177777577,-0.004792815156200891,0.004246541898544454,0.003037305817845004,0.003584092728867283,0.0005603485498484329
2025-06-26,0.00502774940319628,-0.0008723720394777645,0.01622877596368255,0.009199562540105788,-0.0009195315433436768,0.003831458927246123,0.00985858996413258,0.008618449257810523,0.007267474035240751,0.01951371656629841,0.0087223086967263,0.0035676273929041713,0.002869629498332138,0.00367677414487777,0.02304787813759357,0.0038193805568345063,-0.0011070472235482631,0.026585919987842432,0.00782377492146935
2025-06-27,-0.0063671842957284674,0.004740065753300549,0.0003248515761258286,0.016650430694667095,0.0052147401461000165,-0.005343568833633627,0.00408005021388691,0.004537317324626811,0.004401159389048059,-0.0031008692957894546,-0.008554863111941868,-0.002614060441344712,-0.0004975402407380036,-0.001648553831230526,-0.0005044139690759675,-0.0042124959100471315,-0.018123728993798327,0.01372181575297926,0.00496832451725937
2025-06-30,0.009841127808335681,0.005214185288325401,0.0014387965901589972,-0.005764239983135688,-0.002441304195488936,0.0007674679942883955,0.0026117748438476696,0.005069539975762316,0.0016521225420609298,0.018019953284178936,0.0159584636171497,0.003983631245108921,0.0038587251334751826,0.00550410529278289,-0.00100927096251624,-0.002319844047177333,0.01198454729743359,0.005385823112842747,0.00478128084883922
2025-07-01,0.0024792158099204986,0.012473696338483498,0.01028769043720712,0.004279229625208991,-0.0006117739136527467,0.005368080098255401,0.00028983336061672027,0.0,-0.01090077676239709,-0.0020019221796965248,-0.011506865581942027,-0.0018540432836443577,-0.0012585232878737918,0.001208537274151933,0.03418076043805418,0.011215971658850021,0.008923010663382636,-0.024177506660719272,-0.0003237169474282764
2025-07-02,-0.006353287673582009,0.0029275066631391233,0.013852581684208776,0.00801798167643275,0.0015304320934803606,0.016018328597604325,0.0031831461911955294,0.005198662368937512,0.019612821974617445,0.011929869498048307,0.005266072847869729,-0.0020988574246453284,0.0018712009390871032,-0.0001827657694362106,0.017746633522846222,0.022453618637394035,0.005527596405484614,0.003060739749971342,0.004533304513562708
2025-07-03,-0.006965184999272012,-0.00048649356403951405,0.009274733479304409,0.005454340023526294,0.0018336999452750469,0.0,0.002307690387860273,0.008248520819164495,0.008426747380002153,0.020709448533663855,0.022608168397949546,-0.0034702475013361767,0.0006224669350691769,-0.002378450693400036,0.011518318090574464,-0.0052916247633666424,-0.006822911403597365,0.011914528444553873,0.00788132829242616
2025-07-07,-0.009543412153027009,-0.000851682081715377,-0.01501698472372659,-0.01270287519636737,0.003965917008678099,-0.002252276541954479,-0.012375815147020686,-0.007888733765183287,-0.013609744893377407,-0.009454647426986984,-0.005032764817307633,-0.003165894275408032,-0.003359657566322838,-0.005959897143401172,-0.010279993916972097,0.01715654839262193,0.000748780548875283,0.00368534911317564,-0.007451977060185855
2025-07-08,-0.0012771055931960484,-0.009255855835765492,0.006917588165235911,-0.003388278814765,0.000911526352574743,0.002257360742601744,0.0064112782755376685,-6.563084714639178e-05,0.013297128488172438,0.004695017897703879,0.003342095927278965,-0.0014822447564893926,-0.0013730459528562555,-0.002859657837336993,0.009108423291577239,0.006276094488371298,-0.010443411868664265,-0.007248445603236009,-0.0005477000385931685
2025-07-09,0.010461583262214358,-0.006515170257611835,0.010847524460289026,0.00592665337202547,-0.003339280073916817,-0.0007506844705748028,0.004488251121607334,0.00628324932101032,0.006843545088749625,0.004108268213989685,0.003060779573790917,0.00519504988608932,0.0027501741402296,0.005735345609387599,-0.0004751618714582406,-0.00038979703292285617,0.004471282664348264,0.008742495696452135,0.005996687665528189
2025-07-10,0.0006902304415208338,0.003588175884778444,0.005141938073225605,0.011052783836916324,0.0,-0.00450793712230102,0.0014412952748550367,0.0026665885573233794,0.007357433240608335,-0.0177977586522009,-0.020373317342067487,-0.0005272024596382208,-0.0009973946275197987,0.00018440025648724934,0.007129322216963052,-0.020018210183521012,0.0022257895319868215,-0.0012381663670157916,0.002820322180916879
2025-07-11,-0.013794902194995573,-0.0036986347357363947,-0.013790077003019818,0.0002709510346508015,0.005787310504960397,0.01358490238744059,-0.006908464235574896,-0.004216424731633417,-0.00010434156744454359,-0.03155426952511198,-0.015300031243386858,-0.004643446401708107,-0.001247988020947055,-0.006069728044594824,-0.010696911386295471,0.0252023019135319,0.009601575193336043,0.010966021169362739,-0.0035156361982808804
2025-07-14,-0.0020981139091794665,0.0008662185978667303,0.006720857065803498,0.003703200789581862,0.0015142704674844243,-0.008190632465276182,0.0010144858317935324,0.0022801045478897386,-0.007547983495274857,0.011075850840111201,0.014607406557539448,-0.00042405461213979034,0.000749728464711108,-0.00027760526735143287,0.011289573883568993,-0.021606910973781757,-0.0036553174266280575,0.019005820173900734,0.0019083594616318145
2025-07-15,-0.007008167054026626,-0.01001480928652343,-0.01957973281916714,-0.01430819192058641,0.0015119205898113108,-0.002252276541954479,-0.0049224437266228716,-0.005264587781469099,0.01920643665779176,-0.006753545609416434,-0.000550287063852517,-0.003924465595766646,-0.002996769224583251,-0.003609498166611158,-0.03506290181538552,-0.004760653230309941,-0.004155705135267751,-0.006340430525073604,-0.004273228812600283
2025-07-16,0.0014112608057634812,0.003496896400944749,0.010053898645116632,0.0018258912290811669,0.0033212520918586286,0.002257360742601744,0.00436466344852704,0.0037895521933788423,-0.0052269749086676365,0.011617936519581207,0.007523633748677261,0.0027685587886248086,0.0026301187130872705,0.001579059147475581,0.00879906565394628,-0.0009301048742665907,0.004988096125243757,0.012855033583001996,0.003343222494186504
2025-07-17,-0.00023497310181308517,0.009458598776166838,0.013120933802612589,0.003417402977375472,0.0027083655293211883,0.006756755249120117,0.003621736113563978,0.006509294415775191,0.008400140406231937,0.016671125727174774,0.013659948306910197,-0.0003186747200913942,0.0009991612231929903,0.00241124173351448,0.02035213743048292,0.012900667498435325,-0.0021735334020257513,0.025246034910539894,0.006119571230611909
2025-07-18,0.001527495196939288,-0.00271233213954003,-0.007100720792675208,0.00885469276322537,-0.0021008433551412686,0.002982880793811482,-0.0024536479863750404,-0.0005497588287184385,-0.004799193040435523,-0.0007287838896423704,-0.0022459895321065293,0.002762049557800683,0.0013725645978894807,0.0018503568997516595,0.0015831020327268241,-0.003020001915362558,0.002600924347578637,-0.002691103198396605,-0.0007322815495487411
2025-07-21,0.008916040251542023,-0.0001236231315173697,-0.004048105045353689,0.004726165028501317,-0.003007291687792679,-0.0029740096774639735,0.006076998223720098,0.0011323670828058408,0.0006888901308290674,-0.0024484330290929224,0.0013506821810749248,0.0034956122598617245,0.0013708869445017147,0.003878490993058259,-0.003161137455475971,-0.004477860739083628,0.015370115792427752,-0.015246157146866945,0.0018961202137257605
2025-07-22,0.006046562024004221,0.009149535541116638,0.008309640568045618,0.010124506869905181,-0.003921771128968521,-0.0007457201984528705,0.0041708982340196155,0.0011632944298201053,-0.017693015408060564,0.007467714422475735,-0.0027875394072301996,0.0028502751420207417,0.0017420807185086762,0.002391648619177289,0.004598082000613957,-0.0031749950442745423,0.009484882235462067,-0.01479732328799055,0.00014315745726389828
2025-07-23,-0.00554782468903714,0.0003674556164381393,0.015273034967118626,0.004745433758823081,-0.0012113197004279819,-0.0022388301362121776,0.01790310745288992,0.008424934152414743,0.004345205823901743,0.009278501772295833,0.008205579516086026,-0.003578915859425935,0.0004967992341189387,-0.0015602238273099145,0.0,-0.0009289939779927314,-0.01240118112003663,0.024707988653813073,0.008507254584785295
2025-07-24,-0.0017436591219303077,-0.0035517972854037794,-0.01380799824667267,-0.016552613725794196,0.00758029281154049,-0.0014958283971316932,-0.0067536857426260255,-0.0003522094829059297,0.004151987545212288,-0.007344296057016475,0.002504229166895522,-0.0014791131562046367,-0.0012413306268699298,-0.0014705665875583973,-0.018623704954032982,0.010759797711586971,-0.006118276977772341,-0.006695387486428839,0.0003312664621191175
2025-07-25,0.006287294744637073,0.0017207257625087014,0.0037127825443419304,0.009290788246087978,-0.004513862496684284,-0.009737784078997613,-0.0015584269147136398,0.004450899763822624,-0.0010771826297359954,0.0,0.0053528785209937535,0.0023276189070089437,0.0006215383302292654,0.0032217131121849985,-0.00402061039969237,-0.01629646370678095,-0.0092499926477293,0.0041444581076719444,0.004224296491786017
2025-07-28,-0.006479171434046416,-0.010306716550236072,-0.0011587987622395657,0.005825584722429333,0.0009067815316918804,0.01058990379661462,-0.012911377177483696,-0.0002869327491008544,0.013635352056435401,0.001086541365860505,0.0016860405471794682,-0.002216459336191412,-0.0004970639715746739,-0.0020186516113177566,-0.0008073047405026124,0.030995320535996296,-0.00647361832754334,-0.0008617816346919716,-0.0002511098453120697
2025-07-29,0.016886119810255895,0.006570806526578377,-0.006380407906077856,-0.0068970930603350356,-0.005134476463869664,0.012724614506403054,-0.0005751018977232514,-0.0031569687375608835,0.005112979385150318,-0.009096127529373499,0.0011516542625200632,0.006558750735379704,0.0006214611662460623,0.006619523042432185,-0.004848123070084198,0.034080665352028694,0.002750389076383808,-0.010486183675879168,-0.002637607015591792
2025-07-30,-0.005153560866378637,-0.008868073206102278,-0.005074353959372502,-0.006321807377841049,-0.0006070702515892368,-0.0022173187664819016,-0.0071911570441823836,-0.0011515972706619415,0.011471601880230775,-0.006884640352808891,-0.0025661611636180748,-0.0034682266191091715,-0.0021117774924259702,-0.003744395259951405,-0.012828907506269194,0.015538819753744493,-0.017273497289540862,0.0033948777025984977,-0.0012593805935410263
2025-07-31,0.0005755738987278658,-0.008574614515544199,-0.009794216455358051,-0.007930145233402852,-0.004860421145592486,-0.009629660125196393,-0.008112246816297186,-0.0043554613117393615,-0.02524815982252049,-0.018381387178642683,-0.009403814031538449,0.0008436369441247038,0.000622694782896227,0.0002748389277873464,-0.012008538991794437,-0.017892455099403848,0.0066454015709211944,-0.009967087822073895,-0.0037511184124822128
2025-08-01,0.014216609301173966,0.004763038677405573,-0.02037458551966964,-0.02411590500658023,-0.008852072228251684,-0.015706753909367932,-0.0033593585503285395,-0.0165652909133176,-0.01672548256777251,-0.03172654121440399,-0.027135968097875773,0.011512835648729514,4.992693990568675e-05,0.008871206992518532,-0.020645940685710462,-0.02676212277200385,0.020299689958884537,-0.010436936853443934,-0.016390402087159806
2025-08-04,0.0027328399720414343,0.0048653070837409995,0.022380345767833765,0.011754426791614758,0.0030797173802310507,-0.003039546398740489,0.012309644933327535,0.015666848351192586,0.02197569281681888,0.026909108691262507,0.021633104757467825,0.0013585304484640126,0.0033755433859208317,0.0017330796981236407,0.014110840415298309,-0.01742833062325333,0.005823229257701401,0.012227008300733422,0.015199695512541522
2025-08-05,0.0030661909607940796,-0.0009931594866572357,0.00509719614465487,0.0012806607329667319,-0.0027632479084829242,-0.0083840858524592,0.0026058033347724496,-0.004411780536494492,-0.010648191614492375,-0.013182739448857617,-0.003874544783961986,-0.0007307092306315655,-0.0004982742806868279,0.0007284821864537161,0.003352846754316463,-0.014321428965235139,0.0008040912066364925,0.0054403741616835255,-0.00506997011593413
2025-08-06,-0.005773879057105025,0.014291154966953101,-0.0013131733714308869,0.02078475310278116,0.0018473106868956979,-0.002306019431847939,0.006497179471892656,0.006760327106724251,-0.0016719071929435225,0.01074155554124534,0.011397504599547803,-0.0007308279833062592,0.0009974509137149479,-0.0002729181403845482,-0.008020139544689608,-0.016395571615274718,-0.00212110700071233,-0.005686021388752294,0.007659865067447091
2025-08-07,-0.0017081959845264283,0.007595984483703022,-0.0032644030509998423,-0.00031324496542517455,0.0027658566338253365,0.0023113494485902386,0.007172587654398432,-0.0005784636693093592,0.0157001659006768,-0.020499476145351747,-0.01976568637534304,-0.0007318615366880277,-0.0009964569967729764,-0.0010011432570123935,-0.008758581825638267,-0.005014266729791772,0.008437987494967825,-0.0070097011805786424,-0.000837761014518934
2025-08-08,-0.00433443869361505,0.0029184434686655436,0.00218356024875499,0.0017458082251808893,0.008274561027478589,-0.0015372955219148388,0.003275768220970532,0.006301013021722035,0.00827838229267841,-0.014539926981020468,0.0002736931898645878,-0.00230123821715178,0.00012470671110675902,-0.0031887875260906418,0.012064660023261231,-0.0016343655704182947,-0.00022357985855403495,-0.004319178988874683,0.007797543710129862
2025-08-11,0.001145834298670545,-0.0008487755623066695,-0.00022703608253027419,0.002591835405125975,-0.0012158590714426154,0.0038490798289958494,-0.003123156613502709,-0.0023002028188978674,-0.0004429238816484604,-0.008103710990865376,-0.01149315199026868,0.0003144417969818125,0.0,0.0015538529839691506,-0.0026863965095385023,0.0068212821170954285,-0.014374701087597641,0.002518731857917178,-0.001977460235009665
2025-08-12,-0.005035240727857104,0.0026695454417469122,0.02969072642430648,0.010607949467493771,-0.0024346783686659546,-0.0038343212205280697,0.011107935097006916,0.012231480606961664,0.022835764459990138,0.014931311804523784,0.010980867662187643,-0.00020933956370128293,0.002243731278585237,0.0009124323849858396,0.03602694836695752,-0.011517697403338745,-0.0009074665058316222,0.016424031663600624,0.010645956381075239
2025-08-13,0.008280738754975703,0.0,0.019443678492435668,0.01371607294014554,-0.0018303436442347332,-0.00230949365712918,0.006478861007239933,0.004839718293559336,0.003932094231122951,0.025426090639559584,-0.00018248231105633117,0.003564272652551548,0.0026120454093736534,0.005288218968892977,0.017874536368397642,-0.006716900401204762,0.0030492830145867345,0.0023802245922788234,0.003423258482342151
2025-08-14,-0.007414178662009108,-0.008955664113691086,-0.012888145701708598,-0.0011311836441211254,0.001528154425181505,0.0038580662748057826,-0.004478030837503866,-0.001479483373448165,0.002124222188804481,-0.008229138742957054,-0.010954977437725999,-0.003238404742156975,-0.0026052404031383647,-0.0034464268864478065,-0.0006386237645327197,0.017664901952381573,-0.006338706734070332,-0.011051350175684704,9.295674690901201e-05
2025-08-15,-0.0071246872267001216,0.001587668443400636,-0.004863259637545636,-0.0023955544502317627,0.001220682538705553,-0.0030745910438295665,0.004498173798485938,-0.002270035357632816,-0.020767085763974014,0.004367067203974173,0.007107288952461044,-0.001991269204368762,0.000746370936948848,-0.0012742387484857565,-0.016134173591185852,-0.012747421199391762,0.0005858183101099534,-0.004848550443217858,-0.0023412563361064898
2025-08-18,-0.002893629833597089,-0.0013412156294249078,0.003654261844551865,0.0040169138455785625,0.0,0.0015420366540004338,0.0013994534262120606,0.00037908591978452755,0.004092647109986025,0.011468017540930742,0.0027495727724107244,-0.0009448113047128004,-0.0007458142828438152,-0.0018222775087102239,0.005520398511483782,0.00508235029776638,-0.0015612675411803556,0.004965080304743186,-0.00021758017007211805
2025-08-19,0.00580377554532352,0.010255125997205461,-0.007676760334312971,-0.00047850077263800195,-0.004876473119623914,-0.006928480971387541,-0.002655190662539164,-0.006064445018224118,-0.02017781381975703,-0.017356318540534987,-0.025866061278150942,0.0025223813461210387,-0.00024872288033028767,0.0015517892370644493,-0.0017762861672270258,-0.011890052466295375,-0.005473279447945512,-0.021562493523520798,-0.005425108869057227
2025-08-20,0.0021927771180663136,0.005679782720412696,-0.003536626732131176,-0.00987598215048402,-0.0012251076865318344,0.010077551706577648,0.0012610412742788402,-0.0026377962553464362,-0.006566534721342943,-0.004155927856556829,-0.0023456660629832538,0.0014679234327132917,-0.00037312655161658714,0.00045582178077063773,0.0035588303832465584,0.016874046193818604,0.010122175284489776,0.0007078800013273767,-0.002657103671908412
2025-08-21,-0.004951660256046098,-0.009012238685764395,0.0024844114820146146,-0.005932009590733367,0.007359478956402876,0.007674603910786892,-0.003778139029616878,-0.0034412518649606927,-0.005191079394910814,-5.48817022812953e-05,-0.0034796935584655575,-0.0029312936654416477,-0.001866835189575089,-0.0038267495063024626,-0.0040296833493572715,0.008297070704628373,-0.0034698951143765644,0.006177576611984259,-0.004011786002919404
2025-08-22,0.007406891780464386,0.0,0.039208737103982205,0.0303673703838232,0.0021310226685957723,0.002284868521970962,0.01629412056504642,0.017329704274166247,0.021498742847649854,0.0335529950881952,0.014156274625001464,0.005564668191974986,0.00810471558611403,0.00786550805925934,0.04936072826755611,0.006879834818919406,0.01070642694476942,0.013028857582685571,0.015356808979611891
2025-08-25,-0.0028721146247550067,-0.017097198987853446,-0.010518274822043816,-0.0020162175399289772,0.0006074390097416948,0.004559319598110845,-0.009675125589109101,-0.004808633750534863,0.000953592359751676,-0.012167304942522716,-0.007165419822832253,-0.001983825952425078,-0.001978808552661415,-0.0026315599979314097,-0.005397996894616952,0.014871390935535134,-0.0024148368614391735,0.0002314022900817836,-0.004401019577044973
2025-08-26,-0.0005761513037545463,-0.006538382521471875,0.008263024569943322,0.004599513900629404,0.002732270390046976,-0.0068079398237052,-0.000558187201168181,0.004547617881627719,0.009628387667664828,-0.0007530087727368739,-0.001124775962094371,0.0026157532635100456,0.002230762470460057,0.0007279585604740291,0.011474829768322481,-0.02244220393719054,0.007262047243691283,0.019241414162313397,0.004186869919697411
2025-08-27,-0.0011527822389180153,0.002980414725542113,0.007085475283705955,0.00021392370296391405,0.00030285905227223076,0.0007616228406570613,-0.0029325313500780936,0.002672100193297,0.0030665147748427657,0.01700938574051447,0.008257430244401842,0.0018782063050901687,0.0012363864251105916,0.00036364163706936736,0.007971564182040813,0.008507727582099278,0.0020187288833615202,-0.0035396571462894544,0.0022785491312995454
2025-08-28,0.0065782389216597625,-0.006314341418264813,0.0011867989434835025,0.0017111554558424391,-0.005145354296379856,0.00684931351926843,0.0040616598564759965,0.0036371855274195397,0.004098640947719501,0.010109048573245794,0.015262928620501715,0.0022914109097249558,0.000494044300477281,0.001544951585859211,-0.0034979777913553,0.0074986282311910735,0.007419038046796889,0.00314235267130325,0.003541412018451817
2025-08-29,-0.007108533628825131,0.006478960856691973,-0.004444942347670566,-0.01029243919909606,0.005171965893309816,0.0015117320984276983,-0.004463773407465177,-0.005935770834592402,-0.02874053088498585,-0.0003668185589723594,-0.009075078812453619,-0.0008312978127514858,-0.0018517261830428566,-0.0036297053227410947,-0.00015257812956848138,-0.005316341536893088,0.00964990177666114,-0.012847801474541676,-0.005963766656904346
2025-09-02,-0.007441416188622374,-0.0016092891086759709,-0.0054003776537511206,-0.007465333253974138,-0.001513293322633169,0.01584907770857269,-0.007005760367774894,-0.006945292869365738,-0.013124824878776864,-0.010692909629865244,-0.007678120645673636,-0.0029842541880443774,-0.0010809538703840937,-0.0033450873359576194,-0.0065638402673500185,0.025654808822695774,0.023642559312442524,0.0012417362015455513,-0.007410239855265122
2025-09-03,0.01097717312284252,-0.0007439460436544643,-0.00098336117210307,0.004043391262678275,-0.0027281289012632826,-0.009658276841701285,0.0021164896081591333,0.004240633858835663,-0.00017460514553024886,-0.003867812679249738,0.0004661582816862797,0.0034535491619633873,0.002736620902946907,0.005960620600664823,0.0013827890494653161,-0.0251433070800402,0.007831992196408066,-0.012034441779068317,0.005419573443143255
2025-09-04,0.0076241001566388356,0.000620416592848283,0.01249621698106651,0.018273168951087992,-0.0018237279658137595,-0.006751686360850329,0.004083503566988389,0.008855114617288828,0.011974938824088621,-0.0035636305968880233,-0.004472621962015144,0.004484957437698389,0.0027290518412415032,0.006836679832872061,0.01473068868452354,-0.008686375918397382,-0.004418882618094533,0.0009297433398425259,0.008357508586952056
2025-09-05,0.015247072382638116,0.002852146807897471,0.004987652065730153,-0.00021272660855986558,-0.004872079067216428,-0.009063466940909537,0.006590880238818819,-0.001842956015595254,0.011798912814461993,0.019109650373845932,0.0121677521641681,0.004879991507759085,0.0004950592704304757,0.006518852118534646,-0.010282639326634313,-0.02089516103236877,0.01334594055214322,0.006270685256215325,-0.002896333007960439
2025-09-08,0.01332427683617965,-0.0037097087286730446,0.0020187049408408875,0.0038705995683208094,-0.004589951922231661,0.007622033521392346,0.009612687445706758,0.0031920445590241098,0.011047359350439656,0.013565872421592795,0.0173848596782733,0.0030997927734770503,0.0,0.0035081426889456147,0.0010694292668784744,0.005645100889633881,0.011388067271604019,0.005954624836643552,0.0024565607117745802
2025-09-09,-0.0056829745401993925,0.001986022025507461,-0.005876200457127889,-0.0013981877037445578,-0.0003073914267966993,0.002269238335222523,-0.0012419003256420869,0.0012789344928902935,0.004350507168580764,0.00625294169921764,0.004544578736423555,-0.0023690494961980946,-0.0011129318578445568,-0.0017928665947162248,-0.010225913392119534,0.0047918739010679445,-0.002269905468609168,-0.011150428506024324,0.002312000060259889
2025-09-10,0.005715455327310215,-0.00978577755357024,-0.001773325971668016,-0.011964890503178727,0.00030748594534024676,0.007547176300764402,0.0017962193982568042,0.002554698246580056,0.010140653616377726,-0.013609253696957202,0.015562824126250874,0.0026843976623243115,0.0007427478383612574,0.002963353045267514,0.0010794450728852656,0.01798609764003345,0.0035922056391106683,0.013874832349330068,0.002890753802009982
2025-09-11,0.00668598838296397,0.008131095100224472,0.018483342233584832,0.0194528573247561,0.004303602637335091,-0.008239714827338318,0.011308800163832178,0.009260447303102382,0.010304854401929964,0.01738947368421062,0.001425544758590469,0.0015447112771029836,0.0024740886991485578,0.004655770615388688,0.0044671127887869755,-0.022888490234609704,-0.0014913797811720864,0.01048086164038442,0.008310153402529386
2025-09-12,-0.004317231983145486,-0.0033502496013810834,-0.010215969679087222,0.005181192426642056,0.0015304320934803606,0.005287066030783993,-0.003273037341327556,-0.001447144626881114,0.0012833032089629715,-0.0071644702371238544,-0.0064946875133021775,-0.0028788289619881002,-0.0009873528745840687,-0.0017822676540629745,-0.003373820952412121,0.004246541898544454,0.0019715725978484144,0.002445902364157204,-0.0003344266088812775
2025-09-15,0.002334695238889406,-0.01145423572657156,0.004237755036590185,0.008674465335010817,-0.0003056674700117057,0.010518371086798206,0.007798721049778301,0.00487197233947434,0.009365129917173531,0.007989294859256368,0.010208646045466896,0.0016497478638619612,0.002840920167413996,0.003124858049324386,-0.0096937754704145,0.012549527062861054,0.01040483601055886,0.010030795780664459,0.005323820081343245
2025-09-16,0.002107659114280569,0.004534147055706983,-0.0016467589382961334,0.006148798293613256,0.00030576093118206416,0.009665384136041899,0.0008144867596251437,-0.0013502783756009773,0.000130155843185209,0.007772572568198743,-0.0007977834688226437,0.0006175956797696003,-0.0007390968264693321,-0.0008901572156121418,-0.010410221373127637,0.019399093990169147,0.0020064107533963593,0.004339288070024594,-0.0013768405847186527
2025-09-17,-0.0025456667499149654,0.006017780029527797,0.0025600859468515313,-0.002518751112823292,0.0024449739103393764,-0.008836473802962264,-0.000678222155363728,-0.0008909412069152411,-0.006379995039575315,0.009792940216408752,0.004435789436343818,-0.0021604139155919633,-0.0009857590194805033,-0.0017815448489099106,0.011932763683301983,-0.009250653696057043,-0.007715171664187115,-0.007215729634186707,-0.0012424491104373603
2025-09-18,-0.010319591526313565,-0.008723720394777645,0.024906842188938905,-0.0045122304353958365,0.003048915306941735,-0.006315001687719812,0.0008144830002696501,0.006304403801680181,0.03839478990172407,0.016783134962425006,0.018989579563246206,-0.003299319307887072,0.00222072052684541,-0.002052515047274661,0.026687304266559186,-0.0037348109208720226,-0.0040063094596702875,0.01911249076005217,0.004672370929096559
2025-09-19,-0.0019063938266119518,-0.0020114421298841334,-0.007596864077564214,0.003784103586311094,0.0006078688943711441,-0.00859814911655643,-0.0034073985415669084,0.0037591335641722345,-0.003975177354623827,-0.0018285661715635726,0.015775376345778636,-0.00041375959459932776,0.00036916712210555147,-0.0008048099465024494,-0.012543386317603655,-0.015664824743548578,0.010607227252210416,-0.0010565379303590916,0.00495302417801069
2025-09-22,-0.0035944691621649927,-0.011149409504658814,0.005802987443935592,-0.003257748444897124,-0.0030376798847931985,-0.0007541559266315279,0.004376300861719695,0.004323494002869577,0.02046184971630738,0.016140260593046962,0.00511986072686943,-0.0016558055301425512,0.0007386593969407329,-0.0022373123715961896,-0.012319022484158615,-0.0009521177641514944,0.01730643093326134,0.006356261757352488,0.004730992209795115
2025-09-23,0.006989806382435182,0.0050025956627144375,-0.0022504212168408255,-0.009409537193401762,-0.0015234981443194018,0.010566076728940388,-0.0013616817200863274,-0.005365854436665929,-0.0014588393138809108,-0.011547506882402137,-0.011800666710848895,0.002798729032861269,-0.0007381141819642334,0.0019733127080221458,-0.0012472917195149869,0.021783610210945215,0.004086375052867464,0.010051349922048924,-0.0054435731762725315
2025-09-24,-0.0038064350378901324,0.002169743646694089,-0.009186341502390727,0.007061208672993313,0.003765729529503936,0.0067213580392788685,-0.0058629911211526275,-0.003657540958892702,-0.0018340876717506394,-0.006605197269889951,-0.010137459083471079,-0.0026875324565867054,-0.0013536112735200723,-0.004028300709047805,-0.0020292888228222727,0.017854713969385205,-0.009063049726670935,-0.01586120176535788,-0.0031815654135318727
2025-09-25,0.0,-0.009551779461802301,-0.00956135123284052,-0.014106864759131033,-0.0018450799989567779,0.007418404277641066,-0.005760593005188941,-0.005353439290508133,-0.00015567959290307964,-0.017714444931542506,-0.011456370285083062,-0.002176782813815059,-0.0028341688093818096,-0.0017976290392900385,-0.0006256944141959098,0.007854411296178032,0.004165188877066628,-0.001810466203483574,-0.0046134455757694814
2025-09-26,-0.000899043414578693,0.0024431525305714796,0.008566975484112671,0.01477443231732134,-0.0006161027717028755,0.0007363849757038299,0.0035866403235371713,0.006273948188379119,0.002367213139763402,0.007829802689434784,0.009394222359965676,-0.0005192043403571267,0.0019771341786656293,0.001350793585837673,0.004695585016747383,0.00038964515039929815,0.00577227044053652,0.018888867553659372,0.005728916416621654
2025-09-29,0.008211489910945557,0.001924098458418566,0.0011602197277078563,0.0043802035413860185,-0.004007410438103931,-0.008094201331749207,0.005360787254346189,0.0025348572434054084,0.002610084367583587,0.006716513626257248,0.008784906776434065,0.002910109804219685,0.0017268657242359708,0.003326821181422357,-0.009658859115754037,-0.03155025202658901,0.016496514338703028,0.0027352854813209593,0.002810621129464952
2025-09-30,-0.002900923841023695,0.0033285922035997118,0.0014072237998743464,-0.004651900738066428,0.0018568890816912376,-0.0037091653918531753,0.00437531882298825,0.0032711766365556283,0.011467130468838738,-0.015384672655111231,-0.008363510445275502,-0.00041473501054711814,-0.0003695115133529603,-0.000985860574603814,-0.004247324234267658,-0.011261514668608696,0.008540004081594166,0.017318969793087113,0.0037667067961630885
2025-10-01,0.0025824207366464957,-0.001531145885855567,0.0021904616781007746,0.006259362675252733,0.0,-0.001489219315059409,0.006942504458327781,0.003473733633958309,0.022459919532809014,-0.004550940136951009,0.0005217039941904922,0.0033692494646540005,0.001868676829264615,0.004015764399316835,-0.005213200167846099,-0.008271194716631403,0.0015753722020723782,0.0065542371319038395,0.0034076068646293756
2025-10-02,0.002912110575782556,-0.003961659447150767,0.006309564543936608,-0.007215728225603568,-0.002162385808577638,-0.008202774427840342,0.0018925047563915776,0.0014575861731862538,0.013635417886036949,0.012140604400276311,0.005648746772798363,0.001036325053358933,-0.00037055069265812257,0.0016142118010316064,-0.002382094035994986,-0.021875833845680148,-0.003482825151325697,0.006765349092155315,0.0011518238595513708
2025-10-03,-0.0018986254921038448,0.0011545943501716227,0.007417354446594304,-0.006432716445103348,0.0015479171909491551,0.0037593643323037274,0.007421595836370143,0.0005458343628563789,-0.004612153712874267,0.000953588162641239,-0.007690963994337108,-0.001967028289989514,-0.0011120641541170206,-0.0012532767676018963,0.010028721522341355,0.0023762673576988025,0.008032937892485048,0.010793749426277532,-1.474998317585463e-05
2025-10-06,-0.007943350109754665,-0.007304834883507416,0.003986474865595335,0.008576432170843695,0.0009274490468542673,0.010486855809628715,0.002143068228360967,0.00375786032916281,0.019900241023274257,0.012234268008109783,0.006879703767439738,-0.002904517652798644,0.0002473340587270112,-0.003227479326446403,0.010086474843950421,0.016176316788721667,0.01884573861512795,0.02642618845545064,0.0035861425551588777
2025-10-07,0.005751508023362106,0.009295207855448462,-0.010736962986352405,-0.017507259982897372,0.003088307389715661,0.002965191387990229,-0.007752022318995522,-0.004800492797909506,-0.01843438510550044,-0.01703983732020964,-0.01081125924846471,0.0024968034154158047,-0.0011130269281383054,0.0018888340633151923,-0.007177279579533846,0.004528532856074685,0.005159462258136571,-0.0051410843807419004,-0.003707350859481817
2025-10-08,0.0007849624588405213,-0.004988518076346926,0.010484943719301754,0.0029698383320815314,0.00246307572626403,0.0022173187664817906,0.003906398253158638,0.006644034822188782,0.02676165136039832,0.014110073661103506,0.011541447281289363,0.00020744616862189424,-0.0014857892541042528,-0.0012568249172094648,-0.0061291910318551635,0.004508221923670508,0.01649095687844504,0.0157878563667464,0.005962925361965521
2025-10-09,-0.0007843467760665357,0.003213704496787928,-0.006444539933919025,-0.004991495481382668,-0.002149888331689942,-0.008849652565217858,-0.00872143271349024,-0.0034659518763014985,-0.0024851289438175828,0.0031305386942301894,-0.00017287918106589917,-0.0007261571298686764,-0.002851742169745264,-0.001977342674329474,-0.004585686529205435,-0.013871843601248601,-0.018452848086064955,-0.016664060509220757,-0.002897019428214409
2025-10-10,0.0161471877721322,0.0007688102886784787,-0.02994341287423763,-0.027506183029444076,-0.0061557029312986344,-0.02083326422770615,-0.023145795928329882,-0.026794903939662107,-0.05755912695428611,-0.036409526044025586,-0.030950130410780763,0.006229817788564462,-0.005844308963530942,0.002791639058578932,-0.04384434431677009,-0.043028584397504566,0.010097700011942212,-0.02668237683253616,-0.027027784753554496
2025-10-13,-0.0005518154148043131,-0.003329018830716235,0.027839836816670127,0.02233882362752171,-0.0009291722834828819,0.011778091733082752,0.015241757278832813,0.0159416649185824,0.044292108375192596,0.02498458001031212,0.02274958053948284,0.0005159984823575048,0.006253998299768471,0.003412812437328938,0.021930582430500722,0.012826046944470981,0.02430104394061705,0.020968445396143398,0.01534405245669701
2025-10-14,0.003202015549963022,0.016058503979001992,0.014279143771032787,0.0020952631304735903,-0.0018598283257026393,-0.010889942392925733,0.00013672981590184818,-0.00030598848063356776,-0.018395814745809203,0.00626943509573441,-0.00915912021059051,0.0025784171713760795,0.001118899437135612,0.003311528802757646,0.030889275528398485,-0.01821284578157878,0.007141189222626965,0.008854724141286408,-0.0012216093756775015
2025-10-15,-0.002201256293038578,0.0017702402406598594,0.009802479902500494,0.0014508363036385141,0.0003105693741229931,0.0030371632180916652,0.008733597869357235,0.004742620431421818,0.024827546324981187,0.0009470290424267169,-0.0026410622775168147,-0.0011316281527805616,0.003228018879804617,0.0,-0.022551610880821915,-0.00014495849609375,0.017332403569977117,-0.016659996482316197,0.004439561180749063
2025-10-16,0.007500554510072366,-0.006941808875273403,-0.02105226991278164,-0.009672388449874503,-0.0018627764671301783,-0.0015140208924083742,0.004464254044568738,-0.007948017831577947,0.0044472282165577415,-0.02285634612725229,-0.004325167045962752,0.004634491919667916,-0.0035892158420808284,0.0028546218002376555,-0.06195551983134673,-0.01710393305861324,0.02338727694573084,-0.015909112296759287,-0.00681025770778676
2025-10-17,-0.0015327994534570788,0.013345238275518145,-0.006733119806736632,0.008605141652393788,-0.0006221047435425175,0.0,-0.0006734661910274831,0.004696465078142031,-0.0013690483780660623,-0.004535491051450569,-0.0010638506577189677,-0.001640134913539093,0.002608453072959538,-0.0019568687523179307,0.01599589480594732,0.0025070904654278525,-0.01881705572696646,-0.011463376752735344,0.005676293099704743
2025-10-20,0.0038379685210032655,-0.000877965887731702,0.019514460594867833,0.007934461547124183,-0.001244983997535587,0.009855982968702826,0.009838346736666947,0.01115194623406568,0.012805243608227324,0.019299704838428244,0.010738415746425867,0.0013346263354787613,0.0019823125782487683,0.003030252304926817,0.024885765800551907,-0.0022065536697800647,0.03640197438905224,0.02518908155656674,0.010400512350939195
2025-10-21,0.004915280160286306,-0.004644811001595306,-0.004714643126888185,0.012231279173541498,0.0009349019361013511,-0.009759790638392718,-0.009475408685363007,-0.00012087135939153892,-0.005529688041661651,0.008939775871831923,0.009834042122099707,0.0018458615969487724,-0.001483867793335758,0.00017756603426954953,0.0014866120405769845,0.00648672858814936,-0.06426889260666147,0.009778334447700487,-1.4979984718554995e-05
2025-10-22,0.000652003783765398,0.0056753730509595535,-0.014778080415328687,-0.007818754384400828,0.003424649122074408,0.015163091164819287,0.0008081907347006201,-0.006074240216281446,-0.019403366687671952,-0.021504266407261885,-0.013042334457842197,0.00020484374938045669,-0.0009906155362351399,0.0009773942925519474,-0.0031337803211556325,0.03456863521892739,0.00010605594835544352,-0.02589141150468921,-0.005198959693403782
2025-10-23,-0.006843306403879312,-0.004890826878274801,0.012657333833656415,0.004509032359658827,0.0024821812203428273,0.014189624068150053,0.0057890070716482,0.0064155178164302384,0.018310654500729884,0.012260204067374936,0.011276558813283266,-0.0032748058186043982,0.0022310202274573587,-0.001242658247509243,-0.004301791493383722,0.037661103858823264,0.004002358382396931,0.037236812006676834,0.005929999418908372
2025-10-24,0.00043743706406851324,-0.0032767739947628938,0.012214896457768187,-0.0029785232795108696,0.0006190240749694986,0.0014727699514076598,0.0032125034636685257,0.008156684279353232,0.01838758757489667,0.01658459705807047,0.01054096158761575,0.0009241083993847266,0.0027207989086517337,0.0016885479166843798,0.01728150741512624,-0.0015008951968542572,-0.0033528327110016187,0.015431952401216975,0.008172552647061071
2025-10-27,0.003389133025035962,0.0016437732708887154,0.003487960932959,0.014390320317132277,-0.0009279616818326231,-0.0007353020449467618,0.007604911352961263,0.011147326459148621,0.02506114616974986,0.005882946651115217,0.009310329992391564,0.0,0.0024665162348433967,0.001685560324194757,-0.0008167715876532533,-0.0008198627814095527,-0.027839530498784404,0.00479929346536756,0.01179771954420028
2025-10-28,0.0026147867742833952,-0.009972218967886581,-0.005353576525969461,0.00024887133658202387,0.0015479171909491551,-0.011037573779316134,-0.00013234523846294977,0.0015411521374566473,0.00880699388531725,-0.0059959758853089795,-0.0030748157812082733,0.0009232552114890602,-0.0009840798887729152,8.859780753911473e-05,-0.004087004701600505,-0.02365978243914202,-0.007166030388359279,-0.0032240331976379766,0.0026559489971360595
2025-10-29,-0.010106370890790028,-0.023587774395713468,-0.008515490155798666,-0.008252497918932566,0.0015456467909902294,0.004464334088224886,-0.003046001810374288,-0.0007102064503294869,0.01514692938823825,-0.022150782336410657,-0.012851258536952792,-0.006456501049180385,-0.003078861779503561,-0.00566778399019463,-0.018220558965539535,0.00574315262102143,-0.0037872684129753864,0.001557358039158352,0.00048030640477669806
2025-10-30,-0.005818417470056847,-0.001044793994302573,-0.008061844105625715,-0.022579889616747617,-0.0018518528664879241,0.0029629949262308664,-0.006243383734951369,-0.010748867144075192,-0.01323885726814189,-0.008545292030625595,-0.010848791846766237,-0.001443938736021888,-0.001852882945147405,-0.005343782035102551,0.0008359614117809944,-0.0012535370955385483,0.01964188672951095,-0.012638634585791397,-0.010998035359931269
2025-10-31,-0.002981373876365545,-0.002875855489132606,0.005636099947258666,0.026438432562986502,0.0015461246492400882,0.0029541683553291342,-0.0024060786598776307,0.004011161589526857,-0.001952071978719605,0.012494884360278347,0.013512324615566396,0.0004132905079421434,0.0,-0.004029315148967982,0.002338828201856158,0.011853276878721175,-0.005430550723012573,0.0036342847733614736,0.003280290758613136
2025-11-03,-0.00250100744807058,-0.007865695171479281,-0.0032083376213830617,0.00937772806416004,0.0009261209089577171,0.01030931670711177,0.0028137572699653557,0.0011326991727127478,0.008484434002836716,-0.0009570465046819798,0.0016448123570871331,-0.00047647568667685825,-0.003110155227603162,-0.0026888494420320708,0.002333240663310754,0.0024807099122410303,0.0017929035935666526,-0.003460072283515525,0.0018766060304116206
2025-11-04,0.0022287407530874326,0.004096192737639948,-0.017275168280897257,-0.016599151963664682,-0.0033928983189130957,-0.008746377579200049,-0.01322812935997586,-0.01209051488003976,-0.03643811564247068,-0.03826760349919722,-0.031979225688220314,0.0012434624896302537,0.0001250143641504664,0.001357052919539914,-0.005320809076254873,-0.011135518042092118,-0.017517195825319742,-0.023093348617003184,-0.011853640515318009
2025-11-05,-0.010896235809775168,-0.0006580276171478383,0.014427895891802045,0.012176713794289862,0.004642497419054203,-0.0014706040898936346,0.00677061022078651,0.00428043636352804,0.019106453451520844,0.017038007863696025,-0.0022321525903380435,-0.004760781653842194,0.0009981899182818221,-0.0029815993686749254,0.012370382194818452,-0.012512185764778083,0.011564369498527016,-0.014216717119487132,0.0034654938502332033
2025-11-06,0.008992862137767732,-0.004477307046646506,-0.017696596883886584,-0.02310630067464403,-0.004004880695790858,0.0014727699514076598,-0.0039005132786197327,-0.011375759340528924,-0.023393597594595472,-0.021494835922398536,-0.021834470844102394,0.005095458385095286,0.0003739229734658345,0.005256056051567537,-0.006604997324285433,-0.002111805271811873,-0.0012005195756799036,-0.023309355505172547,-0.010729238396977703
2025-11-07,-0.002116765636478557,0.01468255877419855,0.005242301235824476,0.00157113696616773,0.001237099212525905,0.0022059061348405073,0.0018903106230447886,0.00218584017886303,-0.008459362597635245,0.006374079141373112,0.00155527541966749,0.0004141433121809257,0.000872094242500232,-0.0019832055146037364,0.01412892470130589,0.005361242911083419,0.006119021470095687,0.00583764344476867,0.000984432782274336
2025-11-10,-0.0002233412972564297,-0.003650020662229525,0.010016206806092942,0.013143452446333193,0.0027804453587341182,0.011005108746389602,0.012533710506349216,0.014632496496491232,0.030650348422925022,0.010259666995127814,0.021008396625569636,-0.0013447156303484364,0.0033611176546828325,0.0005418383353523737,0.0052451265760633525,0.005893883754625628,0.02734111859838051,0.011778221369014963,0.015604317681877422
2025-11-11,0.0045785019643385105,0.01308386561866648,0.0008605411138613572,0.0024690103820628195,0.001540287312074673,0.0058055059527446495,0.005324206439781154,0.0024483070913998706,-0.021572541872000195,-0.0036787912635605213,-0.006709637217016784,0.003106765619276697,0.0011168183435448231,0.003972283781843222,0.0019566595390749786,0.014508941282080912,0.003937814406542062,-0.004133442676574006,0.002289339069340812
2025-11-12,0.0017785440914686035,-0.0014205557823261383,-0.002456592944265701,-0.006720956734812322,-0.002460681695651612,-0.012265501693229042,0.003839472098492447,0.00035744069155208,0.012761691189833169,-0.0047844308131850255,-0.01062776061573334,0.00020654133833741817,-0.001983019181469148,-0.0009891061423833447,0.0013018287761170644,-0.04029153267315433,0.016110762091908537,-0.005040105474591994,0.0005563267009809358
2025-11-13,-0.008211437234043717,0.0,-0.02811528629470339,-0.02496430866921917,0.0,-0.0036522679644017675,-0.010947177743480974,-0.01771575734589248,-0.03012398366125879,-0.031457329608988394,-0.027401018091689378,-0.002890086639136258,-0.0040978299804140805,-0.004950427209877595,-0.012026656759657861,0.0008596870297561399,-0.008083098515826892,-0.03316017819611561,-0.016593945359895557
2025-11-14,-0.005705759555197143,-0.0007759693229540954,0.0029139074572051005,-0.004784514493425873,0.0037002794338045764,0.001466218789738738,-0.0007998924570474797,-0.00015156550324235685,0.0004640442087557872,-0.0024818273467457352,0.005615913084586754,-0.0016563697408281675,0.0002492419805844026,-0.0027137581239161657,0.002138447670094301,0.021904063174227995,-0.018047911171504505,0.004006430800225003,-0.0001638639805948694
2025-11-17,0.0024755703578063226,-0.006342443663025055,-0.019875375755649016,-0.009398353212679789,-0.0015360890019020523,-0.0014640721396580458,-0.012411600873399653,-0.010398314635549522,-0.013566132232519679,-0.02817895359979583,-0.018149701102350257,0.001140842750789517,-0.001620568389884336,0.0006348661559447688,-0.037590216481088956,-0.0011206809293667908,-0.011463979297139493,-0.016400516464726067,-0.009316344755070927
2025-11-18,-0.00033686136625210583,0.0042986121789825305,0.0030504475444406154,-0.018450467199199294,-0.001846154779859166,0.008797675897591395,-0.0087838981258197,-0.0067702355105849765,-0.02059936885815139,0.0006122028875528152,-0.01023784896521629,0.0016569822952878788,0.0002497844908249114,0.0004532599894555567,0.009039719637062849,0.016830251008139285,0.007264932736103624,-0.0034774989809339685,-0.008397553718616058
2025-11-19,-0.00202104865372843,-0.007652308294508026,-0.00017132332712677112,4.447334412338577e-05,-0.000616604194525916,-0.010174455754995204,-0.002590124576519859,0.0032694843148435293,0.018452390246680217,-0.0031147315173571943,-0.004980463232924781,-0.0007237712983764188,0.0004993441793037512,9.05965585809021e-05,0.010649093715642488,-0.022344865470096953,0.0016294519610446923,0.002997435273074389,0.0038632365293529425
2025-11-20,0.003938057534558004,0.007188596355970578,-0.01850661810947607,-0.014921342555602957,-0.004009761267528944,-0.009544817091798885,-0.013258659342907153,-0.015924833699389795,-0.04224609289746606,-0.021369201151335004,-0.0297429574622442,0.0023799796234789117,-0.000623893698673661,0.0013589689508244351,-0.0033450295163304222,-0.010299037187164406,-0.0002933255655774847,-0.024265128370567712,-0.015242276237766972
2025-11-21,0.0030256634004737215,0.010900631628331103,0.028327019169081424,0.01962374120081356,-0.00030982590374240004,-0.005189011489529105,0.010112168417747647,0.011558900559783147,0.003168317540239718,0.017331862318741065,0.001190423829491749,0.003303424553646739,0.0033709691008341203,0.003528581510232831,0.033898326190963335,-0.01211687035826392,-0.0015473311468576778,0.00608003740615537,0.00996119766575232
2025-11-24,0.005698462679159189,-0.011553281048700681,0.018251176791972412,0.0133481948302403,-0.0027880752406355125,0.003725822571117199,0.004251347376264203,0.014947624974071871,0.03983065062595981,0.013337843814444028,0.012980644833473054,0.001543394486521299,0.0027371588536422298,0.003966625045913608,0.0008115379112514365,0.016161544990856758,0.01584423909859023,0.016130520926271652,0.014718553120582678
2025-11-25,0.0025552091984011316,0.013766102692577054,0.02180088404259184,0.021399425192561772,0.0,-0.004454390815499809,0.009285816583693318,0.010710786505203629,0.0026245250191057057,0.020738855481164054,0.009390624557969351,0.002568144209306178,0.0034746899004853837,0.0027838817405669847,0.028381428203784642,-0.01661457255563059,-0.00031569077041548876,0.01797603860090713,0.009405944613086525
2025-11-26,0.004432607690778134,0.010889124161381547,0.008852396589781764,0.006855208406798763,0.0027958703374995064,0.013422815817010658,0.009470945650154938,0.006864104812177363,0.022646307408519917,-0.00368428188538672,-0.0021320312346901904,0.0008197430373333425,0.0009889061734384974,0.0034028043862881496,-0.00378489134151061,0.011407955458878627,0.007998338908444147,0.007248035836335598,0.006903542517632921
2025-11-28,-0.004744059829608904,0.00582945889830655,0.00586329657743434,0.006212810629075305,-0.0015488763741481337,0.011773343992147911,0.004422968047273823,0.0055913995960577,0.013143203569370376,0.01359508406274279,0.01087687122692138,-0.0017403153195686416,0.0004941626235628327,-0.0016955969042476982,-0.0028494379210429743,0.014705864732056817,0.012424331348639184,0.004317461248532384,0.005458373086222323
2025-12-01,-0.012448855418787486,-0.001007968939623738,-0.012582942607244685,0.0005920455877705955,0.0040335827326012375,0.0007273526381392781,-0.003869700180743396,-0.004906204191047592,0.0019302721029321734,-0.008691427235862026,-0.0001920718882557626,-0.005369829514926261,-0.0017986314567034478,-0.005356865507784692,0.010954078940597078,-0.00014073640457878955,0.004821066034977672,-0.026184389611091263,-0.0045654326011898005
2025-12-02,0.00045061625574804864,-0.006558211055820884,-0.0018319990421117316,-0.0006762881953931155,0.0003088509288660113,-0.004360511894317853,0.001607385312203391,0.0011951295749008661,0.01833066100996228,0.005141510668805971,0.011050288067859348,0.0008273677213443964,0.0018640332397119597,0.0006315216764594123,-0.005496166482909182,-0.012102457640002506,-0.006440050713598433,0.007134530632095792,0.0018521605335179991
2025-12-03,0.0028150164075952944,0.0007617848514578363,0.01819140984463652,0.010785055790705655,-0.0006178158117949861,0.004379609232468384,0.004012276120383351,0.004476892709614377,0.013744001073819234,0.019760920443802954,0.013875670643393345,0.0020667499820514745,0.0008684352293377717,0.0022537669025395335,0.02084316710067835,0.006552802476705866,-0.0009296182229129313,0.00907650982258823,0.0034628390228845785
2025-12-04,-0.005389343957134196,-0.0048206002451766095,0.00877302664016244,-0.0035567027364332704,0.003400361967918819,0.002906935931132004,0.0021314681284314574,0.0015747583776255514,-0.0076021790123871336,0.011457828691792793,0.011904744873799444,-0.0030938120517081114,0.0007434023167971482,-0.0017990017263735947,0.0034030540978795543,0.010331102316804897,0.0006461951944911615,0.025185307984660232,0.000731151162097321
2025-12-05,-0.00462883371802969,0.0001275986101443305,-0.004169663389705369,0.005542958005292142,0.0009242453060065436,0.006521737569788577,0.00199376713686239,0.0013942778113418264,0.007798746951656721,0.0007308383348960668,0.013987984366528483,-0.0020688067886325268,0.0,-0.0009912875760569317,-0.0023123840060186307,0.007423991929235374,-0.0017823532991587676,-0.012112038118812563,0.0018994238357272764
2025-12-08,-0.003289042788625518,-0.008284559151094939,0.00039872964624065865,-0.014532768869297885,0.00030779728846974663,-0.012239010043568643,-0.0021225986305433153,-0.002932712208789545,0.011332988471199457,0.0063641170585544415,-0.0005481561791276235,-0.002073258557313773,-0.002476726780649363,-0.0020747618342451535,0.003399252562715338,-0.01988320830899648,-0.002639449868615862,0.010094370307508038,-0.0030042012931831286
2025-12-09,0.0010243566554211103,0.002313248409452795,0.0020727889554805756,-8.461960456307427e-05,0.0,-0.002915411054184469,-0.0013294590307695309,-0.001010159369491781,0.0012210128841778634,0.009796803895847583,0.005027346462955773,-0.0014541899946209913,-0.0011173883735750012,-0.0012653409829369577,-0.002001910074923563,-0.008937399241173427,0.005137202012788666,-0.00857814689659464,-0.0008630954932499213
2025-12-10,0.0038645754548845,0.002949263679128844,0.01360436980115498,0.014663445286025034,-0.000307702578450475,0.007309875030090174,0.010782776522236803,0.0074353691131305855,0.01382118711104341,0.0027205933265179727,0.0011824135811620007,0.00322467559075168,0.003355815828623321,0.0046158121973989275,0.034562702821499425,0.009733757504076346,0.004259147967166088,0.011248151371512805,0.006632084722901999
2025-12-11,-0.0013588010797462857,0.0074150637874668135,0.011734185471885317,0.003926210402160457,-0.00030779728846985766,-0.000725625336912894,0.0026340552607353462,0.003365438938601528,-0.00858059304361436,0.002354902848833218,-0.002725274841063219,0.00010365851819993388,-0.00012392135796468473,-0.0014414766049906103,0.005219981176473931,-0.01828750919740052,0.010769830543307712,0.023657722465332265,0.002327071699470329
2025-12-12,-0.00963823540890929,0.007867916333668123,-0.01532192160692103,0.004326819593025943,0.0033866911684776735,-0.010167066819029347,-0.006830510504582943,-0.011416082250573112,-0.04521557905597107,-0.016445358378528452,-0.01648753088596877,-0.0026954940026481244,-0.001858161247597967,-0.006044723124995044,-0.004747966303798257,-0.006353825868682272,0.005594579039939429,-0.010824134687226872,-0.010752008599530072
2025-12-15,0.000687217075450608,0.002769922612128717,-0.007563548679278331,0.008533574346293094,-0.0012273508407707467,-0.004402101646652334,0.0034388471410138344,-0.001964460932132317,-0.0034451637777591637,-0.029753846053890087,-0.023895500456527885,0.0008315866989594412,0.0004961746724960747,0.001179983013407604,0.002683581247675537,-0.013370123551623592,0.0009103412637567754,-0.009928684518073827,-0.0015108498675291404
2025-12-16,0.00549179324662985,-0.004520187740747694,-0.004731399238578238,0.0016428596614037616,-0.002457718163996425,-0.009579986289378839,-0.0054041139598952626,-0.002892661066849378,-0.0027203432490249257,0.009044619359985129,0.008729434731757912,0.0028047017041037403,0.0006206282745415681,0.00226657873959879,-0.0038657159872272917,-0.025335119106885462,0.00022745542760316262,-0.006358170226565374,-0.002732363256316539
2025-12-17,-0.0009103595848494184,0.004666975352860758,-0.010644188239410712,-0.01156392413995111,-0.0006159737296316248,0.011904817189263728,-0.006626049905925968,-0.010916381347853221,-0.036085721713999375,-0.005091712576976826,-0.015144435132316003,-0.0002073464803646896,-0.0012398932283393949,-0.0010855260148917578,0.004328282116416338,0.02735386486436009,0.008588228474273762,-0.016834902130676177,-0.01100356428531768
2025-12-18,0.0047837877035508125,-0.005775200786691692,0.0059455908350116715,0.015101146606478322,0.0006163533871261784,-0.005882343514117316,0.008137651585139016,0.007680529113901935,0.02361164778003144,0.008476363804083231,0.014135685114387675,0.002590292185479681,0.002730933573855898,0.0038033267358352774,0.0028236740079095046,-0.011621077912859046,-0.0018032036998043566,0.018389949557778396,0.007551268712199022
2025-12-19,-0.0037325496747855347,-0.005177508203536796,0.00836313069766681,-0.004005217307654241,-0.0006159737296316248,0.007396456099575621,0.006239413948307071,0.008912202275926484,0.025860342303254624,0.008193704428614224,0.014880396268211804,-0.002249726550330511,-0.00048510758238362595,-0.0025721269950821357,-0.0035566665910404804,0.012501805437842517,0.0011289903434381632,0.03491457149649002,0.009063486264369258
2025-12-22,-0.0021701710124578666,-0.0034931186875282183,0.011124882059919461,0.006011090298100763,-0.001540883467815668,0.012127251619886037,0.005624746413977144,0.0069526149191030395,0.01288282212469194,0.015572573414920576,0.011043027415098328,-0.00103904235214769,0.0008711867793034234,-0.00018163501380019653,0.004908656358275421,0.024989043188900828,0.02308160549906857,0.03580975369162309,0.006229818660208997
2025-12-23,0.0016025654008804402,-0.004750902626566189,-0.005915316144574745,-0.0013895342543975842,0.002160566035427136,0.009796469953438747,0.006126023332377439,0.0033176479726608754,0.009619102968188686,-0.01311378239922456,-0.00807704815166288,-0.0004162936808916884,0.0007457430746293792,0.0009989596611970075,-0.007148243278407573,0.008174382150915926,0.013252341857567629,0.0013209842506876068,0.0045704344876844605
2025-12-24,0.006057141337012517,0.007869988429231922,0.0024992993174051126,0.003437762325822158,-0.001183592914018039,0.001492571517391239,0.0007941901940551332,0.0034245330578708266,0.002781170160370161,0.0022495838257947653,0.0014805508937252299,0.002601594443584432,0.0018637575751836444,0.0039013217758709917,0.0009000217844858938,-0.0014225618659219341,-0.004134082564786756,0.001639157630065613,0.003517736660175297
2025-12-26,-0.0032943660516105977,0.0014081503895855274,-0.005104738538152853,-0.004404765781359177,-0.000311696867406952,0.002235449538050771,0.0031740365316093033,-0.0006177841977105247,0.004640612520293352,-0.002296703399106703,-0.0012012044618220363,0.0009339486049391166,-0.0004960643233354878,-9.03195955331837e-05,-0.0031471273302311475,-0.024501334274654285,0.011676735474757116,-0.01644450856414703,-0.00010139418790333643
2025-12-29,0.003761096350085591,0.0006389695056077116,-0.006125123632556906,-0.009832059009839966,-0.0006238922945924763,-0.008178413251833105,-0.00316399389938693,-0.003768439078064456,-0.004509905325937313,-0.0034529855823841604,-0.0065680156050019756,0.00145188657934181,0.0003721836372587717,0.0013556986748632927,-0.008719207287081199,0.01650112730760478,-0.0435283019531133,-0.006371157098296498,-0.0035636809822511273
2025-12-30,-0.002384424308948696,-0.0016605777491323082,-0.007403635346890258,-0.004054646540194606,0.0018725409583331132,0.005996995711468278,0.0019837474204473793,-0.0015957387299815329,-0.0024710851365958852,-0.006719859344850976,-0.0037247437200240707,-0.001035465630627841,0.0009922517506950612,-0.00117338129138711,-0.007582429341611796,0.0018675082930346143,0.0007275678386380324,-0.00657547880738929,-0.0012212056239845337
2025-12-31,-0.007967227097970042,-0.006014233317346074,-0.007539376466326186,-0.00789298266393601,0.0034268589105470593,-0.012667665821719742,-0.004223703829646985,-0.007636604575658512,-0.00875283558710327,-0.01088793653182396,-0.012150621749285606,-0.0033167459497968066,-0.000991268163124781,-0.0042471973233683125,-0.009627318546150954,-0.00831652164362151,-0.006467991163222386,-0.008222377060022046,-0.0074088956888227475
2026-01-02,-0.0014915690978497542,0.00012883890121950792,0.01064346112097736,-0.008876983592257637,0.0021731817814361065,0.002264130790278651,0.014581043451560527,0.0031020171649234207,0.03657007950348867,-0.018061370598676296,-0.029047169241212645,-0.000831844008596927,0.0004960273985958885,-0.00027216133089535965,0.006634812015256619,-0.002891911033057082,0.004970859258759619,0.03797051520281558,0.0018330346379591411
2026-01-05,0.004940861642320327,-0.004376455006383062,0.0158774864167317,0.016476600116887452,-0.0012390389973415683,0.01882530158335083,0.010582639619108436,0.007522763959335599,0.011492120774729608,0.019645193286165874,0.009842068255353498,0.003018281315494198,0.002603221861079197,0.0028140042016120415,0.020232940522196374,0.018271492937333544,0.026313174195160993,0.03965646898445807,0.006660178462529753
2026-01-06,-0.0020582138882637713,0.0015514563854464036,0.013255235403427656,0.006400608224016668,0.0006202880597663274,0.0007391152312787863,0.0034907391877703198,0.006994521978170187,0.026563200499415185,0.013929661516611347,0.012448119336295749,-0.0007264704299628777,0.00024729618582686186,0.0,0.010066231189887143,-0.0243520229955293,0.010813149047262716,0.022279462905197223,0.0059471682236194034
2026-01-07,0.005843288084355747,-0.010971857162287657,-0.0023430389750018765,-0.0014041101036894599,-0.002479795546102226,-0.00960119016301142,-0.005024518103711517,-0.0033997230536836343,-0.006707616057653465,0.0073692451140028314,0.01258104297059326,0.0018691924816780503,-0.00024723504554313713,0.0007240902143035299,-0.007139737182020656,-0.01050943217417244,-0.009559953917111952,-0.013226696510649005,-0.0032234143669693793
2026-01-08,-0.005011849969302373,0.02375348767486085,0.0109206557660948,0.016707983307065577,0.001243071026092668,0.011185725123892265,0.0006474449360820422,0.0002647486734055349,-0.01568744013217782,-0.007472086414910262,-0.016942744176521973,-0.0030056868361423295,0.0007418885574808076,-0.0028041485795856635,0.019925137693544537,0.04056645468152098,0.005522515913727544,0.023190513532317603,-0.00010151182144413351
2026-01-09,0.0066400241056030485,0.010326310663518523,0.007589132814820765,0.012121726513674824,0.000310245724299385,0.0,0.007116987893970084,0.006644292502338445,0.027019868957532944,0.0017899254717190782,0.005361889159567479,0.001143418474303548,0.000741142367709946,0.0036285045759973933,-0.008813244392481323,0.003402294593913169,0.007242001159325273,0.029549701613613033,0.006613390447410161
2026-01-12,-0.0029570148030501064,0.011735028352644061,0.004880066863752086,0.0008840597068269229,0.0,0.014749248014462202,0.009250898605680069,0.0018399818923273692,0.003699713367478541,0.002207228138911166,0.003333362403143081,-0.001245992742704427,0.0004939577178466603,-0.0011749720428488875,-0.011855362711359008,0.0122916468152936,0.018722729613168898,0.015398980204813784,0.0015704331745678424
2026-01-13,0.001710995119246217,0.011598914759086254,-0.0005734867926496801,-0.002489419704238771,0.0015512921614964092,0.007267400154944426,-0.005347008096095673,-0.0020115683800006057,0.0022269879410024007,-0.016726979860015367,-0.01898434771876001,0.0012475471774335833,0.0,0.002171626806036553,-0.006598626840213284,0.025540848458931453,-0.0014210408732292512,0.001886748123367532,-0.001999516689819014
2026-01-14,0.005807357347058284,0.013808520733681773,0.007040383305708442,-0.015779734159743097,-0.003097778763079484,0.0014430345064284644,0.00435183226008129,-0.0039141870941152845,-0.00812196430847123,-0.00842577749069906,-0.022060947365249994,0.002076871496636823,0.0,0.0025282285219589973,0.011171545032998331,-0.011839993288458861,0.010222226854541994,0.015207999355549173,-0.004915222889580462
2026-01-15,-0.00022657644680412758,0.001702519858003182,0.00881486323998093,0.0036809824426469184,0.0015537024078629003,-0.007925047245698535,0.0016565993210821972,0.003079136534802629,0.02075446744410603,-0.015273724322906634,-0.012763492599904391,-0.0020725670412240493,0.0,-0.0012609263510148239,0.018811473495694564,-0.02038291343469012,-0.006127660830587689,0.013230104688022326,0.0027232882038870088
2026-01-16,-0.005775046133671968,-0.0031565295979760766,0.0009416070548899924,-0.0032599913997041208,0.0018616837311427048,-0.0029049320404918033,0.0005089475521968811,-0.0005847103901902573,0.010040137608940292,-0.012943802823450867,-0.014732433194717176,-0.0038421837973111606,0.0006169708426653209,-0.0028856749980857854,-0.005715092389500409,0.007310618480811826,-0.004818883830700504,0.011226696846572182,-0.0008379420888714462
2026-01-20,-0.01309796835006205,0.003044637061419442,-0.011965669280924573,-0.026001649858207854,0.0015484699172192418,0.014566698441919712,-0.01157171405696844,-0.01971630447074446,-0.024975647828731407,-0.026780260345865337,-0.02420906738598705,-0.003961202298555677,-0.0025897385331512535,-0.006059491938410377,-0.013117152152581024,0.002930901325896018,0.03783617488689295,-0.029650853497409035,-0.020356835813531315
2026-01-21,0.007616817658950392,0.0009713869513501283,0.019841577225836904,0.019140311630621465,0.002473661073271627,0.010768098725348896,0.011192542299680364,0.011846932409037558,0.029560126013304933,0.0063675883852065684,-0.005524850891469368,0.002616569332036578,0.0029672597128300726,0.006005425655156049,0.04659496130321683,0.02059554293026089,0.014568979615140476,0.004470895455844559,0.011541172420654888
2026-01-22,0.004352363564079864,-0.0020620997554080533,0.007468490905671921,0.010049558522480462,-0.003392853511631988,0.0007102435323880218,0.0061068817238156825,0.0052789860193147575,0.002214352411255449,0.01926446962280237,0.01614255404667686,-0.00010442233921736932,0.0007396936941821419,0.0018993231334780702,-0.0021403482731998658,-0.020725343863715384,0.01846258414950319,0.0003856044572063677,0.005223214802554832
2026-01-23,0.002737057558649836,0.0077793129314902565,-0.01845879089310898,0.004159083178595813,0.00030938152851622824,0.01774308000657343,0.005690396038968926,-0.0009093571961568125,-0.006777247745122117,-0.002438767574946099,0.007943016457045982,0.0016701958887976875,-0.0004926668249877197,0.0006319075145986286,-0.033176014111775065,0.029657438909338696,0.013745304981574558,-0.007917632982259226,0.00036274314526618667
2026-01-26,0.00477653047471871,-0.0015680323248391526,-0.003134301585854038,-0.006578452281515879,-0.0006188130762070365,0.005578795178158957,0.004149500294404973,0.004316396568030845,-0.0031742583551109815,0.007389720316851811,0.011257790532872347,0.001459219338473039,0.0004929096652275256,0.0008121930048883286,0.004732957541043525,-0.0063555593063451266,0.014628847613605389,-0.011194277044411338,0.005078258243367717
2026-01-27,-0.006225391536913927,0.004590583493626843,0.002841077062673225,0.003024915163926556,0.003405579336164033,0.01386961221962335,0.015527096125737216,0.003625272158627846,0.021137336444929433,-0.016546246982494628,-0.010626393372789256,-0.0011447715319891083,-0.00012314225385345878,-0.001081808716072552,0.004857845372854053,0.029667939651367492,0.024531942321975864,0.01824917913938684,0.003984113626622321
2026-01-28,-0.0022777400906079937,-0.010101067718953138,-0.005401787465550423,-0.0074986228143043565,0.0021598313731920893,0.013679877621797232,-0.004438948840690515,-0.0005534020913613436,0.023032547287446192,-0.0044865855123739085,-0.007160455030080337,-0.0008334856193940032,-0.001601535564664025,-0.0014439500530908367,-0.007031776844513726,0.012688329870560455,0.038773348494905324,-0.012450664192236505,-0.00010064922286501243
2026-01-29,0.00022828502646832227,-0.0023081648521301457,0.0002659376156328719,-0.00476301072763341,-0.004310293059333392,0.01349532841146428,0.002600844972391325,-0.002302663067023092,0.0021361498702181514,-0.038927320247616914,-0.049350904200908485,0.001042726121469606,-0.00012345295565485692,0.00027117213997485123,0.018441934858783204,0.03288953997301736,0.0027094717415592218,-0.012998608326709515,-0.0019843514508082194
2026-01-30,-0.005592469516140786,0.016802687884682754,-0.014124660900111774,-0.00016507801773357755,-0.0015460758652521278,-0.03328894705469565,-0.015935526839843894,-0.005024911446748659,-0.03367502857002935,-0.0199882974215152,-0.02124201087254063,-0.000624820783251212,0.0011106258397184376,-0.0009938860967713126,-0.003186994283516653,0.004801582718582553,-0.10274245274560045,-0.017811532788550632,-0.002982445396060962
2026-02-02,-0.002857087673132419,0.011854909885774534,0.009743953353034573,0.006602310244718801,0.0009290215458097606,-0.037878799820614706,0.00564896366683354,0.005608168377901457,0.01117833208036223,-0.007057885742802528,-0.0087476920999624,-0.0019661866520258586,0.0006070636881458924,-0.0009259830590150342,0.017875281294856604,-0.052691083864338406,-0.04004945911975222,-0.009818298678703763,0.0049712108373694
2026-02-03,0.002426377320092543,0.016212975331381996,0.0022883488274716424,-0.008034766191683751,0.0027846588429318864,0.02576948101618126,0.002496483653558146,-0.007679314542383464,-0.025222463696185304,-0.0569242651703904,-0.04613487006840211,0.0009429781304506335,-0.0006190210252917661,0.0004543381600885521,0.017133008460661348,0.028408327859169358,0.06358720612372104,0.030264934044297753,-0.008455418456572827
2026-02-04,-0.0025357190745072256,0.013042896708499008,-0.008600270743201577,-0.007355957854427997,-0.0018512840341646797,0.002093491495527733,-0.0007471183024079231,-0.004707873305200061,-0.039378404623127694,-0.00587632973487362,-0.018152051716957995,-0.00020916256263125987,-0.0012388088993384727,-0.0012714694418692885,0.015581201875693562,0.0052923199464889326,-0.0007044119795716064,-0.04869637998112075,-0.00484383887388995
2026-02-05,0.010861978972890318,-0.0008046353288277963,-0.018002410133599933,-0.021565357615707326,-0.0034002553869382224,-0.016713076382739778,-0.011962543177934215,-0.012860367035304687,-0.002486732937472369,-0.04748136352241561,-0.049737617566043446,0.005863090936322202,-0.0011162717034727265,0.004819512291107442,-0.0006910647611690912,-0.015279851746007767,-0.026631707613677613,-0.020838112783135188,-0.012489280981794804
2026-02-06,0.0006857783732294731,0.011734984231173584,0.03592219204299685,0.00408463779250301,0.0015508713949197173,0.009915038559308753,0.022196973140907517,0.021144037725006726,0.05400578942639256,0.049376103367411384,0.03501952196378966,0.0,0.003476966105222079,0.0005429922427246936,0.01839550721664107,0.003911793099661054,0.03073229479090611,0.04954114996514414,0.0191847683064843
2026-02-09,-0.00022846596425385446,-0.0057994800417381365,0.0070184774266548455,-0.00372897623977253,0.0009290215458097606,0.00981762885002535,0.013571794865959497,0.004927341037644695,0.012448649510719667,0.011120367976416023,0.03153040980010413,0.0002081494280441465,0.0013611133028805789,0.0,-0.00285209926018104,0.013378345341941822,0.02540290594406658,0.01539153254707104,0.00482176499257525
2026-02-10,0.011540391504530456,-0.00320252145865485,-0.00269784286544672,0.0066353755253694136,-0.004022345343802747,-0.004166629689710155,0.0024345832632060027,-0.002451590695381478,-0.004647692510086454,0.00788296382910425,0.004114778520366347,0.004371040925476466,-0.000988714825000625,0.0023516894360193774,-0.010623857015273797,0.00012819964958765695,-0.009913720520981939,-0.016532938652388585,-0.002637135289800363
2026-02-11,-0.005308954405164101,0.0143430763423964,-0.00454612355293027,-0.00481694343374206,0.0031066822267382666,0.010460224332926815,0.007771689484080024,-0.0009654147222097897,0.024755382873604237,-0.03570069788703201,-0.025523907818633895,-0.0027978125912974106,-0.00012344288963095362,-0.001082777854026995,-0.011426134336878557,0.01102141001929291,0.011310577541873812,-0.01831884089245428,-0.0002310739544192364
2026-02-12,0.013286378657388243,0.009162936597936211,-0.02041901652750433,-0.01384181778024518,-0.0037164486103697936,-0.022774322216610354,-0.010362756199210787,-0.015989759112542967,-0.020902679621125242,-0.027799580483123143,-0.0272738491463983,0.0061305761940027015,-0.0004950055174933743,0.0046972885630542915,-0.015457523564089026,-0.03181648061414255,-0.03472828959819363,0.003035123048422239,-0.015448819557001725
2026-02-13,0.005491357441997469,0.0033628212900811416,0.01317710672591077,0.00043061086653195524,-0.0006215772176306755,0.0007062308608474233,0.0032875768858977583,0.0019046519840011378,0.0039644823501368,0.019242417522669975,0.022356639270094902,0.003924362837366191,0.0007424848106991622,0.0033267401943006814,0.008203811221980217,-0.0020947373457477214,0.024878663914389865,0.011356802033394509,0.0007044426839897255
2026-02-17,0.0016719914152072413,-0.014635254979956103,0.00030425490672381095,-0.0012049800113798081,-0.004354656726570205,-0.009880052404302453,-0.0020630658880883557,0.0012476974236379501,-0.0005150383950981441,-0.017558938317085215,-0.02186774987450213,-0.00010273372927449564,-0.00049449232300669,0.0009857971024267442,0.003507301178244493,-0.006428730725819509,-0.0311702543391007,0.010305953006930935,0.00161351967622414
2026-02-18,-0.0037833991561511127,-0.0018141366883576149,0.0036115192501253723,0.008445300806284806,0.0012495510006858002,0.027084826918984062,0.0034050816207373824,0.005221252634938223,0.012367740439658048,0.01337099690036303,0.012845818881013438,-0.0020576973021632083,0.0012374290612209293,-0.0009848262635497873,-0.002097069214461844,0.048461613710060636,0.022489929267582198,0.017586213522126748,0.005037695790158558
2026-02-19,0.0010052888571399077,-0.004202550590215459,0.0023108339998343386,-0.006665559730874238,0.0006240870710703117,0.008327542458692827,-0.001575672275815343,-0.0018887094832891194,-0.0056962202289939645,-0.0017902417408089955,-0.0026828864508092742,0.00092781269485398,0.0003706917942840615,0.0008065676527588828,-0.005463685754712566,0.022544091701861335,0.0027930496262249527,0.022060882705366103,-0.002637350384703585
2026-02-20,-0.00234308518891313,0.0025094290971190425,3.773807938256546e-05,0.010409547793784446,0.0015590925260442479,0.007570585848116096,0.012017555292238802,0.006150376286098824,0.011774710942299649,-0.007572230930188106,-0.012227981575915536,0.0,0.000741304099751483,-0.0008059176256711709,0.012818637099243357,-0.004187756584076108,0.019714504323102178,-0.008612786678912854,0.007231834053074815
2026-02-23,0.0036907135922841228,0.012287994252431211,-0.01557014396592038,-0.020945149495133597,-0.005603995945564821,0.0047813998075585395,-0.005277741236267897,-0.011197010102428129,-0.005180333717581975,-0.05066600052656656,-0.04753641385787333,0.003604869501214969,-0.0016048065379966614,0.001075446956513959,-0.04394991853648755,0.0006184669474522675,0.027015500392687075,-0.011063361836634589,-0.01021138412746736
2026-02-24,0.0017830076620006796,0.008654624474622175,0.010902641013958103,0.015218727101042662,-0.000939201883582208,-0.0006798252111422931,0.0059086879407976856,0.00817338764084763,0.015210227439033552,0.026931806421643945,0.019105723713376932,-0.00020522286995328098,-0.0007419456542883118,-0.00026859044897420414,-0.0010183678876014568,-0.0017305239432369168,-0.01385890426498504,0.01441418977671649,0.007268496179203332
2026-02-25,0.00011119062150677372,-0.008134613406557634,0.004746777842909555,0.0029981310343454304,0.002193612728821792,0.0006802876878633235,0.009350165867601401,0.00772376324560109,0.01670006665436241,0.028353628451114554,0.031118408778845197,-0.0008212202807585944,0.0013611133028805789,-0.0002685924073012602,0.01747493423259905,-0.012753823081374072,-0.0025072627221415233,-0.008377233856129207,0.00843831937730477
2026-02-26,0.004003898558028407,-0.0016851014682172094,0.005329252512298099,-0.00034158560892616485,0.00031275703499011875,0.0006798252111421821,-0.00285022482054198,-0.003920026983500691,-0.03320347703888116,0.02677087886615337,0.021645022870768527,0.0026710391985309556,-0.0008651987027780139,0.0006269308071467083,0.0074424639178429786,0.0005016089859393169,0.008575889154321725,0.011299511327446998,-0.005554483250070685
2026-02-27,0.006092935556720969,0.012941734801902305,-0.01721866957229168,-0.0016231844440309784,-0.0062519655523648465,0.013586943317733136,-0.001786642581135589,-0.005051566055081502,-0.013689023360490382,-0.021131338982524506,-0.012469655689949066,0.003996045635674683,-0.0016077841300604634,-0.000358041771165718,-0.051427859971199474,0.027328574613463497,0.01313141674919538,-0.0027138903693830763,-0.004801907270092998
2026-03-02,-0.010042071119807372,-0.014442938969697172,0.009180945597552448,-0.012322531736042364,0.00471841254598071,0.02949058834673912,-0.016823747673404665,0.0010331957283553628,4.926429483109729e-05,0.010826898644851202,0.014711205038870245,-0.006007782267356765,-0.0005727141964309013,-0.003387451497518512,0.014827072707599864,0.06394149711162944,0.012919896640826822,0.024492776363086444,0.0005685000404405116
2026-03-03,-0.002008834165184936,-0.010934536108636927,-0.017322989076291262,-0.009183789594064073,0.0018785869664914578,0.0039062774061076055,-0.03446604377665574,-0.009996461244913935,-0.03772242559430383,0.00847686034306916,0.016310347895392097,-0.0011327415126356488,-0.001992769343143186,-0.00045067830324896363,-0.0067885585900675505,0.0345222436352004,-0.04461221500318879,-0.019077544158297877,-0.008814271890095537
2026-03-04,-0.003130764759946336,-0.006610368983805515,0.009720726591098128,0.01775094543896194,-0.0025000047237752065,0.009079140248383188,0.009803903574388428,0.0073272864388223,0.020559526914325277,0.01713693139957906,0.018188341311591083,-0.00206155185328194,0.0034947758439665133,0.0009019039560376196,0.00297156545316124,0.015077612598279222,0.007818116439543887,0.009988090713453524,0.007055426061514547
2026-03-05,-0.004038135936125564,-0.02007798509247083,-0.019101521358446227,0.0013746918452979262,0.002819493108398019,0.01542414939883896,-0.02016418412177645,-0.006475646634084398,-0.009396141174268346,0.011018585223901534,0.023000543557040398,-0.0030987561547275444,-0.003980273583788385,-0.003964928272136015,-0.013333173865783254,0.05187855096828975,-0.012017768242597593,-0.029284825602018283,-0.0055756895160732345
2026-03-06,-0.0037168307350164964,0.004331957663556318,-0.022861745085945073,-0.01810380384530208,-0.0003123420504956842,0.03670879512848679,-0.009400540995344708,-0.013660626035690515,-0.03740991100693036,-0.00931441612268602,0.003994556527324944,-0.0006219842135405385,-0.004870113612420179,-0.003347479151330046,-0.025375469249145466,0.12937389056512183,0.01583250339069653,0.0018654340334520736,-0.013107174917892817
2026-03-09,0.008704695115891115,0.002215063501538994,0.010881216453710651,0.0013107084795573876,-0.002187504133303375,-0.011599428354310826,0.012439096121193094,0.008659947311827842,0.036288621103607976,-0.0012152378253215135,-0.0029556108419991345,0.0031105650316274325,0.006023259521896307,0.005991086955766223,-0.0024649151854633233,-0.04082003262886691,-0.0020696732193965506,0.010204572809116685,0.008760032915877458
2026-03-10,-0.010646616272922182,-0.0029080251235859,-0.0010251831625249785,-0.0013089927716318783,0.0009394959707962336,0.015441630126823869,0.002153316316423348,-0.0023034325075952378,0.007505620335539476,-0.021004090051086055,-0.023486428337148313,-0.0032040849024559392,-0.0016215488881199391,-0.006857930085352182,-0.0004632948940634929,0.014664993313950658,0.01127967872100144,-0.014850802686237174,-0.0016070157300721588
2026-03-11,-0.012913582996350703,-0.01318256537169149,-0.0020128762963609326,-0.002621484040770894,0.006257895526996959,0.019464700999327622,-0.0010112051437994873,-0.0008096361934418761,0.009312189696405682,0.0005886730443238619,0.0010506750005545573,-0.0045625104294314545,-0.0022487472850885037,-0.00817723023275796,-0.011433857372885714,0.020687723680138603,-0.003390104145245987,-0.001799045536320265,-0.0012551628541557225
2026-03-12,-0.0019509948514666586,-0.0040192844017180596,-0.02151469431269215,-0.02295427143945372,0.0003108245608534066,0.0268495733559333,-0.01986331120140461,-0.015964502679330583,-0.03216715441675411,-0.019154134217093555,-0.008747325339626855,-0.003229035840635275,-0.0063861388965519295,-0.0054050773155457366,-0.00812761677162821,0.09569640023922621,-0.019653925633074443,-0.031825590154041294,-0.015184929448649576
2026-03-13,-0.004944119979681583,0.005815995922498596,-0.0033144344523846625,-0.005918217996358277,-0.0006215772176306755,-0.0046484560117282525,-0.009422955928983012,-0.005458644085836961,-0.002061212223951725,-0.003465669401092497,-0.00941287719453554,-0.0010451982756425338,-0.0018905813180839504,-0.0036842576445736963,-0.005515246099570104,0.012669989084662214,-0.012936961278600778,-0.012694499186845065,-0.005660153274538393
2026-03-16,0.007742149109293273,0.002832222196425427,0.00944894634071769,0.012087294487740596,-0.0018663161214210744,-0.01342671065408474,0.019937355877205576,0.010210595478236328,0.017013985707092116,0.005551108930830662,0.009027196245985802,0.0044985011376368345,0.003156738760657918,0.0048073544179880745,0.005545832731913558,-0.0405371643597755,-0.0008896876689686861,0.021190713076705725,0.010176873245252516
2026-03-17,0.002751976690655411,-0.003294942514430854,0.006326488267638375,0.008734475383083584,0.002492932537774939,0.015976358808175606,0.004343950034018995,0.0033692555547406577,0.0075141941363208176,0.007316200865128186,0.006827589793791722,0.0017704710563861692,0.004530991646389371,0.005612334094938554,-0.00015755050071519783,0.033121773441933344,-0.002519392047785618,0.01081868900688665,0.0026305491982852036
2026-03-18,-0.0056033108086631644,-0.024321074466626902,-0.01611676867119527,-0.02306065729164375,0.004352071230857568,0.016889866446716084,-0.01730054922192259,-0.013764162898118326,-0.008088065449469939,-0.012809524466806277,-0.013913296237038963,-0.004574287492439155,-0.005137116025329291,-0.005398082684867411,-0.013081137774604512,0.023813546939267072,-0.03163716142328721,-0.009935702479154318,-0.01395372252866034
2026-03-19,0.006094776467698182,-0.008107424742277991,0.006544156444409088,-0.007868381021017057,-0.004952096571467113,-0.013745692079193628,-0.0012944551732591014,-0.0017790147256802058,0.003175248196112479,-0.00013369683904951302,0.0014228403606773021,-0.00010456817369242088,0.0032746473433855616,0.0044154871730224254,0.009102516504079228,-0.035423667489573596,-0.041215062676522196,-0.011216014813400288,-0.002464362806581799
2026-03-20,-0.018973545164309047,-0.008295788278239513,-0.02184703582232428,-0.01786684885772405,-0.0018663161214210744,0.006387956721128019,-0.030621552088088033,-0.0156711056736365,-0.025777430485229624,-0.014181619493441655,-0.01740471362000151,-0.008982581072596196,-0.00928948658553208,-0.012272162171174439,-0.002373846559516446,0.03467961548787879,-0.0305574415876555,-0.034029836316725626,-0.014335681872974515
2026-03-23,0.006524522404996347,0.004267970581184333,0.021591852774165643,0.024143450458471882,0.0,-0.042700506311364905,0.025030179531603025,0.012018539490962432,0.0172064128638012,0.017439149144132804,0.017472005749370245,0.003161871629095092,0.006588928416437545,0.006583204977824719,0.01809310261030883,-0.08951661631609753,-0.02259421410703788,0.01573604887676039,0.010499959707213291
2026-03-24,-0.004398700553595147,-0.0008623497234394595,0.005374849756123901,-0.003995675867623283,-0.0028045567026212526,0.017480349940411255,-0.008226778284625813,-0.0031155641111623167,0.00825329902704941,-0.04094970848121626,-0.042870704780426316,-0.003361967315297365,-0.0033988942533240696,-0.002026582066209759,0.008305832176411121,0.03599858397992728,0.00022274115430986896,-0.004451309237306189,-0.0033568197458091475
2026-03-25,0.009650014275034646,0.004931638911897185,0.012219691863308846,0.009573370284433613,0.002264303576251292,-0.002962040257487586,0.014878227236510444,0.006095746824699377,0.011226824594883666,0.0006258437828978725,-0.005196646704596741,0.005270814686776815,0.003157835463037495,0.003599767837871859,0.003574813792289522,-0.01004017388411782,0.030089336389747867,0.01880222312922286,0.005572720875308912
2026-03-26,-0.00840610402572839,-0.004539341465339852,-0.01739339337144863,-0.017158899786811066,0.0003136798342058267,0.011289396014196651,-0.024390256049429793,-0.017222835724794328,-0.04556160888260241,-0.0015289542124978794,-0.00808459281483842,-0.00807471915653235,-0.006295591858102467,-0.00781757113188497,-0.0015486239102320276,0.03413001823276596,-0.0375939695290467,-0.035860387060676624,-0.01785871391108962
2026-03-27,-0.005458290777096253,0.007887532965185517,-0.017539586655952455,-0.028944213100369764,-0.0018820359766342776,0.022326624591438637,-0.0067817929085515205,-0.017146319122110287,-0.017303845187635725,-0.03772533053541072,-0.03586210090428377,0.00010585055613510086,-0.002534410154617084,-0.002409885149859514,-0.017062302062841095,0.05918467239962144,0.035093842463368,-0.025133160163037238,-0.017051920414101196
2026-03-30,0.013311577396302177,0.0012228088842947127,-0.014356318287685466,-0.0001892159658837267,-0.0025141738630074517,0.005747148486326958,-0.0008034267755541169,-0.0045035580607661885,-0.03131596852559282,0.002893265074028095,0.009494119679797075,0.007082348119293869,0.0011434273155077612,0.006411271420121878,0.0037873097507865605,0.04533015314934907,-0.0002894276132928697,-0.033244184802862065,-0.003343373094761515
2026-03-31,-0.0010371273973392992,0.0012214098902563197,0.03501525790339932,0.03142152301707646,0.0006301735138805054,-0.010285731724330338,0.0332305506921291,0.02929298786133261,0.05756763629895589,0.026253152180922834,0.03130633779208658,0.0017844090619050235,0.009516580763136107,0.006278236591072739,0.024210055943463704,-0.019872154314624413,0.037893826237359374,0.04846425835803747,0.029067828330166412
2026-04-01,-0.000984434053096006,-0.006343055087593141,0.006290327477560087,0.007524276264085694,0.0028338118293289583,-0.012702039101088136,0.011671691957738872,0.0075744830865045465,0.022352653783642484,0.0032328816893127943,-0.003497882386540696,-0.0008724644587999597,0.002450379203470021,0.0010687226362953162,0.010744393369418015,-0.02483303467276521,0.017499822514495555,0.02350583531888306,0.007534524709556623
2026-04-02,0.006144305716534015,0.0052786761683534245,0.006932160343775973,-0.015027296476577523,0.0053374878500527245,0.024561407422486026,-0.006793982652471886,0.001608833825662348,0.0008929410475944088,0.015131374165389566,0.007145540415393503,0.0023147233387144084,0.0023936187779589613,0.004233375304733,0.002277928889613978,0.11145138398905519,-0.019208815315471695,-0.001423468479031631,0.0009004486514896382
2026-04-06,-0.001613075499316885,0.009402942073831522,0.00425809462714577,0.008229294150617239,0.000936812745979898,0.001712259047549347,0.006324191981469163,0.004478526113142145,0.009329128246790441,0.006624742466479816,0.001493681346079967,-0.0026243003237038653,0.0017598491411761064,-0.0015579688416215154,0.009696964877823788,0.007395622723337603,-0.004098669687746526,0.015640824482604065,0.004726890756302504
2026-04-07,-0.0001154186582966732,-0.016936881615925548,0.002179388893642109,-0.011647150760079716,-0.0009359359492532304,-0.0017093322279767564,0.0006412259862738079,0.000676468318356438,0.009899446440218451,-0.006238352188805196,0.0004971511965581321,0.0025260911261504315,0.0002508391329860693,0.001101450347708255,0.001650670309035318,-0.006189726466387824,0.009727589667910319,-0.013579263398346697,0.00043997599961653755
2026-04-08,0.0032316466740149874,0.018705308996882275,0.029892047282876533,0.02830109943045045,-0.0015615361646824644,-0.029109601344550096,0.041143437677682915,0.02541264014264688,0.057564440816692874,-0.004622057096457577,-0.009316716018988092,0.0022046890253624163,0.005895646073178051,0.003850763371603838,0.02906372085230924,-0.0977694077417357,0.00629906958171822,0.04472047355289743,0.0254696046172882
2026-04-09,-0.0025309653609010274,0.008093717217329877,0.005720357518518071,0.01732533544699133,0.0009383991488873811,0.00646682003947241,-0.001969818981943594,0.005244177684711415,0.01747371582386026,-0.03056336966192197,-0.03899691064031663,-0.00031418143461670045,0.0011222203433443045,0.0,0.016887413981803157,0.019104167751141432,0.007778530578574028,-0.009385557051482252,0.005769005826991691
2026-04-10,-0.002422214697525904,-0.01294180953301416,-0.002519425769022532,0.0013304555950761632,0.005624995154625667,-0.008761770941923763,0.0024669204519722765,-0.0011924551441309106,0.01526807966697108,-0.027952555945255142,-0.025704649038305938,-0.0016767030326370058,-0.003985893086641656,-0.002648650903632088,-0.013027865555874762,-0.01685569789760788,-0.0017811851128632927,-0.004941835559996166,-0.0006617045143784139
2026-04-13,0.0030062569960394026,-0.009955078647571614,0.014427833425844305,0.009123955078433887,-0.0009322753372428272,0.017678323897933,0.007628927024549315,0.010804433642931155,0.014786649383990325,0.04324486894185009,0.053970793570076614,0.0022043077139610734,0.0037519183555323465,0.0038461790602428714,0.006527373053357932,0.02924212093256595,-0.004049183335572026,0.02214263598953803,0.009772427509418202
2026-04-14,0.005302420773641625,-0.0009810439289775763,0.013770107585256985,0.022120845410247947,0.0,-0.005211357857690779,0.011234635115308533,0.011751743002170967,0.019533549270634998,0.008953041656868832,0.00991115275690957,0.00324672817914462,0.002990139782283574,0.0032840125715840607,-0.0014411082552914234,-0.03596172415881871,0.022349346089928224,0.010009558041814248,0.01218482451098879
2026-04-15,-0.0043572114381839055,-0.005032479042648252,0.0024933676830511953,0.014943283740395774,0.0024883070487464742,0.0029103164244697055,-0.001932142667411929,0.007558764371752957,0.0022123893805310324,0.04436840637338069,0.04403623393643219,-0.002192341491676797,-0.0004968871169087619,-0.00036359370670868696,-0.0017318924843284789,-0.010173614467130943,-0.010402401583740839,-0.003653214181169484,0.00789104262604634
2026-04-16,-0.006334240050170248,0.004564445860131494,0.002078672600526632,-0.004653974539247541,-0.0009307689620121629,0.006964645526498003,-0.00024198538371122957,0.0022883085722076313,0.003973482986685983,0.012912240984941814,0.016630471286653847,-0.0017786404506906495,-0.001367216123717152,-0.004639045340751213,-0.004915374531477945,0.02651113546852657,-0.0008627455164704756,-0.010309566377354251,0.0024573146961406334
2026-04-17,0.009156184866187411,0.01264891423774439,0.02159650560320525,0.023633471436291353,-0.003726664781886213,-0.029394825225855903,0.013554461469389878,0.013004570867870768,0.02058051037899644,0.014993423804316564,0.008534927713852447,0.0054501838701006555,0.00373380543934676,0.005574468160752577,0.022373987729015665,-0.07787663467542938,0.013293051904224695,0.01375489145703912,0.012085709684531931
2026-04-20,-0.00022954522089979612,-0.0008488700051052511,0.005693053753766719,-0.004484621074906658,-0.0012469286701096705,0.015439443380401707,-0.0032239410626024867,-0.0009128715767644513,-0.00043091219720181595,0.013860902636770867,0.01433945652887525,-0.0009381690915913898,-0.0008680321428994331,-9.093724764208666e-05,0.003836815574681074,0.04550154031057363,-0.008611208936292747,-0.00010851338322515058,-0.0019997769579219726
2026-04-21,-0.005514281035542079,-0.006675654387952701,-0.010239714007236111,-0.007508166997914345,0.003121062377088757,0.017543814641410194,-0.019166263535548844,-0.00676741463961672,0.0015087770926882627,-0.002439055682728397,0.0044031536968294205,-0.004382395636744807,-0.002606067521016886,-0.0038170951266073283,-0.014297994463431607,0.05712166438021704,-0.028320000717914517,-0.03216931074256513,-0.006546877598048839
2026-04-22,0.0019638409282560776,0.003299220194625363,0.0071763048649740036,-0.00033622214334183553,0.0021779763098266347,0.010919571162247399,0.008671219141887176,0.009717187083350565,0.02619115657521931,0.00887919765198042,0.023765600912952323,0.0010480900778446767,0.00161749519565757,0.0019158250900748186,-0.005457381119879812,0.008966814007675517,0.013245809401008168,-0.013235617537687094,0.010126679110719516
2026-04-23,-0.002190410322462144,0.016684925977510368,-0.0034722333923002946,-0.010005924679333256,0.0015523250517390785,0.014212620683986765,-0.01053396494175396,-0.004043023783428135,0.010527902339651174,-0.05911992405638555,-0.0582600670092025,-0.0015704078649236841,-0.0016148831299533928,-0.0027318114357857137,0.010830442392032236,0.041112886979535634,-0.00969535708776803,-0.008866418757185413,-0.0038807172806204493
2026-04-24,0.0018485627027382545,-0.002994675648439582,0.004101250334229034,0.00806871267010889,0.0,-0.0028026477933238425,0.009422414414306024,0.006432206450924793,0.05103247074071415,0.026028579744213243,0.019504578038309184,0.0019923174624354445,0.001368747138302151,0.0007305259452876633,-0.015857158670594007,-0.017220956823018607,0.005127114447075254,-0.019611499157907608,0.007749329558953688
2026-04-27,-0.004959030508279949,-0.010693324007698846,0.0017713574231883467,-0.0071615591085858465,0.0,0.008993807710963031,-0.0018184571445644115,0.001363438801128991,-0.00035540769866826416,-0.003303164538077108,0.0026995386843866598,-0.0023022898819426985,0.00037285513503682033,-0.0028284553441788596,0.017128768298217523,0.017522714736925238,-0.007755303754327758,0.006043942106487288,0.0017227696705925943
2026-04-28,0.0010431324872901548,0.008987168566698012,-0.011654815602922475,-0.007043396329949325,0.0012399112272105661,0.006685176979631224,-0.005465123380670955,-0.005389582363069523,-0.029727843440595536,-0.0005302699916742704,-0.00503332534789791,-0.0009438934804364418,-0.0013663667735054341,0.0004575217472346793,0.00428147881520502,0.036223313825672454,-0.0185629131043068,-0.011976674510171592,-0.0048659811570929135
2026-04-29,-0.00775730973800659,-0.0019258610062803383,-0.006681100507184956,-0.0014529289646725285,0.0006191878756065528,0.02379636482777281,-0.008059442029686004,-0.0011978841842271715,0.017039545739681694,0.0005969334882116595,-0.005882378289244539,-0.0047244965619250845,-0.003358256598949394,-0.005578913808048314,-0.01904227011734405,0.07901144911926394,-0.010665781709228828,-0.020242487400225606,-0.00015454822141547364
2026-04-30,-0.0009335848059436325,0.016763102001990937,0.021648152064276394,0.012923654239283211,0.0027846512202758245,0.0016216587375950109,0.022528487281855858,0.011336030615141546,0.014292034990085911,0.0026510729290805113,-0.006982249888653147,0.0018987038702176218,0.003119884110220239,0.0011036073382122424,0.011878894287578934,-0.02350135052890645,0.014973287523456946,0.03759766362411576,0.009949685183250345
2026-05-01,0.003575515913384786,-0.001660486770999836,0.004712662942538914,0.002365819865079777,0.004628297119751323,-0.008634637964553327,-0.0010835128481126999,0.003134099124959322,0.006117789106503846,0.03675302487743437,0.032415591218412976,0.0007606239600141951,0.0012382315677987865,0.001614089898924087,-0.00042958477890964186,-0.029165771928350348,-0.0011330099187530918,-0.010419109679788652,0.00276905737155686
2026-05-04,-0.007592656868765535,-0.007484894195286418,-0.005012764726547547,-0.007670863782687221,0.001842670817894465,0.016875310385414233,-0.0086777825762,-0.0036871108811266096,-0.00594327161697672,0.021550656476239327,0.020893557955428577,-0.003694345316015424,-0.003247699295168327,-0.0032229062510906736,-0.011887744409239565,0.033683455572829146,-0.02001512681908002,-0.0065902276794088666,-0.0036633809509297732
2026-05-05,0.005532110408009938,0.00622451461837592,0.016841703046044598,0.002973133760300506,-0.002145987007860284,-0.004817995241839124,0.014103407313758698,0.008503287557624084,0.03137392929694083,0.0042441185282764415,-0.0019222879359369616,0.0014832831967990234,0.0015037020469408358,0.0036952308123021638,0.013480338827991378,-0.02330467059943231,0.008584306218673232,0.0018449076341340298,0.008022242913074518
2026-05-06,0.007608563747320662,0.0021413004391610535,0.015005593245469573,0.015245261940988408,-0.0046082120634979296,-0.03012369345593713,0.026495604239429316,0.013641763128330764,0.051789793563639774,-0.007395818693335499,-0.005097965378339175,0.004971972924478596,0.0030030834344700885,0.004970067167851422,0.011298645535654073,-0.07088854373658826,0.030339261182306565,0.04717504267220374,0.013899418730159985
2026-05-07,-0.004995398584146549,-0.003086350056463405,-0.015829722633906917,8.334453967995259e-05,0.003703660722329305,0.0011091818998016922,-0.016001050936808814,-0.004587297541542301,-0.01757136570156459,0.021664212069547828,0.034502417108619454,-0.003052704748838231,-0.0037424692528782444,-0.004121275293991755,-0.010748161543203572,0.0076148137043636765,0.001670691560653026,-0.016837587020482436,-0.0030660889376450395
2026-05-08,0.005020477872200946,0.002381550460803794,0.006766837800714631,0.002669359374201097,0.0012301172759481283,0.0011080586487011157,0.014005908044753657,0.0074123776263030905,0.04895390415954437,-0.0015933965174574904,0.0033021271649054107,0.0026396073229892902,0.0035061317343323406,0.004230280721194912,-0.0014295711937377664,-0.010224530416621302,0.004841540894531038,0.010047175535112363,0.008256054754597786
2026-05-11,-0.006040978524565754,-0.009622252989523461,0.004081855998984585,-0.006905106824107277,0.0012283678446203261,0.0265633398086782,-0.0004681318922288291,0.002094520888598961,0.017245066385727315,-0.01816958226829657,-0.005046558079285779,-0.0033697665809693245,-0.0019965593443173058,-0.002472481979677754,-0.018611252292665692,0.03795199837714747,0.0020287362083613036,0.015071597944040338,0.0022775635209937306
2026-05-12,-0.00666198113816685,0.012834390166351461,-0.009672894730024972,-0.009047513727618584,0.0,0.019407041787491197,-0.013584700661221194,-0.002310033749764351,-0.02613176523466887,-0.0245076476632492,-0.01378327684049363,-0.0033812420257965936,-0.0013752589255092706,-0.00339672216346798,-0.004668122844484701,0.04067502697744141,-0.003957209812161522,-0.0036375583024516045,-0.0015148976832113359
2026-05-13,-0.002235401651170532,0.003315952111603737,0.0003539477603062835,0.0036351170245370046,0.0024540783312219094,-0.011105186999850525,0.010091416316680535,0.005292302539799509,0.01997331309159245,-0.011408054817808932,-0.009391784679685378,0.0,0.0005008271590800639,0.0005527589181462123,-0.01597544265190043,-0.015661883006436117,-0.005612899814961714,0.006295981085318703,0.005594852718878274
2026-05-14,0.001414966851619237,0.0030689545893662906,0.006297086145097719,-0.0004212110990382545,-0.0003061422623285015,-0.005347613764161596,-0.000705312039214534,0.007375736978486813,0.010271468149951168,0.01555911764333473,0.02302485220228534,-0.0006361645525962967,-0.0007508159815097226,-0.0006445767072683628,0.008936531692771643,0.006758707119432827,-0.007642296271595517,0.004590766343199437,0.007894249484761584
2026-05-15,-0.014837436650951163,-0.00400101151365706,-0.02408167234925962,-0.018033133397024725,0.006121872678906515,0.0005376467030504539,-0.022465270290137007,-0.012683756335385099,-0.03803990555455361,0.00031920238561178316,0.01257722274507822,-0.00795662662465535,-0.004884263284845258,-0.006356528094087599,-0.011366946850836168,0.03657339669607729,-0.02322039069444226,-0.03910082266755066,-0.012029288059682064
2026-05-18,-0.0011953919940133062,0.014886571671175908,-0.005871723188235478,-0.0018021760235046314,0.000608509510201749,0.005910730757404892,0.005053474226579313,-0.0010475933899690704,-0.018298258653933197,0.01837909980153829,0.011876250931924348,-0.0004278661011521967,0.0010067247883620567,-0.0018541523289402617,0.014185416355274594,0.007151032781125721,0.00273187497307803,0.0094729457939009,-0.0007035134425675826
2026-05-19,-0.006462490036523216,0.00221192114862534,-0.010762022353781875,-0.011090045239480761,0.0027363918190630443,0.006410301476228897,-0.00873927776897443,-0.006347274967294481,-0.0040280344222384246,0.00012535576031713624,-0.009906350461674318,-0.003851450278517521,-0.0023887746965639556,-0.005015841982906943,-0.005300365000910134,0.024583117374118668,-0.016561892782745447,-0.014247049259799915,-0.006660801173054454
2026-05-20,0.010720418147265764,-0.0066211180548232385,0.025164829029097557,0.025297785557100827,-0.004851486475145994,-0.02229299749959146,0.016545829809420765,0.011470398480986965,0.03805417739488859,0.01635338665750874,0.014899403816375223,0.006766201108060477,0.006427368926189336,0.007748228134498492,0.023830689934063454,-0.05681225196114237,0.014337773746013083,0.027133114238496292,0.0102489448693448
2026-05-21,0.0036944252582746806,-0.01005597008346193,0.009361448912296622,0.00644388051566902,-0.0021327917379300176,-0.005971802925947345,0.0048710710445556415,0.002471103897909277,0.005702603144241314,-0.0020961197374183005,-0.009001217235983017,0.0006401006999359193,0.0005007924177415912,0.002038068257372405,0.0005782990465486026,-0.011991480800547571,-0.0009822799906678004,-0.00048773382659850206,0.0019831294549137457
2026-05-22,0.005461762099306711,0.001653713264479384,0.00931012749962945,0.0040438432853884265,0.0018322174127172186,-0.006007575434807233,-0.0014186909192707153,0.004656471067764567,0.014862299022392778,0.01952186172503212,0.016544069868251965,0.000852756732795612,0.00012528156691193892,0.001848981809627448,0.0023117477285636845,-0.011365197091987689,-0.0076020599640161945,0.01805759466349599,0.003931565762728351
2026-05-26,0.004959952185647376,-0.013797311993568595,0.018904374149600667,0.0022654523055465337,0.0006095040333713442,-0.015934115569811946,0.019535827409935536,0.007279369520605483,0.04480151130636223,0.0055141711739716825,0.00042549499101807164,0.0042608098751795165,0.003378671916793863,0.0037832598903428938,0.013406494255654877,-0.0278171886168046,0.00043495402009452455,0.019839266789874355,0.006638589859918387
2026-05-27,0.0023501469479183523,0.011359616232804903,-0.0004819412445528082,0.017580635074874618,0.0,-0.01730873638098751,-0.0030194076629205258,-0.0002707337182734637,-0.011027359894549282,-0.004700486729065201,-0.010632607143312045,0.0004242896470865176,-0.000623540775761211,0.0013790313277526334,-0.01024184238110648,-0.04357665124600818,-0.013309202332427494,0.008461074738370877,-0.0001731819956434233
2026-05-28,0.005158255256743294,-0.0017734006001055569,0.005716899757740812,0.004195730321554514,-0.002436885273580769,0.00681812098203749,0.0016307588210995316,0.006226983478777148,0.007271229370014787,0.02658028149859848,0.02826431175292954,0.002332439357314753,0.001247956782830073,0.003029349338824927,-0.0004311408116760562,-0.0019079600269331642,0.010477609933210896,0.03822159839020389,0.005516544483684438
2026-05-29,0.00023333274894721256,-0.01800309314249615,-0.00547897642734696,-0.0097492163757108,0.0012213599148469534,-0.005643254965914779,0.000814007245977022,0.002367858870922168,-0.0015004657793371567,0.04565019224453959,0.06250002990760217,0.00116350587176961,0.0009971598698161888,0.0009153389829485992,0.0008626535485032338,-0.012922483997406031,0.010538571648365469,-0.005387437427032737,0.002491413132097442
2026-06-01,0.0005384735755837866,-0.01061390727772682,-0.004992555045144953,-0.022172584147734375,0.0012199882304235743,0.01418842157165745,0.0029049189050163182,0.0023084015587557793,0.014826448819402316,0.058096922792107986,0.059413695041134806,-0.0017278680894264875,-0.0007635532149486979,-0.00015606705355042383,-0.018675530126216477,0.04965530903983684,-0.014048680044494555,-0.027777789560439303,0.002723144858072235
2026-06-02,0.0021060503776135775,-0.002438164016492439,0.009273926121255993,-0.005076615636248394,-0.0015231270909051853,0.006155495122385668,0.0075310725794077715,0.0025709621460994203,0.04014416431462253,-0.02526781985664761,-0.02757654064728665,0.0007433402046530535,0.0007515271578908411,-9.186851630504922e-05,0.01800620694088706,0.013062762158383201,0.001677776649860796,-0.0025715234967833567,0.0013579151752256546
2026-06-03,-0.0039696846356155335,0.004032746563589651,-0.013680275224919991,-0.007313513072228606,-0.0006100619664026752,0.0038931978090313013,-0.009889561530458502,-0.007239048504919743,0.009000177541716337,-0.04183762045346928,-0.043254163072754426,-0.0025466318107310038,-0.002753400994938482,-0.0027542528184462123,-0.02387121684385196,0.026152809981450975,-0.009904155768766576,-0.02083923394641385,-0.00701716271996522
2026-06-04,0.0022271571864720396,-0.0014606402214142333,0.01508671561734043,0.004540415360909433,0.0009157107158741518,-0.011080269476143823,0.0017421236163193132,0.004655021119521541,-0.016256458254117145,0.0010274425668139742,-0.0013972330414427914,0.0012765668511169892,0.001882493307910682,0.0021174423406431497,0.030937053847700957,-0.029248864825609844,0.008335974543818736,0.025451629529487763,0.003778634283035931
2026-06-05,-0.005146246614174843,0.017064975416791084,-0.035478251480724365,-0.020467384055475435,0.0,-0.02184881168977082,-0.03733332644947562,-0.026782397926816692,-0.09217093072068028,-0.04088264322797941,-0.04207470597947549,-0.005312369957951701,-0.00501058216405037,-0.006247110594301941,0.002714987518534606,-0.027204922270455012,-0.036545333189379026,-0.027993789492279264,-0.025809369612244448
2026-06-08,-0.005172776731306006,-0.004434437121935475,0.008734184617237517,0.004614269864849696,-0.000914872956903956,0.009163903960512476,0.00855111900496075,0.002999528674443752,0.04997449592079373,0.004934228280945696,-0.002086554971874599,-0.0010681648585206815,0.0013848465573635949,-0.0010169399814814462,0.002707746305761427,0.016012551162309707,0.002599431669397134,-0.005356408748946606,0.002264222440912178
2026-06-09,0.005908802779969191,0.012399194524314261,0.0032030235004618657,0.004159842264348068,-0.0009157107158742628,-0.013620979967969071,0.0009553423302375297,-0.002194933830401591,-0.011953262839234813,-0.019581150556430393,-0.02822798846113983,0.0027802148274387317,0.0010057505956613255,0.0032389990115364586,0.012506962511141584,-0.02848679998961301,-0.01633647245916592,0.008372969391297946,-0.002935520049857532
2026-06-10,-0.0028195832145171407,0.016527993217889003,-0.010420305116502493,-0.02054027426969407,-0.00122222459087451,0.0028769359507250236,-0.01467432348325004,-0.015481017106308337,-0.03400963822772607,-0.013033177209944236,-0.014739027414981787,-0.0009597328135411143,-0.0018839119618148104,-0.002306091087642126,0.00561484801159251,0.022848438158964868,-0.04145558180468856,-0.024325059530159954,-0.0157655110158077
2026-06-11,0.012959456213121223,-0.0025734881424256395,0.02964017255258633,0.024759887378466905,-0.0042826651488740985,-0.010900776289785696,0.03329693013989199,0.017484043830426677,0.06750633352965307,0.008558989018747187,-0.007206871508510182,0.0069376783846915036,0.00591420864972636,0.008505933792985587,0.00991065692952553,-0.0407297177692173,0.03134182597256352,0.06620932964321824,0.016996857394830034
2026-06-12,-0.0024423798001573793,0.006450093461740858,0.008746259312642835,0.0025795252611591213,0.004301085256805726,-0.010440853107047676,0.00398408238310477,0.005654678132510194,0.01724507269688047,0.007213447491063674,-0.0024197571564584797,-0.0016959550377446675,0.0,-0.00064177055619552,0.014651189409089271,-0.026391379939104564,0.0005694792310315666,-0.015542133468873898,0.005408207317551872
2026-06-15,-0.0005829127731953321,-0.0039616701854381375,0.008160776157874139,0.016895368590562843,0.0009177901888939299,-0.009964834795764488,0.015172896067373376,0.016841428916837042,0.043776941498460564,0.009268134642464343,0.022021872621414085,0.0010618135411879503,0.0012509459837009018,-0.00018338969609166256,-0.016074219630888842,-0.033644273383047985,0.025896360083728753,0.01007251675362042,0.017634009390668393
2026-06-16,0.005482918068113518,0.0012867588855929313,-0.00868871794861148,-0.0009276816668469801,-0.0021393098480756434,-0.013025418668121791,-0.004023975791885959,-0.005798256199095131,-0.048060542048045996,-0.004651155596249734,-0.014134630495038825,0.0025456331415190103,-0.00012500603502429986,0.0011927121778996241,0.0035995371718353653,-0.0473558114604824,0.002723533282284807,-0.003465429243760365,-0.005961575485861181
2026-06-17,0.001624345627797119,-0.02231569391437971,-0.00753209870788063,-0.025071826754056725,-0.006125621543534132,-0.007798389932311411,-0.00554083101475733,-0.012447011476255931,0.012938264128449672,-0.02773786804218814,-0.02418735928685667,-0.005289970122046461,-0.003748521052748255,-0.0032074642839047263,-0.018485161140033735,-0.010738701400023976,-0.02270955075927472,0.013413246308184634,-0.01248789492983049
2026-06-18,0.004865044824139186,-0.004541020552322639,0.019697818587289584,0.014460203526555304,0.0015408440131658985,-0.002418434904062905,0.01172980698844106,0.011564948616539672,0.05755090127049223,0.0015404523405162518,-0.0007851875431057476,0.003616293456622399,0.0035117383167801997,0.0027580509054232483,0.008011242814330855,0.005602725823693033,-0.003808571701190089,-0.004551958370851095,0.010396979807429707
2026-06-22,-0.007608095028768802,-0.006600127587489846,0.00876213245013635,-0.016993526624333954,-0.0018462516481727587,-0.008484811493844724,0.003342228207338538,-0.0031893354341808733,0.013684258039190489,-0.01470406969588789,-0.019979782831575088,-0.003815089901444524,-0.0008747896991238013,-0.002658855971944707,0.009634882544738543,-0.018977977305225102,-0.0065354381359996605,-0.02236937687770435,-0.0031469282666526377
2026-06-23,0.0012776772165283834,0.018739350411798084,-0.009591485545354606,-0.0102662212615654,-0.002157775085106284,-0.011002463231076454,-0.030438743558365844,-0.01385521630899278,-0.0700542483038109,0.008616952453363691,0.00011455888798717062,0.0012765668511169892,-0.0008756525010975569,0.00119515682165372,0.01569666982007667,-0.012689682085323506,-0.018903219228002643,-0.009176902814804766,-0.014522012225013592
2026-06-24,0.013689121073942268,0.00860016602991287,0.004639012797355235,0.011515405011552904,-0.004546000223333291,-0.02472191376143762,-0.0008294220259538188,-0.00013759505110000347,-0.005031757807628545,0.002909683800253804,-0.013169967131219207,0.006481084796690739,-0.0002504472514747169,0.00459086613887405,0.011624699138242267,-0.044670152123650775,-0.030213064971899906,-0.010569563551907413,-0.0004635003677893046
2026-06-25,-0.0003433211494219268,-0.0059213820753867275,0.007482509614439525,-0.014947397252591421,0.0028151816749741876,0.02091260348318369,0.008774159637687573,0.0009075266919242875,0.02901832622725853,-0.014382727352189484,-0.01636295767292928,0.0006333240758273906,0.00037571649445844457,0.0008225541453059648,0.01081511529135093,0.028412800988368625,0.009674185334065832,0.0013582871996171697,0.0014456368287247834
2026-06-26,0.00011450913837696142,0.009173125929411885,0.0030778465474234906,0.008998701529192354,0.001247572781176709,-0.014897623569192553,-0.0070522423088722475,-0.00197281422712392,-0.03967783465882202,0.04941441397963886,0.04058511945861909,0.002531936884957231,-0.0006259912902187859,0.0,0.0053497513328200075,-0.035037913157093925,0.011286779419095394,0.0048024054675088745,-0.007231332133985857
2026-06-29,0.0010301992107195623,-0.004013575734982844,-0.002868284833633994,0.024044775150505515,0.0021806518041445067,-0.0018903423558616073,0.005326702007320661,0.013527689789621933,0.03330553065689168,0.01712816399501249,0.0191610260757491,0.0003157029358669128,0.002254766824243859,0.001826536825674685,-0.005587286733210295,0.015168737421318301,-0.013516094115971211,0.010544027433253556,0.01647481275894025
2026-06-30,-0.011778218208355562,-0.015408384868014102,0.004950400306863223,0.0013660919461813137,0.0,0.002525250092658027,0.006593670245752525,0.00795382809540901,0.037833530995638576,0.008097194989838297,0.00789853253191164,-0.005154583582449357,-0.0004998245193931217,-0.005742939121494817,0.0013377955945230724,-0.005976833943822646,-0.0005425733809176769,0.024586603756945102,0.007786815227913024
2026-07-01,-0.006759441990595305,0.002768787308137899,-0.0037610876317530906,0.006906548308806881,0.0009326596203036441,-0.00629725319578478,-0.011229366256309548,-0.00208086897776405,-0.054018191898792645,0.02881087840394181,0.03024280253770839,-0.0024294994013467353,-0.0001382855037862507,-0.002097733080509423,0.017768817978634832,-0.029782090620346313,0.006026389031102086,0.004651165292875348,-0.0013525036475483532
2026-07-02,-0.00011688875229887152,0.020288080715702872,-0.005813197516234991,-0.008214045888972343,0.0027950134184890896,0.00570343181944688,0.00366724279094921,-0.0013810526273927426,-0.04540186788465472,-0.001753776692846376,0.0024641457677048173,0.000957138357315479,0.00150769479306323,0.0016595939007140181,-0.015227148223647125,0.0068752467991375354,0.020318398961908235,0.00859323719654359,-0.0013140507435593918
2026-07-06,-0.0007016842760674269,-0.010471830548122063,0.0044357732605364575,0.0075990619044974395,0.0003096716039834302,0.014492784976005701,0.015676625412057277,0.007891324313807901,0.020277246300241414,0.018645557392029444,0.013038380086375145,0.0006374548693952597,0.002007426841051041,0.00027608167994785937,0.0071981789718955635,0.0035583295368573076,0.01057837238078907,0.007546323953050882,0.008727392224116226
2026-07-07,-0.010532384774988857,0.00903687399622255,-0.009066582207653884,-0.005253853308465839,0.003405571244033734,0.013664553300737792,-0.017639537683922568,-0.005542620423971356,-0.03781230522507606,-0.0037275962416213337,-0.00696279835145841,-0.005096716551553526,-0.0013772324653551493,-0.0072696784543240245,-0.006484957471851627,0.04379491865500684,-0.012142502784779907,-0.03589560160977712,-0.004751890339538711
2026-07-08,-0.0022471836538101586,-0.00553850391888,-0.009149433936301965,-0.017803871728855003,-0.001851268862597566,0.01838242340803009,-0.002480760001932203,-0.003679529624136979,0.019864111360369696,-0.016920834948087604,-0.017528884995526406,-0.002027614522338017,-0.0012537825856141493,-0.0019466144621357317,-0.023045117919314184,0.030205664440282387,-0.008053135463158334,-0.019689966137460213,-0.0030894091522385425
2026-07-09,0.0015409952499501056,-0.01410123583854428,0.012811699112420305,0.013443183046529139,0.0006181945106229492,-0.012033739641416186,0.005447620151053156,0.008689778705331497,0.024839764702782485,0.01908657542885872,0.015138341756768758,0.0021387928765075337,0.0011297531399880878,0.0003715443215785985,0.017862020775275544,-0.028517930437136907,0.009961224054354512,0.00021922305164956413,0.008465256756416295
2026-07-10,-0.00023671842193540016,0.011057752038086344,-0.0042054279605063805,0.0033375637714829764,0.0009268376835260828,0.0012180546693509875,0.005182507221858534,0.003338183551746976,0.005430123466312553,-0.01309916903387709,-0.0156582193685042,-0.0008537404745380117,-0.0005016532810299124,-0.002321093093328175,0.004956361386695862,-0.002843823336512452,-0.003093719744077794,-0.008908694659008454,0.004310118179872147
2026-07-13,-0.005919270738271143,0.005587134326851206,-0.008479869303828269,-0.010235366471642138,0.0009258607507804939,0.02798047868184117,-0.018279772417043927,-0.00780811132364545,-0.041585573476523474,0.008867506570845451,0.003138115730339619,-0.003631312742573667,-0.002383517166942184,-0.004652842992326489,0.0013330832310729512,0.0836246938591303,-0.02620621369961662,-0.026818851102744734,-0.007656140611366324
2026-07-14,0.001310059703594657,-0.01383140003433514,0.0035095961071351933,-0.001206496764335152,0.001233457691073081,0.010650905872117145,0.010503760100892157,0.0037320311145176976,0.025084530179791065,-0.0016794748693836903,0.010032366081899946,0.0027870454641474307,0.0020120291346781283,0.002337296570130487,-0.001597488470300612,0.0202054269031271,0.013673600487310367,0.009047041564701708,0.0035506379166867497
2026-07-15,0.0019028903136051323,0.0005993969207145344,0.004278175425035835,0.009490983555726196,-0.0046196792199360015,0.00526932980034589,0.003897876449549642,0.003394783273867219,-0.01589175270467258,0.0015702039468166173,0.003310960131176932,0.0024585889230450686,0.0016314668787265063,0.003451190020357986,0.010399982485446158,0.010069061353995767,0.0005374505181017231,-0.0009002352822585769,0.003963630921285599
2026-07-16,-0.00035617704281043494,0.02803397817076969,-0.0006084904801550994,0.0029059472583576884,-0.0018564240828931045,-0.0122306925386233,-0.01094245277241268,-0.004940794343820221,-0.036985689690940626,0.002127601405585544,-0.0025548806357947873,-0.0006398478915250472,-0.0001252707519161511,-0.0007437102731364664,0.02823968486445194,-0.01713621888882999,-0.01984695723728025,-0.02726046685418304,-0.005418616825605738
2026-07-17,0.003681290043103358,-0.007225205391182987,-0.0052437400252695054,-0.01619222857218816,0.0030998344100454656,0.017099111508375398,-0.008208370180801228,-0.009633442740102915,-0.02177802500433157,-0.008548434550339268,-0.00960505790604782,0.0012804331387474832,-0.0018796830880780657,0.0005582336311176217,-0.015785367450327104,0.039061156022712984,0.009453124418586922,-0.001891490801906981,-0.009897199757215702
2026-07-20,-0.00745384741984334,-0.0038736807413134455,-0.005883556343993179,-0.007189903097822858,0.0018541293091480782,0.007536183232846438,-0.0035984453645228065,-0.0020707891272941925,0.00413272900273598,0.006198963778153654,0.0019396583971595938,-0.0031968665042552136,0.0003766639458857579,-0.0038118840071273974,-0.010431630419492355,0.012504058270455198,-0.0021986307389650905,0.002861861313976366,-0.0016143534967409945
2026-07-21,-0.002741594665815583,-0.009427338911806693,0.01447098293048299,0.0022685744200687807,0.002159246377698709,0.015535124902259279,0.01661238908903373,0.00873723140347793,0.04518368596499456,-0.013777690685079835,-0.012475840183144848,-0.002458933785217998,-0.00037652212357708326,-0.0027997825838270707,0.0011859599329553383,0.026611456540809098,0.019613686984128575,0.02159576096555793,0.008341327043244195
2026-07-22,-0.002629736082440548,0.003806805511056499,-0.009273697905354372,-0.007399711631772665,0.0027701247455758082,0.00906514735808428,0.00011847154153388217,-0.001569934503803272,0.004845151300994166,-0.040036363214125514,-0.030494478992202034,-0.002250583210071211,-0.0016320813934784795,-0.0016846724405260582,-0.005001387535127688,0.021963418224381526,0.011499153135369422,-0.0023027000535505993,-0.001162766737217713
2026-07-23,-0.0032359590489078327,-0.013865822465923383,-0.005786499306955295,-0.046132218740012276,-0.0021487601159525527,0.01403705825359891,-0.009945453439774377,-0.011331951806069718,-0.011483857052664526,-0.01703732689546722,-0.021568167168593777,-0.0026852856595479535,-0.0036468755095263594,-0.0038435445180096117,-0.005952343496744006,0.05931055021101339,-0.020046439653404247,0.02360961117495952,-0.012349253784127878
2026-07-24,0.0009619017029653953,0.01105633100881942,-0.0031496064641778343,0.005976492089496466,-0.0009227281427588441,-0.006090736780494654,-0.002630964377689282,0.00030159196092571783,-0.03271451648281709,0.020281626401745134,0.010103385743157833,0.0019386875278237792,0.0,-0.0002823377361799162,0.0077178736400989045,-0.020073144608880433,0.0010228383237773642,-0.005655347281639966,0.0010159657563921787
2026-07-27,0.006006015991534719,0.014620305287850188,0.005975806532120709,0.013070029064775834,-0.005233858834768346,-0.03398331946653743,0.004676177138813742,0.00104170912421786,-0.022523591998161563,0.04058281680146325,0.03330302561240894,0.002687305987103761,0.0005047511109048664,0.0026358481285007063,-0.002773086451299367,-0.08727778251587726,0.007340712640850455,0.015092428882546027,0.00021661654234961247
2026-07-28,0.005850800009034485,0.019915603888151834,0.001570446769856071,0.014796124721330184,-0.00030959892358128904,-0.01614767498163594,-0.006444662070968499,0.002218062104901053,-0.03454564329364873,0.02103050494905112,0.009569850205056296,0.0030016601668996223,0.0018923479613646155,0.0030043649875419742,0.016816867342328345,-0.03422574702907066,-0.01404054586409964,-0.004211381542915671,0.0023947666975516757
2026-07-29,-0.016500526780552027,0.0034459276483098655,-0.016361521243090094,-0.00773470575155466,0.009597562257764425,0.029894504387293352,-0.01033036435239787,-0.01521888691142459,-0.047922914530263205,0.013602111222783764,0.006428459088389626,-0.004168462686301222,-0.0022664314337762503,-0.005709972356231496,-0.007943829842849026,0.07320109429163102,0.004629481218515252,-0.05078713866502249,-0.015387445003102407
2026-07-30,-0.000603464173932089,-0.02163457248760181,0.01393073862051919,0.006988587975841565,0.0,-0.003984046445079881,0.028887023627896857,0.016230957005013202,0.06877954684344134,-0.005039236406999548,0.010176407752098937,0.00042930311224131934,0.0029025363753365507,0.0017886915748657195,-0.003675473386408057,-0.01415199316534621,0.016384653740035837,0.01828680479425593,0.01676574369337569
2026-07-31,-0.006642578531842247,-0.0049140448723431485,-0.004750688462380692,0.03292110489503641,0.004599728016697835,0.0034285409109933163,-0.002123445859163353,0.005296648218192868,0.003024688827180544,0.006000614551635142,0.01361059163744427,-0.002789437641590231,0.0001259036960883364,-0.001503630435203851,0.0021079607057199468,0.013256940441708887,-0.014900824749758845,0.0077235933395609635,0.007199869193782904
2026-08-03,0.0032959594930270786,-0.002233983217992286,0.01723902603553462,0.018261694932043993,-0.0009156865201200848,-0.01765372866574555,0.005083405437093402,0.015290235287822362,0.009120663808806828,0.029221824326203016,0.03002745065456458,0.002029592506857636,0.0027055218502216594,0.0030059234949850744,0.013147545359434964,-0.05457920199969646,0.00045750903333918735,0.033111973534584616,0.014242990614400597
2026-08-04,0.007665152303669043,0.006009902538403278,0.018533450012456987,0.0006767800534683843,-0.0024441862244061197,-0.020289877186650762,0.01681957818858648,0.018671099271045932,0.05545777652155115,0.027169292644635856,0.047012953368281485,0.004632689049143046,0.0030262139362147167,0.006125744219691365,0.010121966021411355,-0.05191617937023507,0.00659119276681408,0.030917640221722165,0.01802895214665101
2026-08-05,0.0021733974049249483,-0.0004684925281378538,-0.006429983168501852,0.002958805163449263,-0.0012251463496858461,0.004733723403066659,0.0006941191022089566,-0.0030723939502689257,-0.010439300231446125,0.001759906483741247,-0.00676472981770837,0.0006433358412620827,-0.0003772439360352209,-0.00018737329338525122,-0.0064234473719904095,-0.007773376536257537,0.04137270374924307,-3.5503391548119545e-05,-0.0019965624761277834
2026-08-06,-0.0057831880715829564,-0.0025782766333870555,-0.005070491539739375,-0.0045515631138741686,0.000613265619374026,0.014723204166062986,-0.0021963866524010722,-0.0015276748735237877,0.003124395688220316,-0.015294742281550477,-0.018655605914464024,-0.0038581077621350213,-0.0007544831987849054,-0.0035600420007293465,-0.010990407550860448,0.034731942797338045,7.699101265035146e-05,0.0029424480414312892,-0.0015978064697251826
2026-08-07,0.0029084603452897984,0.00011748092739560789,0.011098016147157441,0.014902640463277939,-0.00030644487757935934,0.0011607927042971422,0.010310499719756061,0.0071490965728517875,0.019633289217022343,0.02723401890722199,0.03289081002500316,0.002366896173137567,0.0018877769963261404,0.0017864166067593779,-0.003660577440743551,-0.007487165551310904,0.022583179330530445,0.013855945269118708,0.0061153280785064545
2026-08-10,-0.00845826958468221,-0.00199721182480761,-0.005239363674725994,-0.0015852495875001704,0.0027589672330050607,0.033623183982959715,-0.00435725169484702,-0.00039291030498034285,-0.022807686260658766,0.007458146479546457,0.022592264482104607,-0.004400464815840555,-0.0016329135867255706,-0.005537363723041255,-0.002361859795194099,0.06729949640694843,0.01021408716277361,0.00509017127272382,-0.0002974431285415191
2026-08-11,0.001584270596217685,-0.003060528493741721,0.0033668433301485834,-0.0035932084481961057,-0.0009170862336185248,0.004486815706582714,0.0010364899933161809,-0.002567948171571466,0.00618187193282016,5.067694338345419e-05,-0.010380001381878667,0.0011858307179186678,0.0003773831480375911,0.00028314581069288636,0.01025909055312324,0.013421239405823293,-0.003925118140567174,0.014013611667337056,-0.003195199981383512
2026-08-12,-0.0009733792969137678,0.00460502214371461,0.005714461142599436,-0.011321682948503331,0.0015299977710823143,0.003350053961672872,0.007132988493375736,0.0030999683324035576,0.02077046858462639,-0.008568688728974538,-0.008083105780323674,0.0009690759727860598,0.0012577265617936817,0.0012265937731625876,0.007420915277517537,-0.00242925755905532,0.009876351898066904,0.0034550121961576252,0.0025046088948632583
2026-08-13,0.005845779578274479,0.010813319632622553,0.0026097296348803756,0.004750190036139301,-0.0018332865474345317,-0.011129597286194115,0.002056166972981721,0.006468830218867128,0.007335427221555779,0.0442365216951599,0.03104381928016342,0.0036574917340934654,0.002260986923104502,0.00405199110691723,0.004781598016760258,-0.017831926300410195,-0.014719010607066263,-0.004227128253944112,0.006977515074108265
2026-08-14,-0.006659363813487751,0.0010464755144017346,0.005238940593986552,-0.00211059597805463,0.0024487930670973324,0.007878412270230006,-0.0002280232466955745,-0.0011709219665057002,-0.002206660449048492,-0.01880599584689524,-0.020700009159867805,-0.0027867323734889204,-0.0010026695873460723,-0.004035638734653735,0.0023150782063003916,0.012556984005059224,0.006316471789712619,0.015850815119818007,-0.0019797506799419384
2026-08-17,-0.008410489858243442,-0.016378209213862238,-0.0033760408907821393,-0.012267296337335254,-0.002137371663461396,0.016750376304659476,0.0019385089246970466,-0.0044809105193597265,0.010632506417143306,-0.022810118218102526,-0.020080744912723048,-0.002149649724201952,-0.0012544746296822007,-0.0039578477411548185,-0.006929291453414366,0.02914687880320943,0.009987992274373525,-0.0062684579780655225,-0.004727362317670902
2026-08-18,0.0038107683059835917,0.010628243900213885,-0.012596146066750857,-0.0033404879040426216,0.0018359737886821659,-0.000549056674128523,-0.016274046611993942,-0.008086234594317232,-0.04090424948806892,0.006435767262703562,-0.0002941345222592373,0.0009694716630979094,-0.0010049366101712032,0.0013244765262574454,-0.006977641565479087,0.002839898649499295,-0.017115101749848094,-0.015057414216250953,-0.00675574496080833
2026-08-19,0.016654282121715935,0.011217576401550966,0.0049627457754595206,0.01916464696690845,-0.0015271938831427079,0.007142810731707083,0.006131431369093665,0.002506231880770926,-0.015532647064116611,0.015885124794270844,0.008336587698641207,0.004842333917446595,0.0022632613573008165,0.00689723465647063,-0.024072873383135795,0.0019133628730525487,0.0383640923679176,-0.021795281007837564,0.0020977847370853286
2026-08-20,-0.008190822577626156,-0.014097524345412782,-0.013422971246544235,-0.01610588852669903,0.007035766361356721,0.012002144804701853,0.0006898810012396783,-0.00897387289558993,0.0030842928699570393,-0.002597813244830327,-0.008753953096550249,-0.004069389448909222,-0.0018818563029386892,-0.004785567165949578,-0.003866603756135234,0.027728894068269838,0.003431310265562093,-0.043365051004999544,-0.008399827926766523
2026-08-21,-0.0035219095046445936,0.007852748808617749,0.0076930572632849525,0.011484368938350142,-0.005467766660957829,0.005390856365640184,0.007813378223431311,0.0044080980053962104,-0.003963461134172341,0.010919148515980526,0.014326356903228143,-0.00193552508970396,0.0006285645414005891,-0.0013200530535057986,0.0020077163928313713,0.0007433187788477014,0.019505792504578512,0.0035322282686789386,0.004091229991858514
2026-08-24,0.00621567092815023,0.016978739133816756,-0.006634273424195536,0.002372511211767625,-0.0006108305662904101,-0.009651491091556719,-0.0058146891245349774,-0.0030932701597221612,-0.024303193198895956,-0.0024278129550542316,-0.008900123574488994,0.002047011729958692,0.001130397101727798,0.0024547365232345797,-0.0013358298616242825,-0.018048074025526772,0.007865686897826407,-0.0261420947284009,-0.0029384361156037375
2026-08-25,0.01102236030514292,-0.010634691781778227,0.004228703429684844,-0.0029586196564033163,-0.002139331218332763,-0.016242514792279228,0.010550567475379857,0.002864161036926882,0.01649601267852474,-0.004519736161026855,-0.005856500653916186,0.0053758165145951775,0.0027603830790701167,0.006404192611814796,-0.005751659396995845,-0.04583620664284149,0.0032342095547504,-0.0028611903650918036,0.003195939766817757
2026-08-26,-0.00203664305951734,-0.0028894256147097286,-0.0010025944752289906,-0.006697732466301787,0.0027564320477837523,0.0005503703269040816,-0.0034044756655580155,0.00021156913423969748,-8.993521699474094e-05,-0.002793980836488963,0.00530192364867399,-0.00203190687438759,-0.00025013968372011863,-0.0007486484250349701,0.0033633351666411127,0.009512460830180869,-0.015768448815633995,0.006796221047464357,0.00022200767959623668
2026-08-27,-0.0020408913798588557,-0.013793852426181918,0.00294375885251541,-0.010925265659042727,0.0012216611325808202,0.013201307320651612,0.0012525691941782657,0.006345327021952674,0.031001996983000657,0.05223396555988846,0.07744897306814025,-0.0009644029944245736,-0.0003754954240156039,-0.0004682378872326032,-0.0030839537900758662,0.020887287511474728,0.0030380678748822554,-0.0022502292483311814,0.006552844629756693
2026-08-28,-0.003007345761939284,0.004348778164745104,-0.013541857383037703,0.011477413362661837,-0.0030505435683580995,-0.001628701765540086,-0.004662834385802395,-0.0033366058236394824,-0.034712067449280126,-0.005277926029371494,-0.0074329196618252436,-0.004076018776788648,-0.0016276940223376446,-0.0035603754951067934,-0.0006724448488928392,-0.0023844132889141445,-0.03244200486764748,-0.01601195973436742,-0.0022694869107554583
2026-08-31,-0.004343648119223276,-0.005500262741101047,-0.006153907591136765,-0.005289647781059781,0.0006120697182832036,0.014138131457915426,-0.002285181219403132,-0.0031895448029468643,0.0063640498715868965,0.003154893268342951,0.00438359230076335,-0.001184681408030852,0.0008778499458619304,-0.0013164534711789244,-0.009959727362983894,0.03084040165086699,-0.0011494563424524484,-0.020130699377784778,-0.002989548034258882
2026-09-01,-0.004075074249824118,0.003177198921136881,-0.011431223824763692,-0.01715413611176897,0.004892856878232266,0.021447701164178046,-0.006985823356440823,-0.007880404135072183,-0.020498417404016256,-0.03035354569075177,-0.03455176337306631,-0.00333303033057597,-0.0034645861528050936,-0.005162317054776433,-0.012778587956069454,0.05459987448304715,-0.028573559189207676,-0.01746444464706276,-0.006870413937474118
2026-09-02,0.000977088053945252,0.003284424297893551,0.01183876958004415,0.0023562487734820614,0.002434516697348288,0.0005249464190204556,0.005189798705234283,0.0045579151737833445,0.00964750018023297,-0.007567981244040012,-0.02599361582499382,0.0008686409596105893,0.00012644925946170282,0.0012354804401237818,0.022307783660787006,0.0010637864998892521,0.015198484635909004,-0.007260729271219457,0.004436916429827686
2026-09-03,0.0014643410744459295,-0.003156768133144916,0.004013519376527608,0.013929979972500117,-0.001214243732809428,0.0015740129845813744,0.009293178761540233,0.010746099611349313,0.0038511756874106684,0.02881905131055973,0.03413265172883029,0.0010848174635500474,0.001264043399691328,0.0014238398486141612,0.008486124536815298,0.006659599589466714,0.01847162834290339,0.014867461869416454,0.010468417941536634
2026-09-04,0.0017058534198735043,-0.007975549310937247,0.0027778961147701953,-0.013309216885794006,-0.0006078599565473297,-0.004190671716427952,0.005001733768714489,-0.0031501357493102233,0.02607679119856665,-0.02300620244021645,-0.022253364388310826,-0.00032508430530675536,-0.0006311756462711315,-0.00018954164043982757,0.0053425028997355906,-0.0009148400828606906,-0.008410151130527455,-0.003977428431840457,-0.0038542322600894074
2026-09-08,-0.00012166568959803836,-0.006621065014315031,-0.004526900871982709,-0.008006316047932005,0.0009123445125167606,0.015255076522204147,-0.0037326307015099758,-0.005609317682471415,0.011851590954986335,-0.02517365620015044,-0.018265238962311914,-0.0009755700584349603,-0.0005053172521073401,0.0,-0.012754032475504107,0.028669990651896127,-0.017331632085403892,0.001383820831631244,-0.005492178930014524
2026-09-09,-0.005717683804836726,-0.011544767553561819,-0.013676311139271369,-0.013422266863240329,0.0012154673922621928,0.01554410136105644,-0.0076066463375003,-0.005402506504390003,0.0009760646604806134,-0.01809178159852387,-0.00808495812825527,-0.0028212036230350623,-0.0017694563294803345,-0.0016117348590193314,-0.011573185654511597,0.02698077432268553,0.009081369137713402,-0.02594069843253899,-0.004647717444469568
2026-09-10,-0.011623694342551727,0.0004815798482136202,-0.01011561043545861,-0.004446026958321858,0.003945444250859964,0.02295912483839846,-0.012927647669158548,-0.006177491499034904,-0.024395251992020084,-0.00437470967660869,-0.006186829730767673,-0.007834615982028836,-0.004558123512917733,-0.00902095689171023,0.004901325297718584,0.05607790620560715,-0.017329913589140267,-0.008269119519258461,-0.005994275703456675
2026-09-11,0.0011141862917212197,0.0034902354187495988,0.004136322855456953,0.008931764783657092,-0.006045988295401927,-0.012967497826763985,0.009967580272201015,0.008225310134644337,0.01472477969695496,0.009769963398625015,0.003162052415751404,-0.00186442386901009,-0.0002544425306804099,-0.000383297386866599,0.0012193808580698295,-0.02197253996110826,0.006080340476276369,0.005313497341566498,0.008524301461116268
2026-09-14,0.0007419012805249814,0.012472994167928464,-0.003392401507823495,-0.0009737801602953677,0.0009123445125167606,-0.0005053172521073401,-0.012623348655944389,-0.004331585214008116,-0.047543714322890174,0.04474252921580879,0.050433440857798884,-0.0008790443816816262,-0.0008905813763757653,-0.00019168561277704832,0.0028416529908634747,0.011362232633793212,-0.01487070952969316,-0.012725685739408577,-0.004461653484890693
2026-09-15,-0.002718413689281274,-0.008173349085460524,-0.007034367557846699,-0.017456842683252427,0.002734772417432696,0.016177941542755647,-0.004067922662476797,-0.004910829587329801,0.0011264734100877583,-0.01244614132757893,-0.010221271043972191,-0.001209728472257643,-0.0019101175119138336,-0.00019179551175096954,-0.0008096298324780093,0.033192881569553245,0.0033346847846598138,-0.005353540789666544,-0.004586752409134642
2026-09-16,0.00210628386660483,-0.004777329591350132,-0.004278604047233903,-0.0063130787230186725,-0.006363654586553635,-0.014925429786844746,-0.003267505724579456,-0.004237733892664242,0.0063640447515349585,-0.01215638101547345,-0.005589805307687601,-0.000990930832339032,0.0005103459674540289,0.0016302087738331306,-0.017690757819336267,-0.035153851599839636,-0.006114432828691951,0.0031465708477480536,-0.0044098804847823025
2026-09-17,0.011127615683009573,0.0019200310832334644,0.005318326206797064,0.010981988894206207,-0.006099460473844687,-0.004545462427060776,0.01276189697217922,0.010989612291831596,0.02758631105711218,0.0034657815766654387,0.00781249716060195,0.005731253431356498,0.003825593710312214,0.0067975752475992746,0.0,-0.005506823464396904,0.01689895155515475,-0.004003421007843788,0.011338753705953053
2026-09-18,-0.0064807873221813805,-0.008264392873239657,-0.004659589413843923,-0.003231872764624777,0.0018411620680491847,-0.0025367447682904665,-0.005373905622737429,0.00023972585990739148,0.022100952484225944,-0.013264560580020346,-0.013518626599338335,-0.004931473405393794,-0.0024136488625495778,-0.004374350493037582,0.00013744460418108062,-0.009593653066750418,0.007053991815196836,-0.006050051617541574,0.0012869590529585029
2026-09-21,0.006769268329327005,-0.004121184375374454,0.005209364438418129,0.013034209488613113,0.004287835537089002,-0.011190199138452761,0.01478812660779849,0.015102776673785456,0.04019202320571558,0.0230811529461159,0.02664110033491096,0.003854608616274957,0.0019101175119138336,0.0037249226458071494,-0.004810743801129891,-0.0367962774190963,-0.006954678693661731,0.015930356105027244,0.015504992215651825
2026-09-22,-0.000611284228512532,0.009887758863443619,0.005707699977078207,0.0008910137318900446,-0.0033546798029556735,-0.004115222299809096,0.0039012774749025425,0.00044603401820220157,0.01917687383849609,-0.00401625142805262,-0.0035470667708418224,0.00010973270502501187,-0.00012712425256322657,0.0,-0.011112591277987693,-0.02753780865421318,0.004242186908711476,-0.008376138449435189,-0.00015513266604716414
2026-09-23,-0.015779827712872674,-0.0036262908205559885,-0.018418502784472768,-0.014955935883474103,0.0004627298850776729,0.01291322273338813,-0.017944904939520723,-0.007973355812327165,-0.009959583526958915,-0.00014934425263157802,0.012646355729471592,-0.010640644819393641,-0.007245451990479657,-0.011418755257959101,-0.01137807501348187,0.03296779525009841,-0.01797186069881873,-0.008860914406537579,-0.007202161019229769
2026-09-24,-0.012925688880949138,-0.00885603972135074,-0.0009222820418588462,-0.002982393371025016,-0.001233454059541228,0.00968886388553658,-0.00384080351591487,-0.00039659810553427377,-0.0014797786086386822,-0.008962373454386552,-0.008788131005104671,-0.005543851718208259,-0.0026888487653714543,-0.007122897950880724,0.00795687993524452,0.028623224178090823,-0.00302892085781048,0.00037603542012698554,-0.000820521854125067
2026-09-25,-0.001259109499201605,0.004406372384317514,0.00110060908387144,0.0021754701272065358,0.004013617491971377,-0.015151477203040775,0.008879567341376404,0.004469911888405509,0.010057912860354623,-0.017081963480558682,-0.01063928486620791,0.003456322334211892,-0.00038514288781543726,0.0005816534920621841,0.008598824208603695,-0.031092786078131263,0.004391230845776972,0.0,0.005435468794763754
2026-09-28,-0.008824974167112365,0.002680980102955033,-0.0069156725842793865,-0.014109963757614863,0.002459963567999379,-0.006666623629056456,-0.006948447999115093,-0.007850736197346997,-0.010798581870437363,-0.014669776764164921,-0.005471199126185655,-0.0052222357855902235,-0.004109936967836014,-0.007169827248655225,-0.013976239795218781,0.011326047697988617,-0.03939909980863776,-0.02200786822309797,-0.007441486246259066
2026-09-29,-0.004960561892951465,-0.005226061151619499,-0.003606811255169262,0.0013761607878799431,0.0018405330091855188,-0.014455378137019692,-0.0026822548913538746,-0.0015431741643170405,0.011483166174392379,-0.00249007094303777,-0.001991834239446044,-0.0008935756969226105,-0.002321386420563454,-0.0005855133978629468,-0.010205544855538928,-0.04439696451703301,0.013177769675503992,-0.004398133005505178,-0.0018416336927525867
2026-09-30,-0.005752327218797593,-0.015271839014086463,-0.004014175398683095,-0.002840175754965757,0.0021432852158989046,0.011000475788062625,-0.006548147574549135,-0.00271816741647235,0.0034601672457748034,0.011701076907584707,0.011974929876569451,-0.0015651134088852103,-0.0019390062654528473,-0.002245907125366986,-0.005584983236746832,0.01611438758450867,-0.005354065742427805,-0.00819181520033474,-0.002054445562863161
