fundName,fundCik,accession,filingDate,reportDate,cusip,ticker,issuer,shares,valueUsd,putCall
Berkshire Hathaway,0001067983,0001193125-26-352200,2026-08-14,2026-06-30,02005N100,,ALLY FINL INC,12561737.0,577211815000.0,
Berkshire Hathaway,0001067983,0001193125-26-352200,2026-08-14,2026-06-30,02005N100,,ALLY FINL INC,2803875.0,128838056000.0,
Berkshire Hathaway,0001067983,0001193125-26-352200,2026-08-14,2026-06-30,02005N100,,ALLY FINL INC,4228200.0,194285790000.0,
Berkshire Hathaway,0001067983,0001193125-26-352200,2026-08-14,2026-06-30,02005N100,,ALLY FINL INC,1707580.0,78463301000.0,
Berkshire Hathaway,0001067983,0001193125-26-352200,2026-08-14,2026-06-30,02005N100,,ALLY FINL INC,4423608.0,203264788000.0,
Berkshire Hathaway,0001067983,0001193125-26-352200,2026-08-14,2026-06-30,02005N100,,ALLY FINL INC,1275000.0,58586250000.0,
Berkshire Hathaway,0001067983,0001193125-26-352200,2026-08-14,2026-06-30,02079K107,,ALPHABET INC,27188433.0,9606489032000.0,
Berkshire Hathaway,0001067983,0001193125-26-352200,2026-08-14,2026-06-30,02079K305,,ALPHABET INC,16700.0,5968079000.0,
Berkshire Hathaway,0001067983,0001193125-26-352200,2026-08-14,2026-06-30,02079K305,,ALPHABET INC,6700000.0,2394379000000.0,
Berkshire Hathaway,0001067983,0001193125-26-352200,2026-08-14,2026-06-30,02079K305,,ALPHABET INC,6250000.0,2233562500000.0,
Berkshire Hathaway,0001067983,0001193125-26-352200,2026-08-14,2026-06-30,02079K305,,ALPHABET INC,65824467.0,23523689772000.0,
Berkshire Hathaway,0001067983,0001193125-26-352200,2026-08-14,2026-06-30,025816109,,AMERICAN EXPRESS CO,1149942.0,388967882000.0,
Berkshire Hathaway,0001067983,0001193125-26-352200,2026-08-14,2026-06-30,025816109,,AMERICAN EXPRESS CO,149061045.0,50419898471000.0,
Berkshire Hathaway,0001067983,0001193125-26-352200,2026-08-14,2026-06-30,025816109,,AMERICAN EXPRESS CO,1399713.0,473452922000.0,
Berkshire Hathaway,0001067983,0001193125-26-352200,2026-08-14,2026-06-30,037833100,,APPLE INC,692000.0,200237120000.0,
Berkshire Hathaway,0001067983,0001193125-26-352200,2026-08-14,2026-06-30,037833100,,APPLE INC,3840000.0,1111142400000.0,
Berkshire Hathaway,0001067983,0001193125-26-352200,2026-08-14,2026-06-30,037833100,,APPLE INC,34000.0,9838240000.0,
Berkshire Hathaway,0001067983,0001193125-26-352200,2026-08-14,2026-06-30,037833100,,APPLE INC,34724000.0,10047736640000.0,
Berkshire Hathaway,0001067983,0001193125-26-352200,2026-08-14,2026-06-30,037833100,,APPLE INC,2724000.0,788216640000.0,
Berkshire Hathaway,0001067983,0001193125-26-352200,2026-08-14,2026-06-30,037833100,,APPLE INC,15532000.0,4494339520000.0,
Berkshire Hathaway,0001067983,0001193125-26-352200,2026-08-14,2026-06-30,037833100,,APPLE INC,61542988.0,17808079008000.0,
Berkshire Hathaway,0001067983,0001193125-26-352200,2026-08-14,2026-06-30,037833100,,APPLE INC,7204000.0,2084549440000.0,
Berkshire Hathaway,0001067983,0001193125-26-352200,2026-08-14,2026-06-30,037833100,,APPLE INC,14472000.0,4187617920000.0,
Berkshire Hathaway,0001067983,0001193125-26-352200,2026-08-14,2026-06-30,037833100,,APPLE INC,80664820.0,23341172315000.0,
Berkshire Hathaway,0001067983,0001193125-26-352200,2026-08-14,2026-06-30,037833100,,APPLE INC,2712000.0,784744320000.0,
Berkshire Hathaway,0001067983,0001193125-26-352200,2026-08-14,2026-06-30,037833100,,APPLE INC,3776000.0,1092623360000.0,
Berkshire Hathaway,0001067983,0001193125-26-352200,2026-08-14,2026-06-30,060505104,,BANK OF AMER CORP,3920000.0,223361600000.0,
Berkshire Hathaway,0001067983,0001193125-26-352200,2026-08-14,2026-06-30,060505104,,BANK OF AMER CORP,11900000.0,678062000000.0,
Berkshire Hathaway,0001067983,0001193125-26-352200,2026-08-14,2026-06-30,060505104,,BANK OF AMER CORP,145500.0,8290590000.0,
Berkshire Hathaway,0001067983,0001193125-26-352200,2026-08-14,2026-06-30,060505104,,BANK OF AMER CORP,2100000.0,119658000000.0,
Berkshire Hathaway,0001067983,0001193125-26-352200,2026-08-14,2026-06-30,060505104,,BANK OF AMER CORP,21000000.0,1196580000000.0,
Berkshire Hathaway,0001067983,0001193125-26-352200,2026-08-14,2026-06-30,060505104,,BANK OF AMER CORP,308808515.0,17595909185000.0,
Berkshire Hathaway,0001067983,0001193125-26-352200,2026-08-14,2026-06-30,060505104,,BANK OF AMER CORP,125720000.0,7163525600000.0,
Berkshire Hathaway,0001067983,0001193125-26-352200,2026-08-14,2026-06-30,060505104,,BANK OF AMER CORP,9800000.0,558404000000.0,
Berkshire Hathaway,0001067983,0001193125-26-352200,2026-08-14,2026-06-30,14040H105,,CAPITAL ONE FINL CORP,1138112.0,228328029000.0,
Berkshire Hathaway,0001067983,0001193125-26-352200,2026-08-14,2026-06-30,14040H105,,CAPITAL ONE FINL CORP,1861888.0,373531971000.0,
Berkshire Hathaway,0001067983,0001193125-26-352200,2026-08-14,2026-06-30,166764100,,CHEVRON CORPORATION,3454258.0,572577806000.0,
Berkshire Hathaway,0001067983,0001193125-26-352200,2026-08-14,2026-06-30,166764100,,CHEVRON CORPORATION,9192171.0,1523694265000.0,
Berkshire Hathaway,0001067983,0001193125-26-352200,2026-08-14,2026-06-30,166764100,,CHEVRON CORPORATION,13477678.0,2234059905000.0,
Berkshire Hathaway,0001067983,0001193125-26-352200,2026-08-14,2026-06-30,166764100,,CHEVRON CORPORATION,58251749.0,9655809914000.0,
Berkshire Hathaway,0001067983,0001193125-26-352200,2026-08-14,2026-06-30,191216100,,COCA COLA CO,800000.0,65016000000.0,
Berkshire Hathaway,0001067983,0001193125-26-352200,2026-08-14,2026-06-30,191216100,,COCA COLA CO,371471.0,30189448000.0,
Berkshire Hathaway,0001067983,0001193125-26-352200,2026-08-14,2026-06-30,191216100,,COCA COLA CO,85000.0,6907950000.0,
Berkshire Hathaway,0001067983,0001193125-26-352200,2026-08-14,2026-06-30,191216100,,COCA COLA CO,80283200.0,6524615664000.0,
Berkshire Hathaway,0001067983,0001193125-26-352200,2026-08-14,2026-06-30,191216100,,COCA COLA CO,1824000.0,148236480000.0,
Berkshire Hathaway,0001067983,0001193125-26-352200,2026-08-14,2026-06-30,191216100,,COCA COLA CO,14411200.0,1171198224000.0,
Berkshire Hathaway,0001067983,0001193125-26-352200,2026-08-14,2026-06-30,191216100,,COCA COLA CO,14990400.0,1218269808000.0,
Berkshire Hathaway,0001067983,0001193125-26-352200,2026-08-14,2026-06-30,191216100,,COCA COLA CO,282722729.0,22976876186000.0,
Berkshire Hathaway,0001067983,0001193125-26-352200,2026-08-14,2026-06-30,191216100,,COCA COLA CO,3552000.0,288671040000.0,
Berkshire Hathaway,0001067983,0001193125-26-352200,2026-08-14,2026-06-30,191216100,,COCA COLA CO,960000.0,78019200000.0,
Berkshire Hathaway,0001067983,0001193125-26-352200,2026-08-14,2026-06-30,23331A109,,D R HORTON INC,3564.0,580504000.0,
Berkshire Hathaway,0001067983,0001193125-26-352200,2026-08-14,2026-06-30,23918K108,,DAVITA INC,14973608.0,3331328308000.0,
Berkshire Hathaway,0001067983,0001193125-26-352200,2026-08-14,2026-06-30,23918K108,,DAVITA INC,13906601.0,3093940590000.0,
Berkshire Hathaway,0001067983,0001193125-26-352200,2026-08-14,2026-06-30,247361702,,DELTA AIR LINES INC,57320000.0,5368591200000.0,
Berkshire Hathaway,0001067983,0001193125-26-352200,2026-08-14,2026-06-30,47233W109,,JEFFERIES FINANCIAL GROUP IN,433558.0,21669229000.0,
Berkshire Hathaway,0001067983,0001193125-26-352200,2026-08-14,2026-06-30,500754106,,KRAFT HEINZ CO,325634818.0,7691494401000.0,
Berkshire Hathaway,0001067983,0001193125-26-352200,2026-08-14,2026-06-30,501044101,,KROGER CO,5607090.0,311361708000.0,
Berkshire Hathaway,0001067983,0001193125-26-352200,2026-08-14,2026-06-30,501044101,,KROGER CO,768531.0,42676526000.0,
Berkshire Hathaway,0001067983,0001193125-26-352200,2026-08-14,2026-06-30,501044101,,KROGER CO,5367119.0,298036118000.0,
Berkshire Hathaway,0001067983,0001193125-26-352200,2026-08-14,2026-06-30,501044101,,KROGER CO,27257260.0,1513595648000.0,
Berkshire Hathaway,0001067983,0001193125-26-352200,2026-08-14,2026-06-30,526057104,,LENNAR CORP,745392.0,67450522000.0,
Berkshire Hathaway,0001067983,0001193125-26-352200,2026-08-14,2026-06-30,526057104,,LENNAR CORP,12366349.0,1119030921000.0,
Berkshire Hathaway,0001067983,0001193125-26-352200,2026-08-14,2026-06-30,526057302,,LENNAR CORP,298117.0,26445959000.0,
Berkshire Hathaway,0001067983,0001193125-26-352200,2026-08-14,2026-06-30,530909100,,LIBERTY LIVE HOLDINGS INC,1011698.0,102444539000.0,
Berkshire Hathaway,0001067983,0001193125-26-352200,2026-08-14,2026-06-30,530909100,,LIBERTY LIVE HOLDINGS INC,3284775.0,332616317000.0,
Berkshire Hathaway,0001067983,0001193125-26-352200,2026-08-14,2026-06-30,530909100,,LIBERTY LIVE HOLDINGS INC,233347.0,23628717000.0,
Berkshire Hathaway,0001067983,0001193125-26-352200,2026-08-14,2026-06-30,530909100,,LIBERTY LIVE HOLDINGS INC,456768.0,46252328000.0,
Berkshire Hathaway,0001067983,0001193125-26-352200,2026-08-14,2026-06-30,530909308,,LIBERTY LIVE HOLDINGS INC,3479651.0,367590332000.0,
Berkshire Hathaway,0001067983,0001193125-26-352200,2026-08-14,2026-06-30,530909308,,LIBERTY LIVE HOLDINGS INC,5507583.0,581821068000.0,
Berkshire Hathaway,0001067983,0001193125-26-352200,2026-08-14,2026-06-30,530909308,,LIBERTY LIVE HOLDINGS INC,162620.0,17179177000.0,
Berkshire Hathaway,0001067983,0001193125-26-352200,2026-08-14,2026-06-30,530909308,,LIBERTY LIVE HOLDINGS INC,1437289.0,151835210000.0,
Berkshire Hathaway,0001067983,0001193125-26-352200,2026-08-14,2026-06-30,546347105,,LOUISIANA PAC CORP,1319884.0,103822075000.0,
Berkshire Hathaway,0001067983,0001193125-26-352200,2026-08-14,2026-06-30,546347105,,LOUISIANA PAC CORP,4344909.0,341770542000.0,
Berkshire Hathaway,0001067983,0001193125-26-352200,2026-08-14,2026-06-30,55616P104,,MACYS INC,443799.0,10451466000.0,
Berkshire Hathaway,0001067983,0001193125-26-352200,2026-08-14,2026-06-30,55616P104,,MACYS INC,1376226.0,32410122000.0,
Berkshire Hathaway,0001067983,0001193125-26-352200,2026-08-14,2026-06-30,55616P104,,MACYS INC,5527401.0,130170294000.0,
Berkshire Hathaway,0001067983,0001193125-26-352200,2026-08-14,2026-06-30,615369105,,MOODYS CORP,72100.0,32655532000.0,
Berkshire Hathaway,0001067983,0001193125-26-352200,2026-08-14,2026-06-30,615369105,,MOODYS CORP,11973928.0,5423231470000.0,
Berkshire Hathaway,0001067983,0001193125-26-352200,2026-08-14,2026-06-30,615369105,,MOODYS CORP,12623750.0,5717548850000.0,
Berkshire Hathaway,0001067983,0001193125-26-352200,2026-08-14,2026-06-30,62944T105,,NVR INC,11112.0,75710501000.0,
Berkshire Hathaway,0001067983,0001193125-26-352200,2026-08-14,2026-06-30,650111107,,NEW YORK TIMES CO MTN BE,1400000.0,97972000000.0,
Berkshire Hathaway,0001067983,0001193125-26-352200,2026-08-14,2026-06-30,650111107,,NEW YORK TIMES CO MTN BE,14300000.0,1000714000000.0,
Berkshire Hathaway,0001067983,0001193125-26-352200,2026-08-14,2026-06-30,670346105,,NUCOR CORP,1857752.0,413814258000.0,
Berkshire Hathaway,0001067983,0001193125-26-352200,2026-08-14,2026-06-30,674599105,,OCCIDENTAL PETE CORP,264941431.0,12868205304000.0,
Berkshire Hathaway,0001067983,0001193125-26-352200,2026-08-14,2026-06-30,829933100,,SIRIUSXM HOLDINGS INC,15984890.0,472193651000.0,
Berkshire Hathaway,0001067983,0001193125-26-352200,2026-08-14,2026-06-30,829933100,,SIRIUSXM HOLDINGS INC,108822227.0,3214608586000.0,
Berkshire Hathaway,0001067983,0001193125-26-352200,2026-08-14,2026-06-30,92343E102,,VERISIGN INC,972947.0,244754547000.0,
Berkshire Hathaway,0001067983,0001193125-26-352200,2026-08-14,2026-06-30,92343E102,,VERISIGN INC,8016933.0,2016739665000.0,
Berkshire Hathaway,0001067983,0001193125-26-352200,2026-08-14,2026-06-30,H1467J104,,CHUBB LIMITED,34249183.0,11670066615000.0,
Berkshire Hathaway,0001067983,0001193125-26-226661,2026-05-15,2026-03-31,02005N100,,ALLY FINL INC,12719675.0,498992850000.0,
Berkshire Hathaway,0001067983,0001193125-26-226661,2026-05-15,2026-03-31,02005N100,,ALLY FINL INC,2803875.0,109996016000.0,
Berkshire Hathaway,0001067983,0001193125-26-226661,2026-05-15,2026-03-31,02005N100,,ALLY FINL INC,4228200.0,165872286000.0,
Berkshire Hathaway,0001067983,0001193125-26-226661,2026-05-15,2026-03-31,02005N100,,ALLY FINL INC,3137000.0,123064510000.0,
Berkshire Hathaway,0001067983,0001193125-26-226661,2026-05-15,2026-03-31,02005N100,,ALLY FINL INC,4836250.0,189726088000.0,
Berkshire Hathaway,0001067983,0001193125-26-226661,2026-05-15,2026-03-31,02005N100,,ALLY FINL INC,1275000.0,50018250000.0,
Berkshire Hathaway,0001067983,0001193125-26-226661,2026-05-15,2026-03-31,02079K107,,ALPHABET INC,3585215.0,1028454775000.0,
Berkshire Hathaway,0001067983,0001193125-26-226661,2026-05-15,2026-03-31,02079K305,,ALPHABET INC,16700.0,4802252000.0,
Berkshire Hathaway,0001067983,0001193125-26-226661,2026-05-15,2026-03-31,02079K305,,ALPHABET INC,6700000.0,1926652000000.0,
Berkshire Hathaway,0001067983,0001193125-26-226661,2026-05-15,2026-03-31,02079K305,,ALPHABET INC,6250000.0,1797250000000.0,
Berkshire Hathaway,0001067983,0001193125-26-226661,2026-05-15,2026-03-31,02079K305,,ALPHABET INC,41283098.0,11871367661000.0,
Berkshire Hathaway,0001067983,0001193125-26-226661,2026-05-15,2026-03-31,025816109,,AMERICAN EXPRESS CO,1149942.0,347834456000.0,
Berkshire Hathaway,0001067983,0001193125-26-226661,2026-05-15,2026-03-31,025816109,,AMERICAN EXPRESS CO,149061045.0,45087984892000.0,
Berkshire Hathaway,0001067983,0001193125-26-226661,2026-05-15,2026-03-31,025816109,,AMERICAN EXPRESS CO,1399713.0,423385188000.0,
Berkshire Hathaway,0001067983,0001193125-26-226661,2026-05-15,2026-03-31,037833100,,APPLE INC,692000.0,175622680000.0,
Berkshire Hathaway,0001067983,0001193125-26-226661,2026-05-15,2026-03-31,037833100,,APPLE INC,3840000.0,974553600000.0,
Berkshire Hathaway,0001067983,0001193125-26-226661,2026-05-15,2026-03-31,037833100,,APPLE INC,34000.0,8628860000.0,
Berkshire Hathaway,0001067983,0001193125-26-226661,2026-05-15,2026-03-31,037833100,,APPLE INC,34724000.0,8812603960000.0,
Berkshire Hathaway,0001067983,0001193125-26-226661,2026-05-15,2026-03-31,037833100,,APPLE INC,2724000.0,691323960000.0,
Berkshire Hathaway,0001067983,0001193125-26-226661,2026-05-15,2026-03-31,037833100,,APPLE INC,15532000.0,3941866280000.0,
Berkshire Hathaway,0001067983,0001193125-26-226661,2026-05-15,2026-03-31,037833100,,APPLE INC,61542988.0,15618994925000.0,
Berkshire Hathaway,0001067983,0001193125-26-226661,2026-05-15,2026-03-31,037833100,,APPLE INC,7204000.0,1828303160000.0,
Berkshire Hathaway,0001067983,0001193125-26-226661,2026-05-15,2026-03-31,037833100,,APPLE INC,14472000.0,3672848880000.0,
Berkshire Hathaway,0001067983,0001193125-26-226661,2026-05-15,2026-03-31,037833100,,APPLE INC,80664820.0,20471924668000.0,
Berkshire Hathaway,0001067983,0001193125-26-226661,2026-05-15,2026-03-31,037833100,,APPLE INC,2712000.0,688278480000.0,
Berkshire Hathaway,0001067983,0001193125-26-226661,2026-05-15,2026-03-31,037833100,,APPLE INC,3776000.0,958311040000.0,
Berkshire Hathaway,0001067983,0001193125-26-226661,2026-05-15,2026-03-31,060505104,,BANK AMERICA CORP,3920000.0,191100000000.0,
Berkshire Hathaway,0001067983,0001193125-26-226661,2026-05-15,2026-03-31,060505104,,BANK AMERICA CORP,11900000.0,580125000000.0,
Berkshire Hathaway,0001067983,0001193125-26-226661,2026-05-15,2026-03-31,060505104,,BANK AMERICA CORP,145500.0,7093125000.0,
Berkshire Hathaway,0001067983,0001193125-26-226661,2026-05-15,2026-03-31,060505104,,BANK AMERICA CORP,28238665.0,1376634919000.0,
Berkshire Hathaway,0001067983,0001193125-26-226661,2026-05-15,2026-03-31,060505104,,BANK AMERICA CORP,2100000.0,102375000000.0,
Berkshire Hathaway,0001067983,0001193125-26-226661,2026-05-15,2026-03-31,060505104,,BANK AMERICA CORP,21000000.0,1023750000000.0,
Berkshire Hathaway,0001067983,0001193125-26-226661,2026-05-15,2026-03-31,060505104,,BANK AMERICA CORP,310800000.0,15151500000000.0,
Berkshire Hathaway,0001067983,0001193125-26-226661,2026-05-15,2026-03-31,060505104,,BANK AMERICA CORP,125720000.0,6128850000000.0,
Berkshire Hathaway,0001067983,0001193125-26-226661,2026-05-15,2026-03-31,060505104,,BANK AMERICA CORP,9800000.0,477750000000.0,
Berkshire Hathaway,0001067983,0001193125-26-226661,2026-05-15,2026-03-31,14040H105,,CAPITAL ONE FINL CORP,1939213.0,353770628000.0,
Berkshire Hathaway,0001067983,0001193125-26-226661,2026-05-15,2026-03-31,14040H105,,CAPITAL ONE FINL CORP,3073787.0,560750962000.0,
Berkshire Hathaway,0001067983,0001193125-26-226661,2026-05-15,2026-03-31,14040H105,,CAPITAL ONE FINL CORP,2137000.0,389852910000.0,
Berkshire Hathaway,0001067983,0001193125-26-226661,2026-05-15,2026-03-31,166764100,,CHEVRON CORPORATION,3454258.0,714685980000.0,
Berkshire Hathaway,0001067983,0001193125-26-226661,2026-05-15,2026-03-31,166764100,,CHEVRON CORPORATION,9192171.0,1901860180000.0,
Berkshire Hathaway,0001067983,0001193125-26-226661,2026-05-15,2026-03-31,166764100,,CHEVRON CORPORATION,13477678.0,2788531578000.0,
Berkshire Hathaway,0001067983,0001193125-26-226661,2026-05-15,2026-03-31,166764100,,CHEVRON CORPORATION,58251749.0,12052286868000.0,
Berkshire Hathaway,0001067983,0001193125-26-226661,2026-05-15,2026-03-31,191216100,,COCA COLA CO,800000.0,60840000000.0,
Berkshire Hathaway,0001067983,0001193125-26-226661,2026-05-15,2026-03-31,191216100,,COCA COLA CO,371471.0,28250370000.0,
Berkshire Hathaway,0001067983,0001193125-26-226661,2026-05-15,2026-03-31,191216100,,COCA COLA CO,85000.0,6464250000.0,
Berkshire Hathaway,0001067983,0001193125-26-226661,2026-05-15,2026-03-31,191216100,,COCA COLA CO,80283200.0,6105537360000.0,
Berkshire Hathaway,0001067983,0001193125-26-226661,2026-05-15,2026-03-31,191216100,,COCA COLA CO,1824000.0,138715200000.0,
Berkshire Hathaway,0001067983,0001193125-26-226661,2026-05-15,2026-03-31,191216100,,COCA COLA CO,14411200.0,1095971760000.0,
Berkshire Hathaway,0001067983,0001193125-26-226661,2026-05-15,2026-03-31,191216100,,COCA COLA CO,14990400.0,1140019920000.0,
Berkshire Hathaway,0001067983,0001193125-26-226661,2026-05-15,2026-03-31,191216100,,COCA COLA CO,282722729.0,21501063540000.0,
Berkshire Hathaway,0001067983,0001193125-26-226661,2026-05-15,2026-03-31,191216100,,COCA COLA CO,3552000.0,270129600000.0,
Berkshire Hathaway,0001067983,0001193125-26-226661,2026-05-15,2026-03-31,191216100,,COCA COLA CO,960000.0,73008000000.0,
Berkshire Hathaway,0001067983,0001193125-26-226661,2026-05-15,2026-03-31,21036P108,,CONSTELLATION BRANDS INC,632890.0,94933500000.0,
Berkshire Hathaway,0001067983,0001193125-26-226661,2026-05-15,2026-03-31,23918K108,,DAVITA INC,14973608.0,2301293814000.0,
Berkshire Hathaway,0001067983,0001193125-26-226661,2026-05-15,2026-03-31,23918K108,,DAVITA INC,15126977.0,2324865095000.0,
Berkshire Hathaway,0001067983,0001193125-26-226661,2026-05-15,2026-03-31,247361702,,DELTA AIR LINES INC,39809456.0,2646532635000.0,
Berkshire Hathaway,0001067983,0001193125-26-226661,2026-05-15,2026-03-31,47233W109,,JEFFERIES FINANCIAL GROUP IN,433558.0,17892939000.0,
Berkshire Hathaway,0001067983,0001193125-26-226661,2026-05-15,2026-03-31,500754106,,KRAFT HEINZ CO,325634818.0,7323527057000.0,
Berkshire Hathaway,0001067983,0001193125-26-226661,2026-05-15,2026-03-31,501044101,,KROGER CO,16107090.0,1165509032000.0,
Berkshire Hathaway,0001067983,0001193125-26-226661,2026-05-15,2026-03-31,501044101,,KROGER CO,768531.0,55610903000.0,
Berkshire Hathaway,0001067983,0001193125-26-226661,2026-05-15,2026-03-31,501044101,,KROGER CO,5367119.0,388364731000.0,
Berkshire Hathaway,0001067983,0001193125-26-226661,2026-05-15,2026-03-31,501044101,,KROGER CO,500000.0,36180000000.0,
Berkshire Hathaway,0001067983,0001193125-26-226661,2026-05-15,2026-03-31,501044101,,KROGER CO,27257260.0,1972335334000.0,
Berkshire Hathaway,0001067983,0001193125-26-226661,2026-05-15,2026-03-31,526057104,,LENNAR CORP,10099642.0,877052911000.0,
Berkshire Hathaway,0001067983,0001193125-26-226661,2026-05-15,2026-03-31,526057302,,LENNAR CORP,237703.0,19995576000.0,
Berkshire Hathaway,0001067983,0001193125-26-226661,2026-05-15,2026-03-31,530909100,,LIBERTY LIVE HOLDINGS INC,1011698.0,92712005000.0,
Berkshire Hathaway,0001067983,0001193125-26-226661,2026-05-15,2026-03-31,530909100,,LIBERTY LIVE HOLDINGS INC,3284775.0,301016781000.0,
Berkshire Hathaway,0001067983,0001193125-26-226661,2026-05-15,2026-03-31,530909100,,LIBERTY LIVE HOLDINGS INC,233347.0,21383919000.0,
Berkshire Hathaway,0001067983,0001193125-26-226661,2026-05-15,2026-03-31,530909100,,LIBERTY LIVE HOLDINGS INC,456768.0,41858220000.0,
Berkshire Hathaway,0001067983,0001193125-26-226661,2026-05-15,2026-03-31,530909308,,LIBERTY LIVE HOLDINGS INC,3479651.0,327469956000.0,
Berkshire Hathaway,0001067983,0001193125-26-226661,2026-05-15,2026-03-31,530909308,,LIBERTY LIVE HOLDINGS INC,5507583.0,518318636000.0,
Berkshire Hathaway,0001067983,0001193125-26-226661,2026-05-15,2026-03-31,530909308,,LIBERTY LIVE HOLDINGS INC,162620.0,15304168000.0,
Berkshire Hathaway,0001067983,0001193125-26-226661,2026-05-15,2026-03-31,530909308,,LIBERTY LIVE HOLDINGS INC,1437289.0,135263268000.0,
Berkshire Hathaway,0001067983,0001193125-26-226661,2026-05-15,2026-03-31,546347105,,LOUISIANA PAC CORP,1319884.0,96021561000.0,
Berkshire Hathaway,0001067983,0001193125-26-226661,2026-05-15,2026-03-31,546347105,,LOUISIANA PAC CORP,4344909.0,316092130000.0,
Berkshire Hathaway,0001067983,0001193125-26-226661,2026-05-15,2026-03-31,55616P104,,MACYS INC,1376226.0,24895928000.0,
Berkshire Hathaway,0001067983,0001193125-26-226661,2026-05-15,2026-03-31,55616P104,,MACYS INC,1662129.0,30067914000.0,
Berkshire Hathaway,0001067983,0001193125-26-226661,2026-05-15,2026-03-31,615369105,,MOODYS CORP,72100.0,31453625000.0,
Berkshire Hathaway,0001067983,0001193125-26-226661,2026-05-15,2026-03-31,615369105,,MOODYS CORP,11973928.0,5223626090000.0,
Berkshire Hathaway,0001067983,0001193125-26-226661,2026-05-15,2026-03-31,615369105,,MOODYS CORP,12623750.0,5507110938000.0,
Berkshire Hathaway,0001067983,0001193125-26-226661,2026-05-15,2026-03-31,62944T105,,NVR INC,11112.0,73226191000.0,
Berkshire Hathaway,0001067983,0001193125-26-226661,2026-05-15,2026-03-31,650111107,,NEW YORK TIMES CO MTN BE,1400000.0,117222000000.0,
Berkshire Hathaway,0001067983,0001193125-26-226661,2026-05-15,2026-03-31,650111107,,NEW YORK TIMES CO MTN BE,13746535.0,1150997376000.0,
Berkshire Hathaway,0001067983,0001193125-26-226661,2026-05-15,2026-03-31,670346105,,NUCOR CORP,3907075.0,660686383000.0,
Berkshire Hathaway,0001067983,0001193125-26-226661,2026-05-15,2026-03-31,674599105,,OCCIDENTAL PETE CORP,264941431.0,17221193015000.0,
Berkshire Hathaway,0001067983,0001193125-26-226661,2026-05-15,2026-03-31,829933100,,SIRIUSXM HOLDINGS INC,15984890.0,368931261000.0,
Berkshire Hathaway,0001067983,0001193125-26-226661,2026-05-15,2026-03-31,829933100,,SIRIUSXM HOLDINGS INC,108822227.0,2511616999000.0,
Berkshire Hathaway,0001067983,0001193125-26-226661,2026-05-15,2026-03-31,92343E102,,VERISIGN INC,972947.0,241641117000.0,
Berkshire Hathaway,0001067983,0001193125-26-226661,2026-05-15,2026-03-31,92343E102,,VERISIGN INC,8016933.0,1991085480000.0,
Berkshire Hathaway,0001067983,0001193125-26-226661,2026-05-15,2026-03-31,H1467J104,,CHUBB LTD SWITZ,34249183.0,11162836215000.0,
Pershing Square,0001336528,0001172661-26-002336,2026-05-15,2026-03-31,02079K305,,ALPHABET INC,32376.0,9310043000.0,
Pershing Square,0001336528,0001172661-26-002336,2026-05-15,2026-03-31,02079K107,,ALPHABET INC,311726.0,89421720000.0,
Pershing Square,0001336528,0001172661-26-002336,2026-05-15,2026-03-31,023135106,,AMAZON COM INC,11451981.0,2385104083000.0,
Pershing Square,0001336528,0001172661-26-002336,2026-05-15,2026-03-31,11271J107,,BROOKFIELD CORP,59697208.0,2415946008000.0,
Pershing Square,0001336528,0001172661-26-002336,2026-05-15,2026-03-31,42806J700,,HERTZ GLOBAL HLDGS INC,15241127.0,70261595000.0,
Pershing Square,0001336528,0001172661-26-002336,2026-05-15,2026-03-31,44267T102,,HOWARD HUGHES HOLDINGS INC,18852064.0,1192581569000.0,
Pershing Square,0001336528,0001172661-26-002336,2026-05-15,2026-03-31,30303M102,,META PLATFORMS INC,2660861.0,1522358404000.0,
Pershing Square,0001336528,0001172661-26-002336,2026-05-15,2026-03-31,594918104,,MICROSOFT CORP,5654078.0,2092970053000.0,
Pershing Square,0001336528,0001172661-26-002336,2026-05-15,2026-03-31,76131D103,,RESTAURANT BRANDS INTL INC,22645483.0,1673501194000.0,
Pershing Square,0001336528,0001172661-26-002336,2026-05-15,2026-03-31,812215200,,SEAPORT ENTMT GROUP INC,5023780.0,107910794000.0,
Pershing Square,0001336528,0001172661-26-002336,2026-05-15,2026-03-31,90353T100,,UBER TECHNOLOGIES INC,29958771.0,2154934398000.0,
Pershing Square,0001336528,0001172661-26-001091,2026-02-17,2025-12-31,02079K305,,ALPHABET INC,678297.0,212306961000.0,
Pershing Square,0001336528,0001172661-26-001091,2026-02-17,2025-12-31,02079K107,,ALPHABET INC,6163871.0,1934222720000.0,
Pershing Square,0001336528,0001172661-26-001091,2026-02-17,2025-12-31,023135106,,AMAZON COM INC,9607824.0,2217677936000.0,
Pershing Square,0001336528,0001172661-26-001091,2026-02-17,2025-12-31,11271J107,,BROOKFIELD CORP,61403089.0,2817787754000.0,
Pershing Square,0001336528,0001172661-26-001091,2026-02-17,2025-12-31,42806J700,,HERTZ GLOBAL HLDGS INC,15241127.0,78339393000.0,
Pershing Square,0001336528,0001172661-26-001091,2026-02-17,2025-12-31,43300A203,,HILTON WORLDWIDE HLDGS INC,3028664.0,869983734000.0,
Pershing Square,0001336528,0001172661-26-001091,2026-02-17,2025-12-31,44267T102,,HOWARD HUGHES HOLDINGS INC,18852064.0,1503829145000.0,
Pershing Square,0001336528,0001172661-26-001091,2026-02-17,2025-12-31,30303M102,,META PLATFORMS INC,2673569.0,1764796161000.0,
Pershing Square,0001336528,0001172661-26-001091,2026-02-17,2025-12-31,76131D103,,RESTAURANT BRANDS INTL INC,22866773.0,1560199922000.0,
Pershing Square,0001336528,0001172661-26-001091,2026-02-17,2025-12-31,812215200,,SEAPORT ENTMT GROUP INC,5023780.0,99320131000.0,
Pershing Square,0001336528,0001172661-26-001091,2026-02-17,2025-12-31,90353T100,,UBER TECHNOLOGIES INC,30207734.0,2468273945000.0,
Baupost Group,0001061768,0001061768-26-000010,2026-08-13,2026-06-30,02079K107,,ALPHABET INC,1371931.0,484744000.0,
Baupost Group,0001061768,0001061768-26-000010,2026-08-13,2026-06-30,023135106,,AMAZON COM INC,3743854.0,892310000.0,
Baupost Group,0001061768,0001061768-26-000010,2026-08-13,2026-06-30,03064D108,,AMERICOLD REALTY TRUST INC,6830230.0,107371000.0,
Baupost Group,0001061768,0001061768-26-000010,2026-08-13,2026-06-30,G0403H108,,AON PLC,687000.0,227871000.0,
Baupost Group,0001061768,0001061768-26-000010,2026-08-13,2026-06-30,G0750C108,,AXALTA COATING SYS LTD,1274356.0,43608000.0,
Baupost Group,0001061768,0001061768-26-000010,2026-08-13,2026-06-30,12572Q105,,CME GROUP INC,619000.0,136694000.0,
Baupost Group,0001061768,0001061768-26-000010,2026-08-13,2026-06-30,67011P100,,DNOW INC,2788000.0,36160000.0,
Baupost Group,0001061768,0001061768-26-000010,2026-08-13,2026-06-30,26969P108,,EAGLE MATLS INC,530763.0,119422000.0,
Baupost Group,0001061768,0001061768-26-000010,2026-08-13,2026-06-30,036752103,,ELEVANCE HEALTH INC FORMERLY,1275154.0,493140000.0,
Baupost Group,0001061768,0001061768-26-000010,2026-08-13,2026-06-30,31488V107,,FERGUSON ENTERPRISES INC,1450594.0,344269000.0,
Baupost Group,0001061768,0001061768-26-000010,2026-08-13,2026-06-30,36165L108,,GDS HLDGS LTD,3769818.0,113208000.0,
Baupost Group,0001061768,0001061768-26-000010,2026-08-13,2026-06-30,372460105,,GENUINE PARTS CO,2816178.0,332253000.0,
Baupost Group,0001061768,0001061768-26-000010,2026-08-13,2026-06-30,40054J109,,GRUPO AEROMEXICO SAB DE CV,4880188.0,87843000.0,
Baupost Group,0001061768,0001061768-26-000010,2026-08-13,2026-06-30,G4412G101,,HERBALIFE LTD,9259844.0,121767000.0,
Baupost Group,0001061768,0001061768-26-000010,2026-08-13,2026-06-30,G61188127,,LIBERTY GLOBAL LTD,8543161.0,93975000.0,
Baupost Group,0001061768,0001061768-26-000010,2026-08-13,2026-06-30,60855R100,,MOLINA HEALTHCARE INC,633609.0,144906000.0,
Baupost Group,0001061768,0001061768-26-000010,2026-08-13,2026-06-30,G66721104,,NORWEGIAN CRUISE LINE HLDGS,7730000.0,163180000.0,
Baupost Group,0001061768,0001061768-26-000010,2026-08-13,2026-06-30,71531U102,,PERSHING SQUARE INC,392000.0,12881000.0,
Baupost Group,0001061768,0001061768-26-000010,2026-08-13,2026-06-30,76131D103,,RESTAURANT BRANDS INTL INC,6753112.0,489612000.0,
Baupost Group,0001061768,0001061768-26-000010,2026-08-13,2026-06-30,879369106,,TELEFLEX INCORPORATED,1409000.0,178605000.0,
Baupost Group,0001061768,0001061768-26-000010,2026-08-13,2026-06-30,907818108,,UNION PAC CORP,1185395.0,322427000.0,
Baupost Group,0001061768,0001061768-26-000010,2026-08-13,2026-06-30,92826C839,,VISA INC,701355.0,240628000.0,
Baupost Group,0001061768,0001061768-26-000010,2026-08-13,2026-06-30,95082P105,,WESCO INTL INC,662881.0,228979000.0,
Baupost Group,0001061768,0001061768-26-000007,2026-05-14,2026-03-31,02079K107,,ALPHABET INC,1181131.0,338819000.0,
Baupost Group,0001061768,0001061768-26-000007,2026-05-14,2026-03-31,023135106,,AMAZON COM INC,3118754.0,649543000.0,
Baupost Group,0001061768,0001061768-26-000007,2026-05-14,2026-03-31,03064D108,,AMERICOLD REALTY TRUST INC,7780800.0,89168000.0,
Baupost Group,0001061768,0001061768-26-000007,2026-05-14,2026-03-31,G0403H108,,AON PLC,769000.0,248218000.0,
Baupost Group,0001061768,0001061768-26-000007,2026-05-14,2026-03-31,67011P100,,DNOW INC,3625000.0,43174000.0,
Baupost Group,0001061768,0001061768-26-000007,2026-05-14,2026-03-31,26969P108,,EAGLE MATLS INC,892763.0,169134000.0,
Baupost Group,0001061768,0001061768-26-000007,2026-05-14,2026-03-31,036752103,,ELEVANCE HEALTH INC FORMERLY,1275154.0,373301000.0,
Baupost Group,0001061768,0001061768-26-000007,2026-05-14,2026-03-31,31488V107,,FERGUSON ENTERPRISES INC,1442411.0,336457000.0,
Baupost Group,0001061768,0001061768-26-000007,2026-05-14,2026-03-31,36165L108,,GDS HLDGS LTD,3044818.0,122676000.0,
Baupost Group,0001061768,0001061768-26-000007,2026-05-14,2026-03-31,372460105,,GENUINE PARTS CO,1490348.0,157604000.0,
Baupost Group,0001061768,0001061768-26-000007,2026-05-14,2026-03-31,40054J109,,GRUPO AEROMEXICO SAB DE CV,4880188.0,68371000.0,
Baupost Group,0001061768,0001061768-26-000007,2026-05-14,2026-03-31,G4412G101,,HERBALIFE LTD,9259844.0,136305000.0,
Baupost Group,0001061768,0001061768-26-000007,2026-05-14,2026-03-31,G61188127,,LIBERTY GLOBAL LTD,13397247.0,157150000.0,
Baupost Group,0001061768,0001061768-26-000007,2026-05-14,2026-03-31,60855R100,,MOLINA HEALTHCARE INC,633609.0,84460000.0,
Baupost Group,0001061768,0001061768-26-000007,2026-05-14,2026-03-31,G66721104,,NORWEGIAN CRUISE LINE HLDGS,3630000.0,67881000.0,
Baupost Group,0001061768,0001061768-26-000007,2026-05-14,2026-03-31,76131D103,,RESTAURANT BRANDS INTL INC,8080112.0,597208000.0,
Baupost Group,0001061768,0001061768-26-000007,2026-05-14,2026-03-31,879369106,,TELEFLEX INCORPORATED,1595000.0,190778000.0,
Baupost Group,0001061768,0001061768-26-000007,2026-05-14,2026-03-31,907818108,,UNION PAC CORP,1540995.0,373876000.0,
Baupost Group,0001061768,0001061768-26-000007,2026-05-14,2026-03-31,92243G108,,VAXCYTE INC,800000.0,46488000.0,
Baupost Group,0001061768,0001061768-26-000007,2026-05-14,2026-03-31,92826C839,,VISA INC,701355.0,211978000.0,
Baupost Group,0001061768,0001061768-26-000007,2026-05-14,2026-03-31,95082P105,,WESCO INTL INC,1436881.0,393159000.0,
Baupost Group,0001061768,0001061768-26-000007,2026-05-14,2026-03-31,G96629103,,WILLIS TOWERS WATSON PLC LTD,893126.0,259632000.0,
Greenlight Capital,0001079114,0001172661-24-001512,2024-02-14,2023-12-31,N00985106,,AERCAP HOLDINGS NV,105090.0,7810289000.0,
Greenlight Capital,0001079114,0001172661-24-001512,2024-02-14,2023-12-31,N00985106,,AERCAP HOLDINGS NV,144910.0,10769711000.0,
Greenlight Capital,0001079114,0001172661-24-001512,2024-02-14,2023-12-31,01626W101,,ALIGHT INC,3591990.0,30639675000.0,
Greenlight Capital,0001079114,0001172661-24-001512,2024-02-14,2023-12-31,01626W101,,ALIGHT INC,371270.0,3166933000.0,
Greenlight Capital,0001079114,0001172661-24-001512,2024-02-14,2023-12-31,01626W101,,ALIGHT INC,5224520.0,44565156000.0,
Greenlight Capital,0001079114,0001172661-24-001512,2024-02-14,2023-12-31,01626W101,,ALIGHT INC,53890.0,459682000.0,
Greenlight Capital,0001079114,0001172661-24-001512,2024-02-14,2023-12-31,10922N103,,BRIGHTHOUSE FINL INC,1639198.0,86746358000.0,
Greenlight Capital,0001079114,0001172661-24-001512,2024-02-14,2023-12-31,10922N103,,BRIGHTHOUSE FINL INC,181752.0,9618316000.0,
Greenlight Capital,0001079114,0001172661-24-001512,2024-02-14,2023-12-31,10922N103,,BRIGHTHOUSE FINL INC,769267.0,40709610000.0,
Greenlight Capital,0001079114,0001172661-24-001512,2024-02-14,2023-12-31,10922N103,,BRIGHTHOUSE FINL INC,453406.0,23994246000.0,
Greenlight Capital,0001079114,0001172661-24-001512,2024-02-14,2023-12-31,20854L108,,CONSOL ENERGY INC NEW,17427.0,1751936000.0,
Greenlight Capital,0001079114,0001172661-24-001512,2024-02-14,2023-12-31,20854L108,,CONSOL ENERGY INC NEW,343633.0,34545425000.0,
Greenlight Capital,0001079114,0001172661-24-001512,2024-02-14,2023-12-31,20854L108,,CONSOL ENERGY INC NEW,1067793.0,107345230000.0,
Greenlight Capital,0001079114,0001172661-24-001512,2024-02-14,2023-12-31,20854L108,,CONSOL ENERGY INC NEW,676724.0,68031064000.0,
Greenlight Capital,0001079114,0001172661-24-001512,2024-02-14,2023-12-31,22407B108,,COYA THERAPEUTICS INC,595163.0,4410158000.0,
Greenlight Capital,0001079114,0001172661-24-001512,2024-02-14,2023-12-31,22407B108,,COYA THERAPEUTICS INC,239101.0,1771738000.0,
Greenlight Capital,0001079114,0001172661-24-001512,2024-02-14,2023-12-31,22407B108,,COYA THERAPEUTICS INC,439762.0,3258637000.0,
Greenlight Capital,0001079114,0001172661-24-001512,2024-02-14,2023-12-31,236272100,,DANIMER SCIENTIFIC INC,365196.0,372500000.0,
Greenlight Capital,0001079114,0001172661-24-001512,2024-02-14,2023-12-31,236272100,,DANIMER SCIENTIFIC INC,1357936.0,1385095000.0,
Greenlight Capital,0001079114,0001172661-24-001512,2024-02-14,2023-12-31,236272100,,DANIMER SCIENTIFIC INC,977548.0,997099000.0,
Greenlight Capital,0001079114,0001172661-24-001512,2024-02-14,2023-12-31,236272100,,DANIMER SCIENTIFIC INC,33900.0,34578000.0,
Greenlight Capital,0001079114,0001172661-24-001512,2024-02-14,2023-12-31,Y2065G121,,DHT HOLDINGS INC,2084000.0,20444040000.0,
Greenlight Capital,0001079114,0001172661-24-001512,2024-02-14,2023-12-31,Y2065G121,,DHT HOLDINGS INC,1316730.0,12917121000.0,
Greenlight Capital,0001079114,0001172661-24-001512,2024-02-14,2023-12-31,Y2065G121,,DHT HOLDINGS INC,379150.0,3719462000.0,
Greenlight Capital,0001079114,0001172661-24-001512,2024-02-14,2023-12-31,31946M103,,FIRST CTZNS BANCSHARES INC N,12910.0,18318903000.0,
Greenlight Capital,0001079114,0001172661-24-001512,2024-02-14,2023-12-31,31946M103,,FIRST CTZNS BANCSHARES INC N,8430.0,11961917000.0,
Greenlight Capital,0001079114,0001172661-24-001512,2024-02-14,2023-12-31,31946M103,,FIRST CTZNS BANCSHARES INC N,3480.0,4938016000.0,
Greenlight Capital,0001079114,0001172661-24-001512,2024-02-14,2023-12-31,320517105,,FIRST HORIZON CORPORATION,474740.0,6722318000.0,
Greenlight Capital,0001079114,0001172661-24-001512,2024-02-14,2023-12-31,320517105,,FIRST HORIZON CORPORATION,659480.0,9338237000.0,
Greenlight Capital,0001079114,0001172661-24-001512,2024-02-14,2023-12-31,320517105,,FIRST HORIZON CORPORATION,242870.0,3439039000.0,
Greenlight Capital,0001079114,0001172661-24-001512,2024-02-14,2023-12-31,33733E807,,FIRST TR EXCHANGE-TRADED FD,23070.0,560370000.0,
Greenlight Capital,0001079114,0001172661-24-001512,2024-02-14,2023-12-31,33733E807,,FIRST TR EXCHANGE-TRADED FD,26380.0,640770000.0,
Greenlight Capital,0001079114,0001172661-24-001512,2024-02-14,2023-12-31,33733E807,,FIRST TR EXCHANGE-TRADED FD,9090.0,220796000.0,
Greenlight Capital,0001079114,0001172661-24-001512,2024-02-14,2023-12-31,36269B105,,GAIN THERAPEUTICS INC,253646.0,828154000.0,
Greenlight Capital,0001079114,0001172661-24-001512,2024-02-14,2023-12-31,36269B105,,GAIN THERAPEUTICS INC,260764.0,851394000.0,
Greenlight Capital,0001079114,0001172661-24-001512,2024-02-14,2023-12-31,36269B105,,GAIN THERAPEUTICS INC,74000.0,241610000.0,
Greenlight Capital,0001079114,0001172661-24-001512,2024-02-14,2023-12-31,36315X101,,GALAPAGOS NV,56583.0,2300099000.0,
Greenlight Capital,0001079114,0001172661-24-001512,2024-02-14,2023-12-31,36315X101,,GALAPAGOS NV,20610.0,837797000.0,
Greenlight Capital,0001079114,0001172661-24-001512,2024-02-14,2023-12-31,36315X101,,GALAPAGOS NV,85385.0,3470900000.0,
Greenlight Capital,0001079114,0001172661-24-001512,2024-02-14,2023-12-31,38268T103,,GOPRO INC,1029220.0,3571393000.0,
Greenlight Capital,0001079114,0001172661-24-001512,2024-02-14,2023-12-31,38268T103,,GOPRO INC,1429720.0,4961128000.0,
Greenlight Capital,0001079114,0001172661-24-001512,2024-02-14,2023-12-31,38268T103,,GOPRO INC,364160.0,1263635000.0,
Greenlight Capital,0001079114,0001172661-24-001512,2024-02-14,2023-12-31,388689101,,GRAPHIC PACKAGING HLDG CO,822616.0,20277484000.0,
Greenlight Capital,0001079114,0001172661-24-001512,2024-02-14,2023-12-31,388689101,,GRAPHIC PACKAGING HLDG CO,428590.0,10564744000.0,
Greenlight Capital,0001079114,0001172661-24-001512,2024-02-14,2023-12-31,388689101,,GRAPHIC PACKAGING HLDG CO,1284894.0,31672637000.0,
Greenlight Capital,0001079114,0001172661-24-001512,2024-02-14,2023-12-31,392709101,,GREEN BRICK PARTNERS INC,834545.0,43346267000.0,
Greenlight Capital,0001079114,0001172661-24-001512,2024-02-14,2023-12-31,392709101,,GREEN BRICK PARTNERS INC,7830148.0,406697887000.0,
Greenlight Capital,0001079114,0001172661-24-001512,2024-02-14,2023-12-31,392709101,,GREEN BRICK PARTNERS INC,2740190.0,142325469000.0,
Greenlight Capital,0001079114,0001172661-24-001512,2024-02-14,2023-12-31,402635502,,GULFPORT ENERGY CORP,72520.0,9659664000.0,
Greenlight Capital,0001079114,0001172661-24-001512,2024-02-14,2023-12-31,402635502,,GULFPORT ENERGY CORP,39320.0,5237424000.0,
Greenlight Capital,0001079114,0001172661-24-001512,2024-02-14,2023-12-31,402635502,,GULFPORT ENERGY CORP,111130.0,14802516000.0,
Greenlight Capital,0001079114,0001172661-24-001512,2024-02-14,2023-12-31,42704L104,,HERC HLDGS INC,64898.0,9662663000.0,
Greenlight Capital,0001079114,0001172661-24-001512,2024-02-14,2023-12-31,42704L104,,HERC HLDGS INC,23920.0,3561449000.0,
Greenlight Capital,0001079114,0001172661-24-001512,2024-02-14,2023-12-31,42704L104,,HERC HLDGS INC,46792.0,6966861000.0,
Greenlight Capital,0001079114,0001172661-24-001512,2024-02-14,2023-12-31,46090F100,,INVESCO ACTVELY MNGD ETC FD,15070.0,200431000.0,
Greenlight Capital,0001079114,0001172661-24-001512,2024-02-14,2023-12-31,46090F100,,INVESCO ACTVELY MNGD ETC FD,38230.0,508459000.0,
Greenlight Capital,0001079114,0001172661-24-001512,2024-02-14,2023-12-31,46090F100,,INVESCO ACTVELY MNGD ETC FD,43690.0,581077000.0,
Greenlight Capital,0001079114,0001172661-24-001512,2024-02-14,2023-12-31,46137V100,,INVESCO EXCHANGE TRADED FD T,31260.0,2880922000.0,
Greenlight Capital,0001079114,0001172661-24-001512,2024-02-14,2023-12-31,46137V100,,INVESCO EXCHANGE TRADED FD T,94121.0,8674191000.0,
Greenlight Capital,0001079114,0001172661-24-001512,2024-02-14,2023-12-31,46137V100,,INVESCO EXCHANGE TRADED FD T,60140.0,5542502000.0,
Greenlight Capital,0001079114,0001172661-24-001512,2024-02-14,2023-12-31,49177J102,,KENVUE INC,231650.0,4987425000.0,
Greenlight Capital,0001079114,0001172661-24-001512,2024-02-14,2023-12-31,49177J102,,KENVUE INC,322840.0,6950745000.0,
Greenlight Capital,0001079114,0001172661-24-001512,2024-02-14,2023-12-31,50155Q100,,KYNDRYL HLDGS INC,3354975.0,69716381000.0,
Greenlight Capital,0001079114,0001172661-24-001512,2024-02-14,2023-12-31,50155Q100,,KYNDRYL HLDGS INC,921284.0,19144282000.0,
Greenlight Capital,0001079114,0001172661-24-001512,2024-02-14,2023-12-31,50155Q100,,KYNDRYL HLDGS INC,2079810.0,43218452000.0,
Greenlight Capital,0001079114,0001172661-24-001512,2024-02-14,2023-12-31,G5509L101,,LIVANOVA PLC,209390.0,10833839000.0,
Greenlight Capital,0001079114,0001172661-24-001512,2024-02-14,2023-12-31,G5509L101,,LIVANOVA PLC,622294.0,32197492000.0,
Greenlight Capital,0001079114,0001172661-24-001512,2024-02-14,2023-12-31,G5509L101,,LIVANOVA PLC,397632.0,20573480000.0,
Greenlight Capital,0001079114,0001172661-24-001512,2024-02-14,2023-12-31,64107A105,,NET POWER INC,973171.0,9829027000.0,
Greenlight Capital,0001079114,0001172661-24-001512,2024-02-14,2023-12-31,64107A105,,NET POWER INC,1491235.0,15061474000.0,
Greenlight Capital,0001079114,0001172661-24-001512,2024-02-14,2023-12-31,64107A105,,NET POWER INC,527704.0,5329810000.0,
Greenlight Capital,0001079114,0001172661-24-001512,2024-02-14,2023-12-31,64132K201,,NEUBASE THERAPEUTICS INC,63579.0,47055000.0,
Greenlight Capital,0001079114,0001172661-24-001512,2024-02-14,2023-12-31,64132K201,,NEUBASE THERAPEUTICS INC,54731.0,40506000.0,
Greenlight Capital,0001079114,0001172661-24-001512,2024-02-14,2023-12-31,64132K201,,NEUBASE THERAPEUTICS INC,18040.0,13351000.0,
Greenlight Capital,0001079114,0001172661-24-001512,2024-02-14,2023-12-31,649445103,,NEW YORK CMNTY BANCORP INC,350980.0,3590525000.0,
Greenlight Capital,0001079114,0001172661-24-001512,2024-02-14,2023-12-31,649445103,,NEW YORK CMNTY BANCORP INC,859220.0,8789821000.0,
Greenlight Capital,0001079114,0001172661-24-001512,2024-02-14,2023-12-31,649445103,,NEW YORK CMNTY BANCORP INC,618530.0,6327562000.0,
Greenlight Capital,0001079114,0001172661-24-001512,2024-02-14,2023-12-31,67080N101,,NUVATION BIO INC,34995.0,52842000.0,
Greenlight Capital,0001079114,0001172661-24-001512,2024-02-14,2023-12-31,67080N119,,NUVATION BIO INC,100000.0,6000000.0,
Greenlight Capital,0001079114,0001172661-24-001512,2024-02-14,2023-12-31,G7997W102,,SEADRILL 2021 LTD,184125.0,8705430000.0,
Greenlight Capital,0001079114,0001172661-24-001512,2024-02-14,2023-12-31,G7997W102,,SEADRILL 2021 LTD,73280.0,3464678000.0,
Greenlight Capital,0001079114,0001172661-24-001512,2024-02-14,2023-12-31,G7997W102,,SEADRILL 2021 LTD,286530.0,13547138000.0,
Greenlight Capital,0001079114,0001172661-24-001512,2024-02-14,2023-12-31,83601L102,,SOTERA HEALTH CO,133531.0,2249997000.0,
Greenlight Capital,0001079114,0001172661-24-001512,2024-02-14,2023-12-31,83601L102,,SOTERA HEALTH CO,131500.0,2215775000.0,
Greenlight Capital,0001079114,0001172661-24-001512,2024-02-14,2023-12-31,83601L102,,SOTERA HEALTH CO,71939.0,1212172000.0,
Greenlight Capital,0001079114,0001172661-24-001512,2024-02-14,2023-12-31,78463V107,,SPDR GOLD TR,218161.0,41705838000.0,
Greenlight Capital,0001079114,0001172661-24-001512,2024-02-14,2023-12-31,78463V107,,SPDR GOLD TR,137523.0,26290272000.0,
Greenlight Capital,0001079114,0001172661-24-001512,2024-02-14,2023-12-31,78463V107,,SPDR GOLD TR,31260.0,5975974000.0,
Greenlight Capital,0001079114,0001172661-24-001512,2024-02-14,2023-12-31,78464A631,,SPDR SER TR,65787.0,8908876000.0,
Greenlight Capital,0001079114,0001172661-24-001512,2024-02-14,2023-12-31,78464A631,,SPDR SER TR,21850.0,2958927000.0,
Greenlight Capital,0001079114,0001172661-24-001512,2024-02-14,2023-12-31,78464A631,,SPDR SER TR,42030.0,5691703000.0,
Greenlight Capital,0001079114,0001172661-24-001512,2024-02-14,2023-12-31,87424L207,,TALIS BIOMEDICAL CORP,19436.0,144798000.0,
Greenlight Capital,0001079114,0001172661-24-001512,2024-02-14,2023-12-31,87424L207,,TALIS BIOMEDICAL CORP,59500.0,443275000.0,
Greenlight Capital,0001079114,0001172661-24-001512,2024-02-14,2023-12-31,87424L207,,TALIS BIOMEDICAL CORP,70116.0,522364000.0,
Greenlight Capital,0001079114,0001172661-24-001512,2024-02-14,2023-12-31,878742204,,TECK RESOURCES LTD,273730.0,11570567000.0,
Greenlight Capital,0001079114,0001172661-24-001512,2024-02-14,2023-12-31,878742204,,TECK RESOURCES LTD,504798.0,21337811000.0,
Greenlight Capital,0001079114,0001172661-24-001512,2024-02-14,2023-12-31,878742204,,TECK RESOURCES LTD,773535.0,32697324000.0,
Greenlight Capital,0001079114,0001172661-24-001512,2024-02-14,2023-12-31,88033G407,,TENET HEALTHCARE CORP,204097.0,15423610000.0,
Greenlight Capital,0001079114,0001172661-24-001512,2024-02-14,2023-12-31,88033G407,,TENET HEALTHCARE CORP,425642.0,32165766000.0,
Greenlight Capital,0001079114,0001172661-24-001512,2024-02-14,2023-12-31,88033G407,,TENET HEALTHCARE CORP,686231.0,51858477000.0,
Greenlight Capital,0001079114,0001172661-24-001512,2024-02-14,2023-12-31,881624209,,TEVA PHARMACEUTICAL INDS LTD,110960.0,1158422000.0,
Greenlight Capital,0001079114,0001172661-24-001512,2024-02-14,2023-12-31,881624209,,TEVA PHARMACEUTICAL INDS LTD,157510.0,1644404000.0,
Greenlight Capital,0001079114,0001172661-24-001512,2024-02-14,2023-12-31,88337F105,,THE ODP CORP,880483.0,49571193000.0,
Greenlight Capital,0001079114,0001172661-24-001512,2024-02-14,2023-12-31,88337F105,,THE ODP CORP,298601.0,16811236000.0,
Greenlight Capital,0001079114,0001172661-24-001512,2024-02-14,2023-12-31,88337F105,,THE ODP CORP,569016.0,32035601000.0,
Greenlight Capital,0001079114,0001172661-24-001512,2024-02-14,2023-12-31,92189H607,,VANECK ETF TRUST,1080.0,334282000.0,
Greenlight Capital,0001079114,0001172661-24-001512,2024-02-14,2023-12-31,92189H607,,VANECK ETF TRUST,3240.0,1002845000.0,
Greenlight Capital,0001079114,0001172661-24-001512,2024-02-14,2023-12-31,92189H607,,VANECK ETF TRUST,4950.0,1532124000.0,
Greenlight Capital,0001079114,0001172661-24-001512,2024-02-14,2023-12-31,92556V106,,VIATRIS INC,1968520.0,21319072000.0,
Greenlight Capital,0001079114,0001172661-24-001512,2024-02-14,2023-12-31,92556V106,,VIATRIS INC,1387250.0,15023918000.0,
Greenlight Capital,0001079114,0001172661-24-001512,2024-02-14,2023-12-31,G48833118,,WEATHERFORD INTL PLC,227562.0,22262390000.0,
Greenlight Capital,0001079114,0001172661-24-001512,2024-02-14,2023-12-31,G48833118,,WEATHERFORD INTL PLC,80530.0,7878250000.0,
Greenlight Capital,0001079114,0001172661-24-001512,2024-02-14,2023-12-31,G48833118,,WEATHERFORD INTL PLC,148513.0,14529027000.0,
Greenlight Capital,0001079114,0001172661-23-004012,2023-11-14,2023-09-30,00507V109,,ACTIVISION BLIZZARD INC,122950.0,11511809000.0,
Greenlight Capital,0001079114,0001172661-23-004012,2023-11-14,2023-09-30,00507V109,,ACTIVISION BLIZZARD INC,45280.0,4239566000.0,
Greenlight Capital,0001079114,0001172661-23-004012,2023-11-14,2023-09-30,00507V109,,ACTIVISION BLIZZARD INC,88510.0,8287191000.0,
Greenlight Capital,0001079114,0001172661-23-004012,2023-11-14,2023-09-30,00751Y106,,ADVANCE AUTO PARTS INC,8100.0,453033000.0,
Greenlight Capital,0001079114,0001172661-23-004012,2023-11-14,2023-09-30,00751Y106,,ADVANCE AUTO PARTS INC,14670.0,820493000.0,
Greenlight Capital,0001079114,0001172661-23-004012,2023-11-14,2023-09-30,00751Y106,,ADVANCE AUTO PARTS INC,14800.0,827764000.0,
Greenlight Capital,0001079114,0001172661-23-004012,2023-11-14,2023-09-30,10922N103,,BRIGHTHOUSE FINL INC,890237.0,43568199000.0,
Greenlight Capital,0001079114,0001172661-23-004012,2023-11-14,2023-09-30,10922N103,,BRIGHTHOUSE FINL INC,552526.0,27040622000.0,
Greenlight Capital,0001079114,0001172661-23-004012,2023-11-14,2023-09-30,10922N103,,BRIGHTHOUSE FINL INC,181752.0,8894943000.0,
Greenlight Capital,0001079114,0001172661-23-004012,2023-11-14,2023-09-30,10922N103,,BRIGHTHOUSE FINL INC,1518228.0,74302078000.0,
Greenlight Capital,0001079114,0001172661-23-004012,2023-11-14,2023-09-30,20854L108,,CONSOL ENERGY INC NEW,348853.0,36598168000.0,
Greenlight Capital,0001079114,0001172661-23-004012,2023-11-14,2023-09-30,20854L108,,CONSOL ENERGY INC NEW,19077.0,2001368000.0,
Greenlight Capital,0001079114,0001172661-23-004012,2023-11-14,2023-09-30,20854L108,,CONSOL ENERGY INC NEW,1144228.0,120040959000.0,
Greenlight Capital,0001079114,0001172661-23-004012,2023-11-14,2023-09-30,20854L108,,CONSOL ENERGY INC NEW,891969.0,93576468000.0,
Greenlight Capital,0001079114,0001172661-23-004012,2023-11-14,2023-09-30,22407B108,,COYA THERAPEUTICS INC,272149.0,1045052000.0,
Greenlight Capital,0001079114,0001172661-23-004012,2023-11-14,2023-09-30,22407B108,,COYA THERAPEUTICS INC,195918.0,752325000.0,
Greenlight Capital,0001079114,0001172661-23-004012,2023-11-14,2023-09-30,236272100,,DANIMER SCIENTIFIC INC,1226046.0,2537915000.0,
Greenlight Capital,0001079114,0001172661-23-004012,2023-11-14,2023-09-30,236272100,,DANIMER SCIENTIFIC INC,365196.0,755956000.0,
Greenlight Capital,0001079114,0001172661-23-004012,2023-11-14,2023-09-30,236272100,,DANIMER SCIENTIFIC INC,977548.0,2023524000.0,
Greenlight Capital,0001079114,0001172661-23-004012,2023-11-14,2023-09-30,236272100,,DANIMER SCIENTIFIC INC,33900.0,70173000.0,
Greenlight Capital,0001079114,0001172661-23-004012,2023-11-14,2023-09-30,Y2065G121,,DHT HOLDINGS INC,737270.0,7593881000.0,
Greenlight Capital,0001079114,0001172661-23-004012,2023-11-14,2023-09-30,Y2065G121,,DHT HOLDINGS INC,908400.0,9356520000.0,
Greenlight Capital,0001079114,0001172661-23-004012,2023-11-14,2023-09-30,Y2065G121,,DHT HOLDINGS INC,379150.0,3905245000.0,
Greenlight Capital,0001079114,0001172661-23-004012,2023-11-14,2023-09-30,31809Y111,,FINSERV ACQUISITION CORP II,37470.0,1132000.0,
Greenlight Capital,0001079114,0001172661-23-004012,2023-11-14,2023-09-30,31946M103,,FIRST CTZNS BANCSHARES INC N,3480.0,4802748000.0,
Greenlight Capital,0001079114,0001172661-23-004012,2023-11-14,2023-09-30,31946M103,,FIRST CTZNS BANCSHARES INC N,8930.0,12324293000.0,
Greenlight Capital,0001079114,0001172661-23-004012,2023-11-14,2023-09-30,31946M103,,FIRST CTZNS BANCSHARES INC N,10900.0,15043090000.0,
Greenlight Capital,0001079114,0001172661-23-004012,2023-11-14,2023-09-30,320517105,,FIRST HORIZON CORPORATION,579410.0,6385098000.0,
Greenlight Capital,0001079114,0001172661-23-004012,2023-11-14,2023-09-30,320517105,,FIRST HORIZON CORPORATION,242870.0,2676427000.0,
Greenlight Capital,0001079114,0001172661-23-004012,2023-11-14,2023-09-30,320517105,,FIRST HORIZON CORPORATION,474740.0,5231635000.0,
Greenlight Capital,0001079114,0001172661-23-004012,2023-11-14,2023-09-30,33733E807,,FIRST TR EXCHANGE-TRADED FD,9090.0,236249000.0,
Greenlight Capital,0001079114,0001172661-23-004012,2023-11-14,2023-09-30,33733E807,,FIRST TR EXCHANGE-TRADED FD,23070.0,599589000.0,
Greenlight Capital,0001079114,0001172661-23-004012,2023-11-14,2023-09-30,33733E807,,FIRST TR EXCHANGE-TRADED FD,26380.0,685616000.0,
Greenlight Capital,0001079114,0001172661-23-004012,2023-11-14,2023-09-30,36269B105,,GAIN THERAPEUTICS INC,260764.0,855306000.0,
Greenlight Capital,0001079114,0001172661-23-004012,2023-11-14,2023-09-30,36269B105,,GAIN THERAPEUTICS INC,253646.0,831959000.0,
Greenlight Capital,0001079114,0001172661-23-004012,2023-11-14,2023-09-30,36269B105,,GAIN THERAPEUTICS INC,74000.0,242720000.0,
Greenlight Capital,0001079114,0001172661-23-004012,2023-11-14,2023-09-30,36315X101,,GALAPAGOS NV,72683.0,2511198000.0,
Greenlight Capital,0001079114,0001172661-23-004012,2023-11-14,2023-09-30,36315X101,,GALAPAGOS NV,20610.0,712076000.0,
Greenlight Capital,0001079114,0001172661-23-004012,2023-11-14,2023-09-30,36315X101,,GALAPAGOS NV,63085.0,2179587000.0,
Greenlight Capital,0001079114,0001172661-23-004012,2023-11-14,2023-09-30,38268T103,,GOPRO INC,1029220.0,3231751000.0,
Greenlight Capital,0001079114,0001172661-23-004012,2023-11-14,2023-09-30,38268T103,,GOPRO INC,1263080.0,3966071000.0,
Greenlight Capital,0001079114,0001172661-23-004012,2023-11-14,2023-09-30,38268T103,,GOPRO INC,364160.0,1143462000.0,
Greenlight Capital,0001079114,0001172661-23-004012,2023-11-14,2023-09-30,388689101,,GRAPHIC PACKAGING HLDG CO,359820.0,8016790000.0,
Greenlight Capital,0001079114,0001172661-23-004012,2023-11-14,2023-09-30,388689101,,GRAPHIC PACKAGING HLDG CO,858434.0,19125910000.0,
Greenlight Capital,0001079114,0001172661-23-004012,2023-11-14,2023-09-30,388689101,,GRAPHIC PACKAGING HLDG CO,703356.0,15670772000.0,
Greenlight Capital,0001079114,0001172661-23-004012,2023-11-14,2023-09-30,392709101,,GREEN BRICK PARTNERS INC,8767648.0,363945068000.0,
Greenlight Capital,0001079114,0001172661-23-004012,2023-11-14,2023-09-30,392709101,,GREEN BRICK PARTNERS INC,2740190.0,113745287000.0,
Greenlight Capital,0001079114,0001172661-23-004012,2023-11-14,2023-09-30,392709101,,GREEN BRICK PARTNERS INC,834545.0,34641963000.0,
Greenlight Capital,0001079114,0001172661-23-004012,2023-11-14,2023-09-30,402635502,,GULFPORT ENERGY CORP,77170.0,9156992000.0,
Greenlight Capital,0001079114,0001172661-23-004012,2023-11-14,2023-09-30,402635502,,GULFPORT ENERGY CORP,39320.0,4665711000.0,
Greenlight Capital,0001079114,0001172661-23-004012,2023-11-14,2023-09-30,402635502,,GULFPORT ENERGY CORP,94030.0,11157600000.0,
Greenlight Capital,0001079114,0001172661-23-004012,2023-11-14,2023-09-30,42704L104,,HERC HLDGS INC,23920.0,2845045000.0,
Greenlight Capital,0001079114,0001172661-23-004012,2023-11-14,2023-09-30,42704L104,,HERC HLDGS INC,46792.0,5565440000.0,
Greenlight Capital,0001079114,0001172661-23-004012,2023-11-14,2023-09-30,42704L104,,HERC HLDGS INC,57018.0,6781721000.0,
Greenlight Capital,0001079114,0001172661-23-004012,2023-11-14,2023-09-30,46090F100,,INVESCO ACTVELY MNGD ETC FD,38230.0,571539000.0,
Greenlight Capital,0001079114,0001172661-23-004012,2023-11-14,2023-09-30,46090F100,,INVESCO ACTVELY MNGD ETC FD,15070.0,225297000.0,
Greenlight Capital,0001079114,0001172661-23-004012,2023-11-14,2023-09-30,46090F100,,INVESCO ACTVELY MNGD ETC FD,43690.0,653166000.0,
Greenlight Capital,0001079114,0001172661-23-004012,2023-11-14,2023-09-30,46428Q109,,ISHARES SILVER TR,459760.0,9351518000.0,
Greenlight Capital,0001079114,0001172661-23-004012,2023-11-14,2023-09-30,46428Q109,,ISHARES SILVER TR,218800.0,4450392000.0,
Greenlight Capital,0001079114,0001172661-23-004012,2023-11-14,2023-09-30,46428Q109,,ISHARES SILVER TR,561140.0,11413588000.0,
Greenlight Capital,0001079114,0001172661-23-004012,2023-11-14,2023-09-30,485859110,,KATAPULT HOLDINGS INC,102880.0,1049000.0,
Greenlight Capital,0001079114,0001172661-23-004012,2023-11-14,2023-09-30,485859110,,KATAPULT HOLDINGS INC,123747.0,1262000.0,
Greenlight Capital,0001079114,0001172661-23-004012,2023-11-14,2023-09-30,50155Q100,,KYNDRYL HLDGS INC,63797.0,963335000.0,
Greenlight Capital,0001079114,0001172661-23-004012,2023-11-14,2023-09-30,50155Q100,,KYNDRYL HLDGS INC,2473043.0,37342949000.0,
Greenlight Capital,0001079114,0001172661-23-004012,2023-11-14,2023-09-30,50155Q100,,KYNDRYL HLDGS INC,1950142.0,29447144000.0,
Greenlight Capital,0001079114,0001172661-23-004012,2023-11-14,2023-09-30,50155Q100,,KYNDRYL HLDGS INC,1101144.0,16627274000.0,
Greenlight Capital,0001079114,0001172661-23-004012,2023-11-14,2023-09-30,G5509L101,,LIVANOVA PLC,568584.0,30066722000.0,
Greenlight Capital,0001079114,0001172661-23-004012,2023-11-14,2023-09-30,G5509L101,,LIVANOVA PLC,409302.0,21643890000.0,
Greenlight Capital,0001079114,0001172661-23-004012,2023-11-14,2023-09-30,G5509L101,,LIVANOVA PLC,209390.0,11072543000.0,
Greenlight Capital,0001079114,0001172661-23-004012,2023-11-14,2023-09-30,64107A105,,NET POWER INC,1031511.0,15575816000.0,
Greenlight Capital,0001079114,0001172661-23-004012,2023-11-14,2023-09-30,64107A105,,NET POWER INC,1350895.0,20398515000.0,
Greenlight Capital,0001079114,0001172661-23-004012,2023-11-14,2023-09-30,64107A105,,NET POWER INC,454704.0,6866030000.0,
Greenlight Capital,0001079114,0001172661-23-004012,2023-11-14,2023-09-30,64132K201,,NEUBASE THERAPEUTICS INC,54731.0,47605000.0,
Greenlight Capital,0001079114,0001172661-23-004012,2023-11-14,2023-09-30,64132K201,,NEUBASE THERAPEUTICS INC,63579.0,55301000.0,
Greenlight Capital,0001079114,0001172661-23-004012,2023-11-14,2023-09-30,64132K201,,NEUBASE THERAPEUTICS INC,18040.0,15691000.0,
Greenlight Capital,0001079114,0001172661-23-004012,2023-11-14,2023-09-30,649445103,,NEW YORK CMNTY BANCORP INC,754900.0,8560566000.0,
Greenlight Capital,0001079114,0001172661-23-004012,2023-11-14,2023-09-30,649445103,,NEW YORK CMNTY BANCORP INC,618530.0,7014130000.0,
Greenlight Capital,0001079114,0001172661-23-004012,2023-11-14,2023-09-30,649445103,,NEW YORK CMNTY BANCORP INC,350980.0,3980113000.0,
Greenlight Capital,0001079114,0001172661-23-004012,2023-11-14,2023-09-30,67080N119,,NUVATION BIO INC,100000.0,10000000.0,
Greenlight Capital,0001079114,0001172661-23-004012,2023-11-14,2023-09-30,67080N101,,NUVATION BIO INC,34995.0,46893000.0,
Greenlight Capital,0001079114,0001172661-23-004012,2023-11-14,2023-09-30,76118Y104,,RESIDEO TECHNOLOGIES INC,145838.0,2304240000.0,
Greenlight Capital,0001079114,0001172661-23-004012,2023-11-14,2023-09-30,76118Y104,,RESIDEO TECHNOLOGIES INC,60675.0,958665000.0,
Greenlight Capital,0001079114,0001172661-23-004012,2023-11-14,2023-09-30,76118Y104,,RESIDEO TECHNOLOGIES INC,117497.0,1856453000.0,
Greenlight Capital,0001079114,0001172661-23-004012,2023-11-14,2023-09-30,G7997W102,,SEADRILL 2021 LTD,126325.0,5658097000.0,
Greenlight Capital,0001079114,0001172661-23-004012,2023-11-14,2023-09-30,G7997W102,,SEADRILL 2021 LTD,73280.0,3282211000.0,
Greenlight Capital,0001079114,0001172661-23-004012,2023-11-14,2023-09-30,G7997W102,,SEADRILL 2021 LTD,160290.0,7179389000.0,
Greenlight Capital,0001079114,0001172661-23-004012,2023-11-14,2023-09-30,83601L102,,SOTERA HEALTH CO,71939.0,1077646000.0,
Greenlight Capital,0001079114,0001172661-23-004012,2023-11-14,2023-09-30,83601L102,,SOTERA HEALTH CO,131500.0,1969870000.0,
Greenlight Capital,0001079114,0001172661-23-004012,2023-11-14,2023-09-30,83601L102,,SOTERA HEALTH CO,133531.0,2000294000.0,
Greenlight Capital,0001079114,0001172661-23-004012,2023-11-14,2023-09-30,845467109,,SOUTHWESTERN ENERGY CO,3698890.0,23857841000.0,
Greenlight Capital,0001079114,0001172661-23-004012,2023-11-14,2023-09-30,845467109,,SOUTHWESTERN ENERGY CO,1892290.0,12205271000.0,
Greenlight Capital,0001079114,0001172661-23-004012,2023-11-14,2023-09-30,845467109,,SOUTHWESTERN ENERGY CO,4514430.0,29118074000.0,
Greenlight Capital,0001079114,0001172661-23-004012,2023-11-14,2023-09-30,78463V107,,SPDR GOLD TR,31260.0,5359527000.0,
Greenlight Capital,0001079114,0001172661-23-004012,2023-11-14,2023-09-30,78463V107,,SPDR GOLD TR,128741.0,22072644000.0,
Greenlight Capital,0001079114,0001172661-23-004012,2023-11-14,2023-09-30,78463V107,,SPDR GOLD TR,271223.0,46501183000.0,
Greenlight Capital,0001079114,0001172661-23-004012,2023-11-14,2023-09-30,87424L207,,TALIS BIOMEDICAL CORP,70116.0,404569000.0,
Greenlight Capital,0001079114,0001172661-23-004012,2023-11-14,2023-09-30,87424L207,,TALIS BIOMEDICAL CORP,59500.0,343315000.0,
Greenlight Capital,0001079114,0001172661-23-004012,2023-11-14,2023-09-30,87424L207,,TALIS BIOMEDICAL CORP,19436.0,112146000.0,
Greenlight Capital,0001079114,0001172661-23-004012,2023-11-14,2023-09-30,878742204,,TECK RESOURCES LTD,535058.0,23055649000.0,
Greenlight Capital,0001079114,0001172661-23-004012,2023-11-14,2023-09-30,878742204,,TECK RESOURCES LTD,653035.0,28139278000.0,
Greenlight Capital,0001079114,0001172661-23-004012,2023-11-14,2023-09-30,878742204,,TECK RESOURCES LTD,273730.0,11795026000.0,
Greenlight Capital,0001079114,0001172661-23-004012,2023-11-14,2023-09-30,88033G407,,TENET HEALTHCARE CORP,162977.0,10738555000.0,
Greenlight Capital,0001079114,0001172661-23-004012,2023-11-14,2023-09-30,88033G407,,TENET HEALTHCARE CORP,402131.0,26496412000.0,
Greenlight Capital,0001079114,0001172661-23-004012,2023-11-14,2023-09-30,88033G407,,TENET HEALTHCARE CORP,346672.0,22842218000.0,
Greenlight Capital,0001079114,0001172661-23-004012,2023-11-14,2023-09-30,88337F105,,THE ODP CORP,732063.0,33784707000.0,
Greenlight Capital,0001079114,0001172661-23-004012,2023-11-14,2023-09-30,88337F105,,THE ODP CORP,298601.0,13780436000.0,
Greenlight Capital,0001079114,0001172661-23-004012,2023-11-14,2023-09-30,88337F105,,THE ODP CORP,583686.0,26937109000.0,
Greenlight Capital,0001079114,0001172661-23-004012,2023-11-14,2023-09-30,92189H607,,VANECK ETF TRUST,2800.0,966112000.0,
Greenlight Capital,0001079114,0001172661-23-004012,2023-11-14,2023-09-30,92189H607,,VANECK ETF TRUST,3080.0,1062723000.0,
Greenlight Capital,0001079114,0001172661-23-004012,2023-11-14,2023-09-30,92189H607,,VANECK ETF TRUST,1080.0,372643000.0,
Greenlight Capital,0001079114,0001172661-23-004012,2023-11-14,2023-09-30,G48833118,,WEATHERFORD INTL PLC,80530.0,7274275000.0,
Greenlight Capital,0001079114,0001172661-23-004012,2023-11-14,2023-09-30,G48833118,,WEATHERFORD INTL PLC,157413.0,14219116000.0,
Greenlight Capital,0001079114,0001172661-23-004012,2023-11-14,2023-09-30,G48833118,,WEATHERFORD INTL PLC,192112.0,17353477000.0,
Third Point,0001040273,0001040273-26-000003,2026-08-14,2026-06-30,02079K305,,ALPHABET INC,1025000.0,366304250000.0,
Third Point,0001040273,0001040273-26-000003,2026-08-14,2026-06-30,02079K404,,ALPHABET INC,1300000.0,66157000000.0,
Third Point,0001040273,0001040273-26-000003,2026-08-14,2026-06-30,02079K602,,ALPHABET INC,200000.0,10060000000.0,
Third Point,0001040273,0001040273-26-000003,2026-08-14,2026-06-30,023135106,,AMAZON COM INC,1750000.0,417095000000.0,
Third Point,0001040273,0001040273-26-000003,2026-08-14,2026-06-30,00187Y100,,API GROUP CORP,2865000.0,121332750000.0,
Third Point,0001040273,0001040273-26-000003,2026-08-14,2026-06-30,038169207,,APPLIED DIGITAL CORP,22000.0,820600000.0,
Third Point,0001040273,0001040273-26-000003,2026-08-14,2026-06-30,03990B101,,ARES MANAGEMENT CORPORATION,375000.0,41741250000.0,
Third Point,0001040273,0001040273-26-000003,2026-08-14,2026-06-30,82835W108,,ARS PHARMACEUTICALS INC,1000000.0,8010000000.0,
Third Point,0001040273,0001040273-26-000003,2026-08-14,2026-06-30,N07059210,,ASML HLDG NV,30000.0,59606160000.0,
Third Point,0001040273,0001040273-26-000003,2026-08-14,2026-06-30,051774115,,AURORA INNOVATION INC,1835000.0,587384000.0,
Third Point,0001040273,0001040273-26-000003,2026-08-14,2026-06-30,051774107,,AURORA INNOVATION INC,1032463.0,7041398000.0,
Third Point,0001040273,0001040273-26-000003,2026-08-14,2026-06-30,071705107,,BAUSCH PLUS LOMB CORP,85000.0,1407600000.0,
Third Point,0001040273,0001040273-26-000003,2026-08-14,2026-06-30,852234103,,BLOCK INC,2558943.0,194479668000.0,
Third Point,0001040273,0001040273-26-000003,2026-08-14,2026-06-30,14040H105,,CAPITAL ONE FINL CORP,825000.0,165511500000.0,
Third Point,0001040273,0001040273-26-000003,2026-08-14,2026-06-30,144285103,,CARPENTER TECHNOLOGY CORP,215000.0,132620600000.0,
Third Point,0001040273,0001040273-26-000003,2026-08-14,2026-06-30,21874A106,,CORE SCIENTIFIC INC NEW,54000.0,1381860000.0,
Third Point,0001040273,0001040273-26-000003,2026-08-14,2026-06-30,G25508105,,CRH PLC,2195000.0,234865000000.0,
Third Point,0001040273,0001040273-26-000003,2026-08-14,2026-06-30,235851102,,DANAHER CORP DEL,540000.0,102859200000.0,
Third Point,0001040273,0001040273-26-000003,2026-08-14,2026-06-30,296013105,,EROCK INC,83030.0,1203935000.0,
Third Point,0001040273,0001040273-26-000003,2026-08-14,2026-06-30,Y2573F102,,FLEX LTD,1030000.0,166932100000.0,
Third Point,0001040273,0001040273-26-000003,2026-08-14,2026-06-30,343928115,,FLYEXCLUSIVE INC,367499.0,77175000.0,
Third Point,0001040273,0001040273-26-000003,2026-08-14,2026-06-30,343928107,,FLYEXCLUSIVE INC,1022000.0,2044000000.0,
Third Point,0001040273,0001040273-26-000003,2026-08-14,2026-06-30,42806J148,,HERTZ GLOBAL HLDGS INC,3970000.0,4327300000.0,
Third Point,0001040273,0001040273-26-000003,2026-08-14,2026-06-30,44812J104,,HUT 8 CORP,1315000.0,151810175000.0,
Third Point,0001040273,0001040273-26-000003,2026-08-14,2026-06-30,49338L103,,KEYSIGHT TECHNOLOGIES INC,585000.0,204790950000.0,
Third Point,0001040273,0001040273-26-000003,2026-08-14,2026-06-30,53680QAA6,,LITHIUM ARGENTINA AG,625000.0,611750000.0,
Third Point,0001040273,0001040273-26-000003,2026-08-14,2026-06-30,538034109,,LIVE NATION ENTERTAINMENT IN,1135000.0,207829850000.0,
Third Point,0001040273,0001040273-26-000003,2026-08-14,2026-06-30,576323109,,MASTEC INC,290000.0,120657400000.0,
Third Point,0001040273,0001040273-26-000003,2026-08-14,2026-06-30,655844108,,NORFOLK SOUTHN CORP,600000.0,188754000000.0,
Third Point,0001040273,0001040273-26-000003,2026-08-14,2026-06-30,71377A103,,PERFORMANCE FOOD GROUP CO,675000.0,75458250000.0,
Third Point,0001040273,0001040273-26-000003,2026-08-14,2026-06-30,767292AB1,,RIOT PLATFORMS INC,3500000.0,7033950000.0,
Third Point,0001040273,0001040273-26-000003,2026-08-14,2026-06-30,88023U101,,SOMNIGROUP INTERNATIONAL INC,2570769.0,201548290000.0,
Third Point,0001040273,0001040273-26-000003,2026-08-14,2026-06-30,84615Q103,,SPACE EXPLORATION TECHN CORP,180415.0,30825707000.0,
Third Point,0001040273,0001040273-26-000003,2026-08-14,2026-06-30,092667104,,STRATA CRITICAL MEDICAL INC,5000000.0,26350000000.0,
Third Point,0001040273,0001040273-26-000003,2026-08-14,2026-06-30,871829107,,SYSCO CORP,580000.0,48157226000.0,
Third Point,0001040273,0001040273-26-000003,2026-08-14,2026-06-30,874039100,,TAIWAN SEMICONDUCTOR MANUFAC,460000.0,219682200000.0,
Third Point,0001040273,0001040273-26-000003,2026-08-14,2026-06-30,879433829,,TELEPHONE & DATA SYS INC,6275000.0,232237750000.0,
Third Point,0001040273,0001040273-26-000003,2026-08-14,2026-06-30,893641100,,TRANSDIGM GROUP INC,79000.0,105231160000.0,
Third Point,0001040273,0001040273-26-000003,2026-08-14,2026-06-30,87305R109,,TTM TECHNOLOGIES INC,505000.0,94445100000.0,
Third Point,0001040273,0001040273-26-000003,2026-08-14,2026-06-30,907818108,,UNION PAC CORP,350000.0,95200000000.0,
Third Point,0001040273,0001040273-26-000003,2026-08-14,2026-06-30,934423104,,WARNER BROS DISCOVERY INC,20000000.0,533200000000.0,
Third Point,0001040273,0001040273-26-000003,2026-08-14,2026-06-30,97785W106,,WOLFSPEED INC,10000.0,482500000.0,
Third Point,0001040273,0001040273-26-000002,2026-05-15,2026-03-31,02079K305,,ALPHABET INC,175000.0,50323000000.0,
Third Point,0001040273,0001040273-26-000002,2026-05-15,2026-03-31,023135106,,AMAZON COM INC,1940000.0,404043800000.0,
Third Point,0001040273,0001040273-26-000002,2026-05-15,2026-03-31,00187Y100,,API GROUP CORP,2030000.0,82255600000.0,
Third Point,0001040273,0001040273-26-000002,2026-05-15,2026-03-31,82835W108,,ARS PHARMACEUTICALS INC,1000000.0,8030000000.0,
Third Point,0001040273,0001040273-26-000002,2026-05-15,2026-03-31,N07059210,,ASML HLDG NV,12000.0,15849960000.0,
Third Point,0001040273,0001040273-26-000002,2026-05-15,2026-03-31,051774115,,AURORA INNOVATION INC,1835000.0,365165000.0,
Third Point,0001040273,0001040273-26-000002,2026-05-15,2026-03-31,051774107,,AURORA INNOVATION INC,1032463.0,4253748000.0,
Third Point,0001040273,0001040273-26-000002,2026-05-15,2026-03-31,11135F101,,BROADCOM INC,50000.0,15475500000.0,
Third Point,0001040273,0001040273-26-000002,2026-05-15,2026-03-31,14040H105,,CAPITAL ONE FINL CORP,140000.0,25540200000.0,
Third Point,0001040273,0001040273-26-000002,2026-05-15,2026-03-31,144285103,,CARPENTER TECHNOLOGY CORP,310000.0,122186500000.0,
Third Point,0001040273,0001040273-26-000002,2026-05-15,2026-03-31,62548M209,,CLARITEV CORPORATION,44000.0,718960000.0,
Third Point,0001040273,0001040273-26-000002,2026-05-15,2026-03-31,G25508105,,CRH PLC,1900000.0,199728000000.0,
Third Point,0001040273,0001040273-26-000002,2026-05-15,2026-03-31,235851102,,DANAHER CORP DEL,525000.0,99540000000.0,
Third Point,0001040273,0001040273-26-000002,2026-05-15,2026-03-31,343928115,,FLYEXCLUSIVE INC,367499.0,88200000.0,
Third Point,0001040273,0001040273-26-000002,2026-05-15,2026-03-31,343928107,,FLYEXCLUSIVE INC,1022000.0,2309720000.0,
Third Point,0001040273,0001040273-26-000002,2026-05-15,2026-03-31,42806J148,,HERTZ GLOBAL HLDGS INC,3970000.0,9051600000.0,
Third Point,0001040273,0001040273-26-000002,2026-05-15,2026-03-31,44812J104,,HUT 8 CORP,869563.0,40791200000.0,
Third Point,0001040273,0001040273-26-000002,2026-05-15,2026-03-31,482480100,,KLA CORP,11000.0,16196510000.0,
Third Point,0001040273,0001040273-26-000002,2026-05-15,2026-03-31,512807306,,LAM RESEARCH CORP,75000.0,16024500000.0,
Third Point,0001040273,0001040273-26-000002,2026-05-15,2026-03-31,538034109,,LIVE NATION ENTERTAINMENT IN,465000.0,70917150000.0,
Third Point,0001040273,0001040273-26-000002,2026-05-15,2026-03-31,576323109,,MASTEC INC,320000.0,102956800000.0,
Third Point,0001040273,0001040273-26-000002,2026-05-15,2026-03-31,30303M102,,META PLATFORMS INC,90000.0,51491700000.0,
Third Point,0001040273,0001040273-26-000002,2026-05-15,2026-03-31,655844108,,NORFOLK SOUTHN CORP,100000.0,28700000000.0,
Third Point,0001040273,0001040273-26-000002,2026-05-15,2026-03-31,67066G104,,NVIDIA CORPORATION,190000.0,33136000000.0,
Third Point,0001040273,0001040273-26-000002,2026-05-15,2026-03-31,G8068L108,,SHARKNINJA INC,130509.0,13820903000.0,
Third Point,0001040273,0001040273-26-000002,2026-05-15,2026-03-31,88023U101,,SOMNIGROUP INTERNATIONAL INC,2270769.0,167855244000.0,
Third Point,0001040273,0001040273-26-000002,2026-05-15,2026-03-31,78463V107,,SPDR GOLD TR,95000.0,40877550000.0,
Third Point,0001040273,0001040273-26-000002,2026-05-15,2026-03-31,092667104,,STRATA CRITICAL MEDICAL INC,5000000.0,20900000000.0,
Third Point,0001040273,0001040273-26-000002,2026-05-15,2026-03-31,874039100,,TAIWAN SEMICONDUCTOR MANUFAC,275000.0,92936250000.0,
Third Point,0001040273,0001040273-26-000002,2026-05-15,2026-03-31,879433829,,TELEPHONE & DATA SYS INC,6600000.0,277860000000.0,
Third Point,0001040273,0001040273-26-000002,2026-05-15,2026-03-31,893641100,,TRANSDIGM GROUP INC,25000.0,28974000000.0,
Third Point,0001040273,0001040273-26-000002,2026-05-15,2026-03-31,907818108,,UNION PAC CORP,100000.0,24262000000.0,
Third Point,0001040273,0001040273-26-000002,2026-05-15,2026-03-31,92189F676,,VANECK ETF TRUST,40000.0,15336000000.0,
Appaloosa,0001006438,0001006438-16-000010,2016-02-12,2015-12-31,G00349103,,ABENGOA YIELD PLC,6303713.0,121599000.0,
Appaloosa,0001006438,0001006438-16-000010,2016-02-12,2015-12-31,G0177J108,,ALLERGAN PLC,150000.0,46875000.0,
Appaloosa,0001006438,0001006438-16-000010,2016-02-12,2015-12-31,020002101,,ALLSTATE CORP,2920987.0,181364000.0,
Appaloosa,0001006438,0001006438-16-000010,2016-02-12,2015-12-31,02079K107,,ALPHABET INC,536150.0,406874000.0,
Appaloosa,0001006438,0001006438-16-000010,2016-02-12,2015-12-31,00162Q866,,ALPS ETF TR,5925778.0,71406000.0,
Appaloosa,0001006438,0001006438-16-000010,2016-02-12,2015-12-31,03674X106,,ANTERO RES CORP,557465.0,12153000.0,
Appaloosa,0001006438,0001006438-16-000010,2016-02-12,2015-12-31,037833100,,APPLE INC,1264000.0,133049000.0,
Appaloosa,0001006438,0001006438-16-000010,2016-02-12,2015-12-31,127097103,,CABOT OIL & GAS CORP,1388466.0,24562000.0,
Appaloosa,0001006438,0001006438-16-000010,2016-02-12,2015-12-31,167250109,,CHICAGO BRIDGE & IRON CO N V,1391088.0,54239000.0,
Appaloosa,0001006438,0001006438-16-000010,2016-02-12,2015-12-31,184692101,,CLEARBRIDGE ENERGY MLP FD IN,78328.0,1189000.0,
Appaloosa,0001006438,0001006438-16-000010,2016-02-12,2015-12-31,203668108,,COMMUNITY HEALTH SYS INC NEW,1000000.0,26530000.0,
Appaloosa,0001006438,0001006438-16-000010,2016-02-12,2015-12-31,247361702,,DELTA AIR LINES INC DEL,7323415.0,371224000.0,
Appaloosa,0001006438,0001006438-16-000010,2016-02-12,2015-12-31,26969P108,,EAGLE MATERIALS INC,215133.0,13000000.0,
Appaloosa,0001006438,0001006438-16-000010,2016-02-12,2015-12-31,277432100,,EASTMAN CHEM CO,700333.0,47279000.0,
Appaloosa,0001006438,0001006438-16-000010,2016-02-12,2015-12-31,29273R109,,ENERGY TRANSFER PRTNRS L P,5143082.0,173476000.0,
Appaloosa,0001006438,0001006438-16-000010,2016-02-12,2015-12-31,26884L109,,EQT CORP,319823.0,16672000.0,
Appaloosa,0001006438,0001006438-16-000010,2016-02-12,2015-12-31,35671D857,,FREEPORT-MCMORAN INC,3557460.0,24084000.0,
Appaloosa,0001006438,0001006438-16-000010,2016-02-12,2015-12-31,37045V118,,GENERAL MTRS CO,190011.0,4632000.0,
Appaloosa,0001006438,0001006438-16-000010,2016-02-12,2015-12-31,37045V126,,GENERAL MTRS CO,190011.0,3109000.0,
Appaloosa,0001006438,0001006438-16-000010,2016-02-12,2015-12-31,37045V100,,GENERAL MTRS CO,12585294.0,428026000.0,
Appaloosa,0001006438,0001006438-16-000010,2016-02-12,2015-12-31,382550101,,GOODYEAR TIRE & RUBR CO,2139050.0,69883000.0,
Appaloosa,0001006438,0001006438-16-000010,2016-02-12,2015-12-31,40412C101,,HCA HOLDINGS INC,4537063.0,306842000.0,
Appaloosa,0001006438,0001006438-16-000010,2016-02-12,2015-12-31,40416M105,,HD SUPPLY HLDGS INC,3201595.0,96144000.0,
Appaloosa,0001006438,0001006438-16-000010,2016-02-12,2015-12-31,42824C109,,HEWLETT PACKARD ENTERPRISE C,3660641.0,55642000.0,
Appaloosa,0001006438,0001006438-16-000010,2016-02-12,2015-12-31,447011107,,HUNTSMAN CORP,8037950.0,91391000.0,
Appaloosa,0001006438,0001006438-16-000010,2016-02-12,2015-12-31,G47791101,,INGERSOLL-RAND PLC,1043967.0,57721000.0,
Appaloosa,0001006438,0001006438-16-000010,2016-02-12,2015-12-31,486606106,,KAYNE ANDERSON MLP INVT CO,1010040.0,17464000.0,
Appaloosa,0001006438,0001006438-16-000010,2016-02-12,2015-12-31,49456B101,,KINDER MORGAN INC DEL,9445321.0,140924000.0,
Appaloosa,0001006438,0001006438-16-000010,2016-02-12,2015-12-31,N59465109,,MYLAN N V,853749.0,46162000.0,
Appaloosa,0001006438,0001006438-16-000010,2016-02-12,2015-12-31,N6596X109,,NXP SEMICONDUCTORS N V,800000.0,67400000.0,
Appaloosa,0001006438,0001006438-16-000010,2016-02-12,2015-12-31,690742101,,OWENS CORNING NEW,3359738.0,158008000.0,
Appaloosa,0001006438,0001006438-16-000010,2016-02-12,2015-12-31,717081103,,PFIZER INC,2412250.0,77867000.0,
Appaloosa,0001006438,0001006438-16-000010,2016-02-12,2015-12-31,693506107,,PPG INDS INC,751154.0,74229000.0,
Appaloosa,0001006438,0001006438-16-000010,2016-02-12,2015-12-31,741503403,,PRICELINE GRP INC,110010.0,140257000.0,
Appaloosa,0001006438,0001006438-16-000010,2016-02-12,2015-12-31,75281A109,,RANGE RES CORP,1606452.0,39535000.0,
Appaloosa,0001006438,0001006438-16-000010,2016-02-12,2015-12-31,844741108,,SOUTHWEST AIRLS CO,4292484.0,184834000.0,
Appaloosa,0001006438,0001006438-16-000010,2016-02-12,2015-12-31,845467109,,SOUTHWESTERN ENERGY CO,4383752.0,31168000.0,
Appaloosa,0001006438,0001006438-16-000010,2016-02-12,2015-12-31,78462F103,,SPDR S&P 500 ETF TR,22854.0,4660000.0,
Appaloosa,0001006438,0001006438-16-000010,2016-02-12,2015-12-31,Y8564M105,,TEEKAY LNG PARTNERS L P,250000.0,3288000.0,
Appaloosa,0001006438,0001006438-16-000010,2016-02-12,2015-12-31,Y8565J101,,TEEKAY OFFSHORE PARTNERS L P,1000000.0,6480000.0,
Appaloosa,0001006438,0001006438-16-000010,2016-02-12,2015-12-31,88104R100,,TERRAFORM PWR INC,7600000.0,95608000.0,
Appaloosa,0001006438,0001006438-16-000010,2016-02-12,2015-12-31,89147L100,,TORTOISE ENERGY INFRSTRCTR C,47105.0,1310000.0,
Appaloosa,0001006438,0001006438-16-000010,2016-02-12,2015-12-31,896818101,,TRIUMPH GROUP INC NEW,897061.0,35658000.0,
Appaloosa,0001006438,0001006438-16-000010,2016-02-12,2015-12-31,910047109,,UNITED CONTL HLDGS INC,600985.0,34436000.0,
Appaloosa,0001006438,0001006438-16-000010,2016-02-12,2015-12-31,911363109,,UNITED RENTALS INC,766046.0,55569000.0,
Appaloosa,0001006438,0001006438-16-000010,2016-02-12,2015-12-31,963320106,,WHIRLPOOL CORP,1614903.0,237181000.0,
Appaloosa,0001006438,0001006438-16-000010,2016-02-12,2015-12-31,96949L105,,WILLIAMS PARTNERS L P NEW,2372159.0,66065000.0,
Appaloosa,0001006438,0001006438-16-000010,2016-02-12,2015-12-31,92936P100,,WMIH CORP,16902465.0,43777000.0,
Appaloosa,0001006438,0001006438-15-000005,2015-11-13,2015-09-30,020002101,,ALLSTATE CORP,625084.0,36405000.0,
Appaloosa,0001006438,0001006438-15-000005,2015-11-13,2015-09-30,037833100,,APPLE INC,1309000.0,144383000.0,
Appaloosa,0001006438,0001006438-15-000005,2015-11-13,2015-09-30,05463D100,,AXIALL CORP,216883.0,3403000.0,
Appaloosa,0001006438,0001006438-15-000005,2015-11-13,2015-09-30,167250109,,CHICAGO BRIDGE & IRON CO N V,1254461.0,49752000.0,
Appaloosa,0001006438,0001006438-15-000005,2015-11-13,2015-09-30,247361702,,DELTA AIR LINES INC DEL,6077033.0,272676000.0,
Appaloosa,0001006438,0001006438-15-000005,2015-11-13,2015-09-30,26969P108,,EAGLE MATERIALS INC,774637.0,53001000.0,
Appaloosa,0001006438,0001006438-15-000005,2015-11-13,2015-09-30,277432100,,EASTMAN CHEM CO,782729.0,50658000.0,
Appaloosa,0001006438,0001006438-15-000005,2015-11-13,2015-09-30,37045V118,,GENERAL MTRS CO,190011.0,3872000.0,
Appaloosa,0001006438,0001006438-15-000005,2015-11-13,2015-09-30,37045V126,,GENERAL MTRS CO,190011.0,2512000.0,
Appaloosa,0001006438,0001006438-15-000005,2015-11-13,2015-09-30,37045V100,,GENERAL MTRS CO,12885294.0,386817000.0,
Appaloosa,0001006438,0001006438-15-000005,2015-11-13,2015-09-30,382550101,,GOODYEAR TIRE & RUBR CO,5929089.0,173900000.0,
Appaloosa,0001006438,0001006438-15-000005,2015-11-13,2015-09-30,38259P706,,GOOGLE INC,186650.0,113562000.0,
Appaloosa,0001006438,0001006438-15-000005,2015-11-13,2015-09-30,40412C101,,HCA HOLDINGS INC,3553537.0,274902000.0,
Appaloosa,0001006438,0001006438-15-000005,2015-11-13,2015-09-30,40416M105,,HD SUPPLY HLDGS INC,2268416.0,64922000.0,
Appaloosa,0001006438,0001006438-15-000005,2015-11-13,2015-09-30,447011107,,HUNTSMAN CORP,8037950.0,77888000.0,
Appaloosa,0001006438,0001006438-15-000005,2015-11-13,2015-09-30,G47791101,,INGERSOLL-RAND PLC,689566.0,35009000.0,
Appaloosa,0001006438,0001006438-15-000005,2015-11-13,2015-09-30,477143101,,JETBLUE AIRWAYS CORP,4494750.0,115830000.0,
Appaloosa,0001006438,0001006438-15-000005,2015-11-13,2015-09-30,48242W106,,KBR INC,526787.0,8776000.0,
Appaloosa,0001006438,0001006438-15-000005,2015-11-13,2015-09-30,N59465109,,MYLAN N V,470071.0,18925000.0,
Appaloosa,0001006438,0001006438-15-000005,2015-11-13,2015-09-30,N6596X109,,NXP SEMICONDUCTORS N V,2294123.0,199749000.0,
Appaloosa,0001006438,0001006438-15-000005,2015-11-13,2015-09-30,690742101,,OWENS CORNING NEW,3359738.0,140807000.0,
Appaloosa,0001006438,0001006438-15-000005,2015-11-13,2015-09-30,741503403,,PRICELINE GRP INC,98000.0,121212000.0,
Appaloosa,0001006438,0001006438-15-000005,2015-11-13,2015-09-30,783764103,,RYLAND GROUP INC,595842.0,24328000.0,
Appaloosa,0001006438,0001006438-15-000005,2015-11-13,2015-09-30,844741108,,SOUTHWEST AIRLS CO,1636300.0,62245000.0,
Appaloosa,0001006438,0001006438-15-000005,2015-11-13,2015-09-30,78462F103,,SPDR S&P 500 ETF TR,22854.0,4380000.0,
Appaloosa,0001006438,0001006438-15-000005,2015-11-13,2015-09-30,880779103,,TEREX CORP NEW,1653306.0,29660000.0,
Appaloosa,0001006438,0001006438-15-000005,2015-11-13,2015-09-30,896818101,,TRIUMPH GROUP INC NEW,841494.0,35410000.0,
Appaloosa,0001006438,0001006438-15-000005,2015-11-13,2015-09-30,903293405,,U S G CORP,1086065.0,28911000.0,
Appaloosa,0001006438,0001006438-15-000005,2015-11-13,2015-09-30,910047109,,UNITED CONTL HLDGS INC,471243.0,24999000.0,
Appaloosa,0001006438,0001006438-15-000005,2015-11-13,2015-09-30,911363109,,UNITED RENTALS INC,834046.0,50084000.0,
Appaloosa,0001006438,0001006438-15-000005,2015-11-13,2015-09-30,963320106,,WHIRLPOOL CORP,1133693.0,166948000.0,
Appaloosa,0001006438,0001006438-15-000005,2015-11-13,2015-09-30,92936P100,,WMIH CORP,16902465.0,43608000.0,
Scion Asset Management,0001649339,0001649339-25-000007,2025-11-03,2025-09-30,116794207,,BRUKER CORP,48334.0,13137181000.0,
Scion Asset Management,0001649339,0001649339-25-000007,2025-11-03,2025-09-30,550021109,,LULULEMON ATHLETICA INC,100000.0,17793000000.0,
Scion Asset Management,0001649339,0001649339-25-000007,2025-11-03,2025-09-30,60855R100,,MOLINA HEALTHCARE INC,125000.0,23920000000.0,
Scion Asset Management,0001649339,0001649339-25-000007,2025-11-03,2025-09-30,78442P106,,SLM CORP,480054.0,13287895000.0,
Scion Asset Management,0001649339,0001879202-25-000038,2025-08-14,2025-06-30,116794108,,BRUKER CORP,250000.0,10300000000.0,
Scion Asset Management,0001649339,0001879202-25-000038,2025-08-14,2025-06-30,518439104,,LAUDER ESTEE COS INC,150000.0,12120000000.0,
Scion Asset Management,0001649339,0001879202-25-000038,2025-08-14,2025-06-30,550021109,,LULULEMON ATHLETICA INC,50000.0,11879000000.0,
Scion Asset Management,0001649339,0001879202-25-000038,2025-08-14,2025-06-30,58733R102,,MERCADOLIBRE INC,3000.0,7840890000.0,
Scion Asset Management,0001649339,0001879202-25-000038,2025-08-14,2025-06-30,75886F107,,REGENERON PHARMACEUTICALS,15000.0,7875000000.0,
Scion Asset Management,0001649339,0001879202-25-000038,2025-08-14,2025-06-30,91324P102,,UNITEDHEALTH GROUP INC,20000.0,6239400000.0,
Coatue Management,0001135730,0000919574-26-005478,2026-08-14,2026-06-30,007903107,,ADVANCED MICRO DEVICES INC,95987.0,55759808000.0,
Coatue Management,0001135730,0000919574-26-005478,2026-08-14,2026-06-30,02079K107,,ALPHABET INC,125526.0,44352102000.0,
Coatue Management,0001135730,0000919574-26-005478,2026-08-14,2026-06-30,02079K305,,ALPHABET INC,478162.0,170880754000.0,
Coatue Management,0001135730,0000919574-26-005478,2026-08-14,2026-06-30,02079K305,,ALPHABET INC,2055429.0,734548662000.0,
Coatue Management,0001135730,0000919574-26-005478,2026-08-14,2026-06-30,02079K107,,ALPHABET INC,364887.0,128925524000.0,
Coatue Management,0001135730,0000919574-26-005478,2026-08-14,2026-06-30,02079K305,,ALPHABET INC,165118.0,59008220000.0,
Coatue Management,0001135730,0000919574-26-005478,2026-08-14,2026-06-30,02079K107,,ALPHABET INC,41940.0,14818660000.0,
Coatue Management,0001135730,0000919574-26-005478,2026-08-14,2026-06-30,02079K305,,ALPHABET INC,1839937.0,657538286000.0,
Coatue Management,0001135730,0000919574-26-005478,2026-08-14,2026-06-30,02079K107,,ALPHABET INC,270679.0,95639011000.0,
Coatue Management,0001135730,0000919574-26-005478,2026-08-14,2026-06-30,02079K305,,ALPHABET INC,50686.0,18113656000.0,
Coatue Management,0001135730,0000919574-26-005478,2026-08-14,2026-06-30,02079K107,,ALPHABET INC,15155.0,5354716000.0,
Coatue Management,0001135730,0000919574-26-005478,2026-08-14,2026-06-30,02079K305,,ALPHABET INC,222537.0,79528048000.0,
Coatue Management,0001135730,0000919574-26-005478,2026-08-14,2026-06-30,02079K107,,ALPHABET INC,75356.0,26625535000.0,
Coatue Management,0001135730,0000919574-26-005478,2026-08-14,2026-06-30,02079K107,,ALPHABET INC,14852.0,5247657000.0,
Coatue Management,0001135730,0000919574-26-005478,2026-08-14,2026-06-30,02079K305,,ALPHABET INC,44382.0,15860795000.0,
Coatue Management,0001135730,0000919574-26-005478,2026-08-14,2026-06-30,023135106,,AMAZON COM INC,6487994.0,1546348490000.0,
Coatue Management,0001135730,0000919574-26-005478,2026-08-14,2026-06-30,023135106,,AMAZON COM INC,443073.0,105602019000.0,
Coatue Management,0001135730,0000919574-26-005478,2026-08-14,2026-06-30,023135106,,AMAZON COM INC,3117728.0,743079292000.0,
Coatue Management,0001135730,0000919574-26-005478,2026-08-14,2026-06-30,023135106,,AMAZON COM INC,138670.0,33050608000.0,
Coatue Management,0001135730,0000919574-26-005478,2026-08-14,2026-06-30,023135106,,AMAZON COM INC,235796.0,56199619000.0,
Coatue Management,0001135730,0000919574-26-005478,2026-08-14,2026-06-30,023135106,,AMAZON COM INC,128652.0,30662918000.0,
Coatue Management,0001135730,0000919574-26-005478,2026-08-14,2026-06-30,023135106,,AMAZON COM INC,1282886.0,305763049000.0,
Coatue Management,0001135730,0000919574-26-005478,2026-08-14,2026-06-30,00165C302,,AMC ENTMT HLDGS INC,228136.0,433458000.0,
Coatue Management,0001135730,0000919574-26-005478,2026-08-14,2026-06-30,038222105,,APPLIED MATLS INC,281120.0,203249760000.0,
Coatue Management,0001135730,0000919574-26-005478,2026-08-14,2026-06-30,038222105,,APPLIED MATLS INC,1460293.0,1055791839000.0,
Coatue Management,0001135730,0000919574-26-005478,2026-08-14,2026-06-30,038222105,,APPLIED MATLS INC,95914.0,69345822000.0,
Coatue Management,0001135730,0000919574-26-005478,2026-08-14,2026-06-30,038222105,,APPLIED MATLS INC,1567165.0,1133060295000.0,
Coatue Management,0001135730,0000919574-26-005478,2026-08-14,2026-06-30,038222105,,APPLIED MATLS INC,37036.0,26777028000.0,
Coatue Management,0001135730,0000919574-26-005478,2026-08-14,2026-06-30,038222105,,APPLIED MATLS INC,748475.0,541147425000.0,
Coatue Management,0001135730,0000919574-26-005478,2026-08-14,2026-06-30,038222105,,APPLIED MATLS INC,23480.0,16976040000.0,
Coatue Management,0001135730,0000919574-26-005478,2026-08-14,2026-06-30,03831W108,,APPLOVIN CORP,435109.0,224181210000.0,
Coatue Management,0001135730,0000919574-26-005478,2026-08-14,2026-06-30,03831W108,,APPLOVIN CORP,736080.0,379250498000.0,
Coatue Management,0001135730,0000919574-26-005478,2026-08-14,2026-06-30,038923108,,ARBOR REALTY TRUST INC,4196885.0,22747117000.0,
Coatue Management,0001135730,0000919574-26-005478,2026-08-14,2026-06-30,04010E109,,ARGAN INC,27214.0,21731740000.0,
Coatue Management,0001135730,0000919574-26-005478,2026-08-14,2026-06-30,04010E109,,ARGAN INC,8887.0,7096714000.0,
Coatue Management,0001135730,0000919574-26-005478,2026-08-14,2026-06-30,N07059210,,ASML HLDG NV,22081.0,43928825000.0,
Coatue Management,0001135730,0000919574-26-005478,2026-08-14,2026-06-30,N07059210,,ASML HLDG NV,54578.0,108579656000.0,
Coatue Management,0001135730,0000919574-26-005478,2026-08-14,2026-06-30,N07059210,,ASML HLDG NV,18435.0,36675326000.0,
Coatue Management,0001135730,0000919574-26-005478,2026-08-14,2026-06-30,N07059210,,ASML HLDG NV,114724.0,228236515000.0,
Coatue Management,0001135730,0000919574-26-005478,2026-08-14,2026-06-30,N07059210,,ASML HLDG NV,2341.0,4657279000.0,
Coatue Management,0001135730,0000919574-26-005478,2026-08-14,2026-06-30,N07059210,,ASML HLDG NV,80938.0,161021295000.0,
Coatue Management,0001135730,0000919574-26-005478,2026-08-14,2026-06-30,N07059210,,ASML HLDG NV,2309.0,4593617000.0,
Coatue Management,0001135730,0000919574-26-005478,2026-08-14,2026-06-30,08862E109,,BEYOND MEAT INC,299885.0,224914000.0,
Coatue Management,0001135730,0000919574-26-005478,2026-08-14,2026-06-30,099502106,,BOOZ ALLEN HAMILTON HLDG COR,1083410.0,65730485000.0,
Coatue Management,0001135730,0000919574-26-005478,2026-08-14,2026-06-30,11135F101,,BROADCOM INC,437032.0,165088838000.0,
Coatue Management,0001135730,0000919574-26-005478,2026-08-14,2026-06-30,11135F101,,BROADCOM INC,2932392.0,1107711078000.0,
Coatue Management,0001135730,0000919574-26-005478,2026-08-14,2026-06-30,11135F101,,BROADCOM INC,149716.0,56555219000.0,
Coatue Management,0001135730,0000919574-26-005478,2026-08-14,2026-06-30,11135F101,,BROADCOM INC,1205847.0,455508704000.0,
Coatue Management,0001135730,0000919574-26-005478,2026-08-14,2026-06-30,11135F101,,BROADCOM INC,49251.0,18604565000.0,
Coatue Management,0001135730,0000919574-26-005478,2026-08-14,2026-06-30,11135F101,,BROADCOM INC,422553.0,159619396000.0,
Coatue Management,0001135730,0000919574-26-005478,2026-08-14,2026-06-30,11135F101,,BROADCOM INC,151596.0,57265389000.0,
Coatue Management,0001135730,0000919574-26-005478,2026-08-14,2026-06-30,11135F101,,BROADCOM INC,456268.0,172355237000.0,
Coatue Management,0001135730,0000919574-26-005478,2026-08-14,2026-06-30,11135F101,,BROADCOM INC,42176.0,15931984000.0,
Coatue Management,0001135730,0000919574-26-005478,2026-08-14,2026-06-30,142152107,,CARIS LIFE SCIENCES INC,4528986.0,80706531000.0,
Coatue Management,0001135730,0000919574-26-005478,2026-08-14,2026-06-30,142152107,,CARIS LIFE SCIENCES INC,5291006.0,94285727000.0,
Coatue Management,0001135730,0000919574-26-005478,2026-08-14,2026-06-30,146869102,,CARVANA CO,732375.0,48204923000.0,
Coatue Management,0001135730,0000919574-26-005478,2026-08-14,2026-06-30,146869102,,CARVANA CO,2326225.0,153112130000.0,
Coatue Management,0001135730,0000919574-26-005478,2026-08-14,2026-06-30,146869102,,CARVANA CO,220265.0,14497842000.0,
Coatue Management,0001135730,0000919574-26-005478,2026-08-14,2026-06-30,15675D103,,CEREBRAS SYSTEMS INC,54648.0,12077208000.0,
Coatue Management,0001135730,0000919574-26-005478,2026-08-14,2026-06-30,15675D103,,CEREBRAS SYSTEMS INC,434044.0,95923724000.0,
Coatue Management,0001135730,0000919574-26-005478,2026-08-14,2026-06-30,15675D103,,CEREBRAS SYSTEMS INC,272852.0,60300292000.0,
Coatue Management,0001135730,0000919574-26-005478,2026-08-14,2026-06-30,15675D103,,CEREBRAS SYSTEMS INC,6129242.0,1354562482000.0,
Coatue Management,0001135730,0000919574-26-005478,2026-08-14,2026-06-30,15675D103,,CEREBRAS SYSTEMS INC,11680.0,2581280000.0,
Coatue Management,0001135730,0000919574-26-005478,2026-08-14,2026-06-30,15675D103,,CEREBRAS SYSTEMS INC,75367.0,16656107000.0,
Coatue Management,0001135730,0000919574-26-005478,2026-08-14,2026-06-30,15675D103,,CEREBRAS SYSTEMS INC,15145.0,3347045000.0,
Coatue Management,0001135730,0000919574-26-005478,2026-08-14,2026-06-30,15675D103,,CEREBRAS SYSTEMS INC,18050.0,3989050000.0,
Coatue Management,0001135730,0000919574-26-005478,2026-08-14,2026-06-30,15961R303,,CHARGEPOINT HOLDINGS INC,154086.0,910648000.0,
Coatue Management,0001135730,0000919574-26-005478,2026-08-14,2026-06-30,199908104,,COMFORT SYS USA INC,4257.0,8437161000.0,
Coatue Management,0001135730,0000919574-26-005478,2026-08-14,2026-06-30,199908104,,COMFORT SYS USA INC,13536.0,26827675000.0,
Coatue Management,0001135730,0000919574-26-005478,2026-08-14,2026-06-30,21037T109,,CONSTELLATION ENERGY CORP,2625723.0,652150822000.0,
Coatue Management,0001135730,0000919574-26-005478,2026-08-14,2026-06-30,21037T109,,CONSTELLATION ENERGY CORP,1108720.0,275372786000.0,
Coatue Management,0001135730,0000919574-26-005478,2026-08-14,2026-06-30,21037T109,,CONSTELLATION ENERGY CORP,353581.0,87818913000.0,
Coatue Management,0001135730,0000919574-26-005478,2026-08-14,2026-06-30,21037T109,,CONSTELLATION ENERGY CORP,135151.0,33567454000.0,
Coatue Management,0001135730,0000919574-26-005478,2026-08-14,2026-06-30,21037T109,,CONSTELLATION ENERGY CORP,409300.0,101657841000.0,
Coatue Management,0001135730,0000919574-26-005478,2026-08-14,2026-06-30,25809K105,,DOORDASH INC,234609.0,43292399000.0,
Coatue Management,0001135730,0000919574-26-005478,2026-08-14,2026-06-30,25809K105,,DOORDASH INC,203725.0,37593374000.0,
Coatue Management,0001135730,0000919574-26-005478,2026-08-14,2026-06-30,25809K105,,DOORDASH INC,86458.0,15954095000.0,
Coatue Management,0001135730,0000919574-26-005478,2026-08-14,2026-06-30,G29183103,,EATON CORP PLC,461506.0,196656937000.0,
Coatue Management,0001135730,0000919574-26-005478,2026-08-14,2026-06-30,G29183103,,EATON CORP PLC,1946801.0,829570842000.0,
Coatue Management,0001135730,0000919574-26-005478,2026-08-14,2026-06-30,G29183103,,EATON CORP PLC,156128.0,66529263000.0,
Coatue Management,0001135730,0000919574-26-005478,2026-08-14,2026-06-30,G29183103,,EATON CORP PLC,1003770.0,427726472000.0,
Coatue Management,0001135730,0000919574-26-005478,2026-08-14,2026-06-30,G29183103,,EATON CORP PLC,49193.0,20962121000.0,
Coatue Management,0001135730,0000919574-26-005478,2026-08-14,2026-06-30,G29183103,,EATON CORP PLC,606578.0,258475017000.0,
Coatue Management,0001135730,0000919574-26-005478,2026-08-14,2026-06-30,G29183103,,EATON CORP PLC,194774.0,82997097000.0,
Coatue Management,0001135730,0000919574-26-005478,2026-08-14,2026-06-30,G29183103,,EATON CORP PLC,501832.0,213840652000.0,
Coatue Management,0001135730,0000919574-26-005478,2026-08-14,2026-06-30,G29183103,,EATON CORP PLC,47833.0,20382598000.0,
Coatue Management,0001135730,0000919574-26-005478,2026-08-14,2026-06-30,29355A107,,ENPHASE ENERGY INC,1556941.0,76663775000.0,
Coatue Management,0001135730,0000919574-26-005478,2026-08-14,2026-06-30,29444U700,,EQUINIX INC,192276.0,200426580000.0,
Coatue Management,0001135730,0000919574-26-005478,2026-08-14,2026-06-30,29444U700,,EQUINIX INC,463512.0,483160274000.0,
Coatue Management,0001135730,0000919574-26-005478,2026-08-14,2026-06-30,29444U700,,EQUINIX INC,65960.0,68756044000.0,
Coatue Management,0001135730,0000919574-26-005478,2026-08-14,2026-06-30,29444U700,,EQUINIX INC,423840.0,441806578000.0,
Coatue Management,0001135730,0000919574-26-005478,2026-08-14,2026-06-30,29444U700,,EQUINIX INC,19866.0,20708120000.0,
Coatue Management,0001135730,0000919574-26-005478,2026-08-14,2026-06-30,29444U700,,EQUINIX INC,89192.0,92972849000.0,
Coatue Management,0001135730,0000919574-26-005478,2026-08-14,2026-06-30,29444U700,,EQUINIX INC,18871.0,19670942000.0,
Coatue Management,0001135730,0000919574-26-005478,2026-08-14,2026-06-30,31946M103,,FIRST CTZNS BANCSHARES INC D,139498.0,290266043000.0,
Coatue Management,0001135730,0000919574-26-005478,2026-08-14,2026-06-30,34631F102,,FORGENT POWER SOLUTIONS INC,2088118.0,116642271000.0,
Coatue Management,0001135730,0000919574-26-005478,2026-08-14,2026-06-30,34631F102,,FORGENT POWER SOLUTIONS INC,6004494.0,335411035000.0,
Coatue Management,0001135730,0000919574-26-005478,2026-08-14,2026-06-30,34631F102,,FORGENT POWER SOLUTIONS INC,704298.0,39342086000.0,
Coatue Management,0001135730,0000919574-26-005478,2026-08-14,2026-06-30,34631F102,,FORGENT POWER SOLUTIONS INC,4545559.0,253914926000.0,
Coatue Management,0001135730,0000919574-26-005478,2026-08-14,2026-06-30,34631F102,,FORGENT POWER SOLUTIONS INC,257357.0,14375962000.0,
Coatue Management,0001135730,0000919574-26-005478,2026-08-14,2026-06-30,34631F102,,FORGENT POWER SOLUTIONS INC,2061714.0,115167344000.0,
Coatue Management,0001135730,0000919574-26-005478,2026-08-14,2026-06-30,34631F102,,FORGENT POWER SOLUTIONS INC,650651.0,36345365000.0,
Coatue Management,0001135730,0000919574-26-005478,2026-08-14,2026-06-30,34631F102,,FORGENT POWER SOLUTIONS INC,3937834.0,219967407000.0,
Coatue Management,0001135730,0000919574-26-005478,2026-08-14,2026-06-30,34631F102,,FORGENT POWER SOLUTIONS INC,251362.0,14041081000.0,
Coatue Management,0001135730,0000919574-26-005478,2026-08-14,2026-06-30,36828A101,,GE VERNOVA INC,69715.0,81905365000.0,
Coatue Management,0001135730,0000919574-26-005478,2026-08-14,2026-06-30,36828A101,,GE VERNOVA INC,1256825.0,1476593419000.0,
Coatue Management,0001135730,0000919574-26-005478,2026-08-14,2026-06-30,36828A101,,GE VERNOVA INC,23737.0,27887652000.0,
Coatue Management,0001135730,0000919574-26-005478,2026-08-14,2026-06-30,36828A101,,GE VERNOVA INC,576374.0,677158758000.0,
Coatue Management,0001135730,0000919574-26-005478,2026-08-14,2026-06-30,36828A101,,GE VERNOVA INC,10432.0,12256140000.0,
Coatue Management,0001135730,0000919574-26-005478,2026-08-14,2026-06-30,36828A101,,GE VERNOVA INC,337884.0,396966396000.0,
Coatue Management,0001135730,0000919574-26-005478,2026-08-14,2026-06-30,36828A101,,GE VERNOVA INC,77571.0,91135065000.0,
Coatue Management,0001135730,0000919574-26-005478,2026-08-14,2026-06-30,36828A101,,GE VERNOVA INC,199235.0,234073232000.0,
Coatue Management,0001135730,0000919574-26-005478,2026-08-14,2026-06-30,36828A101,,GE VERNOVA INC,6391.0,7508530000.0,
Coatue Management,0001135730,0000919574-26-005478,2026-08-14,2026-06-30,368736104,,GENERAC HLDGS INC,390513.0,114346112000.0,
Coatue Management,0001135730,0000919574-26-005478,2026-08-14,2026-06-30,42806J700,,HERTZ GLOBAL HLDGS INC,106823.0,241954000.0,
Coatue Management,0001135730,0000919574-26-005478,2026-08-14,2026-06-30,42806J148,,HERTZ GLOBAL HLDGS INC,468814.0,511007000.0,
Coatue Management,0001135730,0000919574-26-005478,2026-08-14,2026-06-30,44812J104,,HUT 8 CORP,9715476.0,1121603127000.0,
Coatue Management,0001135730,0000919574-26-005478,2026-08-14,2026-06-30,458140100,,INTEL CORP,1850837.0,258432370000.0,
Coatue Management,0001135730,0000919574-26-005478,2026-08-14,2026-06-30,458140100,,INTEL CORP,4050133.0,565520071000.0,
Coatue Management,0001135730,0000919574-26-005478,2026-08-14,2026-06-30,458140100,,INTEL CORP,631116.0,88122727000.0,
Coatue Management,0001135730,0000919574-26-005478,2026-08-14,2026-06-30,458140100,,INTEL CORP,4073240.0,568746501000.0,
Coatue Management,0001135730,0000919574-26-005478,2026-08-14,2026-06-30,458140100,,INTEL CORP,173967.0,24291012000.0,
Coatue Management,0001135730,0000919574-26-005478,2026-08-14,2026-06-30,458140100,,INTEL CORP,1134400.0,158396272000.0,
Coatue Management,0001135730,0000919574-26-005478,2026-08-14,2026-06-30,458140100,,INTEL CORP,170334.0,23783736000.0,
Coatue Management,0001135730,0000919574-26-005478,2026-08-14,2026-06-30,46120E602,,INTUITIVE SURGICAL INC,116307.0,46252968000.0,
Coatue Management,0001135730,0000919574-26-005478,2026-08-14,2026-06-30,46120E602,,INTUITIVE SURGICAL INC,344727.0,137091033000.0,
Coatue Management,0001135730,0000919574-26-005478,2026-08-14,2026-06-30,46120E602,,INTUITIVE SURGICAL INC,41193.0,16381632000.0,
Coatue Management,0001135730,0000919574-26-005478,2026-08-14,2026-06-30,46120E602,,INTUITIVE SURGICAL INC,265878.0,105734363000.0,
Coatue Management,0001135730,0000919574-26-005478,2026-08-14,2026-06-30,46120E602,,INTUITIVE SURGICAL INC,13222.0,5258125000.0,
Coatue Management,0001135730,0000919574-26-005478,2026-08-14,2026-06-30,46120E602,,INTUITIVE SURGICAL INC,12377.0,4922085000.0,
Coatue Management,0001135730,0000919574-26-005478,2026-08-14,2026-06-30,512807306,,LAM RESEARCH CORP,4800727.0,2080299031000.0,
Coatue Management,0001135730,0000919574-26-005478,2026-08-14,2026-06-30,512807306,,LAM RESEARCH CORP,169413.0,73411735000.0,
Coatue Management,0001135730,0000919574-26-005478,2026-08-14,2026-06-30,512807306,,LAM RESEARCH CORP,2490280.0,1079113032000.0,
Coatue Management,0001135730,0000919574-26-005478,2026-08-14,2026-06-30,512807306,,LAM RESEARCH CORP,59839.0,25930034000.0,
Coatue Management,0001135730,0000919574-26-005478,2026-08-14,2026-06-30,512807306,,LAM RESEARCH CORP,1380494.0,598209465000.0,
Coatue Management,0001135730,0000919574-26-005478,2026-08-14,2026-06-30,512807306,,LAM RESEARCH CORP,42410.0,18377525000.0,
Coatue Management,0001135730,0000919574-26-005478,2026-08-14,2026-06-30,512807306,,LAM RESEARCH CORP,498440.0,215989005000.0,
Coatue Management,0001135730,0000919574-26-005478,2026-08-14,2026-06-30,549498202,,LUCID GROUP INC,295393.0,1976179000.0,
Coatue Management,0001135730,0000919574-26-005478,2026-08-14,2026-06-30,576323109,,MASTEC INC,75580.0,31445815000.0,
Coatue Management,0001135730,0000919574-26-005478,2026-08-14,2026-06-30,576323109,,MASTEC INC,211992.0,88201392000.0,
Coatue Management,0001135730,0000919574-26-005478,2026-08-14,2026-06-30,576323109,,MASTEC INC,229678.0,95559829000.0,
Coatue Management,0001135730,0000919574-26-005478,2026-08-14,2026-06-30,58463J304,,MEDICAL PROPERTIES TRUST INC,4525398.0,20907339000.0,
Coatue Management,0001135730,0000919574-26-005478,2026-08-14,2026-06-30,30303M102,,META PLATFORMS INC,704205.0,396671634000.0,
Coatue Management,0001135730,0000919574-26-005478,2026-08-14,2026-06-30,30303M102,,META PLATFORMS INC,1821843.0,1026225943000.0,
Coatue Management,0001135730,0000919574-26-005478,2026-08-14,2026-06-30,595112103,,MICRON TECHNOLOGY INC,365631.0,422044207000.0,
Coatue Management,0001135730,0000919574-26-005478,2026-08-14,2026-06-30,595112103,,MICRON TECHNOLOGY INC,1292114.0,1491474269000.0,
Coatue Management,0001135730,0000919574-26-005478,2026-08-14,2026-06-30,595112103,,MICRON TECHNOLOGY INC,72497.0,83682562000.0,
Coatue Management,0001135730,0000919574-26-005478,2026-08-14,2026-06-30,595112103,,MICRON TECHNOLOGY INC,969040.0,1118553182000.0,
Coatue Management,0001135730,0000919574-26-005478,2026-08-14,2026-06-30,595112103,,MICRON TECHNOLOGY INC,13761.0,15884185000.0,
Coatue Management,0001135730,0000919574-26-005478,2026-08-14,2026-06-30,595112103,,MICRON TECHNOLOGY INC,420026.0,484831812000.0,
Coatue Management,0001135730,0000919574-26-005478,2026-08-14,2026-06-30,595112103,,MICRON TECHNOLOGY INC,9200.0,10619468000.0,
Coatue Management,0001135730,0000919574-26-005478,2026-08-14,2026-06-30,594918104,,MICROSOFT CORP,2480017.0,925095941000.0,
Coatue Management,0001135730,0000919574-26-005478,2026-08-14,2026-06-30,594918104,,MICROSOFT CORP,320186.0,119435782000.0,
Coatue Management,0001135730,0000919574-26-005478,2026-08-14,2026-06-30,594918104,,MICROSOFT CORP,136206.0,50807562000.0,
Coatue Management,0001135730,0000919574-26-005478,2026-08-14,2026-06-30,632307104,,NATERA INC,296790.0,80563646000.0,
Coatue Management,0001135730,0000919574-26-005478,2026-08-14,2026-06-30,632307104,,NATERA INC,811253.0,220214627000.0,
Coatue Management,0001135730,0000919574-26-005478,2026-08-14,2026-06-30,632307104,,NATERA INC,104996.0,28501164000.0,
Coatue Management,0001135730,0000919574-26-005478,2026-08-14,2026-06-30,632307104,,NATERA INC,674722.0,183153287000.0,
Coatue Management,0001135730,0000919574-26-005478,2026-08-14,2026-06-30,632307104,,NATERA INC,34770.0,9438317000.0,
Coatue Management,0001135730,0000919574-26-005478,2026-08-14,2026-06-30,632307104,,NATERA INC,549954.0,149285013000.0,
Coatue Management,0001135730,0000919574-26-005478,2026-08-14,2026-06-30,632307104,,NATERA INC,32605.0,8850627000.0,
Coatue Management,0001135730,0000919574-26-005478,2026-08-14,2026-06-30,64110L106,,NETFLIX INC.,4710420.0,336323988000.0,
Coatue Management,0001135730,0000919574-26-005478,2026-08-14,2026-06-30,670002401,,NOVAVAX INC,3836986.0,36144408000.0,
Coatue Management,0001135730,0000919574-26-005478,2026-08-14,2026-06-30,G6683N103,,NU HLDGS LTD,29333576.0,391896575000.0,
Coatue Management,0001135730,0000919574-26-005478,2026-08-14,2026-06-30,67066G104,,NVIDIA CORPORATION,1915943.0,383361035000.0,
Coatue Management,0001135730,0000919574-26-005478,2026-08-14,2026-06-30,67066G104,,NVIDIA CORPORATION,85716.0,17150914000.0,
Coatue Management,0001135730,0000919574-26-005478,2026-08-14,2026-06-30,67066G104,,NVIDIA CORPORATION,4053538.0,811072418000.0,
Coatue Management,0001135730,0000919574-26-005478,2026-08-14,2026-06-30,679369108,,OLAPLEX HLDGS INC,1264968.0,2593184000.0,
Coatue Management,0001135730,0000919574-26-005478,2026-08-14,2026-06-30,70450Y103,,PAYPAL HLDGS INC,1243590.0,53698216000.0,
Coatue Management,0001135730,0000919574-26-005478,2026-08-14,2026-06-30,70614W100,,PELOTON INTERACTIVE INC,2500000.0,14775000000.0,
Coatue Management,0001135730,0000919574-26-005478,2026-08-14,2026-06-30,72352L106,,PINTEREST INC,1197780.0,25189313000.0,
Coatue Management,0001135730,0000919574-26-005478,2026-08-14,2026-06-30,72919P202,,PLUG PWR INC,2545243.0,6897609000.0,
Coatue Management,0001135730,0000919574-26-005478,2026-08-14,2026-06-30,747525103,,QUALCOMM INC,1387312.0,256361384000.0,
Coatue Management,0001135730,0000919574-26-005478,2026-08-14,2026-06-30,74767V109,,QUANTUMSCAPE CORP,4294995.0,32470162000.0,
Coatue Management,0001135730,0000919574-26-005478,2026-08-14,2026-06-30,75734B100,,REDDIT INC,2789891.0,484269280000.0,
Coatue Management,0001135730,0000919574-26-005478,2026-08-14,2026-06-30,76680R206,,RINGCENTRAL INC,411351.0,16034462000.0,
Coatue Management,0001135730,0000919574-26-005478,2026-08-14,2026-06-30,84615Q103,,SPACE EXPLORATION TECHN CORP,11464920.0,1958896231000.0,
Coatue Management,0001135730,0000919574-26-005478,2026-08-14,2026-06-30,84615Q103,,SPACE EXPLORATION TECHN CORP,1518277.0,259412808000.0,
Coatue Management,0001135730,0000919574-26-005478,2026-08-14,2026-06-30,84615Q103,,SPACE EXPLORATION TECHN CORP,507977.0,86792950000.0,
Coatue Management,0001135730,0000919574-26-005478,2026-08-14,2026-06-30,84615Q103,,SPACE EXPLORATION TECHN CORP,979900.0,167425714000.0,
Coatue Management,0001135730,0000919574-26-005478,2026-08-14,2026-06-30,84615Q103,,SPACE EXPLORATION TECHN CORP,256194.0,43773307000.0,
Coatue Management,0001135730,0000919574-26-005478,2026-08-14,2026-06-30,84615Q103,,SPACE EXPLORATION TECHN CORP,3703650.0,632805639000.0,
Coatue Management,0001135730,0000919574-26-005478,2026-08-14,2026-06-30,84615Q103,,SPACE EXPLORATION TECHN CORP,14025.0,2396312000.0,
Coatue Management,0001135730,0000919574-26-005478,2026-08-14,2026-06-30,84615Q103,,SPACE EXPLORATION TECHN CORP,116837.0,19962770000.0,
Coatue Management,0001135730,0000919574-26-005478,2026-08-14,2026-06-30,L8681T102,,SPOTIFY TECHNOLOGY S A,1163955.0,534406659000.0,
Coatue Management,0001135730,0000919574-26-005478,2026-08-14,2026-06-30,L8681T102,,SPOTIFY TECHNOLOGY S A,114934.0,52769647000.0,
Coatue Management,0001135730,0000919574-26-005478,2026-08-14,2026-06-30,L8681T102,,SPOTIFY TECHNOLOGY S A,31743.0,14574164000.0,
Coatue Management,0001135730,0000919574-26-005478,2026-08-14,2026-06-30,85208M102,,SPROUTS FMRS MKT INC,1203773.0,101815120000.0,
Coatue Management,0001135730,0000919574-26-005478,2026-08-14,2026-06-30,860897107,,STITCH FIX INC,735373.0,3022383000.0,
Coatue Management,0001135730,0000919574-26-005478,2026-08-14,2026-06-30,871607107,,SYNOPSYS INC,148478.0,66231581000.0,
Coatue Management,0001135730,0000919574-26-005478,2026-08-14,2026-06-30,871607107,,SYNOPSYS INC,168987.0,75380031000.0,
Coatue Management,0001135730,0000919574-26-005478,2026-08-14,2026-06-30,874039100,,TAIWAN SEMICONDUCTOR MANUFAC,605931.0,289374468000.0,
Coatue Management,0001135730,0000919574-26-005478,2026-08-14,2026-06-30,874039100,,TAIWAN SEMICONDUCTOR MANUFAC,3453059.0,1649077387000.0,
Coatue Management,0001135730,0000919574-26-005478,2026-08-14,2026-06-30,874039100,,TAIWAN SEMICONDUCTOR MANUFAC,208071.0,99368467000.0,
Coatue Management,0001135730,0000919574-26-005478,2026-08-14,2026-06-30,874039100,,TAIWAN SEMICONDUCTOR MANUFAC,2591429.0,1237588748000.0,
Coatue Management,0001135730,0000919574-26-005478,2026-08-14,2026-06-30,874039100,,TAIWAN SEMICONDUCTOR MANUFAC,74332.0,35498733000.0,
Coatue Management,0001135730,0000919574-26-005478,2026-08-14,2026-06-30,874039100,,TAIWAN SEMICONDUCTOR MANUFAC,645938.0,308480611000.0,
Coatue Management,0001135730,0000919574-26-005478,2026-08-14,2026-06-30,874039100,,TAIWAN SEMICONDUCTOR MANUFAC,208328.0,99491203000.0,
Coatue Management,0001135730,0000919574-26-005478,2026-08-14,2026-06-30,874039100,,TAIWAN SEMICONDUCTOR MANUFAC,870155.0,415559923000.0,
Coatue Management,0001135730,0000919574-26-005478,2026-08-14,2026-06-30,874039100,,TAIWAN SEMICONDUCTOR MANUFAC,59827.0,28571580000.0,
Coatue Management,0001135730,0000919574-26-005478,2026-08-14,2026-06-30,874039100,,TAIWAN SEMICONDUCTOR MANUFAC,197925.0,94523042000.0,
Coatue Management,0001135730,0000919574-26-005478,2026-08-14,2026-06-30,88160R101,,TESLA INC,14724.0,6192914000.0,
Coatue Management,0001135730,0000919574-26-005478,2026-08-14,2026-06-30,88160R101,,TESLA INC,45239.0,19027523000.0,
Coatue Management,0001135730,0000919574-26-005478,2026-08-14,2026-06-30,88339J105,,THE TRADE DESK INC,1387089.0,25078569000.0,
Coatue Management,0001135730,0000919574-26-005478,2026-08-14,2026-06-30,90364P105,,UIPATH INC,1961365.0,21320038000.0,
Coatue Management,0001135730,0000919574-26-005478,2026-08-14,2026-06-30,91680M107,,UPSTART HLDGS INC,870947.0,30857652000.0,
Coatue Management,0001135730,0000919574-26-005478,2026-08-14,2026-06-30,92537N108,,VERTIV HOLDINGS CO,410293.0,137374302000.0,
Coatue Management,0001135730,0000919574-26-005478,2026-08-14,2026-06-30,92537N108,,VERTIV HOLDINGS CO,65011.0,21766983000.0,
Coatue Management,0001135730,0000919574-26-005478,2026-08-14,2026-06-30,92537N108,,VERTIV HOLDINGS CO,331290.0,110922518000.0,
Coatue Management,0001135730,0000919574-26-005478,2026-08-14,2026-06-30,98954M200,,ZILLOW GROUP INC,739700.0,23315344000.0,
Coatue Management,0001135730,0000919574-26-005478,2026-08-14,2026-06-30,98954M101,,ZILLOW GROUP INC,328189.0,10295289000.0,
Coatue Management,0001135730,0000919574-26-003501,2026-05-15,2026-03-31,02079K305,,ALPHABET INC,2040367.0,586727935000.0,
Coatue Management,0001135730,0000919574-26-003501,2026-05-15,2026-03-31,02079K305,,ALPHABET INC,224812.0,64646939000.0,
Coatue Management,0001135730,0000919574-26-003501,2026-05-15,2026-03-31,02079K305,,ALPHABET INC,130783.0,37607959000.0,
Coatue Management,0001135730,0000919574-26-003501,2026-05-15,2026-03-31,02079K305,,ALPHABET INC,1704310.0,490091384000.0,
Coatue Management,0001135730,0000919574-26-003501,2026-05-15,2026-03-31,02079K305,,ALPHABET INC,24776.0,7124587000.0,
Coatue Management,0001135730,0000919574-26-003501,2026-05-15,2026-03-31,02079K305,,ALPHABET INC,163867.0,47121595000.0,
Coatue Management,0001135730,0000919574-26-003501,2026-05-15,2026-03-31,02079K305,,ALPHABET INC,24511.0,7048383000.0,
Coatue Management,0001135730,0000919574-26-003501,2026-05-15,2026-03-31,02079K107,,ALPHABET INC,659674.0,189234084000.0,
Coatue Management,0001135730,0000919574-26-003501,2026-05-15,2026-03-31,02079K107,,ALPHABET INC,75813.0,21747717000.0,
Coatue Management,0001135730,0000919574-26-003501,2026-05-15,2026-03-31,02079K107,,ALPHABET INC,43883.0,12588277000.0,
Coatue Management,0001135730,0000919574-26-003501,2026-05-15,2026-03-31,02079K107,,ALPHABET INC,266656.0,76492940000.0,
Coatue Management,0001135730,0000919574-26-003501,2026-05-15,2026-03-31,02079K107,,ALPHABET INC,6953.0,1994538000.0,
Coatue Management,0001135730,0000919574-26-003501,2026-05-15,2026-03-31,02079K107,,ALPHABET INC,54370.0,15596578000.0,
Coatue Management,0001135730,0000919574-26-003501,2026-05-15,2026-03-31,02079K107,,ALPHABET INC,8536.0,2448637000.0,
Coatue Management,0001135730,0000919574-26-003501,2026-05-15,2026-03-31,023135106,,AMAZON COM INC,1109.0,230971000.0,
Coatue Management,0001135730,0000919574-26-003501,2026-05-15,2026-03-31,023135106,,AMAZON COM INC,161128.0,33558129000.0,
Coatue Management,0001135730,0000919574-26-003501,2026-05-15,2026-03-31,023135106,,AMAZON COM INC,6602594.0,1375122252000.0,
Coatue Management,0001135730,0000919574-26-003501,2026-05-15,2026-03-31,023135106,,AMAZON COM INC,1165935.0,242829282000.0,
Coatue Management,0001135730,0000919574-26-003501,2026-05-15,2026-03-31,00165C302,,AMC ENTMT HLDGS INC,228136.0,223573000.0,
Coatue Management,0001135730,0000919574-26-003501,2026-05-15,2026-03-31,038222105,,APPLIED MATLS INC,2095587.0,716250681000.0,
Coatue Management,0001135730,0000919574-26-003501,2026-05-15,2026-03-31,038222105,,APPLIED MATLS INC,454604.0,155379101000.0,
Coatue Management,0001135730,0000919574-26-003501,2026-05-15,2026-03-31,038222105,,APPLIED MATLS INC,257904.0,88149008000.0,
Coatue Management,0001135730,0000919574-26-003501,2026-05-15,2026-03-31,038222105,,APPLIED MATLS INC,1567165.0,535641325000.0,
Coatue Management,0001135730,0000919574-26-003501,2026-05-15,2026-03-31,038222105,,APPLIED MATLS INC,58408.0,19963270000.0,
Coatue Management,0001135730,0000919574-26-003501,2026-05-15,2026-03-31,038222105,,APPLIED MATLS INC,752100.0,257060259000.0,
Coatue Management,0001135730,0000919574-26-003501,2026-05-15,2026-03-31,038222105,,APPLIED MATLS INC,62434.0,21339317000.0,
Coatue Management,0001135730,0000919574-26-003501,2026-05-15,2026-03-31,03831W108,,APPLOVIN CORP,854899.0,340249802000.0,
Coatue Management,0001135730,0000919574-26-003501,2026-05-15,2026-03-31,03831W108,,APPLOVIN CORP,435109.0,173173382000.0,
Coatue Management,0001135730,0000919574-26-003501,2026-05-15,2026-03-31,038923108,,ARBOR REALTY TRUST INC,4196885.0,32357983000.0,
Coatue Management,0001135730,0000919574-26-003501,2026-05-15,2026-03-31,N07059210,,ASML HLDG NV,151211.0,199724025000.0,
Coatue Management,0001135730,0000919574-26-003501,2026-05-15,2026-03-31,N07059210,,ASML HLDG NV,15028.0,19849433000.0,
Coatue Management,0001135730,0000919574-26-003501,2026-05-15,2026-03-31,N07059210,,ASML HLDG NV,34139.0,45091815000.0,
Coatue Management,0001135730,0000919574-26-003501,2026-05-15,2026-03-31,N07059210,,ASML HLDG NV,197498.0,260861283000.0,
Coatue Management,0001135730,0000919574-26-003501,2026-05-15,2026-03-31,N07059210,,ASML HLDG NV,4893.0,6462821000.0,
Coatue Management,0001135730,0000919574-26-003501,2026-05-15,2026-03-31,N07059210,,ASML HLDG NV,87391.0,115428655000.0,
Coatue Management,0001135730,0000919574-26-003501,2026-05-15,2026-03-31,N07059210,,ASML HLDG NV,6074.0,8022721000.0,
Coatue Management,0001135730,0000919574-26-003501,2026-05-15,2026-03-31,08862E109,,BEYOND MEAT INC,343393.0,240925000.0,
Coatue Management,0001135730,0000919574-26-003501,2026-05-15,2026-03-31,11135F101,,BROADCOM INC,3080113.0,953325775000.0,
Coatue Management,0001135730,0000919574-26-003501,2026-05-15,2026-03-31,11135F101,,BROADCOM INC,273502.0,84651604000.0,
Coatue Management,0001135730,0000919574-26-003501,2026-05-15,2026-03-31,11135F101,,BROADCOM INC,159191.0,49271206000.0,
Coatue Management,0001135730,0000919574-26-003501,2026-05-15,2026-03-31,11135F101,,BROADCOM INC,976187.0,302139638000.0,
Coatue Management,0001135730,0000919574-26-003501,2026-05-15,2026-03-31,11135F101,,BROADCOM INC,26923.0,8332938000.0,
Coatue Management,0001135730,0000919574-26-003501,2026-05-15,2026-03-31,11135F101,,BROADCOM INC,422553.0,130784379000.0,
Coatue Management,0001135730,0000919574-26-003501,2026-05-15,2026-03-31,11135F101,,BROADCOM INC,151596.0,46920478000.0,
Coatue Management,0001135730,0000919574-26-003501,2026-05-15,2026-03-31,11135F101,,BROADCOM INC,393556.0,121809518000.0,
Coatue Management,0001135730,0000919574-26-003501,2026-05-15,2026-03-31,11135F101,,BROADCOM INC,20231.0,6261697000.0,
Coatue Management,0001135730,0000919574-26-003501,2026-05-15,2026-03-31,12541W209,,C H ROBINSON WORLDWIDE IN,145466.0,24157539000.0,
Coatue Management,0001135730,0000919574-26-003501,2026-05-15,2026-03-31,12541W209,,C H ROBINSON WORLDWIDE IN,1298.0,215559000.0,
Coatue Management,0001135730,0000919574-26-003501,2026-05-15,2026-03-31,12541W209,,C H ROBINSON WORLDWIDE IN,58735.0,9754121000.0,
Coatue Management,0001135730,0000919574-26-003501,2026-05-15,2026-03-31,12541W209,,C H ROBINSON WORLDWIDE IN,356905.0,59271213000.0,
Coatue Management,0001135730,0000919574-26-003501,2026-05-15,2026-03-31,12541W209,,C H ROBINSON WORLDWIDE IN,4712.0,782522000.0,
Coatue Management,0001135730,0000919574-26-003501,2026-05-15,2026-03-31,12541W209,,C H ROBINSON WORLDWIDE IN,5894.0,978817000.0,
Coatue Management,0001135730,0000919574-26-003501,2026-05-15,2026-03-31,142152107,,CARIS LIFE SCIENCES INC,4528986.0,80978270000.0,
Coatue Management,0001135730,0000919574-26-003501,2026-05-15,2026-03-31,142152107,,CARIS LIFE SCIENCES INC,5291006.0,94603187000.0,
Coatue Management,0001135730,0000919574-26-003501,2026-05-15,2026-03-31,146869102,,CARVANA CO,39487.0,12413923000.0,
Coatue Management,0001135730,0000919574-26-003501,2026-05-15,2026-03-31,146869102,,CARVANA CO,21835.0,6864487000.0,
Coatue Management,0001135730,0000919574-26-003501,2026-05-15,2026-03-31,146869102,,CARVANA CO,465245.0,146263723000.0,
Coatue Management,0001135730,0000919574-26-003501,2026-05-15,2026-03-31,146869102,,CARVANA CO,3554.0,1117307000.0,
Coatue Management,0001135730,0000919574-26-003501,2026-05-15,2026-03-31,146869102,,CARVANA CO,4404.0,1384530000.0,
Coatue Management,0001135730,0000919574-26-003501,2026-05-15,2026-03-31,146869102,,CARVANA CO,146475.0,46048811000.0,
Coatue Management,0001135730,0000919574-26-003501,2026-05-15,2026-03-31,15961R303,,CHARGEPOINT HOLDINGS INC,154086.0,748858000.0,
Coatue Management,0001135730,0000919574-26-003501,2026-05-15,2026-03-31,16935C109,,CHIME FINL INC,1854556.0,34735833000.0,
Coatue Management,0001135730,0000919574-26-003501,2026-05-15,2026-03-31,16935C109,,CHIME FINL INC,3232518.0,60545062000.0,
Coatue Management,0001135730,0000919574-26-003501,2026-05-15,2026-03-31,16935C109,,CHIME FINL INC,4984918.0,93367514000.0,
Coatue Management,0001135730,0000919574-26-003501,2026-05-15,2026-03-31,21037T109,,CONSTELLATION ENERGY CORP,353581.0,98737494000.0,
Coatue Management,0001135730,0000919574-26-003501,2026-05-15,2026-03-31,21037T109,,CONSTELLATION ENERGY CORP,135151.0,37740917000.0,
Coatue Management,0001135730,0000919574-26-003501,2026-05-15,2026-03-31,21037T109,,CONSTELLATION ENERGY CORP,409300.0,114297025000.0,
Coatue Management,0001135730,0000919574-26-003501,2026-05-15,2026-03-31,21037T109,,CONSTELLATION ENERGY CORP,2625723.0,733233148000.0,
Coatue Management,0001135730,0000919574-26-003501,2026-05-15,2026-03-31,21037T109,,CONSTELLATION ENERGY CORP,1108720.0,309610060000.0,
Coatue Management,0001135730,0000919574-26-003501,2026-05-15,2026-03-31,25809K105,,DOORDASH INC,234609.0,35226541000.0,
Coatue Management,0001135730,0000919574-26-003501,2026-05-15,2026-03-31,25809K105,,DOORDASH INC,66911.0,10046687000.0,
Coatue Management,0001135730,0000919574-26-003501,2026-05-15,2026-03-31,25809K105,,DOORDASH INC,33527.0,5034079000.0,
Coatue Management,0001135730,0000919574-26-003501,2026-05-15,2026-03-31,25809K105,,DOORDASH INC,203725.0,30589309000.0,
Coatue Management,0001135730,0000919574-26-003501,2026-05-15,2026-03-31,25809K105,,DOORDASH INC,5847.0,877927000.0,
Coatue Management,0001135730,0000919574-26-003501,2026-05-15,2026-03-31,25809K105,,DOORDASH INC,7189.0,1079428000.0,
Coatue Management,0001135730,0000919574-26-003501,2026-05-15,2026-03-31,G29183103,,EATON CORP PLC,1956773.0,699878999000.0,
Coatue Management,0001135730,0000919574-26-003501,2026-05-15,2026-03-31,G29183103,,EATON CORP PLC,300352.0,107426900000.0,
Coatue Management,0001135730,0000919574-26-003501,2026-05-15,2026-03-31,G29183103,,EATON CORP PLC,175249.0,62681310000.0,
Coatue Management,0001135730,0000919574-26-003501,2026-05-15,2026-03-31,G29183103,,EATON CORP PLC,1064909.0,380886002000.0,
Coatue Management,0001135730,0000919574-26-003501,2026-05-15,2026-03-31,G29183103,,EATON CORP PLC,37549.0,13430151000.0,
Coatue Management,0001135730,0000919574-26-003501,2026-05-15,2026-03-31,G29183103,,EATON CORP PLC,530076.0,189592283000.0,
Coatue Management,0001135730,0000919574-26-003501,2026-05-15,2026-03-31,G29183103,,EATON CORP PLC,159117.0,56911377000.0,
Coatue Management,0001135730,0000919574-26-003501,2026-05-15,2026-03-31,G29183103,,EATON CORP PLC,479315.0,171436596000.0,
Coatue Management,0001135730,0000919574-26-003501,2026-05-15,2026-03-31,G29183103,,EATON CORP PLC,45158.0,16151662000.0,
Coatue Management,0001135730,0000919574-26-003501,2026-05-15,2026-03-31,29355A107,,ENPHASE ENERGY INC,1647893.0,62306834000.0,
Coatue Management,0001135730,0000919574-26-003501,2026-05-15,2026-03-31,29444U700,,EQUINIX INC,60026.0,58839886000.0,
Coatue Management,0001135730,0000919574-26-003501,2026-05-15,2026-03-31,29444U700,,EQUINIX INC,364746.0,357538619000.0,
Coatue Management,0001135730,0000919574-26-003501,2026-05-15,2026-03-31,29444U700,,EQUINIX INC,14210.0,13929210000.0,
Coatue Management,0001135730,0000919574-26-003501,2026-05-15,2026-03-31,29444U700,,EQUINIX INC,89192.0,87429566000.0,
Coatue Management,0001135730,0000919574-26-003501,2026-05-15,2026-03-31,29444U700,,EQUINIX INC,17711.0,17361031000.0,
Coatue Management,0001135730,0000919574-26-003501,2026-05-15,2026-03-31,29444U700,,EQUINIX INC,438511.0,429846023000.0,
Coatue Management,0001135730,0000919574-26-003501,2026-05-15,2026-03-31,29444U700,,EQUINIX INC,106490.0,104385758000.0,
Coatue Management,0001135730,0000919574-26-003501,2026-05-15,2026-03-31,31946M103,,FIRST CTZNS BANCSHARES INC D,139498.0,262906301000.0,
Coatue Management,0001135730,0000919574-26-003501,2026-05-15,2026-03-31,36828A101,,GE VERNOVA INC,1256825.0,1097082543000.0,
Coatue Management,0001135730,0000919574-26-003501,2026-05-15,2026-03-31,36828A101,,GE VERNOVA INC,83902.0,73238056000.0,
Coatue Management,0001135730,0000919574-26-003501,2026-05-15,2026-03-31,36828A101,,GE VERNOVA INC,50452.0,44039551000.0,
Coatue Management,0001135730,0000919574-26-003501,2026-05-15,2026-03-31,36828A101,,GE VERNOVA INC,548413.0,478709708000.0,
Coatue Management,0001135730,0000919574-26-003501,2026-05-15,2026-03-31,36828A101,,GE VERNOVA INC,9881.0,8625125000.0,
Coatue Management,0001135730,0000919574-26-003501,2026-05-15,2026-03-31,36828A101,,GE VERNOVA INC,337884.0,294938944000.0,
Coatue Management,0001135730,0000919574-26-003501,2026-05-15,2026-03-31,36828A101,,GE VERNOVA INC,77571.0,67711726000.0,
Coatue Management,0001135730,0000919574-26-003501,2026-05-15,2026-03-31,36828A101,,GE VERNOVA INC,199235.0,173912232000.0,
Coatue Management,0001135730,0000919574-26-003501,2026-05-15,2026-03-31,36828A101,,GE VERNOVA INC,8195.0,7153416000.0,
Coatue Management,0001135730,0000919574-26-003501,2026-05-15,2026-03-31,368736104,,GENERAC HLDGS INC,390513.0,76278904000.0,
Coatue Management,0001135730,0000919574-26-003501,2026-05-15,2026-03-31,42806J148,,HERTZ GLOBAL HLDGS INC,468814.0,1068896000.0,
Coatue Management,0001135730,0000919574-26-003501,2026-05-15,2026-03-31,42806J700,,HERTZ GLOBAL HLDGS INC,106823.0,492454000.0,
Coatue Management,0001135730,0000919574-26-003501,2026-05-15,2026-03-31,46120E602,,INTUITIVE SURGICAL INC,435874.0,200933555000.0,
Coatue Management,0001135730,0000919574-26-003501,2026-05-15,2026-03-31,46120E602,,INTUITIVE SURGICAL INC,78961.0,36400231000.0,
Coatue Management,0001135730,0000919574-26-003501,2026-05-15,2026-03-31,46120E602,,INTUITIVE SURGICAL INC,44940.0,20716891000.0,
Coatue Management,0001135730,0000919574-26-003501,2026-05-15,2026-03-31,46120E602,,INTUITIVE SURGICAL INC,273075.0,125884844000.0,
Coatue Management,0001135730,0000919574-26-003501,2026-05-15,2026-03-31,46120E602,,INTUITIVE SURGICAL INC,9998.0,4608978000.0,
Coatue Management,0001135730,0000919574-26-003501,2026-05-15,2026-03-31,46120E602,,INTUITIVE SURGICAL INC,12377.0,5705673000.0,
Coatue Management,0001135730,0000919574-26-003501,2026-05-15,2026-03-31,46438F101,,ISHARES BITCOIN TRUST ETF,67226.0,2582823000.0,
Coatue Management,0001135730,0000919574-26-003501,2026-05-15,2026-03-31,512807306,,LAM RESEARCH CORP,4800727.0,1025723331000.0,
Coatue Management,0001135730,0000919574-26-003501,2026-05-15,2026-03-31,512807306,,LAM RESEARCH CORP,724403.0,154775945000.0,
Coatue Management,0001135730,0000919574-26-003501,2026-05-15,2026-03-31,512807306,,LAM RESEARCH CORP,416444.0,88977425000.0,
Coatue Management,0001135730,0000919574-26-003501,2026-05-15,2026-03-31,512807306,,LAM RESEARCH CORP,2531217.0,540819824000.0,
Coatue Management,0001135730,0000919574-26-003501,2026-05-15,2026-03-31,512807306,,LAM RESEARCH CORP,90807.0,19401824000.0,
Coatue Management,0001135730,0000919574-26-003501,2026-05-15,2026-03-31,512807306,,LAM RESEARCH CORP,1380494.0,294956348000.0,
Coatue Management,0001135730,0000919574-26-003501,2026-05-15,2026-03-31,512807306,,LAM RESEARCH CORP,99413.0,21240582000.0,
Coatue Management,0001135730,0000919574-26-003501,2026-05-15,2026-03-31,549498202,,LUCID GROUP INC,295393.0,2815095000.0,
Coatue Management,0001135730,0000919574-26-003501,2026-05-15,2026-03-31,576323109,,MASTEC INC,211992.0,68206306000.0,
Coatue Management,0001135730,0000919574-26-003501,2026-05-15,2026-03-31,576323109,,MASTEC INC,282814.0,90992576000.0,
Coatue Management,0001135730,0000919574-26-003501,2026-05-15,2026-03-31,576323109,,MASTEC INC,88791.0,28567616000.0,
Coatue Management,0001135730,0000919574-26-003501,2026-05-15,2026-03-31,58463J304,,MEDICAL PROPERTIES TRUST INC,4525398.0,20952593000.0,
Coatue Management,0001135730,0000919574-26-003501,2026-05-15,2026-03-31,30303M102,,META PLATFORMS INC,2143061.0,1226109490000.0,
Coatue Management,0001135730,0000919574-26-003501,2026-05-15,2026-03-31,30303M102,,META PLATFORMS INC,62468.0,35739817000.0,
Coatue Management,0001135730,0000919574-26-003501,2026-05-15,2026-03-31,30303M102,,META PLATFORMS INC,34353.0,19654382000.0,
Coatue Management,0001135730,0000919574-26-003501,2026-05-15,2026-03-31,30303M102,,META PLATFORMS INC,560583.0,320726352000.0,
Coatue Management,0001135730,0000919574-26-003501,2026-05-15,2026-03-31,30303M102,,META PLATFORMS INC,5208.0,2979653000.0,
Coatue Management,0001135730,0000919574-26-003501,2026-05-15,2026-03-31,30303M102,,META PLATFORMS INC,6383.0,3651906000.0,
Coatue Management,0001135730,0000919574-26-003501,2026-05-15,2026-03-31,595112103,,MICRON TECHNOLOGY INC,165931.0,56058129000.0,
Coatue Management,0001135730,0000919574-26-003501,2026-05-15,2026-03-31,594918104,,MICROSOFT CORP,2480017.0,918027893000.0,
Coatue Management,0001135730,0000919574-26-003501,2026-05-15,2026-03-31,632307104,,NATERA INC,811253.0,162242487000.0,
Coatue Management,0001135730,0000919574-26-003501,2026-05-15,2026-03-31,632307104,,NATERA INC,220249.0,44047598000.0,
Coatue Management,0001135730,0000919574-26-003501,2026-05-15,2026-03-31,632307104,,NATERA INC,127386.0,25475926000.0,
Coatue Management,0001135730,0000919574-26-003501,2026-05-15,2026-03-31,632307104,,NATERA INC,774068.0,154805859000.0,
Coatue Management,0001135730,0000919574-26-003501,2026-05-15,2026-03-31,632307104,,NATERA INC,26327.0,5265137000.0,
Coatue Management,0001135730,0000919574-26-003501,2026-05-15,2026-03-31,632307104,,NATERA INC,549954.0,109985300000.0,
Coatue Management,0001135730,0000919574-26-003501,2026-05-15,2026-03-31,632307104,,NATERA INC,32605.0,6520674000.0,
Coatue Management,0001135730,0000919574-26-003501,2026-05-15,2026-03-31,64110L106,,NETFLIX INC.,6187350.0,594913703000.0,
Coatue Management,0001135730,0000919574-26-003501,2026-05-15,2026-03-31,64110L106,,NETFLIX INC.,128283.0,12334410000.0,
Coatue Management,0001135730,0000919574-26-003501,2026-05-15,2026-03-31,64110L106,,NETFLIX INC.,76794.0,7383743000.0,
Coatue Management,0001135730,0000919574-26-003501,2026-05-15,2026-03-31,64110L106,,NETFLIX INC.,466639.0,44867340000.0,
Coatue Management,0001135730,0000919574-26-003501,2026-05-15,2026-03-31,64110L106,,NETFLIX INC.,15440.0,1484556000.0,
Coatue Management,0001135730,0000919574-26-003501,2026-05-15,2026-03-31,64110L106,,NETFLIX INC.,19054.0,1832042000.0,
Coatue Management,0001135730,0000919574-26-003501,2026-05-15,2026-03-31,670002401,,NOVAVAX INC,3836986.0,31233066000.0,
Coatue Management,0001135730,0000919574-26-003501,2026-05-15,2026-03-31,G6683N103,,NU HLDGS LTD,29333576.0,421523487000.0,
Coatue Management,0001135730,0000919574-26-003501,2026-05-15,2026-03-31,67066G104,,NVIDIA CORPORATION,92217.0,16082645000.0,
Coatue Management,0001135730,0000919574-26-003501,2026-05-15,2026-03-31,67066G104,,NVIDIA CORPORATION,4323460.0,754011424000.0,
Coatue Management,0001135730,0000919574-26-003501,2026-05-15,2026-03-31,67066G104,,NVIDIA CORPORATION,1915943.0,334140459000.0,
Coatue Management,0001135730,0000919574-26-003501,2026-05-15,2026-03-31,679369108,,OLAPLEX HLDGS INC,1264968.0,2567885000.0,
Coatue Management,0001135730,0000919574-26-003501,2026-05-15,2026-03-31,70450Y103,,PAYPAL HLDGS INC,1243590.0,56247576000.0,
Coatue Management,0001135730,0000919574-26-003501,2026-05-15,2026-03-31,70614W100,,PELOTON INTERACTIVE INC,2500000.0,10725000000.0,
Coatue Management,0001135730,0000919574-26-003501,2026-05-15,2026-03-31,72352L106,,PINTEREST INC,1678764.0,30788532000.0,
Coatue Management,0001135730,0000919574-26-003501,2026-05-15,2026-03-31,72919P202,,PLUG PWR INC,2545243.0,5752249000.0,
Coatue Management,0001135730,0000919574-26-003501,2026-05-15,2026-03-31,747525103,,QUALCOMM INC,1387312.0,178658039000.0,
Coatue Management,0001135730,0000919574-26-003501,2026-05-15,2026-03-31,74767V109,,QUANTUMSCAPE CORP,4294995.0,27402068000.0,
Coatue Management,0001135730,0000919574-26-003501,2026-05-15,2026-03-31,75734B100,,REDDIT INC,2789891.0,375658823000.0,
Coatue Management,0001135730,0000919574-26-003501,2026-05-15,2026-03-31,76680R206,,RINGCENTRAL INC,411351.0,15298144000.0,
Coatue Management,0001135730,0000919574-26-003501,2026-05-15,2026-03-31,83443Q103,,SOLSTICE ADVANCED MATLS INC,681490.0,51902278000.0,
Coatue Management,0001135730,0000919574-26-003501,2026-05-15,2026-03-31,83443Q103,,SOLSTICE ADVANCED MATLS INC,726591.0,55337171000.0,
Coatue Management,0001135730,0000919574-26-003501,2026-05-15,2026-03-31,83443Q103,,SOLSTICE ADVANCED MATLS INC,246508.0,18774049000.0,
Coatue Management,0001135730,0000919574-26-003501,2026-05-15,2026-03-31,L8681T102,,SPOTIFY TECHNOLOGY S A,1163955.0,564413419000.0,
Coatue Management,0001135730,0000919574-26-003501,2026-05-15,2026-03-31,L8681T102,,SPOTIFY TECHNOLOGY S A,27296.0,13236103000.0,
Coatue Management,0001135730,0000919574-26-003501,2026-05-15,2026-03-31,L8681T102,,SPOTIFY TECHNOLOGY S A,17323.0,8400096000.0,
Coatue Management,0001135730,0000919574-26-003501,2026-05-15,2026-03-31,L8681T102,,SPOTIFY TECHNOLOGY S A,105259.0,51041142000.0,
Coatue Management,0001135730,0000919574-26-003501,2026-05-15,2026-03-31,L8681T102,,SPOTIFY TECHNOLOGY S A,3168.0,1536195000.0,
Coatue Management,0001135730,0000919574-26-003501,2026-05-15,2026-03-31,L8681T102,,SPOTIFY TECHNOLOGY S A,3913.0,1897453000.0,
Coatue Management,0001135730,0000919574-26-003501,2026-05-15,2026-03-31,85208M102,,SPROUTS FMRS MKT INC,1203773.0,92847011000.0,
Coatue Management,0001135730,0000919574-26-003501,2026-05-15,2026-03-31,860897107,,STITCH FIX INC,735373.0,2434085000.0,
Coatue Management,0001135730,0000919574-26-003501,2026-05-15,2026-03-31,871607107,,SYNOPSYS INC,148478.0,58868557000.0,
Coatue Management,0001135730,0000919574-26-003501,2026-05-15,2026-03-31,871607107,,SYNOPSYS INC,444295.0,176154082000.0,
Coatue Management,0001135730,0000919574-26-003501,2026-05-15,2026-03-31,871607107,,SYNOPSYS INC,168987.0,66999966000.0,
Coatue Management,0001135730,0000919574-26-003501,2026-05-15,2026-03-31,874039100,,TAIWAN SEMICONDUCTOR MANUFAC,3453059.0,1166961289000.0,
Coatue Management,0001135730,0000919574-26-003501,2026-05-15,2026-03-31,874039100,,TAIWAN SEMICONDUCTOR MANUFAC,965882.0,326419822000.0,
Coatue Management,0001135730,0000919574-26-003501,2026-05-15,2026-03-31,874039100,,TAIWAN SEMICONDUCTOR MANUFAC,422978.0,142945415000.0,
Coatue Management,0001135730,0000919574-26-003501,2026-05-15,2026-03-31,874039100,,TAIWAN SEMICONDUCTOR MANUFAC,2570244.0,868613960000.0,
Coatue Management,0001135730,0000919574-26-003501,2026-05-15,2026-03-31,874039100,,TAIWAN SEMICONDUCTOR MANUFAC,90170.0,30472952000.0,
Coatue Management,0001135730,0000919574-26-003501,2026-05-15,2026-03-31,874039100,,TAIWAN SEMICONDUCTOR MANUFAC,584814.0,197637891000.0,
Coatue Management,0001135730,0000919574-26-003501,2026-05-15,2026-03-31,874039100,,TAIWAN SEMICONDUCTOR MANUFAC,168177.0,56835417000.0,
Coatue Management,0001135730,0000919574-26-003501,2026-05-15,2026-03-31,874039100,,TAIWAN SEMICONDUCTOR MANUFAC,930207.0,314363456000.0,
Coatue Management,0001135730,0000919574-26-003501,2026-05-15,2026-03-31,874039100,,TAIWAN SEMICONDUCTOR MANUFAC,98016.0,33124507000.0,
Coatue Management,0001135730,0000919574-26-003501,2026-05-15,2026-03-31,88160R101,,TESLA INC,45239.0,16817598000.0,
Coatue Management,0001135730,0000919574-26-003501,2026-05-15,2026-03-31,88160R101,,TESLA INC,13599.0,5055428000.0,
Coatue Management,0001135730,0000919574-26-003501,2026-05-15,2026-03-31,88339J105,,THE TRADE DESK INC,1387089.0,31473049000.0,
Coatue Management,0001135730,0000919574-26-003501,2026-05-15,2026-03-31,90364P105,,UIPATH INC,2269557.0,25192083000.0,
Coatue Management,0001135730,0000919574-26-003501,2026-05-15,2026-03-31,91680M107,,UPSTART HLDGS INC,870947.0,22339791000.0,
Coatue Management,0001135730,0000919574-26-003501,2026-05-15,2026-03-31,92537N108,,VERTIV HOLDINGS CO,459871.0,115234475000.0,
Coatue Management,0001135730,0000919574-26-003501,2026-05-15,2026-03-31,92537N108,,VERTIV HOLDINGS CO,410293.0,102811220000.0,
Coatue Management,0001135730,0000919574-26-003501,2026-05-15,2026-03-31,92537N108,,VERTIV HOLDINGS CO,111469.0,27931902000.0,
Coatue Management,0001135730,0000919574-26-003501,2026-05-15,2026-03-31,92826C839,,VISA INC,290986.0,87947609000.0,
Coatue Management,0001135730,0000919574-26-003501,2026-05-15,2026-03-31,92826C839,,VISA INC,81428.0,24610799000.0,
Coatue Management,0001135730,0000919574-26-003501,2026-05-15,2026-03-31,92826C839,,VISA INC,45971.0,13894275000.0,
Coatue Management,0001135730,0000919574-26-003501,2026-05-15,2026-03-31,92826C839,,VISA INC,279345.0,84429233000.0,
Coatue Management,0001135730,0000919574-26-003501,2026-05-15,2026-03-31,92826C839,,VISA INC,9434.0,2851332000.0,
Coatue Management,0001135730,0000919574-26-003501,2026-05-15,2026-03-31,92826C839,,VISA INC,11589.0,3502659000.0,
Coatue Management,0001135730,0000919574-26-003501,2026-05-15,2026-03-31,98954M101,,ZILLOW GROUP INC,328189.0,13583743000.0,
Coatue Management,0001135730,0000919574-26-003501,2026-05-15,2026-03-31,98954M200,,ZILLOW GROUP INC,739700.0,30608786000.0,
Tiger Global Management,0001167483,0000919574-26-005427,2026-08-14,2026-06-30,G00894108,,ACCELERANT HOLDINGS,75000.0,879000000.0,
Tiger Global Management,0001167483,0000919574-26-005427,2026-08-14,2026-06-30,007903107,,ADVANCED MICRO DEVICES INC,674727.0,391955662000.0,
Tiger Global Management,0001167483,0000919574-26-005427,2026-08-14,2026-06-30,02079K305,,ALPHABET INC,5805687.0,2074778363000.0,
Tiger Global Management,0001167483,0000919574-26-005427,2026-08-14,2026-06-30,023135106,,AMAZON COM INC,9683558.0,2307979214000.0,
Tiger Global Management,0001167483,0000919574-26-005427,2026-08-14,2026-06-30,03769M106,,APOLLO GLOBAL MGMT INC,2723110.0,322171145000.0,
Tiger Global Management,0001167483,0000919574-26-005427,2026-08-14,2026-06-30,038169207,,APPLIED DIGITAL CORP,885000.0,33010500000.0,
Tiger Global Management,0001167483,0000919574-26-005427,2026-08-14,2026-06-30,038222105,,APPLIED MATLS INC,1632210.0,1180087830000.0,
Tiger Global Management,0001167483,0000919574-26-005427,2026-08-14,2026-06-30,00138L108,,ATRENEW INC,9831218.0,38046814000.0,
Tiger Global Management,0001167483,0000919574-26-005427,2026-08-14,2026-06-30,852234103,,BLOCK INC,4576007.0,347776532000.0,
Tiger Global Management,0001167483,0000919574-26-005427,2026-08-14,2026-06-30,11135F101,,BROADCOM INC,1754062.0,662596921000.0,
Tiger Global Management,0001167483,0000919574-26-005427,2026-08-14,2026-06-30,15675D103,,CEREBRAS SYSTEMS INC,2999000.0,662779000000.0,
Tiger Global Management,0001167483,0000919574-26-005427,2026-08-14,2026-06-30,16935C109,,CHIME FINL INC,5284045.0,108217240000.0,
Tiger Global Management,0001167483,0000919574-26-005427,2026-08-14,2026-06-30,17253J106,,CIPHER DIGITAL INC,927000.0,22711500000.0,
Tiger Global Management,0001167483,0000919574-26-005427,2026-08-14,2026-06-30,21874A106,,CORE SCIENTIFIC INC NEW,817000.0,20907030000.0,
Tiger Global Management,0001167483,0000919574-26-005427,2026-08-14,2026-06-30,219948106,,CORPAY INC,2149877.0,716489508000.0,
Tiger Global Management,0001167483,0000919574-26-005427,2026-08-14,2026-06-30,22266T109,,COUPANG INC,36467972.0,633448674000.0,
Tiger Global Management,0001167483,0000919574-26-005427,2026-08-14,2026-06-30,235851102,,DANAHER CORP DEL,456000.0,86858880000.0,
Tiger Global Management,0001167483,0000919574-26-005427,2026-08-14,2026-06-30,25809K105,,DOORDASH INC,25337.0,4675437000.0,
Tiger Global Management,0001167483,0000919574-26-005427,2026-08-14,2026-06-30,29445S100,,EQUIPMENTSHARE COM INC,4579646.0,90035840000.0,
Tiger Global Management,0001167483,0000919574-26-005427,2026-08-14,2026-06-30,36828A101,,GE VERNOVA INC,797511.0,936963773000.0,
Tiger Global Management,0001167483,0000919574-26-005427,2026-08-14,2026-06-30,36866J105,,GEMINI SPACE STA INC,70000.0,298200000.0,
Tiger Global Management,0001167483,0000919574-26-005427,2026-08-14,2026-06-30,458140100,,INTEL CORP,4252690.0,593803105000.0,
Tiger Global Management,0001167483,0000919574-26-005427,2026-08-14,2026-06-30,47215P106,,JD.COM INC,201500.0,5134220000.0,
Tiger Global Management,0001167483,0000919574-26-005427,2026-08-14,2026-06-30,512807306,,LAM RESEARCH CORP,3163495.0,1370837288000.0,
Tiger Global Management,0001167483,0000919574-26-005427,2026-08-14,2026-06-30,531229755,,LIBERTY MEDIA CORP DEL,2278555.0,216781723000.0,
Tiger Global Management,0001167483,0000919574-26-005427,2026-08-14,2026-06-30,58733R102,,MERCADOLIBRE INC,153126.0,259914541000.0,
Tiger Global Management,0001167483,0000919574-26-005427,2026-08-14,2026-06-30,30303M102,,META PLATFORMS INC,2823180.0,1590269062000.0,
Tiger Global Management,0001167483,0000919574-26-005427,2026-08-14,2026-06-30,594918104,,MICROSOFT CORP,2266913.0,845603887000.0,
Tiger Global Management,0001167483,0000919574-26-005427,2026-08-14,2026-06-30,55318A108,,MNTN INC,20000.0,184000000.0,
Tiger Global Management,0001167483,0000919574-26-005427,2026-08-14,2026-06-30,G6683N103,,NU HLDGS LTD,11032555.0,147394937000.0,
Tiger Global Management,0001167483,0000919574-26-005427,2026-08-14,2026-06-30,67066G104,,NVIDIA CORPORATION,11198773.0,2240762490000.0,
Tiger Global Management,0001167483,0000919574-26-005427,2026-08-14,2026-06-30,732908108,,PONY AI INC,310287.0,2156495000.0,
Tiger Global Management,0001167483,0000919574-26-005427,2026-08-14,2026-06-30,75734B100,,REDDIT INC,2528819.0,438952402000.0,
Tiger Global Management,0001167483,0000919574-26-005427,2026-08-14,2026-06-30,81141R100,,SEA LTD,12559152.0,1203543536000.0,
Tiger Global Management,0001167483,0000919574-26-005427,2026-08-14,2026-06-30,G7997R103,,SEAGATE TECHNOLOGY HLDNGS PL,285100.0,275121500000.0,
Tiger Global Management,0001167483,0000919574-26-005427,2026-08-14,2026-06-30,81762P102,,SERVICENOW INC,873485.0,86719591000.0,
Tiger Global Management,0001167483,0000919574-26-005427,2026-08-14,2026-06-30,824348106,,SHERWIN WILLIAMS CO,257083.0,88518819000.0,
Tiger Global Management,0001167483,0000919574-26-005427,2026-08-14,2026-06-30,84615Q103,,SPACE EXPLORATION TECHN CORP,375000.0,64072500000.0,
Tiger Global Management,0001167483,0000919574-26-005427,2026-08-14,2026-06-30,L8681T102,,SPOTIFY TECHNOLOGY S A,1171427.0,537837279000.0,
Tiger Global Management,0001167483,0000919574-26-005427,2026-08-14,2026-06-30,874039100,,TAIWAN SEMICONDUCTOR MANUFAC,4881008.0,2331022991000.0,
Tiger Global Management,0001167483,0000919574-26-005427,2026-08-14,2026-06-30,874054109,,TAKE-TWO INTERACTIVE SOFTWAR,1809348.0,452300813000.0,
Tiger Global Management,0001167483,0000919574-26-005427,2026-08-14,2026-06-30,90353T100,,UBER TECHNOLOGIES INC,151178.0,10909004000.0,
Tiger Global Management,0001167483,0000919574-26-005427,2026-08-14,2026-06-30,91324P102,,UNITEDHEALTH GROUP INC,297452.0,123629974000.0,
Tiger Global Management,0001167483,0000919574-26-005427,2026-08-14,2026-06-30,92826C839,,VISA INC,798697.0,274024954000.0,
Tiger Global Management,0001167483,0000919574-26-005427,2026-08-14,2026-06-30,947002101,,WEALTHFRONT CORP,15156877.0,135502480000.0,
Tiger Global Management,0001167483,0000919574-26-005427,2026-08-14,2026-06-30,G9572D103,,WEBULL CORP,6724137.0,43841373000.0,
Tiger Global Management,0001167483,0000919574-26-003362,2026-05-15,2026-03-31,G00894108,,ACCELERANT HOLDINGS,75000.0,1002000000.0,
Tiger Global Management,0001167483,0000919574-26-003362,2026-05-15,2026-03-31,02079K305,,ALPHABET INC,10631402.0,3057165959000.0,
Tiger Global Management,0001167483,0000919574-26-003362,2026-05-15,2026-03-31,023135106,,AMAZON COM INC,10000000.0,2082700000000.0,
Tiger Global Management,0001167483,0000919574-26-003362,2026-05-15,2026-03-31,03769M106,,APOLLO GLOBAL MGMT INC,3293334.0,366943274000.0,
Tiger Global Management,0001167483,0000919574-26-003362,2026-05-15,2026-03-31,038222105,,APPLIED MATLS INC,1656900.0,566311851000.0,
Tiger Global Management,0001167483,0000919574-26-003362,2026-05-15,2026-03-31,03831W108,,APPLOVIN CORP,1000000.0,398000000000.0,
Tiger Global Management,0001167483,0000919574-26-003362,2026-05-15,2026-03-31,00138L108,,ATRENEW INC,9831218.0,46108412000.0,
Tiger Global Management,0001167483,0000919574-26-003362,2026-05-15,2026-03-31,852234103,,BLOCK INC,4000000.0,240720000000.0,
Tiger Global Management,0001167483,0000919574-26-003362,2026-05-15,2026-03-31,11135F101,,BROADCOM INC,3584814.0,1109535781000.0,
Tiger Global Management,0001167483,0000919574-26-003362,2026-05-15,2026-03-31,G16910120,,BULLISH,100000.0,3573000000.0,
Tiger Global Management,0001167483,0000919574-26-003362,2026-05-15,2026-03-31,16935C109,,CHIME FINL INC,11081780.0,207561740000.0,
Tiger Global Management,0001167483,0000919574-26-003362,2026-05-15,2026-03-31,219948106,,CORPAY INC,1752146.0,509856965000.0,
Tiger Global Management,0001167483,0000919574-26-003362,2026-05-15,2026-03-31,22160N109,,COSTAR GROUP INC,1500000.0,60510000000.0,
Tiger Global Management,0001167483,0000919574-26-003362,2026-05-15,2026-03-31,22266T109,,COUPANG INC,34595407.0,653161284000.0,
Tiger Global Management,0001167483,0000919574-26-003362,2026-05-15,2026-03-31,25809K105,,DOORDASH INC,25337.0,3804351000.0,
Tiger Global Management,0001167483,0000919574-26-003362,2026-05-15,2026-03-31,29445S100,,EQUIPMENTSHARE COM INC,4579646.0,93287389000.0,
Tiger Global Management,0001167483,0000919574-26-003362,2026-05-15,2026-03-31,G32089107,,ETORO GROUP LTD,80000.0,2402400000.0,
Tiger Global Management,0001167483,0000919574-26-003362,2026-05-15,2026-03-31,316841105,,FIGMA INC,60000.0,1268400000.0,
Tiger Global Management,0001167483,0000919574-26-003362,2026-05-15,2026-03-31,349381103,,FIGURE TECHNOLOGY SOLUTIO,200000.0,6790000000.0,
Tiger Global Management,0001167483,0000919574-26-003362,2026-05-15,2026-03-31,36828A101,,GE VERNOVA INC,972994.0,849326463000.0,
Tiger Global Management,0001167483,0000919574-26-003362,2026-05-15,2026-03-31,36866J105,,GEMINI SPACE STA INC,70000.0,309400000.0,
Tiger Global Management,0001167483,0000919574-26-003362,2026-05-15,2026-03-31,458140100,,INTEL CORP,1638700.0,72315831000.0,
Tiger Global Management,0001167483,0000919574-26-003362,2026-05-15,2026-03-31,47215P106,,JD.COM INC,344309.0,10181217000.0,
Tiger Global Management,0001167483,0000919574-26-003362,2026-05-15,2026-03-31,G5279N105,,KLARNA GROUP PLC,175000.0,2290750000.0,
Tiger Global Management,0001167483,0000919574-26-003362,2026-05-15,2026-03-31,512807306,,LAM RESEARCH CORP,3900439.0,833367797000.0,
Tiger Global Management,0001167483,0000919574-26-003362,2026-05-15,2026-03-31,531229755,,LIBERTY MEDIA CORP DEL,2682000.0,228023640000.0,
Tiger Global Management,0001167483,0000919574-26-003362,2026-05-15,2026-03-31,55024U109,,LUMENTUM HLDGS INC,136800.0,96137568000.0,
Tiger Global Management,0001167483,0000919574-26-003362,2026-05-15,2026-03-31,58733R102,,MERCADOLIBRE INC,135006.0,233428074000.0,
Tiger Global Management,0001167483,0000919574-26-003362,2026-05-15,2026-03-31,30303M102,,META PLATFORMS INC,3086864.0,1766087500000.0,
Tiger Global Management,0001167483,0000919574-26-003362,2026-05-15,2026-03-31,594918104,,MICROSOFT CORP,2500000.0,925425000000.0,
Tiger Global Management,0001167483,0000919574-26-003362,2026-05-15,2026-03-31,55318A108,,MNTN INC,20000.0,176000000.0,
Tiger Global Management,0001167483,0000919574-26-003362,2026-05-15,2026-03-31,64110L106,,NETFLIX INC.,2439000.0,234509850000.0,
Tiger Global Management,0001167483,0000919574-26-003362,2026-05-15,2026-03-31,64119N608,,NETSKOPE INC,500000.0,4245000000.0,
Tiger Global Management,0001167483,0000919574-26-003362,2026-05-15,2026-03-31,G6683N103,,NU HLDGS LTD,11032555.0,158537818000.0,
Tiger Global Management,0001167483,0000919574-26-003362,2026-05-15,2026-03-31,67066G104,,NVIDIA CORPORATION,12011752.0,2094849549000.0,
Tiger Global Management,0001167483,0000919574-26-003362,2026-05-15,2026-03-31,70450C101,,PAYPAY CORP,400000.0,8536000000.0,
Tiger Global Management,0001167483,0000919574-26-003362,2026-05-15,2026-03-31,732908108,,PONY AI INC,2900000.0,27376000000.0,
Tiger Global Management,0001167483,0000919574-26-003362,2026-05-15,2026-03-31,74275K108,,PROCORE TECHNOLOGIES INC,2339500.0,133351500000.0,
Tiger Global Management,0001167483,0000919574-26-003362,2026-05-15,2026-03-31,75734B100,,REDDIT INC,2500000.0,336625000000.0,
Tiger Global Management,0001167483,0000919574-26-003362,2026-05-15,2026-03-31,770701100,,ROBINHOOD VENTURES FD I,400000.0,10616000000.0,
Tiger Global Management,0001167483,0000919574-26-003362,2026-05-15,2026-03-31,81141R100,,SEA LTD,15415835.0,1276585296000.0,
Tiger Global Management,0001167483,0000919574-26-003362,2026-05-15,2026-03-31,81762P102,,SERVICENOW INC,1500000.0,156825000000.0,
Tiger Global Management,0001167483,0000919574-26-003362,2026-05-15,2026-03-31,824348106,,SHERWIN WILLIAMS CO,257083.0,82407956000.0,
Tiger Global Management,0001167483,0000919574-26-003362,2026-05-15,2026-03-31,L8681T102,,SPOTIFY TECHNOLOGY S A,1580761.0,766526817000.0,
Tiger Global Management,0001167483,0000919574-26-003362,2026-05-15,2026-03-31,874039100,,TAIWAN SEMICONDUCTOR MANUFAC,5565074.0,1880716758000.0,
Tiger Global Management,0001167483,0000919574-26-003362,2026-05-15,2026-03-31,874054109,,TAKE-TWO INTERACTIVE SOFTWAR,2000000.0,395000000000.0,
Tiger Global Management,0001167483,0000919574-26-003362,2026-05-15,2026-03-31,90353T100,,UBER TECHNOLOGIES INC,151178.0,10874234000.0,
Tiger Global Management,0001167483,0000919574-26-003362,2026-05-15,2026-03-31,91324P102,,UNITEDHEALTH GROUP INC,350445.0,94826913000.0,
Tiger Global Management,0001167483,0000919574-26-003362,2026-05-15,2026-03-31,947002101,,WEALTHFRONT CORP,15156877.0,140201112000.0,
Tiger Global Management,0001167483,0000919574-26-003362,2026-05-15,2026-03-31,G9572D103,,WEBULL CORP,6724137.0,32275858000.0,
Tiger Global Management,0001167483,0000919574-26-003362,2026-05-15,2026-03-31,98390R102,,XANADU QUANTUM TECHNOLO LTD,500000.0,3830000000.0,
Tiger Global Management,0001167483,0000919574-26-003362,2026-05-15,2026-03-31,98954M200,,ZILLOW GROUP INC,7368957.0,304927441000.0,
Tiger Global Management,0001167483,0000919574-26-003362,2026-05-15,2026-03-31,98954M101,,ZILLOW GROUP INC,1023733.0,42372309000.0,
Tiger Global Management,0001167483,0000919574-26-003362,2026-05-15,2026-03-31,98980G102,,ZSCALER INC,1579766.0,221625372000.0,
Lone Pine Capital,0001061165,0000919574-26-005485,2026-08-14,2026-06-30,02079K305,,ALPHABET INC,215574.0,77039680000.0,
Lone Pine Capital,0001061165,0000919574-26-005485,2026-08-14,2026-06-30,038222105,,APPLIED MATLS INC,1207737.0,873193851000.0,
Lone Pine Capital,0001061165,0000919574-26-005485,2026-08-14,2026-06-30,03831W108,,APPLOVIN CORP,1042268.0,537007742000.0,
Lone Pine Capital,0001061165,0000919574-26-005485,2026-08-14,2026-06-30,04010E109,,ARGAN INC,368673.0,294403824000.0,
Lone Pine Capital,0001061165,0000919574-26-005485,2026-08-14,2026-06-30,N07059210,,ASML HLDG NV,569174.0,1132337523000.0,
Lone Pine Capital,0001061165,0000919574-26-005485,2026-08-14,2026-06-30,G11448100,,BITDEER TECHNOLOGIES GROUP,7020026.0,111407813000.0,
Lone Pine Capital,0001061165,0000919574-26-005485,2026-08-14,2026-06-30,11271J107,,BROOKFIELD CORP,792717.0,33761817000.0,
Lone Pine Capital,0001061165,0000919574-26-005485,2026-08-14,2026-06-30,144285103,,CARPENTER TECHNOLOGY CORP,962839.0,593917609000.0,
Lone Pine Capital,0001061165,0000919574-26-005485,2026-08-14,2026-06-30,146869102,,CARVANA CO,10520666.0,692470236000.0,
Lone Pine Capital,0001061165,0000919574-26-005485,2026-08-14,2026-06-30,219350105,,CORNING INC,2728058.0,696827855000.0,
Lone Pine Capital,0001061165,0000919574-26-005485,2026-08-14,2026-06-30,437076102,,HOME DEPOT INC,2603189.0,918092697000.0,
Lone Pine Capital,0001061165,0000919574-26-005485,2026-08-14,2026-06-30,44812J104,,HUT 8 CORP,5773045.0,666469180000.0,
Lone Pine Capital,0001061165,0000919574-26-005485,2026-08-14,2026-06-30,45841N107,,INTERACTIVE BROKERS GROUP IN,577666.0,50280049000.0,
Lone Pine Capital,0001061165,0000919574-26-005485,2026-08-14,2026-06-30,50012A108,,KODIAK GAS SVCS INC,845070.0,63490109000.0,
Lone Pine Capital,0001061165,0000919574-26-005485,2026-08-14,2026-06-30,G54950103,,LINDE PLC,1558081.0,808550554000.0,
Lone Pine Capital,0001061165,0000919574-26-005485,2026-08-14,2026-06-30,50212V100,,LPL FINL HLDGS INC,1219099.0,343395806000.0,
Lone Pine Capital,0001061165,0000919574-26-005485,2026-08-14,2026-06-30,576323109,,MASTEC INC,1345157.0,559666021000.0,
Lone Pine Capital,0001061165,0000919574-26-005485,2026-08-14,2026-06-30,58155Q103,,MCKESSON CORP,57851.0,43712216000.0,
Lone Pine Capital,0001061165,0000919574-26-005485,2026-08-14,2026-06-30,58507V107,,MEDLINE INC,20968367.0,826992394000.0,
Lone Pine Capital,0001061165,0000919574-26-005485,2026-08-14,2026-06-30,N97284108,,NEBIUS GROUP N.V.,4258008.0,1175934069000.0,
Lone Pine Capital,0001061165,0000919574-26-005485,2026-08-14,2026-06-30,G6683N103,,NU HLDGS LTD,47219717.0,630855419000.0,
Lone Pine Capital,0001061165,0000919574-26-005485,2026-08-14,2026-06-30,H5919C104,,ON HLDG AG,13280030.0,470378663000.0,
Lone Pine Capital,0001061165,0000919574-26-005485,2026-08-14,2026-06-30,71377A103,,PERFORMANCE FOOD GROUP CO,5852740.0,654277805000.0,
Lone Pine Capital,0001061165,0000919574-26-005485,2026-08-14,2026-06-30,81141R100,,SEA LTD,494581.0,47395697000.0,
Lone Pine Capital,0001061165,0000919574-26-005485,2026-08-14,2026-06-30,G7997R103,,SEAGATE TECHNOLOGY HLDNGS PL,1000109.0,965105185000.0,
Lone Pine Capital,0001061165,0000919574-26-005485,2026-08-14,2026-06-30,778920306,,SHARONAI HOLDINGS INC,1209848.0,102425731000.0,
Lone Pine Capital,0001061165,0000919574-26-005485,2026-08-14,2026-06-30,859241101,,STERLING INFRASTRUCTURE INC,609643.0,511709948000.0,
Lone Pine Capital,0001061165,0000919574-26-005485,2026-08-14,2026-06-30,874039100,,TAIWAN SEMICONDUCTOR MANUFAC,101242.0,48350142000.0,
Lone Pine Capital,0001061165,0000919574-26-005485,2026-08-14,2026-06-30,880770102,,TERADYNE INC,1493080.0,722411827000.0,
Lone Pine Capital,0001061165,0000919574-26-005485,2026-08-14,2026-06-30,88080T104,,TERAWULF INC,24144625.0,596372238000.0,
Lone Pine Capital,0001061165,0000919574-26-005485,2026-08-14,2026-06-30,893641100,,TRANSDIGM GROUP INC,28532.0,38005765000.0,
Lone Pine Capital,0001061165,0000919574-26-005485,2026-08-14,2026-06-30,87305R109,,TTM TECHNOLOGIES INC,2738075.0,512074787000.0,
Lone Pine Capital,0001061165,0000919574-26-005485,2026-08-14,2026-06-30,912008109,,US FOODS HLDG CORP,4914492.0,502506807000.0,
Lone Pine Capital,0001061165,0000919574-26-005485,2026-08-14,2026-06-30,92826C839,,VISA INC,165960.0,56939216000.0,
Lone Pine Capital,0001061165,0000919574-26-003439,2026-05-15,2026-03-31,02079K305,,ALPHABET INC,187561.0,53935041000.0,
Lone Pine Capital,0001061165,0000919574-26-003439,2026-05-15,2026-03-31,032095101,,AMPHENOL CORP,223084.0,28186663000.0,
Lone Pine Capital,0001061165,0000919574-26-003439,2026-05-15,2026-03-31,03831W108,,APPLOVIN CORP,1464923.0,583039354000.0,
Lone Pine Capital,0001061165,0000919574-26-003439,2026-05-15,2026-03-31,04010E109,,ARGAN INC,393134.0,214120433000.0,
Lone Pine Capital,0001061165,0000919574-26-003439,2026-05-15,2026-03-31,N07059210,,ASML HLDG NV,655148.0,865339133000.0,
Lone Pine Capital,0001061165,0000919574-26-003439,2026-05-15,2026-03-31,09857L108,,BOOKING HOLDINGS INC,2405.0,10125820000.0,
Lone Pine Capital,0001061165,0000919574-26-003439,2026-05-15,2026-03-31,101137107,,BOSTON SCIENTIFIC CORP,104655.0,6567101000.0,
Lone Pine Capital,0001061165,0000919574-26-003439,2026-05-15,2026-03-31,11271J107,,BROOKFIELD CORP,11208969.0,453626975000.0,
Lone Pine Capital,0001061165,0000919574-26-003439,2026-05-15,2026-03-31,14040H105,,CAPITAL ONE FINL CORP,2267056.0,413579026000.0,
Lone Pine Capital,0001061165,0000919574-26-003439,2026-05-15,2026-03-31,144285103,,CARPENTER TECHNOLOGY CORP,1817940.0,716541051000.0,
Lone Pine Capital,0001061165,0000919574-26-003439,2026-05-15,2026-03-31,146869102,,CARVANA CO,1754709.0,551645415000.0,
Lone Pine Capital,0001061165,0000919574-26-003439,2026-05-15,2026-03-31,171779309,,CIENA CORP,809522.0,314280726000.0,
Lone Pine Capital,0001061165,0000919574-26-003439,2026-05-15,2026-03-31,184496107,,CLEAN HARBORS INC,1754950.0,503196814000.0,
Lone Pine Capital,0001061165,0000919574-26-003439,2026-05-15,2026-03-31,219350105,,CORNING INC,3718147.0,505556448000.0,
Lone Pine Capital,0001061165,0000919574-26-003439,2026-05-15,2026-03-31,29362U104,,ENTEGRIS INC,3115054.0,365208931000.0,
Lone Pine Capital,0001061165,0000919574-26-003439,2026-05-15,2026-03-31,43300A203,,HILTON WORLDWIDE HLDGS INC,89249.0,27138836000.0,
Lone Pine Capital,0001061165,0000919574-26-003439,2026-05-15,2026-03-31,44812J104,,HUT 8 CORP,6078951.0,285163591000.0,
Lone Pine Capital,0001061165,0000919574-26-003439,2026-05-15,2026-03-31,48251W104,,KKR & CO INC,179308.0,16585990000.0,
Lone Pine Capital,0001061165,0000919574-26-003439,2026-05-15,2026-03-31,50212V100,,LPL FINL HLDGS INC,2049967.0,616691573000.0,
Lone Pine Capital,0001061165,0000919574-26-003439,2026-05-15,2026-03-31,576323109,,MASTEC INC,1531050.0,492600027000.0,
Lone Pine Capital,0001061165,0000919574-26-003439,2026-05-15,2026-03-31,57636Q104,,MASTERCARD INCORPORATED,57201.0,28581052000.0,
Lone Pine Capital,0001061165,0000919574-26-003439,2026-05-15,2026-03-31,58155Q103,,MCKESSON CORP,392224.0,339414961000.0,
Lone Pine Capital,0001061165,0000919574-26-003439,2026-05-15,2026-03-31,58507V107,,MEDLINE INC,11789156.0,524617442000.0,
Lone Pine Capital,0001061165,0000919574-26-003439,2026-05-15,2026-03-31,G6683N103,,NU HLDGS LTD,38011225.0,546221303000.0,
Lone Pine Capital,0001061165,0000919574-26-003439,2026-05-15,2026-03-31,71377A103,,PERFORMANCE FOOD GROUP CO,3978158.0,340769014000.0,
Lone Pine Capital,0001061165,0000919574-26-003439,2026-05-15,2026-03-31,L8681T102,,SPOTIFY TECHNOLOGY S A,68844.0,33383144000.0,
Lone Pine Capital,0001061165,0000919574-26-003439,2026-05-15,2026-03-31,874039100,,TAIWAN SEMICONDUCTOR MANUFAC,1389530.0,469591664000.0,
Lone Pine Capital,0001061165,0000919574-26-003439,2026-05-15,2026-03-31,87422Q109,,TALEN ENERGY CORP,1817947.0,580343221000.0,
Lone Pine Capital,0001061165,0000919574-26-003439,2026-05-15,2026-03-31,88033G407,,TENET HEALTHCARE CORP,2258717.0,426242485000.0,
Lone Pine Capital,0001061165,0000919574-26-003439,2026-05-15,2026-03-31,880770102,,TERADYNE INC,1872876.0,555232819000.0,
Lone Pine Capital,0001061165,0000919574-26-003439,2026-05-15,2026-03-31,88080T104,,TERAWULF INC,19921430.0,287466235000.0,
Lone Pine Capital,0001061165,0000919574-26-003439,2026-05-15,2026-03-31,893641100,,TRANSDIGM GROUP INC,35677.0,41348216000.0,
Lone Pine Capital,0001061165,0000919574-26-003439,2026-05-15,2026-03-31,912008109,,US FOODS HLDG CORP,3795998.0,350028976000.0,
Lone Pine Capital,0001061165,0000919574-26-003439,2026-05-15,2026-03-31,92826C839,,VISA INC,92775.0,28040316000.0,
Lone Pine Capital,0001061165,0000919574-26-003439,2026-05-15,2026-03-31,92840M102,,VISTRA CORP,6187585.0,930179653000.0,
Lone Pine Capital,0001061165,0000919574-26-003439,2026-05-15,2026-03-31,929160109,,VULCAN MATLS CO,144179.0,39259942000.0,
D1 Capital Partners,0001747057,0001172661-26-003662,2026-08-14,2026-06-30,00827B106,,AFFIRM HLDGS INC,1908511.0,155639072000.0,
D1 Capital Partners,0001747057,0001172661-26-003662,2026-08-14,2026-06-30,02079K107,,ALPHABET INC,85000.0,30033050000.0,
D1 Capital Partners,0001747057,0001172661-26-003662,2026-08-14,2026-06-30,02079K305,,ALPHABET INC,738300.0,263846271000.0,
D1 Capital Partners,0001747057,0001172661-26-003662,2026-08-14,2026-06-30,023135106,,AMAZON COM INC,628082.0,149697064000.0,
D1 Capital Partners,0001747057,0001172661-26-003662,2026-08-14,2026-06-30,H2927K103,,AMRIZE LTD,2187487.0,116593057000.0,
D1 Capital Partners,0001747057,0001172661-26-003662,2026-08-14,2026-06-30,032654105,,ANALOG DEVICES INC,102040.0,40527227000.0,
D1 Capital Partners,0001747057,0001172661-26-003662,2026-08-14,2026-06-30,03769M106,,APOLLO GLOBAL MGMT INC,1159000.0,137121290000.0,
D1 Capital Partners,0001747057,0001172661-26-003662,2026-08-14,2026-06-30,03831W108,,APPLOVIN CORP,669282.0,344834165000.0,
D1 Capital Partners,0001747057,0001172661-26-003662,2026-08-14,2026-06-30,12008R107,,BUILDERS FIRSTSOURCE INC,1639222.0,146677585000.0,
D1 Capital Partners,0001747057,0001172661-26-003662,2026-08-14,2026-06-30,14040H105,,CAPITAL ONE FINL CORP,1093438.0,219365532000.0,
D1 Capital Partners,0001747057,0001172661-26-003662,2026-08-14,2026-06-30,146869102,,CARVANA CO,3779517.0,248767809000.0,
D1 Capital Partners,0001747057,0001172661-26-003662,2026-08-14,2026-06-30,15675D103,,CEREBRAS SYSTEMS INC,150000.0,33150000000.0,
D1 Capital Partners,0001747057,0001172661-26-003662,2026-08-14,2026-06-30,184496107,,CLEAN HARBORS INC,1315501.0,393005924000.0,
D1 Capital Partners,0001747057,0001172661-26-003662,2026-08-14,2026-06-30,20464U100,,COMPASS INC,15224831.0,187722166000.0,
D1 Capital Partners,0001747057,0001172661-26-003662,2026-08-14,2026-06-30,21873S108,,COREWEAVE INC,628446.0,62555515000.0,
D1 Capital Partners,0001747057,0001172661-26-003662,2026-08-14,2026-06-30,22266T109,,COUPANG INC,10292141.0,178774489000.0,
D1 Capital Partners,0001747057,0001172661-26-003662,2026-08-14,2026-06-30,235851102,,DANAHER CORP DEL,2282039.0,434682789000.0,
D1 Capital Partners,0001747057,0001172661-26-003662,2026-08-14,2026-06-30,254687106,,DISNEY WALT CO,2874400.0,276661000000.0,
D1 Capital Partners,0001747057,0001172661-26-003662,2026-08-14,2026-06-30,25809K105,,DOORDASH INC,1303705.0,240572684000.0,
D1 Capital Partners,0001747057,0001172661-26-003662,2026-08-14,2026-06-30,G2R11M108,,DPC HOLDINGS PLC,125000.0,6132500000.0,
D1 Capital Partners,0001747057,0001172661-26-003662,2026-08-14,2026-06-30,31488V107,,FERGUSON ENTERPRISES INC,1282038.0,304266079000.0,
D1 Capital Partners,0001747057,0001172661-26-003662,2026-08-14,2026-06-30,34354P105,,FLOWSERVE CORP,4968713.0,368479756000.0,
D1 Capital Partners,0001747057,0001172661-26-003662,2026-08-14,2026-06-30,44916Y106,,HYPERLIQUID STRATEGIES INC,6342600.0,49916262000.0,
D1 Capital Partners,0001747057,0001172661-26-003662,2026-08-14,2026-06-30,46120E602,,INTUITIVE SURGICAL INC,574200.0,228347856000.0,
D1 Capital Partners,0001747057,0001172661-26-003662,2026-08-14,2026-06-30,G4253H101,,JAMES HARDIE INDS PLC,27545516.0,721141609000.0,
D1 Capital Partners,0001747057,0001172661-26-003662,2026-08-14,2026-06-30,G51502105,,JOHNSON CONTROLS INTERNATION,3751887.0,548188210000.0,
D1 Capital Partners,0001747057,0001172661-26-003662,2026-08-14,2026-06-30,49427F108,,KILROY REALTY CORP,10498120.0,393364556000.0,
D1 Capital Partners,0001747057,0001172661-26-003662,2026-08-14,2026-06-30,518415104,,LATTICE SEMICONDUCTOR CORP,1084051.0,165816441000.0,
D1 Capital Partners,0001747057,0001172661-26-003662,2026-08-14,2026-06-30,G54950103,,LINDE PLC,341538.0,177237730000.0,
D1 Capital Partners,0001747057,0001172661-26-003662,2026-08-14,2026-06-30,53566V106,,LINEAGE INC,4736312.0,204845494000.0,
D1 Capital Partners,0001747057,0001172661-26-003662,2026-08-14,2026-06-30,537008104,,LITTELFUSE INC,224164.0,102068594000.0,
D1 Capital Partners,0001747057,0001172661-26-003662,2026-08-14,2026-06-30,55658T105,,MADISON AIR SOLUTIONS CORP,1250000.0,48750000000.0,
D1 Capital Partners,0001747057,0001172661-26-003662,2026-08-14,2026-06-30,565394103,,MAPLEBEAR INC,22564435.0,1068425997000.0,
D1 Capital Partners,0001747057,0001172661-26-003662,2026-08-14,2026-06-30,573284106,,MARTIN MARIETTA MATLS INC,345060.0,198996102000.0,
D1 Capital Partners,0001747057,0001172661-26-003662,2026-08-14,2026-06-30,58733R102,,MERCADOLIBRE INC,277475.0,470983290000.0,
D1 Capital Partners,0001747057,0001172661-26-003662,2026-08-14,2026-06-30,30303M102,,META PLATFORMS INC,566500.0,319103785000.0,
D1 Capital Partners,0001747057,0001172661-26-003662,2026-08-14,2026-06-30,609839105,,MONOLITHIC PWR SYS INC,85103.0,117642983000.0,
D1 Capital Partners,0001747057,0001172661-26-003662,2026-08-14,2026-06-30,G6683N103,,NU HLDGS LTD,44418543.0,593431734000.0,
D1 Capital Partners,0001747057,0001172661-26-003662,2026-08-14,2026-06-30,74743L100,,QNITY ELECTRONICS INC,833996.0,136199887000.0,
D1 Capital Partners,0001747057,0001172661-26-003662,2026-08-14,2026-06-30,74768A104,,QUANTINUUM INC,300000.0,24522000000.0,
D1 Capital Partners,0001747057,0001172661-26-003662,2026-08-14,2026-06-30,75734B100,,REDDIT INC,2464411.0,427772461000.0,
D1 Capital Partners,0001747057,0001172661-26-003662,2026-08-14,2026-06-30,808513105,,SCHWAB CHARLES CORP,2466590.0,227592259000.0,
D1 Capital Partners,0001747057,0001172661-26-003662,2026-08-14,2026-06-30,81141R100,,SEA LTD,1678332.0,160834556000.0,
D1 Capital Partners,0001747057,0001172661-26-003662,2026-08-14,2026-06-30,G7997R103,,SEAGATE TECHNOLOGY HLDNGS PL,30115.0,29060975000.0,
D1 Capital Partners,0001747057,0001172661-26-003662,2026-08-14,2026-06-30,824348106,,SHERWIN WILLIAMS CO,1252471.0,431250815000.0,
D1 Capital Partners,0001747057,0001172661-26-003662,2026-08-14,2026-06-30,82509L107,,SHOPIFY INC,830891.0,94871134000.0,
D1 Capital Partners,0001747057,0001172661-26-003662,2026-08-14,2026-06-30,833445109,,SNOWFLAKE INC,216019.0,54976836000.0,
D1 Capital Partners,0001747057,0001172661-26-003662,2026-08-14,2026-06-30,88023U101,,SOMNIGROUP INTERNATIONAL INC,4975364.0,390068538000.0,
D1 Capital Partners,0001747057,0001172661-26-003662,2026-08-14,2026-06-30,84615Q103,,SPACE EXPLORATION TECHN CORP,126042232.0,21535575760000.0,
D1 Capital Partners,0001747057,0001172661-26-003662,2026-08-14,2026-06-30,L8681T102,,SPOTIFY TECHNOLOGY S A,568855.0,261178396000.0,
D1 Capital Partners,0001747057,0001172661-26-003662,2026-08-14,2026-06-30,88160R101,,TESLA INC,401900.0,169039140000.0,
D1 Capital Partners,0001747057,0001172661-26-003662,2026-08-14,2026-06-30,882508104,,TEXAS INSTRS INC,405474.0,120859635000.0,
D1 Capital Partners,0001747057,0001172661-26-003662,2026-08-14,2026-06-30,883556102,,THERMO FISHER SCIENTIFIC INC,817123.0,409672787000.0,
D1 Capital Partners,0001747057,0001172661-26-003662,2026-08-14,2026-06-30,91332U101,,UNITY SOFTWARE INC,3572473.0,102101278000.0,
D1 Capital Partners,0001747057,0001172661-26-003662,2026-08-14,2026-06-30,912008109,,US FOODS HLDG CORP,4501964.0,460325819000.0,
D1 Capital Partners,0001747057,0001172661-26-002178,2026-05-15,2026-03-31,00827B106,,AFFIRM HLDGS INC,1936900.0,88748758000.0,
D1 Capital Partners,0001747057,0001172661-26-002178,2026-05-15,2026-03-31,02079K305,,ALPHABET INC,468900.0,134836884000.0,
D1 Capital Partners,0001747057,0001172661-26-002178,2026-05-15,2026-03-31,023135106,,AMAZON COM INC,1807523.0,376452815000.0,
D1 Capital Partners,0001747057,0001172661-26-002178,2026-05-15,2026-03-31,032654105,,ANALOG DEVICES INC,292444.0,93038134000.0,
D1 Capital Partners,0001747057,0001172661-26-002178,2026-05-15,2026-03-31,03769M106,,APOLLO GLOBAL MGMT INC,1159000.0,129135780000.0,
D1 Capital Partners,0001747057,0001172661-26-002178,2026-05-15,2026-03-31,03831W108,,APPLOVIN CORP,669282.0,266374236000.0,
D1 Capital Partners,0001747057,0001172661-26-002178,2026-05-15,2026-03-31,N07059210,,ASML HLDG NV,6800.0,8981644000.0,
D1 Capital Partners,0001747057,0001172661-26-002178,2026-05-15,2026-03-31,052769106,,AUTODESK INC,308907.0,73952336000.0,
D1 Capital Partners,0001747057,0001172661-26-002178,2026-05-15,2026-03-31,11135F101,,BROADCOM INC,981495.0,303782517000.0,
D1 Capital Partners,0001747057,0001172661-26-002178,2026-05-15,2026-03-31,14040H105,,CAPITAL ONE FINL CORP,1116738.0,203726513000.0,
D1 Capital Partners,0001747057,0001172661-26-002178,2026-05-15,2026-03-31,146869102,,CARVANA CO,668432.0,210141652000.0,
D1 Capital Partners,0001747057,0001172661-26-002178,2026-05-15,2026-03-31,15101Q207,,CELESTICA INC,541556.0,152545494000.0,
D1 Capital Partners,0001747057,0001172661-26-002178,2026-05-15,2026-03-31,184496107,,CLEAN HARBORS INC,1338281.0,383725311000.0,
D1 Capital Partners,0001747057,0001172661-26-002178,2026-05-15,2026-03-31,22266T109,,COUPANG INC,11611741.0,219229670000.0,
D1 Capital Partners,0001747057,0001172661-26-002178,2026-05-15,2026-03-31,235851102,,DANAHER CORP DEL,2304148.0,436866461000.0,
D1 Capital Partners,0001747057,0001172661-26-002178,2026-05-15,2026-03-31,254687106,,DISNEY WALT CO,2355100.0,226984538000.0,
D1 Capital Partners,0001747057,0001172661-26-002178,2026-05-15,2026-03-31,25809K105,,DOORDASH INC,1437500.0,215840625000.0,
D1 Capital Partners,0001747057,0001172661-26-002178,2026-05-15,2026-03-31,31488V107,,FERGUSON ENTERPRISES INC,349347.0,81488681000.0,
D1 Capital Partners,0001747057,0001172661-26-002178,2026-05-15,2026-03-31,34354P105,,FLOWSERVE CORP,5874441.0,431830158000.0,
D1 Capital Partners,0001747057,0001172661-26-002178,2026-05-15,2026-03-31,44916Y106,,HYPERLIQUID STRATEGIES INC,8000000.0,40720000000.0,
D1 Capital Partners,0001747057,0001172661-26-002178,2026-05-15,2026-03-31,G4253H101,,JAMES HARDIE INDS PLC,28300283.0,536007360000.0,
D1 Capital Partners,0001747057,0001172661-26-002178,2026-05-15,2026-03-31,G51502105,,JOHNSON CONTROLS INTERNATION,1224055.0,160290002000.0,
D1 Capital Partners,0001747057,0001172661-26-002178,2026-05-15,2026-03-31,49427F108,,KILROY REALTY CORP,11275077.0,318069922000.0,
D1 Capital Partners,0001747057,0001172661-26-002178,2026-05-15,2026-03-31,499049104,,KNIGHT-SWIFT TRANSN HLDGS IN,5491563.0,316204198000.0,
D1 Capital Partners,0001747057,0001172661-26-002178,2026-05-15,2026-03-31,53566V106,,LINEAGE INC,7402229.0,242497022000.0,
D1 Capital Partners,0001747057,0001172661-26-002178,2026-05-15,2026-03-31,538034109,,LIVE NATION ENTERTAINMENT IN,674317.0,102840086000.0,
D1 Capital Partners,0001747057,0001172661-26-002178,2026-05-15,2026-03-31,565394103,,MAPLEBEAR INC,22558255.0,845032232000.0,
D1 Capital Partners,0001747057,0001172661-26-002178,2026-05-15,2026-03-31,573284106,,MARTIN MARIETTA MATLS INC,322857.0,190059459000.0,
D1 Capital Partners,0001747057,0001172661-26-002178,2026-05-15,2026-03-31,58733R102,,MERCADOLIBRE INC,373675.0,646091549000.0,
D1 Capital Partners,0001747057,0001172661-26-002178,2026-05-15,2026-03-31,G6683N103,,NU HLDGS LTD,25890701.0,372049373000.0,
D1 Capital Partners,0001747057,0001172661-26-002178,2026-05-15,2026-03-31,67066G104,,NVIDIA CORPORATION,1568793.0,273597499000.0,
D1 Capital Partners,0001747057,0001172661-26-002178,2026-05-15,2026-03-31,75734B100,,REDDIT INC,2459151.0,331124682000.0,
D1 Capital Partners,0001747057,0001172661-26-002178,2026-05-15,2026-03-31,808513105,,SCHWAB CHARLES CORP,2357390.0,221547512000.0,
D1 Capital Partners,0001747057,0001172661-26-002178,2026-05-15,2026-03-31,81141R100,,SEA LTD,4052133.0,335557134000.0,
D1 Capital Partners,0001747057,0001172661-26-002178,2026-05-15,2026-03-31,824348106,,SHERWIN WILLIAMS CO,473753.0,151861524000.0,
D1 Capital Partners,0001747057,0001172661-26-002178,2026-05-15,2026-03-31,88023U101,,SOMNIGROUP INTERNATIONAL INC,4688423.0,346568228000.0,
D1 Capital Partners,0001747057,0001172661-26-002178,2026-05-15,2026-03-31,L8681T102,,SPOTIFY TECHNOLOGY S A,340494.0,165108946000.0,
D1 Capital Partners,0001747057,0001172661-26-002178,2026-05-15,2026-03-31,874039100,,TAIWAN SEMICONDUCTOR MANUFAC,328600.0,111050370000.0,
D1 Capital Partners,0001747057,0001172661-26-002178,2026-05-15,2026-03-31,882508104,,TEXAS INSTRS INC,1753001.0,340327614000.0,
D1 Capital Partners,0001747057,0001172661-26-002178,2026-05-15,2026-03-31,883556102,,THERMO FISHER SCIENTIFIC INC,725005.0,356361708000.0,
D1 Capital Partners,0001747057,0001172661-26-002178,2026-05-15,2026-03-31,89055F103,,TOPBUILD COR,213433.0,74979013000.0,
D1 Capital Partners,0001747057,0001172661-26-002178,2026-05-15,2026-03-31,91332U101,,UNITY SOFTWARE INC,3259983.0,71524027000.0,
D1 Capital Partners,0001747057,0001172661-26-002178,2026-05-15,2026-03-31,912008109,,US FOODS HLDG CORP,4283474.0,394979138000.0,
D1 Capital Partners,0001747057,0001172661-26-002178,2026-05-15,2026-03-31,983793100,,XPO INC,1287630.0,250508417000.0,
Duquesne Family Office,0001536411,0001536411-26-000006,2026-08-14,2026-06-30,88025U109,,10X Genomics Inc,403100.0,15455000.0,
Duquesne Family Office,0001536411,0001536411-26-000006,2026-08-14,2026-06-30,000899104,,Adma Biologics Inc,2784110.0,23303000.0,
Duquesne Family Office,0001536411,0001536411-26-000006,2026-08-14,2026-06-30,007903107,,Advanced Micro Devices Inc,72900.0,42348000.0,
Duquesne Family Office,0001536411,0001536411-26-000006,2026-08-14,2026-06-30,00835Q202,,Aeva Technologies Inc,720175.0,20683000.0,
Duquesne Family Office,0001536411,0001536411-26-000006,2026-08-14,2026-06-30,013872106,,Alcoa Corp,185640.0,9679000.0,
Duquesne Family Office,0001536411,0001536411-26-000006,2026-08-14,2026-06-30,02079K305,,Alphabet Inc,336300.0,120184000.0,
Duquesne Family Office,0001536411,0001536411-26-000006,2026-08-14,2026-06-30,023135106,,Amazon Com Inc,541600.0,129085000.0,
Duquesne Family Office,0001536411,0001536411-26-000006,2026-08-14,2026-06-30,042068205,,Arm Holdings Plc,28090.0,9960000.0,
Duquesne Family Office,0001536411,0001536411-26-000006,2026-08-14,2026-06-30,051774107,,Aurora Innovation Inc,633700.0,4322000.0,
Duquesne Family Office,0001536411,0001536411-26-000006,2026-08-14,2026-06-30,056752108,,Baidu Inc,88200.0,10080000.0,
Duquesne Family Office,0001536411,0001536411-26-000006,2026-08-14,2026-06-30,G0896C103,,Bbb Foods Inc,2901733.0,120915000.0,
Duquesne Family Office,0001536411,0001536411-26-000006,2026-08-14,2026-06-30,07373V105,,Beam Therapeutics Inc,153600.0,5272000.0,
Duquesne Family Office,0001536411,0001536411-26-000006,2026-08-14,2026-06-30,07782B104,,Belite Bio Inc Sponsored,106100.0,16338000.0,
Duquesne Family Office,0001536411,0001536411-26-000006,2026-08-14,2026-06-30,G11448100,,Bitdeer Technologies Group,4074993.0,64670000.0,
Duquesne Family Office,0001536411,0001536411-26-000006,2026-08-14,2026-06-30,142152107,,Caris Life Sciences Inc,1894450.0,33759000.0,
Duquesne Family Office,0001536411,0001536411-26-000006,2026-08-14,2026-06-30,146869102,,Carvana Co,151000.0,9939000.0,
Duquesne Family Office,0001536411,0001536411-26-000006,2026-08-14,2026-06-30,149568107,,Cavco Inds Inc Del,39500.0,24268000.0,
Duquesne Family Office,0001536411,0001536411-26-000006,2026-08-14,2026-06-30,12510Q100,,Ccc Intelligent Solutions Hl,1170900.0,6042000.0,
Duquesne Family Office,0001536411,0001536411-26-000006,2026-08-14,2026-06-30,12514G108,,Cdw Corp,743950.0,104629000.0,
Duquesne Family Office,0001536411,0001536411-26-000006,2026-08-14,2026-06-30,830830105,,Champion Homes Inc,254400.0,22418000.0,
Duquesne Family Office,0001536411,0001536411-26-000006,2026-08-14,2026-06-30,185899101,,Cleveland-Cliffs Inc New,4216184.0,39590000.0,
Duquesne Family Office,0001536411,0001536411-26-000006,2026-08-14,2026-06-30,22266T109,,Coupang Inc,2667485.0,46334000.0,
Duquesne Family Office,0001536411,0001536411-26-000006,2026-08-14,2026-06-30,G25508105,,Crh Plc,553555.0,59230000.0,
Duquesne Family Office,0001536411,0001536411-26-000006,2026-08-14,2026-06-30,23331A109,,D R Horton Inc,299000.0,48701000.0,
Duquesne Family Office,0001536411,0001536411-26-000006,2026-08-14,2026-06-30,234264109,,Daktronics Inc,1123109.0,21968000.0,
Duquesne Family Office,0001536411,0001536411-26-000006,2026-08-14,2026-06-30,235851102,,Danaher Corp Del,50300.0,9581000.0,
Duquesne Family Office,0001536411,0001536411-26-000006,2026-08-14,2026-06-30,23306J309,,Dbv Technologies S A Sponsored,383363.0,6287000.0,
Duquesne Family Office,0001536411,0001536411-26-000006,2026-08-14,2026-06-30,24477V105,,Definium Therapeutics Inc,356600.0,16774000.0,
Duquesne Family Office,0001536411,0001536411-26-000006,2026-08-14,2026-06-30,247361702,,Delta Air Lines Inc,603000.0,56477000.0,
Duquesne Family Office,0001536411,0001536411-26-000006,2026-08-14,2026-06-30,532457108,,Eli Lilly & Co,12380.0,14849000.0,
Duquesne Family Office,0001536411,0001536411-26-000006,2026-08-14,2026-06-30,29362U104,,Entegris Inc,118300.0,21277000.0,
Duquesne Family Office,0001536411,0001536411-26-000006,2026-08-14,2026-06-30,29444U700,,Equinix Inc,18450.0,19232000.0,
Duquesne Family Office,0001536411,0001536411-26-000006,2026-08-14,2026-06-30,315616102,,F5 Inc,22000.0,9151000.0,
Duquesne Family Office,0001536411,0001536411-26-000006,2026-08-14,2026-06-30,343412102,,Fluor Corp,982200.0,51457000.0,
Duquesne Family Office,0001536411,0001536411-26-000006,2026-08-14,2026-06-30,35137L105,,Fox Corp,2204600.0,114992000.0,
Duquesne Family Office,0001536411,0001536411-26-000006,2026-08-14,2026-06-30,35137L204,,Fox Corp,632600.0,29631000.0,
Duquesne Family Office,0001536411,0001536411-26-000006,2026-08-14,2026-06-30,G3730V105,,Ftai Aviation Ltd,20200.0,5465000.0,
Duquesne Family Office,0001536411,0001536411-26-000006,2026-08-14,2026-06-30,37950E259,,Global X Fds,328800.0,30019000.0,
Duquesne Family Office,0001536411,0001536411-26-000006,2026-08-14,2026-06-30,399909100,,Grupo Financiero Galicia S.A,59500.0,2977000.0,
Duquesne Family Office,0001536411,0001536411-26-000006,2026-08-14,2026-06-30,44812J104,,Hut 8 Corp,314150.0,36267000.0,
Duquesne Family Office,0001536411,0001536411-26-000006,2026-08-14,2026-06-30,44916Y106,,Hyperliquid Strategies Inc,2941500.0,23150000.0,
Duquesne Family Office,0001536411,0001536411-26-000006,2026-08-14,2026-06-30,457669307,,Insmed Inc,1424690.0,151900000.0,
Duquesne Family Office,0001536411,0001536411-26-000006,2026-08-14,2026-06-30,46137V357,,Invesco Exchange Traded Fd T,74400.0,15830000.0,
Duquesne Family Office,0001536411,0001536411-26-000006,2026-08-14,2026-06-30,Q4982L109,,Iren Limited,87100.0,3983000.0,
Duquesne Family Office,0001536411,0001536411-26-000006,2026-08-14,2026-06-30,464286400,,Ishares Inc,3436170.0,118548000.0,
Duquesne Family Office,0001536411,0001536411-26-000006,2026-08-14,2026-06-30,N4732M103,,Jbs N.V.,655900.0,7772000.0,
Duquesne Family Office,0001536411,0001536411-26-000006,2026-08-14,2026-06-30,512807306,,Lam Research Corp,43600.0,18893000.0,
Duquesne Family Office,0001536411,0001536411-26-000006,2026-08-14,2026-06-30,G54950103,,Linde Plc,41200.0,21380000.0,
Duquesne Family Office,0001536411,0001536411-26-000006,2026-08-14,2026-06-30,61225M102,,Monte Rosa Therapeutics Inc,297600.0,7202000.0,
Duquesne Family Office,0001536411,0001536411-26-000006,2026-08-14,2026-06-30,632307104,,Natera Inc,3186306.0,864923000.0,
Duquesne Family Office,0001536411,0001536411-26-000006,2026-08-14,2026-06-30,63942X106,,Navitas Semiconductor Corp,311100.0,5575000.0,
Duquesne Family Office,0001536411,0001536411-26-000006,2026-08-14,2026-06-30,N62509109,,Newamsterdam Pharma Company,3070146.0,104047000.0,
Duquesne Family Office,0001536411,0001536411-26-000006,2026-08-14,2026-06-30,67080N101,,Nuvation Bio Inc,4539800.0,25786000.0,
Duquesne Family Office,0001536411,0001536411-26-000006,2026-08-14,2026-06-30,68062P106,,Olema Pharmaceuticals Inc,986827.0,12345000.0,
Duquesne Family Office,0001536411,0001536411-26-000006,2026-08-14,2026-06-30,697435105,,Palo Alto Networks Inc,116650.0,39780000.0,
Duquesne Family Office,0001536411,0001536411-26-000006,2026-08-14,2026-06-30,74366E102,,Protagonist Therapeutics Inc,208900.0,25607000.0,
Duquesne Family Office,0001536411,0001536411-26-000006,2026-08-14,2026-06-30,74623V103,,Purecycle Technologies Inc,2681415.0,21746000.0,
Duquesne Family Office,0001536411,0001536411-26-000006,2026-08-14,2026-06-30,74743L100,,Qnity Electronics Inc,125655.0,20521000.0,
Duquesne Family Office,0001536411,0001536411-26-000006,2026-08-14,2026-06-30,750917106,,Rambus Inc Del,173000.0,22964000.0,
Duquesne Family Office,0001536411,0001536411-26-000006,2026-08-14,2026-06-30,75734B100,,Reddit Inc,56550.0,9816000.0,
Duquesne Family Office,0001536411,0001536411-26-000006,2026-08-14,2026-06-30,75943R102,,Relay Therapeutics Inc,349000.0,6530000.0,
Duquesne Family Office,0001536411,0001536411-26-000006,2026-08-14,2026-06-30,759916109,,Repligen Corp,77400.0,10560000.0,
Duquesne Family Office,0001536411,0001536411-26-000006,2026-08-14,2026-06-30,76155X100,,Revolution Medicines Inc,399587.0,74835000.0,
Duquesne Family Office,0001536411,0001536411-26-000006,2026-08-14,2026-06-30,76243J105,,Rhythm Pharmaceuticals Inc,203618.0,22608000.0,
Duquesne Family Office,0001536411,0001536411-26-000006,2026-08-14,2026-06-30,767292105,,Riot Platforms Inc,754800.0,20666000.0,
Duquesne Family Office,0001536411,0001536411-26-000006,2026-08-14,2026-06-30,77311W101,,Rocket Cos Inc,652220.0,10272000.0,
Duquesne Family Office,0001536411,0001536411-26-000006,2026-08-14,2026-06-30,77543R102,,Roku Inc,184055.0,25425000.0,
Duquesne Family Office,0001536411,0001536411-26-000006,2026-08-14,2026-06-30,80004C200,,Sandisk Corp,34900.0,79353000.0,
Duquesne Family Office,0001536411,0001536411-26-000006,2026-08-14,2026-06-30,81141R100,,Sea Ltd,1099905.0,105404000.0,
Duquesne Family Office,0001536411,0001536411-26-000006,2026-08-14,2026-06-30,G7997R103,,Seagate Technology Hldngs Pl,122000.0,117730000.0,
Duquesne Family Office,0001536411,0001536411-26-000006,2026-08-14,2026-06-30,83056P715,,Skeena Res Ltd New,300200.0,8003000.0,
Duquesne Family Office,0001536411,0001536411-26-000006,2026-08-14,2026-06-30,83443Q103,,Solstice Advanced Matls Inc,62525.0,5540000.0,
Duquesne Family Office,0001536411,0001536411-26-000006,2026-08-14,2026-06-30,84265V105,,Southern Copper Corp,123060.0,21444000.0,
Duquesne Family Office,0001536411,0001536411-26-000006,2026-08-14,2026-06-30,861012102,,Stmicroelectronics N V,3102880.0,232375000.0,
Duquesne Family Office,0001536411,0001536411-26-000006,2026-08-14,2026-06-30,874039100,,Taiwan Semiconductor Manufac,589680.0,281613000.0,
Duquesne Family Office,0001536411,0001536411-26-000006,2026-08-14,2026-06-30,881624209,,Teva Pharmaceutical Inds Ltd,624999.0,21175000.0,
Duquesne Family Office,0001536411,0001536411-26-000006,2026-08-14,2026-06-30,883556102,,Thermo Fisher Scientific Inc,19200.0,9626000.0,
Duquesne Family Office,0001536411,0001536411-26-000006,2026-08-14,2026-06-30,910047109,,United Airls Hldgs Inc,794795.0,108084000.0,
Duquesne Family Office,0001536411,0001536411-26-000006,2026-08-14,2026-06-30,91332U101,,Unity Software Inc,738785.0,21114000.0,
Duquesne Family Office,0001536411,0001536411-26-000006,2026-08-14,2026-06-30,91823B109,,Uwm Holdings Corporation,2583000.0,5915000.0,
Duquesne Family Office,0001536411,0001536411-26-000006,2026-08-14,2026-06-30,92837L109,,Vista Energy S.A.B. De C.V.,134700.0,8594000.0,
Duquesne Family Office,0001536411,0001536411-26-000006,2026-08-14,2026-06-30,929740108,,Wabtec,56595.0,15258000.0,
Duquesne Family Office,0001536411,0001536411-26-000006,2026-08-14,2026-06-30,Y95308105,,Wave Life Sciences Ltd,173000.0,1005000.0,
Duquesne Family Office,0001536411,0001536411-26-000006,2026-08-14,2026-06-30,980745103,,Woodward Inc,67194.0,28587000.0,
Duquesne Family Office,0001536411,0001536411-26-000006,2026-08-14,2026-06-30,98420N105,,Xenon Pharmaceuticals Inc,238600.0,14402000.0,
Duquesne Family Office,0001536411,0001536411-26-000006,2026-08-14,2026-06-30,984245100,,Ypf Sociedad Anonima,3138897.0,142726000.0,
Duquesne Family Office,0001536411,0001536411-26-000004,2026-05-15,2026-03-31,000899104,,Adma Biologics Inc,1545610.0,13926000.0,
Duquesne Family Office,0001536411,0001536411-26-000004,2026-05-15,2026-03-31,013872106,,Alcoa Corp,1493390.0,99057000.0,
Duquesne Family Office,0001536411,0001536411-26-000004,2026-05-15,2026-03-31,020398707,,Almonty Inds Inc,469880.0,6804000.0,
Duquesne Family Office,0001536411,0001536411-26-000004,2026-05-15,2026-03-31,023135106,,Amazon Com Inc,45800.0,9539000.0,
Duquesne Family Office,0001536411,0001536411-26-000004,2026-05-15,2026-03-31,042068205,,Arm Holdings Plc,106700.0,16142000.0,
Duquesne Family Office,0001536411,0001536411-26-000004,2026-05-15,2026-03-31,G0896C103,,Bbb Foods Inc,3109202.0,109972000.0,
Duquesne Family Office,0001536411,0001536411-26-000004,2026-05-15,2026-03-31,07782B104,,Belite Bio Inc Sponsored,106100.0,16917000.0,
Duquesne Family Office,0001536411,0001536411-26-000004,2026-05-15,2026-03-31,093712107,,Bloom Energy Corp,136320.0,18470000.0,
Duquesne Family Office,0001536411,0001536411-26-000004,2026-05-15,2026-03-31,11135F101,,Broadcom Inc,195955.0,60650000.0,
Duquesne Family Office,0001536411,0001536411-26-000004,2026-05-15,2026-03-31,142152107,,Caris Life Sciences Inc,1894450.0,33873000.0,
Duquesne Family Office,0001536411,0001536411-26-000004,2026-05-15,2026-03-31,15101Q207,,Celestica Inc,33275.0,9373000.0,
Duquesne Family Office,0001536411,0001536411-26-000004,2026-05-15,2026-03-31,185899101,,Cleveland-Cliffs Inc New,2313455.0,19549000.0,
Duquesne Family Office,0001536411,0001536411-26-000004,2026-05-15,2026-03-31,18915M107,,Cloudflare Inc,52535.0,10840000.0,
Duquesne Family Office,0001536411,0001536411-26-000004,2026-05-15,2026-03-31,19247G107,,Coherent Corp,40400.0,9624000.0,
Duquesne Family Office,0001536411,0001536411-26-000004,2026-05-15,2026-03-31,22266T109,,Coupang Inc,2667485.0,50362000.0,
Duquesne Family Office,0001536411,0001536411-26-000004,2026-05-15,2026-03-31,G25508105,,Crh Plc,377555.0,39689000.0,
Duquesne Family Office,0001536411,0001536411-26-000004,2026-05-15,2026-03-31,234264109,,Daktronics Inc,562637.0,11000000.0,
Duquesne Family Office,0001536411,0001536411-26-000004,2026-05-15,2026-03-31,23306J309,,Dbv Technologies S A Sponsored,383363.0,8008000.0,
Duquesne Family Office,0001536411,0001536411-26-000004,2026-05-15,2026-03-31,278768106,,Echostar Corp,60765.0,7114000.0,
Duquesne Family Office,0001536411,0001536411-26-000004,2026-05-15,2026-03-31,349381103,,Figure Technology Solutio,1150415.0,39057000.0,
Duquesne Family Office,0001536411,0001536411-26-000004,2026-05-15,2026-03-31,37950E259,,Global X Fds,387400.0,36152000.0,
Duquesne Family Office,0001536411,0001536411-26-000004,2026-05-15,2026-03-31,444859102,,Humana Inc,137505.0,23842000.0,
Duquesne Family Office,0001536411,0001536411-26-000004,2026-05-15,2026-03-31,457669307,,Insmed Inc,1154090.0,188717000.0,
Duquesne Family Office,0001536411,0001536411-26-000004,2026-05-15,2026-03-31,458140100,,Intel Corp,411400.0,18155000.0,
Duquesne Family Office,0001536411,0001536411-26-000004,2026-05-15,2026-03-31,464286400,,Ishares Inc,3436170.0,131915000.0,
Duquesne Family Office,0001536411,0001536411-26-000004,2026-05-15,2026-03-31,46428R107,,Ishares S&P Gsci Commodity-,643000.0,20737000.0,
Duquesne Family Office,0001536411,0001536411-26-000004,2026-05-15,2026-03-31,466313103,,Jabil Inc,82200.0,21835000.0,
Duquesne Family Office,0001536411,0001536411-26-000004,2026-05-15,2026-03-31,N4732M103,,Jbs N.V.,655900.0,11780000.0,
Duquesne Family Office,0001536411,0001536411-26-000004,2026-05-15,2026-03-31,518415104,,Lattice Semiconductor Corp,323135.0,29974000.0,
Duquesne Family Office,0001536411,0001536411-26-000004,2026-05-15,2026-03-31,G54950103,,Linde Plc,41200.0,20425000.0,
Duquesne Family Office,0001536411,0001536411-26-000004,2026-05-15,2026-03-31,55024U109,,Lumentum Hldgs Inc,6963.0,4893000.0,
Duquesne Family Office,0001536411,0001536411-26-000004,2026-05-15,2026-03-31,N53745100,,Lyondellbasell Industries Nv,131435.0,10588000.0,
Duquesne Family Office,0001536411,0001536411-26-000004,2026-05-15,2026-03-31,58733R102,,Mercadolibre  Inc,2766.0,4782000.0,
Duquesne Family Office,0001536411,0001536411-26-000004,2026-05-15,2026-03-31,595112103,,Micron Technology Inc,23400.0,7905000.0,
Duquesne Family Office,0001536411,0001536411-26-000004,2026-05-15,2026-03-31,632307104,,Natera Inc,3063606.0,612691000.0,
Duquesne Family Office,0001536411,0001536411-26-000004,2026-05-15,2026-03-31,N62509109,,Newamsterdam Pharma Company,3070146.0,98275000.0,
Duquesne Family Office,0001536411,0001536411-26-000004,2026-05-15,2026-03-31,67080N101,,Nuvation Bio Inc,4539800.0,19476000.0,
Duquesne Family Office,0001536411,0001536411-26-000004,2026-05-15,2026-03-31,68062P106,,Olema Pharmaceuticals Inc,986827.0,14714000.0,
Duquesne Family Office,0001536411,0001536411-26-000004,2026-05-15,2026-03-31,68404L201,,Option Care Health Inc,1868550.0,50301000.0,
Duquesne Family Office,0001536411,0001536411-26-000004,2026-05-15,2026-03-31,74366E102,,Protagonist Therapeutics Inc,159700.0,16832000.0,
Duquesne Family Office,0001536411,0001536411-26-000004,2026-05-15,2026-03-31,74623V103,,Purecycle Technologies Inc,963189.0,4999000.0,
Duquesne Family Office,0001536411,0001536411-26-000004,2026-05-15,2026-03-31,74743L100,,Qnity Electronics Inc,125655.0,14498000.0,
Duquesne Family Office,0001536411,0001536411-26-000004,2026-05-15,2026-03-31,76131D103,,Restaurant Brands Intl Inc,454435.0,33583000.0,
Duquesne Family Office,0001536411,0001536411-26-000004,2026-05-15,2026-03-31,76155X100,,Revolution Medicines Inc,315860.0,30717000.0,
Duquesne Family Office,0001536411,0001536411-26-000004,2026-05-15,2026-03-31,77543R102,,Roku Inc,750190.0,70983000.0,
Duquesne Family Office,0001536411,0001536411-26-000004,2026-05-15,2026-03-31,80004C200,,Sandisk Corp,38155.0,24241000.0,
Duquesne Family Office,0001536411,0001536411-26-000004,2026-05-15,2026-03-31,81141R100,,Sea Ltd,1099905.0,91083000.0,
Duquesne Family Office,0001536411,0001536411-26-000004,2026-05-15,2026-03-31,G7997R103,,Seagate Technology Hldngs Pl,50700.0,19862000.0,
Duquesne Family Office,0001536411,0001536411-26-000004,2026-05-15,2026-03-31,83443Q103,,Solstice Advanced Matls Inc,62525.0,4762000.0,
Duquesne Family Office,0001536411,0001536411-26-000004,2026-05-15,2026-03-31,84265V105,,Southern Copper Corp,121843.0,20964000.0,
Duquesne Family Office,0001536411,0001536411-26-000004,2026-05-15,2026-03-31,861012102,,Stmicroelectronics N V,2612880.0,90275000.0,
Duquesne Family Office,0001536411,0001536411-26-000004,2026-05-15,2026-03-31,86384P109,,Stubhub Hldgs Inc,1367177.0,8531000.0,
Duquesne Family Office,0001536411,0001536411-26-000004,2026-05-15,2026-03-31,874039100,,Taiwan Semiconductor Manufac,495280.0,167380000.0,
Duquesne Family Office,0001536411,0001536411-26-000004,2026-05-15,2026-03-31,881624209,,Teva Pharmaceutical Inds Ltd,2377285.0,71604000.0,
Duquesne Family Office,0001536411,0001536411-26-000004,2026-05-15,2026-03-31,90138F102,,Twilio Inc,181760.0,22869000.0,
Duquesne Family Office,0001536411,0001536411-26-000004,2026-05-15,2026-03-31,90184D100,,Twist Bioscience Corp,206000.0,9789000.0,
Duquesne Family Office,0001536411,0001536411-26-000004,2026-05-15,2026-03-31,910047109,,United Airls Hldgs Inc,262495.0,24168000.0,
Duquesne Family Office,0001536411,0001536411-26-000004,2026-05-15,2026-03-31,91332U101,,Unity Software Inc,738785.0,16209000.0,
Duquesne Family Office,0001536411,0001536411-26-000004,2026-05-15,2026-03-31,92837L109,,Vista Energy S.A.B. De C.V.,134700.0,10166000.0,
Duquesne Family Office,0001536411,0001536411-26-000004,2026-05-15,2026-03-31,929740108,,Wabtec,94895.0,23715000.0,
Duquesne Family Office,0001536411,0001536411-26-000004,2026-05-15,2026-03-31,Y95308105,,Wave Life Sciences Ltd,173000.0,1254000.0,
Duquesne Family Office,0001536411,0001536411-26-000004,2026-05-15,2026-03-31,960413102,,Westlake Corporation,21194.0,2476000.0,
Duquesne Family Office,0001536411,0001536411-26-000004,2026-05-15,2026-03-31,980745103,,Woodward Inc,211355.0,75648000.0,
Duquesne Family Office,0001536411,0001536411-26-000004,2026-05-15,2026-03-31,98420N105,,Xenon Pharmaceuticals Inc,238600.0,13875000.0,
Duquesne Family Office,0001536411,0001536411-26-000004,2026-05-15,2026-03-31,984245100,,Ypf Sociedad Anonima,3235962.0,149566000.0,
Soros Fund Management,0001029160,0000902664-26-003507,2026-08-14,2026-06-30,002824100,,ABBOTT LABORATORIES,44750.0,4060615000.0,
Soros Fund Management,0001029160,0000902664-26-003507,2026-08-14,2026-06-30,004239109,,ACADIA RLTY TR,228650.0,4781072000.0,
Soros Fund Management,0001029160,0000902664-26-003507,2026-08-14,2026-06-30,10948W103,,ACADIAN ASSET MANAGEMENT INC,610248.0,43644937000.0,
Soros Fund Management,0001029160,0000902664-26-003507,2026-08-14,2026-06-30,00108J109,,ACM RESH INC,30122.0,3822181000.0,
Soros Fund Management,0001029160,0000902664-26-003507,2026-08-14,2026-06-30,00676P107,,ADEIA INC,11087.0,365095000.0,
Soros Fund Management,0001029160,0000902664-26-003507,2026-08-14,2026-06-30,00724F101,,ADOBE INC,23419.0,4801363000.0,
Soros Fund Management,0001029160,0000902664-26-003507,2026-08-14,2026-06-30,007973AE0,,ADVANCED ENERGY INDS,16821000.0,45903086000.0,
Soros Fund Management,0001029160,0000902664-26-003507,2026-08-14,2026-06-30,007903107,,ADVANCED MICRO DEVICES INC,50757.0,29485249000.0,
Soros Fund Management,0001029160,0000902664-26-003507,2026-08-14,2026-06-30,01021M104,,AKTIS ONCOLOGY INC,100000.0,3223000000.0,
Soros Fund Management,0001029160,0000902664-26-003507,2026-08-14,2026-06-30,010911105,,ALAMAR BIOSCIENCES INC,60000.0,1625400000.0,
Soros Fund Management,0001029160,0000902664-26-003507,2026-08-14,2026-06-30,02005N100,,ALLY FINL INC,442344.0,20325707000.0,
Soros Fund Management,0001029160,0000902664-26-003507,2026-08-14,2026-06-30,02079K305,,ALPHABET INC,596286.0,213094728000.0,
Soros Fund Management,0001029160,0000902664-26-003507,2026-08-14,2026-06-30,02079K602,,ALPHABET INC,1200000.0,60171083000.0,
Soros Fund Management,0001029160,0000902664-26-003507,2026-08-14,2026-06-30,023135106,,AMAZON COM INC,1182529.0,281843962000.0,
Soros Fund Management,0001029160,0000902664-26-003507,2026-08-14,2026-06-30,023939101,,AMENTUM HOLDINGS INC,118276.0,2444765000.0,
Soros Fund Management,0001029160,0000902664-26-003507,2026-08-14,2026-06-30,G0260P102,,AMER SPORTS INC,12711.0,430140000.0,
Soros Fund Management,0001029160,0000902664-26-003507,2026-08-14,2026-06-30,025537101,,AMERICAN ELEC PWR CO INC,768000.0,105070080000.0,
Soros Fund Management,0001029160,0000902664-26-003507,2026-08-14,2026-06-30,398182303,,AMERICAN HEALTHCARE REIT INC,428630.0,22353055000.0,
Soros Fund Management,0001029160,0000902664-26-003507,2026-08-14,2026-06-30,026874784,,AMERICAN INTL GROUP INC,144410.0,10762877000.0,
Soros Fund Management,0001029160,0000902664-26-003507,2026-08-14,2026-06-30,033853102,,ANDERSEN GROUP INC,72600.0,2738472000.0,
Soros Fund Management,0001029160,0000902664-26-003507,2026-08-14,2026-06-30,03770N101,,APOGEE THERAPEUTICS INC,564500.0,74926085000.0,
Soros Fund Management,0001029160,0000902664-26-003507,2026-08-14,2026-06-30,03769M106,,APOLLO GLOBAL MGMT INC,35000.0,4140850000.0,
Soros Fund Management,0001029160,0000902664-26-003507,2026-08-14,2026-06-30,037833100,,APPLE INC,529538.0,153227116000.0,
Soros Fund Management,0001029160,0000902664-26-003507,2026-08-14,2026-06-30,03815J107,,APPLIED AEROSPACE & DEFENSE,100000.0,2278000000.0,
Soros Fund Management,0001029160,0000902664-26-003507,2026-08-14,2026-06-30,039483102,,ARCHER DANIELS MIDLAND CO,46071.0,3519824000.0,
Soros Fund Management,0001029160,0000902664-26-003507,2026-08-14,2026-06-30,039653100,,ARCOSA INC,155000.0,22519950000.0,
Soros Fund Management,0001029160,0000902664-26-003507,2026-08-14,2026-06-30,G3303U112,,ARES ACQUISITION CORP III,1000000.0,10050000000.0,
Soros Fund Management,0001029160,0000902664-26-003507,2026-08-14,2026-06-30,03990B101,,ARES MANAGEMENT CORPORATION,54026.0,6013634000.0,
Soros Fund Management,0001029160,0000902664-26-003507,2026-08-14,2026-06-30,04339D105,,ARXIS INC,175000.0,8074500000.0,
Soros Fund Management,0001029160,0000902664-26-003507,2026-08-14,2026-06-30,01741R102,,ATI INC,73339.0,14455117000.0,
Soros Fund Management,0001029160,0000902664-26-003507,2026-08-14,2026-06-30,049468101,,ATLASSIAN CORPORATION,459150.0,35717279000.0,
Soros Fund Management,0001029160,0000902664-26-003507,2026-08-14,2026-06-30,05348Y105,,AVALYN PHARMACEUTICALS INC,10000.0,329200000.0,
Soros Fund Management,0001029160,0000902664-26-003507,2026-08-14,2026-06-30,06652K103,,BANKUNITED INC,11165.0,540944000.0,
Soros Fund Management,0001029160,0000902664-26-003507,2026-08-14,2026-06-30,084670702,,BERKSHIRE HATHAWAY INC DEL,133277.0,66690478000.0,
Soros Fund Management,0001029160,0000902664-26-003507,2026-08-14,2026-06-30,088929104,,BGC GROUP INC,3481891.0,37221415000.0,
Soros Fund Management,0001029160,0000902664-26-003507,2026-08-14,2026-06-30,090043AF7,,BILL HOLDINGS INC,209679000.0,181356254000.0,
Soros Fund Management,0001029160,0000902664-26-003507,2026-08-14,2026-06-30,090043100,,BILL HOLDINGS INC,25662.0,927938000.0,
Soros Fund Management,0001029160,0000902664-26-003507,2026-08-14,2026-06-30,09073M104,,BIO-TECHNE CORP,535400.0,37826010000.0,
Soros Fund Management,0001029160,0000902664-26-003507,2026-08-14,2026-06-30,09239BAF6,,BLACKLINE INC,101000000.0,93258284000.0,
Soros Fund Management,0001029160,0000902664-26-003507,2026-08-14,2026-06-30,09260D107,,BLACKSTONE INC,51080.0,6010584000.0,
Soros Fund Management,0001029160,0000902664-26-003507,2026-08-14,2026-06-30,69121K104,,BLUE OWL CAPITAL CORPORATION,2451136.0,26643848000.0,
Soros Fund Management,0001029160,0000902664-26-003507,2026-08-14,2026-06-30,09581B103,,BLUE OWL CAPITAL INC,973500.0,8518125000.0,
Soros Fund Management,0001029160,0000902664-26-003507,2026-08-14,2026-06-30,095924106,,BLUE OWL TECHNOLOGY FIN CORP,1005000.0,10401750000.0,
Soros Fund Management,0001029160,0000902664-26-003507,2026-08-14,2026-06-30,099724106,,BORGWARNER INC,19400.0,1288160000.0,
Soros Fund Management,0001029160,0000902664-26-003507,2026-08-14,2026-06-30,10922N103,,BRIGHTHOUSE FINL INC,1116250.0,70658625000.0,
Soros Fund Management,0001029160,0000902664-26-003507,2026-08-14,2026-06-30,11135F101,,BROADCOM INC,165246.0,62421677000.0,
Soros Fund Management,0001029160,0000902664-26-003507,2026-08-14,2026-06-30,H11356104,,BUNGE GLOBAL SA,33054.0,3527853000.0,
Soros Fund Management,0001029160,0000902664-26-003507,2026-08-14,2026-06-30,12769G100,,CAESARS ENTERTAINMENT INC NE,494990.0,14938798000.0,
Soros Fund Management,0001029160,0000902664-26-003507,2026-08-14,2026-06-30,13321L108,,CAMECO CORP,7071.0,720252000.0,
Soros Fund Management,0001029160,0000902664-26-003507,2026-08-14,2026-06-30,G1828S109,,CANTOR EQUITY PARTNERS V INC,100000.0,1031250000.0,
Soros Fund Management,0001029160,0000902664-26-003507,2026-08-14,2026-06-30,14040H105,,CAPITAL ONE FINL CORP,147062.0,29503578000.0,
Soros Fund Management,0001029160,0000902664-26-003507,2026-08-14,2026-06-30,14174T107,,CARETRUST REIT INC,325320.0,13126662000.0,
Soros Fund Management,0001029160,0000902664-26-003507,2026-08-14,2026-06-30,14316J108,,CARLYLE GROUP INC,226767.0,9549158000.0,
Soros Fund Management,0001029160,0000902664-26-003507,2026-08-14,2026-06-30,144285103,,CARPENTER TECHNOLOGY CORP,4308.0,2657347000.0,
Soros Fund Management,0001029160,0000902664-26-003507,2026-08-14,2026-06-30,14888U101,,CATALYST PHARMACEUTICALS INC,344593.0,10830558000.0,
Soros Fund Management,0001029160,0000902664-26-003507,2026-08-14,2026-06-30,151290889,,CEMEX SA EURO MTN BE 144A,3138240.0,37658880000.0,
Soros Fund Management,0001029160,0000902664-26-003507,2026-08-14,2026-06-30,15675D103,,CEREBRAS SYSTEMS INC,150000.0,33150000000.0,
Soros Fund Management,0001029160,0000902664-26-003507,2026-08-14,2026-06-30,16115Q308,,CHART INDS INC,416233.0,86967723000.0,
Soros Fund Management,0001029160,0000902664-26-003507,2026-08-14,2026-06-30,H1467J104,,CHUBB LIMITED,22890.0,7799539000.0,
Soros Fund Management,0001029160,0000902664-26-003507,2026-08-14,2026-06-30,174610105,,CITIZENS FINL GROUP INC,287540.0,20147928000.0,
Soros Fund Management,0001029160,0000902664-26-003507,2026-08-14,2026-06-30,18915M107,,CLOUDFLARE INC,4467.0,1095666000.0,
Soros Fund Management,0001029160,0000902664-26-003507,2026-08-14,2026-06-30,12572Q105,,CME GROUP INC,30028.0,6631083000.0,
Soros Fund Management,0001029160,0000902664-26-003507,2026-08-14,2026-06-30,125896100,,CMS ENERGY CORP,970362.0,74232693000.0,
Soros Fund Management,0001029160,0000902664-26-003507,2026-08-14,2026-06-30,191216100,,COCA COLA CO,150643.0,12242757000.0,
Soros Fund Management,0001029160,0000902664-26-003507,2026-08-14,2026-06-30,21037T109,,CONSTELLATION ENERGY CORP,3259.0,809438000.0,
Soros Fund Management,0001029160,0000902664-26-003507,2026-08-14,2026-06-30,21874C102,,CORE & MAIN INC,236431.0,11407796000.0,
Soros Fund Management,0001029160,0000902664-26-003507,2026-08-14,2026-06-30,21874A106,,CORE SCIENTIFIC INC NEW,35147.0,899412000.0,
Soros Fund Management,0001029160,0000902664-26-003507,2026-08-14,2026-06-30,21874A114,,CORE SCIENTIFIC INC NEW,2235000.0,42018000000.0,
Soros Fund Management,0001029160,0000902664-26-003507,2026-08-14,2026-06-30,21871X109,,COREBRIDGE FINL INC,733788.0,21008350000.0,
Soros Fund Management,0001029160,0000902664-26-003507,2026-08-14,2026-06-30,21873S108,,COREWEAVE INC,300000.0,29862000000.0,
Soros Fund Management,0001029160,0000902664-26-003507,2026-08-14,2026-06-30,22266T109,,COUPANG INC,26154.0,454295000.0,
Soros Fund Management,0001029160,0000902664-26-003507,2026-08-14,2026-06-30,G25508105,,CRH PLC,123942.0,13261794000.0,
Soros Fund Management,0001029160,0000902664-26-003507,2026-08-14,2026-06-30,23804L103,,DATADOG INC,9662.0,2515598000.0,
Soros Fund Management,0001029160,0000902664-26-003507,2026-08-14,2026-06-30,252131AM9,,DEXCOM INC,67977000.0,63521812000.0,
Soros Fund Management,0001029160,0000902664-26-003507,2026-08-14,2026-06-30,253868103,,DIGITAL RLTY TR INC,539618.0,96904600000.0,
Soros Fund Management,0001029160,0000902664-26-003507,2026-08-14,2026-06-30,25401T603,,DIGITALBRIDGE GROUP INC,4118793.0,64994554000.0,
Soros Fund Management,0001029160,0000902664-26-003507,2026-08-14,2026-06-30,254687106,,DISNEY WALT CO,10518.0,1012358000.0,
Soros Fund Management,0001029160,0000902664-26-003507,2026-08-14,2026-06-30,25746U109,,DOMINION ENERGY INC,165344.0,11291342000.0,
Soros Fund Management,0001029160,0000902664-26-003507,2026-08-14,2026-06-30,25809K105,,DOORDASH INC,249897.0,46113493000.0,
Soros Fund Management,0001029160,0000902664-26-003507,2026-08-14,2026-06-30,G2R11M108,,DPC HOLDINGS PLC,296950.0,14568367000.0,
Soros Fund Management,0001029160,0000902664-26-003507,2026-08-14,2026-06-30,26210CAD6,,DROPBOX INC,103500000.0,104610636000.0,
Soros Fund Management,0001029160,0000902664-26-003507,2026-08-14,2026-06-30,28256A109,,EINRIDE AB,2977687.0,25756993000.0,
Soros Fund Management,0001029160,0000902664-26-003507,2026-08-14,2026-06-30,285512109,,ELECTRONIC ARTS INC,970990.0,199091790000.0,
Soros Fund Management,0001029160,0000902664-26-003507,2026-08-14,2026-06-30,532457108,,ELI LILLY & CO,22199.0,26626147000.0,
Soros Fund Management,0001029160,0000902664-26-003507,2026-08-14,2026-06-30,29084Q100,,EMCOR GROUP INC,259.0,214939000.0,
Soros Fund Management,0001029160,0000902664-26-003507,2026-08-14,2026-06-30,29364G103,,ENTERGY CORP NEW,913912.0,104971932000.0,
Soros Fund Management,0001029160,0000902664-26-003507,2026-08-14,2026-06-30,296013105,,EROCK INC,376206.0,5454987000.0,
Soros Fund Management,0001029160,0000902664-26-003507,2026-08-14,2026-06-30,29664W105,,ESPERION THERAPEUTICS INC NE,757358.0,2393251000.0,
Soros Fund Management,0001029160,0000902664-26-003507,2026-08-14,2026-06-30,29786A106,,ETSY INC,297000.0,22373010000.0,
Soros Fund Management,0001029160,0000902664-26-003507,2026-08-14,2026-06-30,30040W108,,EVERSOURCE ENERGY,14890.0,1076100000.0,
Soros Fund Management,0001029160,0000902664-26-003507,2026-08-14,2026-06-30,30052F100,,EVGO INC,5350022.0,10218542000.0,
Soros Fund Management,0001029160,0000902664-26-003507,2026-08-14,2026-06-30,31556C106,,FERVO ENERGY CO,669350.0,19565101000.0,
Soros Fund Management,0001029160,0000902664-26-003507,2026-08-14,2026-06-30,349381103,,FIGURE TECHNOLOGY SOLUTIO,100000.0,3071000000.0,
Soros Fund Management,0001029160,0000902664-26-003507,2026-08-14,2026-06-30,336433107,,FIRST SOLAR INC,3925.0,926143000.0,
Soros Fund Management,0001029160,0000902664-26-003507,2026-08-14,2026-06-30,337932107,,FIRSTENERGY CORP,20946.0,995773000.0,
Soros Fund Management,0001029160,0000902664-26-003507,2026-08-14,2026-06-30,649445400,,FLAGSTAR BANK NATIONAL ASSOC,781685.0,11678374000.0,
Soros Fund Management,0001029160,0000902664-26-003507,2026-08-14,2026-06-30,34631F102,,FORGENT POWER SOLUTIONS INC,629106.0,35141861000.0,
Soros Fund Management,0001029160,0000902664-26-003507,2026-08-14,2026-06-30,35671D857,,FREEPORT MCMORAN INC,62294.0,3917670000.0,
Soros Fund Management,0001029160,0000902664-26-003507,2026-08-14,2026-06-30,36317J209,,GALAXY DIGITAL INC.,204478.0,5590429000.0,
Soros Fund Management,0001029160,0000902664-26-003507,2026-08-14,2026-06-30,36168Q104,,GFL ENVIRONMENTAL INC,9287.0,341669000.0,
Soros Fund Management,0001029160,0000902664-26-003507,2026-08-14,2026-06-30,37890B100,,GLOBAL BUSINESS TRAVEL GROUP,3346860.0,31427015000.0,
Soros Fund Management,0001029160,0000902664-26-003507,2026-08-14,2026-06-30,37940XAU6,,GLOBAL PMTS INC,247500000.0,222694485000.0,
Soros Fund Management,0001029160,0000902664-26-003507,2026-08-14,2026-06-30,784305104,,H2O AMERICA,1254368.0,76227943000.0,
Soros Fund Management,0001029160,0000902664-26-003507,2026-08-14,2026-06-30,420201105,,HAWKEYE 360 INC,116280.0,2351182000.0,
Soros Fund Management,0001029160,0000902664-26-003507,2026-08-14,2026-06-30,423494103,,HEMAB THERAPEUTICS HLDGS INC,25000.0,918250000.0,
Soros Fund Management,0001029160,0000902664-26-003507,2026-08-14,2026-06-30,42806J700,,HERTZ GLOBAL HLDGS INC,445207.0,1008394000.0,
Soros Fund Management,0001029160,0000902664-26-003507,2026-08-14,2026-06-30,43849R105,,HONEYWELL AEROSPACE INC,162940.0,36022775000.0,
Soros Fund Management,0001029160,0000902664-26-003507,2026-08-14,2026-06-30,438516205,,HONEYWELL INTL INC,174025.0,38964198000.0,
Soros Fund Management,0001029160,0000902664-26-003507,2026-08-14,2026-06-30,443320106,,HUB GROUP INC,27049.0,1184476000.0,
Soros Fund Management,0001029160,0000902664-26-003507,2026-08-14,2026-06-30,444859102,,HUMANA INC,33228.0,13198826000.0,
Soros Fund Management,0001029160,0000902664-26-003507,2026-08-14,2026-06-30,447011107,,HUNTSMAN CORP,56759.0,602781000.0,
Soros Fund Management,0001029160,0000902664-26-003507,2026-08-14,2026-06-30,451107106,,IDACORP INC,546085.0,82622661000.0,
Soros Fund Management,0001029160,0000902664-26-003507,2026-08-14,2026-06-30,453204109,,IMPINJ INC,2129.0,304937000.0,
Soros Fund Management,0001029160,0000902664-26-003507,2026-08-14,2026-06-30,457152106,,INGRAM MICRO HLDG CORP,208600.0,5721898000.0,
Soros Fund Management,0001029160,0000902664-26-003507,2026-08-14,2026-06-30,N52A8C105,,INNIO NV,936264.0,37029241000.0,
Soros Fund Management,0001029160,0000902664-26-003507,2026-08-14,2026-06-30,458140100,,INTEL CORP,100000.0,13963000000.0,
Soros Fund Management,0001029160,0000902664-26-003507,2026-08-14,2026-06-30,45841N107,,INTERACTIVE BROKERS GROUP IN,151470.0,13183949000.0,
Soros Fund Management,0001029160,0000902664-26-003507,2026-08-14,2026-06-30,46434G764,,ISHARES INC,354686.0,36284378000.0,
Soros Fund Management,0001029160,0000902664-26-003507,2026-08-14,2026-06-30,464286509,,ISHARES INC,97700.0,5631428000.0,
Soros Fund Management,0001029160,0000902664-26-003507,2026-08-14,2026-06-30,464288414,,ISHARES TR,241400.0,25979468000.0,
Soros Fund Management,0001029160,0000902664-26-003507,2026-08-14,2026-06-30,465741106,,ITRON INC,1137853.0,98458420000.0,
Soros Fund Management,0001029160,0000902664-26-003507,2026-08-14,2026-06-30,45073V108,,ITT INC,84740.0,16758182000.0,
Soros Fund Management,0001029160,0000902664-26-003507,2026-08-14,2026-06-30,46982L108,,JACOBS SOLUTIONS INC,2082.0,262332000.0,
Soros Fund Management,0001029160,0000902664-26-003507,2026-08-14,2026-06-30,471024109,,JANUS LIVING INC,326320.0,9378437000.0,
Soros Fund Management,0001029160,0000902664-26-003507,2026-08-14,2026-06-30,47215PAJ5,,JD.COM INC,100000000.0,98546765000.0,
Soros Fund Management,0001029160,0000902664-26-003507,2026-08-14,2026-06-30,477143AR2,,JETBLUE AIRWAYS CORP,7500000.0,8332359000.0,
Soros Fund Management,0001029160,0000902664-26-003507,2026-08-14,2026-06-30,478160104,,JOHNSON & JOHNSON,34019.0,8639805000.0,
Soros Fund Management,0001029160,0000902664-26-003507,2026-08-14,2026-06-30,46625H100,,JPMORGAN CHASE & CO,118358.0,38742124000.0,
Soros Fund Management,0001029160,0000902664-26-003507,2026-08-14,2026-06-30,482931102,,KAILERA THERAPEUTICS INC,20000.0,440600000.0,
Soros Fund Management,0001029160,0000902664-26-003507,2026-08-14,2026-06-30,485925101,,KARDIGAN INC,15000.0,357750000.0,
Soros Fund Management,0001029160,0000902664-26-003507,2026-08-14,2026-06-30,486917107,,KEEL INFRASTRUCTURE CORP,151400.0,869036000.0,
Soros Fund Management,0001029160,0000902664-26-003507,2026-08-14,2026-06-30,49177J102,,KENVUE INC,2746636.0,52488214000.0,
Soros Fund Management,0001029160,0000902664-26-003507,2026-08-14,2026-06-30,49803T300,,KITE REALTY GROUP TRUST,85000.0,2412300000.0,
Soros Fund Management,0001029160,0000902664-26-003507,2026-08-14,2026-06-30,48251W104,,KKR & CO INC,88715.0,8142263000.0,
Soros Fund Management,0001029160,0000902664-26-003507,2026-08-14,2026-06-30,500081104,,KODIAK AI INC.,9767037.0,49616548000.0,
Soros Fund Management,0001029160,0000902664-26-003507,2026-08-14,2026-06-30,500767306,,KRANESHARES TRUST,300404.0,7350886000.0,
Soros Fund Management,0001029160,0000902664-26-003507,2026-08-14,2026-06-30,52476L109,,LEGENCE CORP,328000.0,27955440000.0,
Soros Fund Management,0001029160,0000902664-26-003507,2026-08-14,2026-06-30,53229X101,,LIFTOFF MOBILE INC,106980.0,2569660000.0,
Soros Fund Management,0001029160,0000902664-26-003507,2026-08-14,2026-06-30,533714101,,LINCOLN INTL INC,200000.0,4774000000.0,
Soros Fund Management,0001029160,0000902664-26-003507,2026-08-14,2026-06-30,G54950103,,LINDE PLC,267349.0,138738090000.0,
Soros Fund Management,0001029160,0000902664-26-003507,2026-08-14,2026-06-30,549498202,,LUCID GROUP INC,205470.0,1374594000.0,
Soros Fund Management,0001029160,0000902664-26-003507,2026-08-14,2026-06-30,55024UAD1,,LUMENTUM HLDGS INC,10250000.0,88270935000.0,
Soros Fund Management,0001029160,0000902664-26-003507,2026-08-14,2026-06-30,55024UAF6,,LUMENTUM HLDGS INC,18256000.0,119272441000.0,
Soros Fund Management,0001029160,0000902664-26-003507,2026-08-14,2026-06-30,554382101,,MACERICH CO,1938506.0,48830966000.0,
Soros Fund Management,0001029160,0000902664-26-003507,2026-08-14,2026-06-30,55658T105,,MADISON AIR SOLUTIONS CORP,625004.0,24375156000.0,
Soros Fund Management,0001029160,0000902664-26-003507,2026-08-14,2026-06-30,573874104,,MARVELL TECHNOLOGY INC,53962.0,16074740000.0,
Soros Fund Management,0001029160,0000902664-26-003507,2026-08-14,2026-06-30,576323109,,MASTEC INC,8275.0,3442897000.0,
Soros Fund Management,0001029160,0000902664-26-003507,2026-08-14,2026-06-30,57636Q104,,MASTERCARD INCORPORATED,30452.0,15640147000.0,
Soros Fund Management,0001029160,0000902664-26-003507,2026-08-14,2026-06-30,576690101,,MATERION CORP,1437.0,427349000.0,
Soros Fund Management,0001029160,0000902664-26-003507,2026-08-14,2026-06-30,580135101,,MCDONALDS CORP,123562.0,33400044000.0,
Soros Fund Management,0001029160,0000902664-26-003507,2026-08-14,2026-06-30,58507V107,,MEDLINE INC,1638244.0,64612343000.0,
Soros Fund Management,0001029160,0000902664-26-003507,2026-08-14,2026-06-30,30303M102,,META PLATFORMS INC,21776.0,12266203000.0,
Soros Fund Management,0001029160,0000902664-26-003507,2026-08-14,2026-06-30,591774104,,METROPOLITAN BK HLDG CORP,50000.0,4938000000.0,
Soros Fund Management,0001029160,0000902664-26-003507,2026-08-14,2026-06-30,55277P104,,MGE ENERGY INC,106813.0,8709532000.0,
Soros Fund Management,0001029160,0000902664-26-003507,2026-08-14,2026-06-30,552953101,,MGM RESORTS INTERNATIONAL,38752.0,1852733000.0,
Soros Fund Management,0001029160,0000902664-26-003507,2026-08-14,2026-06-30,595017104,,MICROCHIP TECHNOLOGY INC.,227800.0,20775360000.0,
Soros Fund Management,0001029160,0000902664-26-003507,2026-08-14,2026-06-30,595112103,,MICRON TECHNOLOGY INC,22422.0,25881490000.0,
Soros Fund Management,0001029160,0000902664-26-003507,2026-08-14,2026-06-30,594918104,,MICROSOFT CORP,189971.0,70862982000.0,
Soros Fund Management,0001029160,0000902664-26-003507,2026-08-14,2026-06-30,03761U502,,MIDCAP FINANCIAL INVSTMNT CO,1944500.0,19600560000.0,
Soros Fund Management,0001029160,0000902664-26-003507,2026-08-14,2026-06-30,596278101,,MIDDLEBY CORP,124000.0,21329240000.0,
Soros Fund Management,0001029160,0000902664-26-003507,2026-08-14,2026-06-30,617446448,,MORGAN STANLEY,19096.0,3991828000.0,
Soros Fund Management,0001029160,0000902664-26-003507,2026-08-14,2026-06-30,63001N106,,NCR ATLEOS CORPORATION,1033562.0,44866926000.0,
Soros Fund Management,0001029160,0000902664-26-003507,2026-08-14,2026-06-30,N97284108,,NEBIUS GROUP N.V.,310000.0,85612700000.0,
Soros Fund Management,0001029160,0000902664-26-003507,2026-08-14,2026-06-30,64073B103,,NEPTUNE INS HLDGS INC,172280.0,5426820000.0,
Soros Fund Management,0001029160,0000902664-26-003507,2026-08-14,2026-06-30,64110L106,,NETFLIX INC.,46451.0,3316601000.0,
Soros Fund Management,0001029160,0000902664-26-003507,2026-08-14,2026-06-30,65339F655,,NEXTERA ENERGY INC,1627578.0,77944001000.0,
Soros Fund Management,0001029160,0000902664-26-003507,2026-08-14,2026-06-30,666807102,,NORTHROP GRUMMAN CORP,9660.0,4919935000.0,
Soros Fund Management,0001029160,0000902664-26-003507,2026-08-14,2026-06-30,67000B203,,NOVANTA INC,250000.0,17070992000.0,
Soros Fund Management,0001029160,0000902664-26-003507,2026-08-14,2026-06-30,670703107,,NUVALENT INC,300017.0,37052100000.0,
Soros Fund Management,0001029160,0000902664-26-003507,2026-08-14,2026-06-30,67066G104,,NVIDIA CORPORATION,1064635.0,213022817000.0,
Soros Fund Management,0001029160,0000902664-26-003507,2026-08-14,2026-06-30,682189105,,ON SEMICONDUCTOR CORP,228022.0,21557200000.0,
Soros Fund Management,0001029160,0000902664-26-003507,2026-08-14,2026-06-30,683712129,,OPENDOOR TECHNOLOGIES INC,19069.0,9439000.0,
Soros Fund Management,0001029160,0000902664-26-003507,2026-08-14,2026-06-30,68389X204,,ORACLE CORP,738395.0,33138996000.0,
Soros Fund Management,0001029160,0000902664-26-003507,2026-08-14,2026-06-30,698813102,,PAPA JOHNS INTL INC,100000.0,3677000000.0,
Soros Fund Management,0001029160,0000902664-26-003507,2026-08-14,2026-06-30,70451X104,,PAYONEER GLOBAL INC,3200000.0,22784000000.0,
Soros Fund Management,0001029160,0000902664-26-003507,2026-08-14,2026-06-30,69331CAL2,,PG&E CORP,175000000.0,179601903000.0,
Soros Fund Management,0001029160,0000902664-26-003507,2026-08-14,2026-06-30,718172109,,PHILIP MORRIS INTL INC,112294.0,20315108000.0,
Soros Fund Management,0001029160,0000902664-26-003507,2026-08-14,2026-06-30,72348N109,,PINNACLE FINL PARTNERS INC,49273.0,4970660000.0,
Soros Fund Management,0001029160,0000902664-26-003507,2026-08-14,2026-06-30,732908108,,PONY AI INC,302795.0,2104425000.0,
Soros Fund Management,0001029160,0000902664-26-003507,2026-08-14,2026-06-30,736508847,,PORTLAND GEN ELEC CO,500000.0,25915000000.0,
Soros Fund Management,0001029160,0000902664-26-003507,2026-08-14,2026-06-30,69351T106,,PPL CORP,607306.0,22075573000.0,
Soros Fund Management,0001029160,0000902664-26-003507,2026-08-14,2026-06-30,74164F103,,PRIMORIS SVCS CORP,10339.0,1024802000.0,
Soros Fund Management,0001029160,0000902664-26-003507,2026-08-14,2026-06-30,743315103,,PROGRESSIVE CORP,9472.0,2069158000.0,
Soros Fund Management,0001029160,0000902664-26-003507,2026-08-14,2026-06-30,74768A104,,QUANTINUUM INC,266000.0,21742840000.0,
Soros Fund Management,0001029160,0000902664-26-003507,2026-08-14,2026-06-30,82846H405,,QXO INC,49835.0,861149000.0,
Soros Fund Management,0001029160,0000902664-26-003507,2026-08-14,2026-06-30,750491102,,RADNET INC,116588.0,7189982000.0,
Soros Fund Management,0001029160,0000902664-26-003507,2026-08-14,2026-06-30,75381A108,,RARE EARTHS AMERICAS INC,20000.0,305600000.0,
Soros Fund Management,0001029160,0000902664-26-003507,2026-08-14,2026-06-30,75524B104,,RBC BEARINGS INC,6610.0,4257237000.0,
Soros Fund Management,0001029160,0000902664-26-003507,2026-08-14,2026-06-30,75734B100,,REDDIT INC,11003.0,1909901000.0,
Soros Fund Management,0001029160,0000902664-26-003507,2026-08-14,2026-06-30,76954AAB9,,RIVIAN AUTOMOTIVE INC,131565000.0,155838659000.0,
Soros Fund Management,0001029160,0000902664-26-003507,2026-08-14,2026-06-30,77543R102,,ROKU INC,155800.0,21522212000.0,
Soros Fund Management,0001029160,0000902664-26-003507,2026-08-14,2026-06-30,781846209,,RUSH ENTERPRISES INC,4574.0,333833000.0,
Soros Fund Management,0001029160,0000902664-26-003507,2026-08-14,2026-06-30,782011100,,RUSH STREET INTERACTIVE INC,226680.0,6741463000.0,
Soros Fund Management,0001029160,0000902664-26-003507,2026-08-14,2026-06-30,78409V104,,S&P GLOBAL INC,100834.0,41065655000.0,
Soros Fund Management,0001029160,0000902664-26-003507,2026-08-14,2026-06-30,81369Y605,,SELECT SECTOR SPDR TR,12270.0,657795000.0,
Soros Fund Management,0001029160,0000902664-26-003507,2026-08-14,2026-06-30,816851109,,SEMPRA,441114.0,40895679000.0,
Soros Fund Management,0001029160,0000902664-26-003507,2026-08-14,2026-06-30,81762P102,,SERVICENOW INC,48570.0,4822030000.0,
Soros Fund Management,0001029160,0000902664-26-003507,2026-08-14,2026-06-30,778920306,,SHARONAI HOLDINGS INC,72748.0,6158846000.0,
Soros Fund Management,0001029160,0000902664-26-003507,2026-08-14,2026-06-30,146280508,,SILA REALTY TRUST INC,507718.0,15414318000.0,
Soros Fund Management,0001029160,0000902664-26-003507,2026-08-14,2026-06-30,82982T106,,SITIME CORP,7000.0,5218920000.0,
Soros Fund Management,0001029160,0000902664-26-003507,2026-08-14,2026-06-30,G8267P108,,SMURFIT WESTROCK PLC,1512798.0,69982035000.0,
Soros Fund Management,0001029160,0000902664-26-003507,2026-08-14,2026-06-30,83304AAH9,,SNAP INC,10000000.0,9250002000.0,
Soros Fund Management,0001029160,0000902664-26-003507,2026-08-14,2026-06-30,83304AAK2,,SNAP INC,88000000.0,71946418000.0,
Soros Fund Management,0001029160,0000902664-26-003507,2026-08-14,2026-06-30,833445109,,SNOWFLAKE INC,136568.0,34756556000.0,
Soros Fund Management,0001029160,0000902664-26-003507,2026-08-14,2026-06-30,78475V103,,SOLV ENERGY INC,436664.0,14868409000.0,
Soros Fund Management,0001029160,0000902664-26-003507,2026-08-14,2026-06-30,88023U101,,SOMNIGROUP INTERNATIONAL INC,13542.0,1061693000.0,
Soros Fund Management,0001029160,0000902664-26-003507,2026-08-14,2026-06-30,842587ED5,,SOUTHERN CO,65000000.0,65774926000.0,
Soros Fund Management,0001029160,0000902664-26-003507,2026-08-14,2026-06-30,842873101,,SOUTHERN FIRST BANCSHARES,14448.0,882773000.0,
Soros Fund Management,0001029160,0000902664-26-003507,2026-08-14,2026-06-30,78464A474,,SPDR SERIES TRUST,46979.0,1409840000.0,
Soros Fund Management,0001029160,0000902664-26-003507,2026-08-14,2026-06-30,85205TAQ3,,SPIRIT AEROSYSTEMS INC,34500000.0,53916813000.0,
Soros Fund Management,0001029160,0000902664-26-003507,2026-08-14,2026-06-30,85423L103,,STANDARDAERO INC,526440.0,15745820000.0,
Soros Fund Management,0001029160,0000902664-26-003507,2026-08-14,2026-06-30,78462F103,,STATE STR SPDR S&P 500 ETF T,25000.0,18669250000.0,
Soros Fund Management,0001029160,0000902664-26-003507,2026-08-14,2026-06-30,N82405106,,STELLANTIS N.V,132828.0,762433000.0,
Soros Fund Management,0001029160,0000902664-26-003507,2026-08-14,2026-06-30,861012102,,STMICROELECTRONICS N V,18322.0,1372135000.0,
Soros Fund Management,0001029160,0000902664-26-003507,2026-08-14,2026-06-30,866966104,,SUNBELT RENTALS HOLDINGS INC,516034.0,38604504000.0,
Soros Fund Management,0001029160,0000902664-26-003507,2026-08-14,2026-06-30,86771W105,,SUNRUN INC,100000.0,1338000000.0,
Soros Fund Management,0001029160,0000902664-26-003507,2026-08-14,2026-06-30,86800U500,,SUPER MICRO COMPUTER INC,2175408.0,111471398000.0,
Soros Fund Management,0001029160,0000902664-26-003507,2026-08-14,2026-06-30,35834F104,,T1 ENERGY INC,45982.0,435909000.0,
Soros Fund Management,0001029160,0000902664-26-003507,2026-08-14,2026-06-30,874039100,,TAIWAN SEMICONDUCTOR MANUFAC,522158.0,249366996000.0,
Soros Fund Management,0001029160,0000902664-26-003507,2026-08-14,2026-06-30,87422Q109,,TALEN ENERGY CORP,1833.0,704349000.0,
Soros Fund Management,0001029160,0000902664-26-003507,2026-08-14,2026-06-30,87427V103,,TALKSPACE INC,2767040.0,14388608000.0,
Soros Fund Management,0001029160,0000902664-26-003507,2026-08-14,2026-06-30,87724P106,,TAYLOR MORRISON HOME CORP,723523.0,51905540000.0,
Soros Fund Management,0001029160,0000902664-26-003507,2026-08-14,2026-06-30,880345103,,TENNANT CO,8540.0,747592000.0,
Soros Fund Management,0001029160,0000902664-26-003507,2026-08-14,2026-06-30,880779103,,TEREX CORP NEW,443008.0,32069349000.0,
Soros Fund Management,0001029160,0000902664-26-003507,2026-08-14,2026-06-30,88160R101,,TESLA INC,86846.0,36527428000.0,
Soros Fund Management,0001029160,0000902664-26-003507,2026-08-14,2026-06-30,882508104,,TEXAS INSTRS INC,6640.0,1979185000.0,
Soros Fund Management,0001029160,0000902664-26-003507,2026-08-14,2026-06-30,887389104,,TIMKEN CO,70000.0,10172400000.0,
Soros Fund Management,0001029160,0000902664-26-003507,2026-08-14,2026-06-30,87256C101,,TKO GROUP HOLDINGS INC,578157.0,116388786000.0,
Soros Fund Management,0001029160,0000902664-26-003507,2026-08-14,2026-06-30,89055F103,,TOPBUILD COR,50000.0,21307805000.0,
Soros Fund Management,0001029160,0000902664-26-003507,2026-08-14,2026-06-30,872657101,,TPG INC,204488.0,8291988000.0,
Soros Fund Management,0001029160,0000902664-26-003507,2026-08-14,2026-06-30,90353T100,,UBER TECHNOLOGIES INC,90337.0,6518718000.0,
Soros Fund Management,0001029160,0000902664-26-003507,2026-08-14,2026-06-30,903731107,,UL SOLUTIONS INC,333960.0,34017166000.0,
Soros Fund Management,0001029160,0000902664-26-003507,2026-08-14,2026-06-30,91324P102,,UNITEDHEALTH GROUP INC,3885.0,1614723000.0,
Soros Fund Management,0001029160,0000902664-26-003507,2026-08-14,2026-06-30,91733P107,,USA RARE EARTH INC,31221.0,673749000.0,
Soros Fund Management,0001029160,0000902664-26-003507,2026-08-14,2026-06-30,922280102,,VARONIS SYS INC,80000.0,3356800000.0,
Soros Fund Management,0001029160,0000902664-26-003507,2026-08-14,2026-06-30,92345Y106,,VERISK ANALYTICS INC,33267.0,5972425000.0,
Soros Fund Management,0001029160,0000902664-26-003507,2026-08-14,2026-06-30,92343V104,,VERIZON COMMUNICATIONS INC,43292.0,1832983000.0,
Soros Fund Management,0001029160,0000902664-26-003507,2026-08-14,2026-06-30,G9600F104,,VERSIGENT PLC,583666.0,24519809000.0,
Soros Fund Management,0001029160,0000902664-26-003507,2026-08-14,2026-06-30,928298108,,VISHAY INTERTECHNOLOGY INC,100000.0,5378000000.0,
Soros Fund Management,0001029160,0000902664-26-003507,2026-08-14,2026-06-30,92840M102,,VISTRA CORP,4223.0,669894000.0,
Soros Fund Management,0001029160,0000902664-26-003507,2026-08-14,2026-06-30,918284100,,VSE CORP,120327.0,27494720000.0,
Soros Fund Management,0001029160,0000902664-26-003507,2026-08-14,2026-06-30,931142103,,WALMART INC,63099.0,7146593000.0,
Soros Fund Management,0001029160,0000902664-26-003507,2026-08-14,2026-06-30,934423104,,WARNER BROS DISCOVERY INC,1488690.0,39688475000.0,
Soros Fund Management,0001029160,0000902664-26-003507,2026-08-14,2026-06-30,947890109,,WEBSTER FINL CORP,1113487.0,85092677000.0,
Soros Fund Management,0001029160,0000902664-26-003507,2026-08-14,2026-06-30,92939U106,,WEC ENERGY GROUP INC,528369.0,61697648000.0,
Soros Fund Management,0001029160,0000902664-26-003507,2026-08-14,2026-06-30,M98068105,,WIX COM LTD,35000.0,1587950000.0,
Soros Fund Management,0001029160,0000902664-26-003507,2026-08-14,2026-06-30,980745103,,WOODWARD INC,24854.0,10573886000.0,
Soros Fund Management,0001029160,0000902664-26-003507,2026-08-14,2026-06-30,98389B100,,XCEL ENERGY INC,533324.0,42825917000.0,
Soros Fund Management,0001029160,0000902664-26-003507,2026-08-14,2026-06-30,98386P102,,X-ENERGY INC,2245454.0,41226535000.0,
Soros Fund Management,0001029160,0000902664-26-003507,2026-08-14,2026-06-30,98585C100,,YESWAY INC,50000.0,1015000000.0,
Soros Fund Management,0001029160,0000902664-26-003507,2026-08-14,2026-06-30,987084100,,YORK SPACE SYSTEMS INC,11245.0,276852000.0,
Soros Fund Management,0001029160,0000902664-26-003507,2026-08-14,2026-06-30,98956A105,,ZETA GLOBAL HOLDINGS CORP,46667.0,918407000.0,
Soros Fund Management,0001029160,0000902664-26-003507,2026-08-14,2026-06-30,98978V103,,ZOETIS INC,27808.0,1998283000.0,
Soros Fund Management,0001029160,0000902664-26-002529,2026-05-15,2026-03-31,002824100,,ABBOTT LABORATORIES,44750.0,4594483000.0,
Soros Fund Management,0001029160,0000902664-26-002529,2026-05-15,2026-03-31,00404A109,,ACADIA HEALTHCARE COMPANY IN,22536.0,527117000.0,
Soros Fund Management,0001029160,0000902664-26-002529,2026-05-15,2026-03-31,10948W103,,ACADIAN ASSET MANAGEMENT INC,648807.0,35308077000.0,
Soros Fund Management,0001029160,0000902664-26-002529,2026-05-15,2026-03-31,G1151C101,,ACCENTURE PLC IRELAND,134640.0,26697766000.0,
Soros Fund Management,0001029160,0000902664-26-002529,2026-05-15,2026-03-31,00676P107,,ADEIA INC,50270.0,1207988000.0,
Soros Fund Management,0001029160,0000902664-26-002529,2026-05-15,2026-03-31,007903107,,ADVANCED MICRO DEVICES INC,34645.0,7047832000.0,
Soros Fund Management,0001029160,0000902664-26-002529,2026-05-15,2026-03-31,00130H105,,AES CORP,1557000.0,21938130000.0,
Soros Fund Management,0001029160,0000902664-26-002529,2026-05-15,2026-03-31,01021M104,,AKTIS ONCOLOGY INC,100000.0,1789000000.0,
Soros Fund Management,0001029160,0000902664-26-002529,2026-05-15,2026-03-31,013872106,,ALCOA CORP,6482.0,429951000.0,
Soros Fund Management,0001029160,0000902664-26-002529,2026-05-15,2026-03-31,018802108,,ALLIANT ENERGY CORP,18452.0,1324116000.0,
Soros Fund Management,0001029160,0000902664-26-002529,2026-05-15,2026-03-31,02005N100,,ALLY FINL INC,725267.0,28452224000.0,
Soros Fund Management,0001029160,0000902664-26-002529,2026-05-15,2026-03-31,02079K305,,ALPHABET INC,573929.0,165039023000.0,
Soros Fund Management,0001029160,0000902664-26-002529,2026-05-15,2026-03-31,023135106,,AMAZON COM INC,1945789.0,405249475000.0,
Soros Fund Management,0001029160,0000902664-26-002529,2026-05-15,2026-03-31,023939101,,AMENTUM HOLDINGS INC,107606.0,2806364000.0,
Soros Fund Management,0001029160,0000902664-26-002529,2026-05-15,2026-03-31,G0260P102,,AMER SPORTS INC,40575.0,1335729000.0,
Soros Fund Management,0001029160,0000902664-26-002529,2026-05-15,2026-03-31,026874784,,AMERICAN INTL GROUP INC,149926.0,11281932000.0,
Soros Fund Management,0001029160,0000902664-26-002529,2026-05-15,2026-03-31,03152W109,,AMICUS THERAPEUTIC,5753186.0,83191070000.0,
Soros Fund Management,0001029160,0000902664-26-002529,2026-05-15,2026-03-31,H2927K103,,AMRIZE LTD,88889.0,4979562000.0,
Soros Fund Management,0001029160,0000902664-26-002529,2026-05-15,2026-03-31,033853102,,ANDERSEN GROUP INC,50000.0,1360000000.0,
Soros Fund Management,0001029160,0000902664-26-002529,2026-05-15,2026-03-31,03753U106,,APELLIS PHARMACEUTICALS INC,1056000.0,42482880000.0,
Soros Fund Management,0001029160,0000902664-26-002529,2026-05-15,2026-03-31,03769M106,,APOLLO GLOBAL MGMT INC,131351.0,14635128000.0,
Soros Fund Management,0001029160,0000902664-26-002529,2026-05-15,2026-03-31,037833100,,APPLE INC,500534.0,127030524000.0,
Soros Fund Management,0001029160,0000902664-26-002529,2026-05-15,2026-03-31,03940C100,,ARCELLX INC,200000.0,22964000000.0,
Soros Fund Management,0001029160,0000902664-26-002529,2026-05-15,2026-03-31,03990B101,,ARES MANAGEMENT CORPORATION,196054.0,21389491000.0,
Soros Fund Management,0001029160,0000902664-26-002529,2026-05-15,2026-03-31,04271T100,,ARRAY TECHNOLOGIES INC,275286.0,1990318000.0,
Soros Fund Management,0001029160,0000902664-26-002529,2026-05-15,2026-03-31,01741R102,,ATI INC,52832.0,7684943000.0,
Soros Fund Management,0001029160,0000902664-26-002529,2026-05-15,2026-03-31,049468101,,ATLASSIAN CORPORATION,535515.0,36548899000.0,
Soros Fund Management,0001029160,0000902664-26-002529,2026-05-15,2026-03-31,06652K103,,BANKUNITED INC,31343.0,1415450000.0,
Soros Fund Management,0001029160,0000902664-26-002529,2026-05-15,2026-03-31,084670702,,BERKSHIRE HATHAWAY INC DEL,133277.0,63866338000.0,
Soros Fund Management,0001029160,0000902664-26-002529,2026-05-15,2026-03-31,088929104,,BGC GROUP INC,4199713.0,41073193000.0,
Soros Fund Management,0001029160,0000902664-26-002529,2026-05-15,2026-03-31,090043AF7,,BILL HOLDINGS INC,209679000.0,186562193000.0,
Soros Fund Management,0001029160,0000902664-26-002529,2026-05-15,2026-03-31,090043100,,BILL HOLDINGS INC,106925.0,4095228000.0,
Soros Fund Management,0001029160,0000902664-26-002529,2026-05-15,2026-03-31,090168105,,BILLIONTOONE INC,14500.0,1144630000.0,
Soros Fund Management,0001029160,0000902664-26-002529,2026-05-15,2026-03-31,092244102,,BLACK ROCK COFFEE BAR INC,322760.0,4170059000.0,
Soros Fund Management,0001029160,0000902664-26-002529,2026-05-15,2026-03-31,09239BAF6,,BLACKLINE INC,101000000.0,94857888000.0,
Soros Fund Management,0001029160,0000902664-26-002529,2026-05-15,2026-03-31,09260D107,,BLACKSTONE INC,173489.0,19949500000.0,
Soros Fund Management,0001029160,0000902664-26-002529,2026-05-15,2026-03-31,09261X102,,BLACKSTONE SECD LENDING FD,867500.0,20551075000.0,
Soros Fund Management,0001029160,0000902664-26-002529,2026-05-15,2026-03-31,69121K104,,BLUE OWL CAPITAL CORPORATION,2451136.0,27109564000.0,
Soros Fund Management,0001029160,0000902664-26-002529,2026-05-15,2026-03-31,09581B103,,BLUE OWL CAPITAL INC,2017636.0,18421017000.0,
Soros Fund Management,0001029160,0000902664-26-002529,2026-05-15,2026-03-31,095924106,,BLUE OWL TECHNOLOGY FIN CORP,1005000.0,12451950000.0,
Soros Fund Management,0001029160,0000902664-26-002529,2026-05-15,2026-03-31,09681N106,,BOBS DISC FURNITURE INC,120000.0,1410000000.0,
Soros Fund Management,0001029160,0000902664-26-002529,2026-05-15,2026-03-31,10922N103,,BRIGHTHOUSE FINL INC,846794.0,50706025000.0,
Soros Fund Management,0001029160,0000902664-26-002529,2026-05-15,2026-03-31,11135F101,,BROADCOM INC,155107.0,48007168000.0,
Soros Fund Management,0001029160,0000902664-26-002529,2026-05-15,2026-03-31,12008R107,,BUILDERS FIRSTSOURCE INC,2656.0,218668000.0,
Soros Fund Management,0001029160,0000902664-26-002529,2026-05-15,2026-03-31,G16910120,,BULLISH,108200.0,3865986000.0,
Soros Fund Management,0001029160,0000902664-26-002529,2026-05-15,2026-03-31,H11356104,,BUNGE GLOBAL SA,68732.0,8742710000.0,
Soros Fund Management,0001029160,0000902664-26-002529,2026-05-15,2026-03-31,127537207,,CADIZ INC,29206.0,143401000.0,
Soros Fund Management,0001029160,0000902664-26-002529,2026-05-15,2026-03-31,G1827P106,,CANTOR EQUITY PARTNERS II IN,50000.0,544500000.0,
Soros Fund Management,0001029160,0000902664-26-002529,2026-05-15,2026-03-31,G1828S109,,CANTOR EQUITY PARTNERS V INC,100000.0,1010000000.0,
Soros Fund Management,0001029160,0000902664-26-002529,2026-05-15,2026-03-31,14040H105,,CAPITAL ONE FINL CORP,180105.0,32856555000.0,
Soros Fund Management,0001029160,0000902664-26-002529,2026-05-15,2026-03-31,14316J108,,CARLYLE GROUP INC,244985.0,11854824000.0,
Soros Fund Management,0001029160,0000902664-26-002529,2026-05-15,2026-03-31,144285103,,CARPENTER TECHNOLOGY CORP,8436.0,3325049000.0,
Soros Fund Management,0001029160,0000902664-26-002529,2026-05-15,2026-03-31,151290889,,CEMEX SA EURO MTN BE 144A,2991971.0,34228148000.0,
Soros Fund Management,0001029160,0000902664-26-002529,2026-05-15,2026-03-31,152413100,,CENTRAL BANCOMPANY,92846.0,2223662000.0,
Soros Fund Management,0001029160,0000902664-26-002529,2026-05-15,2026-03-31,125269100,,CF INDUSTRIES HOLD,57849.0,7511114000.0,
Soros Fund Management,0001029160,0000902664-26-002529,2026-05-15,2026-03-31,16115Q308,,CHART INDS INC,470095.0,97192141000.0,
Soros Fund Management,0001029160,0000902664-26-002529,2026-05-15,2026-03-31,163072AA9,,CHEESECAKE FACTORY INC,9000000.0,8948719000.0,
Soros Fund Management,0001029160,0000902664-26-002529,2026-05-15,2026-03-31,H1467J104,,CHUBB LTD SWITZ,22890.0,7460538000.0,
Soros Fund Management,0001029160,0000902664-26-002529,2026-05-15,2026-03-31,172573107,,CIRCLE INTERNET GROUP INC,75686.0,7221201000.0,
Soros Fund Management,0001029160,0000902664-26-002529,2026-05-15,2026-03-31,174610105,,CITIZENS FINL GROUP INC,298507.0,17901465000.0,
Soros Fund Management,0001029160,0000902664-26-002529,2026-05-15,2026-03-31,18453H106,,CLEAR CHANNEL OUTDOOR HLDGS,5407175.0,12815005000.0,
Soros Fund Management,0001029160,0000902664-26-002529,2026-05-15,2026-03-31,185123106,,CLEARWATER ANALYTICS HLDGS I,2941405.0,69564228000.0,
Soros Fund Management,0001029160,0000902664-26-002529,2026-05-15,2026-03-31,18915M107,,CLOUDFLARE INC,10781.0,2224552000.0,
Soros Fund Management,0001029160,0000902664-26-002529,2026-05-15,2026-03-31,12572Q105,,CME GROUP INC,30028.0,8868770000.0,
Soros Fund Management,0001029160,0000902664-26-002529,2026-05-15,2026-03-31,125896100,,CMS ENERGY CORP,1034397.0,80248519000.0,
Soros Fund Management,0001029160,0000902664-26-002529,2026-05-15,2026-03-31,191216100,,COCA COLA CO,150643.0,11456400000.0,
Soros Fund Management,0001029160,0000902664-26-002529,2026-05-15,2026-03-31,20030N101,,COMCAST CORP NEW,14389.0,413108000.0,
Soros Fund Management,0001029160,0000902664-26-002529,2026-05-15,2026-03-31,20451Q104,,COMPASS DIVERSIFIED,24616.0,193482000.0,
Soros Fund Management,0001029160,0000902664-26-002529,2026-05-15,2026-03-31,21874C102,,CORE & MAIN INC,232437.0,11482388000.0,
Soros Fund Management,0001029160,0000902664-26-002529,2026-05-15,2026-03-31,21874A106,,CORE SCIENTIFIC INC NEW,329422.0,4928153000.0,
Soros Fund Management,0001029160,0000902664-26-002529,2026-05-15,2026-03-31,21874A114,,CORE SCIENTIFIC INC NEW,874277.0,7641181000.0,
Soros Fund Management,0001029160,0000902664-26-002529,2026-05-15,2026-03-31,21871X109,,COREBRIDGE FINL INC,2133647.0,50908817000.0,
Soros Fund Management,0001029160,0000902664-26-002529,2026-05-15,2026-03-31,21873S108,,COREWEAVE INC,439360.0,34037219000.0,
Soros Fund Management,0001029160,0000902664-26-002529,2026-05-15,2026-03-31,22266T109,,COUPANG INC,73071.0,1379580000.0,
Soros Fund Management,0001029160,0000902664-26-002529,2026-05-15,2026-03-31,G25508105,,CRH PLC,115025.0,12091428000.0,
Soros Fund Management,0001029160,0000902664-26-002529,2026-05-15,2026-03-31,23804L103,,DATADOG INC,101346.0,11963895000.0,
Soros Fund Management,0001029160,0000902664-26-002529,2026-05-15,2026-03-31,23954D109,,DAY ONE BIOPHARMACEUTICALS I,1539100.0,32998304000.0,
Soros Fund Management,0001029160,0000902664-26-002529,2026-05-15,2026-03-31,252131AM9,,DEXCOM INC,62977000.0,58165989000.0,
Soros Fund Management,0001029160,0000902664-26-002529,2026-05-15,2026-03-31,253868103,,DIGITAL RLTY TR INC,57418.0,10347298000.0,
Soros Fund Management,0001029160,0000902664-26-002529,2026-05-15,2026-03-31,25402DAB8,,DIGITALOCEAN HLDGS INC,23095000.0,22602070000.0,
Soros Fund Management,0001029160,0000902664-26-002529,2026-05-15,2026-03-31,254687106,,DISNEY WALT CO,10518.0,1013725000.0,
Soros Fund Management,0001029160,0000902664-26-002529,2026-05-15,2026-03-31,25809K105,,DOORDASH INC,170160.0,25549524000.0,
Soros Fund Management,0001029160,0000902664-26-002529,2026-05-15,2026-03-31,26210CAD6,,DROPBOX INC,103500000.0,98239953000.0,
Soros Fund Management,0001029160,0000902664-26-002529,2026-05-15,2026-03-31,233331107,,DTE ENERGY CO,4424.0,646877000.0,
Soros Fund Management,0001029160,0000902664-26-002529,2026-05-15,2026-03-31,26614N102,,DUPONT DE NEMOURS INC,368000.0,16854400000.0,
Soros Fund Management,0001029160,0000902664-26-002529,2026-05-15,2026-03-31,267475101,,DYCOM INDS INC,8198.0,2777646000.0,
Soros Fund Management,0001029160,0000902664-26-002529,2026-05-15,2026-03-31,285512109,,ELECTRONIC ARTS INC,965793.0,196896219000.0,
Soros Fund Management,0001029160,0000902664-26-002529,2026-05-15,2026-03-31,532457108,,ELI LILLY & CO,22199.0,20417974000.0,
Soros Fund Management,0001029160,0000902664-26-002529,2026-05-15,2026-03-31,29084Q100,,EMCOR GROUP INC,328.0,242166000.0,
Soros Fund Management,0001029160,0000902664-26-002529,2026-05-15,2026-03-31,29275Y102,,ENERSYS,23885.0,4149302000.0,
Soros Fund Management,0001029160,0000902664-26-002529,2026-05-15,2026-03-31,29332G102,,ENHABIT INC,1118674.0,15762117000.0,
Soros Fund Management,0001029160,0000902664-26-002529,2026-05-15,2026-03-31,29364G103,,ENTERGY CORP NEW,77178.0,8671720000.0,
Soros Fund Management,0001029160,0000902664-26-002529,2026-05-15,2026-03-31,29445S100,,EQUIPMENTSHARE COM INC,150000.0,3055500000.0,
Soros Fund Management,0001029160,0000902664-26-002529,2026-05-15,2026-03-31,29476L107,,EQUITY RESIDENTIAL,161288.0,9540185000.0,
Soros Fund Management,0001029160,0000902664-26-002529,2026-05-15,2026-03-31,29786A106,,ETSY INC,215000.0,10745700000.0,
Soros Fund Management,0001029160,0000902664-26-002529,2026-05-15,2026-03-31,29786AAJ5,,ETSY INC,37500000.0,36698779000.0,
Soros Fund Management,0001029160,0000902664-26-002529,2026-05-15,2026-03-31,30040W108,,EVERSOURCE ENERGY,14891.0,1031648000.0,
Soros Fund Management,0001029160,0000902664-26-002529,2026-05-15,2026-03-31,30052F100,,EVGO INC,6036569.0,10382899000.0,
Soros Fund Management,0001029160,0000902664-26-002529,2026-05-15,2026-03-31,30161N101,,EXELON CORP,104734.0,5134061000.0,
Soros Fund Management,0001029160,0000902664-26-002529,2026-05-15,2026-03-31,314911108,,FERMI INC,15805.0,92301000.0,
Soros Fund Management,0001029160,0000902664-26-002529,2026-05-15,2026-03-31,349381103,,FIGURE TECHNOLOGY SOLUTIO,1000000.0,33950000000.0,
Soros Fund Management,0001029160,0000902664-26-002529,2026-05-15,2026-03-31,337932107,,FIRSTENERGY CORP,20946.0,1061124000.0,
Soros Fund Management,0001029160,0000902664-26-002529,2026-05-15,2026-03-31,343412102,,FLUOR CORP,50814.0,2370473000.0,
Soros Fund Management,0001029160,0000902664-26-002529,2026-05-15,2026-03-31,34631F102,,FORGENT POWER SOLUTIONS INC,102200.0,2991394000.0,
Soros Fund Management,0001029160,0000902664-26-002529,2026-05-15,2026-03-31,36317J209,,GALAXY DIGITAL INC.,271911.0,5016758000.0,
Soros Fund Management,0001029160,0000902664-26-002529,2026-05-15,2026-03-31,36168Q104,,GFL ENVIRONMENTAL INC,530184.0,22119276000.0,
Soros Fund Management,0001029160,0000902664-26-002529,2026-05-15,2026-03-31,37940XAU6,,GLOBAL PMTS INC,247500000.0,218206755000.0,
Soros Fund Management,0001029160,0000902664-26-002529,2026-05-15,2026-03-31,G39387108,,GLOBALFOUNDRIES INC,444362.0,19765222000.0,
Soros Fund Management,0001029160,0000902664-26-002529,2026-05-15,2026-03-31,37959E102,,GLOBE LIFE INC,59695.0,8307753000.0,
Soros Fund Management,0001029160,0000902664-26-002529,2026-05-15,2026-03-31,381013101,,GOLDEN ENTMT INC,430101.0,11479396000.0,
Soros Fund Management,0001029160,0000902664-26-002529,2026-05-15,2026-03-31,G4124C109,,GRAB HOLDINGS LIMITED,19418.0,71070000.0,
Soros Fund Management,0001029160,0000902664-26-002529,2026-05-15,2026-03-31,39874R101,,GROCERY OUTLET HLDG CORP,36891.0,260082000.0,
Soros Fund Management,0001029160,0000902664-26-002529,2026-05-15,2026-03-31,784305104,,H2O AMERICA,1228747.0,72090586000.0,
Soros Fund Management,0001029160,0000902664-26-002529,2026-05-15,2026-03-31,436440101,,HOLOGIC INC,1013552.0,76614396000.0,
Soros Fund Management,0001029160,0000902664-26-002529,2026-05-15,2026-03-31,438516106,,HONEYWELL INTL INC,358052.0,80930494000.0,
Soros Fund Management,0001029160,0000902664-26-002529,2026-05-15,2026-03-31,444859102,,HUMANA INC,67644.0,11728793000.0,
Soros Fund Management,0001029160,0000902664-26-002529,2026-05-15,2026-03-31,447011107,,HUNTSMAN CORP,41009.0,545830000.0,
Soros Fund Management,0001029160,0000902664-26-002529,2026-05-15,2026-03-31,451107106,,IDACORP INC,577290.0,82535151000.0,
Soros Fund Management,0001029160,0000902664-26-002529,2026-05-15,2026-03-31,453204109,,IMPINJ INC,3881.0,398579000.0,
Soros Fund Management,0001029160,0000902664-26-002529,2026-05-15,2026-03-31,457152106,,INGRAM MICRO HLDG CORP,400000.0,9324000000.0,
Soros Fund Management,0001029160,0000902664-26-002529,2026-05-15,2026-03-31,45841N107,,INTERACTIVE BROKERS GROUP IN,645344.0,43283222000.0,
Soros Fund Management,0001029160,0000902664-26-002529,2026-05-15,2026-03-31,46434G764,,ISHARES INC,354686.0,27899601000.0,
Soros Fund Management,0001029160,0000902664-26-002529,2026-05-15,2026-03-31,464286509,,ISHARES INC,97700.0,5352983000.0,
Soros Fund Management,0001029160,0000902664-26-002529,2026-05-15,2026-03-31,464288414,,ISHARES TR,241400.0,25624610000.0,
Soros Fund Management,0001029160,0000902664-26-002529,2026-05-15,2026-03-31,464287242,,ISHARES TR,20000.0,2179800000.0,
Soros Fund Management,0001029160,0000902664-26-002529,2026-05-15,2026-03-31,464288513,,ISHARES TR,250000.0,19890000000.0,
Soros Fund Management,0001029160,0000902664-26-002529,2026-05-15,2026-03-31,465741106,,ITRON INC,777335.0,69672536000.0,
Soros Fund Management,0001029160,0000902664-26-002529,2026-05-15,2026-03-31,45073V108,,ITT INC,89740.0,17098162000.0,
Soros Fund Management,0001029160,0000902664-26-002529,2026-05-15,2026-03-31,46982L108,,JACOBS SOLUTIONS INC,2526.0,321509000.0,
Soros Fund Management,0001029160,0000902664-26-002529,2026-05-15,2026-03-31,471024109,,JANUS LIVING INC,228768.0,5392062000.0,
Soros Fund Management,0001029160,0000902664-26-002529,2026-05-15,2026-03-31,472145AF8,,JAZZ INVESTMENTS I LTD,130399000.0,158441825000.0,
Soros Fund Management,0001029160,0000902664-26-002529,2026-05-15,2026-03-31,477839AB0,,JBT MAREL CORPORATION,17000000.0,16916175000.0,
Soros Fund Management,0001029160,0000902664-26-002529,2026-05-15,2026-03-31,47215PAJ5,,JD.COM INC,150158000.0,149880473000.0,
Soros Fund Management,0001029160,0000902664-26-002529,2026-05-15,2026-03-31,478160104,,JOHNSON & JOHNSON,34846.0,8517756000.0,
Soros Fund Management,0001029160,0000902664-26-002529,2026-05-15,2026-03-31,46625H100,,JPMORGAN CHASE & CO,118358.0,34816189000.0,
Soros Fund Management,0001029160,0000902664-26-002529,2026-05-15,2026-03-31,49177J102,,KENVUE INC,3157266.0,54431266000.0,
Soros Fund Management,0001029160,0000902664-26-002529,2026-05-15,2026-03-31,48251W104,,KKR & CO INC,244691.0,22633918000.0,
Soros Fund Management,0001029160,0000902664-26-002529,2026-05-15,2026-03-31,500081104,,KODIAK AI INC.,9767037.0,67783237000.0,
Soros Fund Management,0001029160,0000902664-26-002529,2026-05-15,2026-03-31,500767306,,KRANESHARES TRUST,300404.0,8540486000.0,
Soros Fund Management,0001029160,0000902664-26-002529,2026-05-15,2026-03-31,50077B207,,KRATOS DEFENSE & SEC SOLUTIO,5000.0,352550000.0,
Soros Fund Management,0001029160,0000902664-26-002529,2026-05-15,2026-03-31,52476L109,,LEGENCE CORP,132654.0,7489645000.0,
Soros Fund Management,0001029160,0000902664-26-002529,2026-05-15,2026-03-31,530307305,,LIBERTY BROADBAND CORP,127235.0,6399921000.0,
Soros Fund Management,0001029160,0000902664-26-002529,2026-05-15,2026-03-31,531229755,,LIBERTY MEDIA CORP DEL,246933.0,20994244000.0,
Soros Fund Management,0001029160,0000902664-26-002529,2026-05-15,2026-03-31,534187109,,LINCOLN NATL CORP IND,7287.0,258689000.0,
Soros Fund Management,0001029160,0000902664-26-002529,2026-05-15,2026-03-31,G54950103,,LINDE PLC,259926.0,128860914000.0,
Soros Fund Management,0001029160,0000902664-26-002529,2026-05-15,2026-03-31,549498202,,LUCID GROUP INC,173000.0,1648690000.0,
Soros Fund Management,0001029160,0000902664-26-002529,2026-05-15,2026-03-31,550021109,,LULULEMON ATHLETICA INC,2450.0,375095000.0,
Soros Fund Management,0001029160,0000902664-26-002529,2026-05-15,2026-03-31,55024UAD1,,LUMENTUM HLDGS INC,10250000.0,72345624000.0,
Soros Fund Management,0001029160,0000902664-26-002529,2026-05-15,2026-03-31,55024UAF6,,LUMENTUM HLDGS INC,21378000.0,114451142000.0,
Soros Fund Management,0001029160,0000902664-26-002529,2026-05-15,2026-03-31,574795100,,MASIMO CORP,100838.0,17936055000.0,
Soros Fund Management,0001029160,0000902664-26-002529,2026-05-15,2026-03-31,576323109,,MASTEC INC,3931.0,1264760000.0,
Soros Fund Management,0001029160,0000902664-26-002529,2026-05-15,2026-03-31,57636Q104,,MASTERCARD INCORPORATED,30452.0,15215646000.0,
Soros Fund Management,0001029160,0000902664-26-002529,2026-05-15,2026-03-31,576690101,,MATERION CORP,21142.0,3058190000.0,
Soros Fund Management,0001029160,0000902664-26-002529,2026-05-15,2026-03-31,579780206,,MCCORMICK & CO INC,102761.0,5183265000.0,
Soros Fund Management,0001029160,0000902664-26-002529,2026-05-15,2026-03-31,580135101,,MCDONALDS CORP,123562.0,38401834000.0,
Soros Fund Management,0001029160,0000902664-26-002529,2026-05-15,2026-03-31,55293N109,,MDA SPACE LTD,200000.0,5064000000.0,
Soros Fund Management,0001029160,0000902664-26-002529,2026-05-15,2026-03-31,58507V107,,MEDLINE INC,1286434.0,57246313000.0,
Soros Fund Management,0001029160,0000902664-26-002529,2026-05-15,2026-03-31,30303M102,,META PLATFORMS INC,34607.0,19799703000.0,
Soros Fund Management,0001029160,0000902664-26-002529,2026-05-15,2026-03-31,591774104,,METROPOLITAN BK HLDG CORP,75000.0,6246750000.0,
Soros Fund Management,0001029160,0000902664-26-002529,2026-05-15,2026-03-31,59356Q108,,MIAMI INTL HLDGS INC,132600.0,5160792000.0,
Soros Fund Management,0001029160,0000902664-26-002529,2026-05-15,2026-03-31,595112103,,MICRON TECHNOLOGY INC,2824.0,954060000.0,
Soros Fund Management,0001029160,0000902664-26-002529,2026-05-15,2026-03-31,594918104,,MICROSOFT CORP,211966.0,78463454000.0,
Soros Fund Management,0001029160,0000902664-26-002529,2026-05-15,2026-03-31,03761U502,,MIDCAP FINANCIAL INVSTMNT CO,1944500.0,21856180000.0,
Soros Fund Management,0001029160,0000902664-26-002529,2026-05-15,2026-03-31,553368101,,MP MATERIALS CORP,9442.0,455671000.0,
Soros Fund Management,0001029160,0000902664-26-002529,2026-05-15,2026-03-31,637870106,,NATIONAL STORAGE AFFILIATES,317432.0,11979884000.0,
Soros Fund Management,0001029160,0000902664-26-002529,2026-05-15,2026-03-31,62886HBD2,,NCL CORP LTD,40175000.0,39494469000.0,
Soros Fund Management,0001029160,0000902664-26-002529,2026-05-15,2026-03-31,63001N106,,NCR ATLEOS CORPORATION,730349.0,31828609000.0,
Soros Fund Management,0001029160,0000902664-26-002529,2026-05-15,2026-03-31,64073B103,,NEPTUNE INS HLDGS INC,171000.0,4136490000.0,
Soros Fund Management,0001029160,0000902664-26-002529,2026-05-15,2026-03-31,64110L106,,NETFLIX INC.,47875.0,4603181000.0,
Soros Fund Management,0001029160,0000902664-26-002529,2026-05-15,2026-03-31,65339F655,,NEXTERA ENERGY INC,1200703.0,60430906000.0,
Soros Fund Management,0001029160,0000902664-26-002529,2026-05-15,2026-03-31,666807102,,NORTHROP GRUMMAN CORP,9660.0,6590438000.0,
Soros Fund Management,0001029160,0000902664-26-002529,2026-05-15,2026-03-31,67079K100,,NUSCALE PWR CORP,70360.0,762702000.0,
Soros Fund Management,0001029160,0000902664-26-002529,2026-05-15,2026-03-31,67059NAK4,,NUTANIX INC,3211000.0,2902938000.0,
Soros Fund Management,0001029160,0000902664-26-002529,2026-05-15,2026-03-31,67066G104,,NVIDIA CORPORATION,1073206.0,187167126000.0,
Soros Fund Management,0001029160,0000902664-26-002529,2026-05-15,2026-03-31,679295AF2,,OKTA INC,10500000.0,10416000000.0,
Soros Fund Management,0001029160,0000902664-26-002529,2026-05-15,2026-03-31,68237F108,,ONCE UPON A FARM PBC,150000.0,2452500000.0,
Soros Fund Management,0001029160,0000902664-26-002529,2026-05-15,2026-03-31,68278B107,,ONESTREAM INC,1830222.0,43925328000.0,
Soros Fund Management,0001029160,0000902664-26-002529,2026-05-15,2026-03-31,683712129,,OPENDOOR TECHNOLOGIES INC,19069.0,11529000.0,
Soros Fund Management,0001029160,0000902664-26-002529,2026-05-15,2026-03-31,68389X204,,ORACLE CORP,569360.0,26057044000.0,
Soros Fund Management,0001029160,0000902664-26-002529,2026-05-15,2026-03-31,39818P799,,PEAKSTONE REALTY TRUST,247802.0,5176584000.0,
Soros Fund Management,0001029160,0000902664-26-002529,2026-05-15,2026-03-31,70975L107,,PENUMBRA INC,203434.0,66801623000.0,
Soros Fund Management,0001029160,0000902664-26-002529,2026-05-15,2026-03-31,69331CAL2,,PG&E CORP,175000000.0,181580349000.0,
Soros Fund Management,0001029160,0000902664-26-002529,2026-05-15,2026-03-31,718172109,,PHILIP MORRIS INTL INC,112294.0,18566690000.0,
Soros Fund Management,0001029160,0000902664-26-002529,2026-05-15,2026-03-31,732908108,,PONY AI INC,1292309.0,12199397000.0,
Soros Fund Management,0001029160,0000902664-26-002529,2026-05-15,2026-03-31,736508847,,PORTLAND GEN ELEC CO,506328.0,26718929000.0,
Soros Fund Management,0001029160,0000902664-26-002529,2026-05-15,2026-03-31,69351T106,,PPL CORP,117200.0,4477040000.0,
Soros Fund Management,0001029160,0000902664-26-002529,2026-05-15,2026-03-31,743315103,,PROGRESSIVE CORP,9472.0,1877729000.0,
Soros Fund Management,0001029160,0000902664-26-002529,2026-05-15,2026-03-31,74623V103,,PURECYCLE TECHNOLOGIES INC,20797.0,107936000.0,
Soros Fund Management,0001029160,0000902664-26-002529,2026-05-15,2026-03-31,750491102,,RADNET INC,438450.0,24504971000.0,
Soros Fund Management,0001029160,0000902664-26-002529,2026-05-15,2026-03-31,753422104,,RAPID7 INC,125000.0,688750000.0,
Soros Fund Management,0001029160,0000902664-26-002529,2026-05-15,2026-03-31,75524B104,,RBC BEARINGS INC,4875.0,2647710000.0,
Soros Fund Management,0001029160,0000902664-26-002529,2026-05-15,2026-03-31,75734B100,,REDDIT INC,24069.0,3240891000.0,
Soros Fund Management,0001029160,0000902664-26-002529,2026-05-15,2026-03-31,76954AAB9,,RIVIAN AUTOMOTIVE INC,143436000.0,153674058000.0,
Soros Fund Management,0001029160,0000902664-26-002529,2026-05-15,2026-03-31,77311W101,,ROCKET COS INC,13467.0,191905000.0,
Soros Fund Management,0001029160,0000902664-26-002529,2026-05-15,2026-03-31,781846209,,RUSH ENTERPRISES INC,13937.0,921375000.0,
Soros Fund Management,0001029160,0000902664-26-002529,2026-05-15,2026-03-31,78409V104,,S&P GLOBAL INC,16532.0,7031721000.0,
Soros Fund Management,0001029160,0000902664-26-002529,2026-05-15,2026-03-31,79466L302,,SALESFORCE INC,361291.0,67442191000.0,
Soros Fund Management,0001029160,0000902664-26-002529,2026-05-15,2026-03-31,81211K100,,SEALED AIR CORP NEW,2751799.0,115713148000.0,
Soros Fund Management,0001029160,0000902664-26-002529,2026-05-15,2026-03-31,81619Q105,,SELECT MED HLDGS CORP,1833473.0,29867275000.0,
Soros Fund Management,0001029160,0000902664-26-002529,2026-05-15,2026-03-31,81369Y605,,SELECT SECTOR SPDR TR,12270.0,605770000.0,
Soros Fund Management,0001029160,0000902664-26-002529,2026-05-15,2026-03-31,816851109,,SEMPRA,108570.0,10549747000.0,
Soros Fund Management,0001029160,0000902664-26-002529,2026-05-15,2026-03-31,81686C104,,SEMRUSH HLDGS INC,1482627.0,17702566000.0,
Soros Fund Management,0001029160,0000902664-26-002529,2026-05-15,2026-03-31,81762P102,,SERVICENOW INC,154349.0,16137188000.0,
Soros Fund Management,0001029160,0000902664-26-002529,2026-05-15,2026-03-31,82489W107,,SHOALS TECHNOLOGIES GROUP IN,288976.0,1901462000.0,
Soros Fund Management,0001029160,0000902664-26-002529,2026-05-15,2026-03-31,G8267P108,,SMURFIT WESTROCK PLC,2520236.0,100431405000.0,
Soros Fund Management,0001029160,0000902664-26-002529,2026-05-15,2026-03-31,83304AAH9,,SNAP INC,10000000.0,9131344000.0,
Soros Fund Management,0001029160,0000902664-26-002529,2026-05-15,2026-03-31,83304AAK2,,SNAP INC,88000000.0,71149774000.0,
Soros Fund Management,0001029160,0000902664-26-002529,2026-05-15,2026-03-31,833445109,,SNOWFLAKE INC,47821.0,7212363000.0,
Soros Fund Management,0001029160,0000902664-26-002529,2026-05-15,2026-03-31,78475V103,,SOLV ENERGY INC,140500.0,4219215000.0,
Soros Fund Management,0001029160,0000902664-26-002529,2026-05-15,2026-03-31,88023U101,,SOMNIGROUP INTERNATIONAL INC,178797.0,13216674000.0,
Soros Fund Management,0001029160,0000902664-26-002529,2026-05-15,2026-03-31,78464A474,,SPDR SERIES TRUST,30268.0,910159000.0,
Soros Fund Management,0001029160,0000902664-26-002529,2026-05-15,2026-03-31,G8377R101,,SPRING VY ACQUISITION CORP I,295261.0,2999852000.0,
Soros Fund Management,0001029160,0000902664-26-002529,2026-05-15,2026-03-31,85423L103,,STANDARDAERO INC,700000.0,18081000000.0,
Soros Fund Management,0001029160,0000902664-26-002529,2026-05-15,2026-03-31,78462F103,,STATE STR SPDR S&P 500 ETF T,25000.0,16258500000.0,
Soros Fund Management,0001029160,0000902664-26-002529,2026-05-15,2026-03-31,N82405106,,STELLANTIS N.V,378741.0,2685274000.0,
Soros Fund Management,0001029160,0000902664-26-002529,2026-05-15,2026-03-31,86384P109,,STUBHUB HLDGS INC,125000.0,780000000.0,
Soros Fund Management,0001029160,0000902664-26-002529,2026-05-15,2026-03-31,866966104,,SUNBELT RENTALS HOLDINGS INC,546114.0,35546560000.0,
Soros Fund Management,0001029160,0000902664-26-002529,2026-05-15,2026-03-31,86771W105,,SUNRUN INC,19500.0,264420000.0,
Soros Fund Management,0001029160,0000902664-26-002529,2026-05-15,2026-03-31,35834F104,,T1 ENERGY INC,88357.0,387887000.0,
Soros Fund Management,0001029160,0000902664-26-002529,2026-05-15,2026-03-31,874039100,,TAIWAN SEMICONDUCTOR MANUFAC,522318.0,176517368000.0,
Soros Fund Management,0001029160,0000902664-26-002529,2026-05-15,2026-03-31,87427V103,,TALKSPACE INC,2767040.0,14319432000.0,
Soros Fund Management,0001029160,0000902664-26-002529,2026-05-15,2026-03-31,880345103,,TENNANT CO,26012.0,1727197000.0,
Soros Fund Management,0001029160,0000902664-26-002529,2026-05-15,2026-03-31,880881107,,TERNS PHARMACEUTICALS INC,321905.0,16970832000.0,
Soros Fund Management,0001029160,0000902664-26-002529,2026-05-15,2026-03-31,88160R101,,TESLA INC,53093.0,19737323000.0,
Soros Fund Management,0001029160,0000902664-26-002529,2026-05-15,2026-03-31,88362T103,,THERMON GROUP HLDGS INC,448088.0,22583635000.0,
Soros Fund Management,0001029160,0000902664-26-002529,2026-05-15,2026-03-31,87256C101,,TKO GROUP HOLDINGS INC,604242.0,121845399000.0,
Soros Fund Management,0001029160,0000902664-26-002529,2026-05-15,2026-03-31,872657101,,TPG INC,172835.0,7001546000.0,
Soros Fund Management,0001029160,0000902664-26-002529,2026-05-15,2026-03-31,87265H109,,TRI POINTE HOMES INC,1041426.0,48665837000.0,
Soros Fund Management,0001029160,0000902664-26-002529,2026-05-15,2026-03-31,90353T100,,UBER TECHNOLOGIES INC,314209.0,22601053000.0,
Soros Fund Management,0001029160,0000902664-26-002529,2026-05-15,2026-03-31,902685106,,UDEMY INC,1921574.0,8877672000.0,
Soros Fund Management,0001029160,0000902664-26-002529,2026-05-15,2026-03-31,903731107,,UL SOLUTIONS INC,395000.0,33855450000.0,
Soros Fund Management,0001029160,0000902664-26-002529,2026-05-15,2026-03-31,91324P102,,UNITEDHEALTH GROUP INC,64993.0,17586456000.0,
Soros Fund Management,0001029160,0000902664-26-002529,2026-05-15,2026-03-31,91733P107,,USA RARE EARTH INC,20991.0,317699000.0,
Soros Fund Management,0001029160,0000902664-26-002529,2026-05-15,2026-03-31,922280AD4,,VARONIS SYS INC,68055000.0,59454300000.0,
Soros Fund Management,0001029160,0000902664-26-002529,2026-05-15,2026-03-31,554489104,,VERIS RESIDENTIAL INC,1533840.0,28943561000.0,
Soros Fund Management,0001029160,0000902664-26-002529,2026-05-15,2026-03-31,92345Y106,,VERISK ANALYTICS INC,53455.0,10143086000.0,
Soros Fund Management,0001029160,0000902664-26-002529,2026-05-15,2026-03-31,92343V104,,VERIZON COMMUNICATIONS INC,43292.0,2173258000.0,
Soros Fund Management,0001029160,0000902664-26-002529,2026-05-15,2026-03-31,92840M102,,VISTRA CORP,244314.0,36727724000.0,
Soros Fund Management,0001029160,0000902664-26-002529,2026-05-15,2026-03-31,92892B103,,VOYAGER TECHNOLOGIES INC,51600.0,1206924000.0,
Soros Fund Management,0001029160,0000902664-26-002529,2026-05-15,2026-03-31,918284100,,VSE CORP,157201.0,28987864000.0,
Soros Fund Management,0001029160,0000902664-26-002529,2026-05-15,2026-03-31,918284209,,VSE CORP,336856.0,16571601000.0,
Soros Fund Management,0001029160,0000902664-26-002529,2026-05-15,2026-03-31,931142103,,WALMART INC,63099.0,7841944000.0,
Soros Fund Management,0001029160,0000902664-26-002529,2026-05-15,2026-03-31,934423104,,WARNER BROS DISCOVERY INC,1092610.0,30003071000.0,
Soros Fund Management,0001029160,0000902664-26-002529,2026-05-15,2026-03-31,947890109,,WEBSTER FINL CORP,711790.0,49412462000.0,
Soros Fund Management,0001029160,0000902664-26-002529,2026-05-15,2026-03-31,92939U106,,WEC ENERGY GROUP INC,512754.0,59361531000.0,
Soros Fund Management,0001029160,0000902664-26-002529,2026-05-15,2026-03-31,M98068105,,WIX COM LTD,250000.0,22517500000.0,
Soros Fund Management,0001029160,0000902664-26-002529,2026-05-15,2026-03-31,97785W106,,WOLFSPEED INC,251320.0,4101542000.0,
Soros Fund Management,0001029160,0000902664-26-002529,2026-05-15,2026-03-31,980745103,,WOODWARD INC,99830.0,35731154000.0,
Soros Fund Management,0001029160,0000902664-26-002529,2026-05-15,2026-03-31,98389B100,,XCEL ENERGY INC,508440.0,40390474000.0,
Elliott Investment Management,0001791786,0001013594-26-000915,2026-08-14,2026-06-30,29444U700,,EQUINIX INC,150000.0,156358500000.0,
Elliott Investment Management,0001791786,0001013594-26-000915,2026-08-14,2026-06-30,29786A106,,ETSY INC,5000000.0,376650000000.0,
Elliott Investment Management,0001791786,0001013594-26-000915,2026-08-14,2026-06-30,40415F101,,HDFC BANK LTD,797085.0,20588706000.0,
Elliott Investment Management,0001791786,0001013594-26-000915,2026-08-14,2026-06-30,42824C109,,HEWLETT PACKARD ENTERPRISE C,32271985.0,1455789243000.0,
Elliott Investment Management,0001791786,0001013594-26-000915,2026-08-14,2026-06-30,G66721104,,NORWEGIAN CRUISE LINE HLDGS,14686000.0,310021460000.0,
Elliott Investment Management,0001791786,0001013594-26-000915,2026-08-14,2026-06-30,68390D106,,OR ROYALTIES INC.,3111000.0,98400930000.0,
Elliott Investment Management,0001791786,0001013594-26-000915,2026-08-14,2026-06-30,713448108,,PEPSICO INC,1275000.0,172635000000.0,
Elliott Investment Management,0001791786,0001013594-26-000915,2026-08-14,2026-06-30,718546104,,PHILLIPS 66,19251000.0,3254381550000.0,
Elliott Investment Management,0001791786,0001013594-26-000915,2026-08-14,2026-06-30,72352L106,,PINTEREST INC,28000000.0,588840000000.0,
Elliott Investment Management,0001791786,0001013594-26-000915,2026-08-14,2026-06-30,74768A104,,QUANTINUUM INC,150000.0,12261000000.0,
Elliott Investment Management,0001791786,0001013594-26-000915,2026-08-14,2026-06-30,G7997W102,,SEADRILL LTD,4439681.0,167908735000.0,
Elliott Investment Management,0001791786,0001013594-26-000915,2026-08-14,2026-06-30,844741108,,SOUTHWEST AIRLS CO,24308000.0,1249917360000.0,
Elliott Investment Management,0001791786,0001013594-26-000915,2026-08-14,2026-06-30,867224107,,SUNCOR ENERGY INC NEW,29454000.0,1581090720000.0,
Elliott Investment Management,0001791786,0001013594-26-000915,2026-08-14,2026-06-30,871607107,,SYNOPSYS INC,227500.0,101480925000.0,
Elliott Investment Management,0001791786,0001013594-26-000915,2026-08-14,2026-06-30,H8817H100,,TRANSOCEAN LTD,15626834.0,76415218000.0,
Elliott Investment Management,0001791786,0001013594-26-000915,2026-08-14,2026-06-30,89679M104,,TRIPLE FLAG PRECIOUS METAL,133241535.0,3993248804000.0,
Elliott Investment Management,0001791786,0001013594-26-000915,2026-08-14,2026-06-30,912932100,,UNITI GROUP LLC,59012219.0,676870152000.0,
Elliott Investment Management,0001791786,0001013594-26-000613,2026-05-15,2026-03-31,22822V101,,CROWN CASTLE INC,1225000.0,99604750000.0,
Elliott Investment Management,0001791786,0001013594-26-000613,2026-05-15,2026-03-31,29444U700,,EQUINIX INC,150000.0,147036000000.0,
Elliott Investment Management,0001791786,0001013594-26-000613,2026-05-15,2026-03-31,29786A106,,ETSY INC,5000000.0,249900000000.0,
Elliott Investment Management,0001791786,0001013594-26-000613,2026-05-15,2026-03-31,36164V800,,GCI LIBERTY INC,659928.0,24555921000.0,
Elliott Investment Management,0001791786,0001013594-26-000613,2026-05-15,2026-03-31,40415F101,,HDFC BANK LTD,797085.0,19831475000.0,
Elliott Investment Management,0001791786,0001013594-26-000613,2026-05-15,2026-03-31,42824C109,,HEWLETT PACKARD ENTERPRISE C,27421735.0,652911510000.0,
Elliott Investment Management,0001791786,0001013594-26-000613,2026-05-15,2026-03-31,G66721104,,NORWEGIAN CRUISE LINE HLDGS,13186000.0,246578200000.0,
Elliott Investment Management,0001791786,0001013594-26-000613,2026-05-15,2026-03-31,68390D106,,OR ROYALTIES INC.,3111000.0,118280220000.0,
Elliott Investment Management,0001791786,0001013594-26-000613,2026-05-15,2026-03-31,713448108,,PEPSICO INC,1275000.0,197994750000.0,
Elliott Investment Management,0001791786,0001013594-26-000613,2026-05-15,2026-03-31,718546104,,PHILLIPS 66,19251000.0,3507147180000.0,
Elliott Investment Management,0001791786,0001013594-26-000613,2026-05-15,2026-03-31,72352L106,,PINTEREST INC,28000000.0,513520000000.0,
Elliott Investment Management,0001791786,0001013594-26-000613,2026-05-15,2026-03-31,G7997W102,,SEADRILL LTD,4719085.0,214718368000.0,
Elliott Investment Management,0001791786,0001013594-26-000613,2026-05-15,2026-03-31,844741108,,SOUTHWEST AIRLS CO,30346000.0,1140099220000.0,
Elliott Investment Management,0001791786,0001013594-26-000613,2026-05-15,2026-03-31,594972AJ0,,STRATEGY INC,10000000.0,11539000000.0,
Elliott Investment Management,0001791786,0001013594-26-000613,2026-05-15,2026-03-31,867224107,,SUNCOR ENERGY INC NEW,52670800.0,3482066588000.0,
Elliott Investment Management,0001791786,0001013594-26-000613,2026-05-15,2026-03-31,H8817H100,,TRANSOCEAN LTD,15626834.0,103605909000.0,
Elliott Investment Management,0001791786,0001013594-26-000613,2026-05-15,2026-03-31,89679M104,,TRIPLE FLAG PRECIOUS METAL,133248215.0,4625045543000.0,
Elliott Investment Management,0001791786,0001013594-26-000613,2026-05-15,2026-03-31,912932100,,UNITI GROUP LLC,59012219.0,553534614000.0,
Elliott Investment Management,0001791786,0001013594-26-000613,2026-05-15,2026-03-31,94419LAR2,,WAYFAIR INC,15000000.0,26246100000.0,
Starboard Value,0001517137,0000921895-26-002172,2026-08-14,2026-06-30,003881307,,ACACIA RESH CORP,61123595.0,284835953000.0,
Starboard Value,0001517137,0000921895-26-002172,2026-08-14,2026-06-30,015857105,,ALGONQUIN POWER & UTILITIES,57189420.0,335130001000.0,
Starboard Value,0001517137,0000921895-26-002172,2026-08-14,2026-06-30,090043100,,BILL HOLDINGS INC,7025748.0,254051048000.0,
Starboard Value,0001517137,0000921895-26-002172,2026-08-14,2026-06-30,G1143H101,,BITCOIN INFRASTRUCTURE ACQUI,300000.0,2998500000.0,
Starboard Value,0001517137,0000921895-26-002172,2026-08-14,2026-06-30,G1143H119,,BITCOIN INFRASTRUCTURE ACQUI,149999.0,47460000.0,
Starboard Value,0001517137,0000921895-26-002172,2026-08-14,2026-06-30,094235108,,BLOOMIN BRANDS INC,4180992.0,38214267000.0,
Starboard Value,0001517137,0000921895-26-002172,2026-08-14,2026-06-30,143130102,,CARMAX INC,3206438.0,169588506000.0,
Starboard Value,0001517137,0000921895-26-002172,2026-08-14,2026-06-30,268150109,,DYNATRACE INC,8866692.0,389336446000.0,
Starboard Value,0001517137,0000921895-26-002172,2026-08-14,2026-06-30,34354P105,,FLOWSERVE CORP,1441600.0,106909056000.0,
Starboard Value,0001517137,0000921895-26-002172,2026-08-14,2026-06-30,343412102,,FLUOR CORP,1586327.0,83107672000.0,
Starboard Value,0001517137,0000921895-26-002172,2026-08-14,2026-06-30,20459V105,,GPGI INC,5027028.0,79678394000.0,
Starboard Value,0001517137,0000921895-26-002172,2026-08-14,2026-06-30,42226K105,,HEALTHCARE RLTY TR,1936267.0,39054505000.0,
Starboard Value,0001517137,0000921895-26-002172,2026-08-14,2026-06-30,464287507,,ISHARES TR,8877781.0,684565693000.0,
Starboard Value,0001517137,0000921895-26-002172,2026-08-14,2026-06-30,49177J102,,KENVUE INC,27307632.0,521848848000.0,
Starboard Value,0001517137,0000921895-26-002172,2026-08-14,2026-06-30,513272104,,LAMB WESTON HLDGS INC,5733982.0,247593343000.0,
Starboard Value,0001517137,0000921895-26-002172,2026-08-14,2026-06-30,57667L107,,MATCH GROUP INC NEW,7775125.0,295843506000.0,
Starboard Value,0001517137,0000921895-26-002172,2026-08-14,2026-06-30,65249B208,,NEWS CORP NEW,2431081.0,68216133000.0,
Starboard Value,0001517137,0000921895-26-002172,2026-08-14,2026-06-30,65249B109,,NEWS CORP NEW,2040100.0,50655683000.0,
Starboard Value,0001517137,0000921895-26-002172,2026-08-14,2026-06-30,74736K101,,QORVO INC,5611526.0,523387030000.0,
Starboard Value,0001517137,0000921895-26-002172,2026-08-14,2026-06-30,767292105,,RIOT PLATFORMS INC,10114576.0,276937091000.0,
Starboard Value,0001517137,0000921895-26-002172,2026-08-14,2026-06-30,896945201,,TRIPADVISOR INC,5096996.0,69879815000.0,
Starboard Value,0001517137,0000921895-26-001402,2026-05-15,2026-03-31,003881307,,ACACIA RESH CORP,61123595.0,294004492000.0,
Starboard Value,0001517137,0000921895-26-001402,2026-05-15,2026-03-31,015857105,,ALGONQUIN PWR UTILS CORP,57189420.0,351143039000.0,
Starboard Value,0001517137,0000921895-26-001402,2026-05-15,2026-03-31,075887109,,BECTON DICKINSON & CO,636494.0,100075952000.0,
Starboard Value,0001517137,0000921895-26-001402,2026-05-15,2026-03-31,090043100,,BILL HOLDINGS INC,7024848.0,269051678000.0,
Starboard Value,0001517137,0000921895-26-001402,2026-05-15,2026-03-31,G1143H101,,BITCOIN INFRASTRUCTURE ACQUI,300000.0,2976000000.0,
Starboard Value,0001517137,0000921895-26-001402,2026-05-15,2026-03-31,G1143H119,,BITCOIN INFRASTRUCTURE ACQUI,149999.0,44550000.0,
Starboard Value,0001517137,0000921895-26-001402,2026-05-15,2026-03-31,094235108,,BLOOMIN BRANDS INC,7980992.0,43097357000.0,
Starboard Value,0001517137,0000921895-26-001402,2026-05-15,2026-03-31,143130102,,CARMAX INC,6201362.0,257852632000.0,
Starboard Value,0001517137,0000921895-26-001402,2026-05-15,2026-03-31,185123106,,CLEARWATER ANALYTICS HLDGS I,5459031.0,129106083000.0,
Starboard Value,0001517137,0000921895-26-001402,2026-05-15,2026-03-31,343412102,,FLUOR CORP,2886327.0,134647155000.0,
Starboard Value,0001517137,0000921895-26-001402,2026-05-15,2026-03-31,668771108,,GEN DIGITAL INC,7806922.0,147004341000.0,
Starboard Value,0001517137,0000921895-26-001402,2026-05-15,2026-03-31,20459V105,,GPGI INC,5027028.0,85962179000.0,
Starboard Value,0001517137,0000921895-26-001402,2026-05-15,2026-03-31,42226K105,,HEALTHCARE RLTY TR,6821267.0,115893326000.0,
Starboard Value,0001517137,0000921895-26-001402,2026-05-15,2026-03-31,464287507,,ISHARES TR,5830656.0,393744200000.0,
Starboard Value,0001517137,0000921895-26-001402,2026-05-15,2026-03-31,49177J102,,KENVUE INC,27307632.0,470783576000.0,
Starboard Value,0001517137,0000921895-26-001402,2026-05-15,2026-03-31,513272104,,LAMB WESTON HLDGS INC,6114982.0,258419139000.0,
Starboard Value,0001517137,0000921895-26-001402,2026-05-15,2026-03-31,57667L107,,MATCH GROUP INC NEW,11395379.0,349952089000.0,
Starboard Value,0001517137,0000921895-26-001402,2026-05-15,2026-03-31,65249B208,,NEWS CORP NEW,2589081.0,73814699000.0,
Starboard Value,0001517137,0000921895-26-001402,2026-05-15,2026-03-31,65249B109,,NEWS CORP NEW,5605126.0,139735791000.0,
Starboard Value,0001517137,0000921895-26-001402,2026-05-15,2026-03-31,74736K101,,QORVO INC,7510871.0,581341415000.0,
Starboard Value,0001517137,0000921895-26-001402,2026-05-15,2026-03-31,767292105,,RIOT PLATFORMS INC,15544576.0,192130959000.0,
Starboard Value,0001517137,0000921895-26-001402,2026-05-15,2026-03-31,775133101,,ROGERS CORP,584328.0,62715924000.0,
Starboard Value,0001517137,0000921895-26-001402,2026-05-15,2026-03-31,896945201,,TRIPADVISOR INC,10774996.0,114861457000.0,
Akre Capital Management,0001050470,0001050470-26-000007,2026-08-06,2026-06-30,48123V102,,Ziff Davis Inc,974197.0,51019000.0,
Akre Capital Management,0001050470,0001050470-26-000007,2026-08-06,2026-06-30,959802109,,Western Union Co/The,10977158.0,84524000.0,
Akre Capital Management,0001050470,0001050470-26-000007,2026-08-06,2026-06-30,92826C839,,Visa Inc,7404.0,2540000.0,
Akre Capital Management,0001050470,0001050470-26-000007,2026-08-06,2026-06-30,902973304,,US Bancorp,681294.0,41150000.0,
Akre Capital Management,0001050470,0001050470-26-000007,2026-08-06,2026-06-30,910047109,,United Airlines Holdings Inc,2734489.0,371863000.0,
Akre Capital Management,0001050470,0001050470-26-000007,2026-08-06,2026-06-30,F92124100,,TotalEnergies SE,27100.0,2107000.0,
Akre Capital Management,0001050470,0001050470-26-000007,2026-08-06,2026-06-30,G87110105,,TechnipFMC PLC,131400.0,8712000.0,
Akre Capital Management,0001050470,0001050470-26-000007,2026-08-06,2026-06-30,749360400,,RCM Technologies Inc,54537.0,1540000.0,
Akre Capital Management,0001050470,0001050470-26-000007,2026-08-06,2026-06-30,72815L107,,Playtika Holding Corp,3717725.0,13830000.0,
Akre Capital Management,0001050470,0001050470-26-000007,2026-08-06,2026-06-30,709789101,,Peoples Bancorp Inc/OH,136094.0,5227000.0,
Akre Capital Management,0001050470,0001050470-26-000007,2026-08-06,2026-06-30,69888T207,,Par Pacific Holdings Inc,465491.0,26105000.0,
Akre Capital Management,0001050470,0001050470-26-000007,2026-08-06,2026-06-30,646025106,,New Jersey Resources Corp,76780.0,4303000.0,
Akre Capital Management,0001050470,0001050470-26-000007,2026-08-06,2026-06-30,594918104,,Microsoft Corp,43522.0,16235000.0,
Akre Capital Management,0001050470,0001050470-26-000007,2026-08-06,2026-06-30,577933104,,Maximus Inc,657889.0,35368000.0,
Akre Capital Management,0001050470,0001050470-26-000007,2026-08-06,2026-06-30,G5698W116,,Luxfer Holdings PLC,331000.0,5971000.0,
Akre Capital Management,0001050470,0001050470-26-000007,2026-08-06,2026-06-30,46333X108,,Ironwood Pharmaceuticals Inc,308271.0,1298000.0,
Akre Capital Management,0001050470,0001050470-26-000007,2026-08-06,2026-06-30,457152106,,Ingram Micro Holding Corp,194000.0,5321000.0,
Akre Capital Management,0001050470,0001050470-26-000007,2026-08-06,2026-06-30,44107P104,,Host Hotels & Resorts Inc,10734951.0,254526000.0,
Akre Capital Management,0001050470,0001050470-26-000007,2026-08-06,2026-06-30,40412C101,,HCA Healthcare Inc,808257.0,315131000.0,
Akre Capital Management,0001050470,0001050470-26-000007,2026-08-06,2026-06-30,404609109,,Hackett Group Inc/The,119800.0,1290000.0,
Akre Capital Management,0001050470,0001050470-26-000007,2026-08-06,2026-06-30,L44385109,,Globant SA,34600.0,1001000.0,
Akre Capital Management,0001050470,0001050470-26-000007,2026-08-06,2026-06-30,36266G107,,GE HealthCare Technologies Inc,3482902.0,222941000.0,
Akre Capital Management,0001050470,0001050470-26-000007,2026-08-06,2026-06-30,Y2573F102,,Flex Ltd,719700.0,116642000.0,
Akre Capital Management,0001050470,0001050470-26-000007,2026-08-06,2026-06-30,G3223R108,,Everest Group Ltd,386250.0,137980000.0,
Akre Capital Management,0001050470,0001050470-26-000007,2026-08-06,2026-06-30,81761L102,,Emirate of Abu Dhabi,1959330.0,3311000.0,
Akre Capital Management,0001050470,0001050470-26-000007,2026-08-06,2026-06-30,256135203,,Dr Reddy's Laboratories Ltd,146800.0,2127000.0,
Akre Capital Management,0001050470,0001050470-26-000007,2026-08-06,2026-06-30,Y2065G121,,DHT Holdings Inc,900804.0,14890000.0,
Akre Capital Management,0001050470,0001050470-26-000007,2026-08-06,2026-06-30,22948Q101,,CTO Realty Growth Inc,421202.0,9060000.0,
Akre Capital Management,0001050470,0001050470-26-000007,2026-08-06,2026-06-30,20848V105,,Consensus Cloud Solutions Inc,833600.0,31802000.0,
Akre Capital Management,0001050470,0001050470-26-000007,2026-08-06,2026-06-30,12653C108,,CNX Resources Corp,429068.0,14558000.0,
Akre Capital Management,0001050470,0001050470-26-000007,2026-08-06,2026-06-30,H1467J104,,Chubb Ltd,87107.0,29681000.0,
Akre Capital Management,0001050470,0001050470-26-000007,2026-08-06,2026-06-30,124830878,,CBL & Associates Properties Inc,452163.0,24005000.0,
Akre Capital Management,0001050470,0001050470-26-000007,2026-08-06,2026-06-30,134429109,,Campbell's Company/The,4268904.0,95068000.0,
Akre Capital Management,0001050470,0001050470-26-000007,2026-08-06,2026-06-30,11135F101,,Broadcom Inc,15742.0,5947000.0,
Akre Capital Management,0001050470,0001050470-26-000007,2026-08-06,2026-06-30,07556Q881,,Beazer Homes USA Inc,98252.0,2756000.0,
Akre Capital Management,0001050470,0001050470-26-000007,2026-08-06,2026-06-30,034164103,,Andersons Inc/The,26800.0,1833000.0,
Akre Capital Management,0001050470,0001050470-26-000007,2026-08-06,2026-06-30,02209S103,,Altria Group Inc,6515621.0,468799000.0,
Akre Capital Management,0001050470,0001050470-26-000007,2026-08-06,2026-06-30,008252108,,Affiliated Managers Group Inc,533611.0,180574000.0,
Akre Capital Management,0001050470,0001050470-26-000007,2026-08-06,2026-06-30,985817105,,Yelp Inc,2777340.0,68100000.0,
Akre Capital Management,0001050470,0001050470-26-000007,2026-08-06,2026-06-30,92645B103,,Victory Capital Holdings Inc,634200.0,53311000.0,
Akre Capital Management,0001050470,0001050470-26-000007,2026-08-06,2026-06-30,76009N100,,Upbound Group Inc,2280279.0,48388000.0,
Akre Capital Management,0001050470,0001050470-26-000007,2026-08-06,2026-06-30,889478103,,Toll Brothers Inc,823259.0,135632000.0,
Akre Capital Management,0001050470,0001050470-26-000007,2026-08-06,2026-06-30,87612E106,,Target Corp,1895636.0,247589000.0,
Akre Capital Management,0001050470,0001050470-26-000007,2026-08-06,2026-06-30,858119100,,Steel Dynamics Inc,327560.0,75162000.0,
Akre Capital Management,0001050470,0001050470-26-000007,2026-08-06,2026-06-30,830879102,,SkyWest Inc,171322.0,17017000.0,
Akre Capital Management,0001050470,0001050470-26-000007,2026-08-06,2026-06-30,Y7542C130,,Scorpio Tankers Inc,1596101.0,110546000.0,
Akre Capital Management,0001050470,0001050470-26-000007,2026-08-06,2026-06-30,64828T201,,Rithm Capital Corp,5323500.0,49988000.0,
Akre Capital Management,0001050470,0001050470-26-000007,2026-08-06,2026-06-30,743312100,,Progress Software Corp,1262144.0,42383000.0,
Akre Capital Management,0001050470,0001050470-26-000007,2026-08-06,2026-06-30,723484101,,Pinnacle West Capital Corp,124510.0,13323000.0,
Akre Capital Management,0001050470,0001050470-26-000007,2026-08-06,2026-06-30,708062104,,PennantPark Investment Corp,1341344.0,4654000.0,
Akre Capital Management,0001050470,0001050470-26-000007,2026-08-06,2026-06-30,695127100,,Pacira BioSciences Inc,608376.0,15434000.0,
Akre Capital Management,0001050470,0001050470-26-000007,2026-08-06,2026-06-30,68268W103,,OneMain Holdings Inc,84600.0,5158000.0,
Akre Capital Management,0001050470,0001050470-26-000007,2026-08-06,2026-06-30,667340103,,Northwest Bancshares Inc,362775.0,5500000.0,
Akre Capital Management,0001050470,0001050470-26-000007,2026-08-06,2026-06-30,63001N106,,NCR Atleos Corp,735639.0,31934000.0,
Akre Capital Management,0001050470,0001050470-26-000007,2026-08-06,2026-06-30,617446448,,Morgan Stanley,24303.0,5080000.0,
Akre Capital Management,0001050470,0001050470-26-000007,2026-08-06,2026-06-30,552848103,,MGIC Investment Corp,9748064.0,274895000.0,
Akre Capital Management,0001050470,0001050470-26-000007,2026-08-06,2026-06-30,501889208,,LKQ Corp,65900.0,1735000.0,
Akre Capital Management,0001050470,0001050470-26-000007,2026-08-06,2026-06-30,500643200,,Korn Ferry,133580.0,8894000.0,
Akre Capital Management,0001050470,0001050470-26-000007,2026-08-06,2026-06-30,46591M109,,JOYY Inc,908020.0,59920000.0,
Akre Capital Management,0001050470,0001050470-26-000007,2026-08-06,2026-06-30,461202103,,Intuit Inc,36000.0,9396000.0,
Akre Capital Management,0001050470,0001050470-26-000007,2026-08-06,2026-06-30,456788108,,Infosys Ltd,273300.0,2867000.0,
Akre Capital Management,0001050470,0001050470-26-000007,2026-08-06,2026-06-30,416515104,,Hartford Insurance Group Inc/The,2801407.0,371242000.0,
Akre Capital Management,0001050470,0001050470-26-000007,2026-08-06,2026-06-30,37733W204,,GSK PLC,25000.0,1311000.0,
Akre Capital Management,0001050470,0001050470-26-000007,2026-08-06,2026-06-30,379378201,,Global Net Lease Inc,178516.0,1596000.0,
Akre Capital Management,0001050470,0001050470-26-000007,2026-08-06,2026-06-30,364760108,,Gap Inc/The,4082336.0,76258000.0,
Akre Capital Management,0001050470,0001050470-26-000007,2026-08-06,2026-06-30,33741H107,,First United Corp,24000.0,1059000.0,
Akre Capital Management,0001050470,0001050470-26-000007,2026-08-06,2026-06-30,314211103,,Federated Hermes Inc,2867028.0,158317000.0,
Akre Capital Management,0001050470,0001050470-26-000007,2026-08-06,2026-06-30,297602104,,Ethan Allen Interiors Inc,175700.0,3925000.0,
Akre Capital Management,0001050470,0001050470-26-000007,2026-08-06,2026-06-30,29082K105,,Embecta Corp,473482.0,1544000.0,
Akre Capital Management,0001050470,0001050470-26-000007,2026-08-06,2026-06-30,247361702,,Delta Air Lines Inc,3419962.0,320314000.0,
Akre Capital Management,0001050470,0001050470-26-000007,2026-08-06,2026-06-30,207410101,,CONMED Corp,402400.0,13171000.0,
Akre Capital Management,0001050470,0001050470-26-000007,2026-08-06,2026-06-30,126128107,,CNB Financial Corp/PA,65000.0,2191000.0,
Akre Capital Management,0001050470,0001050470-26-000007,2026-08-06,2026-06-30,37954A303,,Chiron Real Estate Inc,152539.0,5723000.0,
Akre Capital Management,0001050470,0001050470-26-000007,2026-08-06,2026-06-30,14888U101,,Catalyst Pharmaceuticals Inc,325200.0,10221000.0,
Akre Capital Management,0001050470,0001050470-26-000007,2026-08-06,2026-06-30,13057Q305,,California Resources Corp,394900.0,20878000.0,
Akre Capital Management,0001050470,0001050470-26-000007,2026-08-06,2026-06-30,110122108,,Bristol-Myers Squibb Co,9852232.0,567686000.0,
Akre Capital Management,0001050470,0001050470-26-000007,2026-08-06,2026-06-30,094235108,,Bloomin' Brands Inc,2881090.0,26333000.0,
Akre Capital Management,0001050470,0001050470-26-000007,2026-08-06,2026-06-30,071813109,,Baxter International Inc,3914800.0,83464000.0,
Akre Capital Management,0001050470,0001050470-26-000007,2026-08-06,2026-06-30,054540208,,Axcelis Technologies Inc,24600.0,4660000.0,
Akre Capital Management,0001050470,0001050470-26-000007,2026-08-06,2026-06-30,03168L105,,Amneal Pharmaceuticals Inc,197300.0,3415000.0,
Akre Capital Management,0001050470,0001050470-26-000007,2026-08-06,2026-06-30,02079K107,,Alphabet Inc,67530.0,23860000.0,
Akre Capital Management,0001050470,0001050470-26-000007,2026-08-06,2026-06-30,00090Q103,,ADT Inc,31846158.0,207000000.0,
Akre Capital Management,0001050470,0001050470-26-000007,2026-08-06,2026-06-30,984017103,,Xenia Hotels & Resorts Inc,1295000.0,26366000.0,
Akre Capital Management,0001050470,0001050470-26-000007,2026-08-06,2026-06-30,91359V107,,Universal Insurance Holdings Inc,274300.0,11345000.0,
Akre Capital Management,0001050470,0001050470-26-000007,2026-08-06,2026-06-30,90138F102,,Twilio Inc,19440.0,4011000.0,
Akre Capital Management,0001050470,0001050470-26-000007,2026-08-06,2026-06-30,874039100,,Taiwan Semiconductor Manufacturing Co Ltd,29537.0,14106000.0,
Akre Capital Management,0001050470,0001050470-26-000007,2026-08-06,2026-06-30,G8192H106,,SiriusPoint Ltd,257969.0,6191000.0,
Akre Capital Management,0001050470,0001050470-26-000007,2026-08-06,2026-06-30,806037107,,ScanSource Inc,857217.0,44652000.0,
Akre Capital Management,0001050470,0001050470-26-000007,2026-08-06,2026-06-30,76665T102,,Riley Exploration Permian Inc,306793.0,10112000.0,
Akre Capital Management,0001050470,0001050470-26-000007,2026-08-06,2026-06-30,747619104,,Quanex Building Products Corp,922648.0,17180000.0,
Akre Capital Management,0001050470,0001050470-26-000007,2026-08-06,2026-06-30,74179A107,,Princeton Bancorp Inc,32137.0,1220000.0,
Akre Capital Management,0001050470,0001050470-26-000007,2026-08-06,2026-06-30,719405102,,Photronics Inc,2185268.0,71087000.0,
Akre Capital Management,0001050470,0001050470-26-000007,2026-08-06,2026-06-30,G3398L118,,Pelagos Insurance Capital Ltd,4763740.0,115997000.0,
Akre Capital Management,0001050470,0001050470-26-000007,2026-08-06,2026-06-30,69047Q102,,Ovintiv Inc,202600.0,10667000.0,
Akre Capital Management,0001050470,0001050470-26-000007,2026-08-06,2026-06-30,680223104,,Old Republic International Corp,2351256.0,96213000.0,
Akre Capital Management,0001050470,0001050470-26-000007,2026-08-06,2026-06-30,664121100,,Northeast Community Bancorp Inc,268211.0,7440000.0,
Akre Capital Management,0001050470,0001050470-26-000007,2026-08-06,2026-06-30,591520200,,"Methode Electronics, Inc.",130700.0,2479000.0,
Akre Capital Management,0001050470,0001050470-26-000007,2026-08-06,2026-06-30,57164Y107,,Marriott Vacations Worldwide Corp,216757.0,22083000.0,
Akre Capital Management,0001050470,0001050470-26-000007,2026-08-06,2026-06-30,800422107,,John B Sanfilippo & Son Inc,20700.0,1780000.0,
Akre Capital Management,0001050470,0001050470-26-000007,2026-08-06,2026-06-30,453838609,,Independent Bank Corp/MI,388293.0,14006000.0,
Akre Capital Management,0001050470,0001050470-26-000007,2026-08-06,2026-06-30,43689E107,,Home Bancorp Inc,38725.0,2653000.0,
Akre Capital Management,0001050470,0001050470-26-000007,2026-08-06,2026-06-30,413160102,,Harmonic Inc,104100.0,1700000.0,
Akre Capital Management,0001050470,0001050470-26-000007,2026-08-06,2026-06-30,393657101,,Greenbrier Cos Inc/The,764611.0,37474000.0,
Akre Capital Management,0001050470,0001050470-26-000007,2026-08-06,2026-06-30,375558103,,Gilead Sciences Inc,2635721.0,332997000.0,
Akre Capital Management,0001050470,0001050470-26-000007,2026-08-06,2026-06-30,360271100,,Fulton Financial Corp,956975.0,23149000.0,
Akre Capital Management,0001050470,0001050470-26-000007,2026-08-06,2026-06-30,320218100,,First Financial Corp,387561.0,30013000.0,
Akre Capital Management,0001050470,0001050470-26-000007,2026-08-06,2026-06-30,303075105,,FactSet Research Systems Inc,146659.0,33743000.0,
Akre Capital Management,0001050470,0001050470-26-000007,2026-08-06,2026-06-30,26884U109,,EPR Properties,1966967.0,114104000.0,
Akre Capital Management,0001050470,0001050470-26-000007,2026-08-06,2026-06-30,268603107,,El Pollo Loco Holdings Inc,1471545.0,24957000.0,
Akre Capital Management,0001050470,0001050470-26-000007,2026-08-06,2026-06-30,G27907107,,Dole PLC,781500.0,10722000.0,
Akre Capital Management,0001050470,0001050470-26-000007,2026-08-06,2026-06-30,12634H200,,CPI Card Group Inc,88400.0,1837000.0,
Akre Capital Management,0001050470,0001050470-26-000007,2026-08-06,2026-06-30,G21810109,,Clarivate PLC,4045800.0,8739000.0,
Akre Capital Management,0001050470,0001050470-26-000007,2026-08-06,2026-06-30,164024101,,Chemung Financial Corp,14193.0,1059000.0,
Akre Capital Management,0001050470,0001050470-26-000007,2026-08-06,2026-06-30,143905107,,Carriage Services Inc,542927.0,20816000.0,
Akre Capital Management,0001050470,0001050470-26-000007,2026-08-06,2026-06-30,127055101,,Cabot Corp,800484.0,72700000.0,
Akre Capital Management,0001050470,0001050470-26-000007,2026-08-06,2026-06-30,10922N103,,Brighthouse Financial Inc,105773.0,6695000.0,
Akre Capital Management,0001050470,0001050470-26-000007,2026-08-06,2026-06-30,09259E108,,BlackRock TCP Capital Corp,410100.0,1378000.0,
Akre Capital Management,0001050470,0001050470-26-000007,2026-08-06,2026-06-30,066849100,,Bar Harbor Bankshares,100750.0,3804000.0,
Akre Capital Management,0001050470,0001050470-26-000007,2026-08-06,2026-06-30,05366Y201,,Aviat Networks Inc,127925.0,2840000.0,
Akre Capital Management,0001050470,0001050470-26-000007,2026-08-06,2026-06-30,03937C105,,ArcBest Corp,98100.0,14081000.0,
Akre Capital Management,0001050470,0001050470-26-000007,2026-08-06,2026-06-30,03076C106,,Ameriprise Financial Inc,469438.0,215359000.0,
Akre Capital Management,0001050470,0001050470-26-000007,2026-08-06,2026-06-30,01973R101,,Allison Transmission Holdings Inc,2196918.0,247681000.0,
Akre Capital Management,0001050470,0001050470-26-000007,2026-08-06,2026-06-30,982104101,,Worthington Steel Inc,369054.0,12393000.0,
Akre Capital Management,0001050470,0001050470-26-000007,2026-08-06,2026-06-30,254687106,,Walt Disney Co/The,4555539.0,438471000.0,
Akre Capital Management,0001050470,0001050470-26-000007,2026-08-06,2026-06-30,92214X106,,Varex Imaging Corp,1869944.0,19504000.0,
Akre Capital Management,0001050470,0001050470-26-000007,2026-08-06,2026-06-30,88160R101,,Tesla Inc,2800.0,1178000.0,
Akre Capital Management,0001050470,0001050470-26-000007,2026-08-06,2026-06-30,872590104,,T-Mobile US Inc,13300.0,2231000.0,
Akre Capital Management,0001050470,0001050470-26-000007,2026-08-06,2026-06-30,827048109,,Silgan Holdings Inc,922772.0,42807000.0,
Akre Capital Management,0001050470,0001050470-26-000007,2026-08-06,2026-06-30,80007P869,,SandRidge Energy Inc,471711.0,6462000.0,
Akre Capital Management,0001050470,0001050470-26-000007,2026-08-06,2026-06-30,G7496G103,,RenaissanceRe Holdings Ltd,357918.0,113424000.0,
Akre Capital Management,0001050470,0001050470-26-000007,2026-08-06,2026-06-30,747301109,,Quad/Graphics Inc,1373491.0,11579000.0,
Akre Capital Management,0001050470,0001050470-26-000007,2026-08-06,2026-06-30,704551100,,Peabody Energy Corp,543200.0,12559000.0,
Akre Capital Management,0001050470,0001050470-26-000007,2026-08-06,2026-06-30,688239201,,Oshkosh Corp,2131692.0,327172000.0,
Akre Capital Management,0001050470,0001050470-26-000007,2026-08-06,2026-06-30,67103X102,,OFG Bancorp,1327725.0,65151000.0,
Akre Capital Management,0001050470,0001050470-26-000007,2026-08-06,2026-06-30,628464109,,Myers Industries Inc,463440.0,16364000.0,
Akre Capital Management,0001050470,0001050470-26-000007,2026-08-06,2026-06-30,603158106,,Minerals Technologies Inc,280522.0,20750000.0,
Akre Capital Management,0001050470,0001050470-26-000007,2026-08-06,2026-06-30,58958P104,,Meridian Corp,67256.0,1347000.0,
Akre Capital Management,0001050470,0001050470-26-000007,2026-08-06,2026-06-30,565394103,,Maplebear Inc,4533815.0,214676000.0,
Akre Capital Management,0001050470,0001050470-26-000007,2026-08-06,2026-06-30,G50871105,,Jazz Pharmaceuticals PLC,2275145.0,548242000.0,
Akre Capital Management,0001050470,0001050470-26-000007,2026-08-06,2026-06-30,457985208,,Integra LifeSciences Holdings Corp,217700.0,3910000.0,
Akre Capital Management,0001050470,0001050470-26-000007,2026-08-06,2026-06-30,42824C109,,Hewlett Packard Enterprise Co,12985974.0,585797000.0,
Akre Capital Management,0001050470,0001050470-26-000007,2026-08-06,2026-06-30,410495204,,Hanmi Financial Corp,1334075.0,43224000.0,
Akre Capital Management,0001050470,0001050470-26-000007,2026-08-06,2026-06-30,388689101,,Graphic Packaging Holding Co,1611828.0,17037000.0,
Akre Capital Management,0001050470,0001050470-26-000007,2026-08-06,2026-06-30,374297109,,Getty Realty Corp,250370.0,8352000.0,
Akre Capital Management,0001050470,0001050470-26-000007,2026-08-06,2026-06-30,319390100,,First Business Financial Services Inc,141025.0,8909000.0,
Akre Capital Management,0001050470,0001050470-26-000007,2026-08-06,2026-06-30,30231G102,,Exxon Mobil Corporation,1933970.0,264412000.0,
Akre Capital Management,0001050470,0001050470-26-000007,2026-08-06,2026-06-30,024061103,,Dauch Corp,193100.0,1047000.0,
Akre Capital Management,0001050470,0001050470-26-000007,2026-08-06,2026-06-30,Y1771G102,,Costamare Inc,95800.0,1343000.0,
Akre Capital Management,0001050470,0001050470-26-000007,2026-08-06,2026-06-30,201723103,,Commercial Metals Co,843985.0,52960000.0,
Akre Capital Management,0001050470,0001050470-26-000007,2026-08-06,2026-06-30,174610105,,Citizens Financial Group Inc,5748864.0,402823000.0,
Akre Capital Management,0001050470,0001050470-26-000007,2026-08-06,2026-06-30,159864107,,Charles River Laboratories International Inc,455100.0,103212000.0,
Akre Capital Management,0001050470,0001050470-26-000007,2026-08-06,2026-06-30,141788109,,Cargurus Inc,339300.0,11567000.0,
Akre Capital Management,0001050470,0001050470-26-000007,2026-08-06,2026-06-30,10482B101,,Braemar Hotels & Resorts Inc,1710389.0,3694000.0,
Akre Capital Management,0001050470,0001050470-26-000007,2026-08-06,2026-06-30,09061G101,,BioMarin Pharmaceutical Inc,881700.0,50451000.0,
Akre Capital Management,0001050470,0001050470-26-000007,2026-08-06,2026-06-30,06417N103,,Bank OZK,499100.0,25998000.0,
Akre Capital Management,0001050470,0001050470-26-000007,2026-08-06,2026-06-30,05329W102,,AutoNation Inc,481410.0,89441000.0,
Akre Capital Management,0001050470,0001050470-26-000007,2026-08-06,2026-06-30,038222105,,Applied Materials Inc,677323.0,489705000.0,
Akre Capital Management,0001050470,0001050470-26-000007,2026-08-06,2026-06-30,025537101,,American Electric Power Co Inc,69190.0,9466000.0,
Akre Capital Management,0001050470,0001050470-26-000007,2026-08-06,2026-06-30,016255101,,Align Technology Inc,655561.0,110567000.0,
Akre Capital Management,0001050470,0001050470-26-000007,2026-08-06,2026-06-30,00081T108,,ACCO Brands Corp,2897500.0,12054000.0,
Akre Capital Management,0001050470,0001050470-26-000007,2026-08-06,2026-06-30,938824109,,WaFd Inc,357200.0,13706000.0,
Akre Capital Management,0001050470,0001050470-26-000007,2026-08-06,2026-06-30,91913Y100,,Valero Energy Corp,1218970.0,317469000.0,
Akre Capital Management,0001050470,0001050470-26-000007,2026-08-06,2026-06-30,91307C102,,United Therapeutics Corp,268370.0,145411000.0,
Akre Capital Management,0001050470,0001050470-26-000007,2026-08-06,2026-06-30,88033G407,,Tenet Healthcare Corp,269060.0,50336000.0,
Akre Capital Management,0001050470,0001050470-26-000007,2026-08-06,2026-06-30,871332102,,Sylvamo Corp,1586335.0,59963000.0,
Akre Capital Management,0001050470,0001050470-26-000007,2026-08-06,2026-06-30,83545G102,,Sonic Automotive Inc,733977.0,62234000.0,
Akre Capital Management,0001050470,0001050470-26-000007,2026-08-06,2026-06-30,82620P102,,Sierra Bancorp,70600.0,2878000.0,
Akre Capital Management,0001050470,0001050470-26-000007,2026-08-06,2026-06-30,79466L302,,Salesforce Inc,2336664.0,366062000.0,
Akre Capital Management,0001050470,0001050470-26-000007,2026-08-06,2026-06-30,7591EP100,,Regions Financial Corp,8849447.0,267253000.0,
Akre Capital Management,0001050470,0001050470-26-000007,2026-08-06,2026-06-30,74587V107,,Puma Biotechnology Inc,1617981.0,13122000.0,
Akre Capital Management,0001050470,0001050470-26-000007,2026-08-06,2026-06-30,737446104,,Post Holdings Inc,89900.0,7935000.0,
Akre Capital Management,0001050470,0001050470-26-000007,2026-08-06,2026-06-30,70450Y103,,PayPal Holdings Inc,4193554.0,181078000.0,
Akre Capital Management,0001050470,0001050470-26-000007,2026-08-06,2026-06-30,651639106,,Newmont Corp,3903386.0,364576000.0,
Akre Capital Management,0001050470,0001050470-26-000007,2026-08-06,2026-06-30,600544100,,MillerKnoll Inc,1358746.0,27800000.0,
Akre Capital Management,0001050470,0001050470-26-000007,2026-08-06,2026-06-30,587376104,,Mercantile Bank Corp,280786.0,16123000.0,
Akre Capital Management,0001050470,0001050470-26-000007,2026-08-06,2026-06-30,55939A107,,Magnera Corp,199623.0,2346000.0,
Akre Capital Management,0001050470,0001050470-26-000007,2026-08-06,2026-06-30,517834107,,Las Vegas Sands Corp,228299.0,10545000.0,
Akre Capital Management,0001050470,0001050470-26-000007,2026-08-06,2026-06-30,46817M107,,Jackson Financial Inc,1141755.0,116904000.0,
Akre Capital Management,0001050470,0001050470-26-000007,2026-08-06,2026-06-30,45765U103,,Insight Enterprises Inc,18973.0,2311000.0,
Akre Capital Management,0001050470,0001050470-26-000007,2026-08-06,2026-06-30,423403104,,Hello Group Inc,3594571.0,20849000.0,
Akre Capital Management,0001050470,0001050470-26-000007,2026-08-06,2026-06-30,38173M102,,Golub Capital BDC Inc,409860.0,5279000.0,
Akre Capital Management,0001050470,0001050470-26-000007,2026-08-06,2026-06-30,34964C106,,Fortune Brands Innovations Inc,171400.0,9410000.0,
Akre Capital Management,0001050470,0001050470-26-000007,2026-08-06,2026-06-30,31866P102,,First Bancorp Inc/The,31198.0,1086000.0,
Akre Capital Management,0001050470,0001050470-26-000007,2026-08-06,2026-06-30,30161N101,,Exelon Corp,204600.0,9538000.0,
Akre Capital Management,0001050470,0001050470-26-000007,2026-08-06,2026-06-30,26874R108,,Eni SpA,35900.0,1682000.0,
Akre Capital Management,0001050470,0001050470-26-000007,2026-08-06,2026-06-30,197236102,,Columbia Banking System Inc,980784.0,31434000.0,
Akre Capital Management,0001050470,0001050470-26-000007,2026-08-06,2026-06-30,172755100,,Cirrus Logic Inc,2356961.0,350079000.0,
Akre Capital Management,0001050470,0001050470-26-000007,2026-08-06,2026-06-30,154760409,,Central Pacific Financial Corp,615130.0,23498000.0,
Akre Capital Management,0001050470,0001050470-26-000007,2026-08-06,2026-06-30,14040H105,,Capital One Financial Corp,13818.0,2772000.0,
Akre Capital Management,0001050470,0001050470-26-000007,2026-08-06,2026-06-30,064058100,,Bank of New York Mellon Corp/The,2251900.0,325647000.0,
Akre Capital Management,0001050470,0001050470-26-000007,2026-08-06,2026-06-30,047649108,,Atkore Inc,1093590.0,83157000.0,
Akre Capital Management,0001050470,0001050470-26-000007,2026-08-06,2026-06-30,037598109,,Apogee Enterprises Inc,490058.0,22415000.0,
Akre Capital Management,0001050470,0001050470-26-000007,2026-08-06,2026-06-30,02376R102,,American Airlines Group Inc,2546886.0,46022000.0,
Akre Capital Management,0001050470,0001050470-26-000007,2026-08-06,2026-06-30,011659109,,Alaska Air Group Inc,346899.0,18108000.0,
Akre Capital Management,0001050470,0001050470-26-000007,2026-08-06,2026-06-30,10948W103,,Acadian Asset Management Inc,78300.0,5600000.0,
Akre Capital Management,0001050470,0001050470-26-000007,2026-08-06,2026-06-30,989701107,,Zions Bancorp NA,3858896.0,266997000.0,
Akre Capital Management,0001050470,0001050470-26-000007,2026-08-06,2026-06-30,92839U206,,Visteon Corp,178800.0,17739000.0,
Akre Capital Management,0001050470,0001050470-26-000007,2026-08-06,2026-06-30,917488108,,Utah Medical Products Inc,17959.0,1239000.0,
Akre Capital Management,0001050470,0001050470-26-000007,2026-08-06,2026-06-30,910873405,,United Microelectronics Corp,434160.0,11813000.0,
Akre Capital Management,0001050470,0001050470-26-000007,2026-08-06,2026-06-30,001228501,,TPG Mortgage Investment Trust Inc,319393.0,2530000.0,
Akre Capital Management,0001050470,0001050470-26-000007,2026-08-06,2026-06-30,294821608,,Telefonaktiebolaget LM Ericsson,446931.0,4983000.0,
Akre Capital Management,0001050470,0001050470-26-000007,2026-08-06,2026-06-30,866082100,,Summit Hotel Properties Inc,258300.0,1811000.0,
Akre Capital Management,0001050470,0001050470-26-000007,2026-08-06,2026-06-30,833034101,,Snap-on Inc,226150.0,91003000.0,
Akre Capital Management,0001050470,0001050470-26-000007,2026-08-06,2026-06-30,824889109,,Shoe Station Group Inc,806818.0,11965000.0,
Akre Capital Management,0001050470,0001050470-26-000007,2026-08-06,2026-06-30,783859101,,S&T Bancorp Inc,104159.0,5112000.0,
Akre Capital Management,0001050470,0001050470-26-000007,2026-08-06,2026-06-30,758075402,,Redwood Trust Inc,1849061.0,8765000.0,
Akre Capital Management,0001050470,0001050470-26-000007,2026-08-06,2026-06-30,744320102,,Prudential Financial Inc,390546.0,42152000.0,
Akre Capital Management,0001050470,0001050470-26-000007,2026-08-06,2026-06-30,731068102,,Polaris Inc,32160.0,2201000.0,
Akre Capital Management,0001050470,0001050470-26-000007,2026-08-06,2026-06-30,713448108,,PepsiCo Inc,792839.0,107350000.0,
Akre Capital Management,0001050470,0001050470-26-000007,2026-08-06,2026-06-30,700666100,,Park-Ohio Holdings Corp,141912.0,5457000.0,
Akre Capital Management,0001050470,0001050470-26-000007,2026-08-06,2026-06-30,68404L201,,Option Care Health Inc,99600.0,2089000.0,
Akre Capital Management,0001050470,0001050470-26-000007,2026-08-06,2026-06-30,67066G104,,NVIDIA Corp,206676.0,41354000.0,
Akre Capital Management,0001050470,0001050470-26-000007,2026-08-06,2026-06-30,55261F104,,M&T Bank Corp,427627.0,101780000.0,
Akre Capital Management,0001050470,0001050470-26-000007,2026-08-06,2026-06-30,505743104,,Ladder Capital Corp,527800.0,5252000.0,
Akre Capital Management,0001050470,0001050470-26-000007,2026-08-06,2026-06-30,48666K109,,KB Home,872754.0,54626000.0,
Akre Capital Management,0001050470,0001050470-26-000007,2026-08-06,2026-06-30,832696405,,J M Smucker Co/The,861377.0,96905000.0,
Akre Capital Management,0001050470,0001050470-26-000007,2026-08-06,2026-06-30,M5425M103,,Inmode Ltd,138109.0,2019000.0,
Akre Capital Management,0001050470,0001050470-26-000007,2026-08-06,2026-06-30,406216101,,Halliburton Co,7705970.0,261618000.0,
Akre Capital Management,0001050470,0001050470-26-000007,2026-08-06,2026-06-30,380237107,,GoDaddy Inc,603774.0,51248000.0,
Akre Capital Management,0001050470,0001050470-26-000007,2026-08-06,2026-06-30,369550108,,General Dynamics Corp,76870.0,27230000.0,
Akre Capital Management,0001050470,0001050470-26-000007,2026-08-06,2026-06-30,302520101,,FNB Corp/PA,1782500.0,34010000.0,
Akre Capital Management,0001050470,0001050470-26-000007,2026-08-06,2026-06-30,30040W108,,Eversource Energy,1509397.0,109084000.0,
Akre Capital Management,0001050470,0001050470-26-000007,2026-08-06,2026-06-30,26441C204,,Duke Energy Corp,27214.0,3445000.0,
Akre Capital Management,0001050470,0001050470-26-000007,2026-08-06,2026-06-30,253393102,,Dick's Sporting Goods Inc,7300.0,1656000.0,
Akre Capital Management,0001050470,0001050470-26-000007,2026-08-06,2026-06-30,F21107101,,Constellium SE,320300.0,10208000.0,
Akre Capital Management,0001050470,0001050470-26-000007,2026-08-06,2026-06-30,192446102,,Cognizant Technology Solutions Corp,2676910.0,103677000.0,
Akre Capital Management,0001050470,0001050470-26-000007,2026-08-06,2026-06-30,150870103,,Celanese Corp,50900.0,2341000.0,
Akre Capital Management,0001050470,0001050470-26-000007,2026-08-06,2026-06-30,117043109,,Brunswick Corp/DE,143000.0,12046000.0,
Akre Capital Management,0001050470,0001050470-26-000007,2026-08-06,2026-06-30,099502106,,Booz Allen Hamilton Holding Corp,48300.0,2930000.0,
Akre Capital Management,0001050470,0001050470-26-000007,2026-08-06,2026-06-30,084670702,,Berkshire Hathaway Inc,14092.0,7051000.0,
Akre Capital Management,0001050470,0001050470-26-000007,2026-08-06,2026-06-30,05990K106,,Banc of California Inc,533500.0,10899000.0,
Akre Capital Management,0001050470,0001050470-26-000007,2026-08-06,2026-06-30,045487105,,Associated Banc-Corp,3764147.0,115823000.0,
Akre Capital Management,0001050470,0001050470-26-000007,2026-08-06,2026-06-30,00182C103,,ANI Pharmaceuticals Inc,15500.0,1283000.0,
Akre Capital Management,0001050470,0001050470-26-000007,2026-08-06,2026-06-30,023135106,,Amazon.com Inc,108900.0,25955000.0,
Akre Capital Management,0001050470,0001050470-26-000007,2026-08-06,2026-06-30,04208T108,,AH Realty Trust Inc,350004.0,2478000.0,
Akre Capital Management,0001050470,0001050470-26-000007,2026-08-06,2026-06-30,000957100,,ABM Industries Inc,1946109.0,86096000.0,
Akre Capital Management,0001050470,0001050470-26-000007,2026-08-06,2026-06-30,98850P109,,Yum China Holdings Inc,1436989.0,58730000.0,
Akre Capital Management,0001050470,0001050470-26-000007,2026-08-06,2026-06-30,958102105,,Western Digital Corp,32661.0,20861000.0,
Akre Capital Management,0001050470,0001050470-26-000007,2026-08-06,2026-06-30,92763W103,,Vipshop Holdings Ltd,6510940.0,86335000.0,
Akre Capital Management,0001050470,0001050470-26-000007,2026-08-06,2026-06-30,917047102,,Urban Outfitters Inc,212370.0,15049000.0,
Akre Capital Management,0001050470,0001050470-26-000007,2026-08-06,2026-06-30,891092108,,Toro Co/The,139886.0,13628000.0,
Akre Capital Management,0001050470,0001050470-26-000007,2026-08-06,2026-06-30,87162W100,,TD SYNNEX Corp,2229003.0,595902000.0,
Akre Capital Management,0001050470,0001050470-26-000007,2026-08-06,2026-06-30,86272C103,,Strategic Education Inc,548034.0,41990000.0,
Akre Capital Management,0001050470,0001050470-26-000007,2026-08-06,2026-06-30,78442P106,,SLM Corp,922600.0,23932000.0,
Akre Capital Management,0001050470,0001050470-26-000007,2026-08-06,2026-06-30,780259305,,Shell PLC,16500.0,1279000.0,
Akre Capital Management,0001050470,0001050470-26-000007,2026-08-06,2026-06-30,774515100,,Rocky Brands Inc,144644.0,5965000.0,
Akre Capital Management,0001050470,0001050470-26-000007,2026-08-06,2026-06-30,74930B105,,RBB Bancorp,190600.0,5225000.0,
Akre Capital Management,0001050470,0001050470-26-000007,2026-08-06,2026-06-30,724479100,,Pitney Bowes Inc,7200507.0,126153000.0,
Akre Capital Management,0001050470,0001050470-26-000007,2026-08-06,2026-06-30,70959W103,,Penske Automotive Group Inc,678533.0,121423000.0,
Akre Capital Management,0001050470,0001050470-26-000007,2026-08-06,2026-06-30,G68707101,,Pagseguro Digital Ltd,3054960.0,27647000.0,
Akre Capital Management,0001050470,0001050470-26-000007,2026-08-06,2026-06-30,683416101,,Ooma Inc,55600.0,1069000.0,
Akre Capital Management,0001050470,0001050470-26-000007,2026-08-06,2026-06-30,62955J103,,NOV Inc,3604350.0,66861000.0,
Akre Capital Management,0001050470,0001050470-26-000007,2026-08-06,2026-06-30,64115T104,,NetScout Systems Inc,3161650.0,137690000.0,
Akre Capital Management,0001050470,0001050470-26-000007,2026-08-06,2026-06-30,61945C103,,Mosaic Co/The,780740.0,16544000.0,
Akre Capital Management,0001050470,0001050470-26-000007,2026-08-06,2026-06-30,595112103,,Micron Technology Inc,467962.0,540164000.0,
Akre Capital Management,0001050470,0001050470-26-000007,2026-08-06,2026-06-30,577081102,,Mattel Inc,7179883.0,99657000.0,
Akre Capital Management,0001050470,0001050470-26-000007,2026-08-06,2026-06-30,501044101,,Kroger Co/The,6596548.0,366306000.0,
Akre Capital Management,0001050470,0001050470-26-000007,2026-08-06,2026-06-30,093671105,,H&R Block Inc,1591990.0,60623000.0,
Akre Capital Management,0001050470,0001050470-26-000007,2026-08-06,2026-06-30,G39108108,,Gates Industrial Corp PLC,393400.0,11003000.0,
Akre Capital Management,0001050470,0001050470-26-000007,2026-08-06,2026-06-30,338307101,,Five9 Inc,71300.0,1520000.0,
Akre Capital Management,0001050470,0001050470-26-000007,2026-08-06,2026-06-30,314352105,,Fedex Freight Holding Co Inc,355242.0,53642000.0,
Akre Capital Management,0001050470,0001050470-26-000007,2026-08-06,2026-06-30,298736109,,Euronet Worldwide Inc,14900.0,1091000.0,
Akre Capital Management,0001050470,0001050470-26-000007,2026-08-06,2026-06-30,29089Q105,,Emergent BioSolutions Inc,1695851.0,14211000.0,
Akre Capital Management,0001050470,0001050470-26-000007,2026-08-06,2026-06-30,25179M103,,Devon Energy Corp,425623.0,17587000.0,
Akre Capital Management,0001050470,0001050470-26-000007,2026-08-06,2026-06-30,228368106,,Crown Holdings Inc,1712146.0,191452000.0,
Akre Capital Management,0001050470,0001050470-26-000007,2026-08-06,2026-06-30,20825C104,,ConocoPhillips,919515.0,95593000.0,
Akre Capital Management,0001050470,0001050470-26-000007,2026-08-06,2026-06-30,12621E103,,CNO Financial Group Inc,3060132.0,156006000.0,
Akre Capital Management,0001050470,0001050470-26-000007,2026-08-06,2026-06-30,149150104,,Cathay General Bancorp,678200.0,42042000.0,
Akre Capital Management,0001050470,0001050470-26-000007,2026-08-06,2026-06-30,133034108,,Camden National Corp,200695.0,10882000.0,
Akre Capital Management,0001050470,0001050470-26-000007,2026-08-06,2026-06-30,11120U105,,Brixmor Property Group Inc,1485300.0,46832000.0,
Akre Capital Management,0001050470,0001050470-26-000007,2026-08-06,2026-06-30,69121K104,,Blue Owl Capital Corp,2742247.0,29808000.0,
Akre Capital Management,0001050470,0001050470-26-000007,2026-08-06,2026-06-30,042735100,,Arrow Electronics Inc,1886595.0,402618000.0,
Akre Capital Management,0001050470,0001050470-26-000007,2026-08-06,2026-06-30,N00985106,,AerCap Holdings NV,563334.0,82123000.0,
Akre Capital Management,0001050470,0001050470-26-000007,2026-08-06,2026-06-30,926400102,,Victoria's Secret & Co,163100.0,13616000.0,
Akre Capital Management,0001050470,0001050470-26-000007,2026-08-06,2026-06-30,91529Y106,,Unum Group,2413125.0,215733000.0,
Akre Capital Management,0001050470,0001050470-26-000007,2026-08-06,2026-06-30,902681105,,UGI Corp,6231070.0,215221000.0,
Akre Capital Management,0001050470,0001050470-26-000007,2026-08-06,2026-06-30,887389104,,Timken Co/The,117100.0,17017000.0,
Akre Capital Management,0001050470,0001050470-26-000007,2026-08-06,2026-06-30,876030107,,Tapestry Inc,89108.0,13044000.0,
Akre Capital Management,0001050470,0001050470-26-000007,2026-08-06,2026-06-30,857477103,,State Street Corp,4068928.0,690090000.0,
Akre Capital Management,0001050470,0001050470-26-000007,2026-08-06,2026-06-30,78440P306,,SK Telecom Co Ltd,83212.0,2676000.0,
Akre Capital Management,0001050470,0001050470-26-000007,2026-08-06,2026-06-30,808625107,,Science Applications International Corp,1578562.0,174289000.0,
Akre Capital Management,0001050470,0001050470-26-000007,2026-08-06,2026-06-30,767204100,,Rio Tinto PLC,36146.0,3431000.0,
Akre Capital Management,0001050470,0001050470-26-000007,2026-08-06,2026-06-30,750236101,,Radian Group Inc,6392333.0,240799000.0,
Akre Capital Management,0001050470,0001050470-26-000007,2026-08-06,2026-06-30,74319R101,,PROG Holdings Inc,1166730.0,54381000.0,
Akre Capital Management,0001050470,0001050470-26-000007,2026-08-06,2026-06-30,706915105,,Penguin Solutions Inc,832916.0,63310000.0,
Akre Capital Management,0001050470,0001050470-26-000007,2026-08-06,2026-06-30,691497309,,Oxford Industries Inc,52300.0,1824000.0,
Akre Capital Management,0001050470,0001050470-26-000007,2026-08-06,2026-06-30,666762109,,Northrim BanCorp Inc,214960.0,5963000.0,
Akre Capital Management,0001050470,0001050470-26-000007,2026-08-06,2026-06-30,Y62132108,,Navigator Holdings Ltd,722178.0,13454000.0,
Akre Capital Management,0001050470,0001050470-26-000007,2026-08-06,2026-06-30,60871R209,,Molson Coors Beverage Co,5911129.0,230298000.0,
Akre Capital Management,0001050470,0001050470-26-000007,2026-08-06,2026-06-30,55272X607,,MFA Financial Inc,580175.0,5622000.0,
Akre Capital Management,0001050470,0001050470-26-000007,2026-08-06,2026-06-30,57667L107,,Match Group Inc,6536088.0,248698000.0,
Akre Capital Management,0001050470,0001050470-26-000007,2026-08-06,2026-06-30,53815P108,,LiveRamp Holdings Inc,896341.0,33738000.0,
Akre Capital Management,0001050470,0001050470-26-000007,2026-08-06,2026-06-30,50060P106,,Koppers Holdings Inc,941881.0,42290000.0,
Akre Capital Management,0001050470,0001050470-26-000007,2026-08-06,2026-06-30,478160104,,Johnson & Johnson,184693.0,46906000.0,
Akre Capital Management,0001050470,0001050470-26-000007,2026-08-06,2026-06-30,Y41053102,,International Seaways Inc,96400.0,7383000.0,
Akre Capital Management,0001050470,0001050470-26-000007,2026-08-06,2026-06-30,456237106,,Industrial Logistics Properties Trust,1290952.0,11451000.0,
Akre Capital Management,0001050470,0001050470-26-000007,2026-08-06,2026-06-30,398905109,,Group 1 Automotive Inc,101762.0,29630000.0,
Akre Capital Management,0001050470,0001050470-26-000007,2026-08-06,2026-06-30,37892E102,,Global Industrial Co,99420.0,3327000.0,
Akre Capital Management,0001050470,0001050470-26-000007,2026-08-06,2026-06-30,36467J108,,Gaming and Leisure Properties Inc,915500.0,40767000.0,
Akre Capital Management,0001050470,0001050470-26-000007,2026-08-06,2026-06-30,309627107,,Farmers National Banc Corp,288917.0,4218000.0,
Akre Capital Management,0001050470,0001050470-26-000007,2026-08-06,2026-06-30,G3198U102,,Essent Group Ltd,665182.0,42758000.0,
Akre Capital Management,0001050470,0001050470-26-000007,2026-08-06,2026-06-30,036752103,,Elevance Health Inc,170814.0,66059000.0,
Akre Capital Management,0001050470,0001050470-26-000007,2026-08-06,2026-06-30,256746108,,Dollar Tree Inc,46700.0,5648000.0,
Akre Capital Management,0001050470,0001050470-26-000007,2026-08-06,2026-06-30,24703L202,,Dell Technologies Inc,2390476.0,1031395000.0,
Akre Capital Management,0001050470,0001050470-26-000007,2026-08-06,2026-06-30,G2519Y108,,Credicorp Ltd,77000.0,29998000.0,
Akre Capital Management,0001050470,0001050470-26-000007,2026-08-06,2026-06-30,20602D101,,Concentrix Corp,264351.0,5923000.0,
Akre Capital Management,0001050470,0001050470-26-000007,2026-08-06,2026-06-30,126117100,,CNA Financial Corp,427013.0,20757000.0,
Akre Capital Management,0001050470,0001050470-26-000007,2026-08-06,2026-06-30,146229109,,Carter's Inc,848381.0,34919000.0,
Akre Capital Management,0001050470,0001050470-26-000007,2026-08-06,2026-06-30,070830104,,Bath & Body Works Inc,1037466.0,23997000.0,
Akre Capital Management,0001050470,0001050470-26-000007,2026-08-06,2026-06-30,053807103,,Avnet Inc,3305125.0,293561000.0,
Akre Capital Management,0001050470,0001050470-26-000007,2026-08-06,2026-06-30,03980N107,,Ardent Health Inc,186400.0,1834000.0,
Akre Capital Management,0001050470,0001050470-26-000007,2026-08-06,2026-06-30,031652100,,Amkor Technology Inc,844200.0,72795000.0,
Akre Capital Management,0001050470,0001050470-26-000007,2026-08-06,2026-06-30,02005N100,,Ally Financial Inc,1879285.0,86353000.0,
Akre Capital Management,0001050470,0001050470-26-000007,2026-08-06,2026-06-30,00724F101,,Adobe Inc,1769487.0,362780000.0,
Akre Capital Management,0001050470,0001050470-26-000007,2026-08-06,2026-06-30,925283103,,Versant Media Group Inc,451686.0,16265000.0,
Akre Capital Management,0001050470,0001050470-26-000007,2026-08-06,2026-06-30,913903100,,Universal Health Services Inc,942682.0,140167000.0,
Akre Capital Management,0001050470,0001050470-26-000007,2026-08-06,2026-06-30,900450206,,Turtle Beach Corp,336900.0,4194000.0,
Akre Capital Management,0001050470,0001050470-26-000007,2026-08-06,2026-06-30,87357P100,,Tactile Systems Technology Inc,479927.0,14292000.0,
Akre Capital Management,0001050470,0001050470-26-000007,2026-08-06,2026-06-30,78467J100,,SS&C Technologies Holdings Inc,226000.0,14023000.0,
Akre Capital Management,0001050470,0001050470-26-000007,2026-08-06,2026-06-30,829933100,,Sirius XM Holdings Inc,3620469.0,106949000.0,
Akre Capital Management,0001050470,0001050470-26-000007,2026-08-06,2026-06-30,766559702,,Rigel Pharmaceuticals Inc,721666.0,28232000.0,
Akre Capital Management,0001050470,0001050470-26-000007,2026-08-06,2026-06-30,71880K101,,Phinia Inc,1410806.0,116208000.0,
Akre Capital Management,0001050470,0001050470-26-000007,2026-08-06,2026-06-30,705573103,,Pegasystems Inc,72100.0,2161000.0,
Akre Capital Management,0001050470,0001050470-26-000007,2026-08-06,2026-06-30,69007J304,,Outfront Media Inc,1747861.0,57260000.0,
Akre Capital Management,0001050470,0001050470-26-000007,2026-08-06,2026-06-30,63886Q109,,Natural Gas Services Group Inc,37000.0,1596000.0,
Akre Capital Management,0001050470,0001050470-26-000007,2026-08-06,2026-06-30,606710200,,Mitek Systems Inc,83600.0,1683000.0,
Akre Capital Management,0001050470,0001050470-26-000007,2026-08-06,2026-06-30,30303M102,,Meta Platforms Inc,336960.0,189806000.0,
Akre Capital Management,0001050470,0001050470-26-000007,2026-08-06,2026-06-30,534187109,,Lincoln National Corp,2540296.0,89799000.0,
Akre Capital Management,0001050470,0001050470-26-000007,2026-08-06,2026-06-30,458665304,,Interface Inc,1437257.0,51511000.0,
Akre Capital Management,0001050470,0001050470-26-000007,2026-08-06,2026-06-30,45337C102,,Incyte Corp,4123759.0,467469000.0,
Akre Capital Management,0001050470,0001050470-26-000007,2026-08-06,2026-06-30,431284108,,Highwoods Properties Inc,1276900.0,38511000.0,
Akre Capital Management,0001050470,0001050470-26-000007,2026-08-06,2026-06-30,412822108,,Harley-Davidson Inc,5081044.0,124282000.0,
Akre Capital Management,0001050470,0001050470-26-000007,2026-08-06,2026-06-30,392709101,,Green Brick Partners Inc,21000.0,1681000.0,
Akre Capital Management,0001050470,0001050470-26-000007,2026-08-06,2026-06-30,G38644103,,GigaCloud Technology Inc,1406190.0,44436000.0,
Akre Capital Management,0001050470,0001050470-26-000007,2026-08-06,2026-06-30,302635206,,FS KKR Capital Corp,1085115.0,11394000.0,
Akre Capital Management,0001050470,0001050470-26-000007,2026-08-06,2026-06-30,320209109,,First Financial Bancorp,274410.0,9283000.0,
Akre Capital Management,0001050470,0001050470-26-000007,2026-08-06,2026-06-30,315616102,,F5 Inc,27419.0,11405000.0,
Akre Capital Management,0001050470,0001050470-26-000007,2026-08-06,2026-06-30,281020107,,Edison International,1200000.0,89340000.0,
Akre Capital Management,0001050470,0001050470-26-000007,2026-08-06,2026-06-30,25659T107,,Dolby Laboratories Inc,165900.0,8723000.0,
Akre Capital Management,0001050470,0001050470-26-000007,2026-08-06,2026-06-30,00737L103,,Covista Inc,600457.0,74853000.0,
Akre Capital Management,0001050470,0001050470-26-000007,2026-08-06,2026-06-30,204149108,,Community Trust Bancorp Inc,266180.0,19261000.0,
Akre Capital Management,0001050470,0001050470-26-000007,2026-08-06,2026-06-30,178867107,,Civista Bancshares Inc,122700.0,3463000.0,
Akre Capital Management,0001050470,0001050470-26-000007,2026-08-06,2026-06-30,G2004J103,,Carnival Corp Ltd,83800.0,2394000.0,
Akre Capital Management,0001050470,0001050470-26-000007,2026-08-06,2026-06-30,12685J105,,Cable One Inc,19380.0,1029000.0,
Akre Capital Management,0001050470,0001050470-26-000007,2026-08-06,2026-06-30,018581108,,Bread Financial Holdings Inc,527254.0,57128000.0,
Akre Capital Management,0001050470,0001050470-26-000007,2026-08-06,2026-06-30,06654A103,,Bankwell Financial Group Inc,69593.0,4089000.0,
Akre Capital Management,0001050470,0001050470-26-000007,2026-08-06,2026-06-30,02913V103,,American Public Education Inc,24300.0,1305000.0,
Akre Capital Management,0001050470,0001050470-26-000007,2026-08-06,2026-06-30,01748X102,,Allegiant Travel Co,16736.0,1968000.0,
Akre Capital Management,0001050470,0001050470-26-000007,2026-08-06,2026-06-30,981811102,,Worthington Enterprises Inc,211143.0,11351000.0,
Akre Capital Management,0001050470,0001050470-26-000007,2026-08-06,2026-06-30,931142103,,Walmart Inc,12300.0,1393000.0,
Akre Capital Management,0001050470,0001050470-26-000007,2026-08-06,2026-06-30,912932100,,Uniti Group Inc,311983.0,3578000.0,
Akre Capital Management,0001050470,0001050470-26-000007,2026-08-06,2026-06-30,89832Q109,,Truist Financial Corp,1285100.0,64024000.0,
Akre Capital Management,0001050470,0001050470-26-000007,2026-08-06,2026-06-30,88076W103,,Teradata Corp,4538286.0,157252000.0,
Akre Capital Management,0001050470,0001050470-26-000007,2026-08-06,2026-06-30,87165B103,,Synchrony Financial,2511310.0,190985000.0,
Akre Capital Management,0001050470,0001050470-26-000007,2026-08-06,2026-06-30,84790A105,,Spectrum Brands Holdings Inc,1144320.0,98125000.0,
Akre Capital Management,0001050470,0001050470-26-000007,2026-08-06,2026-06-30,G81276100,,Signet Jewelers Ltd,1408552.0,121417000.0,
Akre Capital Management,0001050470,0001050470-26-000007,2026-08-06,2026-06-30,80004C200,,Sandisk Corp,65556.0,149057000.0,
Akre Capital Management,0001050470,0001050470-26-000007,2026-08-06,2026-06-30,759509102,,Reliance Inc,3900.0,1457000.0,
Akre Capital Management,0001050470,0001050470-26-000007,2026-08-06,2026-06-30,74736K101,,Qorvo Inc,1925972.0,179635000.0,
Akre Capital Management,0001050470,0001050470-26-000007,2026-08-06,2026-06-30,740367404,,Preferred Bank/Los Angeles CA,14020.0,1490000.0,
Akre Capital Management,0001050470,0001050470-26-000007,2026-08-06,2026-06-30,71742Q106,,Phibro Animal Health Corp,133300.0,4186000.0,
Akre Capital Management,0001050470,0001050470-26-000007,2026-08-06,2026-06-30,722304102,,PDD Holdings Inc,117300.0,8948000.0,
Akre Capital Management,0001050470,0001050470-26-000007,2026-08-06,2026-06-30,687380105,,Orrstown Financial Services Inc,30700.0,1253000.0,
Akre Capital Management,0001050470,0001050470-26-000007,2026-08-06,2026-06-30,675234108,,OceanFirst Financial Corp,393000.0,7675000.0,
Akre Capital Management,0001050470,0001050470-26-000007,2026-08-06,2026-06-30,65336K103,,Nexstar Media Group Inc,936383.0,167229000.0,
Akre Capital Management,0001050470,0001050470-26-000007,2026-08-06,2026-06-30,626755102,,Murphy USA Inc,14180.0,7641000.0,
Akre Capital Management,0001050470,0001050470-26-000007,2026-08-06,2026-06-30,601137102,,Millrose Properties Inc,411390.0,12362000.0,
Akre Capital Management,0001050470,0001050470-26-000007,2026-08-06,2026-06-30,589400100,,Mercury General Corp,55700.0,5939000.0,
Akre Capital Management,0001050470,0001050470-26-000007,2026-08-06,2026-06-30,56418H100,,ManpowerGroup Inc,1042839.0,35217000.0,
Akre Capital Management,0001050470,0001050470-26-000007,2026-08-06,2026-06-30,525327102,,Leidos Holdings Inc,360200.0,37090000.0,
Akre Capital Management,0001050470,0001050470-26-000007,2026-08-06,2026-06-30,49427F108,,Kilroy Realty Corp,600900.0,22516000.0,
Akre Capital Management,0001050470,0001050470-26-000007,2026-08-06,2026-06-30,47103N106,,Janus International Group Inc,622400.0,3454000.0,
Akre Capital Management,0001050470,0001050470-26-000007,2026-08-06,2026-06-30,446413106,,Huntington Ingalls Industries Inc,392524.0,109864000.0,
Akre Capital Management,0001050470,0001050470-26-000007,2026-08-06,2026-06-30,G4412G101,,Herbalife Ltd,2622894.0,34491000.0,
Akre Capital Management,0001050470,0001050470-26-000007,2026-08-06,2026-06-30,410120109,,Hancock Whitney Corp,653400.0,48822000.0,
Akre Capital Management,0001050470,0001050470-26-000007,2026-08-06,2026-06-30,382550101,,Goodyear Tire & Rubber Co/The,3543399.0,23386000.0,
Akre Capital Management,0001050470,0001050470-26-000007,2026-08-06,2026-06-30,358054104,,Freshworks Inc,2922979.0,29581000.0,
Akre Capital Management,0001050470,0001050470-26-000007,2026-08-06,2026-06-30,319383204,,First Busey Corp,1693897.0,49970000.0,
Akre Capital Management,0001050470,0001050470-26-000007,2026-08-06,2026-06-30,278642103,,eBay Inc,3412804.0,381381000.0,
Akre Capital Management,0001050470,0001050470-26-000007,2026-08-06,2026-06-30,254423106,,Dine Brands Global Inc,622092.0,22333000.0,
Akre Capital Management,0001050470,0001050470-26-000007,2026-08-06,2026-06-30,Y1968P121,,Danaos Corp,22491.0,2752000.0,
Akre Capital Management,0001050470,0001050470-26-000007,2026-08-06,2026-06-30,20030N101,,Comcast Corp,14471395.0,355273000.0,
Akre Capital Management,0001050470,0001050470-26-000007,2026-08-06,2026-06-30,172967424,,Citigroup Inc,5664895.0,792859000.0,
Akre Capital Management,0001050470,0001050470-26-000007,2026-08-06,2026-06-30,125269100,,CF Industries Holdings Inc,1581323.0,171194000.0,
Akre Capital Management,0001050470,0001050470-26-000007,2026-08-06,2026-06-30,103304101,,Boyd Gaming Corp,568069.0,50178000.0,
Akre Capital Management,0001050470,0001050470-26-000007,2026-08-06,2026-06-30,09062X103,,Biogen Inc,444049.0,95941000.0,
Akre Capital Management,0001050470,0001050470-26-000007,2026-08-06,2026-06-30,G0772R208,,Bank of NT Butterfield & Son Ltd/The,1417694.0,84353000.0,
Akre Capital Management,0001050470,0001050470-26-000007,2026-08-06,2026-06-30,052800109,,Autoliv Inc,1806818.0,209898000.0,
Akre Capital Management,0001050470,0001050470-26-000007,2026-08-06,2026-06-30,037833100,,Apple Inc,103714.0,30011000.0,
Akre Capital Management,0001050470,0001050470-26-000007,2026-08-06,2026-06-30,02553E106,,American Eagle Outfitters Inc,2755960.0,47403000.0,
Akre Capital Management,0001050470,0001050470-26-000007,2026-08-06,2026-06-30,G1151C101,,Accenture PLC,94200.0,11722000.0,
Akre Capital Management,0001050470,0001050470-26-000007,2026-08-06,2026-06-30,98980F104,,ZoomInfo Technologies Inc,12827919.0,37586000.0,
Akre Capital Management,0001050470,0001050470-26-000007,2026-08-06,2026-06-30,97651M109,,Wipro Ltd,1778200.0,4001000.0,
Akre Capital Management,0001050470,0001050470-26-000007,2026-08-06,2026-06-30,929089100,,Voya Financial Inc,1044910.0,94596000.0,
Akre Capital Management,0001050470,0001050470-26-000007,2026-08-06,2026-06-30,81282V100,,United Parks & Resorts Inc,46100.0,2201000.0,
Akre Capital Management,0001050470,0001050470-26-000007,2026-08-06,2026-06-30,825690100,,Shutterstock Inc,1653426.0,23065000.0,
Akre Capital Management,0001050470,0001050470-26-000007,2026-08-06,2026-06-30,Y7388L103,,Safe Bulkers Inc,1580730.0,9974000.0,
Akre Capital Management,0001050470,0001050470-26-000007,2026-08-06,2026-06-30,75902K106,,Regional Management Corp,341632.0,14075000.0,
Akre Capital Management,0001050470,0001050470-26-000007,2026-08-06,2026-06-30,745867101,,PulteGroup Inc,2734765.0,375237000.0,
Akre Capital Management,0001050470,0001050470-26-000007,2026-08-06,2026-06-30,736508847,,Portland General Electric Co,758400.0,39308000.0,
Akre Capital Management,0001050470,0001050470-26-000007,2026-08-06,2026-06-30,G97822103,,Perrigo Co PLC,133900.0,1391000.0,
Akre Capital Management,0001050470,0001050470-26-000007,2026-08-06,2026-06-30,703481101,,Patterson-UTI Energy Inc,1437848.0,13199000.0,
Akre Capital Management,0001050470,0001050470-26-000007,2026-08-06,2026-06-30,68622V106,,Organon & Co,3737036.0,50599000.0,
Akre Capital Management,0001050470,0001050470-26-000007,2026-08-06,2026-06-30,67098H104,,O-I Glass Inc,1819744.0,17524000.0,
Akre Capital Management,0001050470,0001050470-26-000007,2026-08-06,2026-06-30,651587107,,NewMarket Corp,237762.0,188127000.0,
Akre Capital Management,0001050470,0001050470-26-000007,2026-08-06,2026-06-30,624756102,,Mueller Industries Inc,1379133.0,169537000.0,
Akre Capital Management,0001050470,0001050470-26-000007,2026-08-06,2026-06-30,597742105,,Midland States Bancorp Inc,379297.0,11811000.0,
Akre Capital Management,0001050470,0001050470-26-000007,2026-08-06,2026-06-30,55616P104,,Macy's Inc,8303495.0,195547000.0,
Akre Capital Management,0001050470,0001050470-26-000007,2026-08-06,2026-06-30,516544103,,Lantheus Holdings Inc,76400.0,8476000.0,
Akre Capital Management,0001050470,0001050470-26-000007,2026-08-06,2026-06-30,489170100,,Kennametal Inc,838400.0,29386000.0,
Akre Capital Management,0001050470,0001050470-26-000007,2026-08-06,2026-06-30,466367109,,Jack in the Box Inc,515379.0,8148000.0,
Akre Capital Management,0001050470,0001050470-26-000007,2026-08-06,2026-06-30,45781M101,,Innoviva Inc,66323.0,1506000.0,
Akre Capital Management,0001050470,0001050470-26-000007,2026-08-06,2026-06-30,443573100,,HubSpot Inc,12300.0,2245000.0,
Akre Capital Management,0001050470,0001050470-26-000007,2026-08-06,2026-06-30,G4388N106,,Helen of Troy Ltd,73092.0,2125000.0,
Akre Capital Management,0001050470,0001050470-26-000007,2026-08-06,2026-06-30,38141G104,,Goldman Sachs Group Inc/The,316773.0,320375000.0,
Akre Capital Management,0001050470,0001050470-26-000007,2026-08-06,2026-06-30,37045V100,,General Motors Co,7023902.0,541402000.0,
Akre Capital Management,0001050470,0001050470-26-000007,2026-08-06,2026-06-30,34959J108,,Fortive Corp,97000.0,5926000.0,
Akre Capital Management,0001050470,0001050470-26-000007,2026-08-06,2026-06-30,31847R102,,First American Financial Corp,2315857.0,158845000.0,
Akre Capital Management,0001050470,0001050470-26-000007,2026-08-06,2026-06-30,30161Q104,,Exelixis Inc,8146478.0,443250000.0,
Akre Capital Management,0001050470,0001050470-26-000007,2026-08-06,2026-06-30,29275Y102,,EnerSys,631500.0,147657000.0,
Akre Capital Management,0001050470,0001050470-26-000007,2026-08-06,2026-06-30,27579R104,,East West Bancorp Inc,285530.0,36859000.0,
Akre Capital Management,0001050470,0001050470-26-000007,2026-08-06,2026-06-30,126650100,,CVS Health Corp,4635285.0,479520000.0,
Akre Capital Management,0001050470,0001050470-26-000007,2026-08-06,2026-06-30,21871X109,,Corebridge Financial Inc,4653328.0,133225000.0,
Akre Capital Management,0001050470,0001050470-26-000007,2026-08-06,2026-06-30,17259U204,,CION Investment Corp,387536.0,2414000.0,
Akre Capital Management,0001050470,0001050470-26-000007,2026-08-06,2026-06-30,153527205,,Central Garden & Pet Co,2514207.0,97476000.0,
Akre Capital Management,0001050470,0001050470-26-000007,2026-08-06,2026-06-30,120076104,,Build-A-Bear Workshop Inc,153600.0,4702000.0,
Akre Capital Management,0001050470,0001050470-26-000007,2026-08-06,2026-06-30,088606108,,BHP Group Ltd,65595.0,5465000.0,
Akre Capital Management,0001050470,0001050470-26-000007,2026-08-06,2026-06-30,060505104,,Bank of America Corp,6784283.0,386568000.0,
Akre Capital Management,0001050470,0001050470-26-000007,2026-08-06,2026-06-30,00206R102,,AT&T Inc,23517154.0,486805000.0,
Akre Capital Management,0001050470,0001050470-26-000007,2026-08-06,2026-06-30,03743Q108,,APA Corp,4883110.0,159043000.0,
Akre Capital Management,0001050470,0001050470-26-000007,2026-08-06,2026-06-30,G02602103,,Amdocs Ltd,4510688.0,227970000.0,
Akre Capital Management,0001050470,0001050470-26-000007,2026-08-06,2026-06-30,011642105,,Alarm.com Holdings Inc,163400.0,7634000.0,
Akre Capital Management,0001050470,0001050470-26-000007,2026-08-06,2026-06-30,98956P102,,Zimmer Biomet Holdings Inc,180659.0,15553000.0,
Akre Capital Management,0001050470,0001050470-26-000007,2026-08-06,2026-06-30,963320106,,Whirlpool Corp,385651.0,15202000.0,
Akre Capital Management,0001050470,0001050470-26-000007,2026-08-06,2026-06-30,20337X109,,Vistance Networks Inc,589200.0,7530000.0,
Akre Capital Management,0001050470,0001050470-26-000007,2026-08-06,2026-06-30,910340108,,United Fire Group Inc,127991.0,6712000.0,
Akre Capital Management,0001050470,0001050470-26-000007,2026-08-06,2026-06-30,892331307,,Toyota Motor Corp,7290.0,1228000.0,
Akre Capital Management,0001050470,0001050470-26-000007,2026-08-06,2026-06-30,G8726T105,,Teekay Corp Ltd,102600.0,1026000.0,
Akre Capital Management,0001050470,0001050470-26-000007,2026-08-06,2026-06-30,832248207,,Smithfield Foods Inc,7114029.0,172586000.0,
Akre Capital Management,0001050470,0001050470-26-000007,2026-08-06,2026-06-30,783549108,,Ryder System Inc,1124337.0,296566000.0,
Akre Capital Management,0001050470,0001050470-26-000007,2026-08-06,2026-06-30,693475105,,PNC Financial Services Group Inc/The,21400.0,5269000.0,
Akre Capital Management,0001050470,0001050470-26-000007,2026-08-06,2026-06-30,700517105,,Park Hotels & Resorts Inc,817400.0,11648000.0,
Akre Capital Management,0001050470,0001050470-26-000007,2026-08-06,2026-06-30,670346105,,Nucor Corp,72719.0,16198000.0,
Akre Capital Management,0001050470,0001050470-26-000007,2026-08-06,2026-06-30,647551100,,New Mountain Finance Corp,3000718.0,21515000.0,
Akre Capital Management,0001050470,0001050470-26-000007,2026-08-06,2026-06-30,55087P104,,Lyft Inc,7712648.0,112682000.0,
Akre Capital Management,0001050470,0001050470-26-000007,2026-08-06,2026-06-30,505336107,,La-Z-Boy Inc,1540557.0,61807000.0,
Akre Capital Management,0001050470,0001050470-26-000007,2026-08-06,2026-06-30,48241A105,,KB Financial Group Inc,13121.0,1377000.0,
Akre Capital Management,0001050470,0001050470-26-000007,2026-08-06,2026-06-30,M6158M104,,Ituran Location and Control Ltd,237763.0,14506000.0,
Akre Capital Management,0001050470,0001050470-26-000007,2026-08-06,2026-06-30,457187102,,Ingredion Inc,2266331.0,214644000.0,
Akre Capital Management,0001050470,0001050470-26-000007,2026-08-06,2026-06-30,40434L105,,HP Inc,13193516.0,289466000.0,
Akre Capital Management,0001050470,0001050470-26-000007,2026-08-06,2026-06-30,42226K105,,Healthcare Realty Trust Inc,131500.0,2652000.0,
Akre Capital Management,0001050470,0001050470-26-000007,2026-08-06,2026-06-30,37959E102,,Globe Life Inc,48590.0,8682000.0,
Akre Capital Management,0001050470,0001050470-26-000007,2026-08-06,2026-06-30,668771108,,Gen Digital Inc,9993371.0,248735000.0,
Akre Capital Management,0001050470,0001050470-26-000007,2026-08-06,2026-06-30,339382103,,Flexsteel Industries Inc,33004.0,2458000.0,
Akre Capital Management,0001050470,0001050470-26-000007,2026-08-06,2026-06-30,29249E109,,Enact Holdings Inc,1005264.0,45951000.0,
Akre Capital Management,0001050470,0001050470-26-000007,2026-08-06,2026-06-30,26210C104,,Dropbox Inc,11517528.0,316386000.0,
Akre Capital Management,0001050470,0001050470-26-000007,2026-08-06,2026-06-30,252784301,,DiamondRock Hospitality Co,661125.0,8053000.0,
Akre Capital Management,0001050470,0001050470-26-000007,2026-08-06,2026-06-30,231021106,,Cummins Inc,304910.0,217465000.0,
Akre Capital Management,0001050470,0001050470-26-000007,2026-08-06,2026-06-30,21036P108,,Constellation Brands Inc,804160.0,111851000.0,
Akre Capital Management,0001050470,0001050470-26-000007,2026-08-06,2026-06-30,191241108,,Coca-Cola Femsa SAB de CV,19800.0,2104000.0,
Akre Capital Management,0001050470,0001050470-26-000007,2026-08-06,2026-06-30,125523100,,Cigna Group/The,575064.0,158534000.0,
Akre Capital Management,0001050470,0001050470-26-000007,2026-08-06,2026-06-30,12514G108,,CDW Corp/DE,291400.0,40982000.0,
Akre Capital Management,0001050470,0001050470-26-000007,2026-08-06,2026-06-30,11135E203,,Broadstone Net Lease Inc,2070300.0,42793000.0,
Akre Capital Management,0001050470,0001050470-26-000007,2026-08-06,2026-06-30,09739D100,,Boise Cascade Co,102000.0,7918000.0,
Akre Capital Management,0001050470,0001050470-26-000007,2026-08-06,2026-06-30,077454106,,Belden Inc,88743.0,10641000.0,
Akre Capital Management,0001050470,0001050470-26-000007,2026-08-06,2026-06-30,058498106,,Ball Corp,469900.0,29322000.0,
Akre Capital Management,0001050470,0001050470-26-000007,2026-08-06,2026-06-30,043436104,,Asbury Automotive Group Inc,16700.0,3358000.0,
Akre Capital Management,0001050470,0001050470-26-000007,2026-08-06,2026-06-30,00183L201,,Angi Inc,654600.0,3895000.0,
Akre Capital Management,0001050470,0001050470-26-000007,2026-08-06,2026-06-30,022671101,,Amalgamated Financial Corp,305658.0,14030000.0,
Akre Capital Management,0001050470,0001050470-26-000007,2026-08-06,2026-06-30,001084102,,AGCO Corp,1874867.0,224422000.0,
Akre Capital Management,0001050470,0001050470-26-000007,2026-08-06,2026-06-30,927107409,,Village Super Market Inc,92571.0,3905000.0,
Akre Capital Management,0001050470,0001050470-26-000007,2026-08-06,2026-06-30,91688F104,,Upwork Inc,6381628.0,53350000.0,
Akre Capital Management,0001050470,0001050470-26-000007,2026-08-06,2026-06-30,890110109,,Tompkins Financial Corp,36400.0,3441000.0,
Akre Capital Management,0001050470,0001050470-26-000007,2026-08-06,2026-06-30,83088M102,,Skyworks Solutions Inc,1848577.0,125334000.0,
Akre Capital Management,0001050470,0001050470-26-000007,2026-08-06,2026-06-30,G8060N102,,Sensata Technologies Holding PLC,42700.0,2038000.0,
Akre Capital Management,0001050470,0001050470-26-000007,2026-08-06,2026-06-30,74965L101,,RLJ Lodging Trust,2247049.0,26628000.0,
Akre Capital Management,0001050470,0001050470-26-000007,2026-08-06,2026-06-30,753422104,,Rapid7 Inc,946297.0,7665000.0,
Akre Capital Management,0001050470,0001050470-26-000007,2026-08-06,2026-06-30,74340E103,,Progyny Inc,895636.0,25821000.0,
Akre Capital Management,0001050470,0001050470-26-000007,2026-08-06,2026-06-30,72352L106,,Pinterest Inc,54700.0,1150000.0,
Akre Capital Management,0001050470,0001050470-26-000007,2026-08-06,2026-06-30,69553P100,,PagerDuty Inc,1626100.0,15692000.0,
Akre Capital Management,0001050470,0001050470-26-000007,2026-08-06,2026-06-30,68287N100,,OneSpan Inc,1502897.0,21567000.0,
Akre Capital Management,0001050470,0001050470-26-000007,2026-08-06,2026-06-30,66765N105,,Northwest Natural Holding Co,67200.0,3297000.0,
Akre Capital Management,0001050470,0001050470-26-000007,2026-08-06,2026-06-30,64110D104,,NetApp Inc,975461.0,150962000.0,
Akre Capital Management,0001050470,0001050470-26-000007,2026-08-06,2026-06-30,552953101,,MGM Resorts International,105000.0,5020000.0,
Akre Capital Management,0001050470,0001050470-26-000007,2026-08-06,2026-06-30,57686G105,,Matson Inc,414482.0,79676000.0,
Akre Capital Management,0001050470,0001050470-26-000007,2026-08-06,2026-06-30,539830109,,Lockheed Martin Corp,158818.0,80911000.0,
Akre Capital Management,0001050470,0001050470-26-000007,2026-08-06,2026-06-30,500754106,,Kraft Heinz Co/The,7814107.0,184569000.0,
Akre Capital Management,0001050470,0001050470-26-000007,2026-08-06,2026-06-30,46625H100,,JPMorgan Chase & Co,487792.0,159669000.0,
Akre Capital Management,0001050470,0001050470-26-000007,2026-08-06,2026-06-30,43940T109,,Hope Bancorp Inc,1506600.0,20610000.0,
Akre Capital Management,0001050470,0001050470-26-000007,2026-08-06,2026-06-30,419596101,,Haverty Furniture Cos Inc,475370.0,12136000.0,
Akre Capital Management,0001050470,0001050470-26-000007,2026-08-06,2026-06-30,402635502,,Gulfport Energy Corp,35800.0,6075000.0,
Akre Capital Management,0001050470,0001050470-26-000007,2026-08-06,2026-06-30,37940X102,,Global Payments Inc,356800.0,25889000.0,
Akre Capital Management,0001050470,0001050470-26-000007,2026-08-06,2026-06-30,366505105,,Garrett Motion Inc,7525017.0,272631000.0,
Akre Capital Management,0001050470,0001050470-26-000007,2026-08-06,2026-06-30,337738108,,Fiserv Inc,989782.0,48549000.0,
Akre Capital Management,0001050470,0001050470-26-000007,2026-08-06,2026-06-30,31428X106,,FedEx Corp,670076.0,209821000.0,
Akre Capital Management,0001050470,0001050470-26-000007,2026-08-06,2026-06-30,25960R105,,Douglas Dynamics Inc,71500.0,3857000.0,
Akre Capital Management,0001050470,0001050470-26-000007,2026-08-06,2026-06-30,248019101,,Deluxe Corp,2053217.0,49031000.0,
Akre Capital Management,0001050470,0001050470-26-000007,2026-08-06,2026-06-30,227046109,,Crocs Inc,1809996.0,218358000.0,
Akre Capital Management,0001050470,0001050470-26-000007,2026-08-06,2026-06-30,20786W107,,ConnectOne Bancorp Inc,30100.0,1007000.0,
Akre Capital Management,0001050470,0001050470-26-000007,2026-08-06,2026-06-30,N20944109,,CNH Industrial NV,11080511.0,124434000.0,
Akre Capital Management,0001050470,0001050470-26-000007,2026-08-06,2026-06-30,674215207,,Chord Energy Corp,200200.0,22883000.0,
Akre Capital Management,0001050470,0001050470-26-000007,2026-08-06,2026-06-30,149123101,,Caterpillar Inc,4517.0,4810000.0,
Akre Capital Management,0001050470,0001050470-26-000007,2026-08-06,2026-06-30,11040G103,,Bristow Group Inc,87300.0,3607000.0,
Akre Capital Management,0001050470,0001050470-26-000007,2026-08-06,2026-06-30,07272M107,,BayCom Corp,83611.0,2751000.0,
Akre Capital Management,0001050470,0001050470-26-000007,2026-08-06,2026-06-30,G0692U109,,Axis Capital Holdings Ltd,981300.0,105431000.0,
Akre Capital Management,0001050470,0001050470-26-000007,2026-08-06,2026-06-30,04010L103,,Ares Capital Corp,536600.0,9943000.0,
Akre Capital Management,0001050470,0001050470-26-000007,2026-08-06,2026-06-30,03209R103,,Amphastar Pharmaceuticals Inc,642014.0,12956000.0,
Akre Capital Management,0001050470,0001050470-26-000007,2026-08-06,2026-06-30,02079K305,,Alphabet Inc,3193945.0,1141420000.0,
Akre Capital Management,0001050470,0001050470-26-000007,2026-08-06,2026-06-30,00773T101,,AdvanSix Inc,548779.0,10910000.0,
Akre Capital Management,0001050470,0001050470-26-000007,2026-08-06,2026-06-30,98421M106,,Xerox Holdings Corp,602950.0,1887000.0,
Akre Capital Management,0001050470,0001050470-26-000007,2026-08-06,2026-06-30,949746101,,Wells Fargo & Co,6153417.0,508518000.0,
Akre Capital Management,0001050470,0001050470-26-000007,2026-08-06,2026-06-30,92556V106,,Viatris Inc,8555180.0,135856000.0,
Akre Capital Management,0001050470,0001050470-26-000007,2026-08-06,2026-06-30,90353T100,,Uber Technologies Inc,28693.0,2070000.0,
Akre Capital Management,0001050470,0001050470-26-000007,2026-08-06,2026-06-30,83012A109,,Sixth Street Specialty Lending Inc,789100.0,13549000.0,
Akre Capital Management,0001050470,0001050470-26-000007,2026-08-06,2026-06-30,807066105,,Scholastic Corp,45784.0,2106000.0,
Akre Capital Management,0001050470,0001050470-26-000007,2026-08-06,2026-06-30,76680R206,,RingCentral Inc,3977000.0,155023000.0,
Akre Capital Management,0001050470,0001050470-26-000007,2026-08-06,2026-06-30,742718109,,Procter & Gamble Co/The,7000.0,1026000.0,
Akre Capital Management,0001050470,0001050470-26-000007,2026-08-06,2026-06-30,720190206,,Piedmont Realty Trust Inc,3835454.0,35094000.0,
Akre Capital Management,0001050470,0001050470-26-000007,2026-08-06,2026-06-30,690742101,,Owens Corning,1522480.0,242013000.0,
Akre Capital Management,0001050470,0001050470-26-000007,2026-08-06,2026-06-30,681936100,,Omega Healthcare Investors Inc,1030800.0,49149000.0,
Akre Capital Management,0001050470,0001050470-26-000007,2026-08-06,2026-06-30,665859104,,Northern Trust Corp,727990.0,126554000.0,
Akre Capital Management,0001050470,0001050470-26-000007,2026-08-06,2026-06-30,63938C108,,Navient Corp,751500.0,6395000.0,
Akre Capital Management,0001050470,0001050470-26-000007,2026-08-06,2026-06-30,608190104,,Mohawk Industries Inc,117100.0,14208000.0,
Akre Capital Management,0001050470,0001050470-26-000007,2026-08-06,2026-06-30,59156R108,,MetLife Inc,1388350.0,117468000.0,
Akre Capital Management,0001050470,0001050470-26-000007,2026-08-06,2026-06-30,576485205,,Matador Resources Co,4023693.0,200299000.0,
Akre Capital Management,0001050470,0001050470-26-000007,2026-08-06,2026-06-30,G5509L101,,LivaNova PLC,675700.0,55563000.0,
Akre Capital Management,0001050470,0001050470-26-000007,2026-08-06,2026-06-30,500255104,,Kohl's Corp,1421908.0,25196000.0,
Akre Capital Management,0001050470,0001050470-26-000007,2026-08-06,2026-06-30,968223206,,John Wiley & Sons Inc,1022604.0,49607000.0,
Akre Capital Management,0001050470,0001050470-26-000007,2026-08-06,2026-06-30,46005L101,,International Money Express Inc,103837.0,1500000.0,
Akre Capital Management,0001050470,0001050470-26-000007,2026-08-06,2026-06-30,45579U109,,Indivior Pharmaceuticals Inc,1024724.0,42044000.0,
Akre Capital Management,0001050470,0001050470-26-000007,2026-08-06,2026-06-30,438128308,,Honda Motor Co Ltd,183074.0,4963000.0,
Akre Capital Management,0001050470,0001050470-26-000007,2026-08-06,2026-06-30,413197104,,Harmony Biosciences Holdings Inc,2061242.0,75050000.0,
Akre Capital Management,0001050470,0001050470-26-000007,2026-08-06,2026-06-30,398433102,,Griffon Corp,204628.0,19957000.0,
Akre Capital Management,0001050470,0001050470-26-000007,2026-08-06,2026-06-30,376536108,,Gladstone Commercial Corp,291600.0,3587000.0,
Akre Capital Management,0001050470,0001050470-26-000007,2026-08-06,2026-06-30,36237H101,,G-III Apparel Group Ltd,1395953.0,47058000.0,
Akre Capital Management,0001050470,0001050470-26-000007,2026-08-06,2026-06-30,320517105,,First Horizon Corp,13113410.0,336228000.0,
Akre Capital Management,0001050470,0001050470-26-000007,2026-08-06,2026-06-30,256677105,,Dollar General Corp,802900.0,92422000.0,
Akre Capital Management,0001050470,0001050470-26-000007,2026-08-06,2026-06-30,G36738105,,Del Monte Corp,1736057.0,48453000.0,
Akre Capital Management,0001050470,0001050470-26-000007,2026-08-06,2026-06-30,224441105,,Crane NXT Co,110210.0,5638000.0,
Akre Capital Management,0001050470,0001050470-26-000007,2026-08-06,2026-06-30,205887102,,Conagra Brands Inc,5666061.0,76265000.0,
Akre Capital Management,0001050470,0001050470-26-000007,2026-08-06,2026-06-30,16934Q802,,Chimera Investment Corp,1519685.0,20273000.0,
Akre Capital Management,0001050470,0001050470-26-000007,2026-08-06,2026-06-30,14575E105,,Cars.com Inc,452652.0,4952000.0,
Akre Capital Management,0001050470,0001050470-26-000007,2026-08-06,2026-06-30,109696104,,Brink's Co/The,1320416.0,124766000.0,
Akre Capital Management,0001050470,0001050470-26-000007,2026-08-06,2026-06-30,P16994132,,Bladex Inc,1144126.0,70329000.0,
Akre Capital Management,0001050470,0001050470-26-000007,2026-08-06,2026-06-30,05379B107,,Avista Corp,514811.0,21061000.0,
Akre Capital Management,0001050470,0001050470-26-000007,2026-08-06,2026-06-30,039483102,,Archer-Daniels-Midland Co,1658130.0,126681000.0,
Akre Capital Management,0001050470,0001050470-26-000007,2026-08-06,2026-06-30,031162100,,Amgen Inc,603549.0,218557000.0,
Akre Capital Management,0001050470,0001050470-26-000007,2026-08-06,2026-06-30,020002101,,Allstate Corp/The,1516509.0,360838000.0,
Akre Capital Management,0001050470,0001050470-26-000007,2026-08-06,2026-06-30,00676P107,,Adeia Inc,337700.0,11120000.0,
Akre Capital Management,0001050470,0001050470-26-000007,2026-08-06,2026-06-30,940610108,,Washington Trust Bancorp Inc,67597.0,2466000.0,
Akre Capital Management,0001050470,0001050470-26-000007,2026-08-06,2026-06-30,92343V104,,Verizon Communications Inc,12904335.0,546370000.0,
Akre Capital Management,0001050470,0001050470-26-000007,2026-08-06,2026-06-30,883203101,,Textron Inc,4595936.0,421585000.0,
Akre Capital Management,0001050470,0001050470-26-000007,2026-08-06,2026-06-30,M8744T106,,Taboola.com Ltd,5619344.0,28097000.0,
Akre Capital Management,0001050470,0001050470-26-000007,2026-08-06,2026-06-30,85208M102,,Sprouts Farmers Market Inc,172872.0,14622000.0,
Akre Capital Management,0001050470,0001050470-26-000007,2026-08-06,2026-06-30,82900L102,,Simply Good Foods Co/The,2057900.0,27329000.0,
Akre Capital Management,0001050470,0001050470-26-000007,2026-08-06,2026-06-30,801056102,,Sanmina Corp,14860.0,3761000.0,
Akre Capital Management,0001050470,0001050470-26-000007,2026-08-06,2026-06-30,747525103,,QUALCOMM Inc,3454750.0,638403000.0,
Akre Capital Management,0001050470,0001050470-26-000007,2026-08-06,2026-06-30,718546104,,Phillips 66,775649.0,131123000.0,
Akre Capital Management,0001050470,0001050470-26-000007,2026-08-06,2026-06-30,58502B106,,Pediatrix Medical Group Inc,1192313.0,30201000.0,
Akre Capital Management,0001050470,0001050470-26-000007,2026-08-06,2026-06-30,689648103,,Otter Tail Corp,1186461.0,106758000.0,
Akre Capital Management,0001050470,0001050470-26-000007,2026-08-06,2026-06-30,678026105,,Oil States International Inc,201400.0,1613000.0,
Akre Capital Management,0001050470,0001050470-26-000007,2026-08-06,2026-06-30,M8T80P204,,Nexxen International Ltd,374001.0,3377000.0,
Akre Capital Management,0001050470,0001050470-26-000007,2026-08-06,2026-06-30,636180101,,National Fuel Gas Co,2361366.0,182321000.0,
Akre Capital Management,0001050470,0001050470-26-000007,2026-08-06,2026-06-30,59001A102,,Meritage Homes Corp,224000.0,18782000.0,
Akre Capital Management,0001050470,0001050470-26-000007,2026-08-06,2026-06-30,56585A102,,Marathon Petroleum Corp,1444352.0,369277000.0,
Akre Capital Management,0001050470,0001050470-26-000007,2026-08-06,2026-06-30,49803T300,,Kite Realty Group Trust,1129300.0,32050000.0,
Akre Capital Management,0001050470,0001050470-26-000007,2026-08-06,2026-06-30,N4732M103,,JBS NV,1769300.0,20966000.0,
Akre Capital Management,0001050470,0001050470-26-000007,2026-08-06,2026-06-30,452327109,,Illumina Inc,8700.0,1530000.0,
Akre Capital Management,0001050470,0001050470-26-000007,2026-08-06,2026-06-30,403949100,,HF Sinclair Corp,3627250.0,252638000.0,
Akre Capital Management,0001050470,0001050470-26-000007,2026-08-06,2026-06-30,410867105,,Hanover Insurance Group Inc/The,46000.0,9850000.0,
Akre Capital Management,0001050470,0001050470-26-000007,2026-08-06,2026-06-30,390905107,,Great Southern Bancorp Inc,138284.0,10843000.0,
Akre Capital Management,0001050470,0001050470-26-000007,2026-08-06,2026-06-30,319829107,,First Commonwealth Financial Corp,173000.0,3517000.0,
Akre Capital Management,0001050470,0001050470-26-000007,2026-08-06,2026-06-30,26875P101,,EOG Resources Inc,773452.0,100340000.0,
Akre Capital Management,0001050470,0001050470-26-000007,2026-08-06,2026-06-30,28035Q102,,Edgewell Personal Care Co,1375319.0,36941000.0,
Akre Capital Management,0001050470,0001050470-26-000007,2026-08-06,2026-06-30,23918K108,,DaVita Inc,908389.0,202098000.0,
Akre Capital Management,0001050470,0001050470-26-000007,2026-08-06,2026-06-30,222795502,,Cousins Properties Inc,1301904.0,39031000.0,
Akre Capital Management,0001050470,0001050470-26-000007,2026-08-06,2026-06-30,20369C106,,Community Healthcare Trust Inc,147600.0,2698000.0,
Akre Capital Management,0001050470,0001050470-26-000007,2026-08-06,2026-06-30,16208T102,,Chatham Lodging Trust,175800.0,2326000.0,
Akre Capital Management,0001050470,0001050470-26-000007,2026-08-06,2026-06-30,872280102,,Carlyle Secured Lending Inc,352150.0,3708000.0,
Akre Capital Management,0001050470,0001050470-26-000007,2026-08-06,2026-06-30,12466Q104,,C&F Financial Corp,34867.0,2789000.0,
Akre Capital Management,0001050470,0001050470-26-000007,2026-08-06,2026-06-30,105368203,,Brandywine Realty Trust,1143203.0,3624000.0,
Akre Capital Management,0001050470,0001050470-26-000007,2026-08-06,2026-06-30,06652K103,,BankUnited Inc,164500.0,7970000.0,
Akre Capital Management,0001050470,0001050470-26-000007,2026-08-06,2026-06-30,G3265R107,,Aptiv PLC,55522.0,3408000.0,
Akre Capital Management,0001050470,0001050470-26-000007,2026-08-06,2026-06-30,026874784,,American International Group Inc,4440767.0,330970000.0,
Akre Capital Management,0001050470,0001050470-26-000007,2026-08-06,2026-06-30,00108J109,,ACM Research Inc,12100.0,1535000.0,
Akre Capital Management,0001050470,0001050470-26-000007,2026-08-06,2026-06-30,981475106,,World Kinect Corp,1969489.0,64875000.0,
Akre Capital Management,0001050470,0001050470-26-000007,2026-08-06,2026-06-30,919794107,,Valley National Bancorp,1499400.0,21966000.0,
Akre Capital Management,0001050470,0001050470-26-000007,2026-08-06,2026-06-30,91324P102,,UnitedHealth Group Inc,15565.0,6469000.0,
Akre Capital Management,0001050470,0001050470-26-000007,2026-08-06,2026-06-30,835495102,,Sonoco Products Co,4648027.0,261916000.0,
Akre Capital Management,0001050470,0001050470-26-000007,2026-08-06,2026-06-30,826917106,,SIGA Technologies Inc,461307.0,1679000.0,
Akre Capital Management,0001050470,0001050470-26-000007,2026-08-06,2026-06-30,79546E104,,Sally Beauty Holdings Inc,4457727.0,63032000.0,
Akre Capital Management,0001050470,0001050470-26-000007,2026-08-06,2026-06-30,759351604,,Reinsurance Group of America Inc,159100.0,33833000.0,
Akre Capital Management,0001050470,0001050470-26-000007,2026-08-06,2026-06-30,693656100,,PVH Corp,2110140.0,156699000.0,
Akre Capital Management,0001050470,0001050470-26-000007,2026-08-06,2026-06-30,717081103,,Pfizer Inc,18940504.0,456087000.0,
Akre Capital Management,0001050470,0001050470-26-000007,2026-08-06,2026-06-30,69320M109,,PCB Bancorp,409480.0,11617000.0,
Akre Capital Management,0001050470,0001050470-26-000007,2026-08-06,2026-06-30,67401P405,,Oaktree Specialty Lending Corp,139966.0,1671000.0,
Akre Capital Management,0001050470,0001050470-26-000007,2026-08-06,2026-06-30,652526203,,NewtekOne Inc,118000.0,1748000.0,
Akre Capital Management,0001050470,0001050470-26-000007,2026-08-06,2026-06-30,626717102,,Murphy Oil Corp,1040331.0,33873000.0,
Akre Capital Management,0001050470,0001050470-26-000007,2026-08-06,2026-06-30,L6388F110,,Millicom International Cellular SA,78180.0,7096000.0,
Akre Capital Management,0001050470,0001050470-26-000007,2026-08-06,2026-06-30,58933Y105,,Merck & Co Inc,5299408.0,680974000.0,
Akre Capital Management,0001050470,0001050470-26-000007,2026-08-06,2026-06-30,521865204,,Lear Corp,763299.0,102328000.0,
Akre Capital Management,0001050470,0001050470-26-000007,2026-08-06,2026-06-30,493732101,,Kforce Inc,51963.0,2438000.0,
Akre Capital Management,0001050470,0001050470-26-000007,2026-08-06,2026-06-30,47012E403,,JAKKS Pacific Inc,126200.0,2938000.0,
Akre Capital Management,0001050470,0001050470-26-000007,2026-08-06,2026-06-30,806407102,,Henry Schein Inc,28100.0,2347000.0,
Akre Capital Management,0001050470,0001050470-26-000007,2026-08-06,2026-06-30,38246G108,,GoodRx Holdings Inc,5156711.0,14851000.0,
Akre Capital Management,0001050470,0001050470-26-000007,2026-08-06,2026-06-30,G3922B107,,Genpact Ltd,4258726.0,117115000.0,
Akre Capital Management,0001050470,0001050470-26-000007,2026-08-06,2026-06-30,35137L105,,Fox Corp,6701958.0,349574000.0,
Akre Capital Management,0001050470,0001050470-26-000007,2026-08-06,2026-06-30,318672706,,First BanCorp/Puerto Rico,3294478.0,85887000.0,
Akre Capital Management,0001050470,0001050470-26-000007,2026-08-06,2026-06-30,30212P303,,Expedia Group Inc,1526080.0,390493000.0,
Akre Capital Management,0001050470,0001050470-26-000007,2026-08-06,2026-06-30,293389102,,Ennis Inc,530256.0,11268000.0,
Akre Capital Management,0001050470,0001050470-26-000007,2026-08-06,2026-06-30,277432100,,Eastman Chemical Co,1226239.0,82133000.0,
Akre Capital Management,0001050470,0001050470-26-000007,2026-08-06,2026-06-30,199333105,,Columbus McKinnon Corp/NY,271346.0,4105000.0,
Akre Capital Management,0001050470,0001050470-26-000007,2026-08-06,2026-06-30,17275R102,,Cisco Systems Inc,7109399.0,835070000.0,
Akre Capital Management,0001050470,0001050470-26-000007,2026-08-06,2026-06-30,14057J101,,Capitol Federal Financial Inc,686350.0,5841000.0,
Akre Capital Management,0001050470,0001050470-26-000007,2026-08-06,2026-06-30,12135Y108,,Burke & Herbert Financial Services Corp,26200.0,1883000.0,
Akre Capital Management,0001050470,0001050470-26-000007,2026-08-06,2026-06-30,090043100,,BILL Holdings Inc,38200.0,1381000.0,
Akre Capital Management,0001050470,0001050470-26-000007,2026-08-06,2026-06-30,05156V102,,Aurinia Pharmaceuticals Inc,1079447.0,18318000.0,
Akre Capital Management,0001050470,0001050470-26-000007,2026-08-06,2026-06-30,03784Y200,,Apple Hospitality REIT Inc,2506353.0,42132000.0,
Akre Capital Management,0001050470,0001050470-26-000007,2026-08-06,2026-06-30,024013104,,American Assets Trust Inc,2212047.0,54615000.0,
Akre Capital Management,0001050470,0001050470-26-000007,2026-08-06,2026-06-30,013091103,,Albertsons Cos Inc,11903072.0,161049000.0,
Akre Capital Management,0001050470,0001050470-26-000007,2026-08-06,2026-06-30,98980L101,,Zoom Communications Inc,1132643.0,97758000.0,
Akre Capital Management,0001050470,0001050470-26-000007,2026-08-06,2026-06-30,970646105,,Willis Lease Finance Corp,100400.0,22972000.0,
Akre Capital Management,0001050470,0001050470-26-000007,2026-08-06,2026-06-30,928881101,,Vontier Corp,2761323.0,80078000.0,
Akre Capital Management,0001050470,0001050470-26-000007,2026-08-06,2026-06-30,92242T101,,V2X Inc,124400.0,9275000.0,
Akre Capital Management,0001050470,0001050470-26-000007,2026-08-06,2026-06-30,911312106,,United Parcel Service Inc,1567862.0,168545000.0,
Akre Capital Management,0001050470,0001050470-26-000007,2026-08-06,2026-06-30,894164102,,Travel Leisure Co,1786791.0,136564000.0,
Akre Capital Management,0001050470,0001050470-26-000007,2026-08-06,2026-06-30,88025T102,,Tenable Holdings Inc,1086700.0,40077000.0,
Akre Capital Management,0001050470,0001050470-26-000007,2026-08-06,2026-06-30,86722A103,,SunCoke Energy Inc,447652.0,3604000.0,
Akre Capital Management,0001050470,0001050470-26-000007,2026-08-06,2026-06-30,825107105,,Shore Bancshares Inc,204977.0,4704000.0,
Akre Capital Management,0001050470,0001050470-26-000007,2026-08-06,2026-06-30,78573L106,,Sabra Health Care REIT Inc,376200.0,7340000.0,
Akre Capital Management,0001050470,0001050470-26-000007,2026-08-06,2026-06-30,75886F107,,Regeneron Pharmaceuticals Inc,253200.0,157880000.0,
Akre Capital Management,0001050470,0001050470-26-000007,2026-08-06,2026-06-30,733174700,,Popular Inc,1194168.0,196058000.0,
Akre Capital Management,0001050470,0001050470-26-000007,2026-08-06,2026-06-30,71363P106,,Perdoceo Education Corp,2198958.0,70367000.0,
Akre Capital Management,0001050470,0001050470-26-000007,2026-08-06,2026-06-30,68389X105,,Oracle Corp,19129.0,2803000.0,
Akre Capital Management,0001050470,0001050470-26-000007,2026-08-06,2026-06-30,667746101,,NWPX Infrastructure Inc,178238.0,26725000.0,
Akre Capital Management,0001050470,0001050470-26-000007,2026-08-06,2026-06-30,596278101,,Middleby Corp/The,137849.0,23711000.0,
Akre Capital Management,0001050470,0001050470-26-000007,2026-08-06,2026-06-30,55305B101,,M/I Homes Inc,14400.0,2315000.0,
Akre Capital Management,0001050470,0001050470-26-000007,2026-08-06,2026-06-30,512807306,,Lam Research Corp,29905.0,12959000.0,
Akre Capital Management,0001050470,0001050470-26-000007,2026-08-06,2026-06-30,488152208,,Kelly Services Inc,516029.0,6337000.0,
Akre Capital Management,0001050470,0001050470-26-000007,2026-08-06,2026-06-30,466313103,,Jabil Inc,240355.0,92652000.0,
Akre Capital Management,0001050470,0001050470-26-000007,2026-08-06,2026-06-30,45781V101,,Innovative Industrial Properties Inc,127197.0,7884000.0,
Akre Capital Management,0001050470,0001050470-26-000007,2026-08-06,2026-06-30,404280406,,HSBC Holdings PLC,35828.0,3407000.0,
Akre Capital Management,0001050470,0001050470-26-000007,2026-08-06,2026-06-30,42250P103,,Healthpeak Properties Inc,133300.0,2853000.0,
Akre Capital Management,0001050470,0001050470-26-000007,2026-08-06,2026-06-30,40637H109,,Halozyme Therapeutics Inc,1410257.0,110381000.0,
Akre Capital Management,0001050470,0001050470-26-000007,2026-08-06,2026-06-30,370334104,,General Mills Inc,4165170.0,144948000.0,
Akre Capital Management,0001050470,0001050470-26-000007,2026-08-06,2026-06-30,345370860,,Ford Motor Co,17702000.0,246058000.0,
Akre Capital Management,0001050470,0001050470-26-000007,2026-08-06,2026-06-30,317585404,,Financial Institutions Inc,179800.0,7007000.0,
Akre Capital Management,0001050470,0001050470-26-000007,2026-08-06,2026-06-30,30040P103,,EVERTEC Inc,202846.0,5635000.0,
Akre Capital Management,0001050470,0001050470-26-000007,2026-08-06,2026-06-30,29272W109,,Energizer Holdings Inc,3538550.0,75867000.0,
Akre Capital Management,0001050470,0001050470-26-000007,2026-08-06,2026-06-30,23355L106,,DXC Technology Co,3848390.0,34058000.0,
Akre Capital Management,0001050470,0001050470-26-000007,2026-08-06,2026-06-30,253651202,,Diebold Nixdorf Inc,1121411.0,95342000.0,
Akre Capital Management,0001050470,0001050470-26-000007,2026-08-06,2026-06-30,126600105,,CVB Financial Corp,122900.0,2771000.0,
Akre Capital Management,0001050470,0001050470-26-000007,2026-08-06,2026-06-30,19459J104,,Collegium Pharmaceutical Inc,344500.0,12471000.0,
Akre Capital Management,0001050470,0001050470-26-000007,2026-08-06,2026-06-30,17243V102,,Cinemark Holdings Inc,238015.0,7552000.0,
Akre Capital Management,0001050470,0001050470-26-000007,2026-08-06,2026-06-30,15135B101,,Centene Corp,656800.0,42160000.0,
Akre Capital Management,0001050470,0001050470-26-000007,2026-08-06,2026-06-30,138006309,,Canon Inc,196840.0,5049000.0,
Akre Capital Management,0001050470,0001050470-26-000007,2026-08-06,2026-06-30,099724106,,BorgWarner Inc,6576464.0,436677000.0,
Akre Capital Management,0001050470,0001050470-26-000007,2026-08-06,2026-06-30,086516101,,Best Buy Co Inc,1365688.0,103628000.0,
Akre Capital Management,0001050470,0001050470-26-000007,2026-08-06,2026-06-30,035710839,,Annaly Capital Management Inc,3064917.0,68532000.0,
Akre Capital Management,0001050470,0001050470-26-000007,2026-08-06,2026-06-30,00164V103,,AMC Global Media Inc,578806.0,5776000.0,
Akre Capital Management,0001050470,0001050470-26-000007,2026-08-06,2026-06-30,00971T101,,Akamai Technologies Inc,480700.0,56824000.0,
Akre Capital Management,0001050470,0001050470-26-000007,2026-08-06,2026-06-30,00402L107,,Academy Sports & Outdoors Inc,3202955.0,150955000.0,
Akre Capital Management,0001050470,0001050470-26-000004,2026-05-11,2026-03-31,929089100,,Voya Financial Inc,1044310.0,71347000.0,
Akre Capital Management,0001050470,0001050470-26-000004,2026-05-11,2026-03-31,87265H109,,Tri Pointe Homes Inc,1225800.0,57282000.0,
Akre Capital Management,0001050470,0001050470-26-000004,2026-05-11,2026-03-31,880345103,,Tennant Co,81300.0,5398000.0,
Akre Capital Management,0001050470,0001050470-26-000004,2026-05-11,2026-03-31,835495102,,Sonoco Products Co,2086499.0,112859000.0,
Akre Capital Management,0001050470,0001050470-26-000004,2026-05-11,2026-03-31,G81276100,,Signet Jewelers Ltd,1166180.0,98705000.0,
Akre Capital Management,0001050470,0001050470-26-000004,2026-05-11,2026-03-31,80007P869,,SandRidge Energy Inc,471711.0,7694000.0,
Akre Capital Management,0001050470,0001050470-26-000004,2026-05-11,2026-03-31,G7496G103,,RenaissanceRe Holdings Ltd,47260.0,14047000.0,
Akre Capital Management,0001050470,0001050470-26-000004,2026-05-11,2026-03-31,747301109,,Quad/Graphics Inc,1333701.0,8816000.0,
Akre Capital Management,0001050470,0001050470-26-000004,2026-05-11,2026-03-31,718546104,,Phillips 66,790599.0,144031000.0,
Akre Capital Management,0001050470,0001050470-26-000004,2026-05-11,2026-03-31,704551100,,Peabody Energy Corp,544400.0,17938000.0,
Akre Capital Management,0001050470,0001050470-26-000004,2026-05-11,2026-03-31,688239201,,Oshkosh Corp,1988650.0,292749000.0,
Akre Capital Management,0001050470,0001050470-26-000004,2026-05-11,2026-03-31,67401P405,,Oaktree Specialty Lending Corp,139966.0,1582000.0,
Akre Capital Management,0001050470,0001050470-26-000004,2026-05-11,2026-03-31,652526203,,NewtekOne Inc,120500.0,1319000.0,
Akre Capital Management,0001050470,0001050470-26-000004,2026-05-11,2026-03-31,626717102,,Murphy Oil Corp,830255.0,34248000.0,
Akre Capital Management,0001050470,0001050470-26-000004,2026-05-11,2026-03-31,58958P104,,Meridian Corp,67256.0,1275000.0,
Akre Capital Management,0001050470,0001050470-26-000004,2026-05-11,2026-03-31,56418H100,,ManpowerGroup Inc,1059539.0,31214000.0,
Akre Capital Management,0001050470,0001050470-26-000004,2026-05-11,2026-03-31,N4732M103,,JBS NV,1362700.0,24474000.0,
Akre Capital Management,0001050470,0001050470-26-000004,2026-05-11,2026-03-31,423403104,,Hello Group Inc,3444271.0,19839000.0,
Akre Capital Management,0001050470,0001050470-26-000004,2026-05-11,2026-03-31,668771108,,Gen Digital Inc,8891175.0,167421000.0,
Akre Capital Management,0001050470,0001050470-26-000004,2026-05-11,2026-03-31,302520101,,FNB Corp/PA,1776400.0,29701000.0,
Akre Capital Management,0001050470,0001050470-26-000004,2026-05-11,2026-03-31,25179M103,,Devon Energy Corp,452314.0,22760000.0,
Akre Capital Management,0001050470,0001050470-26-000004,2026-05-11,2026-03-31,228368106,,Crown Holdings Inc,1312097.0,131538000.0,
Akre Capital Management,0001050470,0001050470-26-000004,2026-05-11,2026-03-31,218683100,,Core Molding Technologies Inc,47872.0,1072000.0,
Akre Capital Management,0001050470,0001050470-26-000004,2026-05-11,2026-03-31,192446102,,Cognizant Technology Solutions Corp,2072590.0,127153000.0,
Akre Capital Management,0001050470,0001050470-26-000004,2026-05-11,2026-03-31,125523100,,Cigna Group/The,536737.0,143175000.0,
Akre Capital Management,0001050470,0001050470-26-000004,2026-05-11,2026-03-31,124830878,,CBL & Associates Properties Inc,76300.0,2932000.0,
Akre Capital Management,0001050470,0001050470-26-000004,2026-05-11,2026-03-31,134429109,,Campbell's Company/The,4636904.0,103264000.0,
Akre Capital Management,0001050470,0001050470-26-000004,2026-05-11,2026-03-31,11135E203,,Broadstone Net Lease Inc,2106600.0,38488000.0,
Akre Capital Management,0001050470,0001050470-26-000004,2026-05-11,2026-03-31,09624H208,,BlueLinx Holdings Inc,45500.0,2465000.0,
Akre Capital Management,0001050470,0001050470-26-000004,2026-05-11,2026-03-31,058498106,,Ball Corp,53200.0,3145000.0,
Akre Capital Management,0001050470,0001050470-26-000004,2026-05-11,2026-03-31,00183L201,,Angi Inc,691800.0,4739000.0,
Akre Capital Management,0001050470,0001050470-26-000004,2026-05-11,2026-03-31,02209S103,,Altria Group Inc,5984735.0,394933000.0,
Akre Capital Management,0001050470,0001050470-26-000004,2026-05-11,2026-03-31,N00985106,,AerCap Holdings NV,442428.0,60692000.0,
Akre Capital Management,0001050470,0001050470-26-000004,2026-05-11,2026-03-31,98980L101,,Zoom Communications Inc,1179049.0,94784000.0,
Akre Capital Management,0001050470,0001050470-26-000004,2026-05-11,2026-03-31,20337X109,,Vistance Networks Inc,182800.0,3327000.0,
Akre Capital Management,0001050470,0001050470-26-000004,2026-05-11,2026-03-31,902973304,,US Bancorp,468400.0,24361000.0,
Akre Capital Management,0001050470,0001050470-26-000004,2026-05-11,2026-03-31,910047109,,United Airlines Holdings Inc,2581229.0,237654000.0,
Akre Capital Management,0001050470,0001050470-26-000004,2026-05-11,2026-03-31,894164102,,Travel Leisure Co,1638937.0,113398000.0,
Akre Capital Management,0001050470,0001050470-26-000004,2026-05-11,2026-03-31,86722A103,,SunCoke Energy Inc,3179331.0,20697000.0,
Akre Capital Management,0001050470,0001050470-26-000004,2026-05-11,2026-03-31,825690100,,Shutterstock Inc,1666506.0,27681000.0,
Akre Capital Management,0001050470,0001050470-26-000004,2026-05-11,2026-03-31,79466L302,,Salesforce Inc,1233900.0,230332000.0,
Akre Capital Management,0001050470,0001050470-26-000004,2026-05-11,2026-03-31,7591EP100,,Regions Financial Corp,9025259.0,235740000.0,
Akre Capital Management,0001050470,0001050470-26-000004,2026-05-11,2026-03-31,74587V107,,Puma Biotechnology Inc,1182868.0,7559000.0,
Akre Capital Management,0001050470,0001050470-26-000004,2026-05-11,2026-03-31,717081103,,Pfizer Inc,17290693.0,485523000.0,
Akre Capital Management,0001050470,0001050470-26-000004,2026-05-11,2026-03-31,70450Y103,,PayPal Holdings Inc,3801655.0,171949000.0,
Akre Capital Management,0001050470,0001050470-26-000004,2026-05-11,2026-03-31,68622V106,,Organon & Co,7259730.0,43486000.0,
Akre Capital Management,0001050470,0001050470-26-000004,2026-05-11,2026-03-31,667746101,,NWPX Infrastructure Inc,185365.0,14433000.0,
Akre Capital Management,0001050470,0001050470-26-000004,2026-05-11,2026-03-31,600544100,,MillerKnoll Inc,1397646.0,20210000.0,
Akre Capital Management,0001050470,0001050470-26-000004,2026-05-11,2026-03-31,587376104,,Mercantile Bank Corp,283186.0,14301000.0,
Akre Capital Management,0001050470,0001050470-26-000004,2026-05-11,2026-03-31,55616P104,,Macy's Inc,6572367.0,118894000.0,
Akre Capital Management,0001050470,0001050470-26-000004,2026-05-11,2026-03-31,521865204,,Lear Corp,730181.0,88410000.0,
Akre Capital Management,0001050470,0001050470-26-000004,2026-05-11,2026-03-31,47012E403,,JAKKS Pacific Inc,126200.0,2514000.0,
Akre Capital Management,0001050470,0001050470-26-000004,2026-05-11,2026-03-31,45781V101,,Innovative Industrial Properties Inc,106200.0,5327000.0,
Akre Capital Management,0001050470,0001050470-26-000004,2026-05-11,2026-03-31,42226K105,,Healthcare Realty Trust Inc,131500.0,2234000.0,
Akre Capital Management,0001050470,0001050470-26-000004,2026-05-11,2026-03-31,404609109,,Hackett Group Inc/The,119800.0,1559000.0,
Akre Capital Management,0001050470,0001050470-26-000004,2026-05-11,2026-03-31,366505105,,Garrett Motion Inc,7255309.0,131829000.0,
Akre Capital Management,0001050470,0001050470-26-000004,2026-05-11,2026-03-31,31428X106,,FedEx Corp,1105365.0,393709000.0,
Akre Capital Management,0001050470,0001050470-26-000004,2026-05-11,2026-03-31,256746108,,Dollar Tree Inc,46700.0,5114000.0,
Akre Capital Management,0001050470,0001050470-26-000004,2026-05-11,2026-03-31,24703L202,,Dell Technologies Inc,2821292.0,463059000.0,
Akre Capital Management,0001050470,0001050470-26-000004,2026-05-11,2026-03-31,20848V105,,Consensus Cloud Solutions Inc,728485.0,17294000.0,
Akre Capital Management,0001050470,0001050470-26-000004,2026-05-11,2026-03-31,12621E103,,CNO Financial Group Inc,3155032.0,129546000.0,
Akre Capital Management,0001050470,0001050470-26-000004,2026-05-11,2026-03-31,674215207,,Chord Energy Corp,199000.0,28294000.0,
Akre Capital Management,0001050470,0001050470-26-000004,2026-05-11,2026-03-31,14888U101,,Catalyst Pharmaceuticals Inc,609500.0,15091000.0,
Akre Capital Management,0001050470,0001050470-26-000004,2026-05-11,2026-03-31,11040G103,,Bristow Group Inc,45974.0,2156000.0,
Akre Capital Management,0001050470,0001050470-26-000004,2026-05-11,2026-03-31,094235108,,Bloomin' Brands Inc,2898939.0,15654000.0,
Akre Capital Management,0001050470,0001050470-26-000004,2026-05-11,2026-03-31,070830104,,Bath & Body Works Inc,170966.0,3192000.0,
Akre Capital Management,0001050470,0001050470-26-000004,2026-05-11,2026-03-31,G0692U109,,Axis Capital Holdings Ltd,717800.0,72792000.0,
Akre Capital Management,0001050470,0001050470-26-000004,2026-05-11,2026-03-31,04010L103,,Ares Capital Corp,544100.0,9805000.0,
Akre Capital Management,0001050470,0001050470-26-000004,2026-05-11,2026-03-31,03168L105,,Amneal Pharmaceuticals Inc,197300.0,2452000.0,
Akre Capital Management,0001050470,0001050470-26-000004,2026-05-11,2026-03-31,02079K107,,Alphabet Inc,66730.0,19142000.0,
Akre Capital Management,0001050470,0001050470-26-000004,2026-05-11,2026-03-31,00724F101,,Adobe Inc,999442.0,242944000.0,
Akre Capital Management,0001050470,0001050470-26-000004,2026-05-11,2026-03-31,48123V102,,Ziff Davis Inc,933421.0,39166000.0,
Akre Capital Management,0001050470,0001050470-26-000004,2026-05-11,2026-03-31,959802109,,Western Union Co/The,10017734.0,87455000.0,
Akre Capital Management,0001050470,0001050470-26-000004,2026-05-11,2026-03-31,92763W103,,Vipshop Holdings Ltd,6175749.0,97083000.0,
Akre Capital Management,0001050470,0001050470-26-000004,2026-05-11,2026-03-31,76009N100,,Upbound Group Inc,2313279.0,41755000.0,
Akre Capital Management,0001050470,0001050470-26-000004,2026-05-11,2026-03-31,F92124100,,TotalEnergies SE,27100.0,2466000.0,
Akre Capital Management,0001050470,0001050470-26-000004,2026-05-11,2026-03-31,G8726T105,,Teekay Corp Ltd,125736.0,1535000.0,
Akre Capital Management,0001050470,0001050470-26-000004,2026-05-11,2026-03-31,78454L100,,SM Energy Co,232701.0,7256000.0,
Akre Capital Management,0001050470,0001050470-26-000004,2026-05-11,2026-03-31,758075402,,Redwood Trust Inc,1855261.0,10408000.0,
Akre Capital Management,0001050470,0001050470-26-000004,2026-05-11,2026-03-31,744320102,,Prudential Financial Inc,378870.0,37012000.0,
Akre Capital Management,0001050470,0001050470-26-000004,2026-05-11,2026-03-31,733174700,,Popular Inc,1092238.0,146546000.0,
Akre Capital Management,0001050470,0001050470-26-000004,2026-05-11,2026-03-31,71363P106,,Perdoceo Education Corp,1710381.0,63643000.0,
Akre Capital Management,0001050470,0001050470-26-000004,2026-05-11,2026-03-31,700666100,,Park-Ohio Holdings Corp,141912.0,3412000.0,
Akre Capital Management,0001050470,0001050470-26-000004,2026-05-11,2026-03-31,646025106,,New Jersey Resources Corp,31380.0,1723000.0,
Akre Capital Management,0001050470,0001050470-26-000004,2026-05-11,2026-03-31,03761U502,,MidCap Financial Investment Corp,96100.0,1080000.0,
Akre Capital Management,0001050470,0001050470-26-000004,2026-05-11,2026-03-31,55087P104,,Lyft Inc,2454735.0,32648000.0,
Akre Capital Management,0001050470,0001050470-26-000004,2026-05-11,2026-03-31,505743104,,Ladder Capital Corp,527800.0,5157000.0,
Akre Capital Management,0001050470,0001050470-26-000004,2026-05-11,2026-03-31,488152208,,Kelly Services Inc,517629.0,4581000.0,
Akre Capital Management,0001050470,0001050470-26-000004,2026-05-11,2026-03-31,466313103,,Jabil Inc,535515.0,142249000.0,
Akre Capital Management,0001050470,0001050470-26-000004,2026-05-11,2026-03-31,419596101,,Haverty Furniture Cos Inc,475370.0,10068000.0,
Akre Capital Management,0001050470,0001050470-26-000004,2026-05-11,2026-03-31,37733W204,,GSK PLC,25000.0,1380000.0,
Akre Capital Management,0001050470,0001050470-26-000004,2026-05-11,2026-03-31,376536108,,Gladstone Commercial Corp,292000.0,3338000.0,
Akre Capital Management,0001050470,0001050470-26-000004,2026-05-11,2026-03-31,36237H101,,G-III Apparel Group Ltd,1331538.0,36884000.0,
Akre Capital Management,0001050470,0001050470-26-000004,2026-05-11,2026-03-31,G3198U102,,Essent Group Ltd,468790.0,27396000.0,
Akre Capital Management,0001050470,0001050470-26-000004,2026-05-11,2026-03-31,285512109,,Electronic Arts Inc,31310.0,6383000.0,
Akre Capital Management,0001050470,0001050470-26-000004,2026-05-11,2026-03-31,25659T107,,Dolby Laboratories Inc,28100.0,1688000.0,
Akre Capital Management,0001050470,0001050470-26-000004,2026-05-11,2026-03-31,23918K108,,DaVita Inc,931058.0,143094000.0,
Akre Capital Management,0001050470,0001050470-26-000004,2026-05-11,2026-03-31,12634H200,,CPI Card Group Inc,92100.0,1336000.0,
Akre Capital Management,0001050470,0001050470-26-000004,2026-05-11,2026-03-31,126117100,,CNA Financial Corp,265100.0,12173000.0,
Akre Capital Management,0001050470,0001050470-26-000004,2026-05-11,2026-03-31,16934Q802,,Chimera Investment Corp,1278218.0,16042000.0,
Akre Capital Management,0001050470,0001050470-26-000004,2026-05-11,2026-03-31,143905107,,Carriage Services Inc,546727.0,24964000.0,
Akre Capital Management,0001050470,0001050470-26-000004,2026-05-11,2026-03-31,127055101,,Cabot Corp,592700.0,44636000.0,
Akre Capital Management,0001050470,0001050470-26-000004,2026-05-11,2026-03-31,109696104,,Brink's Co/The,1342816.0,139156000.0,
Akre Capital Management,0001050470,0001050470-26-000004,2026-05-11,2026-03-31,066849100,,Bar Harbor Bankshares,103350.0,3354000.0,
Akre Capital Management,0001050470,0001050470-26-000004,2026-05-11,2026-03-31,05379B107,,Avista Corp,516108.0,20717000.0,
Akre Capital Management,0001050470,0001050470-26-000004,2026-05-11,2026-03-31,039483102,,Archer-Daniels-Midland Co,1724632.0,125363000.0,
Akre Capital Management,0001050470,0001050470-26-000004,2026-05-11,2026-03-31,03076C106,,Ameriprise Financial Inc,301458.0,133968000.0,
Akre Capital Management,0001050470,0001050470-26-000004,2026-05-11,2026-03-31,01973R101,,Allison Transmission Holdings Inc,2130551.0,249402000.0,
Akre Capital Management,0001050470,0001050470-26-000004,2026-05-11,2026-03-31,926400102,,Victoria's Secret & Co,163800.0,7594000.0,
Akre Capital Management,0001050470,0001050470-26-000004,2026-05-11,2026-03-31,91359V107,,Universal Insurance Holdings Inc,274800.0,9387000.0,
Akre Capital Management,0001050470,0001050470-26-000004,2026-05-11,2026-03-31,90138F102,,Twilio Inc,19440.0,2446000.0,
Akre Capital Management,0001050470,0001050470-26-000004,2026-05-11,2026-03-31,889478103,,Toll Brothers Inc,819359.0,111818000.0,
Akre Capital Management,0001050470,0001050470-26-000004,2026-05-11,2026-03-31,87724P106,,Taylor Morrison Home Corp,29900.0,1741000.0,
Akre Capital Management,0001050470,0001050470-26-000004,2026-05-11,2026-03-31,858119100,,Steel Dynamics Inc,714790.0,128662000.0,
Akre Capital Management,0001050470,0001050470-26-000004,2026-05-11,2026-03-31,83088M102,,Skyworks Solutions Inc,1905678.0,102049000.0,
Akre Capital Management,0001050470,0001050470-26-000004,2026-05-11,2026-03-31,81761L102,,Service Properties Trust,2049430.0,2777000.0,
Akre Capital Management,0001050470,0001050470-26-000004,2026-05-11,2026-03-31,774515100,,Rocky Brands Inc,140344.0,5434000.0,
Akre Capital Management,0001050470,0001050470-26-000004,2026-05-11,2026-03-31,74930B105,,RBB Bancorp,188400.0,4026000.0,
Akre Capital Management,0001050470,0001050470-26-000004,2026-05-11,2026-03-31,74348T102,,Prospect Capital Corp,535835.0,1399000.0,
Akre Capital Management,0001050470,0001050470-26-000004,2026-05-11,2026-03-31,72815L107,,Playtika Holding Corp,4354425.0,12105000.0,
Akre Capital Management,0001050470,0001050470-26-000004,2026-05-11,2026-03-31,709789101,,Peoples Bancorp Inc/OH,133116.0,4376000.0,
Akre Capital Management,0001050470,0001050470-26-000004,2026-05-11,2026-03-31,69888T207,,Par Pacific Holdings Inc,471191.0,29515000.0,
Akre Capital Management,0001050470,0001050470-26-000004,2026-05-11,2026-03-31,68268W103,,OneMain Holdings Inc,87900.0,4702000.0,
Akre Capital Management,0001050470,0001050470-26-000004,2026-05-11,2026-03-31,66765N105,,Northwest Natural Holding Co,67200.0,3576000.0,
Akre Capital Management,0001050470,0001050470-26-000004,2026-05-11,2026-03-31,63001N106,,NCR Atleos Corp,901399.0,39283000.0,
Akre Capital Management,0001050470,0001050470-26-000004,2026-05-11,2026-03-31,617446448,,Morgan Stanley,24302.0,3999000.0,
Akre Capital Management,0001050470,0001050470-26-000004,2026-05-11,2026-03-31,595112103,,Micron Technology Inc,609365.0,205868000.0,
Akre Capital Management,0001050470,0001050470-26-000004,2026-05-11,2026-03-31,577081102,,Mattel Inc,6238390.0,90644000.0,
Akre Capital Management,0001050470,0001050470-26-000004,2026-05-11,2026-03-31,501044101,,Kroger Co/The,6632349.0,479917000.0,
Akre Capital Management,0001050470,0001050470-26-000004,2026-05-11,2026-03-31,46333X108,,Ironwood Pharmaceuticals Inc,308271.0,1082000.0,
Akre Capital Management,0001050470,0001050470-26-000004,2026-05-11,2026-03-31,456237106,,Industrial Logistics Properties Trust,1131580.0,6427000.0,
Akre Capital Management,0001050470,0001050470-26-000004,2026-05-11,2026-03-31,438128308,,Honda Motor Co Ltd,190680.0,4635000.0,
Akre Capital Management,0001050470,0001050470-26-000004,2026-05-11,2026-03-31,413197104,,Harmony Biosciences Holdings Inc,2025143.0,56724000.0,
Akre Capital Management,0001050470,0001050470-26-000004,2026-05-11,2026-03-31,393657101,,Greenbrier Cos Inc/The,786311.0,41399000.0,
Akre Capital Management,0001050470,0001050470-26-000004,2026-05-11,2026-03-31,374297109,,Getty Realty Corp,242870.0,7723000.0,
Akre Capital Management,0001050470,0001050470-26-000004,2026-05-11,2026-03-31,320209109,,First Financial Bancorp,274410.0,7651000.0,
Akre Capital Management,0001050470,0001050470-26-000004,2026-05-11,2026-03-31,28035Q102,,Edgewell Personal Care Co,1212098.0,25866000.0,
Akre Capital Management,0001050470,0001050470-26-000004,2026-05-11,2026-03-31,254423106,,Dine Brands Global Inc,575392.0,15098000.0,
Akre Capital Management,0001050470,0001050470-26-000004,2026-05-11,2026-03-31,222795502,,Cousins Properties Inc,1128604.0,25473000.0,
Akre Capital Management,0001050470,0001050470-26-000004,2026-05-11,2026-03-31,204149108,,Community Trust Bancorp Inc,269980.0,16393000.0,
Akre Capital Management,0001050470,0001050470-26-000004,2026-05-11,2026-03-31,178867107,,Civista Bancshares Inc,128200.0,2922000.0,
Akre Capital Management,0001050470,0001050470-26-000004,2026-05-11,2026-03-31,16208T102,,Chatham Lodging Trust,160700.0,1265000.0,
Akre Capital Management,0001050470,0001050470-26-000004,2026-05-11,2026-03-31,141788109,,Cargurus Inc,72200.0,2458000.0,
Akre Capital Management,0001050470,0001050470-26-000004,2026-05-11,2026-03-31,105368203,,Brandywine Realty Trust,1143203.0,3098000.0,
Akre Capital Management,0001050470,0001050470-26-000004,2026-05-11,2026-03-31,09062X103,,Biogen Inc,333739.0,61184000.0,
Akre Capital Management,0001050470,0001050470-26-000004,2026-05-11,2026-03-31,06417N103,,Bank OZK,503800.0,23119000.0,
Akre Capital Management,0001050470,0001050470-26-000004,2026-05-11,2026-03-31,05329W102,,AutoNation Inc,497760.0,97193000.0,
Akre Capital Management,0001050470,0001050470-26-000004,2026-05-11,2026-03-31,G3265R107,,Aptiv PLC,58530.0,4064000.0,
Akre Capital Management,0001050470,0001050470-26-000004,2026-05-11,2026-03-31,025537101,,American Electric Power Co Inc,72290.0,9476000.0,
Akre Capital Management,0001050470,0001050470-26-000004,2026-05-11,2026-03-31,92343V104,,Verizon Communications Inc,12134056.0,609130000.0,
Akre Capital Management,0001050470,0001050470-26-000004,2026-05-11,2026-03-31,83012A109,,Sixth Street Specialty Lending Inc,789112.0,14504000.0,
Akre Capital Management,0001050470,0001050470-26-000004,2026-05-11,2026-03-31,808625107,,Science Applications International Corp,1576273.0,149620000.0,
Akre Capital Management,0001050470,0001050470-26-000004,2026-05-11,2026-03-31,767204100,,Rio Tinto PLC,36146.0,3372000.0,
Akre Capital Management,0001050470,0001050470-26-000004,2026-05-11,2026-03-31,750236101,,Radian Group Inc,6150067.0,203444000.0,
Akre Capital Management,0001050470,0001050470-26-000004,2026-05-11,2026-03-31,74319R101,,PROG Holdings Inc,1178574.0,33813000.0,
Akre Capital Management,0001050470,0001050470-26-000004,2026-05-11,2026-03-31,72348N109,,Pinnacle Financial Partners Inc,51479.0,4434000.0,
Akre Capital Management,0001050470,0001050470-26-000004,2026-05-11,2026-03-31,708062104,,PennantPark Investment Corp,1454141.0,6529000.0,
Akre Capital Management,0001050470,0001050470-26-000004,2026-05-11,2026-03-31,691497309,,Oxford Industries Inc,52300.0,2014000.0,
Akre Capital Management,0001050470,0001050470-26-000004,2026-05-11,2026-03-31,680223104,,Old Republic International Corp,2623467.0,104676000.0,
Akre Capital Management,0001050470,0001050470-26-000004,2026-05-11,2026-03-31,665859104,,Northern Trust Corp,771790.0,107719000.0,
Akre Capital Management,0001050470,0001050470-26-000004,2026-05-11,2026-03-31,55272X607,,MFA Financial Inc,580175.0,5558000.0,
Akre Capital Management,0001050470,0001050470-26-000004,2026-05-11,2026-03-31,576485205,,Matador Resources Co,3847931.0,243112000.0,
Akre Capital Management,0001050470,0001050470-26-000004,2026-05-11,2026-03-31,501889208,,LKQ Corp,65900.0,1935000.0,
Akre Capital Management,0001050470,0001050470-26-000004,2026-05-11,2026-03-31,50060P106,,Koppers Holdings Inc,926031.0,35819000.0,
Akre Capital Management,0001050470,0001050470-26-000004,2026-05-11,2026-03-31,46591M109,,JOYY Inc,677073.0,39534000.0,
Akre Capital Management,0001050470,0001050470-26-000004,2026-05-11,2026-03-31,46005L101,,International Money Express Inc,720221.0,11379000.0,
Akre Capital Management,0001050470,0001050470-26-000004,2026-05-11,2026-03-31,45337C102,,Incyte Corp,3920056.0,368956000.0,
Akre Capital Management,0001050470,0001050470-26-000004,2026-05-11,2026-03-31,403949100,,HF Sinclair Corp,3660150.0,228357000.0,
Akre Capital Management,0001050470,0001050470-26-000004,2026-05-11,2026-03-31,410867105,,Hanover Insurance Group Inc/The,34900.0,6050000.0,
Akre Capital Management,0001050470,0001050470-26-000004,2026-05-11,2026-03-31,388689101,,Graphic Packaging Holding Co,1758428.0,17479000.0,
Akre Capital Management,0001050470,0001050470-26-000004,2026-05-11,2026-03-31,G3922B107,,Genpact Ltd,3358372.0,125099000.0,
Akre Capital Management,0001050470,0001050470-26-000004,2026-05-11,2026-03-31,319383204,,First Busey Corp,1388361.0,35084000.0,
Akre Capital Management,0001050470,0001050470-26-000004,2026-05-11,2026-03-31,30212P303,,Expedia Group Inc,1143870.0,264108000.0,
Akre Capital Management,0001050470,0001050470-26-000004,2026-05-11,2026-03-31,293389102,,Ennis Inc,535856.0,11478000.0,
Akre Capital Management,0001050470,0001050470-26-000004,2026-05-11,2026-03-31,277432100,,Eastman Chemical Co,1202039.0,91740000.0,
Akre Capital Management,0001050470,0001050470-26-000004,2026-05-11,2026-03-31,126600105,,CVB Financial Corp,122900.0,2383000.0,
Akre Capital Management,0001050470,0001050470-26-000004,2026-05-11,2026-03-31,20030N101,,Comcast Corp,13768980.0,395307000.0,
Akre Capital Management,0001050470,0001050470-26-000004,2026-05-11,2026-03-31,172967424,,Citigroup Inc,5626886.0,638145000.0,
Akre Capital Management,0001050470,0001050470-26-000004,2026-05-11,2026-03-31,14040H105,,Capital One Financial Corp,13818.0,2521000.0,
Akre Capital Management,0001050470,0001050470-26-000004,2026-05-11,2026-03-31,12135Y108,,Burke & Herbert Financial Services Corp,45200.0,2816000.0,
Akre Capital Management,0001050470,0001050470-26-000004,2026-05-11,2026-03-31,088606108,,BHP Group Ltd,65595.0,4771000.0,
Akre Capital Management,0001050470,0001050470-26-000004,2026-05-11,2026-03-31,064058100,,Bank of New York Mellon Corp/The,4265676.0,506037000.0,
Akre Capital Management,0001050470,0001050470-26-000004,2026-05-11,2026-03-31,047649108,,Atkore Inc,1051861.0,61965000.0,
Akre Capital Management,0001050470,0001050470-26-000004,2026-05-11,2026-03-31,03784Y200,,Apple Hospitality REIT Inc,2576953.0,29661000.0,
Akre Capital Management,0001050470,0001050470-26-000004,2026-05-11,2026-03-31,02376R102,,American Airlines Group Inc,3004086.0,32264000.0,
Akre Capital Management,0001050470,0001050470-26-000004,2026-05-11,2026-03-31,011642105,,Alarm.com Holdings Inc,126900.0,5481000.0,
Akre Capital Management,0001050470,0001050470-26-000004,2026-05-11,2026-03-31,981811102,,Worthington Enterprises Inc,229270.0,11954000.0,
Akre Capital Management,0001050470,0001050470-26-000004,2026-05-11,2026-03-31,919794107,,Valley National Bancorp,1499400.0,18413000.0,
Akre Capital Management,0001050470,0001050470-26-000004,2026-05-11,2026-03-31,91307C102,,United Therapeutics Corp,398665.0,236400000.0,
Akre Capital Management,0001050470,0001050470-26-000004,2026-05-11,2026-03-31,88160R101,,Tesla Inc,2800.0,1041000.0,
Akre Capital Management,0001050470,0001050470-26-000004,2026-05-11,2026-03-31,M8744T106,,Taboola.com Ltd,3215589.0,9968000.0,
Akre Capital Management,0001050470,0001050470-26-000004,2026-05-11,2026-03-31,82900L102,,Simply Good Foods Co/The,2057900.0,29531000.0,
Akre Capital Management,0001050470,0001050470-26-000004,2026-05-11,2026-03-31,766559702,,Rigel Pharmaceuticals Inc,601507.0,16265000.0,
Akre Capital Management,0001050470,0001050470-26-000004,2026-05-11,2026-03-31,74179A107,,Princeton Bancorp Inc,30837.0,1041000.0,
Akre Capital Management,0001050470,0001050470-26-000004,2026-05-11,2026-03-31,719405102,,Photronics Inc,2882518.0,116483000.0,
Akre Capital Management,0001050470,0001050470-26-000004,2026-05-11,2026-03-31,705573103,,Pegasystems Inc,72100.0,3069000.0,
Akre Capital Management,0001050470,0001050470-26-000004,2026-05-11,2026-03-31,69007J304,,Outfront Media Inc,2016814.0,53446000.0,
Akre Capital Management,0001050470,0001050470-26-000004,2026-05-11,2026-03-31,67103X102,,OFG Bancorp,1284891.0,51987000.0,
Akre Capital Management,0001050470,0001050470-26-000004,2026-05-11,2026-03-31,628464109,,Myers Industries Inc,467140.0,9894000.0,
Akre Capital Management,0001050470,0001050470-26-000004,2026-05-11,2026-03-31,30303M102,,Meta Platforms Inc,23850.0,13645000.0,
Akre Capital Management,0001050470,0001050470-26-000004,2026-05-11,2026-03-31,56585A102,,Marathon Petroleum Corp,1281834.0,312998000.0,
Akre Capital Management,0001050470,0001050470-26-000004,2026-05-11,2026-03-31,446413106,,Huntington Ingalls Industries Inc,440764.0,167446000.0,
Akre Capital Management,0001050470,0001050470-26-000004,2026-05-11,2026-03-31,G4412G101,,Herbalife Ltd,2626094.0,38656000.0,
Akre Capital Management,0001050470,0001050470-26-000004,2026-05-11,2026-03-31,38173M102,,Golub Capital BDC Inc,845900.0,10709000.0,
Akre Capital Management,0001050470,0001050470-26-000004,2026-05-11,2026-03-31,370334104,,General Mills Inc,4229870.0,157436000.0,
Akre Capital Management,0001050470,0001050470-26-000004,2026-05-11,2026-03-31,34959J108,,Fortive Corp,98600.0,5451000.0,
Akre Capital Management,0001050470,0001050470-26-000004,2026-05-11,2026-03-31,317585404,,Financial Institutions Inc,163900.0,5197000.0,
Akre Capital Management,0001050470,0001050470-26-000004,2026-05-11,2026-03-31,29275Y102,,EnerSys,719149.0,124931000.0,
Akre Capital Management,0001050470,0001050470-26-000004,2026-05-11,2026-03-31,23355L106,,DXC Technology Co,3688588.0,46366000.0,
Akre Capital Management,0001050470,0001050470-26-000004,2026-05-11,2026-03-31,252784301,,DiamondRock Hospitality Co,676725.0,6341000.0,
Akre Capital Management,0001050470,0001050470-26-000004,2026-05-11,2026-03-31,22948Q101,,CTO Realty Growth Inc,427702.0,7908000.0,
Akre Capital Management,0001050470,0001050470-26-000004,2026-05-11,2026-03-31,21871X109,,Corebridge Financial Inc,4702728.0,112207000.0,
Akre Capital Management,0001050470,0001050470-26-000004,2026-05-11,2026-03-31,17259U204,,CION Investment Corp,387536.0,2651000.0,
Akre Capital Management,0001050470,0001050470-26-000004,2026-05-11,2026-03-31,15135B101,,Centene Corp,1658022.0,54284000.0,
Akre Capital Management,0001050470,0001050470-26-000004,2026-05-11,2026-03-31,099502106,,Booz Allen Hamilton Holding Corp,48300.0,3769000.0,
Akre Capital Management,0001050470,0001050470-26-000004,2026-05-11,2026-03-31,077454106,,Belden Inc,54943.0,6309000.0,
Akre Capital Management,0001050470,0001050470-26-000004,2026-05-11,2026-03-31,045487105,,Associated Banc-Corp,3819247.0,98766000.0,
Akre Capital Management,0001050470,0001050470-26-000004,2026-05-11,2026-03-31,035710839,,Annaly Capital Management Inc,3069067.0,64911000.0,
Akre Capital Management,0001050470,0001050470-26-000004,2026-05-11,2026-03-31,023135106,,Amazon.com Inc,108900.0,22681000.0,
Akre Capital Management,0001050470,0001050470-26-000004,2026-05-11,2026-03-31,001084102,,AGCO Corp,1889732.0,218963000.0,
Akre Capital Management,0001050470,0001050470-26-000004,2026-05-11,2026-03-31,000957100,,ABM Industries Inc,1636256.0,63029000.0,
Akre Capital Management,0001050470,0001050470-26-000004,2026-05-11,2026-03-31,97651M109,,Wipro Ltd,763200.0,1618000.0,
Akre Capital Management,0001050470,0001050470-26-000004,2026-05-11,2026-03-31,928881101,,Vontier Corp,1981199.0,70273000.0,
Akre Capital Management,0001050470,0001050470-26-000004,2026-05-11,2026-03-31,917488108,,Utah Medical Products Inc,19859.0,1231000.0,
Akre Capital Management,0001050470,0001050470-26-000004,2026-05-11,2026-03-31,910873405,,United Microelectronics Corp,694211.0,6234000.0,
Akre Capital Management,0001050470,0001050470-26-000004,2026-05-11,2026-03-31,88033G407,,Tenet Healthcare Corp,205660.0,38810000.0,
Akre Capital Management,0001050470,0001050470-26-000004,2026-05-11,2026-03-31,871332102,,Sylvamo Corp,1594370.0,67346000.0,
Akre Capital Management,0001050470,0001050470-26-000004,2026-05-11,2026-03-31,826917106,,SIGA Technologies Inc,538630.0,2882000.0,
Akre Capital Management,0001050470,0001050470-26-000004,2026-05-11,2026-03-31,80004C200,,Sandisk Corp/DE,180072.0,114407000.0,
Akre Capital Management,0001050470,0001050470-26-000004,2026-05-11,2026-03-31,759509102,,Reliance Inc,3900.0,1185000.0,
Akre Capital Management,0001050470,0001050470-26-000004,2026-05-11,2026-03-31,74736K101,,Qorvo Inc,1650228.0,127728000.0,
Akre Capital Management,0001050470,0001050470-26-000004,2026-05-11,2026-03-31,722304102,,PDD Holdings Inc,136900.0,13988000.0,
Akre Capital Management,0001050470,0001050470-26-000004,2026-05-11,2026-03-31,687380105,,Orrstown Financial Services Inc,30700.0,1108000.0,
Akre Capital Management,0001050470,0001050470-26-000004,2026-05-11,2026-03-31,651639106,,Newmont Corp,3827239.0,414299000.0,
Akre Capital Management,0001050470,0001050470-26-000004,2026-05-11,2026-03-31,601137102,,Millrose Properties Inc,223933.0,6270000.0,
Akre Capital Management,0001050470,0001050470-26-000004,2026-05-11,2026-03-31,589400100,,Mercury General Corp,55700.0,4910000.0,
Akre Capital Management,0001050470,0001050470-26-000004,2026-05-11,2026-03-31,49427F108,,Kilroy Realty Corp,600900.0,16951000.0,
Akre Capital Management,0001050470,0001050470-26-000004,2026-05-11,2026-03-31,G50871105,,Jazz Pharmaceuticals PLC,2386840.0,451232000.0,
Akre Capital Management,0001050470,0001050470-26-000004,2026-05-11,2026-03-31,443573100,,HubSpot Inc,6400.0,1562000.0,
Akre Capital Management,0001050470,0001050470-26-000004,2026-05-11,2026-03-31,G4388N106,,Helen of Troy Ltd,73092.0,1054000.0,
Akre Capital Management,0001050470,0001050470-26-000004,2026-05-11,2026-03-31,40637H109,,Halozyme Therapeutics Inc,1371558.0,88644000.0,
Akre Capital Management,0001050470,0001050470-26-000004,2026-05-11,2026-03-31,380237107,,GoDaddy Inc,165100.0,13649000.0,
Akre Capital Management,0001050470,0001050470-26-000004,2026-05-11,2026-03-31,36266G107,,GE HealthCare Technologies Inc,1816170.0,129275000.0,
Akre Capital Management,0001050470,0001050470-26-000004,2026-05-11,2026-03-31,339382103,,Flexsteel Industries Inc,33000.0,1483000.0,
Akre Capital Management,0001050470,0001050470-26-000004,2026-05-11,2026-03-31,G3398L118,,Fidelis Insurance Holdings Ltd,4881640.0,93288000.0,
Akre Capital Management,0001050470,0001050470-26-000004,2026-05-11,2026-03-31,G3223R108,,Everest Group Ltd,386640.0,126373000.0,
Akre Capital Management,0001050470,0001050470-26-000004,2026-05-11,2026-03-31,29249E109,,Enact Holdings Inc,1025564.0,41853000.0,
Akre Capital Management,0001050470,0001050470-26-000004,2026-05-11,2026-03-31,25960R105,,Douglas Dynamics Inc,69900.0,2942000.0,
Akre Capital Management,0001050470,0001050470-26-000004,2026-05-11,2026-03-31,248019101,,Deluxe Corp,2028317.0,55860000.0,
Akre Capital Management,0001050470,0001050470-26-000004,2026-05-11,2026-03-31,F21107101,,Constellium SE,233500.0,5739000.0,
Akre Capital Management,0001050470,0001050470-26-000004,2026-05-11,2026-03-31,191241108,,Coca-Cola Femsa SAB de CV,19800.0,1931000.0,
Akre Capital Management,0001050470,0001050470-26-000004,2026-05-11,2026-03-31,H1467J104,,Chubb Ltd,84058.0,27397000.0,
Akre Capital Management,0001050470,0001050470-26-000004,2026-05-11,2026-03-31,149150104,,Cathay General Bancorp,678200.0,33815000.0,
Akre Capital Management,0001050470,0001050470-26-000004,2026-05-11,2026-03-31,11135F101,,Broadcom Inc,15742.0,4872000.0,
Akre Capital Management,0001050470,0001050470-26-000004,2026-05-11,2026-03-31,69121K104,,Blue Owl Capital Corp,2747947.0,30392000.0,
Akre Capital Management,0001050470,0001050470-26-000004,2026-05-11,2026-03-31,07272M107,,BayCom Corp,84711.0,2518000.0,
Akre Capital Management,0001050470,0001050470-26-000004,2026-05-11,2026-03-31,042735100,,Arrow Electronics Inc,1922005.0,275635000.0,
Akre Capital Management,0001050470,0001050470-26-000004,2026-05-11,2026-03-31,034164103,,Andersons Inc/The,26800.0,1924000.0,
Akre Capital Management,0001050470,0001050470-26-000004,2026-05-11,2026-03-31,00773T101,,AdvanSix Inc,550679.0,13437000.0,
Akre Capital Management,0001050470,0001050470-26-000004,2026-05-11,2026-03-31,989701107,,Zions Bancorp NA,3910279.0,225310000.0,
Akre Capital Management,0001050470,0001050470-26-000004,2026-05-11,2026-03-31,963320106,,Whirlpool Corp,410251.0,22121000.0,
Akre Capital Management,0001050470,0001050470-26-000004,2026-05-11,2026-03-31,92826C839,,Visa Inc,7404.0,2238000.0,
Akre Capital Management,0001050470,0001050470-26-000004,2026-05-11,2026-03-31,001228501,,TPG Mortgage Investment Trust Inc,300793.0,2199000.0,
Akre Capital Management,0001050470,0001050470-26-000004,2026-05-11,2026-03-31,294821608,,Telefonaktiebolaget LM Ericsson,142400.0,1605000.0,
Akre Capital Management,0001050470,0001050470-26-000004,2026-05-11,2026-03-31,866683105,,Sun Country Airlines Holdings Inc,1117027.0,18453000.0,
Akre Capital Management,0001050470,0001050470-26-000004,2026-05-11,2026-03-31,833034101,,Snap-on Inc,246730.0,89617000.0,
Akre Capital Management,0001050470,0001050470-26-000004,2026-05-11,2026-03-31,825107105,,Shore Bancshares Inc,209977.0,3922000.0,
Akre Capital Management,0001050470,0001050470-26-000004,2026-05-11,2026-03-31,Y7388L103,,Safe Bulkers Inc,1963190.0,12427000.0,
Akre Capital Management,0001050470,0001050470-26-000004,2026-05-11,2026-03-31,75902K106,,Regional Management Corp,343232.0,11069000.0,
Akre Capital Management,0001050470,0001050470-26-000004,2026-05-11,2026-03-31,745867101,,PulteGroup Inc,2655679.0,312334000.0,
Akre Capital Management,0001050470,0001050470-26-000004,2026-05-11,2026-03-31,737446104,,Post Holdings Inc,64600.0,6386000.0,
Akre Capital Management,0001050470,0001050470-26-000004,2026-05-11,2026-03-31,703481101,,Patterson-UTI Energy Inc,650958.0,7050000.0,
Akre Capital Management,0001050470,0001050470-26-000004,2026-05-11,2026-03-31,68389X105,,Oracle Corp,19129.0,2814000.0,
Akre Capital Management,0001050470,0001050470-26-000004,2026-05-11,2026-03-31,67066G104,,NVIDIA Corp,192500.0,33572000.0,
Akre Capital Management,0001050470,0001050470-26-000004,2026-05-11,2026-03-31,597742105,,Midland States Bancorp Inc,290289.0,6476000.0,
Akre Capital Management,0001050470,0001050470-26-000004,2026-05-11,2026-03-31,55305B101,,M/I Homes Inc,14800.0,1812000.0,
Akre Capital Management,0001050470,0001050470-26-000004,2026-05-11,2026-03-31,516544103,,Lantheus Holdings Inc,76400.0,5795000.0,
Akre Capital Management,0001050470,0001050470-26-000004,2026-05-11,2026-03-31,46817M107,,Jackson Financial Inc,1059841.0,112046000.0,
Akre Capital Management,0001050470,0001050470-26-000004,2026-05-11,2026-03-31,M5425M103,,Inmode Ltd,138109.0,1889000.0,
Akre Capital Management,0001050470,0001050470-26-000004,2026-05-11,2026-03-31,40434L105,,HP Inc,11108047.0,213386000.0,
Akre Capital Management,0001050470,0001050470-26-000004,2026-05-11,2026-03-31,40412C101,,HCA Healthcare Inc,818427.0,387312000.0,
Akre Capital Management,0001050470,0001050470-26-000004,2026-05-11,2026-03-31,093671105,,H&R Block Inc,1531890.0,48622000.0,
Akre Capital Management,0001050470,0001050470-26-000004,2026-05-11,2026-03-31,37940X102,,Global Payments Inc,440400.0,29639000.0,
Akre Capital Management,0001050470,0001050470-26-000004,2026-05-11,2026-03-31,364760108,,Gap Inc/The,3515616.0,85078000.0,
Akre Capital Management,0001050470,0001050470-26-000004,2026-05-11,2026-03-31,314211103,,Federated Hermes Inc,2882229.0,163451000.0,
Akre Capital Management,0001050470,0001050470-26-000004,2026-05-11,2026-03-31,29082K105,,Embecta Corp,549182.0,4855000.0,
Akre Capital Management,0001050470,0001050470-26-000004,2026-05-11,2026-03-31,256677105,,Dollar General Corp,798900.0,94853000.0,
Akre Capital Management,0001050470,0001050470-26-000004,2026-05-11,2026-03-31,G2519Y108,,Credicorp Ltd,77600.0,26320000.0,
Akre Capital Management,0001050470,0001050470-26-000004,2026-05-11,2026-03-31,20825C104,,ConocoPhillips,931326.0,122935000.0,
Akre Capital Management,0001050470,0001050470-26-000004,2026-05-11,2026-03-31,N20944109,,CNH Industrial NV,11371611.0,125088000.0,
Akre Capital Management,0001050470,0001050470-26-000004,2026-05-11,2026-03-31,37954A303,,Chiron Real Estate Inc,152539.0,5046000.0,
Akre Capital Management,0001050470,0001050470-26-000004,2026-05-11,2026-03-31,146229109,,Carter's Inc,788437.0,28195000.0,
Akre Capital Management,0001050470,0001050470-26-000004,2026-05-11,2026-03-31,13057Q305,,California Resources Corp,407100.0,28179000.0,
Akre Capital Management,0001050470,0001050470-26-000004,2026-05-11,2026-03-31,110122108,,Bristol-Myers Squibb Co,8855362.0,537078000.0,
Akre Capital Management,0001050470,0001050470-26-000004,2026-05-11,2026-03-31,054540208,,Axcelis Technologies Inc,429500.0,39978000.0,
Akre Capital Management,0001050470,0001050470-26-000004,2026-05-11,2026-03-31,031652100,,Amkor Technology Inc,1310500.0,59012000.0,
Akre Capital Management,0001050470,0001050470-26-000004,2026-05-11,2026-03-31,02005N100,,Ally Financial Inc,1929285.0,75686000.0,
Akre Capital Management,0001050470,0001050470-26-000004,2026-05-11,2026-03-31,00676P107,,Adeia Inc,2535528.0,60929000.0,
Akre Capital Management,0001050470,0001050470-26-000004,2026-05-11,2026-03-31,958102105,,Western Digital Corp,369272.0,99884000.0,
Akre Capital Management,0001050470,0001050470-26-000004,2026-05-11,2026-03-31,927107409,,Village Super Market Inc,95671.0,4040000.0,
Akre Capital Management,0001050470,0001050470-26-000004,2026-05-11,2026-03-31,91529Y106,,Unum Group,2583072.0,188642000.0,
Akre Capital Management,0001050470,0001050470-26-000004,2026-05-11,2026-03-31,902681105,,UGI Corp,6199039.0,225769000.0,
Akre Capital Management,0001050470,0001050470-26-000004,2026-05-11,2026-03-31,891092108,,Toro Co/The,34400.0,3214000.0,
Akre Capital Management,0001050470,0001050470-26-000004,2026-05-11,2026-03-31,G87110105,,TechnipFMC PLC,131400.0,9084000.0,
Akre Capital Management,0001050470,0001050470-26-000004,2026-05-11,2026-03-31,86272C103,,Strategic Education Inc,80574.0,6684000.0,
Akre Capital Management,0001050470,0001050470-26-000004,2026-05-11,2026-03-31,78442P106,,SLM Corp,901100.0,19293000.0,
Akre Capital Management,0001050470,0001050470-26-000004,2026-05-11,2026-03-31,783549108,,Ryder System Inc,1265731.0,259108000.0,
Akre Capital Management,0001050470,0001050470-26-000004,2026-05-11,2026-03-31,731068102,,Polaris Inc,32160.0,1753000.0,
Akre Capital Management,0001050470,0001050470-26-000004,2026-05-11,2026-03-31,713448108,,PepsiCo Inc,25799.0,4006000.0,
Akre Capital Management,0001050470,0001050470-26-000004,2026-05-11,2026-03-31,700517105,,Park Hotels & Resorts Inc,820900.0,8644000.0,
Akre Capital Management,0001050470,0001050470-26-000004,2026-05-11,2026-03-31,64115T104,,NetScout Systems Inc,2745452.0,87278000.0,
Akre Capital Management,0001050470,0001050470-26-000004,2026-05-11,2026-03-31,61945C103,,Mosaic Co/The,1548990.0,39499000.0,
Akre Capital Management,0001050470,0001050470-26-000004,2026-05-11,2026-03-31,59540G107,,Mid Penn Bancorp Inc,63200.0,2033000.0,
Akre Capital Management,0001050470,0001050470-26-000004,2026-05-11,2026-03-31,G5698W116,,Luxfer Holdings PLC,331000.0,4032000.0,
Akre Capital Management,0001050470,0001050470-26-000004,2026-05-11,2026-03-31,505336107,,La-Z-Boy Inc,1506182.0,48409000.0,
Akre Capital Management,0001050470,0001050470-26-000004,2026-05-11,2026-03-31,48666K109,,KB Home,917236.0,47467000.0,
Akre Capital Management,0001050470,0001050470-26-000004,2026-05-11,2026-03-31,832696405,,J M Smucker Co/The,783300.0,75541000.0,
Akre Capital Management,0001050470,0001050470-26-000004,2026-05-11,2026-03-31,416515104,,Hartford Insurance Group Inc/The,2978107.0,402729000.0,
Akre Capital Management,0001050470,0001050470-26-000004,2026-05-11,2026-03-31,398905109,,Group 1 Automotive Inc,106962.0,35365000.0,
Akre Capital Management,0001050470,0001050470-26-000004,2026-05-11,2026-03-31,375558103,,Gilead Sciences Inc,2892522.0,403131000.0,
Akre Capital Management,0001050470,0001050470-26-000004,2026-05-11,2026-03-31,360271100,,Fulton Financial Corp,965875.0,19646000.0,
Akre Capital Management,0001050470,0001050470-26-000004,2026-05-11,2026-03-31,320517105,,First Horizon Corp,12060244.0,274491000.0,
Akre Capital Management,0001050470,0001050470-26-000004,2026-05-11,2026-03-31,29452E101,,Equitable Holdings Inc,219000.0,8127000.0,
Akre Capital Management,0001050470,0001050470-26-000004,2026-05-11,2026-03-31,268603107,,El Pollo Loco Holdings Inc,1456852.0,20192000.0,
Akre Capital Management,0001050470,0001050470-26-000004,2026-05-11,2026-03-31,00737L103,,Covista Inc,495020.0,57051000.0,
Akre Capital Management,0001050470,0001050470-26-000004,2026-05-11,2026-03-31,20602D101,,Concentrix Corp,264351.0,7233000.0,
Akre Capital Management,0001050470,0001050470-26-000004,2026-05-11,2026-03-31,143658300,,Carnival Corp,95000.0,2459000.0,
Akre Capital Management,0001050470,0001050470-26-000004,2026-05-11,2026-03-31,12685J105,,Cable One Inc,19380.0,1768000.0,
Akre Capital Management,0001050470,0001050470-26-000004,2026-05-11,2026-03-31,10922N103,,Brighthouse Financial Inc,106573.0,6382000.0,
Akre Capital Management,0001050470,0001050470-26-000004,2026-05-11,2026-03-31,06654A103,,Bankwell Financial Group Inc,69700.0,3382000.0,
Akre Capital Management,0001050470,0001050470-26-000004,2026-05-11,2026-03-31,05366Y201,,Aviat Networks Inc,127925.0,2892000.0,
Akre Capital Management,0001050470,0001050470-26-000004,2026-05-11,2026-03-31,03937C105,,ArcBest Corp,126300.0,12423000.0,
Akre Capital Management,0001050470,0001050470-26-000004,2026-05-11,2026-03-31,02913V103,,American Public Education Inc,27500.0,1564000.0,
Akre Capital Management,0001050470,0001050470-26-000004,2026-05-11,2026-03-31,00108J109,,ACM Research Inc,545307.0,21458000.0,
Akre Capital Management,0001050470,0001050470-26-000004,2026-05-11,2026-03-31,92556V106,,Viatris Inc,7890441.0,106600000.0,
Akre Capital Management,0001050470,0001050470-26-000004,2026-05-11,2026-03-31,913903100,,Universal Health Services Inc,770792.0,137949000.0,
Akre Capital Management,0001050470,0001050470-26-000004,2026-05-11,2026-03-31,900450206,,Turtle Beach Corp,393600.0,3991000.0,
Akre Capital Management,0001050470,0001050470-26-000004,2026-05-11,2026-03-31,887389104,,Timken Co/The,118600.0,11928000.0,
Akre Capital Management,0001050470,0001050470-26-000004,2026-05-11,2026-03-31,87612E106,,Target Corp,899160.0,108978000.0,
Akre Capital Management,0001050470,0001050470-26-000004,2026-05-11,2026-03-31,857477103,,State Street Corp,4085846.0,517105000.0,
Akre Capital Management,0001050470,0001050470-26-000004,2026-05-11,2026-03-31,830879102,,SkyWest Inc,171972.0,15792000.0,
Akre Capital Management,0001050470,0001050470-26-000004,2026-05-11,2026-03-31,G8060N102,,Sensata Technologies Holding PLC,42700.0,1504000.0,
Akre Capital Management,0001050470,0001050470-26-000004,2026-05-11,2026-03-31,74965L101,,RLJ Lodging Trust,2164349.0,16059000.0,
Akre Capital Management,0001050470,0001050470-26-000004,2026-05-11,2026-03-31,753422104,,Rapid7 Inc,946297.0,5214000.0,
Akre Capital Management,0001050470,0001050470-26-000004,2026-05-11,2026-03-31,724479100,,Pitney Bowes Inc,6333880.0,69989000.0,
Akre Capital Management,0001050470,0001050470-26-000004,2026-05-11,2026-03-31,70959W103,,Penske Automotive Group Inc,724733.0,108362000.0,
Akre Capital Management,0001050470,0001050470-26-000004,2026-05-11,2026-03-31,667340103,,Northwest Bancshares Inc,155600.0,1975000.0,
Akre Capital Management,0001050470,0001050470-26-000004,2026-05-11,2026-03-31,Y62132108,,Navigator Holdings Ltd,671078.0,12972000.0,
Akre Capital Management,0001050470,0001050470-26-000004,2026-05-11,2026-03-31,60871R209,,Molson Coors Beverage Co,5921078.0,254962000.0,
Akre Capital Management,0001050470,0001050470-26-000004,2026-05-11,2026-03-31,552953101,,MGM Resorts International,2485600.0,91992000.0,
Akre Capital Management,0001050470,0001050470-26-000004,2026-05-11,2026-03-31,57686G105,,Matson Inc,309340.0,50713000.0,
Akre Capital Management,0001050470,0001050470-26-000004,2026-05-11,2026-03-31,540424108,,Loews Corp,61900.0,6607000.0,
Akre Capital Management,0001050470,0001050470-26-000004,2026-05-11,2026-03-31,500754106,,Kraft Heinz Co/The,7905060.0,177785000.0,
Akre Capital Management,0001050470,0001050470-26-000004,2026-05-11,2026-03-31,45579U109,,Indivior Pharmaceuticals Inc,373734.0,11391000.0,
Akre Capital Management,0001050470,0001050470-26-000004,2026-05-11,2026-03-31,43689E107,,Home Bancorp Inc,38725.0,2346000.0,
Akre Capital Management,0001050470,0001050470-26-000004,2026-05-11,2026-03-31,413160102,,Harmonic Inc,206600.0,1855000.0,
Akre Capital Management,0001050470,0001050470-26-000004,2026-05-11,2026-03-31,392709101,,Green Brick Partners Inc,23800.0,1534000.0,
Akre Capital Management,0001050470,0001050470-26-000004,2026-05-11,2026-03-31,37247D106,,"Genworth Financial, Inc.",336400.0,2732000.0,
Akre Capital Management,0001050470,0001050470-26-000004,2026-05-11,2026-03-31,319829107,,First Commonwealth Financial Corp,173000.0,3041000.0,
Akre Capital Management,0001050470,0001050470-26-000004,2026-05-11,2026-03-31,30231G102,,Exxon Mobil Corp,1939270.0,329017000.0,
Akre Capital Management,0001050470,0001050470-26-000004,2026-05-11,2026-03-31,26875P101,,EOG Resources Inc,666820.0,96402000.0,
Akre Capital Management,0001050470,0001050470-26-000004,2026-05-11,2026-03-31,20369C106,,Community Healthcare Trust Inc,153758.0,2443000.0,
Akre Capital Management,0001050470,0001050470-26-000004,2026-05-11,2026-03-31,159864107,,Charles River Laboratories International Inc,486600.0,83938000.0,
Akre Capital Management,0001050470,0001050470-26-000004,2026-05-11,2026-03-31,14149Y108,,Cardinal Health Inc,10100.0,2134000.0,
Akre Capital Management,0001050470,0001050470-26-000004,2026-05-11,2026-03-31,10482B101,,Braemar Hotels & Resorts Inc,1710389.0,4037000.0,
Akre Capital Management,0001050470,0001050470-26-000004,2026-05-11,2026-03-31,G0772R208,,Bank of NT Butterfield & Son Ltd/The,1313030.0,68908000.0,
Akre Capital Management,0001050470,0001050470-26-000004,2026-05-11,2026-03-31,052800109,,Autoliv Inc,1695080.0,178255000.0,
Akre Capital Management,0001050470,0001050470-26-000004,2026-05-11,2026-03-31,038222105,,Applied Materials Inc,681076.0,232785000.0,
Akre Capital Management,0001050470,0001050470-26-000004,2026-05-11,2026-03-31,02553E106,,American Eagle Outfitters Inc,1151900.0,19237000.0,
Akre Capital Management,0001050470,0001050470-26-000004,2026-05-11,2026-03-31,013091103,,Albertsons Cos Inc,11186507.0,190618000.0,
Akre Capital Management,0001050470,0001050470-26-000004,2026-05-11,2026-03-31,254687106,,Walt Disney Co/The,3091308.0,297940000.0,
Akre Capital Management,0001050470,0001050470-26-000004,2026-05-11,2026-03-31,92214X106,,Varex Imaging Corp,1762096.0,18696000.0,
Akre Capital Management,0001050470,0001050470-26-000004,2026-05-11,2026-03-31,912932100,,Uniti Group Inc,1767028.0,16575000.0,
Akre Capital Management,0001050470,0001050470-26-000004,2026-05-11,2026-03-31,89832Q109,,Truist Financial Corp,1234900.0,56768000.0,
Akre Capital Management,0001050470,0001050470-26-000004,2026-05-11,2026-03-31,874039100,,Taiwan Semiconductor Manufacturing Co Ltd,30540.0,10321000.0,
Akre Capital Management,0001050470,0001050470-26-000004,2026-05-11,2026-03-31,78467J100,,SS&C Technologies Holdings Inc,275000.0,18582000.0,
Akre Capital Management,0001050470,0001050470-26-000004,2026-05-11,2026-03-31,G8192H106,,SiriusPoint Ltd,257969.0,5557000.0,
Akre Capital Management,0001050470,0001050470-26-000004,2026-05-11,2026-03-31,807066105,,Scholastic Corp,45784.0,1788000.0,
Akre Capital Management,0001050470,0001050470-26-000004,2026-05-11,2026-03-31,76680R206,,RingCentral Inc,3252400.0,120957000.0,
Akre Capital Management,0001050470,0001050470-26-000004,2026-05-11,2026-03-31,742718109,,Procter & Gamble Co/The,7000.0,1011000.0,
Akre Capital Management,0001050470,0001050470-26-000004,2026-05-11,2026-03-31,706915105,,Penguin Solutions Inc,1000170.0,17603000.0,
Akre Capital Management,0001050470,0001050470-26-000004,2026-05-11,2026-03-31,690742101,,Owens Corning,1459821.0,157982000.0,
Akre Capital Management,0001050470,0001050470-26-000004,2026-05-11,2026-03-31,664121100,,Northeast Community Bancorp Inc,275535.0,6558000.0,
Akre Capital Management,0001050470,0001050470-26-000004,2026-05-11,2026-03-31,59156R108,,MetLife Inc,1456850.0,103028000.0,
Akre Capital Management,0001050470,0001050470-26-000004,2026-05-11,2026-03-31,57164Y107,,Marriott Vacations Worldwide Corp,216757.0,14115000.0,
Akre Capital Management,0001050470,0001050470-26-000004,2026-05-11,2026-03-31,53815P108,,LiveRamp Holdings Inc,1276218.0,33845000.0,
Akre Capital Management,0001050470,0001050470-26-000004,2026-05-11,2026-03-31,500255104,,Kohl's Corp,1207934.0,15582000.0,
Akre Capital Management,0001050470,0001050470-26-000004,2026-05-11,2026-03-31,478160104,,Johnson & Johnson,1018362.0,248928000.0,
Akre Capital Management,0001050470,0001050470-26-000004,2026-05-11,2026-03-31,452327109,,Illumina Inc,25000.0,3082000.0,
Akre Capital Management,0001050470,0001050470-26-000004,2026-05-11,2026-03-31,42824C109,,Hewlett Packard Enterprise Co,11821086.0,281460000.0,
Akre Capital Management,0001050470,0001050470-26-000004,2026-05-11,2026-03-31,410495204,,Hanmi Financial Corp,1345675.0,35472000.0,
Akre Capital Management,0001050470,0001050470-26-000004,2026-05-11,2026-03-31,382550101,,Goodyear Tire & Rubber Co/The,4586804.0,30411000.0,
Akre Capital Management,0001050470,0001050470-26-000004,2026-05-11,2026-03-31,G36738105,,Fresh Del Monte Produce Inc,1742544.0,70155000.0,
Akre Capital Management,0001050470,0001050470-26-000004,2026-05-11,2026-03-31,318672706,,First BanCorp/Puerto Rico,1889600.0,40362000.0,
Akre Capital Management,0001050470,0001050470-26-000004,2026-05-11,2026-03-31,30161N101,,Exelon Corp,198200.0,9716000.0,
Akre Capital Management,0001050470,0001050470-26-000004,2026-05-11,2026-03-31,26874R108,,Eni SpA,35900.0,2032000.0,
Akre Capital Management,0001050470,0001050470-26-000004,2026-05-11,2026-03-31,253651202,,Diebold Nixdorf Inc,519100.0,39161000.0,
Akre Capital Management,0001050470,0001050470-26-000004,2026-05-11,2026-03-31,199333105,,Columbus McKinnon Corp/NY,268346.0,3899000.0,
Akre Capital Management,0001050470,0001050470-26-000004,2026-05-11,2026-03-31,17275R102,,Cisco Systems Inc,8048373.0,624473000.0,
Akre Capital Management,0001050470,0001050470-26-000004,2026-05-11,2026-03-31,154760409,,Central Pacific Financial Corp,615130.0,19660000.0,
Akre Capital Management,0001050470,0001050470-26-000004,2026-05-11,2026-03-31,086516101,,Best Buy Co Inc,1304988.0,83780000.0,
Akre Capital Management,0001050470,0001050470-26-000004,2026-05-11,2026-03-31,060505104,,Bank of America Corp,6115518.0,298132000.0,
Akre Capital Management,0001050470,0001050470-26-000004,2026-05-11,2026-03-31,00206R102,,AT&T Inc,22209020.0,643839000.0,
Akre Capital Management,0001050470,0001050470-26-000004,2026-05-11,2026-03-31,037598109,,Apogee Enterprises Inc,474653.0,15920000.0,
Akre Capital Management,0001050470,0001050470-26-000004,2026-05-11,2026-03-31,G02602103,,Amdocs Ltd,4003437.0,261264000.0,
Akre Capital Management,0001050470,0001050470-26-000004,2026-05-11,2026-03-31,00971T101,,Akamai Technologies Inc,823020.0,94524000.0,
Akre Capital Management,0001050470,0001050470-26-000004,2026-05-11,2026-03-31,00404A109,,"Acadia Healthcare Company, Inc.",197200.0,4613000.0,
Akre Capital Management,0001050470,0001050470-26-000004,2026-05-11,2026-03-31,981475106,,World Kinect Corp,1972604.0,45508000.0,
Akre Capital Management,0001050470,0001050470-26-000004,2026-05-11,2026-03-31,938824109,,WaFd Inc,298800.0,9382000.0,
Akre Capital Management,0001050470,0001050470-26-000004,2026-05-11,2026-03-31,91913Y100,,Valero Energy Corp,1201370.0,296834000.0,
Akre Capital Management,0001050470,0001050470-26-000004,2026-05-11,2026-03-31,81282V100,,United Parks & Resorts Inc,46100.0,1506000.0,
Akre Capital Management,0001050470,0001050470-26-000004,2026-05-11,2026-03-31,88076W103,,Teradata Corp,3425835.0,87804000.0,
Akre Capital Management,0001050470,0001050470-26-000004,2026-05-11,2026-03-31,87165B103,,Synchrony Financial,2210898.0,150385000.0,
Akre Capital Management,0001050470,0001050470-26-000004,2026-05-11,2026-03-31,84790A105,,Spectrum Brands Holdings Inc,1030240.0,75929000.0,
Akre Capital Management,0001050470,0001050470-26-000004,2026-05-11,2026-03-31,828806109,,Simon Property Group Inc,13895.0,2592000.0,
Akre Capital Management,0001050470,0001050470-26-000004,2026-05-11,2026-03-31,801056102,,Sanmina Corp,135500.0,17566000.0,
Akre Capital Management,0001050470,0001050470-26-000004,2026-05-11,2026-03-31,747525103,,QUALCOMM Inc,3785074.0,487442000.0,
Akre Capital Management,0001050470,0001050470-26-000004,2026-05-11,2026-03-31,71880K101,,Phinia Inc,1386085.0,94864000.0,
Akre Capital Management,0001050470,0001050470-26-000004,2026-05-11,2026-03-31,58502B106,,Pediatrix Medical Group Inc,577000.0,12342000.0,
Akre Capital Management,0001050470,0001050470-26-000004,2026-05-11,2026-03-31,689648103,,Otter Tail Corp,1042913.0,91536000.0,
Akre Capital Management,0001050470,0001050470-26-000004,2026-05-11,2026-03-31,675234108,,OceanFirst Financial Corp,482508.0,8704000.0,
Akre Capital Management,0001050470,0001050470-26-000004,2026-05-11,2026-03-31,65336K103,,Nexstar Media Group Inc,1008316.0,182334000.0,
Akre Capital Management,0001050470,0001050470-26-000004,2026-05-11,2026-03-31,626755102,,Murphy USA Inc,14580.0,7202000.0,
Akre Capital Management,0001050470,0001050470-26-000004,2026-05-11,2026-03-31,603158106,,Minerals Technologies Inc,268022.0,19008000.0,
Akre Capital Management,0001050470,0001050470-26-000004,2026-05-11,2026-03-31,59001A102,,Meritage Homes Corp,224000.0,13852000.0,
Akre Capital Management,0001050470,0001050470-26-000004,2026-05-11,2026-03-31,565394103,,Maplebear Inc,746997.0,27983000.0,
Akre Capital Management,0001050470,0001050470-26-000004,2026-05-11,2026-03-31,534187109,,Lincoln National Corp,2560096.0,90883000.0,
Akre Capital Management,0001050470,0001050470-26-000004,2026-05-11,2026-03-31,49803T300,,Kite Realty Group Trust,1133400.0,27825000.0,
Akre Capital Management,0001050470,0001050470-26-000004,2026-05-11,2026-03-31,457985208,,Integra LifeSciences Holdings Corp,217700.0,2051000.0,
Akre Capital Management,0001050470,0001050470-26-000004,2026-05-11,2026-03-31,806407102,,Henry Schein Inc,23800.0,1754000.0,
Akre Capital Management,0001050470,0001050470-26-000004,2026-05-11,2026-03-31,38141G104,,Goldman Sachs Group Inc/The,317274.0,268411000.0,
Akre Capital Management,0001050470,0001050470-26-000004,2026-05-11,2026-03-31,369550108,,General Dynamics Corp,78170.0,26830000.0,
Akre Capital Management,0001050470,0001050470-26-000004,2026-05-11,2026-03-31,345370860,,Ford Motor Co,17141100.0,197808000.0,
Akre Capital Management,0001050470,0001050470-26-000004,2026-05-11,2026-03-31,30040W108,,Eversource Energy,1515398.0,104987000.0,
Akre Capital Management,0001050470,0001050470-26-000004,2026-05-11,2026-03-31,29272W109,,Energizer Holdings Inc,3562474.0,58496000.0,
Akre Capital Management,0001050470,0001050470-26-000004,2026-05-11,2026-03-31,26210C104,,Dropbox Inc,11682581.0,265428000.0,
Akre Capital Management,0001050470,0001050470-26-000004,2026-05-11,2026-03-31,Y2065G121,,DHT Holdings Inc,905604.0,16545000.0,
Akre Capital Management,0001050470,0001050470-26-000004,2026-05-11,2026-03-31,126349109,,CSG Systems International Inc,397170.0,31750000.0,
Akre Capital Management,0001050470,0001050470-26-000004,2026-05-11,2026-03-31,218937100,,Core Natural Resources Inc,151414.0,15858000.0,
Akre Capital Management,0001050470,0001050470-26-000004,2026-05-11,2026-03-31,19459J104,,Collegium Pharmaceutical Inc,345200.0,11416000.0,
Akre Capital Management,0001050470,0001050470-26-000004,2026-05-11,2026-03-31,117043109,,Brunswick Corp/DE,151500.0,11023000.0,
Akre Capital Management,0001050470,0001050470-26-000004,2026-05-11,2026-03-31,09739D100,,Boise Cascade Co,102000.0,7737000.0,
Akre Capital Management,0001050470,0001050470-26-000004,2026-05-11,2026-03-31,07556Q881,,Beazer Homes USA Inc,329351.0,6337000.0,
Akre Capital Management,0001050470,0001050470-26-000004,2026-05-11,2026-03-31,05990K106,,Banc of California Inc,338900.0,5958000.0,
Akre Capital Management,0001050470,0001050470-26-000004,2026-05-11,2026-03-31,00182C103,,ANI Pharmaceuticals Inc,15500.0,1192000.0,
Akre Capital Management,0001050470,0001050470-26-000004,2026-05-11,2026-03-31,022671101,,Amalgamated Financial Corp,313358.0,12180000.0,
Akre Capital Management,0001050470,0001050470-26-000004,2026-05-11,2026-03-31,008252108,,Affiliated Managers Group Inc,476811.0,131934000.0,
Akre Capital Management,0001050470,0001050470-26-000004,2026-05-11,2026-03-31,98980F104,,ZoomInfo Technologies Inc,12246562.0,73234000.0,
Akre Capital Management,0001050470,0001050470-26-000004,2026-05-11,2026-03-31,970646105,,Willis Lease Finance Corp,31937.0,5438000.0,
Akre Capital Management,0001050470,0001050470-26-000004,2026-05-11,2026-03-31,92839U206,,Visteon Corp,180100.0,16409000.0,
Akre Capital Management,0001050470,0001050470-26-000004,2026-05-11,2026-03-31,910340108,,United Fire Group Inc,95500.0,3539000.0,
Akre Capital Management,0001050470,0001050470-26-000004,2026-05-11,2026-03-31,82620P102,,Sierra Bancorp,70100.0,2378000.0,
Akre Capital Management,0001050470,0001050470-26-000004,2026-05-11,2026-03-31,79546E104,,Sally Beauty Holdings Inc,3879395.0,53730000.0,
Akre Capital Management,0001050470,0001050470-26-000004,2026-05-11,2026-03-31,759351604,,Reinsurance Group of America Inc,160860.0,32841000.0,
Akre Capital Management,0001050470,0001050470-26-000004,2026-05-11,2026-03-31,693656100,,PVH Corp,2141041.0,149359000.0,
Akre Capital Management,0001050470,0001050470-26-000004,2026-05-11,2026-03-31,71742Q106,,Phibro Animal Health Corp,165300.0,9143000.0,
Akre Capital Management,0001050470,0001050470-26-000004,2026-05-11,2026-03-31,69320M109,,PCB Bancorp,409480.0,9209000.0,
Akre Capital Management,0001050470,0001050470-26-000004,2026-05-11,2026-03-31,L72967109,,Orion SA,195900.0,1273000.0,
Akre Capital Management,0001050470,0001050470-26-000004,2026-05-11,2026-03-31,67098H104,,O-I Glass Inc,1845844.0,19400000.0,
Akre Capital Management,0001050470,0001050470-26-000004,2026-05-11,2026-03-31,651587107,,NewMarket Corp,266387.0,170741000.0,
Akre Capital Management,0001050470,0001050470-26-000004,2026-05-11,2026-03-31,624756102,,Mueller Industries Inc,1460283.0,161799000.0,
Akre Capital Management,0001050470,0001050470-26-000004,2026-05-11,2026-03-31,L6388F110,,Millicom International Cellular SA,78180.0,5859000.0,
Akre Capital Management,0001050470,0001050470-26-000004,2026-05-11,2026-03-31,58933Y105,,Merck & Co Inc,5088709.0,612121000.0,
Akre Capital Management,0001050470,0001050470-26-000004,2026-05-11,2026-03-31,55939A107,,Magnera Corp,244493.0,2325000.0,
Akre Capital Management,0001050470,0001050470-26-000004,2026-05-11,2026-03-31,525327102,,Leidos Holdings Inc,283100.0,44028000.0,
Akre Capital Management,0001050470,0001050470-26-000004,2026-05-11,2026-03-31,493732101,,Kforce Inc,47428.0,1387000.0,
Akre Capital Management,0001050470,0001050470-26-000004,2026-05-11,2026-03-31,47103N106,,Janus International Group Inc,622400.0,3205000.0,
Akre Capital Management,0001050470,0001050470-26-000004,2026-05-11,2026-03-31,45781M101,,Innoviva Inc,69323.0,1615000.0,
Akre Capital Management,0001050470,0001050470-26-000004,2026-05-11,2026-03-31,404280406,,HSBC Holdings PLC,35828.0,2955000.0,
Akre Capital Management,0001050470,0001050470-26-000004,2026-05-11,2026-03-31,42250P103,,Healthpeak Properties Inc,249156.0,4094000.0,
Akre Capital Management,0001050470,0001050470-26-000004,2026-05-11,2026-03-31,406216101,,Halliburton Co,6456826.0,251752000.0,
Akre Capital Management,0001050470,0001050470-26-000004,2026-05-11,2026-03-31,37959E102,,Globe Life Inc,56890.0,7917000.0,
Akre Capital Management,0001050470,0001050470-26-000004,2026-05-11,2026-03-31,G39108108,,Gates Industrial Corp PLC,393400.0,8895000.0,
Akre Capital Management,0001050470,0001050470-26-000004,2026-05-11,2026-03-31,Y2573F102,,Flex Ltd,2025500.0,132589000.0,
Akre Capital Management,0001050470,0001050470-26-000004,2026-05-11,2026-03-31,29089Q105,,Emergent BioSolutions Inc,896700.0,7443000.0,
Akre Capital Management,0001050470,0001050470-26-000004,2026-05-11,2026-03-31,247361702,,Delta Air Lines Inc,3280985.0,218120000.0,
Akre Capital Management,0001050470,0001050470-26-000004,2026-05-11,2026-03-31,227046109,,Crocs Inc,1611900.0,133820000.0,
Akre Capital Management,0001050470,0001050470-26-000004,2026-05-11,2026-03-31,21036P108,,Constellation Brands Inc,666280.0,99942000.0,
Akre Capital Management,0001050470,0001050470-26-000004,2026-05-11,2026-03-31,12653C108,,CNX Resources Corp,166500.0,6419000.0,
Akre Capital Management,0001050470,0001050470-26-000004,2026-05-11,2026-03-31,149123101,,Caterpillar Inc,4516.0,3199000.0,
Akre Capital Management,0001050470,0001050470-26-000004,2026-05-11,2026-03-31,133034108,,Camden National Corp,203595.0,9661000.0,
Akre Capital Management,0001050470,0001050470-26-000004,2026-05-11,2026-03-31,11120U105,,Brixmor Property Group Inc,1518900.0,43744000.0,
Akre Capital Management,0001050470,0001050470-26-000004,2026-05-11,2026-03-31,071813109,,Baxter International Inc,4061200.0,68228000.0,
Akre Capital Management,0001050470,0001050470-26-000004,2026-05-11,2026-03-31,03209R103,,Amphastar Pharmaceuticals Inc,651714.0,12767000.0,
Akre Capital Management,0001050470,0001050470-26-000004,2026-05-11,2026-03-31,02079K305,,Alphabet Inc,2671968.0,768351000.0,
Akre Capital Management,0001050470,0001050470-26-000004,2026-05-11,2026-03-31,00090Q103,,ADT Inc,29784400.0,195684000.0,
Akre Capital Management,0001050470,0001050470-26-000004,2026-05-11,2026-03-31,98956P102,,Zimmer Biomet Holdings Inc,16400.0,1483000.0,
Akre Capital Management,0001050470,0001050470-26-000004,2026-05-11,2026-03-31,927651109,,Virco Mfg. Corp,181700.0,1112000.0,
Akre Capital Management,0001050470,0001050470-26-000004,2026-05-11,2026-03-31,91688F104,,Upwork Inc,6792528.0,74446000.0,
Akre Capital Management,0001050470,0001050470-26-000004,2026-05-11,2026-03-31,892331307,,Toyota Motor Corp,10290.0,2121000.0,
Akre Capital Management,0001050470,0001050470-26-000004,2026-05-11,2026-03-31,879369106,,Teleflex Inc,59800.0,7153000.0,
Akre Capital Management,0001050470,0001050470-26-000004,2026-05-11,2026-03-31,866082100,,Summit Hotel Properties Inc,258300.0,1142000.0,
Akre Capital Management,0001050470,0001050470-26-000004,2026-05-11,2026-03-31,832248207,,Smithfield Foods Inc,2286616.0,63957000.0,
Akre Capital Management,0001050470,0001050470-26-000004,2026-05-11,2026-03-31,824889109,,Shoe Carnival Inc,266018.0,4147000.0,
Akre Capital Management,0001050470,0001050470-26-000004,2026-05-11,2026-03-31,78573L106,,Sabra Health Care REIT Inc,951000.0,18288000.0,
Akre Capital Management,0001050470,0001050470-26-000004,2026-05-11,2026-03-31,75886F107,,Regeneron Pharmaceuticals Inc,196279.0,151653000.0,
Akre Capital Management,0001050470,0001050470-26-000004,2026-05-11,2026-03-31,736508847,,Portland General Electric Co,781447.0,41237000.0,
Akre Capital Management,0001050470,0001050470-26-000004,2026-05-11,2026-03-31,G97822103,,Perrigo Co PLC,133900.0,1438000.0,
Akre Capital Management,0001050470,0001050470-26-000004,2026-05-11,2026-03-31,647551100,,New Mountain Finance Corp,3022118.0,23452000.0,
Akre Capital Management,0001050470,0001050470-26-000004,2026-05-11,2026-03-31,596278101,,Middleby Corp/The,12400.0,1644000.0,
Akre Capital Management,0001050470,0001050470-26-000004,2026-05-11,2026-03-31,55261F104,,M&T Bank Corp,411000.0,84962000.0,
Akre Capital Management,0001050470,0001050470-26-000004,2026-05-11,2026-03-31,512807306,,Lam Research Corp,29905.0,6390000.0,
Akre Capital Management,0001050470,0001050470-26-000004,2026-05-11,2026-03-31,489170100,,Kennametal Inc,240500.0,8689000.0,
Akre Capital Management,0001050470,0001050470-26-000004,2026-05-11,2026-03-31,466367109,,Jack in the Box Inc,564061.0,5454000.0,
Akre Capital Management,0001050470,0001050470-26-000004,2026-05-11,2026-03-31,457187102,,Ingredion Inc,2136132.0,240657000.0,
Akre Capital Management,0001050470,0001050470-26-000004,2026-05-11,2026-03-31,44107P104,,Host Hotels & Resorts Inc,10331152.0,197945000.0,
Akre Capital Management,0001050470,0001050470-26-000004,2026-05-11,2026-03-31,404111106,,HBT Financial Inc,120425.0,3218000.0,
Akre Capital Management,0001050470,0001050470-26-000004,2026-05-11,2026-03-31,379378201,,Global Net Lease Inc,178516.0,1671000.0,
Akre Capital Management,0001050470,0001050470-26-000004,2026-05-11,2026-03-31,36467J108,,Gaming and Leisure Properties Inc,949000.0,42107000.0,
Akre Capital Management,0001050470,0001050470-26-000004,2026-05-11,2026-03-31,309627107,,Farmers National Banc Corp,308217.0,4056000.0,
Akre Capital Management,0001050470,0001050470-26-000004,2026-05-11,2026-03-31,297602104,,Ethan Allen Interiors Inc,175700.0,3911000.0,
Akre Capital Management,0001050470,0001050470-26-000004,2026-05-11,2026-03-31,036752103,,Elevance Health Inc,46704.0,13673000.0,
Akre Capital Management,0001050470,0001050470-26-000004,2026-05-11,2026-03-31,G27907107,,Dole PLC,744000.0,10632000.0,
Akre Capital Management,0001050470,0001050470-26-000004,2026-05-11,2026-03-31,224441105,,Crane NXT Co,112910.0,4583000.0,
Akre Capital Management,0001050470,0001050470-26-000004,2026-05-11,2026-03-31,126128107,,CNB Financial Corp/PA,65000.0,1882000.0,
Akre Capital Management,0001050470,0001050470-26-000004,2026-05-11,2026-03-31,14575E105,,Cars.com Inc,215200.0,1747000.0,
Akre Capital Management,0001050470,0001050470-26-000004,2026-05-11,2026-03-31,09259E108,,BlackRock TCP Capital Corp,410100.0,1480000.0,
Akre Capital Management,0001050470,0001050470-26-000004,2026-05-11,2026-03-31,053807103,,Avnet Inc,2861813.0,176345000.0,
Akre Capital Management,0001050470,0001050470-26-000004,2026-05-11,2026-03-31,03980N107,,Ardent Health Inc,186400.0,1596000.0,
Akre Capital Management,0001050470,0001050470-26-000004,2026-05-11,2026-03-31,031162100,,Amgen Inc,375070.0,131968000.0,
Akre Capital Management,0001050470,0001050470-26-000004,2026-05-11,2026-03-31,020002101,,Allstate Corp/The,1351375.0,280194000.0,
Akre Capital Management,0001050470,0001050470-26-000004,2026-05-11,2026-03-31,985817105,,Yelp Inc,2830841.0,70035000.0,
Akre Capital Management,0001050470,0001050470-26-000004,2026-05-11,2026-03-31,95082P105,,"WESCO International, Inc.",31300.0,8564000.0,
Akre Capital Management,0001050470,0001050470-26-000004,2026-05-11,2026-03-31,92645B103,,Victory Capital Holdings Inc,749600.0,49084000.0,
Akre Capital Management,0001050470,0001050470-26-000004,2026-05-11,2026-03-31,90353T100,,Uber Technologies Inc,28694.0,2064000.0,
Akre Capital Management,0001050470,0001050470-26-000004,2026-05-11,2026-03-31,890110109,,Tompkins Financial Corp,36400.0,2870000.0,
Akre Capital Management,0001050470,0001050470-26-000004,2026-05-11,2026-03-31,87162W100,,TD SYNNEX Corp,2137083.0,360547000.0,
Akre Capital Management,0001050470,0001050470-26-000004,2026-05-11,2026-03-31,780259305,,Shell PLC,16500.0,1535000.0,
Akre Capital Management,0001050470,0001050470-26-000004,2026-05-11,2026-03-31,749360400,,RCM Technologies Inc,55337.0,1059000.0,
Akre Capital Management,0001050470,0001050470-26-000004,2026-05-11,2026-03-31,693475105,,PNC Financial Services Group Inc/The,21400.0,4453000.0,
Akre Capital Management,0001050470,0001050470-26-000004,2026-05-11,2026-03-31,69932A204,,Paramount Skydance Corp,188868.0,1704000.0,
Akre Capital Management,0001050470,0001050470-26-000004,2026-05-11,2026-03-31,68287N100,,OneSpan Inc,843339.0,8880000.0,
Akre Capital Management,0001050470,0001050470-26-000004,2026-05-11,2026-03-31,62955J103,,NOV Inc,2779944.0,52291000.0,
Akre Capital Management,0001050470,0001050470-26-000004,2026-05-11,2026-03-31,64110D104,,NetApp Inc,652166.0,66775000.0,
Akre Capital Management,0001050470,0001050470-26-000004,2026-05-11,2026-03-31,594918104,,Microsoft Corp,43522.0,16111000.0,
Akre Capital Management,0001050470,0001050470-26-000004,2026-05-11,2026-03-31,577933104,,Maximus Inc,284700.0,18249000.0,
Akre Capital Management,0001050470,0001050470-26-000004,2026-05-11,2026-03-31,48268K101,,KT Corp,48730.0,1045000.0,
Akre Capital Management,0001050470,0001050470-26-000004,2026-05-11,2026-03-31,48241A105,,KB Financial Group Inc,14255.0,1422000.0,
Akre Capital Management,0001050470,0001050470-26-000004,2026-05-11,2026-03-31,M6158M104,,Ituran Location and Control Ltd,137264.0,6727000.0,
Akre Capital Management,0001050470,0001050470-26-000004,2026-05-11,2026-03-31,45675Y104,,Information Services Group Inc,342092.0,1314000.0,
Akre Capital Management,0001050470,0001050470-26-000004,2026-05-11,2026-03-31,43940T109,,Hope Bancorp Inc,1513900.0,16910000.0,
Akre Capital Management,0001050470,0001050470-26-000004,2026-05-11,2026-03-31,398433102,,Griffon Corp,678338.0,49302000.0,
Akre Capital Management,0001050470,0001050470-26-000004,2026-05-11,2026-03-31,G38644103,,GigaCloud Technology Inc,1039890.0,47190000.0,
Akre Capital Management,0001050470,0001050470-26-000004,2026-05-11,2026-03-31,302635206,,FS KKR Capital Corp,1531965.0,15595000.0,
Akre Capital Management,0001050470,0001050470-26-000004,2026-05-11,2026-03-31,320218100,,First Financial Corp,396261.0,25044000.0,
Akre Capital Management,0001050470,0001050470-26-000004,2026-05-11,2026-03-31,315616102,,F5 Inc,34409.0,9956000.0,
Akre Capital Management,0001050470,0001050470-26-000004,2026-05-11,2026-03-31,26884U109,,EPR Properties,1452758.0,72580000.0,
Akre Capital Management,0001050470,0001050470-26-000004,2026-05-11,2026-03-31,281020107,,Edison International,1178800.0,86265000.0,
Akre Capital Management,0001050470,0001050470-26-000004,2026-05-11,2026-03-31,024061103,,Dauch Corporation,193100.0,1145000.0,
Akre Capital Management,0001050470,0001050470-26-000004,2026-05-11,2026-03-31,22284P105,,Covenant Logistics Group Inc,456200.0,12386000.0,
Akre Capital Management,0001050470,0001050470-26-000004,2026-05-11,2026-03-31,205887102,,Conagra Brands Inc,5750955.0,90405000.0,
Akre Capital Management,0001050470,0001050470-26-000004,2026-05-11,2026-03-31,G21810109,,Clarivate PLC,2551200.0,6455000.0,
Akre Capital Management,0001050470,0001050470-26-000004,2026-05-11,2026-03-31,M22465104,,Check Point Software Technologies Ltd,7400.0,1057000.0,
Akre Capital Management,0001050470,0001050470-26-000004,2026-05-11,2026-03-31,872280102,,Carlyle Secured Lending Inc,352150.0,3853000.0,
Akre Capital Management,0001050470,0001050470-26-000004,2026-05-11,2026-03-31,12466Q104,,C&F Financial Corp,34867.0,2543000.0,
Akre Capital Management,0001050470,0001050470-26-000004,2026-05-11,2026-03-31,018581108,,Bread Financial Holdings Inc,425611.0,31874000.0,
Akre Capital Management,0001050470,0001050470-26-000004,2026-05-11,2026-03-31,09061G101,,BioMarin Pharmaceutical Inc,884800.0,49982000.0,
Akre Capital Management,0001050470,0001050470-26-000004,2026-05-11,2026-03-31,06652K103,,BankUnited Inc,164500.0,7429000.0,
Akre Capital Management,0001050470,0001050470-26-000004,2026-05-11,2026-03-31,026874784,,American International Group Inc,4172293.0,313965000.0,
Akre Capital Management,0001050470,0001050470-26-000004,2026-05-11,2026-03-31,016255101,,Align Technology Inc,565212.0,96894000.0,
Akre Capital Management,0001050470,0001050470-26-000004,2026-05-11,2026-03-31,00081T108,,ACCO Brands Corp,2943000.0,8829000.0,
Akre Capital Management,0001050470,0001050470-26-000004,2026-05-11,2026-03-31,984017103,,Xenia Hotels & Resorts Inc,1220500.0,18100000.0,
Akre Capital Management,0001050470,0001050470-26-000004,2026-05-11,2026-03-31,949746101,,Wells Fargo & Co,6148764.0,489503000.0,
Akre Capital Management,0001050470,0001050470-26-000004,2026-05-11,2026-03-31,925283103,,Versant Media Group Inc,479454.0,17749000.0,
Akre Capital Management,0001050470,0001050470-26-000004,2026-05-11,2026-03-31,876030107,,Tapestry Inc,134508.0,18980000.0,
Akre Capital Management,0001050470,0001050470-26-000004,2026-05-11,2026-03-31,78440P306,,SK Telecom Co Ltd,180170.0,5277000.0,
Akre Capital Management,0001050470,0001050470-26-000004,2026-05-11,2026-03-31,Y7542C130,,Scorpio Tankers Inc,1702057.0,127076000.0,
Akre Capital Management,0001050470,0001050470-26-000004,2026-05-11,2026-03-31,64828T201,,Rithm Capital Corp,5380400.0,51006000.0,
Akre Capital Management,0001050470,0001050470-26-000004,2026-05-11,2026-03-31,743312100,,Progress Software Corp,988400.0,25352000.0,
Akre Capital Management,0001050470,0001050470-26-000004,2026-05-11,2026-03-31,723484101,,Pinnacle West Capital Corp,124510.0,12544000.0,
Akre Capital Management,0001050470,0001050470-26-000004,2026-05-11,2026-03-31,695127100,,Pacira BioSciences Inc,517100.0,11686000.0,
Akre Capital Management,0001050470,0001050470-26-000004,2026-05-11,2026-03-31,681936100,,Omega Healthcare Investors Inc,1207300.0,52904000.0,
Akre Capital Management,0001050470,0001050470-26-000004,2026-05-11,2026-03-31,666762109,,Northrim BanCorp Inc,220560.0,5046000.0,
Akre Capital Management,0001050470,0001050470-26-000004,2026-05-11,2026-03-31,63938C108,,Navient Corp,1212858.0,9921000.0,
Akre Capital Management,0001050470,0001050470-26-000004,2026-05-11,2026-03-31,608190104,,Mohawk Industries Inc,117100.0,11530000.0,
Akre Capital Management,0001050470,0001050470-26-000004,2026-05-11,2026-03-31,552848103,,MGIC Investment Corp,9899033.0,259850000.0,
Akre Capital Management,0001050470,0001050470-26-000004,2026-05-11,2026-03-31,57667L107,,Match Group Inc,6128589.0,188209000.0,
Akre Capital Management,0001050470,0001050470-26-000004,2026-05-11,2026-03-31,539830109,,Lockheed Martin Corp,163388.0,98750000.0,
Akre Capital Management,0001050470,0001050470-26-000004,2026-05-11,2026-03-31,500643200,,Korn Ferry,81400.0,5124000.0,
Akre Capital Management,0001050470,0001050470-26-000004,2026-05-11,2026-03-31,46625H100,,JPMorgan Chase & Co,582192.0,171258000.0,
Akre Capital Management,0001050470,0001050470-26-000004,2026-05-11,2026-03-31,453838609,,Independent Bank Corp/MI,396893.0,13217000.0,
Akre Capital Management,0001050470,0001050470-26-000004,2026-05-11,2026-03-31,431284108,,Highwoods Properties Inc,1179300.0,25249000.0,
Akre Capital Management,0001050470,0001050470-26-000004,2026-05-11,2026-03-31,412822108,,Harley-Davidson Inc,5174024.0,104619000.0,
Akre Capital Management,0001050470,0001050470-26-000004,2026-05-11,2026-03-31,390905107,,Great Southern Bancorp Inc,138284.0,8730000.0,
Akre Capital Management,0001050470,0001050470-26-000004,2026-05-11,2026-03-31,319390100,,First Business Financial Services Inc,143625.0,7746000.0,
Akre Capital Management,0001050470,0001050470-26-000004,2026-05-11,2026-03-31,278642103,,eBay Inc,5179705.0,471457000.0,
Akre Capital Management,0001050470,0001050470-26-000004,2026-05-11,2026-03-31,126650100,,CVS Health Corp,4503497.0,323441000.0,
Akre Capital Management,0001050470,0001050470-26-000004,2026-05-11,2026-03-31,Y1771G102,,Costamare Inc,95800.0,1619000.0,
Akre Capital Management,0001050470,0001050470-26-000004,2026-05-11,2026-03-31,201723103,,Commercial Metals Co,416589.0,25591000.0,
Akre Capital Management,0001050470,0001050470-26-000004,2026-05-11,2026-03-31,174610105,,Citizens Financial Group Inc,6060165.0,363428000.0,
Akre Capital Management,0001050470,0001050470-26-000004,2026-05-11,2026-03-31,125269100,,CF Industries Holdings Inc,1458988.0,189435000.0,
Akre Capital Management,0001050470,0001050470-26-000004,2026-05-11,2026-03-31,14057J101,,Capitol Federal Financial Inc,686350.0,4894000.0,
Akre Capital Management,0001050470,0001050470-26-000004,2026-05-11,2026-03-31,103304101,,Boyd Gaming Corp,396432.0,32579000.0,
Akre Capital Management,0001050470,0001050470-26-000004,2026-05-11,2026-03-31,05156V102,,Aurinia Pharmaceuticals Inc,1039576.0,15407000.0,
Akre Capital Management,0001050470,0001050470-26-000004,2026-05-11,2026-03-31,037833100,,Apple Inc,103714.0,26322000.0,
Akre Capital Management,0001050470,0001050470-26-000004,2026-05-11,2026-03-31,024013104,,American Assets Trust Inc,1976474.0,36387000.0,
Akre Capital Management,0001050470,0001050470-26-000004,2026-05-11,2026-03-31,011659109,,Alaska Air Group Inc,329199.0,12108000.0,
Akre Capital Management,0001050470,0001050470-26-000004,2026-05-11,2026-03-31,10948W103,,Acadian Asset Management Inc,82300.0,4479000.0,
Akre Capital Management,0001050470,0001050470-26-000004,2026-05-11,2026-03-31,982104101,,Worthington Steel Inc,413585.0,12552000.0,
Akre Capital Management,0001050470,0001050470-26-000004,2026-05-11,2026-03-31,931142103,,Walmart Inc,12300.0,1529000.0,
Akre Capital Management,0001050470,0001050470-26-000004,2026-05-11,2026-03-31,91324P102,,UnitedHealth Group Inc,15565.0,4212000.0,
Akre Capital Management,0001050470,0001050470-26-000004,2026-05-11,2026-03-31,883203101,,Textron Inc,4073227.0,356652000.0,
Akre Capital Management,0001050470,0001050470-26-000004,2026-05-11,2026-03-31,87357P100,,Tactile Systems Technology Inc,479927.0,12540000.0,
Akre Capital Management,0001050470,0001050470-26-000004,2026-05-11,2026-03-31,85208M102,,Sprouts Farmers Market Inc,172872.0,13334000.0,
Akre Capital Management,0001050470,0001050470-26-000004,2026-05-11,2026-03-31,829933100,,Sirius XM Holdings Inc,3219977.0,74317000.0,
Akre Capital Management,0001050470,0001050470-26-000004,2026-05-11,2026-03-31,806037107,,ScanSource Inc,852163.0,30934000.0,
Akre Capital Management,0001050470,0001050470-26-000004,2026-05-11,2026-03-31,76665T102,,Riley Exploration Permian Inc,59100.0,2154000.0,
Akre Capital Management,0001050470,0001050470-26-000004,2026-05-11,2026-03-31,747619104,,Quanex Building Products Corp,794348.0,14274000.0,
Akre Capital Management,0001050470,0001050470-26-000004,2026-05-11,2026-03-31,720190206,,Piedmont Realty Trust Inc,3839254.0,25224000.0,
Akre Capital Management,0001050470,0001050470-26-000004,2026-05-11,2026-03-31,69047Q102,,Ovintiv Inc,211900.0,12578000.0,
Akre Capital Management,0001050470,0001050470-26-000004,2026-05-11,2026-03-31,678026105,,Oil States International Inc,216400.0,2519000.0,
Akre Capital Management,0001050470,0001050470-26-000004,2026-05-11,2026-03-31,636180101,,National Fuel Gas Co,2230928.0,209618000.0,
Akre Capital Management,0001050470,0001050470-26-000004,2026-05-11,2026-03-31,606710200,,Mitek Systems Inc,132800.0,1793000.0,
Akre Capital Management,0001050470,0001050470-26-000004,2026-05-11,2026-03-31,G5509L101,,LivaNova PLC,695410.0,44200000.0,
Akre Capital Management,0001050470,0001050470-26-000004,2026-05-11,2026-03-31,968223206,,John Wiley & Sons Inc,142353.0,5424000.0,
Akre Capital Management,0001050470,0001050470-26-000004,2026-05-11,2026-03-31,458665304,,Interface Inc,905429.0,22563000.0,
Akre Capital Management,0001050470,0001050470-26-000004,2026-05-11,2026-03-31,42722X106,,HERITAGE FINL CORP/WA,74500.0,1937000.0,
Akre Capital Management,0001050470,0001050470-26-000004,2026-05-11,2026-03-31,410120109,,Hancock Whitney Corp,593200.0,37722000.0,
Akre Capital Management,0001050470,0001050470-26-000004,2026-05-11,2026-03-31,38246G108,,GoodRx Holdings Inc,4981931.0,9765000.0,
Akre Capital Management,0001050470,0001050470-26-000004,2026-05-11,2026-03-31,37045V100,,General Motors Co,6837010.0,509357000.0,
Akre Capital Management,0001050470,0001050470-26-000004,2026-05-11,2026-03-31,35137L105,,Fox Corp,6421400.0,375010000.0,
Akre Capital Management,0001050470,0001050470-26-000004,2026-05-11,2026-03-31,30161Q104,,Exelixis Inc,7745715.0,332214000.0,
Akre Capital Management,0001050470,0001050470-26-000004,2026-05-11,2026-03-31,27579R104,,East West Bancorp Inc,288730.0,30825000.0,
Akre Capital Management,0001050470,0001050470-26-000004,2026-05-11,2026-03-31,253393102,,Dick's Sporting Goods Inc,7300.0,1448000.0,
Akre Capital Management,0001050470,0001050470-26-000004,2026-05-11,2026-03-31,231021106,,Cummins Inc,405740.0,218296000.0,
Akre Capital Management,0001050470,0001050470-26-000004,2026-05-11,2026-03-31,197236102,,Columbia Banking System Inc,980784.0,26903000.0,
Akre Capital Management,0001050470,0001050470-26-000004,2026-05-11,2026-03-31,172755100,,Cirrus Logic Inc,2312744.0,334469000.0,
Akre Capital Management,0001050470,0001050470-26-000004,2026-05-11,2026-03-31,153527205,,Central Garden & Pet Co,2503441.0,81162000.0,
Akre Capital Management,0001050470,0001050470-26-000004,2026-05-11,2026-03-31,138006309,,Canon Inc,196840.0,5470000.0,
Akre Capital Management,0001050470,0001050470-26-000004,2026-05-11,2026-03-31,120076104,,Build-A-Bear Workshop Inc,153600.0,5752000.0,
Akre Capital Management,0001050470,0001050470-26-000004,2026-05-11,2026-03-31,099724106,,BorgWarner Inc,6451864.0,350078000.0,
Akre Capital Management,0001050470,0001050470-26-000004,2026-05-11,2026-03-31,084670702,,Berkshire Hathaway Inc,11200.0,5367000.0,
Akre Capital Management,0001050470,0001050470-26-000004,2026-05-11,2026-03-31,P16994132,,Banco Latinoamericano de Comercio Exterior SA,1153826.0,58937000.0,
Akre Capital Management,0001050470,0001050470-26-000004,2026-05-11,2026-03-31,03743Q108,,APA Corp,4332270.0,183862000.0,
Akre Capital Management,0001050470,0001050470-26-000004,2026-05-11,2026-03-31,00164V103,,AMC Global Media Inc,479018.0,3253000.0,
Akre Capital Management,0001050470,0001050470-26-000004,2026-05-11,2026-03-31,04208T108,,AH Realty Trust Inc,350004.0,1925000.0,
Akre Capital Management,0001050470,0001050470-26-000004,2026-05-11,2026-03-31,00402L107,,Academy Sports & Outdoors Inc,3049855.0,172164000.0,
Polen Capital Management,0001034524,0001172661-26-003035,2026-08-04,2026-06-30,000361105,,AAR CORP,23561.0,3367574000.0,
Polen Capital Management,0001034524,0001172661-26-003035,2026-08-04,2026-06-30,002824100,,ABBOTT LABORATORIES,3156.0,286379000.0,
Polen Capital Management,0001034524,0001172661-26-003035,2026-08-04,2026-06-30,G1151C101,,ACCENTURE PLC IRELAND,152800.0,19014387000.0,
Polen Capital Management,0001034524,0001172661-26-003035,2026-08-04,2026-06-30,00650F109,,ADAPTIVE BIOTECHNOLOGIES COR,102457.0,2197703000.0,
Polen Capital Management,0001034524,0001172661-26-003035,2026-08-04,2026-06-30,00676P107,,ADEIA INC,52575.0,1731295000.0,
Polen Capital Management,0001034524,0001172661-26-003035,2026-08-04,2026-06-30,00724F101,,ADOBE INC,7581.0,1554192000.0,
Polen Capital Management,0001034524,0001172661-26-003035,2026-08-04,2026-06-30,00486H105,,ADTRAN HOLDINGS INC,70292.0,977059000.0,
Polen Capital Management,0001034524,0001172661-26-003035,2026-08-04,2026-06-30,007973100,,ADVANCED ENERGY INDS,1503.0,560424000.0,
Polen Capital Management,0001034524,0001172661-26-003035,2026-08-04,2026-06-30,007903107,,ADVANCED MICRO DEVICES INC,417.0,242239000.0,
Polen Capital Management,0001034524,0001172661-26-003035,2026-08-04,2026-06-30,00760J108,,AEHR TEST SYS,66157.0,6355041000.0,
Polen Capital Management,0001034524,0001172661-26-003035,2026-08-04,2026-06-30,00827B106,,AFFIRM HLDGS INC,8958.0,730525000.0,
Polen Capital Management,0001034524,0001172661-26-003035,2026-08-04,2026-06-30,009066101,,AIRBNB INC,1649884.0,236098385000.0,
Polen Capital Management,0001034524,0001172661-26-003035,2026-08-04,2026-06-30,612160101,,AIRJOULE TECHNOLOGIES CORP,243378.0,1348314000.0,
Polen Capital Management,0001034524,0001172661-26-003035,2026-08-04,2026-06-30,01021M104,,AKTIS ONCOLOGY INC,63514.0,2047056000.0,
Polen Capital Management,0001034524,0001172661-26-003035,2026-08-04,2026-06-30,01862Q107,,ALLIANCE LAUNDRY HLDGS INC,12442.0,329962000.0,
Polen Capital Management,0001034524,0001172661-26-003035,2026-08-04,2026-06-30,M0740A108,,ALPHA TAU MEDICAL LTD,220751.0,2777048000.0,
Polen Capital Management,0001034524,0001172661-26-003035,2026-08-04,2026-06-30,02079K305,,ALPHABET INC,27810.0,9938557000.0,
Polen Capital Management,0001034524,0001172661-26-003035,2026-08-04,2026-06-30,02079K107,,ALPHABET INC,2165218.0,765036342000.0,
Polen Capital Management,0001034524,0001172661-26-003035,2026-08-04,2026-06-30,023135106,,AMAZON COM INC,2809953.0,669724194000.0,
Polen Capital Management,0001034524,0001172661-26-003035,2026-08-04,2026-06-30,02913V103,,AMERICAN PUB ED INC,13971.0,750243000.0,
Polen Capital Management,0001034524,0001172661-26-003035,2026-08-04,2026-06-30,03214Q108,,AMPRIUS TECHNOLOGIES INC,465598.0,6453188000.0,
Polen Capital Management,0001034524,0001172661-26-003035,2026-08-04,2026-06-30,G0403H108,,AON PLC,164035.0,54408954000.0,
Polen Capital Management,0001034524,0001172661-26-003035,2026-08-04,2026-06-30,037833100,,APPLE INC,2892.0,836742000.0,
Polen Capital Management,0001034524,0001172661-26-003035,2026-08-04,2026-06-30,038169207,,APPLIED DIGITAL CORP,98328.0,3667634000.0,
Polen Capital Management,0001034524,0001172661-26-003035,2026-08-04,2026-06-30,03823U102,,APPLIED OPTOELECTRONICS INC,19272.0,2855340000.0,
Polen Capital Management,0001034524,0001172661-26-003035,2026-08-04,2026-06-30,04010E109,,ARGAN INC,10214.0,8156390000.0,
Polen Capital Management,0001034524,0001172661-26-003035,2026-08-04,2026-06-30,04280A100,,ARROWHEAD PHARMACEUTICALS IN,6612.0,538944000.0,
Polen Capital Management,0001034524,0001172661-26-003035,2026-08-04,2026-06-30,N07059210,,ASML HLDG NV,15427.0,30691889000.0,
Polen Capital Management,0001034524,0001172661-26-003035,2026-08-04,2026-06-30,00218A105,,ASP ISOTOPES INC,149559.0,930257000.0,
Polen Capital Management,0001034524,0001172661-26-003035,2026-08-04,2026-06-30,046224101,,ASTEC INDS INC,52160.0,3191670000.0,
Polen Capital Management,0001034524,0001172661-26-003035,2026-08-04,2026-06-30,G0593M107,,ASTRAZENECA PLC,18621.0,3513550000.0,
Polen Capital Management,0001034524,0001172661-26-003035,2026-08-04,2026-06-30,046433108,,ASTRONICS CORP,39379.0,3199938000.0,
Polen Capital Management,0001034524,0001172661-26-003035,2026-08-04,2026-06-30,01741R102,,ATI INC,819236.0,161471378000.0,
Polen Capital Management,0001034524,0001172661-26-003035,2026-08-04,2026-06-30,051774107,,AURORA INNOVATION INC,32520.0,221786000.0,
Polen Capital Management,0001034524,0001172661-26-003035,2026-08-04,2026-06-30,05464T104,,AXSOME THERAPEUTICS INC.,4468.0,1093632000.0,
Polen Capital Management,0001034524,0001172661-26-003035,2026-08-04,2026-06-30,00246W103,,AXT INC,52707.0,3799121000.0,
Polen Capital Management,0001034524,0001172661-26-003035,2026-08-04,2026-06-30,002474104,,AZZ INC,17364.0,2692288000.0,
Polen Capital Management,0001034524,0001172661-26-003035,2026-08-04,2026-06-30,05614L209,,BABCOCK & WILCOX ENTERPRISES,249411.0,3516695000.0,
Polen Capital Management,0001034524,0001172661-26-003035,2026-08-04,2026-06-30,05637B105,,BACKBLAZE INC,13268.0,210430000.0,
Polen Capital Management,0001034524,0001172661-26-003035,2026-08-04,2026-06-30,077347300,,BEL FUSE INC,32845.0,10938699000.0,
Polen Capital Management,0001034524,0001172661-26-003035,2026-08-04,2026-06-30,090168105,,BILLIONTOONE INC,16975.0,2036661000.0,
Polen Capital Management,0001034524,0001172661-26-003035,2026-08-04,2026-06-30,G11448100,,BITDEER TECHNOLOGIES GROUP,79540.0,1262300000.0,
Polen Capital Management,0001034524,0001172661-26-003035,2026-08-04,2026-06-30,093712107,,BLOOM ENERGY CORP,40838.0,12361663000.0,
Polen Capital Management,0001034524,0001172661-26-003035,2026-08-04,2026-06-30,101137107,,BOSTON SCIENTIFIC CORP,4750.0,202733000.0,
Polen Capital Management,0001034524,0001172661-26-003035,2026-08-04,2026-06-30,10806X102,,BRIDGEBIO PHARMA INC,4002.0,298069000.0,
Polen Capital Management,0001034524,0001172661-26-003035,2026-08-04,2026-06-30,11135F101,,BROADCOM INC,1960209.0,740468936000.0,
Polen Capital Management,0001034524,0001172661-26-003035,2026-08-04,2026-06-30,112463104,,BROOKDALE SR LIVING INC,451082.0,7257909000.0,
Polen Capital Management,0001034524,0001172661-26-003035,2026-08-04,2026-06-30,124155102,,BUTTERFLY NETWORK INC,480502.0,4045827000.0,
Polen Capital Management,0001034524,0001172661-26-003035,2026-08-04,2026-06-30,05605H100,,BWX TECHNOLOGIES INC,36974.0,7196989000.0,
Polen Capital Management,0001034524,0001172661-26-003035,2026-08-04,2026-06-30,131193104,,CALLAWAY GOLF CO,146013.0,2743584000.0,
Polen Capital Management,0001034524,0001172661-26-003035,2026-08-04,2026-06-30,13321L108,,CAMECO CORP,68968.0,7026488000.0,
Polen Capital Management,0001034524,0001172661-26-003035,2026-08-04,2026-06-30,M20791105,,CAMTEK LTD,4113.0,670913000.0,
Polen Capital Management,0001034524,0001172661-26-003035,2026-08-04,2026-06-30,14154A102,,CARDINAL INFRASTRUCTURE GROU,30787.0,2900135000.0,
Polen Capital Management,0001034524,0001172661-26-003035,2026-08-04,2026-06-30,144285103,,CARPENTER TECHNOLOGY CORP,6756.0,4167371000.0,
Polen Capital Management,0001034524,0001172661-26-003035,2026-08-04,2026-06-30,146869102,,CARVANA CO,37504.0,2468513000.0,
Polen Capital Management,0001034524,0001172661-26-003035,2026-08-04,2026-06-30,125141101,,CECO ENVIRONMENTAL CORP,137977.0,12520033000.0,
Polen Capital Management,0001034524,0001172661-26-003035,2026-08-04,2026-06-30,163072101,,CHEESECAKE FACTORY INC,33297.0,2648443000.0,
Polen Capital Management,0001034524,0001172661-26-003035,2026-08-04,2026-06-30,G21082105,,CHINA YUCHAI INTL LTD,19146.0,907712000.0,
Polen Capital Management,0001034524,0001172661-26-003035,2026-08-04,2026-06-30,G2131A108,,CHURCHILL CAP CORP XI,45590.0,795546000.0,
Polen Capital Management,0001034524,0001172661-26-003035,2026-08-04,2026-06-30,18467V109,,CLEAR SECURE INC,131773.0,7343709000.0,
Polen Capital Management,0001034524,0001172661-26-003035,2026-08-04,2026-06-30,21044C107,,CONSTRUCTION PARTNERS INC,22291.0,2647502000.0,
Polen Capital Management,0001034524,0001172661-26-003035,2026-08-04,2026-06-30,P31076105,,COPA HOLDINGS SA,18948.0,2947740000.0,
Polen Capital Management,0001034524,0001172661-26-003035,2026-08-04,2026-06-30,22160N109,,COSTAR GROUP INC,8759314.0,248063762000.0,
Polen Capital Management,0001034524,0001172661-26-003035,2026-08-04,2026-06-30,22284P105,,COVENANT LOGISTICS GROUP INC,31943.0,1411242000.0,
Polen Capital Management,0001034524,0001172661-26-003035,2026-08-04,2026-06-30,231561101,,CURTISS WRIGHT CORP,2085.0,1579930000.0,
Polen Capital Management,0001034524,0001172661-26-003035,2026-08-04,2026-06-30,249906108,,DESCARTES SYS GROUP INC,6987.0,483759000.0,
Polen Capital Management,0001034524,0001172661-26-003035,2026-08-04,2026-06-30,252828108,,DIANTHUS THERAPEUTICS INC,9333.0,909781000.0,
Polen Capital Management,0001034524,0001172661-26-003035,2026-08-04,2026-06-30,25402D102,,DIGITALOCEAN HLDGS INC,101350.0,15914991000.0,
Polen Capital Management,0001034524,0001172661-26-003035,2026-08-04,2026-06-30,G29018101,,DLOCAL LTD,456087.0,5926851000.0,
Polen Capital Management,0001034524,0001172661-26-003035,2026-08-04,2026-06-30,282564103,,EIKON THERAPEUTICS INC,35742.0,466433000.0,
Polen Capital Management,0001034524,0001172661-26-003035,2026-08-04,2026-06-30,268603107,,EL POLLO LOCO HLDGS INC,46419.0,787266000.0,
Polen Capital Management,0001034524,0001172661-26-003035,2026-08-04,2026-06-30,532457108,,ELI LILLY & CO,666912.0,799914391000.0,
Polen Capital Management,0001034524,0001172661-26-003035,2026-08-04,2026-06-30,29082A107,,EMBRAER S.A.,14701.0,937924000.0,
Polen Capital Management,0001034524,0001172661-26-003035,2026-08-04,2026-06-30,29084Q100,,EMCOR GROUP INC,103123.0,85580055000.0,
Polen Capital Management,0001034524,0001172661-26-003035,2026-08-04,2026-06-30,29382R107,,ENTRAVISION COMMUNICATIONS C,236939.0,3089685000.0,
Polen Capital Management,0001034524,0001172661-26-003035,2026-08-04,2026-06-30,N30577105,,ERMENEGILDO ZEGNA N V,111273.0,1448774000.0,
Polen Capital Management,0001034524,0001172661-26-003035,2026-08-04,2026-06-30,296006109,,ERO COPPER CORP,62613.0,1674898000.0,
Polen Capital Management,0001034524,0001172661-26-003035,2026-08-04,2026-06-30,G31249108,,ESTABLISHMENT LABS HLDGS INC,22541.0,1934243000.0,
Polen Capital Management,0001034524,0001172661-26-003035,2026-08-04,2026-06-30,29772L108,,ETON PHARMACEUTICALS INC,45379.0,1642720000.0,
Polen Capital Management,0001034524,0001172661-26-003035,2026-08-04,2026-06-30,29786A106,,ETSY INC,2968.0,223579000.0,
Polen Capital Management,0001034524,0001172661-26-003035,2026-08-04,2026-06-30,74624M102,,EVERPURE INC,3828.0,301608000.0,
Polen Capital Management,0001034524,0001172661-26-003035,2026-08-04,2026-06-30,G3323L100,,FABRINET,2087.0,1173061000.0,
Polen Capital Management,0001034524,0001172661-26-003035,2026-08-04,2026-06-30,316092857,,FIDELITY COVINGTON TRUST,8672.0,254099000.0,
Polen Capital Management,0001034524,0001172661-26-003035,2026-08-04,2026-06-30,338307101,,FIVE9 INC,117256.0,2499898000.0,
Polen Capital Management,0001034524,0001172661-26-003035,2026-08-04,2026-06-30,343389409,,FLOTEK INDUSTRIES INC,195504.0,4598254000.0,
Polen Capital Management,0001034524,0001172661-26-003035,2026-08-04,2026-06-30,34631F102,,FORGENT POWER SOLUTIONS INC,50328.0,2811322000.0,
Polen Capital Management,0001034524,0001172661-26-003035,2026-08-04,2026-06-30,346375108,,FORMFACTOR INC,3591.0,574309000.0,
Polen Capital Management,0001034524,0001172661-26-003035,2026-08-04,2026-06-30,354613101,,FRANKLIN RESOURCES INC,13760.0,457795000.0,
Polen Capital Management,0001034524,0001172661-26-003035,2026-08-04,2026-06-30,G3730V105,,FTAI AVIATION LTD,1404.0,379824000.0,
Polen Capital Management,0001034524,0001172661-26-003035,2026-08-04,2026-06-30,369604301,,GE AEROSPACE,690493.0,258058054000.0,
Polen Capital Management,0001034524,0001172661-26-003035,2026-08-04,2026-06-30,36828A101,,GE VERNOVA INC,196612.0,230991228000.0,
Polen Capital Management,0001034524,0001172661-26-003035,2026-08-04,2026-06-30,377322102,,GLAUKOS CORP,4818.0,673364000.0,
Polen Capital Management,0001034524,0001172661-26-003035,2026-08-04,2026-06-30,37954Y889,,GLOBAL X FDS,11866.0,1050141000.0,
Polen Capital Management,0001034524,0001172661-26-003035,2026-08-04,2026-06-30,384556106,,GRAHAM CORP,15852.0,1962319000.0,
Polen Capital Management,0001034524,0001172661-26-003035,2026-08-04,2026-06-30,392709101,,GREEN BRICK PARTNERS INC,15242.0,1219970000.0,
Polen Capital Management,0001034524,0001172661-26-003035,2026-08-04,2026-06-30,40131M109,,GUARDANT HEALTH INC,34372.0,5156831000.0,
Polen Capital Management,0001034524,0001172661-26-003035,2026-08-04,2026-06-30,443201108,,HOWMET AEROSPACE INC,457124.0,122902480000.0,
Polen Capital Management,0001034524,0001172661-26-003035,2026-08-04,2026-06-30,44916Y106,,HYPERLIQUID STRATEGIES INC,340311.0,2678248000.0,
Polen Capital Management,0001034524,0001172661-26-003035,2026-08-04,2026-06-30,45104G104,,ICICI BANK LIMITED,38124.0,1106754000.0,
Polen Capital Management,0001034524,0001172661-26-003035,2026-08-04,2026-06-30,45168D104,,IDEXX LABS INC,532384.0,280268269000.0,
Polen Capital Management,0001034524,0001172661-26-003035,2026-08-04,2026-06-30,44951W106,,IES HOLDINGS INC,7275.0,5344652000.0,
Polen Capital Management,0001034524,0001172661-26-003035,2026-08-04,2026-06-30,45826T509,,INTEGRA RES CORP,241160.0,535439000.0,
Polen Capital Management,0001034524,0001172661-26-003035,2026-08-04,2026-06-30,46120E602,,INTUITIVE SURGICAL INC,447944.0,178138555000.0,
Polen Capital Management,0001034524,0001172661-26-003035,2026-08-04,2026-06-30,464288240,,ISHARES TR,27755.0,2112432000.0,
Polen Capital Management,0001034524,0001172661-26-003035,2026-08-04,2026-06-30,464288257,,ISHARES TR,120540.0,18921215000.0,
Polen Capital Management,0001034524,0001172661-26-003035,2026-08-04,2026-06-30,464287614,,ISHARES TR,613639.0,76195524000.0,
Polen Capital Management,0001034524,0001172661-26-003035,2026-08-04,2026-06-30,464287572,,ISHARES TR,2616.0,357330000.0,
Polen Capital Management,0001034524,0001172661-26-003035,2026-08-04,2026-06-30,G50871105,,JAZZ PHARMACEUTICALS PLC,1858.0,447722000.0,
Polen Capital Management,0001034524,0001172661-26-003035,2026-08-04,2026-06-30,M6191J100,,JFROG LTD,93117.0,8462473000.0,
Polen Capital Management,0001034524,0001172661-26-003035,2026-08-04,2026-06-30,G65163100,,JOBY AVIATION INC,332157.0,2962840000.0,
Polen Capital Management,0001034524,0001172661-26-003035,2026-08-04,2026-06-30,49926D109,,KNOWLES CORP,58485.0,2425958000.0,
Polen Capital Management,0001034524,0001172661-26-003035,2026-08-04,2026-06-30,50015M109,,KODIAK SCIENCES INC,35469.0,1381872000.0,
Polen Capital Management,0001034524,0001172661-26-003035,2026-08-04,2026-06-30,512807306,,LAM RESEARCH CORP,859036.0,372246307000.0,
Polen Capital Management,0001034524,0001172661-26-003035,2026-08-04,2026-06-30,518415104,,LATTICE SEMICONDUCTOR CORP,3478.0,531995000.0,
Polen Capital Management,0001034524,0001172661-26-003035,2026-08-04,2026-06-30,53190C102,,LIFE TIME GROUP HOLDINGS INC,76705.0,3132632000.0,
Polen Capital Management,0001034524,0001172661-26-003035,2026-08-04,2026-06-30,532257805,,LIGHTPATH TECHNOLOGIES INC,314476.0,5141683000.0,
Polen Capital Management,0001034524,0001172661-26-003035,2026-08-04,2026-06-30,535219109,,LINDBLAD EXPEDITIONS HLDGS I,114915.0,3245200000.0,
Polen Capital Management,0001034524,0001172661-26-003035,2026-08-04,2026-06-30,537008104,,LITTELFUSE INC,7016.0,3194595000.0,
Polen Capital Management,0001034524,0001172661-26-003035,2026-08-04,2026-06-30,55024U109,,LUMENTUM HLDGS INC,243.0,208509000.0,
Polen Capital Management,0001034524,0001172661-26-003035,2026-08-04,2026-06-30,55405Y100,,MACOM TECH SOLUTIONS HLDGS I,2048.0,778998000.0,
Polen Capital Management,0001034524,0001172661-26-003035,2026-08-04,2026-06-30,56146T103,,MAMAS CREATIONS INC,100497.0,1793871000.0,
Polen Capital Management,0001034524,0001172661-26-003035,2026-08-04,2026-06-30,567908108,,MARINEMAX INC,6750.0,247185000.0,
Polen Capital Management,0001034524,0001172661-26-003035,2026-08-04,2026-06-30,57636Q104,,MASTERCARD INCORPORATED,1141958.0,586509275000.0,
Polen Capital Management,0001034524,0001172661-26-003035,2026-08-04,2026-06-30,578605107,,MAYVILLE ENGR CO INC,61827.0,2316039000.0,
Polen Capital Management,0001034524,0001172661-26-003035,2026-08-04,2026-06-30,58733R102,,MERCADOLIBRE INC,25926.0,44005802000.0,
Polen Capital Management,0001034524,0001172661-26-003035,2026-08-04,2026-06-30,589378108,,MERCURY SYS INC,2904.0,355246000.0,
Polen Capital Management,0001034524,0001172661-26-003035,2026-08-04,2026-06-30,30303M102,,META PLATFORMS INC,329573.0,185645377000.0,
Polen Capital Management,0001034524,0001172661-26-003035,2026-08-04,2026-06-30,594918104,,MICROSOFT CORP,2098613.0,782824321000.0,
Polen Capital Management,0001034524,0001172661-26-003035,2026-08-04,2026-06-30,600544100,,MILLERKNOLL INC,12466.0,255054000.0,
Polen Capital Management,0001034524,0001172661-26-003035,2026-08-04,2026-06-30,L6388F110,,MILLICOM INTL CELLULAR S A,33602.0,3049718000.0,
Polen Capital Management,0001034524,0001172661-26-003035,2026-08-04,2026-06-30,604749101,,MIRUM PHARMACEUTICALS INC,20899.0,2446646000.0,
Polen Capital Management,0001034524,0001172661-26-003035,2026-08-04,2026-06-30,606710200,,MITEK SYS INC,35504.0,714696000.0,
Polen Capital Management,0001034524,0001172661-26-003035,2026-08-04,2026-06-30,607828100,,MODINE MFG CO,29335.0,7833032000.0,
Polen Capital Management,0001034524,0001172661-26-003035,2026-08-04,2026-06-30,55354G100,,MSCI INC,671797.0,376233195000.0,
Polen Capital Management,0001034524,0001172661-26-003035,2026-08-04,2026-06-30,624756102,,MUELLER INDS INC,5172.0,317923000.0,
Polen Capital Management,0001034524,0001172661-26-003035,2026-08-04,2026-06-30,632307104,,NATERA INC,1627.0,441649000.0,
Polen Capital Management,0001034524,0001172661-26-003035,2026-08-04,2026-06-30,G6375R107,,NATIONAL ENERGY SERVICES REU,38252.0,1144882000.0,
Polen Capital Management,0001034524,0001172661-26-003035,2026-08-04,2026-06-30,64110L106,,NETFLIX INC.,68139.0,4865159000.0,
Polen Capital Management,0001034524,0001172661-26-003035,2026-08-04,2026-06-30,65340P106,,NEXGEN ENERGY LTD,62639.0,588089000.0,
Polen Capital Management,0001034524,0001172661-26-003035,2026-08-04,2026-06-30,65487K100,,NLIGHT INC,133448.0,9290650000.0,
Polen Capital Management,0001034524,0001172661-26-003035,2026-08-04,2026-06-30,67000B104,,NOVANTA INC,13366.0,2168500000.0,
Polen Capital Management,0001034524,0001172661-26-003035,2026-08-04,2026-06-30,G6683N103,,NU HLDGS LTD,752747.0,10056694000.0,
Polen Capital Management,0001034524,0001172661-26-003035,2026-08-04,2026-06-30,67066G104,,NVIDIA CORPORATION,3978446.0,796047269000.0,
Polen Capital Management,0001034524,0001172661-26-003035,2026-08-04,2026-06-30,H5919C104,,ON HLDG AG,58741.0,2080619000.0,
Polen Capital Management,0001034524,0001172661-26-003035,2026-08-04,2026-06-30,683416101,,OOMA INC,21039.0,404370000.0,
Polen Capital Management,0001034524,0001172661-26-003035,2026-08-04,2026-06-30,48238T109,,OPENLANE INC,30970.0,1277203000.0,
Polen Capital Management,0001034524,0001172661-26-003035,2026-08-04,2026-06-30,683797104,,OPPENHEIMER HLDGS INC,26834.0,2832060000.0,
Polen Capital Management,0001034524,0001172661-26-003035,2026-08-04,2026-06-30,68389X105,,ORACLE CORP,3574259.0,523807723000.0,
Polen Capital Management,0001034524,0001172661-26-003035,2026-08-04,2026-06-30,687793109,,OSCAR HEALTH INC,38701.0,1103753000.0,
Polen Capital Management,0001034524,0001172661-26-003035,2026-08-04,2026-06-30,69007J304,,OUTFRONT MEDIA INC,60351.0,1977099000.0,
Polen Capital Management,0001034524,0001172661-26-003035,2026-08-04,2026-06-30,706915105,,PENGUIN SOLUTIONS INC,28293.0,2150551000.0,
Polen Capital Management,0001034524,0001172661-26-003035,2026-08-04,2026-06-30,72703X106,,PLANET LABS PBC,149211.0,4943360000.0,
Polen Capital Management,0001034524,0001172661-26-003035,2026-08-04,2026-06-30,739128106,,POWELL INDS INC,29181.0,8356271000.0,
Polen Capital Management,0001034524,0001172661-26-003035,2026-08-04,2026-06-30,74006W207,,PRAXIS PRECISION MEDICINES I,7252.0,2427897000.0,
Polen Capital Management,0001034524,0001172661-26-003035,2026-08-04,2026-06-30,740444104,,PREFORMED LINE PRODS CO,6875.0,2822600000.0,
Polen Capital Management,0001034524,0001172661-26-003035,2026-08-04,2026-06-30,74366E102,,PROTAGONIST THERAPEUTICS INC,22651.0,2776560000.0,
Polen Capital Management,0001034524,0001172661-26-003035,2026-08-04,2026-06-30,743713109,,PROTO LABS INC,35011.0,2853747000.0,
Polen Capital Management,0001034524,0001172661-26-003035,2026-08-04,2026-06-30,69366J200,,PTC THERAPEUTICS INC,24916.0,2032398000.0,
Polen Capital Management,0001034524,0001172661-26-003035,2026-08-04,2026-06-30,92552R406,,PURSUIT ATTRACTIONS AND HOSP,19995.0,1119120000.0,
Polen Capital Management,0001034524,0001172661-26-003035,2026-08-04,2026-06-30,750102105,,RACKSPACE TECHNOLOGY INC,709189.0,4631004000.0,
Polen Capital Management,0001034524,0001172661-26-003035,2026-08-04,2026-06-30,76134H101,,RESOLUTE HLDGS MGMT INC,11464.0,1656892000.0,
Polen Capital Management,0001034524,0001172661-26-003035,2026-08-04,2026-06-30,76680R206,,RINGCENTRAL INC,40133.0,1564384000.0,
Polen Capital Management,0001034524,0001172661-26-003035,2026-08-04,2026-06-30,773121108,,ROCKET LAB CORP,22751.0,2312639000.0,
Polen Capital Management,0001034524,0001172661-26-003035,2026-08-04,2026-06-30,G76279101,,ROIVANT SCIENCES LTD,8659.0,306442000.0,
Polen Capital Management,0001034524,0001172661-26-003035,2026-08-04,2026-06-30,775711104,,ROLLINS INC,1590903.0,66404276000.0,
Polen Capital Management,0001034524,0001172661-26-003035,2026-08-04,2026-06-30,781154109,,RUBRIK INC.,6201.0,497816000.0,
Polen Capital Management,0001034524,0001172661-26-003035,2026-08-04,2026-06-30,74982T103,,RXO INC,37400.0,1031866000.0,
Polen Capital Management,0001034524,0001172661-26-003035,2026-08-04,2026-06-30,80004C200,,SANDISK CORP,193.0,438830000.0,
Polen Capital Management,0001034524,0001172661-26-003035,2026-08-04,2026-06-30,801056102,,SANMINA CORP,886.0,224229000.0,
Polen Capital Management,0001034524,0001172661-26-003035,2026-08-04,2026-06-30,803054204,,SAP SE,28773.0,4434182000.0,
Polen Capital Management,0001034524,0001172661-26-003035,2026-08-04,2026-06-30,80706P103,,SCHOLAR ROCK HLDG CORP,52132.0,2867260000.0,
Polen Capital Management,0001034524,0001172661-26-003035,2026-08-04,2026-06-30,81141R100,,SEA LTD,23119.0,2215493000.0,
Polen Capital Management,0001034524,0001172661-26-003035,2026-08-04,2026-06-30,816850101,,SEMTECH CORP,13353.0,2161183000.0,
Polen Capital Management,0001034524,0001172661-26-003035,2026-08-04,2026-06-30,81762P102,,SERVICENOW INC,5370172.0,533150641000.0,
Polen Capital Management,0001034524,0001172661-26-003035,2026-08-04,2026-06-30,G8068L108,,SHARKNINJA INC,4146.0,631311000.0,
Polen Capital Management,0001034524,0001172661-26-003035,2026-08-04,2026-06-30,82509L107,,SHOPIFY INC,4577524.0,522661619000.0,
Polen Capital Management,0001034524,0001172661-26-003035,2026-08-04,2026-06-30,82982T106,,SITIME CORP,5555.0,4141586000.0,
Polen Capital Management,0001034524,0001172661-26-003035,2026-08-04,2026-06-30,83406F102,,SOFI TECHNOLOGIES INC,65611.0,1176405000.0,
Polen Capital Management,0001034524,0001172661-26-003035,2026-08-04,2026-06-30,83418M103,,SOLARIS ENERGY INFRAS INC,80324.0,6462869000.0,
Polen Capital Management,0001034524,0001172661-26-003035,2026-08-04,2026-06-30,84615Q103,,SPACE EXPLORATION TECHN CORP,6705.0,1145616000.0,
Polen Capital Management,0001034524,0001172661-26-003035,2026-08-04,2026-06-30,55826T102,,SPHERE ENTERTAINMENT CO,38529.0,6666673000.0,
Polen Capital Management,0001034524,0001172661-26-003035,2026-08-04,2026-06-30,L8681T102,,SPOTIFY TECHNOLOGY S A,81578.0,37455057000.0,
Polen Capital Management,0001034524,0001172661-26-003035,2026-08-04,2026-06-30,855244109,,STARBUCKS CORP,3550773.0,362853519000.0,
Polen Capital Management,0001034524,0001172661-26-003035,2026-08-04,2026-06-30,78462F103,,STATE STR SPDR S&P 500 ETF T,4018.0,3000749000.0,
Polen Capital Management,0001034524,0001172661-26-003035,2026-08-04,2026-06-30,871607107,,SYNOPSYS INC,41267.0,18408166000.0,
Polen Capital Management,0001034524,0001172661-26-003035,2026-08-04,2026-06-30,874039100,,TAIWAN SEMICONDUCTOR MANUFAC,501210.0,239363015000.0,
Polen Capital Management,0001034524,0001172661-26-003035,2026-08-04,2026-06-30,87422Q109,,TALEN ENERGY CORP,1473.0,566015000.0,
Polen Capital Management,0001034524,0001172661-26-003035,2026-08-04,2026-06-30,877619106,,TAYSHA GENE THERAPIES INC,489219.0,3331581000.0,
Polen Capital Management,0001034524,0001172661-26-003035,2026-08-04,2026-06-30,G87110105,,TECHNIPFMC PLC,22164.0,1469473000.0,
Polen Capital Management,0001034524,0001172661-26-003035,2026-08-04,2026-06-30,88034P109,,TENCENT MUSIC ENTMT GROUP,407182.0,3399970000.0,
Polen Capital Management,0001034524,0001172661-26-003035,2026-08-04,2026-06-30,88080T104,,TERAWULF INC,563139.0,13909533000.0,
Polen Capital Management,0001034524,0001172661-26-003035,2026-08-04,2026-06-30,88160R101,,TESLA INC,8974.0,3774464000.0,
Polen Capital Management,0001034524,0001172661-26-003035,2026-08-04,2026-06-30,88339P101,,THE REALREAL INC,496556.0,5854395000.0,
Polen Capital Management,0001034524,0001172661-26-003035,2026-08-04,2026-06-30,88556E102,,THREDUP INC,75291.0,515743000.0,
Polen Capital Management,0001034524,0001172661-26-003035,2026-08-04,2026-06-30,89422G107,,TRAVERE THERAPEUTICS INC,34315.0,1949435000.0,
Polen Capital Management,0001034524,0001172661-26-003035,2026-08-04,2026-06-30,90138F102,,TWILIO INC,5572.0,1149671000.0,
Polen Capital Management,0001034524,0001172661-26-003035,2026-08-04,2026-06-30,90184D100,,TWIST BIOSCIENCE CORP,55310.0,5690293000.0,
Polen Capital Management,0001034524,0001172661-26-003035,2026-08-04,2026-06-30,90353T100,,UBER TECHNOLOGIES INC,570063.0,41135737000.0,
Polen Capital Management,0001034524,0001172661-26-003035,2026-08-04,2026-06-30,910047109,,UNITED AIRLS HLDGS INC,5277.0,717619000.0,
Polen Capital Management,0001034524,0001172661-26-003035,2026-08-04,2026-06-30,M96088105,,UROGEN PHARMA LTD,29615.0,1089832000.0,
Polen Capital Management,0001034524,0001172661-26-003035,2026-08-04,2026-06-30,922908736,,VANGUARD INDEX FDS,73200.0,6305436000.0,
Polen Capital Management,0001034524,0001172661-26-003035,2026-08-04,2026-06-30,922908363,,VANGUARD INDEX FDS,1518.0,1042578000.0,
Polen Capital Management,0001034524,0001172661-26-003035,2026-08-04,2026-06-30,922042742,,VANGUARD INTL EQUITY INDEX F,7719.0,1211530000.0,
Polen Capital Management,0001034524,0001172661-26-003035,2026-08-04,2026-06-30,922417100,,VEECO INSTRS INC DEL,48314.0,3662201000.0,
Polen Capital Management,0001034524,0001172661-26-003035,2026-08-04,2026-06-30,92259N302,,VELO3D INC,74422.0,1306106000.0,
Polen Capital Management,0001034524,0001172661-26-003035,2026-08-04,2026-06-30,925815102,,VICOR CORP,14924.0,5667837000.0,
Polen Capital Management,0001034524,0001172661-26-003035,2026-08-04,2026-06-30,92645B103,,VICTORY CAP HLDGS INC DEL,28223.0,2372425000.0,
Polen Capital Management,0001034524,0001172661-26-003035,2026-08-04,2026-06-30,92826C839,,VISA INC,1805617.0,619489263000.0,
Polen Capital Management,0001034524,0001172661-26-003035,2026-08-04,2026-06-30,92835K103,,VISHAY PRECISION GROUP INC,32744.0,4908653000.0,
Polen Capital Management,0001034524,0001172661-26-003035,2026-08-04,2026-06-30,92837L109,,VISTA ENERGY S.A.B. DE C.V.,8483.0,541215000.0,
Polen Capital Management,0001034524,0001172661-26-003035,2026-08-04,2026-06-30,918284100,,VSE CORP,29853.0,6821411000.0,
Polen Capital Management,0001034524,0001172661-26-003035,2026-08-04,2026-06-30,94419L101,,WAYFAIR INC,2402.0,221993000.0,
Polen Capital Management,0001034524,0001172661-26-003035,2026-08-04,2026-06-30,G96115103,,WHITEFIBER INC,26281.0,1021017000.0,
Polen Capital Management,0001034524,0001172661-26-003035,2026-08-04,2026-06-30,G96629103,,WILLIS TOWERS WATSON PLC LTD,12833.0,3354236000.0,
Polen Capital Management,0001034524,0001172661-26-003035,2026-08-04,2026-06-30,971378104,,WILLSCOT HLDGS CORP,34229.0,987849000.0,
Polen Capital Management,0001034524,0001172661-26-003035,2026-08-04,2026-06-30,97717P104,,WISDOMTREE INC,149051.0,2524924000.0,
Polen Capital Management,0001034524,0001172661-26-003035,2026-08-04,2026-06-30,97785W106,,WOLFSPEED INC,38219.0,1844067000.0,
Polen Capital Management,0001034524,0001172661-26-003035,2026-08-04,2026-06-30,983793100,,XPO INC,3396.0,697165000.0,
Polen Capital Management,0001034524,0001172661-26-003035,2026-08-04,2026-06-30,98978V103,,ZOETIS INC,320420.0,23025346000.0,
Polen Capital Management,0001034524,0001172661-26-001911,2026-05-14,2026-03-31,000361105,,AAR CORP,16208.0,1774128000.0,
Polen Capital Management,0001034524,0001172661-26-001911,2026-05-14,2026-03-31,002824100,,ABBOTT LABORATORIES,15081.0,1548326000.0,
Polen Capital Management,0001034524,0001172661-26-001911,2026-05-14,2026-03-31,G1151C101,,ACCENTURE PLC IRELAND,1354748.0,268632941000.0,
Polen Capital Management,0001034524,0001172661-26-001911,2026-05-14,2026-03-31,00650F109,,ADAPTIVE BIOTECHNOLOGIES COR,116051.0,1610788000.0,
Polen Capital Management,0001034524,0001172661-26-001911,2026-05-14,2026-03-31,00724F101,,ADOBE INC,11868.0,2884835000.0,
Polen Capital Management,0001034524,0001172661-26-001911,2026-05-14,2026-03-31,00486H105,,ADTRAN HOLDINGS INC,75688.0,952155000.0,
Polen Capital Management,0001034524,0001172661-26-001911,2026-05-14,2026-03-31,00760J108,,AEHR TEST SYS,79396.0,2944004000.0,
Polen Capital Management,0001034524,0001172661-26-001911,2026-05-14,2026-03-31,00827B106,,AFFIRM HLDGS INC,4763.0,218241000.0,
Polen Capital Management,0001034524,0001172661-26-001911,2026-05-14,2026-03-31,009066101,,AIRBNB INC,2273747.0,287128813000.0,
Polen Capital Management,0001034524,0001172661-26-001911,2026-05-14,2026-03-31,013872106,,ALCOA CORP,4975.0,329992000.0,
Polen Capital Management,0001034524,0001172661-26-001911,2026-05-14,2026-03-31,02079K305,,ALPHABET INC,28195.0,8107744000.0,
Polen Capital Management,0001034524,0001172661-26-001911,2026-05-14,2026-03-31,02079K107,,ALPHABET INC,2946637.0,845272352000.0,
Polen Capital Management,0001034524,0001172661-26-001911,2026-05-14,2026-03-31,02157Q109,,ALTO NEUROSCIENCE INC,16613.0,373460000.0,
Polen Capital Management,0001034524,0001172661-26-001911,2026-05-14,2026-03-31,023135106,,AMAZON COM INC,3896739.0,811573863000.0,
Polen Capital Management,0001034524,0001172661-26-001911,2026-05-14,2026-03-31,02913V103,,AMERICAN PUB ED INC,14122.0,803259000.0,
Polen Capital Management,0001034524,0001172661-26-001911,2026-05-14,2026-03-31,03214Q108,,AMPRIUS TECHNOLOGIES INC,422145.0,7117365000.0,
Polen Capital Management,0001034524,0001172661-26-001911,2026-05-14,2026-03-31,00182C103,,ANI PHARMACEUTICALS INC,6409.0,492852000.0,
Polen Capital Management,0001034524,0001172661-26-001911,2026-05-14,2026-03-31,03589W102,,ANNEXON INC,70152.0,388642000.0,
Polen Capital Management,0001034524,0001172661-26-001911,2026-05-14,2026-03-31,G0403H108,,AON PLC,1354053.0,437061344000.0,
Polen Capital Management,0001034524,0001172661-26-001911,2026-05-14,2026-03-31,037833100,,APPLE INC,4052.0,1028389000.0,
Polen Capital Management,0001034524,0001172661-26-001911,2026-05-14,2026-03-31,03823U102,,APPLIED OPTOELECTRONICS INC,14913.0,1261491000.0,
Polen Capital Management,0001034524,0001172661-26-001911,2026-05-14,2026-03-31,04010E109,,ARGAN INC,17981.0,9793352000.0,
Polen Capital Management,0001034524,0001172661-26-001911,2026-05-14,2026-03-31,04206A101,,ARLO TECHNOLOGIES INC,58674.0,834931000.0,
Polen Capital Management,0001034524,0001172661-26-001911,2026-05-14,2026-03-31,04351P101,,ASCENDIS PHARMA A/S,1812.0,414459000.0,
Polen Capital Management,0001034524,0001172661-26-001911,2026-05-14,2026-03-31,N07059210,,ASML HLDG NV,16072.0,21228760000.0,
Polen Capital Management,0001034524,0001172661-26-001911,2026-05-14,2026-03-31,00218A105,,ASP ISOTOPES INC,122970.0,543527000.0,
Polen Capital Management,0001034524,0001172661-26-001911,2026-05-14,2026-03-31,046224101,,ASTEC INDS INC,41172.0,2216700000.0,
Polen Capital Management,0001034524,0001172661-26-001911,2026-05-14,2026-03-31,G0593M107,,ASTRAZENECA PLC,26046.0,5118898000.0,
Polen Capital Management,0001034524,0001172661-26-001911,2026-05-14,2026-03-31,046433108,,ASTRONICS CORP,42410.0,2830019000.0,
Polen Capital Management,0001034524,0001172661-26-001911,2026-05-14,2026-03-31,05465C100,,AXOS FINANCIAL INC,16849.0,1433681000.0,
Polen Capital Management,0001034524,0001172661-26-001911,2026-05-14,2026-03-31,05464T104,,AXSOME THERAPEUTICS INC.,2116.0,357646000.0,
Polen Capital Management,0001034524,0001172661-26-001911,2026-05-14,2026-03-31,00246W103,,AXT INC,49368.0,2812989000.0,
Polen Capital Management,0001034524,0001172661-26-001911,2026-05-14,2026-03-31,002474104,,AZZ INC,14438.0,1806627000.0,
Polen Capital Management,0001034524,0001172661-26-001911,2026-05-14,2026-03-31,05614L209,,BABCOCK & WILCOX ENTERPRISES,271492.0,3988217000.0,
Polen Capital Management,0001034524,0001172661-26-001911,2026-05-14,2026-03-31,077347300,,BEL FUSE INC,43339.0,8580255000.0,
Polen Capital Management,0001034524,0001172661-26-001911,2026-05-14,2026-03-31,08774B508,,BETTER HOME & FINANCE HOLDIN,15959.0,568460000.0,
Polen Capital Management,0001034524,0001172661-26-001911,2026-05-14,2026-03-31,09263B207,,BLACKSKY TECHNOLOGY INC,30642.0,770953000.0,
Polen Capital Management,0001034524,0001172661-26-001911,2026-05-14,2026-03-31,093712107,,BLOOM ENERGY CORP,67231.0,9109128000.0,
Polen Capital Management,0001034524,0001172661-26-001911,2026-05-14,2026-03-31,101137107,,BOSTON SCIENTIFIC CORP,579739.0,36378606000.0,
Polen Capital Management,0001034524,0001172661-26-001911,2026-05-14,2026-03-31,10806X102,,BRIDGEBIO PHARMA INC,45934.0,3411059000.0,
Polen Capital Management,0001034524,0001172661-26-001911,2026-05-14,2026-03-31,11040G103,,BRISTOW GROUP INC,7483.0,350878000.0,
Polen Capital Management,0001034524,0001172661-26-001911,2026-05-14,2026-03-31,11135F101,,BROADCOM INC,2697567.0,834924015000.0,
Polen Capital Management,0001034524,0001172661-26-001911,2026-05-14,2026-03-31,112463104,,BROOKDALE SR LIVING INC,420374.0,5750716000.0,
Polen Capital Management,0001034524,0001172661-26-001911,2026-05-14,2026-03-31,124155102,,BUTTERFLY NETWORK INC,406260.0,1641290000.0,
Polen Capital Management,0001034524,0001172661-26-001911,2026-05-14,2026-03-31,05605H100,,BWX TECHNOLOGIES INC,38123.0,7795772000.0,
Polen Capital Management,0001034524,0001172661-26-001911,2026-05-14,2026-03-31,131193104,,CALLAWAY GOLF CO,70431.0,977582000.0,
Polen Capital Management,0001034524,0001172661-26-001911,2026-05-14,2026-03-31,13321L108,,CAMECO CORP,20210.0,2195008000.0,
Polen Capital Management,0001034524,0001172661-26-001911,2026-05-14,2026-03-31,G1827P106,,CANTOR EQUITY PARTNERS II IN,82865.0,902400000.0,
Polen Capital Management,0001034524,0001172661-26-001911,2026-05-14,2026-03-31,144285103,,CARPENTER TECHNOLOGY CORP,12431.0,4899679000.0,
Polen Capital Management,0001034524,0001172661-26-001911,2026-05-14,2026-03-31,146869102,,CARVANA CO,7348.0,2310064000.0,
Polen Capital Management,0001034524,0001172661-26-001911,2026-05-14,2026-03-31,125141101,,CECO ENVIRONMENTAL CORP,143231.0,8533703000.0,
Polen Capital Management,0001034524,0001172661-26-001911,2026-05-14,2026-03-31,15102K100,,CELCUITY INC,17181.0,1961039000.0,
Polen Capital Management,0001034524,0001172661-26-001911,2026-05-14,2026-03-31,154760409,,CENTRAL PAC FINL CORP,32323.0,1033043000.0,
Polen Capital Management,0001034524,0001172661-26-001911,2026-05-14,2026-03-31,155038201,,CENTRAL PUERTO S A,22120.0,372280000.0,
Polen Capital Management,0001034524,0001172661-26-001911,2026-05-14,2026-03-31,163072101,,CHEESECAKE FACTORY INC,24822.0,1359005000.0,
Polen Capital Management,0001034524,0001172661-26-001911,2026-05-14,2026-03-31,172573107,,CIRCLE INTERNET GROUP INC,13098.0,1249680000.0,
Polen Capital Management,0001034524,0001172661-26-001911,2026-05-14,2026-03-31,18453H106,,CLEAR CHANNEL OUTDOOR HLDGS,174708.0,414058000.0,
Polen Capital Management,0001034524,0001172661-26-001911,2026-05-14,2026-03-31,18467V109,,CLEAR SECURE INC,145900.0,7063019000.0,
Polen Capital Management,0001034524,0001172661-26-001911,2026-05-14,2026-03-31,21044C107,,CONSTRUCTION PARTNERS INC,26329.0,2925678000.0,
Polen Capital Management,0001034524,0001172661-26-001911,2026-05-14,2026-03-31,L1995B107,,CORPORACION AMER ARPTS S A,106069.0,2682485000.0,
Polen Capital Management,0001034524,0001172661-26-001911,2026-05-14,2026-03-31,22160N109,,COSTAR GROUP INC,12570368.0,507088654000.0,
Polen Capital Management,0001034524,0001172661-26-001911,2026-05-14,2026-03-31,231561101,,CURTISS WRIGHT CORP,1192.0,811895000.0,
Polen Capital Management,0001034524,0001172661-26-001911,2026-05-14,2026-03-31,23834J201,,DAVE INC,3869.0,673554000.0,
Polen Capital Management,0001034524,0001172661-26-001911,2026-05-14,2026-03-31,248019101,,DELUXE CORP MEDIUM TERM NTS,14157.0,389884000.0,
Polen Capital Management,0001034524,0001172661-26-001911,2026-05-14,2026-03-31,24823R105,,DENALI THERAPEUTICS INC,65301.0,1253779000.0,
Polen Capital Management,0001034524,0001172661-26-001911,2026-05-14,2026-03-31,252828108,,DIANTHUS THERAPEUTICS INC,4119.0,345666000.0,
Polen Capital Management,0001034524,0001172661-26-001911,2026-05-14,2026-03-31,25402D102,,DIGITALOCEAN HLDGS INC,96206.0,8252551000.0,
Polen Capital Management,0001034524,0001172661-26-001911,2026-05-14,2026-03-31,G29018101,,DLOCAL LTD,458909.0,5952050000.0,
Polen Capital Management,0001034524,0001172661-26-001911,2026-05-14,2026-03-31,268603107,,EL POLLO LOCO HLDGS INC,13132.0,182010000.0,
Polen Capital Management,0001034524,0001172661-26-001911,2026-05-14,2026-03-31,532457108,,ELI LILLY & CO,914557.0,841181778000.0,
Polen Capital Management,0001034524,0001172661-26-001911,2026-05-14,2026-03-31,29082A107,,EMBRAER S.A.,9138.0,542249000.0,
Polen Capital Management,0001034524,0001172661-26-001911,2026-05-14,2026-03-31,296006109,,ERO COPPER CORP,70159.0,1871141000.0,
Polen Capital Management,0001034524,0001172661-26-001911,2026-05-14,2026-03-31,29667J101,,ESQUIRE FINL HLDGS INC,11713.0,1259148000.0,
Polen Capital Management,0001034524,0001172661-26-001911,2026-05-14,2026-03-31,G31249108,,ESTABLISHMENT LABS HLDGS INC,24324.0,1381117000.0,
Polen Capital Management,0001034524,0001172661-26-001911,2026-05-14,2026-03-31,29772L108,,ETON PHARMACEUTICALS INC,30138.0,743806000.0,
Polen Capital Management,0001034524,0001172661-26-001911,2026-05-14,2026-03-31,G3323L100,,FABRINET,1930.0,1006534000.0,
Polen Capital Management,0001034524,0001172661-26-001911,2026-05-14,2026-03-31,31188V100,,FASTLY INC,238518.0,6931333000.0,
Polen Capital Management,0001034524,0001172661-26-001911,2026-05-14,2026-03-31,30260D103,,FIGS INC,121437.0,1793624000.0,
Polen Capital Management,0001034524,0001172661-26-001911,2026-05-14,2026-03-31,349381103,,FIGURE TECHNOLOGY SOLUTIO,105634.0,3586274000.0,
Polen Capital Management,0001034524,0001172661-26-001911,2026-05-14,2026-03-31,31816X106,,FIREFLY AEROSPACE INC,25499.0,725957000.0,
Polen Capital Management,0001034524,0001172661-26-001911,2026-05-14,2026-03-31,336433107,,FIRST SOLAR INC,1275.0,251507000.0,
Polen Capital Management,0001034524,0001172661-26-001911,2026-05-14,2026-03-31,343389409,,FLOTEK INDUSTRIES INC,27642.0,469085000.0,
Polen Capital Management,0001034524,0001172661-26-001911,2026-05-14,2026-03-31,343412102,,FLUOR CORP,21011.0,980163000.0,
Polen Capital Management,0001034524,0001172661-26-001911,2026-05-14,2026-03-31,G3730V105,,FTAI AVIATION LTD,1762.0,431690000.0,
Polen Capital Management,0001034524,0001172661-26-001911,2026-05-14,2026-03-31,366651107,,GARTNER INC,1549.0,245280000.0,
Polen Capital Management,0001034524,0001172661-26-001911,2026-05-14,2026-03-31,81663L200,,GENEDX HOLDINGS CORP,77419.0,4971848000.0,
Polen Capital Management,0001034524,0001172661-26-001911,2026-05-14,2026-03-31,37954Y889,,GLOBAL X FDS,18868.0,1474534000.0,
Polen Capital Management,0001034524,0001172661-26-001911,2026-05-14,2026-03-31,20459V105,,GPGI INC,33406.0,571243000.0,
Polen Capital Management,0001034524,0001172661-26-001911,2026-05-14,2026-03-31,384556106,,GRAHAM CORP,17813.0,1405802000.0,
Polen Capital Management,0001034524,0001172661-26-001911,2026-05-14,2026-03-31,392709101,,GREEN BRICK PARTNERS INC,13184.0,849709000.0,
Polen Capital Management,0001034524,0001172661-26-001911,2026-05-14,2026-03-31,399909100,,GRUPO FINANCIERO GALICIA S.A,4388.0,204963000.0,
Polen Capital Management,0001034524,0001172661-26-001911,2026-05-14,2026-03-31,40131M109,,GUARDANT HEALTH INC,34725.0,3207548000.0,
Polen Capital Management,0001034524,0001172661-26-001911,2026-05-14,2026-03-31,40416E103,,HCI GROUP INC,6106.0,944049000.0,
Polen Capital Management,0001034524,0001172661-26-001911,2026-05-14,2026-03-31,40415F101,,HDFC BANK LTD,23926.0,595289000.0,
Polen Capital Management,0001034524,0001172661-26-001911,2026-05-14,2026-03-31,44916Y106,,HYPERLIQUID STRATEGIES INC,62008.0,315621000.0,
Polen Capital Management,0001034524,0001172661-26-001911,2026-05-14,2026-03-31,45104G104,,ICICI BANK LIMITED,118059.0,3057724000.0,
Polen Capital Management,0001034524,0001172661-26-001911,2026-05-14,2026-03-31,45168D104,,IDEXX LABS INC,695811.0,390969243000.0,
Polen Capital Management,0001034524,0001172661-26-001911,2026-05-14,2026-03-31,44951W106,,IES HOLDINGS INC,11953.0,5695246000.0,
Polen Capital Management,0001034524,0001172661-26-001911,2026-05-14,2026-03-31,461202103,,INTUIT,19853.0,8583861000.0,
Polen Capital Management,0001034524,0001172661-26-001911,2026-05-14,2026-03-31,46120E602,,INTUITIVE SURGICAL INC,606826.0,279740605000.0,
Polen Capital Management,0001034524,0001172661-26-001911,2026-05-14,2026-03-31,46222L108,,IONQ INC,42109.0,1214002000.0,
Polen Capital Management,0001034524,0001172661-26-001911,2026-05-14,2026-03-31,46266A109,,IRADIMED CORP,20744.0,1996817000.0,
Polen Capital Management,0001034524,0001172661-26-001911,2026-05-14,2026-03-31,450047303,,IRSA INVERSIONES Y REP S A,94136.0,1525945000.0,
Polen Capital Management,0001034524,0001172661-26-001911,2026-05-14,2026-03-31,46434G772,,ISHARES INC,72894.0,5169642000.0,
Polen Capital Management,0001034524,0001172661-26-001911,2026-05-14,2026-03-31,46436E718,,ISHARES TR,11267.0,1134136000.0,
Polen Capital Management,0001034524,0001172661-26-001911,2026-05-14,2026-03-31,464288257,,ISHARES TR,306415.0,42398594000.0,
Polen Capital Management,0001034524,0001172661-26-001911,2026-05-14,2026-03-31,464288240,,ISHARES TR,25676.0,1758012000.0,
Polen Capital Management,0001034524,0001172661-26-001911,2026-05-14,2026-03-31,46429B671,,ISHARES TR,96813.0,5438954000.0,
Polen Capital Management,0001034524,0001172661-26-001911,2026-05-14,2026-03-31,464287614,,ISHARES TR,406863.0,173486508000.0,
Polen Capital Management,0001034524,0001172661-26-001911,2026-05-14,2026-03-31,46578C108,,IVANHOE ELECTRIC INC,97186.0,1148739000.0,
Polen Capital Management,0001034524,0001172661-26-001911,2026-05-14,2026-03-31,M6191J100,,JFROG LTD,20240.0,949863000.0,
Polen Capital Management,0001034524,0001172661-26-001911,2026-05-14,2026-03-31,G65163100,,JOBY AVIATION INC,294754.0,2434668000.0,
Polen Capital Management,0001034524,0001172661-26-001911,2026-05-14,2026-03-31,485924104,,KARMAN HLDGS INC,44066.0,3527483000.0,
Polen Capital Management,0001034524,0001172661-26-001911,2026-05-14,2026-03-31,50015M109,,KODIAK SCIENCES INC,41354.0,1576414000.0,
Polen Capital Management,0001034524,0001172661-26-001911,2026-05-14,2026-03-31,50050N103,,KONTOOR BRANDS INC,13192.0,927266000.0,
Polen Capital Management,0001034524,0001172661-26-001911,2026-05-14,2026-03-31,50077B207,,KRATOS DEFENSE & SEC SOLUTIO,29265.0,2063475000.0,
Polen Capital Management,0001034524,0001172661-26-001911,2026-05-14,2026-03-31,512807306,,LAM RESEARCH CORP,1054495.0,225303412000.0,
Polen Capital Management,0001034524,0001172661-26-001911,2026-05-14,2026-03-31,52567D107,,LEMONADE INC,8219.0,515167000.0,
Polen Capital Management,0001034524,0001172661-26-001911,2026-05-14,2026-03-31,53190C102,,LIFE TIME GROUP HOLDINGS INC,40481.0,1090558000.0,
Polen Capital Management,0001034524,0001172661-26-001911,2026-05-14,2026-03-31,532257805,,LIGHTPATH TECHNOLOGIES INC,79055.0,792922000.0,
Polen Capital Management,0001034524,0001172661-26-001911,2026-05-14,2026-03-31,535219109,,LINDBLAD EXPEDITIONS HLDGS I,102127.0,1766797000.0,
Polen Capital Management,0001034524,0001172661-26-001911,2026-05-14,2026-03-31,537008104,,LITTELFUSE INC,4959.0,1682837000.0,
Polen Capital Management,0001034524,0001172661-26-001911,2026-05-14,2026-03-31,55405Y100,,MACOM TECH SOLUTIONS HLDGS I,1063.0,236060000.0,
Polen Capital Management,0001034524,0001172661-26-001911,2026-05-14,2026-03-31,56146T103,,MAMAS CREATIONS INC,65408.0,1003359000.0,
Polen Capital Management,0001034524,0001172661-26-001911,2026-05-14,2026-03-31,563571405,,MANITOWOC CO INC,39879.0,464590000.0,
Polen Capital Management,0001034524,0001172661-26-001911,2026-05-14,2026-03-31,57636Q104,,MASTERCARD INCORPORATED,1541388.0,770169816000.0,
Polen Capital Management,0001034524,0001172661-26-001911,2026-05-14,2026-03-31,G5960L103,,MEDTRONIC PLC,60661.0,5256201000.0,
Polen Capital Management,0001034524,0001172661-26-001911,2026-05-14,2026-03-31,58733R102,,MERCADOLIBRE INC,34452.0,59567722000.0,
Polen Capital Management,0001034524,0001172661-26-001911,2026-05-14,2026-03-31,30303M102,,META PLATFORMS INC,476663.0,272713407000.0,
Polen Capital Management,0001034524,0001172661-26-001911,2026-05-14,2026-03-31,594918104,,MICROSOFT CORP,2845888.0,1053462402000.0,
Polen Capital Management,0001034524,0001172661-26-001911,2026-05-14,2026-03-31,600544100,,MILLERKNOLL INC,26305.0,380370000.0,
Polen Capital Management,0001034524,0001172661-26-001911,2026-05-14,2026-03-31,L6388F110,,MILLICOM INTL CELLULAR S A,36096.0,2705034000.0,
Polen Capital Management,0001034524,0001172661-26-001911,2026-05-14,2026-03-31,60471A101,,MIRION TECHNOLOGIES INC,24921.0,463281000.0,
Polen Capital Management,0001034524,0001172661-26-001911,2026-05-14,2026-03-31,604749101,,MIRUM PHARMACEUTICALS INC,20531.0,1896654000.0,
Polen Capital Management,0001034524,0001172661-26-001911,2026-05-14,2026-03-31,606710200,,MITEK SYS INC,26445.0,357008000.0,
Polen Capital Management,0001034524,0001172661-26-001911,2026-05-14,2026-03-31,607828100,,MODINE MFG CO,29042.0,6293692000.0,
Polen Capital Management,0001034524,0001172661-26-001911,2026-05-14,2026-03-31,55354G100,,MSCI INC,929509.0,501014820000.0,
Polen Capital Management,0001034524,0001172661-26-001911,2026-05-14,2026-03-31,624756102,,MUELLER INDS INC,2769.0,306805000.0,
Polen Capital Management,0001034524,0001172661-26-001911,2026-05-14,2026-03-31,632307104,,NATERA INC,1269.0,253787000.0,
Polen Capital Management,0001034524,0001172661-26-001911,2026-05-14,2026-03-31,63909J108,,NAUTILUS BIOTECHNOLOGY INC,40345.0,156539000.0,
Polen Capital Management,0001034524,0001172661-26-001911,2026-05-14,2026-03-31,64110L106,,NETFLIX INC.,83285.0,8007890000.0,
Polen Capital Management,0001034524,0001172661-26-001911,2026-05-14,2026-03-31,65340P106,,NEXGEN ENERGY LTD,117610.0,1364276000.0,
Polen Capital Management,0001034524,0001172661-26-001911,2026-05-14,2026-03-31,65487K100,,NLIGHT INC,89791.0,5119883000.0,
Polen Capital Management,0001034524,0001172661-26-001911,2026-05-14,2026-03-31,G6683N103,,NU HLDGS LTD,1217238.0,17491709000.0,
Polen Capital Management,0001034524,0001172661-26-001911,2026-05-14,2026-03-31,67079K100,,NUSCALE PWR CORP,21246.0,230307000.0,
Polen Capital Management,0001034524,0001172661-26-001911,2026-05-14,2026-03-31,670703107,,NUVALENT INC,12744.0,1305623000.0,
Polen Capital Management,0001034524,0001172661-26-001911,2026-05-14,2026-03-31,67066G104,,NVIDIA CORPORATION,4104247.0,715780775000.0,
Polen Capital Management,0001034524,0001172661-26-001911,2026-05-14,2026-03-31,H5919C104,,ON HLDG AG,88051.0,2995481000.0,
Polen Capital Management,0001034524,0001172661-26-001911,2026-05-14,2026-03-31,68237F108,,ONCE UPON A FARM PBC,40631.0,664317000.0,
Polen Capital Management,0001034524,0001172661-26-001911,2026-05-14,2026-03-31,683712103,,OPENDOOR TECHNOLOGIES INC,17474.0,81778000.0,
Polen Capital Management,0001034524,0001172661-26-001911,2026-05-14,2026-03-31,48238T109,,OPENLANE INC,33361.0,972473000.0,
Polen Capital Management,0001034524,0001172661-26-001911,2026-05-14,2026-03-31,683797104,,OPPENHEIMER HLDGS INC,26954.0,2404027000.0,
Polen Capital Management,0001034524,0001172661-26-001911,2026-05-14,2026-03-31,68389X105,,ORACLE CORP,5024257.0,739118451000.0,
Polen Capital Management,0001034524,0001172661-26-001911,2026-05-14,2026-03-31,68628V308,,ORION GROUP HLDGS INC,49265.0,536989000.0,
Polen Capital Management,0001034524,0001172661-26-001911,2026-05-14,2026-03-31,69007J304,,OUTFRONT MEDIA INC,51411.0,1362392000.0,
Polen Capital Management,0001034524,0001172661-26-001911,2026-05-14,2026-03-31,70432V102,,PAYCOM SOFTWARE INC,30831.0,3747225000.0,
Polen Capital Management,0001034524,0001172661-26-001911,2026-05-14,2026-03-31,71742Q106,,PHIBRO ANIMAL HEALTH CORP,6775.0,374725000.0,
Polen Capital Management,0001034524,0001172661-26-001911,2026-05-14,2026-03-31,72703X106,,PLANET LABS PBC,213914.0,5978896000.0,
Polen Capital Management,0001034524,0001172661-26-001911,2026-05-14,2026-03-31,739128106,,POWELL INDS INC,17485.0,9460784000.0,
Polen Capital Management,0001034524,0001172661-26-001911,2026-05-14,2026-03-31,74006W207,,PRAXIS PRECISION MEDICINES I,10043.0,3235754000.0,
Polen Capital Management,0001034524,0001172661-26-001911,2026-05-14,2026-03-31,740444104,,PREFORMED LINE PRODS CO,7341.0,1987576000.0,
Polen Capital Management,0001034524,0001172661-26-001911,2026-05-14,2026-03-31,74366E102,,PROTAGONIST THERAPEUTICS INC,24337.0,2565120000.0,
Polen Capital Management,0001034524,0001172661-26-001911,2026-05-14,2026-03-31,743713109,,PROTO LABS INC,37594.0,2143610000.0,
Polen Capital Management,0001034524,0001172661-26-001911,2026-05-14,2026-03-31,82846H405,,QXO INC,10692.0,207639000.0,
Polen Capital Management,0001034524,0001172661-26-001911,2026-05-14,2026-03-31,75134P600,,RAMACO RES INC,119574.0,1848614000.0,
Polen Capital Management,0001034524,0001172661-26-001911,2026-05-14,2026-03-31,76134H101,,RESOLUTE HLDGS MGMT INC,13669.0,2218479000.0,
Polen Capital Management,0001034524,0001172661-26-001911,2026-05-14,2026-03-31,773121108,,ROCKET LAB CORP,23555.0,1512702000.0,
Polen Capital Management,0001034524,0001172661-26-001911,2026-05-14,2026-03-31,775711104,,ROLLINS INC,2177678.0,116309779000.0,
Polen Capital Management,0001034524,0001172661-26-001911,2026-05-14,2026-03-31,79466L302,,SALESFORCE INC,1215.0,226859000.0,
Polen Capital Management,0001034524,0001172661-26-001911,2026-05-14,2026-03-31,80004C200,,SANDISK CORP,453.0,287809000.0,
Polen Capital Management,0001034524,0001172661-26-001911,2026-05-14,2026-03-31,803054204,,SAP SE,66674.0,11415227000.0,
Polen Capital Management,0001034524,0001172661-26-001911,2026-05-14,2026-03-31,80706P103,,SCHOLAR ROCK HLDG CORP,51951.0,2553911000.0,
Polen Capital Management,0001034524,0001172661-26-001911,2026-05-14,2026-03-31,81141R100,,SEA LTD,32874.0,2722322000.0,
Polen Capital Management,0001034524,0001172661-26-001911,2026-05-14,2026-03-31,816850101,,SEMTECH CORP,6553.0,503860000.0,
Polen Capital Management,0001034524,0001172661-26-001911,2026-05-14,2026-03-31,81762P102,,SERVICENOW INC,7269453.0,760021232000.0,
Polen Capital Management,0001034524,0001172661-26-001911,2026-05-14,2026-03-31,78397Q109,,SES AI CORPORATION,320271.0,308101000.0,
Polen Capital Management,0001034524,0001172661-26-001911,2026-05-14,2026-03-31,819047101,,SHAKE SHACK INC,18840.0,1666775000.0,
Polen Capital Management,0001034524,0001172661-26-001911,2026-05-14,2026-03-31,G8068L108,,SHARKNINJA INC,2491.0,263797000.0,
Polen Capital Management,0001034524,0001172661-26-001911,2026-05-14,2026-03-31,82509L107,,SHOPIFY INC,6306740.0,748105429000.0,
Polen Capital Management,0001034524,0001172661-26-001911,2026-05-14,2026-03-31,829401108,,SIONNA THERAPEUTICS INC,26775.0,1073410000.0,
Polen Capital Management,0001034524,0001172661-26-001911,2026-05-14,2026-03-31,82982T106,,SITIME CORP,7101.0,2452330000.0,
Polen Capital Management,0001034524,0001172661-26-001911,2026-05-14,2026-03-31,83089J108,,SKYWATER TECHNOLOGY INC,12715.0,348518000.0,
Polen Capital Management,0001034524,0001172661-26-001911,2026-05-14,2026-03-31,83406F102,,SOFI TECHNOLOGIES INC,103345.0,1641119000.0,
Polen Capital Management,0001034524,0001172661-26-001911,2026-05-14,2026-03-31,83418M103,,SOLARIS ENERGY INFRAS INC,83675.0,4728474000.0,
Polen Capital Management,0001034524,0001172661-26-001911,2026-05-14,2026-03-31,78468R663,,SPDR SERIES TRUST,2286.0,209489000.0,
Polen Capital Management,0001034524,0001172661-26-001911,2026-05-14,2026-03-31,55826T102,,SPHERE ENTERTAINMENT CO,48293.0,5669598000.0,
Polen Capital Management,0001034524,0001172661-26-001911,2026-05-14,2026-03-31,L8681T102,,SPOTIFY TECHNOLOGY S A,107429.0,52093417000.0,
Polen Capital Management,0001034524,0001172661-26-001911,2026-05-14,2026-03-31,855244109,,STARBUCKS CORP,5055488.0,452921141000.0,
Polen Capital Management,0001034524,0001172661-26-001911,2026-05-14,2026-03-31,78462F103,,STATE STR SPDR S&P 500 ETF T,3757.0,2443256000.0,
Polen Capital Management,0001034524,0001172661-26-001911,2026-05-14,2026-03-31,859241101,,STERLING INFRASTRUCTURE INC,2553.0,1039760000.0,
Polen Capital Management,0001034524,0001172661-26-001911,2026-05-14,2026-03-31,86333M108,,STRIDE INC,10571.0,932045000.0,
Polen Capital Management,0001034524,0001172661-26-001911,2026-05-14,2026-03-31,871607107,,SYNOPSYS INC,671233.0,266130284000.0,
Polen Capital Management,0001034524,0001172661-26-001911,2026-05-14,2026-03-31,874039100,,TAIWAN SEMICONDUCTOR MANUFAC,174686.0,59035081000.0,
Polen Capital Management,0001034524,0001172661-26-001911,2026-05-14,2026-03-31,87422Q109,,TALEN ENERGY CORP,682.0,217715000.0,
Polen Capital Management,0001034524,0001172661-26-001911,2026-05-14,2026-03-31,877619106,,TAYSHA GENE THERAPIES INC,319748.0,1429274000.0,
Polen Capital Management,0001034524,0001172661-26-001911,2026-05-14,2026-03-31,G87110105,,TECHNIPFMC PLC,34293.0,2370675000.0,
Polen Capital Management,0001034524,0001172661-26-001911,2026-05-14,2026-03-31,88034P109,,TENCENT MUSIC ENTMT GROUP,410278.0,3807380000.0,
Polen Capital Management,0001034524,0001172661-26-001911,2026-05-14,2026-03-31,88080T104,,TERAWULF INC,106375.0,1534991000.0,
Polen Capital Management,0001034524,0001172661-26-001911,2026-05-14,2026-03-31,88160R101,,TESLA INC,7368.0,2739054000.0,
Polen Capital Management,0001034524,0001172661-26-001911,2026-05-14,2026-03-31,88339P101,,THE REALREAL INC,221865.0,2014534000.0,
Polen Capital Management,0001034524,0001172661-26-001911,2026-05-14,2026-03-31,88362T103,,THERMON GROUP HLDGS INC,9466.0,477086000.0,
Polen Capital Management,0001034524,0001172661-26-001911,2026-05-14,2026-03-31,89377M109,,TRANSMEDICS GROUP INC,7422.0,737821000.0,
Polen Capital Management,0001034524,0001172661-26-001911,2026-05-14,2026-03-31,90138F102,,TWILIO INC,2708.0,340721000.0,
Polen Capital Management,0001034524,0001172661-26-001911,2026-05-14,2026-03-31,90184D100,,TWIST BIOSCIENCE CORP,24037.0,1142238000.0,
Polen Capital Management,0001034524,0001172661-26-001911,2026-05-14,2026-03-31,90353T100,,UBER TECHNOLOGIES INC,2917928.0,209886531000.0,
Polen Capital Management,0001034524,0001172661-26-001911,2026-05-14,2026-03-31,922908736,,VANGUARD INDEX FDS,16030.0,7001827000.0,
Polen Capital Management,0001034524,0001172661-26-001911,2026-05-14,2026-03-31,922042742,,VANGUARD INTL EQUITY INDEX F,6600.0,912950000.0,
Polen Capital Management,0001034524,0001172661-26-001911,2026-05-14,2026-03-31,922417100,,VEECO INSTRS INC DEL,12028.0,407268000.0,
Polen Capital Management,0001034524,0001172661-26-001911,2026-05-14,2026-03-31,92259N302,,VELO3D INC,61433.0,576856000.0,
Polen Capital Management,0001034524,0001172661-26-001911,2026-05-14,2026-03-31,925815102,,VICOR CORP,13899.0,2237739000.0,
Polen Capital Management,0001034524,0001172661-26-001911,2026-05-14,2026-03-31,92645B103,,VICTORY CAP HLDGS INC DEL,39868.0,2610557000.0,
Polen Capital Management,0001034524,0001172661-26-001911,2026-05-14,2026-03-31,92826C839,,VISA INC,2445760.0,739206345000.0,
Polen Capital Management,0001034524,0001172661-26-001911,2026-05-14,2026-03-31,92835K103,,VISHAY PRECISION GROUP INC,24263.0,1053499000.0,
Polen Capital Management,0001034524,0001172661-26-001911,2026-05-14,2026-03-31,92837L109,,VISTA ENERGY S.A.B. DE C.V.,3214.0,242561000.0,
Polen Capital Management,0001034524,0001172661-26-001911,2026-05-14,2026-03-31,918284100,,VSE CORP,42040.0,7752176000.0,
Polen Capital Management,0001034524,0001172661-26-001911,2026-05-14,2026-03-31,94419L101,,WAYFAIR INC,35216.0,2648595000.0,
Polen Capital Management,0001034524,0001172661-26-001911,2026-05-14,2026-03-31,G96629103,,WILLIS TOWERS WATSON PLC LTD,19376.0,5632577000.0,
Polen Capital Management,0001034524,0001172661-26-001911,2026-05-14,2026-03-31,974250102,,WINMARK CORP,2283.0,976097000.0,
Polen Capital Management,0001034524,0001172661-26-001911,2026-05-14,2026-03-31,97717P104,,WISDOMTREE INC,109005.0,1587113000.0,
Polen Capital Management,0001034524,0001172661-26-001911,2026-05-14,2026-03-31,98423F109,,XOMETRY INC,24564.0,1003194000.0,
Polen Capital Management,0001034524,0001172661-26-001911,2026-05-14,2026-03-31,98978V103,,ZOETIS INC,4223076.0,499209768000.0,
