ticker,n_obs_total,inflation_n_obs,inflation_corr,inflation_beta,inflation_r2,inflation_signed_score,inflation_score,growth_n_obs,growth_corr,growth_beta,growth_r2,growth_signed_score,growth_score,liquidity_n_obs,liquidity_corr,liquidity_beta,liquidity_r2,liquidity_signed_score,liquidity_score,primary_macro_dimension
A,1691,1691,0.03426216281836162,0.059205467023456894,0.0011738958009919215,-27.608283104479636,32.596972102868236,1691,0.5701127437402876,0.9715204023957067,0.3250285405750789,11.44137014192481,56.03902177172687,1691,0.4186085923492547,0.44835972869490676,0.17523315358862449,5.574978095623738,55.736099227803926,inflation
AA,1691,1691,0.18464457423862987,0.6473318960597704,0.0340936187957649,65.26134587458795,90.31575519004782,1691,0.457030227275603,1.5800816173843564,0.20887662864358933,55.85295301102078,79.15049839951789,1691,0.3803315481239274,0.8264645500871508,0.1446520864983433,63.54143939682662,89.00918227136545,inflation
AAOI,1691,1691,0.06254676845746625,0.38024233885703734,0.003912098244471895,49.03649162281097,80.23195434498905,1691,0.38871606441969747,2.3304094094106986,0.1511001787379384,73.75684022520113,88.46755589140635,1691,0.24369243054779394,0.9182671716953169,0.059386000706291374,63.49454296162727,88.98226344713834,growth
AAPL,1691,1691,0.09580713206544861,0.16521208169770263,0.00917900655460631,5.439112588465893,53.1360383677636,1691,0.6647087468665279,1.1303670695585362,0.4418377181608699,30.537139184560907,65.97632621816852,1691,0.40606692600212607,0.4340232591679491,0.16489034839281613,1.6407899382617468,53.47785253945234,growth
ABAT,1691,1691,0.03612314139076292,0.2680936903372032,0.0013048813439370493,33.00325183939656,70.26724252889875,1691,0.23926549669559102,1.7511578582043863,0.057247977908987877,56.123641907329215,79.29136300501675,1691,0.1476074920543272,0.6790174038846637,0.021787971710568264,38.25819630689712,74.49645494494644,growth
ABBNY,1691,1691,0.08039582441796111,0.1284911356098724,0.006463488583843633,-5.47322333531065,46.35398532111193,1691,0.6227208899846046,0.981470496886308,0.38778130682321804,13.84640200809082,57.29058350794831,1691,0.5456308178487221,0.5405177855143711,0.2977129893862654,30.090140203196174,69.8079436413028,liquidity
ABBV,1691,1691,0.05306024150364661,0.07397103807889516,0.0028153892284253023,-23.455120515282168,35.17817645618496,1691,0.2757527769164054,0.3791023927766883,0.07603959397710883,-44.637464603242385,26.85598899519055,1691,0.17594233718155958,0.15203174155699456,0.0309557060129096,-52.52805462535834,22.38462340176638,liquidity
ABCL,1452,1452,-0.014651294256295825,-0.06092644545482052,0.00021466042338456705,-52.65936945335024,17.02763867315709,1452,0.331188869379058,1.388079197139112,0.10968606720057875,40.85006662948126,71.34310141980711,1452,0.318067455447806,0.8149987263755705,0.10116690621504207,60.00920395888657,86.98165876177437,liquidity
ABNB,1453,1453,0.0696640784759678,0.1835274479330981,0.0048530838299058,12.642058878488879,57.61269342790333,1453,0.49662725044926603,1.3192908407407147,0.246638625888798,41.45393988888129,71.65735283394626,1453,0.34513120399340164,0.5604348153659543,0.11911554796993501,26.342384854426477,67.6567104601257,growth
ABSI,1300,1300,-0.034806567307826775,-0.20095460266261242,0.0012114971277542757,-60.80626107867073,11.96431844967885,1300,0.4120596868940502,2.354360343278062,0.16979318556322268,75.13761375941837,89.18610076647632,1300,0.36741295084240416,1.2809911295210947,0.1349922764467229,76.50646108520834,96.45117948174457,liquidity
ABT,1691,1691,0.03641881852611408,0.051544950247382135,0.0013263303428380302,-29.675037795644982,31.312477192905032,1691,0.39223390782140394,0.5474564121052178,0.1538474384448496,-33.11916795305051,32.85002988779997,1691,0.3086765474768291,0.27079168759569366,0.09528121096221513,-33.901437924173955,33.07640879640521,liquidity
ACA,1691,1691,0.10974467625637409,0.2274187954030123,0.012043893966616358,26.785556296900243,66.40292408308738,1691,0.5367318537242873,1.096842836851955,0.28808108280230976,22.11172069127807,61.59179745321058,1691,0.35514656361360486,0.456164970889755,0.1261290816465523,4.932297983197764,55.36719713733337,inflation
ACGL,1691,1691,0.13545440326462663,0.22948223742553855,0.018347895363776092,28.136394140281013,67.24247429261413,1691,0.35682717752089316,0.5961533829560194,0.127325634617527,-30.637674979309942,34.14138144880323,1691,0.21581941776217553,0.22663025495561176,0.04657802108320445,-42.78890494033599,27.974951480611864,liquidity
ACHR,1447,1447,0.003965068125589267,0.01883463156653724,1.572176524056398e-05,-38.7033735262722,25.70133652826686,1447,0.41784349534541354,1.9995768086646337,0.17459318660247264,70.37907567620482,86.7097908809043,1447,0.3246622529864017,0.9498492298742445,0.10540557851420632,67.79422829077731,91.45030761969203,growth
ACLS,1691,1691,0.07803847007188436,0.2646452803490547,0.00609000281116039,33.79379224609792,70.75856601923304,1691,0.6042092888436891,2.0206306865518844,0.3650688647249965,77.4656251962594,90.397581610795,1691,0.3886702584073218,0.816973817421641,0.1510645697704143,62.705800761515576,88.5295208760866,growth
ACN,1691,1691,0.09717378453363254,0.17722737850206122,0.009442744400588843,10.786164852432552,56.45924912215637,1691,0.5389759765828918,0.9693826543310756,0.2904951033334819,10.126084592369992,55.35455638514052,1691,0.35162249498859266,0.3974932611240153,0.12363837898200288,-10.073958555711489,46.75351935221463,inflation
ADBE,1691,1691,0.08000009204115846,0.1702083774690212,0.006400014726593825,7.3663518771213825,54.33382399135071,1691,0.5629487733007045,1.1811456696582265,0.31691132136076794,31.7110127897224,66.58720181946462,1691,0.34476385018460837,0.45465669415184623,0.11886211239411508,4.005156265567968,54.835012445161944,growth
ADCT,1597,1597,0.0030228478703021007,0.014725443712125396,9.137609246989945e-06,-39.97659407996007,24.910025722265765,1597,0.23817862468256346,1.1664225640851897,0.05672905725567742,18.427318646196746,59.67446043770115,1597,0.1948329067643815,0.5833033986314732,0.03795986155825817,25.36641973328414,67.09650085280376,inflation
ADI,1691,1691,0.09647642383467407,0.19264532575867735,0.009307700355927668,16.962971451733104,60.29815495386639,1691,0.6813885556324403,1.3417643666446128,0.46429036374686317,49.83732451218311,76.02000746740781,1691,0.4262787118924544,0.5275970354668567,0.18171354021269015,23.432330805221156,65.98632265540297,growth
ADM,1691,1691,0.20741252003520746,0.34457511703357047,0.043019953467355335,49.822317646158545,80.72034783039945,1691,0.347845520390772,0.5698748604233662,0.12099650605592698,-33.43251866836981,32.68696437052828,1691,0.22507871760793538,0.23176870751254522,0.05066042912003272,-42.013832047642474,28.41984779038314,inflation
ADP,1691,1691,0.1301361694014017,0.1877137572628378,0.016935422586470322,16.562571653246803,60.04930514827289,1691,0.4997700706544678,0.7109064715691561,0.24977012352197175,-15.93822966065824,41.790869824951855,1691,0.29727345142029954,0.2657820406853977,0.0883715049193372,-35.42803978138232,32.200130527400454,liquidity
ADPT,1691,1691,-0.004006882261330819,-0.01763162383090009,1.6055105456167576e-05,-46.64934755737728,20.76288725739608,1691,0.40582154026016776,1.7610227442492756,0.16469112253913495,62.629599529227285,82.67701777807655,1691,0.34000322194390953,0.9273425461354744,0.1156021909322394,67.20366870906025,91.11132301439518,liquidity
ADSK,1691,1691,0.10338183150424318,0.22243838015671796,0.010687803085171728,24.30786974011598,64.86303365280166,1691,0.5944253383182034,1.261266774968255,0.3533414828347106,40.592397682420724,71.20901230469381,1691,0.3923708119827962,0.5232793754882324,0.15395485409603882,21.0053114636303,64.59319955821286,growth
ADYEY,1691,1691,0.013164389214402505,0.03451620592067487,0.000173301143388277,-34.99891680247422,28.003668694845597,1691,0.5378656930323515,1.3907219889989366,0.2892995037411718,48.42200350591548,75.28348432988331,1691,0.4679359616443246,0.7604666668192591,0.21896406419999884,59.27888615104659,86.56245212878387,liquidity
AEHR,1691,1691,0.028945388780515263,0.17117556431565586,0.0008378355316551789,6.2559333601367655,53.64369519227616,1691,0.39734456355443254,2.31725483154649,0.1578827021862625,73.94608834539386,88.5660392874965,1691,0.28182430795752417,1.0330283801233626,0.07942494055573741,69.56463135093313,92.46652918503911,growth
AEIS,1691,1691,0.08559464100826379,0.24050020319039178,0.007326442569333553,28.646289451767977,67.55937592347475,1691,0.6311861181391137,1.7489220425135215,0.3983959157315232,69.72811430832952,86.3710351449606,1691,0.4111178395796544,0.7159894414564144,0.16901787802064247,52.66752854834081,82.76749474122731,growth
AEM,1691,1691,-0.007461700862932668,-0.017286682771891753,5.5676979767890124e-05,-46.54476750938738,20.827884104821162,1691,0.25390087187457117,0.5800723438062055,0.0644656527386674,-36.156834618821925,31.269249433387287,1691,0.39476562262650167,0.5668714394408527,0.15583989680768953,30.10907779799868,69.81881392992082,inflation
AEP,1691,1691,-0.022799979589795745,-0.029289599505453776,0.0005198390692951026,-49.33659425528726,19.092754502872367,1691,0.2595096064491154,0.3287581697756513,0.06734523583937477,-47.00996516196526,25.62135632348499,1691,0.24680789824827562,0.1965212199412197,0.06091413863773117,-45.98878340519587,26.138202790065566,inflation
AER,1691,1691,0.16018074753732825,0.38822007118347,0.025657871881617292,53.581174385835986,83.05648978766006,1691,0.48791511115755176,1.1661544595169733,0.2380611556958861,27.05534632329836,64.16442560266773,1691,0.3735403075889961,0.5611468940616438,0.1395323613936818,27.449452829795266,68.29217386176255,inflation
AES,1691,1691,0.1010066070948586,0.22365703206951879,0.01020233467681514,24.675734283879468,65.09166268944544,1691,0.45087970265995597,0.9845495984241446,0.2032925062707303,8.282957849820052,54.39540613917752,1691,0.36083275958052485,0.4952336620004426,0.13020028038649686,13.249268007694774,60.14118589020826,inflation
AEVA,1653,1653,0.04607889937862552,0.24719444713861785,0.002123264967945495,28.954478737575396,67.75091658895238,1653,0.3746915435814751,2.010470721437998,0.14039375283146846,69.31975476255892,86.15852769784638,1653,0.27435317158575173,0.9112068251282945,0.07526966275916093,64.34217019890983,89.46880636907967,growth
AEYE,1691,1691,0.03837000970568772,0.19058461840370441,0.0014722576448145698,14.252750860080688,58.61374384802195,1691,0.3190880142095874,1.5629697365843076,0.10181716081221784,50.46122880609531,76.34468289159233,1691,0.23511889846182804,0.7238605340001428,0.05528089641390341,47.52230975492374,79.81410948451668,growth
AFK,1691,1691,0.10165847320801535,0.13638563795128775,0.010334445174984776,-2.699542336245052,48.07783728109104,1691,0.5613818380177943,0.742724165716447,0.315149568056237,-11.07583341439021,44.32122677106467,1691,0.5589795337415556,0.4648281128577221,0.31245811914192695,13.193945432905874,60.10943041326843,liquidity
AG,1691,1691,0.0512230387925966,0.1934605085008676,0.002623799703147856,15.604601674306359,59.453923622295704,1691,0.3251834500955246,1.2111545358608302,0.10574427621602853,26.09521086609271,63.6647778363603,1691,0.42536821093875865,0.9957800907369706,0.18093811487724026,73.23567576100052,94.57372984505662,liquidity
AGG,1691,1691,-0.41522744089468905,-0.14129825605382795,0.17241382767195249,-72.31700206184317,4.810354669655694,1691,0.16156832704534765,0.05421895250566611,0.02610432430423242,-55.73712936867737,21.079801202947422,1691,0.4974291722140883,0.1049188275644403,0.2474357813695931,-43.75650108872547,27.419545711908754,inflation
AGI,1691,1691,0.013746953252281934,0.037480056500884734,0.00018897872372042484,-33.963782915441605,28.647007846176663,1691,0.25236215152071656,0.678519201427917,0.0636866555201651,-27.303491218891146,35.876467322207226,1691,0.39236793984209944,0.6630689905188102,0.15395260021593338,44.68257433853247,78.18408498051322,liquidity
AGRO,1691,1691,0.2173481627949684,0.5380594223160979,0.04724022387034809,63.02349098837029,88.92492094016302,1691,0.24665806459109094,0.6021625287172224,0.06084020082782279,-33.9298471842381,32.42815809459115,1691,0.20069391833971198,0.30794978292260666,0.04027804885854698,-31.70511441925492,34.33711115306573,inflation
AGX,1691,1691,0.07824162093204061,0.21423254769237712,0.006121751246073135,21.398474078675193,63.054834579072924,1691,0.38224002891485076,1.0321145928186946,0.14610743970482595,10.503292599183698,55.55085278959398,1691,0.20600393516286059,0.34961861858405435,0.04243762130258407,-24.641553509542728,38.391635846420286,liquidity
AI,1454,1454,0.042914587938181925,0.1919706289273314,0.0018416618579039496,14.862808496309915,58.99289669662576,1454,0.4504063560491498,2.0316625678640627,0.2028658855694735,72.30802124749648,87.71360064419488,1454,0.31498779249308445,0.8683973749261144,0.09921730941966643,63.847642988775746,89.18494489883066,growth
AIG,1691,1691,0.2133434777940097,0.4198940218352569,0.04551543951724311,57.24585953718757,85.33410378977204,1691,0.4473687429998764,0.8683005941971176,0.20013879221328945,-2.100116544874231,48.99212695624672,1691,0.2880779698370537,0.3514323943919946,0.08298891670543841,-21.205215548331054,40.36411365138794,inflation
AIR,1691,1691,0.14337191909679017,0.36792771238805067,0.020555507185496546,50.5123797009115,81.14922369103154,1691,0.48485765965512934,1.2270345809410694,0.23508695012624922,33.600547142569596,67.57050226074712,1691,0.34918340722864294,0.5554224408891466,0.12192905188380429,25.69496652099903,67.2850886034779,inflation
ALAB,631,631,0.08966688319276271,0.4880807746167348,0.008040149941504551,56.29965921183343,84.74603714261828,631,0.477396196454567,2.6054639697546182,0.22790712838928753,79.22838118640422,91.31490748019291,631,0.2065440147347597,0.7019101430982628,0.04266043002275263,43.36520703783282,77.42790855347053,growth
ALB,1691,1691,0.1267554143339838,0.4048832359020531,0.016066935062979903,53.31328251990279,82.88999410257335,1691,0.4718103433074996,1.486191843286214,0.22260500005194064,51.74753374169483,77.01406696968174,1691,0.35987683058813924,0.7125060981306744,0.12951133319416427,50.42309583554585,81.47917742183002,inflation
ALHC,1381,1381,0.001413626853184392,0.005203169033415569,1.9983408800440064e-06,-42.51340250506483,23.33339085431174,1381,0.20765540733849108,0.7685683304986795,0.043120768196914655,-20.975772798660188,39.169367663261596,1381,0.18011696950963713,0.40619284945200085,0.03244212270533555,-13.37066755892333,44.861189374292586,inflation
ALLE,1691,1691,0.057499036019825325,0.09481462638799083,0.0033061391432091703,-17.43679653202077,38.91858481526789,1691,0.5529372093834104,0.8991553455344151,0.3057395575207134,4.300764167101062,52.323100441432636,1691,0.4056065821920515,0.41456362297437216,0.1645166995175174,-3.4490428236251205,50.55625918421698,inflation
ALLO,1691,1691,-0.007878973575577854,-0.03485879641308181,6.207822460465407e-05,-49.49085514192753,18.996880849098723,1691,0.3397678937724411,1.4824130237220647,0.11544222163856081,46.900549308921825,74.491730223354,1691,0.27620672697476484,0.7574403172329716,0.07629015602611229,52.23011488904306,82.51641677849682,liquidity
ALLY,1691,1691,0.1387916109048602,0.33778364841942304,0.019263111257566107,46.29309233136655,78.52692256694571,1691,0.5552981317475666,1.3327409984116507,0.30835601512233785,44.52216488002866,73.25403562682754,1691,0.4118061443059769,0.6212117340478667,0.16958430048815507,39.387195970050044,75.14450726183782,inflation
ALNY,1691,1691,-0.015966841291697086,-0.0388634830416208,0.00025494002083424307,-50.22492791008365,18.540652183805374,1691,0.3362259992565214,0.8070457315634454,0.11304792257604633,-12.642324197747683,43.506035940466994,1691,0.25604747585601123,0.38629103886630617,0.06556030989223466,-16.35056731294941,43.150709732245836,inflation
AMAT,1691,1691,0.10314117013819968,0.2914766384888371,0.010638100977477053,40.084355525522156,74.66817200574025,1691,0.6640082924943649,1.850501072199522,0.440907012501282,74.03387219740685,88.61172138916974,1691,0.3931998128739343,0.6887417713315522,0.15460609284409696,48.09417038033619,80.14236078106939,growth
AMBA,1691,1691,0.12235091452534812,0.4271012467782615,0.014969746285189042,54.73761591992231,83.77522204483296,1691,0.6039893406697302,2.0792036712753164,0.3648031236426554,78.13442310730872,90.74561935886382,1691,0.4009253677241486,0.8674782169659243,0.16074115048474377,66.74270877234,90.84672935264739,growth
AMD,1691,1691,0.1008254315936203,0.32512476067171725,0.010165767656039807,43.385785162151386,76.72002149807685,1691,0.6114117584908306,1.9442758523370625,0.3738243384208498,75.23722594440369,89.23793824977244,1691,0.3666956716407627,0.7329209943135864,0.13446571560007006,53.254990311416286,83.10470118076067,growth
AME,1691,1691,0.10433594646817222,0.14538501054623765,0.010885989725409299,0.43840166498099603,50.02807990763698,1691,0.6517336198347208,0.8955708244307341,0.42475671122286834,7.53313983385096,54.005206096043615,1691,0.4094774667771381,0.35366094474273135,0.16767179579822222,-16.617985106859145,42.9972103765089,liquidity
AMGN,1691,1691,0.00511562822546205,0.0076698890243097565,2.6169652141144e-05,-41.59458701037423,23.90443773818742,1691,0.3911466851775359,0.5783275736733513,0.1529957293253744,-31.578729852264132,33.65166308488327,1691,0.2854675260093456,0.26528838698583496,0.08149170840589641,-36.066745869811676,31.83350954961968,inflation
AMKR,1691,1691,0.10804206321641957,0.353320968283955,0.011673087424060802,47.92284255082272,79.53981774524212,1691,0.6206099645484859,2.00142549217884,0.38515672809687296,77.70140079735832,90.52027758202983,1691,0.3843364621346725,0.7790396347647283,0.14771451612619654,58.8333893577144,86.3067344005072,growth
AMP,1691,1691,0.20097575000294687,0.3776840884829247,0.040391252089247,53.430508578810866,82.96285048781643,1691,0.6530471372919432,1.2102461243926756,0.4264705635252021,37.3449412189214,69.51905870909344,1691,0.40196985570284793,0.46821997695237505,0.16157976489376838,8.713350847257962,57.53754328429335,inflation
AMR,1414,1414,0.1424390459452471,0.516600406159377,0.02028888180979221,59.95067450053813,87.01515527965985,1414,0.23498953267833425,0.8561156424924092,0.05522008046838192,-10.435383702312071,44.65451231496429,1414,0.19629989046178703,0.43579526032033733,0.03853364699530959,-5.475557606604152,49.393028013131726,inflation
AMRC,1691,1691,0.0542897811120228,0.22107373881402811,0.002947380333191348,22.13865057829634,63.51485673375914,1691,0.4445935088106932,1.7853621478871728,0.19766338807660394,65.00136257420255,83.91126665279404,1691,0.3848345540519224,0.9713249585237251,0.148097633992342,71.14050167282336,93.37108783687196,liquidity
AMRN,1691,1691,0.05651133692439295,0.2106910370908426,0.0031935312009822585,19.735919342223664,62.02155128442944,1691,0.309774126920603,1.1389371539006943,0.09596000970942187,18.678174234068464,59.805003928419254,1691,0.24989224099409124,0.577476975797146,0.06244613210904897,26.504250984663102,67.7496225522632,liquidity
AMRX,1691,1691,0.08946655614504344,0.29021363471682465,0.00800426466845421,39.38024533671573,74.23056518310126,1691,0.3456224060048561,1.1056129607978666,0.11945484753258559,16.324884817281852,58.580368600405805,1691,0.23043511067050032,0.4633158596226021,0.05310034022972573,1.5821412758959554,53.444187869063875,inflation
AMT,1691,1691,-0.08541202181662401,-0.1417285751828655,0.007295213470803455,-60.886211743633886,11.914628845667142,1691,0.3249763880055864,0.5317828974691811,0.10560965276115745,-36.48792529231098,31.09695216615013,1691,0.3688427992480976,0.3793596629303936,0.1360450105571724,-13.642973838979206,44.704883999318895,inflation
AMZN,1691,1691,0.09791089133746841,0.19657569966937902,0.009586542642497548,18.140671309560748,61.03009932990214,1691,0.6517164457830943,1.290332529704304,0.4247343257041489,44.85257343415158,73.42597792392472,1691,0.37563107304488585,0.46744633538163605,0.14109870303685237,7.565994755183318,56.878954271350736,growth
ANET,1691,1691,0.08707489702796206,0.22657522621694023,0.007582037692430196,25.315617926767914,65.48935250032255,1691,0.5971897651067687,1.5324134268027707,0.35663561554827755,58.6162991941749,80.58852439635537,1691,0.3149921493783121,0.5080314580162789,0.09922005416996889,14.689079087737882,60.96764575265152,growth
AON,1691,1691,0.08548892650927938,0.12131602499243754,0.0073083565557089695,-7.324453053528211,45.20343989818982,1691,0.3856159541721661,0.5396441107217774,0.1486996641121101,-33.5762950298198,32.61214415916417,1691,0.2502502411883178,0.22011732967193648,0.06262518321481123,-42.147572868035944,28.34307978827683,liquidity
AOS,1691,1691,0.013671345820064356,0.02297725530945856,0.00018690569653179116,-37.57440836030469,26.402992131328958,1691,0.5146744237762746,0.8530286302542665,0.2648897624894403,-1.0974099119760967,49.51392846417906,1691,0.38706170819838775,0.4032167013407856,0.14981676595345386,-7.029596501000923,48.501000726568435,inflation
APA,1691,1691,0.3256996395466206,1.1006628927182425,0.1060802552007986,75.72299128699383,96.81770258589395,1691,0.3016796802512795,1.0053730656070052,0.09101062947651424,5.3159440559760505,52.85139294440181,1691,0.20377295800801493,0.4268300816839511,0.041523418415336216,-7.130739184376894,48.44294424308343,inflation
APD,1691,1691,0.10388053436062139,0.15962617086611403,0.01079116541904824,4.481438824044132,52.54084094009431,1691,0.4825483538371499,0.7312315125669049,0.23285291379094322,-14.62425080737365,42.4746552159524,1691,0.37411738508239395,0.35632741205187085,0.13996381782088824,-17.17909186903729,42.67513185946356,liquidity
APO,1691,1691,0.1418873843475309,0.3242830666080166,0.020132029836983957,44.71020415901528,77.54315230668337,1691,0.5882500820784646,1.3258262852557146,0.34603815906532037,45.22448574351816,73.61951848452237,1691,0.3776591938236365,0.5349977714416271,0.14262646667951903,22.85814116804237,65.65673449266643,growth
APP,1368,1368,0.04666930983739066,0.193976309874077,0.002178024480698369,15.896218558966094,59.6351644853773,1368,0.4770488196800856,1.9926704161805462,0.22757557635816283,72.11301397934939,87.61212022785135,1368,0.30581187876382626,0.778779039764918,0.09352090519306117,55.972279590211805,84.66444089571318,growth
APTV,1691,1691,0.1351866507951803,0.33518939085474403,0.018275430553218022,45.49042263038985,78.02806067990439,1691,0.5517877366440048,1.3491885273201087,0.30446970631071363,45.86504259520279,73.9528597831227,1691,0.42643872085289003,0.6553669106242752,0.18184998264264907,44.86030752820327,78.28610485626146,growth
AR,1691,1691,0.2083881260709796,0.7561135488157016,0.043425611087374485,68.68560522774882,92.44394375946578,1691,0.2724168821132298,0.974747676914227,0.07421095766029333,1.1347643345007694,50.67553630595912,1691,0.1856623359163099,0.41755076512258127,0.0344705029779007,-10.132347297569224,46.72000387769659,inflation
ARAY,1691,1691,0.03310029377502533,0.13698909647550647,0.0010956294479929807,-4.760830567830747,46.79673979392581,1691,0.37059359745370174,1.5125028608560822,0.13733961447367632,49.896187879656665,76.05063955151091,1691,0.27823901820525115,0.713745869195603,0.07741695125182209,47.904020450713716,80.03321362498923,growth
ARBE,1481,1481,0.024946115670452785,0.11263199323978289,0.00062230868704361,-12.825931918576646,41.78425249794722,1481,0.2565468112508595,1.1726816862255387,0.06581626636298413,20.310448020839928,60.654427773192296,1481,0.1791121147649278,0.499442020899032,0.03208114965556467,7.903789584855734,57.07285045143621,growth
ARCC,1691,1691,0.1664841759748834,0.2182816004642535,0.027716980850035947,25.501707650881546,65.60500788237741,1691,0.5045853606903302,0.652413523568623,0.25460638622299064,-20.279668490322404,39.53161546920161,1691,0.3668259318360113,0.2981093657714632,0.134561264267358,-27.13073679163727,36.96283028892013,liquidity
ARGT,1691,1691,0.12373191014864698,0.22727110551478844,0.01530958558903285,27.04961078408383,66.56703482452667,1691,0.5800062680283983,1.050604686453553,0.33640727095223016,19.2291005605256,60.09170212954121,1691,0.4871572511660712,0.554629672953693,0.2373221873636826,30.185803010240075,69.86285464417415,liquidity
ARKG,1691,1691,0.00469359773083001,0.013026334562772654,2.202985965885262e-05,-40.369115232933524,24.66607252104526,1691,0.5910298954857393,1.6175955806660964,0.34931633735788387,62.45968034026627,82.58859302240276,1691,0.4907583349408955,0.8442196759260325,0.24084374331396016,68.19562238208138,91.6807101426916,liquidity
ARKK,1691,1691,0.06556853018793538,0.17824683763056817,0.004299232151006193,10.24372769794808,56.12212262771143,1691,0.6947316975615124,1.862462937746932,0.4826521315967008,75.44743942332597,89.34733187168588,1691,0.5073253034499032,0.8548390077179708,0.2573789635205364,69.79021042560352,92.59601287467468,growth
ARKQ,1691,1691,0.12548593240376435,0.2473881194525277,0.015746719231242115,31.95922359250123,69.61837550335026,1691,0.7748526658883327,1.5064234538958303,0.6003966538342561,63.594257876776815,83.17901922483671,1691,0.5307598304222362,0.6485646392301204,0.2817059975898409,48.060548965038464,80.12306189481461,growth
ARKW,1691,1691,0.08960315855800402,0.22646280463889296,0.008028726023570808,25.2913577307964,65.47427470789108,1691,0.7035272726426683,1.7534712119076825,0.4949506233520314,72.4855534149999,87.80598714057423,1691,0.4917385981450549,0.7703343854578236,0.24180684890566378,61.46497062284796,87.81727722139269,growth
ARKX,1379,1379,0.062385953316983746,0.10204628325688098,0.0038920071712688752,-14.785268737114588,40.56651815285356,1379,0.7437718793207762,1.2232804034291596,0.5531966084683592,42.43704613182126,72.16895443624253,1379,0.5313864028782147,0.5326934197305322,0.2823715091638483,27.787596086860678,68.48627004118077,growth
ARLP,1691,1691,0.1780293181096926,0.4483170268187704,0.03169443810660212,57.2501067929893,85.33674347336971,1691,0.26902248589475203,0.668076855160646,0.07237309791699205,-27.28412626341482,35.88654470938815,1691,0.21994360380640499,0.34330210343556133,0.04837518885534885,-25.393907951771492,37.959780058219,inflation
ARM,760,760,0.009950852435215485,0.04235057663618217,9.901946418743394e-05,-32.85640359928611,29.33524777183433,760,0.5781832297806385,2.4387039351652526,0.3342958471995706,81.62843385758688,92.56387807822361,760,0.28377680894055085,0.7444073398265791,0.0805292772924819,51.029326214046776,81.82715715484457,growth
ARQQ,1377,1377,-0.04740605301563383,-0.34015129172105696,0.0022473338625210856,-63.05123267081172,10.56906114340844,1377,0.23511563730899865,1.6963670465051375,0.0552793629072166,53.61066048881582,77.9836250779261,1377,0.15789359536721106,0.6947319614746148,0.024930387457984576,40.64769821426175,75.86804281855089,inflation
ARRY,1492,1492,-0.0009291775617117094,-0.004157572720415518,8.633709411885175e-07,-44.17389155290795,22.301391392004245,1492,0.35191375103837697,1.5872020110886842,0.12384328816990077,52.73762309033279,77.52930253126749,1492,0.27736773738191234,0.7643139229879766,0.07693286174036149,52.94724635043111,82.92805437258643,liquidity
ARVN,1691,1691,0.030282106815283132,0.11124787688115582,0.0009170059931722171,-13.090169626599524,41.62002788414733,1691,0.35564545069361553,1.2884484338029611,0.12648368659906492,34.37733925649684,67.97473943550844,1691,0.28859942475509903,0.6571621292671775,0.08328962796897407,40.486929562872525,75.77576068560028,liquidity
ARWR,1691,1691,0.023055533983538896,0.0851867226554901,0.0005315576472661169,-21.461052841365387,36.417496143333715,1691,0.41325230635852944,1.5057613685939584,0.17077746871064386,50.82549594371072,76.5342449583641,1691,0.35507994764399065,0.813194241701795,0.12608176921885914,61.19189183623004,87.66052842319782,liquidity
ASML,1691,1691,0.09101084205347437,0.22865322246795347,0.008282973371282459,26.242621449321735,66.06548827073027,1691,0.675460585267953,1.6735101302891893,0.45624700225052567,67.33149342453447,85.12385042504718,1691,0.4689851880472557,0.7303226047657567,0.2199471066077198,56.384125987551606,84.90084310264923,growth
ASTS,1691,1691,0.04531502551651519,0.24112238761613253,0.0020534515375624225,27.34925225907976,66.75326299717406,1691,0.33418914933663274,1.7536050651025037,0.11168238753434222,59.67146844881164,81.13762708514672,1691,0.2461715178965507,0.8119037226222544,0.060600416223491785,57.154598096023676,85.34309853574756,growth
ASX,1691,1691,0.09529000381252332,0.24308064358369738,0.009080184826590709,29.436624548009004,68.05057181267554,1691,0.5822144663682308,1.4646375533028728,0.33897368484844376,54.25868585454463,78.32085293891909,1691,0.40002183446903994,0.6324965383443378,0.160017468051976,40.55323601907902,75.81382097381105,growth
ASYS,1691,1691,0.0951342629422297,0.34450613600614466,0.009050527985561298,45.77982929838132,78.20792788598042,1691,0.3366664181386645,1.2022753474759023,0.11334427710231808,25.482370601895752,63.345860055737504,1691,0.23142939937170087,0.5194574204754709,0.05355956689354622,14.80861527462705,61.036260213217034,inflation
ATEC,1691,1691,0.059913818030091485,0.20736957517406682,0.0035896655909429154,19.291259433308184,61.745193673094064,1691,0.3795878259444245,1.2956104944344162,0.1440869176052147,35.77906913789006,68.70418984685234,1691,0.29757063494105934,0.6383803877119509,0.0885482827792252,38.09493753082954,74.40274346607143,liquidity
ATI,1691,1691,0.13011182660572304,0.37787702394407396,0.01692908742267774,51.06302060943101,81.49144884587658,1691,0.4644068857684696,1.3300761397055807,0.21567375554916837,41.00272322219132,71.42254284131411,1691,0.3232186285153424,0.5818372450147047,0.1044702818193389,29.634421295521808,69.5463583604491,inflation
AU,1691,1691,-0.008631575740468663,-0.02665210394991551,7.450409976344714e-05,-48.38970272246888,19.681250737762564,1691,0.22684556456800847,0.6907419696300743,0.0514589101641785,-27.520075665098016,35.76375829354668,1691,0.39078145900884304,0.74790560052329,0.15271014870508007,54.999987665482976,84.10633972431364,liquidity
AVAV,1691,1691,0.07901599038517232,0.2436984939948076,0.006243526736549644,29.20528212662067,67.90679172885518,1691,0.38288525591521744,1.164529890382699,0.14660111919726154,23.26655204029367,62.19276359779686,1691,0.2610331840766923,0.4990051191630216,0.06813832318921632,10.545528311721524,58.58922371392781,inflation
AVGO,1691,1691,0.1278255393543349,0.3044761249959894,0.016339368511226623,42.07580194331674,75.90586257349663,1691,0.6812569082363064,1.6002604392835846,0.4641109750196911,64.82838033987524,83.82124790976788,1691,0.36422437129259705,0.5377445714160838,0.13265939264348758,22.951669127070904,65.7104200804666,growth
AVNT,1691,1691,0.11886615101304025,0.27819041379054593,0.01412916185665489,38.26699351615891,73.53867547643937,1691,0.5727717606470236,1.3219337726250502,0.3280674897946913,44.231747095325794,73.10290424600649,1691,0.43679193776107383,0.6336216332548137,0.1907871968930738,41.95293898382319,76.61725854679405,growth
AVUV,1691,1691,0.20746932545215604,0.32020974468835667,0.04304352100357264,46.441825350062246,78.61936063241848,1691,0.683636448882075,1.0405189615277128,0.4673587942400939,21.954162094220415,61.509805062979,1691,0.48378051214199247,0.4628075572023408,0.23404358392836852,10.3364809778752,58.469229338853545,inflation
AWK,1691,1691,-0.061954111326958515,-0.09051895649490933,0.0038383119103131695,-57.246451138420994,14.176752159510638,1691,0.27249451409427417,0.3926189978437699,0.07425326021147458,-43.511260957264156,27.442057483649464,1691,0.29905124405162564,0.2708235602047039,0.08943164656882496,-34.125574194533094,32.94775328476405,inflation
AXON,1691,1691,0.06691726598179086,0.19363137934032928,0.004477920486477744,16.492147674497108,60.0055364114073,1691,0.4311774318680927,1.230375605094432,0.18591397775236373,32.17273656811525,66.82747963942603,1691,0.2738852919310504,0.4912218581190843,0.0750131531361567,9.416861193302289,57.94136227963113,growth
AXP,1691,1691,0.19625801333204548,0.3723778363375263,0.03851720779704134,52.81439039723739,82.57993099013736,1691,0.6144767795183312,1.14975694535747,0.37758171256721984,30.58300991974176,66.00019702743818,1691,0.37674970365525784,0.4430785929479073,0.1419403392043246,2.8696741465810347,54.183239161241524,inflation
AXSM,1691,1691,0.03493237026283499,0.11891716165269765,0.001220270492179798,-10.108676667860623,43.47303566778123,1691,0.2882931688049308,0.9678208447445295,0.0831129511795883,1.239436970618367,50.7300072125767,1691,0.241375462389777,0.5093086138269208,0.05826211384387865,12.450743091708105,59.682827983833434,liquidity
AZ,1434,1434,0.005380826748020101,0.030005642610420713,2.8953296492208574e-05,-36.17333628498148,27.273763082974646,1434,0.22074426916352102,1.2381577500381837,0.04872803236853702,25.48407197059315,63.34674543608977,1434,0.1520710630903877,0.5216247334320616,0.023125608229440677,12.256572203827055,59.57137277452647,inflation
AZN,1691,1691,-0.026885741212502264,-0.04031284884531892,0.0007228430805456427,-51.05808680540375,18.022841161140754,1691,0.2959742318827725,0.4376425280653351,0.08760074593859718,-41.11097994134495,28.691146910681553,1691,0.29513095810240547,0.27428854228712235,0.08710228243044381,-34.037285503709825,32.99843150240279,inflation
AZO,1691,1691,0.045502331698431195,0.0680824387231652,0.0020704621899940564,-24.847140853694544,34.313031189115186,1691,0.342839727726989,0.505867447155308,0.11753907890791596,-36.651953848722776,31.011592854391857,1691,0.2470130352230596,0.22908293922827397,0.06101543957010848,-41.58437897968207,28.6663563277822,liquidity
AZTA,1691,1691,0.05682187385147727,0.16787125395109392,0.0032287253479931968,5.5403700947756835,53.19897024449115,1691,0.5156072774803834,1.5021868684840998,0.26585086459073304,54.06967188440666,78.22249139287723,1691,0.3895556474874998,0.7133484308828,0.15175360248940523,51.574603776546454,82.14014961999729,growth
B,1691,1691,0.015969742519836388,0.0357066830852211,0.0002550326761498703,-34.44973203869211,28.34498885089648,1691,0.27528320131311196,0.6069814864830679,0.07578084092519533,-32.25147130182946,33.301573146994684,1691,0.3974542873972995,0.550820637679464,0.15796991057049514,26.25695383167217,67.60767256043694,inflation
BA,1691,1691,0.14752377647817547,0.36692289096225245,0.021763264626382676,50.54494535973701,81.16946335623213,1691,0.47683367163198437,1.1695635924682348,0.2273703504020391,27.34399203704139,64.31463481017443,1691,0.3862445421910542,0.595451732949023,0.14918484637237706,33.982565915108395,72.04221844514807,inflation
BABA,1691,1691,0.04648760937985449,0.12692834709038153,0.002161097825853935,-7.1110082597363125,45.33609654697152,1691,0.3519092588644253,0.947537146260826,0.12384012647450911,1.6620105303329413,50.94991153298005,1691,0.3041923633857972,0.5148030852754435,0.0925329939422369,16.115076170367598,61.786176300922726,liquidity
BAC,1691,1691,0.19112141422577272,0.34541087457622544,0.0365273949756594,49.47762764187429,80.50612184706873,1691,0.5642240299268619,1.0055933075191608,0.31834875594690837,14.61774564414442,57.69198533299007,1691,0.3537886272244641,0.39631631094786757,0.1251663927533708,-10.336391976024936,46.60288105566376,inflation
BAH,1691,1691,0.05422290307428202,0.09498985132768645,0.0029401232178029825,-17.325962486068818,38.9874685432132,1691,0.3088316848391856,0.5335319510923805,0.09537700956061006,-36.82749120408904,30.920244444275298,1691,0.1800252713019762,0.1954786534781736,0.032409098307350136,-48.43892469783933,24.731807559641293,liquidity
BAK,1691,1691,0.11657474195754153,0.4263861518828392,0.013589670462467392,54.42270053052609,83.57950108361891,1691,0.3463200743257775,1.2491668033925198,0.11993759388101205,30.893969296978963,66.16201810912295,1691,0.3046024042978916,0.6905631156377136,0.09278262470405621,45.218759779220655,78.4918585153175,inflation
BASFY,1691,1691,0.1160494491695504,0.21573254535903771,0.013467474652556061,23.059996115556984,64.08747604750137,1691,0.43659671143428763,0.8003817624110601,0.19061668843523463,-10.144093417232721,44.80609773886952,1691,0.46061323621557737,0.5307382896140237,0.21216455337698728,25.08503655462239,66.93498528568945,liquidity
BATT,1691,1691,0.12850765308771217,0.2425558005217435,0.01651421690211178,30.37374357359465,68.6329944018391,1691,0.6335333078785318,1.1792238798121109,0.40136445219151456,34.06872215042337,67.81413725532998,1691,0.5506554052993541,0.6442197010172186,0.3032213753853959,48.193147338122664,80.19917412557763,liquidity
BAX,1691,1691,0.020781067825701327,0.037472727831260016,0.0004318527799763989,-33.83033825489491,28.729944146244936,1691,0.35815288316574867,0.6368835627861199,0.1282734877199384,-26.870546747481544,36.101768592409805,1691,0.2805221585453556,0.31353501103323034,0.07869268143494564,-27.670883167304577,36.65278315459757,inflation
BBAI,1376,1376,0.0036787011659333412,0.023402868357308,1.3532842268239324e-05,-37.81140157367629,26.255700061509096,1376,0.2420736017183668,1.5496093777470685,0.05859962864890248,46.97647892224171,74.53124346224872,1376,0.15858021878752498,0.6187399278464097,0.025147685790699294,29.847792479766326,69.66883465058488,growth
BBAR,1691,1691,0.09171894721832613,0.34709951843012377,0.008412365278838095,46.22403999565963,78.48400631079024,1691,0.3579579544913496,1.3358912570575874,0.1281338971836311,37.95350672463002,69.83575193534301,1691,0.3160655552719138,0.7413845677718768,0.09989743522934322,51.93393363659852,82.34640703169987,liquidity
BBEU,1691,1691,0.09762383349639625,0.10526593569760827,0.009530412866532098,-12.649948134651284,41.89362700458532,1691,0.7220265980573146,0.7677668099673793,0.521322408302219,-3.0855304730243507,48.47932445073213,1691,0.7036208773832371,0.47026443721153893,0.49508233908955634,20.060382052732468,64.05080462753499,liquidity
BBIO,1691,1691,-0.007539528702576926,-0.030223229319468976,5.68444930569813e-05,-49.25347587232653,19.14441285414831,1691,0.34932101743736993,1.3809104742249056,0.1220251732234793,41.03369441343023,71.43866003228571,1691,0.30781792715632483,0.7648248662325285,0.0947518762788165,54.12575234205853,83.60452360749451,liquidity
BCE,1691,1691,0.0471113072433772,0.05463638952284447,0.002219475270179885,-28.060557845787958,32.31588184789081,1691,0.29918413910287706,0.3421681198571882,0.08951114909072969,-45.17035912099168,26.5786744210097,1691,0.3431592775712296,0.2466743570432665,0.11775828978320821,-35.96427350703646,31.89232927674729,growth
BDSX,1483,1483,-0.015634759138887507,-0.08777732376768152,0.0002444456933310264,-55.061527064223604,15.534689733795345,1483,0.15181353284175178,0.8624917557086439,0.023047348753893648,-12.895546298500529,43.374260933022654,1483,0.14755833671455493,0.5116276873613778,0.021773462733965968,9.73089044069026,58.12161687844394,inflation
BDX,1691,1691,0.03906222255487547,0.0530668497558535,0.001525857230926622,-28.90602255750043,31.790422719436695,1691,0.3365261112446917,0.4508470827392071,0.11324982354947459,-39.01516806653987,29.781792729444067,1691,0.2567122369810852,0.2161644890907419,0.06590117261583285,-42.59789911242699,28.084589927243908,liquidity
BE,1691,1691,0.06645691073730374,0.3511319021958885,0.004416520984745957,46.24186351500771,78.49508368730622,1691,0.4532209207061836,2.3614797653743036,0.20540920296576073,76.69100629236603,89.99447535931225,1691,0.32358049264406086,1.0597023429793078,0.10470433521977313,71.92809261114577,93.82316957701805,growth
BEAM,1667,1667,0.02483831822853501,0.11675346314930413,0.0006169420524219745,-11.589461984290955,42.55272267183949,1667,0.3977000817800787,1.8621009677051945,0.1581653550478813,64.93858352145281,83.87859687350208,1667,0.3409599673958553,0.9956514503064676,0.11625369936658272,70.16863788747592,92.81323241994617,liquidity
BEEM,1691,1691,0.06439951924638437,0.35311428830214386,0.004147298079165431,46.28260416234851,78.5204041350408,1691,0.3199891297005049,1.7302626411574722,0.10239304312648656,58.272472965363285,80.40959963533922,1691,0.22953671427214314,0.7801107256110762,0.05268710319885148,53.528147532048855,83.26149500053225,growth
BEPC,1550,1550,-0.018532113913187202,-0.037126973708088,0.0003434392460913467,-50.20196310231282,18.55492488816454,1550,0.401964350687656,0.8121444039035822,0.1615753392237489,-9.890484499566043,44.9380740431262,1550,0.38802768631071627,0.4796129413075439,0.15056548534364764,11.156858006130923,58.94013048367842,inflation
BETR,1357,1357,0.01277075930578794,0.05870072958461199,0.00016309229324636926,-28.4732315769427,32.059403752348224,1357,0.15311229868840132,0.7059978275970373,0.02344337600964622,-28.747747776608474,35.12488632639803,1357,0.1333228369325849,0.37515221589384884,0.017774978847752625,-22.449919267637068,39.64964653907106,growth
BFAM,1691,1691,0.07180696945392283,0.15854725358962202,0.005156240862156606,3.1333653532637027,51.70300879732679,1691,0.3488555460703314,0.7595946493855487,0.12170019202402912,-17.161261438275606,41.15441265505624,1691,0.28842586510262236,0.3947278343143197,0.08318947966019612,-13.075086048381335,45.03085486577914,growth
BFLY,1559,1559,-0.010541052262045884,-0.05808579083281614,0.00011111378279118264,-52.40276163402851,17.187121285769262,1559,0.3921275011878141,2.178476165022484,0.15376397718779913,72.52324831780939,87.82560330394847,1559,0.3097619909261178,1.052094860862532,0.09595249102251227,71.2189463519718,93.41611553504504,growth
BGM,1432,1432,-0.015598189033296137,-0.08855533334464591,0.00024330350111843987,-55.285745809573875,15.395337038310055,1432,0.08084069442545139,0.461593354012392,0.006535217875189207,-47.62590960664433,25.300823149083683,1432,0.05946692950387023,0.20800855032419507,0.0035363157046182717,-50.854477068405316,23.34526656994237,inflation
BHP,1691,1691,0.133881464641599,0.25965106829624757,0.017924246574579725,34.846302259854056,71.41270449107692,1691,0.5174266928417943,0.9896067023506139,0.2677303824651966,11.063099904276333,55.84217258978777,1691,0.48614664485590997,0.5843975336122944,0.23633856030465825,36.12614731410255,73.27264652887665,liquidity
BHVN,1004,1004,0.012339358217990235,0.05736244351121169,0.00015225976123188316,-28.713829314061577,31.909871459038847,1004,0.3192686260609179,1.487618454830838,0.10193245558682622,46.63407233711044,74.35305747385942,1004,0.25052501786411496,0.7117068439318144,0.06276278457581512,46.37028369115904,79.15283988089513,growth
BIDU,1691,1691,0.0397269532257231,0.11528207777952268,0.0015782308125987911,-11.744855856527273,42.45614486375213,1691,0.400089572431409,1.144927293894488,0.16007166596834768,22.741209623130533,61.919379083859575,1691,0.35725902923363817,0.6425858718164988,0.12763401396896154,41.08602612725365,76.11964556817377,liquidity
BIIB,1691,1691,0.0006203536064277633,0.0011590556532301444,3.8483859700793224e-07,-43.44316186488518,22.755542321883112,1691,0.35996339641953495,0.663235034209303,0.12957364676188726,-24.66494114266233,37.24955029918106,1691,0.2806686450772308,0.3250351274404748,0.07877488832948856,-25.523518497752256,37.88538285744233,inflation
BILL,1691,1691,0.06463173671085497,0.2470534150356991,0.004177261390261278,29.49107869468044,68.08441524582454,1691,0.4502571828666736,1.697265663027215,0.20273153072303315,61.47886263190338,82.07818235746954,1691,0.3246298817185023,0.7691392097852917,0.10538456010456881,55.39066684887264,84.33059182838413,growth
BINC,838,838,-0.38778730568054437,-0.0660752415349857,0.15037899444697597,-65.9446285522449,8.770805986133915,838,0.47374390101116964,0.07988618031899461,0.2244332837452809,-44.58548558082762,26.88303851434899,838,0.7163042300583194,0.07437361121306389,0.5130917499994418,-36.99786886036125,31.299039583834787,inflation
BIOX,1691,1691,0.07539598194738033,0.2749776122328028,0.0056845540938097,35.95629215219995,72.10256689851386,1691,0.1897926336922619,0.6826099696135044,0.03602124380384511,-29.155176294318103,34.91286337976503,1691,0.13995260070449117,0.31637454279015503,0.01958673044395074,-32.027070944119906,34.1523062512694,inflation
BITO,1237,1237,0.10897005504489585,0.34288762636182835,0.011874472896487631,46.15133267245166,78.43881846775453,1237,0.4260285409905912,1.3384969142321823,0.18150031773857184,40.56147595114944,71.19292085234291,1237,0.3161428352329704,0.601941866102507,0.09994629226914105,32.431000967759346,71.15161121845588,inflation
BITX,815,815,0.12035459052661035,0.6876106404039389,0.014485227460828046,64.47693798846605,89.82824308163673,815,0.3880036677794686,2.2050744658761636,0.15054684621032025,72.71716219708625,87.92651472838297,815,0.28121500119380977,0.9873781464214121,0.07908187689643442,67.85206537135838,91.48350643745617,growth
BKNG,1691,1691,0.1257212976435872,0.2586646914917711,0.015805844681187443,34.335197715877676,71.09505131820495,1691,0.5516201737799414,1.1192125616402238,0.30428481612101277,25.451545631300554,63.329818956964615,1691,0.3735137781224337,0.47632825568699316,0.13951254244729464,9.746876423357165,58.130792924676,inflation
BKRKY,1691,1691,0.07066623284614844,0.14807384415303648,0.004993716464666068,-0.1762915641749161,49.64604602262162,1691,0.30777362616538817,0.635977794694411,0.0947246049629921,-28.746570092017144,35.125499185209826,1691,0.2736043840572706,0.3553537360103182,0.07485935897535843,-21.14804430300854,40.39693027587421,growth
BKSY,1691,1691,0.035926119404249016,0.16509369770122134,0.0012906860554483576,3.230527795800925,51.76339557830866,1691,0.3700535969934317,1.6769841412882958,0.13693966464777718,56.98049688349517,79.73726433245729,1691,0.25918952877688284,0.7382595277188461,0.06717921182758257,49.605024660703464,81.00959985016084,growth
BKV,500,500,0.3120489944745419,0.7862089422219862,0.09737457495257267,73.10298106853436,95.18935752682688,500,0.2492143992577653,0.6459310614630053,0.06210781679740886,-29.443150839508142,34.76300344367187,500,0.06647076896340215,0.10616062713253548,0.004418363126585986,-58.7272958529765,18.826223189929934,inflation
BLDP,1691,1691,0.06005252861823945,0.2585708803891359,0.0036063061934444676,31.924041450467527,69.59650968513918,1691,0.44202071020235373,1.8768738054615914,0.19538230824779318,66.94080291432437,84.92053782026939,1691,0.35967207666234396,0.9599010358117108,0.12936400273060303,69.58331886705021,92.47725592704964,liquidity
BLDR,1691,1691,0.0005839641963507575,0.0017049963673464747,3.41014182619586e-07,-43.33168614471489,22.824824852487886,1691,0.5314622858526896,1.5302198391566912,0.282452161283766,56.20308807075916,79.33270623195577,1691,0.434613383898167,0.7865235960256826,0.1888887934634155,61.15682836705163,87.6404017897001,liquidity
BLFS,1691,1691,0.01303286855676063,0.047694801633745704,0.00016985566281779992,-31.395540840756226,30.24317883182306,1691,0.4180991589719671,1.508879177949466,0.1748069067330662,51.33338383374999,76.79854625865278,1691,0.31396826019570645,0.7121774211494177,0.09857606841031882,48.70354652228772,80.49214620044425,growth
BLK,1691,1691,0.10969816324953317,0.18357387250307106,0.01203368702032123,14.15600119508665,58.55361360965515,1691,0.7006745647534934,1.15630394087753,0.49094484569249747,33.9381804515414,67.7462042696592,1691,0.494394444653543,0.5128100386328072,0.24442586690428517,22.32115161664677,65.34849939367929,growth
BLOX,320,320,0.004453613986793575,0.01436663029869945,1.9834677543363364e-05,-40.03926661540585,24.871074533177524,320,0.6507370597605536,2.2034166878325934,0.42345872094581033,81.80008156690126,92.65320234378123,320,0.41544429949171746,0.8443702018229763,0.17259396598016383,65.67238049088314,90.23235474717103,growth
BLV,1691,1691,-0.41009248192169234,-0.30936748143046683,0.16817584372869357,-75.40700963395481,2.8899046931337224,1691,0.14407607315699608,0.10718372769465391,0.020757914856340088,-55.672862157631776,21.113245409392203,1691,0.43238014603537245,0.2021761958596841,0.18695259068557,-38.59175993646361,30.38413691516964,inflation
BMA,1691,1691,0.08864926824341247,0.30506010261676303,0.0078586927600925,40.81738180395743,75.1237502741938,1691,0.36512675345452983,1.2390763061548806,0.133317546088245,30.650208270301437,66.03516657835384,1691,0.30950441661864064,0.6601589724843443,0.09579298390644508,41.44410297714244,76.3251837448173,liquidity
BMNR,328,328,0.04585593935075004,0.30796901499045576,0.002102767173739666,39.54511399176021,74.33303160019584,328,0.46376139526218996,3.2795435290266095,0.21507463173553318,80.66790208656174,92.06402407298064,328,0.33728371365873294,1.4294519875517515,0.11376030349942616,76.24118323044074,96.29890846341492,growth
BMRN,1691,1691,-0.007281677664308644,-0.013513038509709334,5.302282960689139e-05,-46.20021864886659,21.04202236683378,1691,0.3680853312158141,0.6736188234501889,0.13548681105625557,-23.478678628608694,37.86687300188196,1691,0.27978685555510535,0.3218253825578875,0.07828068454141339,-26.005378529118584,37.608792420849774,inflation
BMY,1691,1691,0.015044654915769189,0.02104371143244045,0.00022634164153457803,-37.86459059052397,26.222642910750547,1691,0.27348168929853267,0.37723545249254037,0.07479223438157916,-45.05520071843687,26.638602047029785,1691,0.19759869763450702,0.17131508560439837,0.039045245306853334,-50.417089815229374,23.596329375406683,liquidity
BND,1691,1691,-0.42416395925893424,-0.14289224581351714,0.17991506433421484,-72.9680282531607,4.405739727894716,1691,0.146946091433843,0.04881767328803533,0.021593153787683343,-56.47440631412599,20.696127445063823,1691,0.4869243002909647,0.10167349890388239,0.23709527421384555,-44.46241965460375,27.014344384499584,inflation
BNDX,1691,1691,-0.404727536085819,-0.10915977616367284,0.16380437846609794,-70.70926254877989,5.8095701207705375,1691,0.15024037769866258,0.039960479415667376,0.022572171091036788,-56.697354343426255,20.580106852337536,1691,0.3612431482524599,0.06039081970682003,0.1304966121593487,-49.87600412165827,23.90691568362248,inflation
BNGO,1691,1691,0.006075371097525567,0.03445022255745878,3.691013397264901e-05,-35.3597817860879,27.779389908099805,1691,0.3182514602549708,1.7796465868449867,0.10128399195442127,60.46664152522927,81.55142958403184,1691,0.2666243987804277,0.9371099149548412,0.07108857002502454,64.97365794690734,89.83128397782887,liquidity
BOTT,609,609,0.06448462041940924,0.1296060247923766,0.004158266270635291,-5.804616776214002,46.14802319611705,609,0.6855972513547973,1.3863218853659458,0.4700435910652531,53.14161064910914,77.73953482697507,609,0.4062470144975039,0.513979131057099,0.16503663678813513,19.46149026023137,63.707037285201416,growth
BOTZ,1691,1691,0.09264331632215447,0.14832952723492243,0.008582784059166773,0.8184050565312601,50.264253278526894,1691,0.8128251535677025,1.2833786026337934,0.6606847302723591,50.153130158043915,76.18435051333682,1691,0.6018550800178619,0.5972784874180521,0.362229537343307,41.86718278761562,76.56803399566806,growth
BP,1691,1691,0.34363675919863707,0.673350700068249,0.11808622227254208,71.84081649389506,94.40491804855192,1691,0.2995923217878668,0.5789172893051984,0.08975555927424474,-34.670383221379566,32.0427883282201,1691,0.2429934926719592,0.29512620098695863,0.05904583748091748,-31.803120210948038,34.28085526349519,inflation
BRK.B,1691,1691,0.16612816514350376,0.18244093397664563,0.027598567253947257,15.454555164237727,59.36066921756892,1691,0.5480788408102656,0.5935621432208412,0.30039041574392444,-24.16936546322787,37.507444411316406,1691,0.33989893516596115,0.23136637655629297,0.11553128612695426,-38.107873782634556,30.661890357739193,liquidity
BRKR,1691,1691,0.0029093987478970122,0.0071584056042122614,8.464601074264703e-06,-41.78455439161198,23.786372379341493,1691,0.4571467628142505,1.1092076174448473,0.2089831627515486,20.45373600465662,60.72899383625706,1691,0.32817592131679707,0.5004851437988386,0.10769943533212858,13.68476956178607,60.391166293524336,inflation
BSV,1691,1691,-0.3905177656206459,-0.05799683568348665,0.1525041252653417,-65.58919725205652,8.991707720570593,1691,0.10451066325738319,0.015306230422972293,0.010922478734498144,-58.523393047917004,19.629849101681085,1691,0.4900649736442999,0.04511163723222466,0.24016367839298836,-45.47998958246686,26.43025337821079,inflation
BSX,1691,1691,0.08903241650996663,0.14363656428052995,0.007926771189604179,-0.32272058260216474,49.55503990097365,1691,0.44459598401791817,0.7073372386040134,0.19766558900486095,-18.4330694405524,40.49257267951888,1691,0.309681098434259,0.30967273423223113,0.09590238272744922,-27.77781376642279,36.5914043741012,liquidity
BSY,1508,1508,0.055200799743562255,0.12385233551712985,0.0030471282923288626,-7.820790742713397,44.894964374652105,1508,0.4572735554567277,1.0321701518025164,0.20909910452003702,13.242215377672375,56.9761690177263,1508,0.3170043602884637,0.43751605138560923,0.10049176444189808,-0.7999037645785328,52.076880280053494,growth
BTAI,4,4,,,,,,4,,,,,,4,,,,,,
BTDPY,1691,1691,0.008457170420100505,0.020455292329821982,7.152373151462295e-05,-38.43340059644132,25.869125601482946,1691,0.3547804308555677,0.8462221813544394,0.12586915411806227,-8.046691858476645,45.897570818024604,1691,0.42774040775401445,0.641257282162439,0.18296185642557056,43.1018769773749,77.27675558030637,liquidity
BTDR,1296,1296,0.03044453088691104,0.1747048433759619,0.0009268694609240802,7.661395528136423,54.51719460111191,1296,0.29612817720013723,1.674763206970079,0.08769189733187588,54.16760849168389,78.27345691727128,1296,0.2045333236361103,0.705428517777794,0.04183388047763383,43.63308089794903,77.58166969383983,growth
BTG,1691,1691,0.043090515371066694,0.1233901741800598,0.001856792514944135,-8.357400045273726,44.56145990954842,1691,0.2646643567363145,0.7473748616979898,0.07004722172664714,-21.009947861150067,39.15158320013367,1691,0.3894549272789626,0.6912378557311512,0.15167514038186203,48.41409678260411,80.32600038078853,liquidity
BTI,1691,1691,0.06595324789602942,0.08912908541195723,0.00434983090803511,-18.719390009675397,38.12144870586807,1691,0.29608578027011495,0.3945889808051985,0.0876667892781628,-42.460067942063766,27.989090965291176,1691,0.32914098931801744,0.27569992975438595,0.10833379084924327,-32.1704383140255,34.07001255423279,growth
BTU,1691,1691,0.15416373182279416,0.7280819128236913,0.0237664562095304,66.44950338049338,91.05419902912269,1691,0.18931436913868027,0.8817099586979131,0.035839930362376496,-10.00452613478626,44.87872757500423,1691,0.15563740578548643,0.4555997042569927,0.024223002079636166,-2.163271890309362,51.29429911418464,inflation
BUG,1691,1691,0.08492802789575943,0.15014997768063343,0.007212769922262892,1.1121167092223532,50.446796046902485,1691,0.6144804222465251,1.0713377863414377,0.3775861893242678,22.35243490005076,61.71706344128457,1691,0.4075425380626511,0.44659987880493063,0.16609092033054743,4.736668797500684,55.25490485667092,growth
BULL,1027,1027,0.01636664784224374,0.04512478299653194,0.00026786716159202175,-32.0681040124252,29.825178585189825,1027,0.2158311994198386,0.5920200147633631,0.04658310664300614,-36.02353161093878,31.33861938491967,1027,0.15942136998072046,0.2664524764926735,0.025415173206529758,-40.02736393272161,29.56009194307868,liquidity
BUSE,1691,1691,0.13059146862125035,0.25288211384236897,0.017054131676655013,33.15266150582008,70.36010113318338,1691,0.4635873189246098,0.8852766198817248,0.21491320226770788,0.1587738553361917,50.167637697286594,1691,0.31212490200308485,0.3746305145330961,0.09742195445043532,-16.53009503873852,43.04765978241771,inflation
BWX,1691,1691,-0.31130466009015756,-0.1677097298229424,0.09691059139384854,-69.91994757843739,6.3001319983347415,1691,0.2205771283526594,0.11718641156003522,0.04865426955230558,-52.88257587626056,22.56529084463002,1691,0.7218095230079062,0.24102753958580456,0.5210089875049011,-23.613509712936644,38.98173891376386,inflation
BWXT,1691,1691,0.10627013053442178,0.19492793772887498,0.011293340643803043,18.20774598240815,61.07178646201715,1691,0.4843035924495863,0.8760415491206929,0.234549969659575,-0.018151367473498436,50.07556705067431,1691,0.28821376226228357,0.3276793031028659,0.08306717275738011,-24.582943299137515,38.42527844516165,liquidity
BX,1691,1691,0.06698553633652927,0.1530879877788088,0.004487062078292484,1.6116229998791305,50.75724086678649,1691,0.6430951584826029,1.4493706264789148,0.41357138286376416,54.92376853474886,78.66695730688082,1691,0.47369243451579507,0.6710083843298428,0.2243845225175008,48.8819238463876,80.59453581306911,growth
BXSL,1231,1231,0.06433980748480099,0.08605216949909529,0.004139610827181253,-19.67785522025226,37.525759391782806,1231,0.32291955562311664,0.42895678349009153,0.10427703940383112,-40.61889100852483,28.947226544303007,1231,0.2621118611620287,0.21125482800963757,0.06870262776182262,-43.423656411800806,27.61060047577256,liquidity
BYDDY,1691,1691,0.10646072960417477,0.32132173363013944,0.011333886947853214,43.13202319442887,76.56230759169253,1691,0.33618746572747626,1.0006364538196668,0.11302201211226302,6.072719149550999,53.24521340198839,1691,0.2809170273205878,0.5255331910361626,0.07891437623863588,17.55542639854495,62.61294563750397,inflation
BZAI,1167,1167,-0.00831264069189839,-0.03605792488151219,6.909999527260496e-05,-49.61878284052174,18.917373359221,1167,0.1490637984734909,0.6433742115279388,0.022220016015345512,-33.17392056600371,32.821537011553964,1167,0.08450091966486371,0.21953519103591018,0.007140405424207751,-48.1742978204028,24.88370491322912,inflation
C,1691,1691,0.1752103552764466,0.35015098115868065,0.030698668596098638,49.70998602530876,80.65053335467755,1691,0.5746247847334194,1.132463129584612,0.33019364322992856,27.49694985942509,64.3942329894935,1691,0.37327787705129173,0.4623802244611543,0.13933637349591926,6.130640701131725,56.05505276752751,inflation
CACI,1691,1691,0.09977087688297262,0.16633602100445805,0.00995422787399728,6.141590404694161,53.57263066541964,1691,0.35531518986372673,0.5841715912875726,0.12624888414789617,-31.930837392063584,33.46842878763855,1691,0.20888210446733949,0.2158515521867587,0.04363173356670453,-44.38470309993106,27.058954135024933,liquidity
CAE,1691,1691,0.10380551626648012,0.23372075695834177,0.010775585207350467,27.817928542006776,67.04454686478235,1691,0.5024417104538434,1.1155953021122615,0.25244767240378385,23.279302016795185,62.19939859625634,1691,0.4004279625755996,0.5588209399744418,0.16034255321244578,27.939523356234442,68.57347716987175,liquidity
CAG,1691,1691,-0.04587628082971308,-0.0665623388019114,0.0021046331427667,-54.09049203198879,16.138191233820145,1691,0.15115210190134826,0.21627120569665864,0.022846957909195567,-53.621211559211716,22.18091000926788,1691,0.17805066078301043,0.1601236138352756,0.03170203780526665,-51.66501785264669,22.880011485901264,inflation
CAH,1691,1691,0.10631827207032916,0.16851512391436987,0.011303574976020534,7.836490780050412,54.62601688215166,1691,0.32854074763689706,0.5135282683715993,0.10793902285781128,-36.81417010330704,30.927176651809695,1691,0.18995524158161878,0.1866180636611448,0.03608299380433115,-49.444367932327644,24.154677345276756,liquidity
CAI,319,319,-0.082789983391012,-0.3005733965560305,0.006854181349884043,-63.725923486335034,10.149738559047952,319,0.2685636089869132,1.0234698691516808,0.07212641207207562,5.735372455045,53.06966054523661,319,0.2390318158509425,0.5467731817591872,0.057136208988998884,20.37391927898073,64.23077680337643,inflation
CALM,1691,1691,0.04422599439923183,0.08128128267200789,0.0019559385806008855,-21.847580222045966,36.17726809151512,1691,0.15293432079196817,0.27718009568368546,0.02338890647610063,-52.318591053287186,22.858784595865984,1691,0.09733621269330563,0.11088142751268029,0.009474338301476431,-57.42150662338391,19.575753737393605,liquidity
CALX,1691,1691,0.05649518442798078,0.17002308468883012,0.003191705863551562,6.430930761137181,53.75245665864791,1691,0.48128971970564616,1.4283912647353911,0.23163979429433945,48.133084682325546,75.13313299792539,1691,0.36035560625071167,0.6722010183978058,0.12985616295631794,45.25338290567865,78.5117323895545,growth
CAPR,1691,1691,0.04217192306016346,0.22937531267486622,0.0017784710945923463,24.758757983601818,65.14326219477402,1691,0.17998888507656483,0.9654128935227901,0.03239599875110486,-2.8894610084433876,48.5813576266593,1691,0.11746621439585749,0.39601137760722793,0.013798311524493557,-18.83317512407214,41.72567853300016,inflation
CARR,1638,1638,0.040586858223437515,0.08245056483237989,0.0016472930604494174,-21.41120324058385,36.44847783590773,1638,0.5521767369446766,1.1285030753105822,0.3048991488228706,26.373020138250148,63.80934783557368,1638,0.4024835922938309,0.5017518045783311,0.1619930420657467,16.51103674502822,62.01345995403725,growth
CAT,1691,1691,0.16844307169721182,0.32346631393011827,0.02837306840279204,45.526903866731125,78.05073388954548,1691,0.5716730252911435,1.0825993129083213,0.3268100478455284,21.64342145327328,61.348097810127356,1691,0.360822318666966,0.4294778028053022,0.13019274564820557,-1.0702648136986848,51.92169147885385,inflation
CB,1691,1691,0.13754796147233628,0.20155229217949208,0.018919441705195304,20.880960958556926,62.73319845482816,1691,0.35019660030289906,0.5060455949707886,0.12263765886370845,-36.28171395904294,31.204263099499595,1691,0.21679477074028702,0.1969036688715791,0.04699997262033361,-46.700994819406525,25.729389331426656,liquidity
CC,1691,1691,0.13654425715755492,0.4573143968041754,0.018644334162708488,56.36187640727939,84.7847053363832,1691,0.4884340091568172,1.6132120979535995,0.23856778130100176,58.75607496923101,80.66126273058367,1691,0.3664792142830141,0.7607854617967528,0.13430701450149538,55.84064934292371,84.58888437473972,growth
CCJ,1691,1691,0.15567846373195549,0.44993518423593837,0.024235784069941778,56.58057623929147,84.92062800888525,1691,0.4531205539379262,1.2914551273299475,0.2053182364010131,38.127215918616656,69.92614898308365,1691,0.3565825792385289,0.6387824312608475,0.12715113581640172,40.27310493076396,75.65302411377576,inflation
CCNE,1691,1691,0.13999136440801294,0.28660801531181973,0.019597582108817072,40.697616227827716,75.04931557055673,1691,0.43367518552664047,0.8755799301305701,0.18807416654156603,-1.9028949592995863,49.094759687868546,1691,0.27628803232322896,0.3506069990046516,0.0763350768050416,-22.06886075940685,39.868376320123545,inflation
CCS,1691,1691,-0.052528865290584766,-0.14808656524011143,0.002759281688716401,-60.18629866331444,12.349627151431273,1691,0.47175307399198146,1.3115248364021244,0.22255096282088394,40.24509566430738,71.02827876727252,1691,0.44113523850302505,0.7708339151438363,0.1946002986491208,59.8066023848999,86.86536429002827,inflation
CDE,1691,1691,0.08517269829545857,0.3726507539783341,0.007254388534929211,49.15190307000281,80.30368294301913,1691,0.3769079307479143,1.626226425428232,0.14205958826067455,55.190910273488356,78.80597599642816,1691,0.4170221964436892,1.1309208012502316,0.17390751232671892,76.66429378793154,96.5417763632311,liquidity
CDNS,1691,1691,0.0865149126178025,0.18837327657340763,0.007484830105266003,15.148577015343811,59.17050278103233,1691,0.6641574476627182,1.4260787398272676,0.4411051152858563,54.19520711225412,78.28781904609131,1691,0.38413233017154685,0.5184186321604196,0.1475576470830223,19.814969804052712,63.9099365816524,growth
CDXS,1691,1691,0.030492709324424716,0.13755274601743517,0.000929805321943858,-4.739346674078787,46.810092105300036,1691,0.4255809234913173,1.8932132855591963,0.18111912243972247,67.26740517562195,85.09049934924285,1691,0.34083755184104475,0.952998266797151,0.11617023674499687,68.58586244973579,91.90471019179795,liquidity
CDZI,1691,1691,0.02421882120484464,0.09168352541373666,0.0005865513005522323,-19.165350798160013,37.84428259355666,1691,0.2903693397154053,1.0840097794894503,0.08431435344676044,12.136040506691396,56.40052336347703,1691,0.22802661011479167,0.5350510947568922,0.05199613492044321,17.733750087755784,62.71530446339322,inflation
CE,1691,1691,0.16605419439654226,0.40586906983166626,0.027573995476684647,54.801489171615316,83.81491948305974,1691,0.4681289797352389,1.12835504020777,0.21914474166795575,23.318599286396847,62.219848620084846,1691,0.34101943904930165,0.5166383783283193,0.11629425780950037,18.080519915728164,62.91435234425613,inflation
CEG,1175,1175,0.03691751810933106,0.09906986820956525,0.0013629031433527868,-16.5786587655663,39.451920289366385,1175,0.4409044541538885,1.1694055567571373,0.19439673769273838,25.973720075785057,63.601554880111166,1175,0.24862677614285683,0.39825057629098115,0.061815273815190246,-13.34056066674329,44.87847090401173,growth
CELH,1691,1691,0.05632777967146094,0.22709602397669978,0.003172818762716648,24.46496751833634,64.96067044412149,1691,0.36517270444203737,1.4518753965741646,0.1333511040695116,45.76022939094399,73.89831572582912,1691,0.2751055940863569,0.6874763178870489,0.07568308789760736,43.28437662563307,77.38151143076897,growth
CENX,1691,1691,0.17530801066002552,0.766682226898847,0.03073289860157562,67.75329988741139,91.86451289168353,1691,0.408461574806273,1.7616068133698533,0.16684085809322055,62.947499437386945,82.84245066343587,1691,0.3425709377158324,0.9286147403876451,0.11735484736750473,67.51903746012353,91.29234649604172,inflation
CEVA,1691,1691,0.0794731667551998,0.25583839771197014,0.006315984234099795,31.92726768812323,69.59851480256546,1691,0.6053284368935726,1.9216771414783131,0.36642251651201596,74.46056294088476,88.8337682631632,1691,0.38792799327253136,0.7740477459639091,0.15048812796445313,58.395346199924546,86.05529510201228,growth
CF,1691,1691,0.2779336238627033,0.6599114800930622,0.07724709927345465,69.20295870856843,92.76548066735583,1691,0.22728110188309003,0.532172047806277,0.05165669927319155,-39.794510957075374,29.376228148403655,1691,0.1216321886671261,0.17900474271422395,0.01479438931995536,-52.17392283290384,22.587897092693915,inflation
CGAU,1691,1691,0.02617599091509106,0.0758703032902485,0.0006851825003869298,-23.94507188778968,34.87367004968902,1691,0.27785040976546177,0.7941890051411881,0.07720085020683501,-16.151211373733556,41.68003563337629,1691,0.4185559776767574,0.7519581318532578,0.17518910644894622,56.64859191599787,85.05264807058856,liquidity
CGNX,1691,1691,0.07884572655250804,0.18405182022959016,0.006216648595592872,13.188915260213754,57.95256648676664,1691,0.6145068380612138,1.4145972751121938,0.3776186540239908,52.00643837810952,77.14879912887908,1691,0.4109247520564563,0.5945599915062154,0.16885915185266007,34.73362391087449,72.47333006560397,growth
CHD,1691,1691,-0.07305640031518391,-0.09161563465857235,0.0053372376270124046,-57.860529952054854,13.795100135784407,1691,0.18455208623072247,0.22823088995036853,0.03405947253211202,-52.339462758160614,22.847923106853397,1691,0.1319221615240795,0.10254169832710393,0.017403456701185326,-56.77474516192176,19.946998545745554,inflation
CHPT,1691,1691,-0.01879697836290616,-0.08473974536218155,0.0003533263955755623,-54.94670603801829,15.60605138321989,1691,0.3898123511328486,1.733001140435918,0.15195366909571928,60.94178441454129,81.79869061531647,1691,0.3422412957602213,0.9563193586889505,0.11712910452363526,68.74774283642995,91.99763046722431,liquidity
CHPX,247,247,-0.09681805732220153,-0.2379114955794565,0.009373736223645101,-63.427660627265766,10.335109917314727,247,0.7337286729066755,1.8868329133526762,0.5383577654453913,77.71432835659053,90.52700499329845,247,0.41470790850930356,0.6598906668293535,0.1719826493801609,45.01347584379266,78.37402435263657,growth
CHRD,1691,1691,0.25743315187609733,0.8821962694266345,0.0662718276848618,71.86792267472673,94.42176463003334,1691,0.24959144191804186,0.8434795793779556,0.062295887878727266,-12.066554519858995,43.80566244764953,1691,0.1371093275261726,0.2912320493780806,0.018798967694679272,-36.18556208818847,31.76530835513188,inflation
CHTR,1691,1691,0.050491142882247306,0.10495676818616816,0.002549355509555513,-14.63784035471545,40.65814538253171,1691,0.36655814168663553,0.7514191489257227,0.13436487123675958,-17.10541733931988,41.183473532972236,1691,0.2677478425279437,0.34497899364825685,0.07168890717836854,-23.382511547948692,39.11433319249026,liquidity
CHWY,1691,1691,-0.002943539604844945,-0.010379893417022614,8.664425405290737e-06,-45.48463706917044,21.48675869703892,1691,0.35174566755856074,1.223195591982935,0.12372501464621753,28.603379370620747,64.97001115672677,1691,0.27596776294322783,0.6031881295877659,0.07615820618388959,31.3631214861873,70.53864223823413,inflation
CI,1691,1691,0.10591864479182826,0.1840719088704796,0.011218759314537488,14.249216748112945,58.61154738568746,1691,0.33170161440709933,0.5684690513418574,0.110025961000276,-34.22305407684433,32.27557528155452,1691,0.20137001015056166,0.21691086948849964,0.04054988098803731,-44.42212770197232,27.037472197648754,liquidity
CIEN,1691,1691,0.05004632147659254,0.13420795586715634,0.0025046342933384477,-5.069714394459762,46.60476746901907,1691,0.5398175733772798,1.427569493669305,0.2914030125269348,50.068810211309746,76.14047100370648,1691,0.3224016174975213,0.5358888672378793,0.10394280296501801,21.149624695674305,64.67603618557114,growth
CL,1691,1691,-0.036521889617537925,-0.04223590015691731,0.0013338484212356246,-51.620850698625965,17.67308153100902,1691,0.23473452024616137,0.26770076783003494,0.055100294995195545,-49.6810827714364,24.23132543034313,1691,0.2212224379678205,0.15857295223710155,0.048939367060426196,-50.379504350224295,23.61790364905169,inflation
CLF,1691,1691,0.13541805939975554,0.4957871396418496,0.01833805081159572,58.23919842764712,85.95146721181628,1691,0.45311658151547424,1.6359603228405595,0.20531463644426942,58.53470914749087,80.54606550758852,1691,0.3087860474230439,0.7007252423232658,0.09534882308314631,46.6054301333538,79.2878152946588,growth
CLMB,1691,1691,0.06476552406816984,0.16240282980087628,0.004194573107824686,3.7889095609462227,52.11043170127543,1691,0.28663987046453987,0.7088109972117652,0.0821624153399282,-23.623285366351684,37.791620668511655,1691,0.19599737480301882,0.3046290985458978,0.03841497092967504,-32.20774149160814,34.04860031519604,liquidity
CLOV,1579,1579,0.04244916478634266,0.19016828291754265,0.001801931591058074,14.282771938380625,58.632402047968334,1579,0.31529048906296986,1.4223280731164083,0.09940809249356672,41.64661551269396,71.75761987891102,1579,0.26231648499655885,0.7232521770492495,0.06880993830094989,48.36147593411634,80.29579571032471,liquidity
CLPT,1691,1691,0.0458292286594677,0.20184534798437062,0.0021003181995217757,17.783554659629512,60.80815014499857,1691,0.376304264823821,1.6344042273948587,0.14160489972459642,55.620779364237016,79.02967686007743,1691,0.2992740727052301,0.8169899479727676,0.08956497059357535,59.68968361146537,86.7982522398787,liquidity
CLS,1691,1691,0.1250052633512392,0.4126435746163657,0.01562631586551267,53.81577398312165,83.20229421712669,1691,0.5422632757247444,1.7652292725787317,0.2940494601997302,67.74330831905642,85.33815601144732,1691,0.351126107718515,0.7184248277404522,0.12328954352155419,50.7933166322469,81.6916862939704,growth
CLSK,1691,1691,0.06767724308594832,0.4385944450425935,0.004580209231714539,53.16228546811226,82.79614893300705,1691,0.3940028165454386,2.518047592440711,0.15523821944573857,75.97136484101576,89.61997898902312,1691,0.3089313663294445,1.2409488925402041,0.09543858910217744,74.34685627773176,95.21155386915,growth
CLX,1691,1691,-0.1031934943559429,-0.15525556886384193,0.010648897277390018,-62.07231003012497,11.177464818302665,1691,0.16696180319733298,0.2477171839555288,0.027876243726904948,-52.391375916714345,22.82090786278687,1691,0.14348518961139697,0.1338053155512797,0.020587999637818544,-54.678798936020875,21.15008376543607,inflation
CMCSA,1691,1691,0.09503486355258392,0.1547393971996203,0.009031625290458244,2.931597501009998,51.577609406522484,1691,0.45166823497249275,0.7252398067377227,0.20400419448316692,-16.381551064774552,41.56016847165775,1691,0.31918899507510534,0.3221345280305417,0.10188161457705562,-24.5135542963956,38.4651081328589,liquidity
CME,1691,1691,0.12606934977359022,0.17141520550425535,0.015893480952335833,9.993520043463336,55.96661773881807,1691,0.2428004475464575,0.3255618094314507,0.058952057328760056,-47.707535073081274,25.258345828125535,1691,0.1594768296523751,0.13440296415412606,0.02543285919597267,-53.89359283554068,21.60079659490883,liquidity
CMP,1691,1691,0.09145156232271376,0.2534814510184189,0.008363388251265199,32.00826348441727,69.64885395917308,1691,0.4058450424951195,1.1093266348131177,0.16471019851786534,18.770925143010018,59.85327085172454,1691,0.32148630569752923,0.5523176934224217,0.10335344475104521,24.161821219795137,66.40505435988771,inflation
CMS,1691,1691,-0.04250023711887884,-0.05263764706021918,0.0018062701551609269,-52.73208765735677,16.982444067668908,1691,0.2417441168777229,0.29526037591682863,0.05844021804499015,-48.87200014171682,24.65236636333198,1691,0.2462523901282338,0.18904142908543928,0.06064023964386786,-47.24846903415015,25.41513597521919,inflation
CNBS,1691,1691,0.10166050101235112,0.3252987568673621,0.010334857466082243,43.52776194132994,76.80826053823357,1691,0.3612225633834664,1.1398538435512067,0.13048174029732243,20.591618859791666,60.80074710821811,1691,0.25564410562779605,0.507034328722062,0.06535390874223575,12.273649507900874,59.581175245539086,inflation
CNC,1691,1691,0.06854787313120794,0.1478430849054293,0.0046988109108121795,-0.47593285324379864,49.4598179655285,1691,0.2842158901628788,0.6045044840855575,0.08077867222107758,-32.27707524065657,33.28824903658128,1691,0.15226592433618938,0.20355472017881043,0.02318491171395415,-48.28300834641203,24.82130444443357,liquidity
CNDT,1691,1691,0.07792232370783488,0.26875488564514355,0.006071888532028605,34.57897257001707,71.24655820030256,1691,0.3869757125831386,1.3162013179720449,0.1497502021292279,37.39063736452086,69.54283866316793,1691,0.2670180644866486,0.5708296708919312,0.07129864676219604,26.31440936024172,67.64065236514631,growth
CNI,1691,1691,0.11084969863064345,0.15303568659465908,0.012287655686504476,3.034119330650144,51.64132706440214,1691,0.5349169187227046,0.7282637175392241,0.2861361099357926,-12.904100385902218,43.36980944585908,1691,0.4072267593045084,0.3484704293341037,0.16583363349365202,-17.937002713154005,42.240086664538275,liquidity
CNM,1300,1300,0.037502658447086314,0.08237555260695542,0.0014064493905988145,-21.63189958227913,36.31131432600165,1300,0.5011051968804822,1.089284278612965,0.2511064183406268,19.962792905561013,60.473510486479434,1300,0.34865999046008633,0.46248036474620113,0.1215637889476275,5.381764019962519,55.62519323422851,inflation
CNQ,1691,1691,0.3265755252519565,0.7158855494656667,0.10665157369359127,72.25841745146808,94.6644584316904,1691,0.3558344549409309,0.7692227138707063,0.12661815932310938,-15.67675678305181,41.92693847887517,1691,0.2917888329629273,0.3964606161961889,0.08514072304186708,-12.39363542565574,45.422011452727205,inflation
CNR,1691,1691,0.18427660741441332,0.7122574075398547,0.03395786804016581,67.0524566281081,91.42893647658927,1691,0.24082820048446962,0.9179483527963899,0.057998222148587894,-4.93181090151711,47.518533048695645,1691,0.20188488101872049,0.4836620199415504,0.04075750518394293,5.543854617094937,55.71823417165858,inflation
CNX,1691,1691,0.15424391499921242,0.39989132982928455,0.023791185314284265,54.04988134413983,83.34779272011701,1691,0.24973383233740115,0.638492014305623,0.062366987013925186,-30.21421612838176,34.361746468552795,1691,0.1761732473320119,0.28310355989717106,0.031037013075506235,-36.1713170892599,31.773485066658964,inflation
COF,1691,1691,0.18518751435391906,0.42605209879638606,0.034294415472582974,56.71139821487633,85.00193430153256,1691,0.5637782219223927,1.2790968870341082,0.31784588351397464,40.5344927542742,71.17887898570278,1691,0.35815526000901066,0.5107328154737191,0.12827519027212203,16.650785357904265,62.09367646367178,inflation
COHR,1691,1691,0.09442180093423906,0.3372989083904983,0.008915476491665068,44.51465028334885,77.42161492298183,1691,0.5658034580870733,1.993206952542006,0.32013355318329056,75.33217567311695,89.28734942348449,1691,0.34268638545685887,0.7587713590300524,0.11743395877748686,54.782401634962305,83.98144408811095,growth
COIN,1369,1369,0.06391083048022082,0.31580296200180763,0.004084594252671523,40.966280627952564,75.21629138821126,1369,0.4981334433695451,2.472792651939718,0.24813692740319981,79.16493938176757,91.28189280946147,1369,0.3826110848925319,1.158143481476813,0.14639124228264028,76.02365163125597,96.1740440711129,growth
COMP,1377,1377,-0.07135517209200597,-0.30654030127077,0.005091560584279787,-63.4384544403928,10.32840152658019,1377,0.4427911416268794,1.9127624258948575,0.19606399510323516,68.43350955798154,85.69733190141523,1377,0.39677370901770487,1.045248246751884,0.15742937616766634,74.03885778613137,95.0347609589349,liquidity
CONY,781,781,0.07520853065557155,0.2656196389391909,0.005656323083370046,34.03299241509591,70.90722971931011,781,0.539856827390314,1.874844877812415,0.2914453940799353,70.13956831685701,86.5851529288172,781,0.37759900581888234,0.8182399834897459,0.14258100919540834,62.88205366853513,88.63069106105715,growth
COP,1691,1691,0.34112431195030773,0.75167967224103,0.11636579620357086,73.21862238400232,95.2612289887546,1691,0.3071494127739765,0.6674426612499426,0.0943407617673986,-26.062433172164944,36.522305236275436,1691,0.18313837261513358,0.2501329507093888,0.03353966352411951,-41.22675713193086,28.87163333057504,inflation
COR,1691,1691,0.0428858036347131,0.060308371928996414,0.0018391921533951715,-26.74270892829242,33.134929330332504,1691,0.27921117368954856,0.3872050259767447,0.07795887951309526,-43.952673968567446,27.21234924460722,1691,0.1569225356086956,0.13677943057912176,0.024624682181862336,-53.87024377754648,21.614199088837054,liquidity
CORT,1691,1691,0.028170802302130614,0.07846118182952488,0.0007935941023457275,-23.198757392105396,35.33750698932973,1691,0.3480746793992742,0.9560314984549009,0.12115598243890753,2.0915469966675717,51.17343930121424,1691,0.23468803988900025,0.4051520213392526,0.055078476066940975,-11.573429445168602,45.89281441514658,inflation
CORZ,670,670,0.052240692345613175,0.2449510651632943,0.002729089936749007,28.83189344285101,67.67472942083664,670,0.45286236566483684,2.097901254945161,0.2050843222355524,73.52147507927536,88.34507351816842,670,0.24751093324626935,0.7243259248873707,0.061261662076439204,48.068780321902175,80.12778674111951,growth
COST,1691,1691,0.059027822675195074,0.07635041983006616,0.003484283849774274,-22.68250842666306,35.65835743724164,1691,0.486394427292491,0.620422294969338,0.2365795389011903,-23.96058359636733,37.61609303234117,1691,0.2738622065186855,0.21956251210819067,0.07500050815928314,-41.43390343099605,28.752730160427248,liquidity
CPNG,1392,1392,-0.003845376651318755,-0.011213254789643624,1.4786921590507443e-05,-45.74170006484299,21.32699319081181,1392,0.38180225448154903,1.1210342440223398,0.14577296152719352,19.73341715490279,60.3541449525838,1392,0.30132873064160043,0.5384267851105744,0.09079900391007818,20.863071053809005,64.51155274276312,inflation
CRBU,1299,1299,0.010983437824387687,0.0528358286142234,0.00012063590644219013,-30.11427872211348,31.03948749717187,1299,0.3759989335669167,1.7872688443762095,0.14137519804345866,62.71330179019334,82.72057584835997,1299,0.29827920462975355,0.8646542984271236,0.08897048391455839,62.92459436499019,88.6551096661282,liquidity
CRC,1483,1483,0.25062369468440837,0.6178596565602302,0.06281223633726354,66.8941189930523,91.33052911012523,1483,0.3056899923867928,0.7626095805697924,0.09344637144543744,-18.221058419107532,40.60290172996952,1483,0.20483913573956636,0.31187444678252896,0.041959071530532493,-30.88353571312212,34.80870206792137,inflation
CRCL,328,328,0.05989855057319587,0.38367788393691615,0.003587836360769703,49.62030009399942,80.59479325027398,328,0.35287802350976766,2.3800300530681127,0.12452289947616013,73.51725293906044,88.3428763459761,328,0.24887726966223023,1.006001106896908,0.061939895354526465,67.28399151536799,91.15742876838769,growth
CRDO,1169,1169,0.0448556535385769,0.2025240430476028,0.0020120296543728465,18.08772757896728,60.99719462536586,1169,0.4999732734931859,2.2382432181334226,0.24997327420749205,76.86159709611233,90.08324961861572,1169,0.2621327336482958,0.7084526470652762,0.0687135700499284,46.212806995990434,79.06244734979782,growth
CRESY,1691,1691,0.0869113493992197,0.27513483252696685,0.007553582654393246,36.4720793625373,72.42313036409325,1691,0.34070173592558367,1.0636226315323196,0.11607767286270615,12.206434131202885,56.437155712574736,1691,0.3012505331712711,0.5911100322486097,0.0907518837359751,30.331279502278097,69.94635898947676,inflation
CRH,1691,1691,0.09180615107817841,0.17528854861332432,0.00842836937578932,9.921801584353764,55.92204447810627,1691,0.6036580638467983,1.1366242333323424,0.36440305804726525,28.851362676962317,65.09905993225654,1691,0.48171247666497424,0.5700869275183106,0.23204691017470336,33.60321508743716,71.82446888258357,liquidity
CRK,1691,1691,0.211892939829488,0.7705039150274847,0.044898617949583025,69.25927110738854,92.80047901039163,1691,0.2637901437998869,0.945934505385611,0.06958523996596501,-1.6476571959718689,49.22758363199738,1691,0.1733631324059724,0.39073879362705183,0.030054775677610716,-18.229775187993912,42.07203357574268,inflation
CRM,1691,1691,0.11828836767186031,0.2582264054893452,0.013992137926473207,33.84954646782127,70.79321745334795,1691,0.540905258302406,1.1644583363900383,0.29257849845919254,28.684502774322283,65.01222720775431,1691,0.3008485757828731,0.40707833884795613,0.09050986555058314,-8.919562640314098,47.41614926433881,inflation
CRNX,7,7,,,,,,7,,,,,,7,,,,,,
CRS,1691,1691,0.15063802907957388,0.45532727626539354,0.022691815804978546,56.62965972550408,84.95113355870826,1691,0.4862782611735806,1.4494993919112835,0.23646654729000105,49.54792647845607,75.86940675785135,1691,0.33958405787466456,0.6362206467815515,0.11531733236262352,39.114409935413775,74.98792650496856,inflation
CRSP,1691,1691,-0.019794739308635134,-0.07201783134968708,0.00039183170429682494,-54.07963287493494,16.144940236022386,1691,0.41856010210771494,1.5017312594679595,0.17519255907642076,50.560271396840285,76.39622396203572,1691,0.35277657682680674,0.7955388939938555,0.12445131315763988,59.307284265260876,86.57875281009721,liquidity
CRT,1691,1691,0.16970136054970122,0.5074588035075601,0.028798551772419693,60.22835941455611,87.18773737668101,1691,0.17066518637765848,0.5032740597464616,0.02912660584132091,-42.79081214547232,27.81697399865693,1691,0.13155150940786875,0.2438275220341881,0.01730579962748858,-43.82154279084601,27.382211399836365,inflation
CRUS,1691,1691,0.10083761543320459,0.22731803490134642,0.01016822468625486,26.36105981856633,66.13909811087694,1691,0.5640799718917208,1.2539959844566684,0.3181862146893645,38.96656310987892,70.36293938190003,1691,0.3465894661784815,0.4842817551152348,0.12012425806588478,10.834013796732538,58.754816045841196,growth
CRWD,1691,1691,0.09616110535237912,0.3029365585937347,0.009246958182591357,40.85479740372528,75.14700419381013,1691,0.4688426930613788,1.4565437445421439,0.21981347083704628,49.839676390712874,76.02123136852009,1691,0.2843694188903439,0.5552729964460016,0.08086596640003188,23.313727579635582,65.91824372000553,growth
CRWV,375,375,0.0736355832632343,0.46954143672998144,0.005422199122516711,54.83656891811606,83.83672166210673,375,0.4066276183939599,2.78958683922976,0.16534602004074386,77.54072640094385,90.43666375163875,375,0.20051406836280264,0.846123966531448,0.04020589161140269,58.26257175089411,85.97908180264082,growth
CSCO,1691,1691,0.11535713550148839,0.1711673163497516,0.013307268711108754,9.054845796324859,55.38322857429024,1691,0.5841220504161652,0.8547204976300387,0.341198569782385,1.4460063699430536,50.837504480993836,1691,0.31065134965656127,0.2857071083687808,0.09650426104344309,-30.78808741076277,34.86348994386687,liquidity
CSGP,1691,1691,0.0376679468918817,0.07684396704638449,0.0014188742230496203,-23.317354729556044,35.26379834991464,1691,0.47003159879509737,0.9456033948274566,0.22092970386587538,5.345295029814532,52.86666698558765,1691,0.3473603491793456,0.43922746915651645,0.1206592121819969,0.4880545456483004,52.81617577698135,inflation
CSX,1691,1691,0.13840682954360925,0.2038849217283171,0.019156450464313707,21.474768088666394,63.10225155986571,1691,0.5406469824171901,0.785390260806484,0.29229915959681346,-7.742576777583951,46.05583017583509,1691,0.3307403387063538,0.30198556062629645,0.10938917164759361,-27.829985803560366,36.56145732394042,liquidity
CTM,990,990,-3.6846184114612146e-05,-0.00024736802342626796,1.3576412838078964e-09,-43.69166255660012,22.60109831602473,990,0.1561653039854648,1.053858951277452,0.02438760216887263,4.732914867591874,52.54798863880933,990,0.1273459305912505,0.5251707768146138,0.01621698603815159,11.954939313972165,59.39823375641977,inflation
CTVA,1691,1691,0.18699964815760653,0.3211509807677291,0.03496886841106864,45.838135994275994,78.24416569127663,1691,0.4186089088563008,0.7089589179792617,0.17523341857386276,-18.89161967311707,40.25394635057618,1691,0.2916183819064514,0.31042363615728263,0.08504128066573693,-28.18451014585009,36.35795830714387,inflation
CVE,1691,1691,0.3083016792903779,0.8583236191692939,0.09504992545326701,73.42282243518058,95.38813999927457,1691,0.32786588004490913,0.9001513485211778,0.10749603529762275,-3.3512336607005158,48.34105437308128,1691,0.23699696453052385,0.408968048740534,0.05616756119668238,-10.703371636054392,46.392232614662504,inflation
CVS,1691,1691,0.10555267240315042,0.17398569544414463,0.011141366651446792,10.064681782158837,56.01084499594212,1691,0.30960290555622355,0.503261233484913,0.09585395912885587,-38.040741323745536,30.288877580663293,1691,0.16155701929264651,0.16505989503248344,0.026100670482724558,-51.90404725624046,22.742807229903956,liquidity
CVX,1691,1691,0.33502560638525025,0.5628919694226453,0.11224215693380464,67.4804495625991,91.69493550792274,1691,0.33359752881867755,0.5527312454164146,0.11128731123392839,-35.05869186862296,31.840715228245553,1691,0.1972124435844408,0.20537746441732482,0.03889274790454624,-46.484381473677274,25.853726640950214,inflation
CW,1691,1691,0.12823328669407055,0.24345457831287165,0.016443775816363693,30.702388798386142,68.83724850138603,1691,0.5511477219128449,1.0318803183999548,0.3037638113697186,16.302312504590503,58.568622126997305,1691,0.34837845410882967,0.40995848809043645,0.12136754728725795,-6.354022102721752,48.888784326799694,inflation
CWCO,1691,1691,0.03816104988505703,0.07947407200306093,0.0014562657283298112,-22.510850678134023,35.765043298502206,1691,0.2839741124538303,0.5832141357019437,0.08064129654394066,-34.766023149978906,31.993017979322104,1691,0.22867166008122136,0.2951813524263227,0.05229072812430165,-32.191635002100874,34.05784553304936,growth
CX,1691,1691,0.07094867786496392,0.19148703382902577,0.005033714890786422,15.618502944701318,59.4625633080507,1691,0.5000373094971332,1.3308883232483395,0.2500373108891318,42.36253740221753,72.13018061528057,1691,0.4380982662582579,0.7328886943363202,0.19193009089849142,55.641331773505634,84.4744749405528,liquidity
CYTK,1691,1691,0.032833424537497734,0.10611383459655523,0.0010780337668595582,-14.579364399643783,40.694488382969,1691,0.3264262583964014,1.040363371637316,0.10655410217067421,9.33905607769885,54.944992259136704,1691,0.2708868432436404,0.5426441949576534,0.0733796818425046,20.812349140587262,64.48243807209198,liquidity
D,1691,1691,-0.014477694502783528,-0.0201794274872215,0.00020960363811592836,-47.805071432489015,20.044601027661233,1691,0.2641708070091811,0.3631101552463506,0.06978621527588201,-45.493830948087165,26.41034194806674,1691,0.2485657130368132,0.21474451367128128,0.061784913697499375,-43.33402484856844,27.662049509917637,inflation
DASH,1454,1454,0.02422374267075862,0.07977882872247243,0.0005867897089791319,-22.773157731588494,35.602018592933625,1454,0.44975557815197165,1.4936202659231037,0.2022800800788143,51.313865009820304,76.78838879940655,1454,0.31987675238669483,0.6492680437874656,0.10232113671745888,40.7923905833175,75.95109707274015,growth
DAT,1251,1251,0.07920815199683591,0.1590552988095148,0.006273931342753861,3.5051560917886437,51.934077977064554,1251,0.6672833856676419,1.3335731775694895,0.4452671167880709,48.554398116754285,75.352381557957,1251,0.44586300081525015,0.5413936686328545,0.19879381549597977,26.711015956547634,67.86830683841043,growth
DBC,1691,1691,0.40629238393122424,0.4628042550808271,0.1650735012405173,66.14130889292676,90.86265513073441,1691,0.21616822391870424,0.24282570370696163,0.04672870103216706,-50.89464989051231,23.599793602453797,1691,0.19677490714867948,0.138931204378174,0.038720364083371435,-52.24991207460108,22.54427882977682,inflation
DD,1691,1691,0.13919847987661285,0.2574856413921021,0.019376216799959795,34.468651045464625,71.17799300611054,1691,0.586083557201798,1.0691095286062628,0.3434939360223133,21.133045924439337,61.08250196003549,1691,0.4238491773913215,0.48596085826599444,0.1796481251752999,13.76360238822791,60.43641679048201,inflation
DDD,1691,1691,0.053234729209513186,0.25318512765376483,0.0028339363940101964,30.557924975932266,68.74746375556737,1691,0.4499849278609309,2.1104994786156444,0.2024864353020072,73.64626345518464,88.41001251486546,1691,0.3251176012406476,0.9584181874827745,0.10570145463647274,68.26116287776786,91.71833076514709,growth
DDOG,1691,1691,0.08630546248803571,0.28481091498996164,0.007448632855273739,38.48036161205956,73.67128445722672,1691,0.45365507000877925,1.4763463462752675,0.2058029225446704,50.43560307910173,76.33134744276971,1691,0.29826193672919155,0.6100811422289916,0.08896018290144826,33.609159112494815,71.82788078724218,growth
DE,1691,1691,0.15554242055266568,0.2843754075529355,0.024193444591382313,40.79090579479863,75.10729534650162,1691,0.45712553634147296,0.8241813938850855,0.2089637559754793,-6.945098855975599,46.4708321000123,1691,0.30269940059771366,0.3430253110551978,0.09162692712221514,-22.610204413598673,39.55764194102395,inflation
DECK,1691,1691,0.0630921816092371,0.15341676454176453,0.003980623380212957,1.5881049339468873,50.742624310641105,1691,0.49648772702291716,1.1905562848931732,0.24650006308438271,30.3996203157067,65.90476236211835,1691,0.3362712217277122,0.5068254318824652,0.11307833456224817,14.870099872351975,61.071552726854726,growth
DELL,1691,1691,0.11722891270841695,0.3168577308121104,0.013742617974797642,43.05791220498539,76.516247365426,1691,0.5369207109373871,1.4311457563331431,0.28828384983350924,50.418417424005426,76.32240414824086,1691,0.2728727637594214,0.45715258824350025,0.07445954520170499,2.165464337824326,53.77901867027348,growth
DEO,1691,1691,0.044934127212351564,0.06660638726983066,0.0020190757883357933,-25.430774758322244,33.95030077752796,1691,0.40669382018986594,0.5944992085098105,0.165399863380627,-29.005091835418877,34.990966280854316,1691,0.4147478128621396,0.38106151938392085,0.17201574827392835,-11.5853009643958,45.88600009465447,growth
DFEN,1691,1691,0.14963637978120367,0.616887779547655,0.022391046154024617,63.246813621917156,89.06371669918403,1691,0.6290079131032679,2.5572266591612025,0.39565095474652817,84.30929257006277,93.95897817313401,1691,0.40855311663388766,1.0439721782137714,0.16691564911126303,74.22563835365182,95.14197408173943,growth
DGII,1691,1691,0.08689557154440292,0.21995812025024128,0.007550840354028446,22.941605194860696,64.0138956967852,1691,0.5101989386758681,1.2735794597967072,0.2603029570259822,38.43371914159987,70.08565111330942,1691,0.3483992773355914,0.5466269298280588,0.12138205644796232,24.08903108142046,66.36327240072502,growth
DGRO,1691,1691,0.15479911716189745,0.14239750157213996,0.023962766674102853,0.9643697945085641,50.35497084833206,1691,0.7983401754632083,0.7242124973601096,0.6373470357586263,-4.473531846645473,47.75701825866644,1691,0.5249880651244255,0.29933309971697436,0.27561246852308807,-21.25681407797382,40.33449579783623,liquidity
DGX,1691,1691,0.00808850764745405,0.011676563523188094,6.542395596292266e-05,-40.58854143442064,24.5296984075002,1691,0.24140759363833109,0.34367007107923225,0.05827762626624959,-46.96703951320481,25.643694530411416,1691,0.2178613712627602,0.19493880584330517,0.047463577088490236,-47.340159898257866,25.362504890496947,liquidity
DHI,1691,1691,-0.07398393583692708,-0.164674978258882,0.005473622761922543,-61.275474181005364,11.67270094702446,1691,0.464970914302213,1.0206106836290088,0.21619795114703588,12.384129442034519,56.52962710759928,1691,0.44822115749420377,0.6183778981060336,0.2009022060254438,39.75972663545411,75.35834201193332,inflation
DHR,1691,1691,0.006140712726639283,0.010232699653506304,3.770835279110966e-05,-41.10771165474109,24.20703238997198,1691,0.4797079592000604,0.7883017856833114,0.2301197261198868,-9.537194541614546,45.12192366249455,1691,0.36799926152634266,0.3800929514816543,0.13542345648393353,-13.559748309717644,44.752655933025096,inflation
DIA,1691,1691,0.15576671032863681,0.150670467171219,0.02426326804660545,3.704219943896044,52.05779682279048,1691,0.8398998684168482,0.8011708508213772,0.7054317889666388,4.197015776202867,52.269110505553016,1691,0.5321834297114989,0.3190702094872603,0.28321920285949387,-17.960743880305692,42.226459097692604,liquidity
DINO,1691,1691,0.24735267527550278,0.6501898035571214,0.06118334596594833,67.68162810992447,91.81996864375539,1691,0.3037066799392816,0.7872669623207645,0.09223774743974122,-15.809988665264783,41.85760554064333,1691,0.19692258108580307,0.32084146055264573,0.03877850294149469,-29.131126834590127,35.81459486925508,inflation
DIS,1691,1691,0.13460739656017418,0.23516764223670003,0.018119151208707992,29.346991750378,67.99486473102965,1691,0.5344286363225456,0.9207516400827849,0.2856139673215757,5.6824524013844915,53.04212132000969,1691,0.3474474460973613,0.37624365675668436,0.12071972779957878,-14.617309898300945,44.145609482875784,inflation
DLR,1691,1691,-0.04713567847906362,-0.08177561386162605,0.0022217721856816613,-55.37481379446887,15.339980989656892,1691,0.4806823873330807,0.8223873084620611,0.23105555749222983,-6.5716064693612575,46.665194921741445,1691,0.3707385300319772,0.39866966974999,0.13744705765027126,-8.953899931101091,47.396439461425196,inflation
DLTR,1691,1691,0.04014450003567466,0.0828858231359724,0.0016115808831142825,-21.313936427632566,36.50892948344884,1691,0.3206001747167035,0.6527728691880655,0.1027844720283808,-26.606400649876356,36.239228371294935,1691,0.2195957834132052,0.28102801808073163,0.04822230809285933,-35.21527507403305,32.32225869630119,liquidity
DMLP,1691,1691,0.27038411925222716,0.5151287347300607,0.0731075719438026,64.09050401771347,89.58807308439883,1691,0.224446351916065,0.4216880430707875,0.05037616488843009,-44.29095183731761,27.036311811301534,1691,0.18848101932848982,0.2225735949678173,0.03552509464710655,-44.08399693408395,27.23156120820734,inflation
DNA,1366,1366,-0.06646752946065598,-0.38286262869672943,0.004417932472603171,-63.943883045433445,10.014275968622249,1366,0.42706095130675853,2.4713039622056416,0.1823810561310336,76.56465281004704,89.92872189220294,1366,0.3686498706506864,1.3006455120072409,0.13590272713076781,76.77525197754419,96.60546700389591,liquidity
DNN,1691,1691,0.15924479194999522,0.6500829202465972,0.02535890376319726,64.48510284400871,89.83331756649453,1691,0.38522702500164785,1.5508307538441186,0.1483998607916202,52.3250967857255,77.31462673204226,1691,0.3149830247367169,0.7970069157767699,0.09921430587229121,58.09725929163071,85.8841914977691,inflation
DOC,1691,1691,0.01705607128610713,0.028760855464670085,0.00029090956771676813,-35.99020142519441,27.387582007029287,1691,0.4349786203413658,0.7233272862161565,0.18920640015407805,-17.416684974955928,41.02149203577601,1691,0.3913136616291042,0.408996159574258,0.15312638177757706,-5.189537888081097,49.55720498086249,inflation
DOLE,1294,1294,0.01803749147425539,0.030467202499213662,0.00032535109868383593,-35.61760367004027,27.619152750284425,1294,0.23491004437492496,0.3911217056858966,0.05518272894822922,-44.939466746964364,26.69882919508286,1294,0.2830041410164325,0.2875232055809796,0.08009134383244881,-31.417491664598323,34.50220827278085,growth
DOW,1691,1691,0.24317244079482467,0.5081194064272353,0.05913283596211251,62.912596572658416,88.85599969221128,1691,0.4129462212639182,0.850920652317125,0.1705245816561489,-4.883395698954534,47.54372798096709,1691,0.2820725096435654,0.36532855011368454,0.0795649006966193,-18.822171616074517,41.73199461004121,inflation
DOX,1691,1691,0.1317409880230854,0.1715402551684322,0.01735568792529873,10.30477673171865,56.160064805112384,1691,0.4837227237624514,0.6211346614338867,0.23398767348416485,-23.94134387039573,37.62610525096505,1691,0.3206514409653166,0.2587913487843133,0.10281734659313392,-35.511804943490596,32.15204884132851,liquidity
DRS,1691,1691,0.1257513056496325,0.3375421970524697,0.015813390872587294,45.72393229791059,78.17318771439945,1691,0.37674713744388977,0.9972629187725115,0.14193840557216517,7.154059611056524,53.8079354035084,1691,0.23434158058989682,0.389884838787283,0.054915976393371105,-16.321028200602527,43.16766535306671,inflation
DT,1691,1691,0.1074269652941621,0.2774013754532401,0.011540552872313108,37.753872666475196,73.21976916286853,1691,0.4815903949108283,1.2263579731784464,0.23192930847036752,33.37344352699608,67.45231913003357,1691,0.3123751944832764,0.4999692158556659,0.09757826212846475,12.680746724520917,59.81485139535644,inflation
DTCR,1482,1482,-0.0635156302720719,-0.08294218827879374,0.004034235288858536,-56.17361080627013,14.843525991810006,1482,0.6719098704931378,0.888049248870575,0.4514628740661052,7.675561859280636,54.07932152042969,1482,0.536486356210328,0.432663071266428,0.287817610399835,5.867221946979869,55.90384888367158,inflation
DUK,1691,1691,-0.018181230226120237,-0.02173505239948328,0.0003305571325351881,-48.16019388185177,19.823891245039224,1691,0.22296332296617868,0.26285424399568086,0.0497126433881205,-50.31857337528175,23.899579785639695,1691,0.23307824570361405,0.17270725777079324,0.05432546862027428,-48.949806933764656,24.438558210278803,growth
DUOL,1296,1296,0.05983049580291,0.22023276269253814,0.003579688228022031,22.107076893431426,63.49523358367214,1296,0.3736396284298981,1.3554711416678005,0.13960657193323234,40.306354904846955,71.0601576469364,1296,0.2365810184654823,0.5233985321426379,0.055970578298164875,15.665418040047294,61.528069941219,growth
DVN,1691,1691,0.3321676000782598,0.9579206862372497,0.11033531454175073,75.38562315798627,96.60802717238384,1691,0.3453630829891137,0.982182825074314,0.11927565909174545,4.477126811817593,52.41487832634603,1691,0.22587480919065656,0.4037490416743149,0.05101942942691551,-12.332889917702563,45.456879724574044,inflation
DYN,1512,1512,-0.0069840825472687,-0.02992646214065498,4.8777409027063254e-05,-49.12128590736777,19.22656935673837,1512,0.32375153310761184,1.3937530196539238,0.10481505518952909,41.040757258072574,71.4423354871633,1512,0.2616150445394841,0.6875627868375619,0.06844243152939625,43.03770609053849,77.23992112122852,inflation
E,1691,1691,0.30191803651872545,0.515542625592839,0.09115450077532243,65.41968982108688,90.41416647909475,1691,0.3510871914992763,0.5912003003902252,0.12326221603484952,-31.40232123768144,33.743464892192996,1691,0.345502465960493,0.36567737824901936,0.11937195398478162,-16.489373795459066,43.07103401087431,inflation
EAF,1691,1691,0.07515005022396014,0.34262007556435,0.0056475300486637315,44.85488315419593,77.63307078306691,1691,0.3525014978823607,1.5848517289980242,0.12425730600930793,52.41994618130327,77.36398569309341,1691,0.21525842293318867,0.6082962065262406,0.046336188643683524,30.253038731542787,69.90144833590864,growth
ECL,1691,1691,0.03225061118637792,0.04835667890734418,0.0010401019218949246,-30.610170499196638,30.73128910948767,1691,0.5643937946906865,0.8345356367496429,0.3185403554853528,-2.1759656680462673,48.9526556038611,1691,0.4215182097506125,0.3917475422754202,0.17767760115136136,-9.318848781885547,47.186956716640985,inflation
EE,1116,1116,0.11754600741974516,0.3165907568786155,0.013817063860322784,42.9562611703589,76.45307090954162,1116,0.284564851694819,0.7558946299847806,0.08097715482009432,-19.7496837899875,39.8074157947829,1116,0.22904464948110442,0.36876803311197615,0.05246145145592199,-20.114399974145737,40.99024808102795,inflation
EGO,1691,1691,0.043098684909683625,0.13057170247977906,0.001857496640944191,-5.989377771439478,46.03319362348255,1691,0.2628717036849753,0.7853676854208577,0.06910153259824146,-17.577460882734453,40.93782537958212,1691,0.40864264202757883,0.7673617620163597,0.16698880888327994,57.880116061598386,85.75955003160006,liquidity
EH,1691,1691,0.04811342243745075,0.2515637687726286,0.0023149014186445893,29.814932491295167,68.28569145683406,1691,0.326452911014268,1.6832418770799227,0.10657150310968957,56.24371832088533,79.35384992951188,1691,0.24335787439341683,0.7886760776684082,0.05922305502928204,54.91388293247731,84.05691511105574,growth
EIDO,1691,1691,0.07754111148731739,0.11028262755034891,0.006012623970688585,-11.774352511647272,42.43781259455515,1691,0.4471231442032845,0.6271138225113082,0.19991910608223112,-24.433083708305688,37.37020728388948,1691,0.43420176635491226,0.3827701755921586,0.18853117390572582,-10.566164543579806,46.47099027693122,growth
EIS,1691,1691,0.09445407059592058,0.1259302562986873,0.008921571452139149,-5.770430165742955,46.16927028815302,1691,0.6860387862001895,0.9019910285167823,0.4706492161710294,9.523066103303252,55.040749787495244,1691,0.49996337628160065,0.4131607175867571,0.2499633776228974,-0.5975524285828343,52.193031113749825,growth
EIX,1691,1691,0.03151573635056185,0.05132236108440585,0.0009932416377181257,-30.072144370835275,31.065674136535897,1691,0.3398602271737689,0.5457875848022762,0.11550497401460581,-35.064996125240725,31.837434537262148,1691,0.29636872582545226,0.2991458379349205,0.0878344216474021,-29.371240302960867,35.67676835382466,growth
EL,1691,1691,0.0767838690119956,0.17356731158000283,0.005895762540451299,8.945024313945435,55.314974157970795,1691,0.5260520321126406,1.1726564248909006,0.2767307404898387,29.517632051956298,65.44578184787422,1691,0.3878040448157389,0.5433525405323274,0.1503919771754476,25.01720054513369,66.8960470250747,growth
ELV,1691,1691,0.10252092832753408,0.18431934669792108,0.01051054074513938,14.468544720431609,58.74786044947783,1691,0.3478339683465388,0.616700816952189,0.12098846953570094,-28.922949008998643,35.03371283232373,1691,0.1929119052512701,0.21497543936725344,0.03721500318767502,-45.16915877153945,26.60867205605184,liquidity
ELVR,268,268,-0.04607462874817372,-0.22729139657589978,0.002122871414282036,-61.53889127765182,11.508986345922539,268,0.2537977990945578,1.3072299000891454,0.06441332282524152,32.278412994328605,66.88247291137802,268,0.21204266785903148,0.6708616457584623,0.04496209299277554,39.61143266387789,75.27322041712911,inflation
EMB,1691,1691,-0.12483629391889342,-0.07194155272743628,0.015584100279404347,-57.643337936770976,13.930085695178244,1691,0.5222172553848381,0.29677977261033694,0.2727108618216732,-38.94269094444481,29.819509316089643,1691,0.6529723970995623,0.23324115612646684,0.42637295137394854,-26.699305216866588,37.21047450063711,inflation
EME,1691,1691,0.13858922237175572,0.2771059975831841,0.019206972557607956,38.61905296514501,73.75748159414658,1691,0.5680511100029317,1.12007736346154,0.32268206357556284,26.1393777486282,63.68776197264857,1691,0.3455289817098636,0.42822534758113445,0.11939027720145527,-1.831030306243242,51.48500769926998,inflation
EMN,1691,1691,0.16753825162506317,0.3232442458703478,0.02806906575758298,45.38248581468294,77.96097759018609,1691,0.5343201379332857,1.0166290281542398,0.28549800980104545,14.247605521507154,57.499367005952415,1691,0.4117102334522505,0.49235676354755076,0.1695053163293066,14.466232845590257,60.83973072464256,inflation
EMOTF,1507,1507,0.034910308971025414,0.1915249669684318,0.0012187296724524574,14.469909382936455,58.748708591760405,1507,0.2190916103672172,1.2092539891123,0.04800113373330051,22.043748427033005,61.55642516303421,1507,0.19682723425608145,0.6642501180428891,0.03874096014489836,38.28964704111376,74.51450784774369,liquidity
EMQQ,1691,1691,0.05589854802669373,0.10549992326064182,0.0031246476714925854,-13.997583776567888,41.0560669739119,1691,0.5473302711341436,1.0186974632623762,0.2995704256997751,15.041208232106124,57.91235229746571,1691,0.47412300235151106,0.5546436753447299,0.22479262135881095,29.84235365125345,69.66571273165614,liquidity
EMR,1691,1691,0.15690112573637108,0.27321677819878,0.024617963257340527,38.58347348576866,73.73536882945639,1691,0.6371313237060284,1.0940934124667678,0.40593632364739596,25.17470474254708,63.18575289769126,1691,0.3902510936533771,0.4212082390586831,0.1522959160976569,-1.9569966310650222,51.412702302452516,inflation
ENPH,1691,1691,0.04443077234595398,0.185706626048902,0.001974093531257989,12.99913600869122,57.83461805116404,1691,0.4167932731419429,1.7179415273233605,0.17371663253637423,61.209620587721695,81.93807068368244,1691,0.32780930131485375,0.8492513223721104,0.10745893802853258,63.05615295278484,88.7306250541392,liquidity
ENVX,1437,1437,0.050307588143243744,0.2539495511276815,0.0025308534247902386,30.6809737376588,68.8239389699654,1437,0.45204166830327663,2.2975454782839773,0.20434166988240957,75.74773766208043,89.5036049715841,1437,0.35124569472682,1.0925081218387511,0.12337353806412642,73.79836948022621,94.89671928459825,growth
EOG,1691,1691,0.331484830127105,0.7788217732550288,0.10988219260439566,73.6704859668511,95.54206370738282,1691,0.2986705392043246,0.6920077398124498,0.08920409098860202,-24.893452203303973,37.13063474391301,1691,0.18908228818250356,0.2753573655429403,0.035752111704331326,-37.410740902337444,31.062048650963163,inflation
EOSE,1480,1480,0.032498785297875296,0.21806989034084262,0.0010561710458373956,20.69946962766328,62.62040098944349,1480,0.3135752673049462,2.1298692890599975,0.09832944826536848,69.21017338429411,86.1015023162005,1480,0.2566510674637589,1.06317175150614,0.06586977043028691,69.69831207935819,92.54326269400903,liquidity
EPD,1691,1691,0.24323116705861292,0.31820087069319225,0.05916140062869486,47.580740456765234,79.32720015671892,1691,0.3554779487387189,0.45860516891227426,0.12636457203948726,-38.12635505520296,30.244324794525756,1691,0.25726021072212646,0.20860570607990173,0.06618281602079291,-43.81896287624336,27.383692285695055,inflation
EPI,1691,1691,0.08274246049634659,0.0906885149493139,0.006846314768989476,-17.680770170572362,38.76695438799739,1691,0.5428500207978203,0.5867429197039066,0.2946861450801939,-25.14161961032434,37.00149016367961,1691,0.4598228150693399,0.31238185352822045,0.2114370212582924,-21.6208588880111,40.12553197765395,growth
EQIX,1691,1691,-0.049165760659076505,-0.08161998157755426,0.0024172720211855948,-55.33311732124634,15.365895486353914,1691,0.4868354343659213,0.7970031731362338,0.23700874015425527,-8.611236813671505,45.60378557790422,1691,0.3697676399695209,0.38048194565994453,0.13672810756862921,-13.385105714683428,44.85290178963039,inflation
EQNR,1691,1691,0.31258584109060933,0.6763800799763983,0.09770990805032367,70.97953305916005,93.86962753116161,1691,0.22606681956249453,0.4823946367996696,0.05110620690710146,-41.64100043066396,28.415327960763637,1691,0.20981556943675606,0.28140424277544,0.0440225731780702,-35.44483321368579,32.19049100042094,inflation
EQT,1691,1691,0.17067538762972245,0.49686184065672806,0.029130087942556015,59.585954265218945,86.78848044116513,1691,0.25253750550449267,0.7249946006110501,0.06377519168643166,-23.463875945677536,37.8745762143885,1691,0.18615972961277394,0.3359092073545654,0.0346554449295011,-27.25283964568648,36.89274254660437,inflation
EQX,1691,1691,0.03464488545030464,0.11612088212111468,0.0012002680878647302,-11.471730830574982,42.625892975184485,1691,0.27050234810916074,0.8941005783723154,0.07317152033256957,-5.922704026066622,47.00287920775586,1691,0.4136416771266147,0.8593437239508317,0.17109943705611858,66.62403285381139,90.77860869108146,liquidity
ERII,1691,1691,0.07104032902875954,0.17883037944132527,0.005046728348514415,10.547990006899907,56.31122266402097,1691,0.4601765471735729,1.1423651739708833,0.21176245456859158,24.506005690537325,62.83776659517414,1691,0.35252311980017287,0.5500413778877399,0.12427254999364704,24.458864266726778,66.57555878168971,growth
ERO,1691,1691,0.11981059600039798,0.40678757443010694,0.01435457891397058,53.40846192679625,82.94914842031149,1691,0.40372935738679894,1.351782813156698,0.16299739401595761,40.908498020246554,71.37350870625717,1691,0.40588555199444004,0.8541761971778333,0.1647430813178313,66.12706977513932,90.4933490182455,liquidity
ESI,1691,1691,0.08557192159642207,0.18657835277080906,0.0073225537657042065,14.77732428102655,58.93976797269783,1691,0.6272514769834481,1.3487013816591873,0.3934444153779171,48.39352415756032,75.26866387649336,1691,0.43111115186018534,0.5826270576984106,0.18585682525821579,33.52340896211429,71.77865970645576,growth
ESLT,1691,1691,0.08156402637591677,0.15214244302876836,0.006652690398651246,1.6708727531657628,50.794064785386304,1691,0.3049449645342105,0.560941195136534,0.0929914313947709,-35.38503552144141,31.670888277313118,1691,0.22546093863242983,0.2606720471180946,0.05083263484901629,-38.50522447657268,30.43380876814342,liquidity
ESTC,1691,1691,0.07718538611539379,0.2516151884011877,0.005957583829782424,31.057949919069138,69.05823091969161,1691,0.4652392723729747,1.495623497894818,0.21644758055813493,51.96854365707839,77.12907898150199,1691,0.29806287136564663,0.6022559171191141,0.08884147528673401,31.910951581925996,70.85309987218491,growth
ET,1691,1691,0.2330807937819747,0.43586252098910944,0.05432665643003541,58.72591104342722,86.25396072024125,1691,0.3806092444330736,0.701885887396647,0.14486339694791517,-21.01085337459091,39.15111197728206,1691,0.2604397945760468,0.30187128587838036,0.06782888659881346,-30.40325419764409,35.08438642729171,inflation
ETHD,576,576,-0.14001007843528676,-1.1338505935928767,0.01960282206345515,-69.22385664809714,6.732754825182878,576,-0.5056414597333313,-4.116666864254545,0.2556732858012541,-82.13370434305168,7.343208490812833,576,-0.32416725904021043,-1.6770566291675368,0.1050844118336429,-75.78210731879244,9.03666306401962,growth
ETN,1691,1691,0.1380643103128563,0.2616025394783412,0.019061753782164678,35.21820055739403,71.64384051910002,1691,0.6510240040056979,1.2164707461374573,0.423832253791611,38.06337700056369,69.8929276573121,1691,0.3560093732980852,0.418112722807913,0.12674267387609536,-3.8319529406381405,50.33646656904608,growth
EU,1691,1691,0.12877342668873512,0.6040563687788253,0.01658259542115904,62.17836221511182,88.39967059857466,1691,0.34302674268629085,1.5868041743846375,0.1176673461979668,52.31382844848679,77.30876276827647,1691,0.2969777807196551,0.8634686916553426,0.08819580224117154,62.766295178613774,88.56424502033478,liquidity
EVEX,1098,1098,-0.0062846159842886405,-0.027159862458105314,3.9496398069976276e-05,-48.42030848052556,19.662229157404035,1098,0.3213038692510586,1.376647818537813,0.10323617639570135,39.827595527863366,70.8110146208005,1098,0.1999300898434968,0.5158096049718138,0.039972040824828706,12.804144644956034,59.88568251324556,inflation
EVGO,1466,1466,0.019708818453200543,0.09196620368351119,0.0003884375248212182,-19.09770219542159,37.88632642500655,1466,0.37497633144180914,1.7666202562821394,0.1406072491415575,62.00101461867668,82.34990659378049,1466,0.33706208294249157,0.9694988673210799,0.11361084775753107,69.01746778590135,92.15245414355756,liquidity
EW,1691,1691,0.028960304493317532,0.05150215305444973,0.0008386992363456676,-30.048835136315848,31.080160903264108,1691,0.5030267205700778,0.8821805053942244,0.25303588160748713,1.4264035634045906,50.827303317786296,1691,0.36563985050398734,0.4030391244254907,0.13369250027657822,-7.892110869827923,48.00591250527572,inflation
EWC,1691,1691,0.1721859856548768,0.1847807989251955,0.02964801365594144,17.13232042593457,60.403405904208554,1691,0.7427205990147776,0.7860110442960219,0.5516338882008701,-0.5572508471454074,49.795023457773866,1691,0.6310753164024547,0.4197702498489751,0.39825605497245836,5.908104417537782,55.927315657515706,inflation
EWG,1691,1691,0.09343430491908382,0.1170959991245328,0.00872996933571233,-8.8503544015528,44.25508713865723,1691,0.6822002198677403,0.8431244667545362,0.46539713998759313,2.9620033588574652,51.62641869466573,1691,0.6723629245904824,0.5222889981332037,0.45207190236386674,30.57953670585335,70.08886005587446,liquidity
EWJ,1691,1691,0.05116493593682798,0.05631344989777955,0.002617850669419711,-27.693182142471212,32.54420706857214,1691,0.6792935727955288,0.7372950950722134,0.46143975804131443,-7.174421396215469,46.351494256445655,1691,0.5781584806431451,0.39441917688046857,0.33426722873959,-3.1599432035090027,50.72220403322204,inflation
EWM,1691,1691,0.03901358894704271,0.034986796938561125,0.001522060122528813,-33.98144546230884,28.636030514592548,1691,0.4812499301138015,0.4256014508903636,0.23160149523453885,-35.19007725087385,31.77234319565948,1691,0.48424728433457614,0.2691701502930472,0.23449543238541184,-28.094710182721748,36.40950400380029,growth
EWT,1691,1691,0.08207097091878496,0.11584552176137619,0.006735644267552046,-10.150065887747129,43.44731213005378,1691,0.6714560046636464,0.9346551008902032,0.45085316619886673,11.38040508950689,56.00729598550075,1691,0.5249017548914823,0.45923938430506334,0.27552185228815773,11.324727076015412,59.03648829778905,growth
EWTX,1381,1381,-0.012819523281612294,-0.05657918022613542,0.00016434017716779963,-52.257009420667366,17.27770677081911,1381,0.26529320711840354,1.177380929666884,0.07038048574316816,20.954819924772917,60.98975439825875,1381,0.19652075534474356,0.531419754108162,0.03862040728126855,15.954549073666191,61.6940328217558,inflation
EWW,1691,1691,0.0931596106565231,0.136066682751612,0.008678713057674974,-3.1097518750702635,47.82289068927166,1691,0.5499239342851762,0.7920833674814851,0.3024163334996868,-6.8541367145895205,46.51816816121181,1691,0.5246207515926526,0.4749424848384397,0.27522693300163975,14.58462309672289,60.90768741147593,liquidity
EWY,1691,1691,0.04235014804356345,0.07944392384240417,0.001793535039311741,-22.47698159210928,35.78609304803942,1691,0.6040762975730622,1.1174849653921546,0.36490817328957886,27.06201126501382,64.16789399164942,1691,0.5252064089418369,0.6106708549086757,0.27584177199358,41.77771433898337,76.51667859024403,liquidity
EWZ,1691,1691,0.12065425541904873,0.22442522726257574,0.01455744935072505,25.588900674272086,65.65919863622362,1691,0.46079988810112593,0.8452506911531109,0.2123365368740102,-4.561509553928072,47.71123527606883,1691,0.4603007536298266,0.5306915081330444,0.2118767837921863,24.96135031459813,66.86398867069362,inflation
EXC,1691,1691,0.00728467018938411,0.010057723035636835,5.306641976810153e-05,-41.180422493068,24.16184236227817,1691,0.326823089890959,0.44498630937766426,0.10681333208587386,-39.467523163443495,29.546390305703273,1691,0.2720436310434748,0.23280899899220026,0.07400773719131824,-40.14456137835263,29.492819933481417,inflation
EXE,1412,1412,0.2234975115137569,0.45255672491502463,0.0499511376528419,59.06699226117751,86.4659438307464,1412,0.27970001659515153,0.5687371503729759,0.07823209928332804,-35.930360650739516,31.387104899957063,1412,0.20965445332996424,0.2597864330823427,0.043954989801086156,-39.171200811681956,30.051534511517758,inflation
EXEL,1691,1691,0.047269390761795406,0.10039538104640369,0.002234395302991309,-15.8780951741611,39.887322889932456,1691,0.3197649293177719,0.6697437932202732,0.10224961002159966,-25.282642044563154,36.92810307674531,1691,0.23113069149090174,0.30427254620022043,0.053421396549062396,-31.090824757055213,34.68971696139627,liquidity
EXK,1691,1691,0.08267366269146241,0.35102680889626503,0.0068349345028217035,46.696700483880285,78.77776637523107,1691,0.34669895361327535,1.4516762716929752,0.12020016443654005,45.00089876241434,73.50316538575329,1691,0.41072892046157583,1.0809355835735641,0.16869824610353149,75.6547836818967,95.96231174114773,liquidity
EXP,1691,1691,0.051915085664933386,0.10982499785565913,0.002695176119597372,-13.122260813522649,41.6000831048111,1691,0.58234927857057,1.2148853921507279,0.33913068225166326,35.43426291128825,68.52475510185094,1691,0.4322834689803842,0.5668232802139183,0.1868689975537148,31.309453070861586,70.50783625836466,growth
EZA,1691,1691,0.0656818332250802,0.11822120120855815,0.004314103215807249,-9.48344286227397,43.86162055608267,1691,0.5655396747294162,1.0038234100253463,0.31983512369305395,14.325545163664863,57.53992624977437,1691,0.6282180187334904,0.7008610314108792,0.39465787906143207,57.89829847874242,85.76998684388745,liquidity
F,1691,1691,0.11046726602085898,0.2647846672593442,0.012203016862123224,35.154298803357996,71.6041253665723,1691,0.5018239374373982,1.1861913176714465,0.2518272641851737,30.02264093259861,65.70858493183981,1691,0.40114183741454,0.5959757782135294,0.16091477372431326,34.61672059745339,72.40622688959128,inflation
FAF,1691,1691,-0.005415920501874294,-0.009546925108474841,2.9332194882622307e-05,-45.232922351997516,21.643200230402098,1691,0.4499456526906584,0.7821596984804545,0.20245109037522258,-11.142622017058528,44.286470450081445,1691,0.4090323277827762,0.44691022504549605,0.16730744517139648,4.9015607872280444,55.34955380960438,inflation
FANG,1691,1691,0.33456905404448206,0.9407502684521883,0.11193645192421955,75.24417534775807,96.52011688818793,1691,0.31305621363441216,0.8680706057115638,0.09800419289511471,-6.913804422188459,46.48711750414174,1691,0.18709455676321818,0.32607774400555706,0.03500437317042507,-28.573112889696727,36.13489809134462,inflation
FANUY,1691,1691,0.060679374947097554,0.11951134922304132,0.0036819865439704502,-8.643784756296514,44.383470859772686,1691,0.4599365599068319,0.8933263067395758,0.2115416391389308,0.48199468780589505,50.33583955438448,1691,0.37886195755700725,0.4625093027385705,0.14353638288392756,6.5515822178777325,56.296675625448664,inflation
FAST,1691,1691,0.07902566591104714,0.11706733823020893,0.006245055872684437,-9.467406116357067,43.871587446972384,1691,0.5523716480151655,0.8069434462384409,0.3051144375309899,-5.189975840718125,47.38418582274682,1691,0.3422511341830431,0.3142562316130101,0.11713583884957937,-25.284870320939547,38.02236828706901,liquidity
FATE,1691,1691,-0.010412476733871332,-0.05278097828244739,0.00010841967173341181,-51.721765393404496,17.610362712787577,1691,0.3759927102411789,1.8795200208510363,0.14137051815450713,64.96807096425219,83.89394193217923,1691,0.3000234496776226,0.9426490070141597,0.09001407035646096,66.5936221264011,90.76115275818812,liquidity
FBIN,1691,1691,-0.013197102885632457,-0.029813404303151644,0.0001741635245739685,-49.22599226968751,19.16149400453746,1691,0.561737128344025,1.2514405891673763,0.31554860136019164,38.65906488666359,70.20291946052333,1691,0.45080683228576063,0.6312405349496049,0.2032268000355219,41.9924628940953,76.63994549920015,inflation
FBTC,678,678,0.12293681865875795,0.3557612878599857,0.015113461381936338,48.66965769035055,80.00396583669561,678,0.4254169821877357,1.2159426364833115,0.18097960873372024,30.054381887412028,65.72510270238351,678,0.313159804452218,0.5648215228599766,0.09806906312455144,26.576378064760842,67.7910239121515,inflation
FCEL,1691,1691,0.05101173944257412,0.32535047750754886,0.0026021975609570717,41.86780463591074,75.77659155560991,1691,0.356631284963102,2.2430806759010062,0.12718587341443324,71.95737684708237,87.53112775443721,1691,0.2891269845701865,1.1429871954153032,0.08359441320664886,72.41346007140493,94.10177329802026,liquidity
FCX,1691,1691,0.18523068142351207,0.5290868957100556,0.03431040534061862,61.56113109180037,88.01605940390628,1691,0.550350920236851,1.5502363556109378,0.30288613540554865,57.87893441991163,80.20480493297184,1691,0.46811614831431736,0.8287797407565627,0.21913272831263197,66.72664975301325,90.8375113829514,liquidity
FERG,1691,1691,0.009469866834068544,0.016573494343223503,8.967837785499139e-05,-38.961702969567355,25.540783920632933,1691,0.47173479685892983,0.8141646929137841,0.2225337185675358,-7.335769534048476,46.267529815739806,1691,0.36836470732072135,0.3995946354594614,0.1356925575994807,-8.924234376472063,47.41346766084513,inflation
FETH,546,546,0.12428202956563307,0.515263104701701,0.015446022872952892,59.089680228205665,86.48004447766382,546,0.5243458222812599,2.1576805621997015,0.2749385413438106,76.81264150751106,90.05777347323506,546,0.34542123526429924,0.9016190950384133,0.11931582977151436,66.60405372861301,90.76714055801034,growth
FICO,1691,1691,0.023099890207686862,0.053321315906563034,0.0005336049276071874,-29.351954840129054,31.513274323609537,1691,0.47485285432349655,1.0809214514751153,0.22548523325917183,18.141966119882657,59.52596498186414,1691,0.34845380783354535,0.49854869110786776,0.12142005619369735,13.379751444165416,60.216084135159555,inflation
FIG,290,290,0.048603176529460744,0.2354514169003614,0.0023622687687539236,26.562342748348993,66.26419612075372,290,0.21272568249180004,1.0599766340033638,0.045252215991602125,7.163525513405544,53.81286139278344,290,0.12906647303369928,0.39395288842825565,0.016658154461358623,-18.990912819362592,41.63513618632788,inflation
FIP,1050,1050,0.04287247035364611,0.15808866761794882,0.0018380487142242645,2.007908535231035,51.00353364416712,1050,0.37228772137542004,1.3668357047034791,0.13859814748690238,41.04828360460111,71.44625214517569,1050,0.2537620660095227,0.5651636399065469,0.06439518614542136,24.61020656878949,66.66243013577102,growth
FIS,1691,1691,0.12826855772907908,0.236210691825982,0.016452822901898093,29.46338043985862,68.06720068839034,1691,0.4790208364034615,0.8699171336507516,0.2294609617086718,-0.8795439262257676,49.62730439704101,1691,0.3159205924285455,0.3606024705742897,0.09980582072040314,-18.20123546621513,42.0884155406146,inflation
FISV,1689,1689,0.11272108368846354,0.1998471747563557,0.012706042707901601,19.67377218755242,61.98292662123881,1689,0.5134324078906517,0.8980534778166854,0.26361283747239256,2.8053467653315263,51.54489570075362,1689,0.30797961324083434,0.3380907659072114,0.0948514421719739,-22.87639436918138,39.404847371566916,liquidity
FIX,1691,1691,0.0882150578566417,0.2323963944046859,0.007781896432650643,27.046763798616453,66.56526541359598,1691,0.5698765744741854,1.4805108940166596,0.32475931013443177,54.72885443443691,78.56552537442607,1691,0.3377858603959217,0.5515686213495037,0.1140992874834131,24.50680693519291,66.60307814984495,growth
FLAU,1691,1691,0.09638008885840817,0.11896392993595542,0.009289121528354654,-7.845257167492571,44.879758410331235,1691,0.7099272411993386,0.8641436862292974,0.5039966877969039,6.751182843537992,53.59828115579043,1691,0.6648025935082059,0.5086184473840872,0.4419624883352369,27.04519398180715,68.06012695190704,liquidity
FLNC,1231,1231,0.00992809505831981,0.054001886315482146,9.856707148703424e-05,-29.700218320833915,31.296827412806,1231,0.43227942838372657,2.335310860556096,0.18686550420376138,75.5070566629881,89.37835626559514,1231,0.34933560291438837,1.1450481645728472,0.12203536346355923,74.63351106297496,95.37609536884017,growth
FLO,1691,1691,-0.01976483624449183,-0.02904709880185633,0.00039064875177157794,-49.11761488867864,19.228850907055264,1691,0.18984691915143637,0.275142218731173,0.03604185271129202,-51.13939946022879,23.472427640811834,1691,0.18045683670688467,0.16438201671509622,0.03256466991425524,-51.468052345788095,22.993070822616154,liquidity
FLSA,1691,1691,0.1324948810063976,0.13010028401282175,0.017554893492899463,-3.1987589566234353,47.767572492247865,1691,0.41625948732980655,0.4030764547104376,0.17327196079207338,-37.91574014640561,30.353927317734215,1691,0.32317312220796784,0.19669159487408458,0.10444086691764612,-43.090501867560675,27.801833105262258,liquidity
FMET,1111,1111,0.03366115121062182,0.04842753460011676,0.0011330731008243468,-30.448052248825114,30.832046140936303,1111,0.8245105079495649,1.1674961276681253,0.6798175777192496,39.06168391006478,70.41243958000808,1111,0.5603488738170946,0.48117116419229294,0.31399086038808627,17.41359826790013,62.53153547267887,growth
FMQQ,1253,1253,-0.004266624311899294,-0.00615549064376408,1.8204083018890123e-05,-44.51620088821049,22.08864500235842,1253,0.6691399832425844,0.959588346918543,0.44774831717388613,13.667080679752374,57.19726594480326,1253,0.5649815297789714,0.4927806055583275,0.3192041289913868,19.94347756654847,63.98370077834963,inflation
FND,1691,1691,-0.03316691631326513,-0.09284758491154553,0.0011000443377311324,-56.68989671103366,14.522652585987192,1691,0.5231480979404513,1.444223166606326,0.27368393237871197,50.50012271672759,76.36492301023866,1691,0.4278600100163662,0.7424011505930923,0.18306418817120498,55.959488902177334,84.65709896702542,inflation
FNF,1691,1691,0.0383770017154268,0.06762095581154387,0.0014727942606658716,-25.209276752622685,34.08796252427723,1691,0.46190875609772736,0.8026211475850354,0.2133596989597498,-8.807174455920395,45.50182100139528,1691,0.4029455325714286,0.44007635146707785,0.16236510221927225,2.8845333624631433,54.19176843684175,inflation
FNV,1691,1691,0.028708281340167653,0.0542891661114231,0.0008241654175062183,-28.81741310192328,31.84549379059478,1691,0.2871939418807488,0.5355812834642862,0.08248036025300293,-37.359313508588365,30.64348784235902,1691,0.3855217733642165,0.45188331998525905,0.14862703773789032,4.755187479716358,55.26553468704848,growth
FOUR,1584,1584,0.05794122891886017,0.19847101113716598,0.0033571860086277585,17.192730523001387,60.44095098032446,1584,0.4541220800198838,1.5638058021583046,0.20622686356158573,55.300170458978684,78.86283423160413,1584,0.29086364858630115,0.612511044846349,0.08460166206893528,33.80121642558559,71.93812279243183,growth
FPI,1691,1691,0.1007706808961714,0.18155975751634362,0.010154730128278004,12.941544516535128,57.79882474736853,1691,0.3528531599978394,0.626936495586133,0.12450535252046084,-27.84528250501925,35.59452293208274,1691,0.285498750584887,0.31883136287764946,0.0815095365855315,-26.820206348783078,37.14107655375512,growth
FROG,1513,1513,0.0158296029250334,0.04967056415106515,0.00025057632876422593,-30.84665773977474,30.584311503440702,1513,0.3994530194546491,1.2589738886912067,0.1595627147514363,33.54286782315036,67.54048634695738,1513,0.26843033081762185,0.5165972753190624,0.0720548425028579,15.427151778096388,61.39130373292526,growth
FSLR,1691,1691,0.05592654703034472,0.175325070456465,0.0031277786627373597,8.89151414172555,55.28171740808098,1691,0.37601874969102655,1.1624643864946362,0.1413901001192029,22.80072562340102,61.9503507934986,1691,0.2810593370123511,0.5461292731850658,0.07899435092182235,21.619383820584066,64.94568063207917,growth
FSLY,1691,1691,0.04651514631453351,0.2143825769498669,0.0021636588366624604,20.400796816585427,62.43477484464079,1691,0.39913931053515983,1.8141105051289674,0.15931218921448276,63.97421238217379,83.37674488791403,1691,0.2799536393041464,0.7997470296883208,0.0783740401596361,57.32222819958268,85.43931918180937,growth
FSM,1691,1691,0.03776706341870323,0.13869615898609772,0.0014263510792723517,-4.371994931256056,47.03840243445471,1691,0.2930439512785491,1.061275449601687,0.08587475738094466,10.200163619987727,55.39310659219896,1691,0.41472179011129884,0.9440163007785242,0.17199416319312022,70.72081339110274,93.130184343082,liquidity
FTAI,1691,1691,0.10289931368523159,0.33273364127840965,0.010588268756891688,44.02211778297269,77.11550433693647,1691,0.43812859195967385,1.3971079705166412,0.1919566630925664,45.26945301694071,73.64291913862164,1691,0.31658281230264845,0.6345166022487517,0.10022467704545394,37.97111829182427,74.33167050889357,growth
FTDR,1691,1691,0.023288404131458048,0.04642016793115072,0.0005423497669901123,-31.487594493733752,30.18596718053295,1691,0.4218181212501156,0.8291561974246068,0.17793052741497722,-7.391612937512221,46.23846929975296,1691,0.3032542380547833,0.37466685934111266,0.09196313289818718,-16.72781892740609,42.93416513017135,inflation
FTNT,1691,1691,0.09666633304105628,0.2238492986342591,0.009344379943604408,24.636574041519367,65.06732446865925,1691,0.550070368092851,1.2561539952314233,0.30257740985380466,38.58897632644147,70.16644586474486,1691,0.3273496165184541,0.4698548918087536,0.10715777143477898,6.7781385729420744,56.426720279665744,growth
FTV,1691,1691,0.11341185049568202,0.18060473341446542,0.01286224783285493,12.594740005857108,57.58328459128593,1691,0.5887042671683381,0.9245108562587342,0.34657271418221003,8.033096879079169,54.26538024024714,1691,0.4048589774799068,0.3996187787289667,0.16391079164607567,-7.534185571377591,48.21136369051966,inflation
FUBO,1691,1691,0.01595064623412283,0.09101144123249884,0.00025442311528613685,-19.68023562118124,37.524279964693555,1691,0.2815274609652185,1.5841000663104334,0.07925771127752264,49.823105539680306,76.01260801371937,1691,0.24947690831847952,0.8823065122324102,0.06223872778414703,62.344007489325435,88.32184945161178,liquidity
FXI,1691,1691,0.06874233287901219,0.11739335355484685,0.00472550832964892,-9.601824073432317,43.78804623987661,1691,0.43783706249182464,0.7373537680510123,0.19170129329146995,-15.512649907322132,42.01233854745786,1691,0.41758249698626504,0.442010872504532,0.17437514178928404,4.073323214120313,54.87414066670756,growth
FXY,1691,1691,-0.2795009951422627,-0.15828472006983715,0.07812080628551514,-68.35582190716913,7.272241301811881,1691,-0.05872052862022808,-0.032793647976536874,0.003448100481439025,-65.13847955981727,16.187404418697625,1691,0.4537554969835302,0.15927549222960277,0.20589405104277048,-42.12809793515147,28.354258512052393,inflation
GBDC,1691,1691,0.12756319833274254,0.14317963511274562,0.01627236956887861,0.8003580821490268,50.25303702396445,1691,0.43321239006950857,0.479513524419432,0.18767297490973606,-34.72915351148741,32.01220468092612,1691,0.33846049684896296,0.2354698255101274,0.11455550792724686,-37.256224327545624,31.15074205589503,liquidity
GD,1691,1691,0.1387762731876957,0.18695539890637278,0.019258853999865946,16.75222593624411,60.16717591552172,1691,0.45465752416657007,0.6040199921315477,0.20671346428127524,-26.424367400050365,36.33395719938545,1691,0.2708888710812404,0.22619623752659473,0.07338078047566887,-40.97422342369171,29.016589135309758,liquidity
GDRX,1508,1508,0.033189180570443594,0.1242165497588122,0.0011015217069375105,-8.47844806424957,44.48622816341993,1508,0.3862808375480404,1.4544623219869015,0.14921288545681557,46.83726209822304,74.45879600222493,1508,0.3114388391640426,0.7170106860826331,0.09699415053984638,49.29151288331738,80.82964228211301,liquidity
GDX,1691,1691,0.01755165481109239,0.04053447195842035,0.00030806058660774266,-32.92862356469936,29.290362823287904,1691,0.3127459870103661,0.7122662010996497,0.09781005239108809,-22.258573889155837,38.501806961620275,1691,0.46629374979897287,0.667478786379455,0.2174298611015871,48.059223133683915,80.12230085997186,liquidity
GDXY,588,588,-0.05976579589503801,-0.1156815591984816,0.0035719503589673423,-58.86110034114853,13.173242313303286,588,0.3658317173878178,0.7140283132613906,0.13383284544692017,-20.17507462689906,39.586045383060885,588,0.465811932275012,0.5743207556922238,0.21698075624978036,33.49769343188041,71.76389884381598,inflation
GE,1691,1691,0.12309982268356745,0.2632910708264437,0.015153566344725748,34.8071928398919,71.38839785657997,1691,0.524839913777701,1.1070052964919974,0.2754569350941846,22.710246938854407,61.9032663198518,1691,0.31516556105512544,0.41781966931911874,0.09932933087519201,-5.4869850681877,49.38646858428768,inflation
GENB,145,145,-0.08327907121121504,-0.39728678667816886,0.006935403701802626,-64.98328440479494,9.36828456905471,145,0.21784252545122398,1.122324204147571,0.04745536589496717,14.220325337887374,57.485170589490785,145,0.17645321953842039,0.5002480628781183,0.031135738685473983,8.148976300496921,57.213589040054146,inflation
GENI,1500,1500,0.06409952744446391,0.2508657714305274,0.0041087494186035824,30.261696817017647,68.56335697020957,1500,0.3724804924114282,1.4686072545111224,0.13874171722706002,47.03074611557951,74.55948372952717,1500,0.28967229705726877,0.6979058635875968,0.08391003968243456,45.7109501715057,78.77437863864618,growth
GEV,626,626,0.04966417460906378,0.15112469131803413,0.002466530239599575,0.10338054323397079,49.819863166940195,626,0.5556562631059048,1.6946954545597899,0.3087538827288185,64.71683304218455,83.76319947742375,626,0.2512480047721328,0.47794167408208155,0.06312555990197768,5.693073055142599,55.803886415548234,growth
GFI,1691,1691,-0.005698538855358763,-0.018940550676138528,3.2473345086033566e-05,-47.27230228578318,20.37571882313759,1691,0.20415276001689223,0.6691577052714426,0.04167834942251479,-29.441817319616923,34.76369739808213,1691,0.3556738632976216,0.7327443231422223,0.1265038970330552,52.64372832036038,82.75383327312538,liquidity
GFS,1231,1231,0.033608175827479235,0.10185611123408224,0.0011295094824507596,-15.905240298770229,39.870452104763906,1231,0.5567973002839989,1.6760092009992287,0.3100232336035496,63.40377714914204,83.07989438846796,1231,0.35147552821609773,0.6419114831533531,0.12353504693478491,40.770854242116755,75.93873508870418,growth
GGAL,1691,1691,0.08471321726811834,0.286576349097462,0.007176329179915423,38.65013172840842,73.77679714881324,1691,0.3684188625099064,1.2290658927312912,0.13573245825309332,29.75068794153276,65.56706250028401,1691,0.3059950875963699,0.6416157951725545,0.09363299363311009,38.95354012138032,74.8955863040768,liquidity
GH,1691,1691,0.017262137922408632,0.06368189177461625,0.0002979814056522582,-26.850291781562184,33.06806622944538,1691,0.39097160855026725,1.4223639451185968,0.15285879869238342,44.40820404427236,73.19473120618062,1691,0.31433347477021695,0.718759222355667,0.09880553336111861,49.61832382857945,81.01723364920971,liquidity
GILD,1691,1691,0.0022619897576106524,0.0033839805128776136,5.116597663535498e-06,-42.934707201501844,23.071548585158936,1691,0.26821362407325183,0.3956964859953508,0.07193854813850765,-43.322844059430984,27.540108317446304,1691,0.2105498083579636,0.19523761440833207,0.0443312217995752,-47.48331525040276,25.28033289287755,liquidity
GILT,1691,1691,0.05729007404452201,0.1664814878034186,0.0032821525840268143,4.880261004394354,52.78871025077261,1691,0.38527794797346426,1.104090967208626,0.14843909719464343,17.600079436660142,59.24397094775997,1691,0.29758152506332625,0.5359989668679465,0.08855476405901506,20.506420159523444,64.30683307285845,liquidity
GIS,1691,1691,-0.05005598111798372,-0.06587054202575247,0.0025056012456839425,-54.01128284303229,16.187420008029225,1691,0.10057748715139006,0.1305209360479806,0.010115830921688032,-56.744315269736035,20.55566871524103,1691,0.12194529626565978,0.09946533157604198,0.014870655281319537,-57.3494341450124,19.617123755576184,liquidity
GLCR,376,376,0.040308253098210275,0.03731668235265066,0.0016247552678293783,-33.25963611988008,29.084637420035612,376,0.5192344532979168,0.5154168457705582,0.2696044174915866,-30.02714105564837,34.459099025967014,376,0.507772047573988,0.3119391092227652,0.2578324522974803,-20.16813444939438,40.9594041823818,inflation
GLD,1691,1691,-0.01683938307621818,-0.017808076600619383,0.00028356482238762326,-47.3239837849443,20.343598599631864,1691,0.16259881470278134,0.1695713015345432,0.026438374542749422,-54.12257140734542,21.92000585625878,1691,0.41020852557444304,0.268885227761151,0.1682710344539585,-30.798816088849396,34.857331620779505,growth
GLW,1691,1691,0.0790213152933287,0.18412567643931047,0.006244368270687665,13.533308914711423,58.16660828772003,1691,0.556957448007752,1.2797827646440727,0.31020159889130783,40.521264366307754,71.17199502526815,1691,0.35417868285806287,0.5115215587513152,0.12544253939107228,16.84985320619005,62.20794255648876,growth
GLXY,341,341,-0.015242043139000133,-0.08375314841180362,0.00023231987905114102,-54.59678460613561,15.823528716191085,341,0.5151601434595735,2.983923551786801,0.2653899734092884,82.01586087537822,92.76549238440703,341,0.35093494250714297,1.2178144229265766,0.12315533387249174,75.47873339538226,95.86125786151551,growth
GM,1691,1691,0.15082886228751452,0.3535752542660955,0.02274934569894602,49.53312986783405,80.54061666497897,1691,0.5071012234882141,1.1722930909566969,0.25715165086324365,28.741604400578392,65.04194249406862,1691,0.3799429290982062,0.5520611634338218,0.14435662937172455,26.09505368929585,67.51474094513512,inflation
GMAB,1691,1691,-0.0016396101341729305,-0.0033363482086114786,2.688321392082575e-06,-43.97325799389813,22.42608581578736,1691,0.3762591717214284,0.7550261819482106,0.14157096430449537,-16.65313193857915,41.41883968731807,1691,0.3468155696649791,0.4374221648489957,0.12028103936204398,0.1307392140765251,52.611074716243,inflation
GNRC,1691,1691,0.028668980390051033,0.08474315343269552,0.0008219104366051307,-21.377331566660445,36.46952919383256,1691,0.5283912193441649,1.5402531479334023,0.27919728068001337,56.54659814105272,79.51146646629377,1691,0.357868120961185,0.6556722581172072,0.12806959200028933,42.57308588151658,76.97322644207303,growth
GNTX,1691,1691,0.09581759666836495,0.14892982076245176,0.009181011831301463,1.042254218171609,50.40337627650805,1691,0.5580458612385176,0.8553629298796085,0.3114151832454389,0.646089098248373,50.421233136119014,1691,0.39150426226272494,0.3771762258004829,0.1532755873698805,-12.962571982990232,45.09543858811255,liquidity
GOOGL,1691,1691,0.10661735067905953,0.19766795549863944,0.011367259465821556,18.783645435085383,61.42970988600969,1691,0.6751019532526739,1.2343032942902026,0.4557626472855754,40.93559351562155,71.38760901224994,1691,0.4213361311678754,0.48418185444003176,0.17752413542751308,13.337397721838343,60.19177285431614,growth
GOP,911,911,0.04495165872985142,0.03991085811730973,0.0020206516225650274,-32.082372777065785,29.816310500539707,911,0.8314326879242578,0.7317370217186043,0.6912803145489563,-2.3005497648018904,48.88782291260467,911,0.47144918919418655,0.25679797604678345,0.2222643379918559,-30.346633105003125,35.116887260966394,inflation
GPN,1691,1691,0.10536577475831829,0.22458611323852118,0.011101946490420664,25.166553200669505,65.39670827759649,1691,0.5578891350284689,1.1726688194048651,0.31124028698281325,30.744680003533276,66.08432900656565,1691,0.3736389601888877,0.49363609908655876,0.13960607257103322,13.359236980418526,60.20430871467464,growth
GPOR,1345,1345,0.2501777235138683,0.5719584565021082,0.06258889334258153,64.7362723611467,89.9894202562239,1345,0.27203815053789226,0.6236777524017295,0.07400475534807693,-30.899306535163362,34.00523021983168,1345,0.17262956053000544,0.2410990694734207,0.029800965168782813,-42.72205905014018,28.013321407043097,inflation
GPRE,1691,1691,0.1754825186536493,0.6645205697052771,0.030794114353028375,65.8426687252975,90.67704927394352,1691,0.3202183938893452,1.1958177193057145,0.10253981978507183,24.568441704600627,62.870257859536636,1691,0.22472922656668787,0.5274794556840374,0.050503225273261725,16.265349469296346,61.87243404104083,inflation
GPUS,1691,1691,0.07332966781211553,0.5698429389816163,0.0053772401814352125,58.433841062062385,86.07243825605146,1691,0.2130622448425662,1.632774059357487,0.04539552017735363,49.79455931537012,75.9977527585509,1691,0.16564593662241336,0.7978617828605097,0.027438576319516586,53.09595990667605,83.01341681140995,inflation
GRBK,1691,1691,-0.028895829384379103,-0.07883710802871914,0.0008349689558111468,-54.51092037710895,15.876893619923546,1691,0.4622229575444021,1.2436299494685394,0.21365006248109417,34.27407411249293,67.92100097792755,1691,0.42768314522270146,0.7232510590615789,0.18291287270758233,54.036559692508334,83.55332651233394,inflation
GROY,1394,1394,0.02650960506038107,0.08800618173410601,0.0007027591604573816,-20.438165557492045,37.053223990096484,1394,0.2673805860662405,0.8940590156351771,0.07149237780512624,-6.144715047091823,46.887346227572294,1394,0.3252252509390536,0.6613772788975615,0.10577146384837037,42.10708152787988,76.70573725592716,liquidity
GS,1691,1691,0.15185937382363632,0.2702879100169733,0.02306126941810692,37.956014770731,73.34540115253608,1691,0.6495902511133268,1.1401674901160375,0.42196749434147496,30.79723727985976,66.11167944500916,1691,0.424180909828284,0.4679587338664951,0.1799294442627508,9.377988392125234,57.919049067600135,inflation
GSAT,1691,1691,0.056959851686814604,0.2573496336885052,0.0032444247041839166,31.477549709298707,69.31901358396978,1691,0.32862296563852517,1.4641877027868349,0.1079930535450593,45.270233979481944,73.64332554605755,1691,0.24877326729104968,0.6966743759823154,0.061888138518664045,43.94123608111909,77.75855254591949,growth
GSK,1691,1691,-0.034133420619608175,-0.0475309617431591,0.0011650904031950925,-51.762752982744395,17.584888789779775,1691,0.2840880681130237,0.39011614382497195,0.08070603044418997,-43.44373461517688,27.477197719058555,1691,0.3079505623120893,0.2657964728206753,0.09483354882833199,-34.94159155064669,32.47935461688829,inflation
GSM,1691,1691,0.12051426510117265,0.477550609637401,0.01452368809287572,56.70282148148986,84.99660383322582,1691,0.3450066586747838,1.3481945400316986,0.11902959452993878,38.402206167234084,70.06925198219369,1691,0.27291714002701034,0.6703215493124377,0.07448376532052277,41.629289840234165,76.43148207208985,inflation
GTLB,1241,1241,0.018943941669777673,0.07853796869360347,0.0003588729259879389,-23.40894816471476,35.20687272552858,1241,0.4282204777779961,1.7730247512047843,0.18337277758841525,64.09005843948918,83.4370303646546,1241,0.3054281475897801,0.7668568786613317,0.0932863533401245,54.15485940675245,83.62123123047124,growth
HAL,1691,1691,0.32366147819812535,0.8800577615431938,0.10475675246939557,74.07316474647473,95.79232990732797,1691,0.37336047805361394,1.0011350075978829,0.13939804657242313,7.486523930488802,53.98094750647221,1691,0.25299070295367976,0.4263793356704335,0.06400429578099703,-5.520867460801606,49.36701989554852,inflation
HALO,1691,1691,0.055007787591250294,0.12434776820945469,0.0030258566956841097,-7.602047468998345,45.03091404631693,1691,0.38160070902050514,0.850681777300164,0.14561910112495222,-6.093237976996976,46.91413453425956,1691,0.29780703247565016,0.41727290813621043,0.08868902859195295,-6.320032267515298,48.908294688206524,inflation
HBAN,1691,1691,0.19719346955091205,0.4182885966296829,0.038885264433526474,56.45511054963318,84.84265066574433,1691,0.5273216378841564,1.1030703951056375,0.2780681097808294,22.346109884488403,61.71377194749182,1691,0.3550275361412186,0.4667850710676269,0.1260445514185043,6.619372264508999,56.33558750311821,inflation
HBM,1691,1691,0.1413338301296533,0.49915885010731326,0.019975251539117698,58.89724780128548,86.36044708473305,1691,0.48725278331063443,1.6970362354918673,0.23741527484396008,62.660959297919035,82.69333718203269,1691,0.47696770899619206,1.0441263303823831,0.22749819542507616,76.73289843585545,96.58115582673992,liquidity
HCA,1691,1691,0.07157291732209553,0.1352878312391701,0.005122682493995522,-4.090784840821193,47.21317544033583,1691,0.39975783290199723,0.7451627508229998,0.15980632496650113,-16.507174894397146,41.494794710700525,1691,0.3154207392660708,0.3695487036917155,0.0994902427591546,-16.978487482148928,42.790279934298695,liquidity
HCAT,1691,1691,0.036343113908058174,0.12990338403618915,0.0013208219285340914,-6.676820154588306,45.605945897459605,1691,0.38279583574554993,1.349303584156739,0.14653265186413403,40.06307541327985,70.93355670366567,1691,0.2801854302378127,0.6207479587941792,0.07850387531754822,34.442222929095344,72.3060642217338,growth
HCC,1691,1691,0.15174569028963247,0.48224333980961553,0.02302675452147706,58.13416941165492,85.88619132928551,1691,0.26754376239875494,0.8384725376286395,0.07157966479848143,-12.001970050648957,43.83927175302074,1691,0.24301749506562118,0.4786949384331022,0.05905750290796921,5.85600261350663,55.897408921563006,inflation
HD,1691,1691,-0.01379932618137039,-0.020670337307655783,0.00019042140305985432,-47.89407789076254,19.989283218007813,1691,0.5662374191789649,0.8364353692719865,0.3206248148784548,-1.773190762387575,49.162256843380746,1691,0.42425673218180415,0.3939035078852546,0.1799937748015831,-8.7720030987019,47.50084929210867,inflation
HEI,1691,1691,0.11005654782847926,0.20248454173376765,0.012112443719922343,20.25700952959088,62.345410567858735,1691,0.5233450240840006,0.9495289853562102,0.2738900142334832,7.775011662541058,54.13107450141364,1691,0.35057173936269115,0.39978299152194774,0.12290054443978266,-9.321489555957156,47.18544089709618,inflation
HII,1691,1691,0.14439336923726254,0.2499703928279544,0.020849445079688434,32.84648258071963,70.16980991356708,1691,0.3739324868883383,0.6383791000708282,0.1398255047504973,-25.98001256862196,36.56519634101374,1691,0.22804512914193142,0.24469976122822254,0.05200458092536018,-40.218767401107854,29.450225248519757,liquidity
HIMS,1691,1691,0.021963506342136025,0.0956230870023059,0.0004823956108410494,-18.116793323124984,38.49596454944806,1691,0.354203802778539,1.5207521721775956,0.12546033390277816,49.54804376507193,75.86946779298465,1691,0.26288152973303935,0.70940228336437,0.06910669867478285,46.46451355800243,79.20692836782851,growth
HIMX,1691,1691,0.08444138083114543,0.3126925001560642,0.007130346796670534,41.45935119118896,75.52273638211265,1691,0.4476704785379696,1.634800395862701,0.2004088573544147,58.23134619375523,80.38819755148201,1691,0.30974648563826945,0.7109514570794409,0.09594288536525866,48.21753636420846,80.21317356718727,growth
HIVE,1691,1691,0.07872389751452441,0.49839425934634735,0.006197452039877343,56.593150810232984,84.92844314652028,1691,0.4363459131242351,2.724215731721944,0.1903977559002225,78.4681173669805,90.9192715141127,1691,0.32951711385329907,1.2930515575929362,0.10858152832220806,75.29285614011265,95.75456324515177,growth
HL,1691,1691,0.08667172693475997,0.3347011115272952,0.007511988249853597,43.67965094575215,76.9026600593251,1691,0.35575762765348046,1.3548089746904455,0.12656348963363245,39.56773552814935,70.6757852972344,1691,0.43024991431891646,1.0298451303990497,0.18511498877143495,74.53402887453589,95.31899201902398,liquidity
HMC,1691,1691,0.07799283726402315,0.1257483091226374,0.006082882664492397,-6.459322681882347,45.74112129965655,1691,0.4903230520790764,0.779603689768016,0.24041669540014066,-10.06766108703285,44.84587258810713,1691,0.3956079181566185,0.39535190200409176,0.15650562490821376,-9.210964841968487,47.24888272025322,growth
HMY,1691,1691,0.019021180546319107,0.0718045494918383,0.0003618053093756684,-25.097485046880564,34.15744144096516,1691,0.2278056055925814,0.8480530887327505,0.051895393939402755,-12.039813344589229,43.8195783679415,1691,0.37988827462044095,0.8888772799740212,0.14431510119409555,67.24665335846305,91.13599645101824,liquidity
HNRG,1691,1691,0.13197635689085832,0.5856293051075228,0.017417758778183207,61.501219325525234,87.97882404203372,1691,0.2458022364020435,1.075614466937786,0.06041873942024607,9.786946444062853,55.178071268379526,1691,0.18431375728539326,0.5069391590602942,0.03397156112465886,9.664337966393795,58.08341537443089,inflation
HON,1691,1691,0.09230587364884567,0.13586015188292203,0.008520374310076661,-3.252382019861957,47.73424558021474,1691,0.5662536804334993,0.8218980238846448,0.3206432306044836,-3.6893605603695896,48.16509550302787,1691,0.3988446278603799,0.3638630269455286,0.1590770371730849,-14.847896828008999,44.01325125557138,liquidity
HOOD,1295,1295,0.05705589218070673,0.2317474798896992,0.0032553748325364314,25.843443650435745,65.81739794195002,1295,0.520692373240044,2.0844594328645205,0.2711205475503493,75.33177859679269,89.2871427877468,1295,0.3672170826298555,0.896922371978279,0.1348483857751821,67.1414096873615,91.0755859769309,growth
HOVR,873,873,-0.03407695183472962,-0.25774790529947145,0.0011612386463464824,-61.45722063425022,11.559744922250543,873,0.18129006104751225,1.3537687315559337,0.032866086234610715,33.2358719978945,67.38072786995953,873,0.1397631001906619,0.6440494411955359,0.019533724174905,33.699167309795456,71.87954601151425,inflation
HPE,1691,1691,0.14772755524857498,0.34981215003951915,0.021823430579720773,48.63533867481027,79.98263645446903,1691,0.5359466434735933,1.2515236885780672,0.28723880465061097,37.86914726572147,69.7918518638539,1691,0.30810914142216067,0.45221960408523654,0.094931243027901,2.1584947112673865,53.775018064440275,inflation
HPQ,1691,1691,0.10677713321501323,0.2300273454210191,0.011401356177616681,27.245439038067527,66.68874273526436,1691,0.48887769341919257,1.0385934335839044,0.23900139912287005,14.799357604450575,57.78649492496554,1691,0.3180330777323456,0.4246634910651676,0.10114503853190819,-3.6953817416402384,50.41485922479237,inflation
HQ,130,130,-0.11536840398549865,-1.06782329813885,0.01330986863816122,-68.24864869283157,7.338849810741102,130,0.30614010973632744,3.056238314589803,0.09372176678937061,74.92565839411058,89.07580067908955,130,0.13332103230598835,0.7912247124036574,0.01777449765513439,51.288092158463286,81.97569029908253,growth
HRL,1691,1691,-0.05156472616094227,-0.06704272365305824,0.0026589209840529645,-54.40233696810479,15.944378569525211,1691,0.1420223112140507,0.18209568279902197,0.020170336882580672,-54.61725033040502,21.66257840985924,1691,0.13513013744442492,0.10889866979288104,0.018260154045749172,-56.21146860661772,20.270322536557003,liquidity
HSAI,909,909,-0.017724801306487247,-0.09548456041013528,0.000314168581354452,-56.26217203531942,14.788484893599286,909,0.32021764425156074,1.711107232503731,0.1025393396900191,57.60397487751234,80.06171791316264,909,0.2267871911074349,0.7496478042008792,0.0514324300504002,49.48568698797965,80.94109933787094,growth
HSBC,1691,1691,0.15938782042719415,0.26476229731377887,0.02540447730053149,36.753768858056745,72.59820132182787,1691,0.47434652100705027,0.7770355139774298,0.225004621991492,-10.965087723122716,44.378858053041306,1691,0.39756153229603836,0.4093330272416198,0.15805517196157395,-4.745363715692427,49.812163517090866,inflation
HTGC,1691,1691,0.18512307483492751,0.3023086634404843,0.034270552836338175,43.855716986091494,77.01208568859789,1691,0.47268995451771445,0.7612206318979682,0.22343579310195896,-12.601558443571234,43.52725015338167,1691,0.3508408483587017,0.3551171226423486,0.12308930087705354,-18.557517401981432,41.883907655027535,inflation
HUBS,1691,1691,0.06379314515417256,0.20912766609064654,0.00406956536866133,19.652534581696987,61.969727378610884,1691,0.4421936390769584,1.429532742601816,0.19553521444012337,46.99022055936744,74.53839451395059,1691,0.2962299626676596,0.6019187648335571,0.087752190782083,31.621301078450482,70.68683881295496,growth
HUM,1691,1691,0.08314489836257355,0.17021462826259579,0.006913074123722686,7.589169447893893,54.472305852178756,1691,0.29334310478634434,0.5922175837640644,0.0860501771256922,-33.19786557358809,32.80907619733867,1691,0.15288712374628438,0.19400083844616775,0.023374472607411673,-49.83975726038048,23.927721591009124,liquidity
HUMA,1460,1460,0.022563283047814575,0.11901443229267392,0.0005091017418957966,-10.316096021340366,43.34412385018067,1460,0.2988350705796499,1.5901346805059366,0.08930239940834435,50.99261862380031,76.62121443041036,1460,0.25113828258619464,0.8166629897843574,0.06307043698034336,57.77943225825315,85.70175694789877,liquidity
HUMN,314,314,-0.04575784698641928,-0.09081372381544385,0.0020937805608325596,-56.792331236025106,14.458989188236867,314,0.710241364616244,1.4760425885714636,0.5044427960119444,59.07787534179405,80.82872539029627,314,0.46491505772776226,0.5807058894986796,0.21614601090200852,34.36829761891054,72.26363066740628,growth
HUN,1691,1691,0.12336962887334924,0.30006258980955014,0.015220065328347925,41.356098328867304,75.45856438499165,1691,0.4601977786211041,1.1038047353401592,0.21178199544779874,20.10952415980455,60.549868403354665,1691,0.3671861497157047,0.5535556767694917,0.1348256685430439,25.874065109954262,67.38789222628881,inflation
HUT,1691,1691,0.08350089937316918,0.5719768739487683,0.006972400196128125,59.01533286574523,86.43383734478161,1691,0.4227435844416046,2.855673043186263,0.17871213818653608,78.44303326118036,90.90621792116515,1691,0.3123508064450674,1.326176631024453,0.09756302628688396,75.03028342939348,95.60384499510482,growth
HXGBY,1691,1691,0.04756905276768132,0.0953295142194747,0.00226281478121445,-17.44609789727686,38.9128039858457,1691,0.5779274665953216,1.1421426558901795,0.33400015664528654,28.514538520775545,64.92377900078579,1691,0.5517260161205317,0.6853268738954865,0.30440159686423324,52.740592697783214,82.80943398432294,liquidity
HYDR,1306,1306,0.03781874875719865,0.10777153479938532,0.0014302577575601143,-13.953880653862313,41.08322860993226,1306,0.5456594815300356,1.538337342619698,0.2977442697836273,56.92548861851222,79.70863841668582,1306,0.4657695488862748,0.8023594676564249,0.21694127266972393,64.16403308352614,89.36655463764306,liquidity
HYFM,1453,1453,-0.00443831745234895,-0.024951298084163406,1.969866180782527e-05,-48.130189332861704,19.842539171964575,1453,0.24447694552451865,1.3858957589248087,0.05976897689299846,37.5896505955264,69.64640375452174,1453,0.18771539525329065,0.650464240479132,0.035237069615099134,36.279492433171335,73.36066751146845,inflation
HYG,1691,1691,-0.01848425253582453,-0.008526149027323009,0.00034166759180813557,-45.46481527413981,21.499078008533417,1691,0.6698820437918637,0.30471476781344503,0.44874195259476435,-33.548924651152944,32.62638751249651,1691,0.714935451612999,0.20440394887597546,0.5111326999730829,-28.476825542200718,36.190167584036814,inflation
HYSR,1691,1691,0.06847504266577766,0.4954372958724309,0.0046888314680800704,55.78344349243493,84.42520735723312,1691,0.10170587494757828,0.7256823581214621,0.010344084998852431,-28.51748431612357,35.24471381826917,1691,0.07322021522897398,0.32836647346675857,0.0053611999181772734,-31.88221874625738,34.23545224811538,inflation
IAG,1691,1691,0.02136654129212198,0.07480530335313819,0.00045652908678795357,-24.226151974116583,34.698977841793095,1691,0.26516820585451983,0.915511390435483,0.070314177396105,-4.30540941261132,47.84450799566232,1691,0.40280614383809377,0.87410915861171,0.16225278951371508,67.25953333442001,91.14338963148836,liquidity
IAU,1691,1691,-0.017349367091347743,-0.01829249309436535,0.00030100053847034004,-47.45458257499682,20.262431017534727,1691,0.1623545747011053,0.1688099081924794,0.026359007926376778,-54.24386915692706,21.856883357051245,1691,0.4113899599415464,0.2688526828083873,0.16924169914070716,-30.87021523552376,34.816348098873775,growth
IBB,1691,1691,0.004825811124731378,0.006803342706184219,2.328845301158113e-05,-41.94297865746874,23.68791117154671,1691,0.6089239375735447,0.8465628669615413,0.37078836175007013,0.9610802261755397,50.58515231262098,1691,0.48313719352311923,0.42217637147710185,0.23342154776539598,1.7450142624678895,53.53767790254378,inflation
IBIT,678,678,0.1234770344299367,0.3579404147504186,0.015246578031611772,48.80131459186479,80.08579103858312,678,0.42604605556976155,1.2198393581042812,0.18151524146655235,30.752895552920844,66.0886043209181,678,0.31367978142631403,0.5667344060790107,0.09839500527566014,27.045574656946147,68.06034546163194,inflation
IBKR,1691,1691,0.1612469790491322,0.33936574715982604,0.02600058825247128,47.41727826498502,79.22560786121784,1691,0.5406017806609642,1.122013366832597,0.29225028525380525,25.4041499207053,63.30515456117155,1691,0.254916151867859,0.3325409978271993,0.06498224448311735,-25.184612915327452,38.079916616012696,inflation
IBM,1691,1691,0.09648442692095602,0.15667541287506892,0.009309244638265303,3.433329616994951,51.88943758424605,1691,0.45173868218227564,0.72339424039208,0.20406783697977904,-16.7173334610011,41.38542966477289,1691,0.2774052241821373,0.2792091743462271,0.07695365840354186,-33.4174433461664,33.35422447507843,liquidity
IBOT,869,869,-0.02131040463396725,-0.028382012400736383,0.0004541333456634128,-49.05896043278729,19.265304846345284,869,0.8291347628350794,1.0893692715125105,0.6874644549415833,31.556577063494913,66.50683454933775,869,0.5253290708765702,0.42618803542559014,0.2759706327080405,3.898226066976576,54.77363389457028,inflation
ICE,1691,1691,0.05421034705357722,0.07218695561608021,0.0029387617276692883,-23.640365520080568,35.063046069992154,1691,0.4859666675866335,0.6381564464603544,0.23616360200525752,-22.1715655937046,38.547085469091456,1691,0.35352676304748915,0.2917899020323737,0.12498117219083554,-28.38545314589642,36.242615866403476,liquidity
ICL,1691,1691,0.1566204832791605,0.3463092728944942,0.024529975782597795,48.38284440826585,79.82571042858045,1691,0.3789728913485027,0.8263572578076201,0.14362045237704404,-9.454942731683586,45.16472692821954,1691,0.27792458119829416,0.38090260542673654,0.07724207283424721,-16.48686342215337,43.072474979627536,inflation
ICLN,1691,1691,0.0779082543523718,0.14076404608136675,0.006069696096233859,-2.065058452393789,48.47217112377902,1691,0.5834710117284843,1.0396129772515903,0.340438421527461,18.222873094798768,59.56806840486779,1691,0.5105098851311654,0.5717206075951604,0.26062034281663565,34.94937243232279,72.59717096100337,liquidity
ICLR,1691,1691,0.025156365746440198,0.056607214454636214,0.0006328427375686697,-28.490732749611798,32.04852671536462,1691,0.4470901090691342,0.9921174450788385,0.19988956562745033,9.052316870325159,54.79577518418981,1691,0.3336050713430634,0.46529453412229677,0.1112923436258104,5.531337948004618,55.71104953142486,inflation
IDCC,1691,1691,0.083956033602447,0.17957167328907409,0.007048615578255209,11.225538366024935,56.73232122122772,1691,0.503893250172281,1.062841729757222,0.253908407569185,17.692638430791327,59.292137999942284,1691,0.3338110373042424,0.44254560470103776,0.1114298086261343,1.2540714747725028,53.25587391144372,growth
IDXX,1691,1691,-0.0034877173691079386,-0.006845451565436058,1.21641724467772e-05,-44.71443784425876,21.96544007528165,1691,0.5637952336732065,1.0912552790922052,0.3178650655126255,22.49519224187533,61.79135336197371,1691,0.4168826818755156,0.5071612860834097,0.17379117044772233,18.02974902609404,62.88520956084188,inflation
IDYA,1691,1691,0.05007296161046529,0.17791740741722697,0.0025073014844431306,9.588633448213644,55.714979374123075,1691,0.29911113593693617,1.0480738484125192,0.0894674716414843,9.285021587801442,54.91687308909857,1691,0.23064465745980442,0.5079605496586801,0.053196958014750516,11.624167521067132,59.20836883993628,liquidity
IE,1065,1065,0.003875278723897153,0.016260079748541538,1.5017785187889946e-05,-39.38301225246933,25.278938800976913,1065,0.39395717835435573,1.6529318930029944,0.15520225837692564,56.80237808542067,79.64457255763804,1065,0.32385097677290664,0.8212401545687112,0.10487945515676572,61.226371350971945,87.68031986348167,liquidity
IEF,1691,1691,-0.49798086875015357,-0.214226056469743,0.24798494564115767,-77.13011097867515,1.8189914802085667,1691,0.009786510902222673,0.004151754440476414,9.577579563932325e-05,-62.06423707939359,17.787218670846585,1691,0.390311851227362,0.10407413153599997,0.15234334120853038,-47.61835667278388,25.202818337730566,inflation
IEUR,1691,1691,0.10270823485858771,0.11188785340681376,0.010548981507766812,-10.329756446037898,43.33563385082714,1691,0.7238332010860703,0.777607276474734,0.5239345029945075,-2.007555221311047,49.04029522064912,1691,0.7063404407157214,0.4769393670256931,0.4989168181904796,21.508558963645218,64.88206652513799,liquidity
IFF,1691,1691,0.020331787890374504,0.036365982957379354,0.0004133815988191793,-34.184311101200294,28.509948845744088,1691,0.47760477733191037,0.8424275528264507,0.22810632333026368,-4.3115864794195655,47.84129349336485,1691,0.38767652101008543,0.429794330798108,0.1502930849424832,-0.017618382166526003,52.525916600513135,inflation
IFNNY,1691,1691,0.08415512254273297,0.22524059975876154,0.0070820846501824025,24.536929722647,65.00539519328592,1691,0.5885602639989864,1.5534640095777774,0.3464031843585566,59.667258849678305,81.13543643924542,1691,0.4642309254087546,0.770143419970763,0.2155103521058687,60.38945272755445,87.19992374764882,liquidity
IGOV,1691,1691,-0.29882845914460066,-0.16537056298466565,0.08929844799473627,-69.37053119581992,6.641596106261652,1691,0.23855586600048123,0.13018786036956928,0.056908901203239555,-52.02782135954084,23.01009910768819,1691,0.7484033544371484,0.2567103610056508,0.560107580932776,-20.76598667102244,40.61623355972391,inflation
IGV,1691,1691,0.10261539051006276,0.17529445374996233,0.010529918369532678,10.412874313992699,56.22724781178652,1691,0.740958649762438,1.248227611699323,0.5490197206577753,44.36807138869313,73.17384645334114,1691,0.45280745208256945,0.4794470617426476,0.20503458866150842,13.3114004586228,60.176850275320305,growth
IHF,1691,1691,0.10529088578606971,0.12803489545435745,0.011086170629615177,-4.714645536949833,46.82544394412643,1691,0.544667280809254,0.653150101821854,0.2966624467841467,-18.651302587114106,40.37900567874261,1691,0.34786069950577453,0.26218893557331746,0.12100706626064676,-33.995734146959656,33.02228222077832,liquidity
IHI,1691,1691,0.05213373544364447,0.06290427303607958,0.0027179263713079113,-25.855284567364894,33.686466520237715,1691,0.6406934834909418,0.7623523626779126,0.4104881397877577,-6.608685579985299,46.64589921230698,1691,0.4716578563829055,0.3527441332645572,0.22246113348771754,-14.554420820180269,44.1817081763594,inflation
ILIT,816,816,-0.0072907382800246195,-0.017711822634051366,5.315486466781635e-05,-46.87703186755455,20.621380701852097,816,0.4096979009559357,0.9889644118703473,0.1678523700476997,7.179842838748293,53.821352814591094,816,0.3782666348537814,0.5644656706490263,0.14308564704360402,28.74236777929258,69.03431449821353,inflation
ILMN,1691,1691,0.02551038871558291,0.06638998907675969,0.0006507799324201399,-26.33610430475512,33.38763545531856,1691,0.4577069016923731,1.1746733661538735,0.2094956078568317,27.57654988533887,64.43565628539135,1691,0.36061626481417614,0.5817042734147648,0.13004409044852802,30.830589216458005,70.23296564462584,liquidity
IMMR,1691,1691,0.07275410853430199,0.19362020791570275,0.005293160308620993,16.58368781431201,60.06242891256005,1691,0.45496368820358113,1.1940266889551192,0.2069919575838054,29.171777656075903,65.26580164292254,1691,0.3130230423365473,0.5163460859162594,0.09798342503362789,16.875147331735796,62.22246153040757,growth
IMNM,1501,1501,-0.0332611524610909,-0.1720794210288352,0.001106304263039933,-60.41392351046603,12.208157552355386,1501,0.263630836654097,1.3740244934159773,0.06950121803493917,37.470791338400765,69.58455022970699,1501,0.1995368675093549,0.6354158634100472,0.039814961495445854,33.987259573581966,72.04491263217732,inflation
IMO,1691,1691,0.2929248825763524,0.6466110094182158,0.08580498683236984,68.93840731688525,92.60106109811844,1691,0.3269776359474315,0.7117853083451995,0.10691437440977106,-21.87321552588153,38.70234475448366,1691,0.2748845055867235,0.37610448602877633,0.07556149141165742,-17.26976216569625,42.62308658634189,inflation
INCY,1691,1691,0.01416858065624206,0.02607185494018803,0.0002007486778124367,-36.88050904390057,26.83425286283138,1691,0.3384230216012629,0.61411488345358,0.11453014154972886,-29.590580193652244,34.686282240498485,1691,0.24692199713963098,0.2816286205025611,0.06097047267142393,-34.03335889456218,33.000685398695865,inflation
INDA,1691,1691,0.0822165522727622,0.0882723736766512,0.006759561467619839,-18.37567305553572,38.33506993529977,1691,0.5508807702946215,0.5832668537072221,0.3034696230803955,-25.31154077602824,36.91306437932268,1691,0.46831939936102307,0.311658599657426,0.21932305981786943,-21.77447583589412,40.03735496375533,growth
INDI,1691,1691,0.054036872037507795,0.2124984278761398,0.002919983539597992,20.32580916832058,62.388169772002975,1691,0.42500638020060016,1.648181781617127,0.1806304232112171,57.77635080051624,80.15142113602323,1691,0.31539194233105616,0.7687542611740937,0.09947207728735626,54.954589620789044,84.08028098487692,growth
INFQ,153,153,-0.24741333709443478,-1.4545090723999992,0.061213359372204415,-73.43396809925925,4.116156564870583,153,0.5328045075429788,3.4338181931502465,0.2838806432581162,83.4226590649583,93.49758030782851,153,0.408910295117907,1.4765976051549072,0.1672076294534138,78.9736122805578,97.86733849440768,growth
INFY,1691,1691,0.07891592776160784,0.14048482960881856,0.006227723654475307,-2.14253923259351,48.4240165613571,1691,0.4445267314322366,0.7803811751482688,0.19760401495782778,-11.55778296014926,44.07042360344474,1691,0.29521278768919357,0.32574019416111466,0.08715059001522488,-24.901724156810577,38.24229639464561,liquidity
INOD,1691,1691,0.04909261663572503,0.25161093430423903,0.0024100850081422657,29.96195363775775,68.37706558802408,1691,0.3650567568837544,1.845091299293615,0.13326643574648456,63.45781910151249,83.10801744192479,1691,0.2479320486981563,0.7876212437993401,0.061470300771664946,54.848480334097225,84.01937364244931,growth
INSM,1691,1691,0.05169778688369523,0.15640268710560784,0.0026726611686719707,1.753047866167842,50.84513689124775,1691,0.36006983528904524,1.0742444985722004,0.12965028628508016,13.67356305558493,57.20063932777833,1691,0.27861268729629735,0.5224498034781927,0.07762502952246436,16.911027750079853,62.2430570974372,liquidity
INTC,1691,1691,0.07730603626925832,0.2267501214025659,0.005976223243663883,25.086457149736262,65.34692831572113,1691,0.5197666154512728,1.503441878246661,0.27015733453767127,54.32799806291078,78.35692252662993,1691,0.2961701954853623,0.5384518788452017,0.0877167846938377,20.795271672863652,64.47263550714345,growth
INTU,1691,1691,0.08215519159477878,0.18061844735289098,0.00674947550597481,11.613506293848477,56.97344457788371,1691,0.5740678229335145,1.2446132972024637,0.32955386532762504,38.30139375063485,70.01678990677314,1691,0.35451889619392546,0.483100962651656,0.1256836477585593,10.660546449181146,58.655244788067975,growth
INVH,1691,1691,0.022444540276358615,0.033802091152637936,0.0005037573882170841,-34.89961021435173,28.065388069435336,1691,0.4587547452678357,0.6813300809562207,0.21045591630575683,-19.854251738696004,39.752999366759695,1691,0.38075522942479884,0.35542678537722455,0.1449745447343312,-17.285015365622066,42.61433116162871,inflation
INVZ,1568,1568,0.022393002296255994,0.11018700302452035,0.0005014465518401262,-13.817285682857412,41.1681228384212,1568,0.34838351757036207,1.7280822127543838,0.12137107531469878,59.153527191285306,80.86809408284029,1568,0.25770762662729196,0.7811706893512618,0.06641322082187172,54.73962816352503,83.95689186885784,growth
IONQ,1438,1438,0.030357021210474497,0.16809547771049574,0.0009215487367731984,4.839598951386551,52.763438649677205,1438,0.45930356050445353,2.5615192599756056,0.2109597606920682,78.48238957862725,90.92669867307869,1438,0.323316990238745,1.103347581440828,0.10453387617704073,72.93361417266657,94.40034475155089,growth
IONZ,316,316,0.008565527067503988,0.09188397610733896,7.336825394414347e-05,-19.600466743443953,37.57385658734017,316,-0.4472278445051309,-5.023257117119332,0.20001274490070556,-80.31472650911063,8.28979181389569,316,-0.291628586919737,-1.9677645055340847,0.08504723270880259,-74.98150184314483,9.49621522363714,growth
IOT,1198,1198,0.05868288934690737,0.2232538847423348,0.003443681502101375,23.08165481317819,64.10093700006134,1198,0.45028937374281636,1.6910746597905313,0.20276052010569776,60.91624256495347,81.78539881570825,1198,0.30230198116713103,0.6877971204457288,0.09138648781757244,44.57449822202911,78.12204866643228,growth
IPGP,1691,1691,0.08835102281881622,0.2221328585697693,0.007805903233130985,23.669042086603056,64.4660001428313,1691,0.5553072881113911,1.3768249807057271,0.30836618422962747,48.13046453749799,75.1317694929109,1691,0.3873585447400582,0.6036508089767342,0.15004664218313568,35.37454819859934,72.84122430257133,growth
IPI,1691,1691,0.2242268693023312,0.8862209014678792,0.050277688917124724,70.93120148369087,93.83958929636479,1691,0.31314494074478894,1.2205171175796752,0.09805975391405737,26.91410588356979,64.09092506720367,1691,0.2303490048834046,0.5643026612309349,0.05306066405077475,23.339752031283425,65.93318190531828,inflation
IPX,1070,1070,0.004714847315773055,0.02162243975764482,2.2229785211052378e-05,-38.000635157477866,26.138090760208726,1070,0.2656697676725536,1.217839451483061,0.07058042545518863,24.914226777472592,63.05020198928033,1070,0.22483322739647896,0.6235309042574961,0.05054998014151681,33.294141276309546,71.64705873275913,inflation
IQV,1691,1691,0.07411420661646087,0.14244129263219216,0.0054929156223874525,-1.746852725058734,48.66993704095836,1691,0.5678470694202852,1.0762420858966635,0.3224502942492062,21.171264949224295,61.10239087281436,1691,0.4040757758757831,0.4813585390578589,0.16327723264961608,12.05678918947721,59.4566961722648,growth
IRD,1691,1691,0.005379078446428155,0.024795695524016163,2.893448493282793e-05,-37.52638966981301,26.43283590707231,1691,0.20616411622292416,0.9371856570601605,0.04250364281797938,-4.792061656395398,47.59125757693193,1691,0.1744528994916237,0.4984459040559197,0.030433814141034563,7.176970302675178,56.65565199234804,inflation
IRDM,1691,1691,0.08144346814099153,0.2148034948530966,0.0066330385028327025,21.73603743003444,63.26463132392346,1691,0.42099772135668084,1.0949870147768004,0.17723908138751748,17.722778009842894,59.30782242575694,1691,0.31284414116696196,0.5114280367765764,0.09787145666249403,15.29039489747854,61.3128044948584,inflation
IREN,1217,1217,0.05967537274593753,0.40924404979224843,0.003561150112366584,51.41647846241311,81.71112407631529,1217,0.4010198822149,2.7088799742646583,0.16081694593165224,77.00620758610779,90.15850390463193,1217,0.2927413361161194,1.2084384149700709,0.0856974898710508,73.32920782217347,94.62741778751136,growth
IRS,1691,1691,0.0372833509966399,0.1170460003780804,0.0013900482615386495,-11.041136487884302,42.893508790360535,1691,0.2968414911869972,0.9189891476566302,0.08811487089012014,-2.8585963774056644,48.597419364448655,1691,0.279571419187697,0.5440086835899631,0.078160178426623,21.341807997675204,64.78635050912168,liquidity
ISRG,1691,1691,0.052071405354025185,0.10185113666524141,0.0027114312555432027,-15.37177661486411,40.20200155741872,1691,0.6234838068558033,1.2026407060157487,0.3887320574114046,35.74647790604158,68.68722959809568,1691,0.4223533929798495,0.5120519108632607,0.17838238856159117,19.574216109021535,63.7717425724271,growth
IT,1691,1691,0.13258704556706802,0.2716518818355363,0.01757932465220377,37.39423263127411,72.99625168563261,1691,0.48605863401703336,0.982074481691026,0.23625299570250438,9.288721748271797,54.918798626688215,1691,0.3093547488686441,0.39286182915004514,0.09570036064758186,-13.019071213708475,45.06300770388422,inflation
ITA,1691,1691,0.14717263187201537,0.20055785355437636,0.021659783572135757,20.99232572349973,62.802412026390265,1691,0.6300670396387933,0.8467272126786224,0.3969844744391927,1.8138381479822219,51.02892156167228,1691,0.4101590834242573,0.3464466555034225,0.16823047371542685,-18.05987006800876,42.16956009435172,inflation
ITB,1691,1691,-0.05127882950886935,-0.09665693908558268,0.0026295183557996896,-57.54931237192578,13.988522896248282,1691,0.5824569134704036,1.0826868918360912,0.33925605604946923,22.13360688907037,61.603186877231764,1691,0.5072731314493867,0.5926635483476645,0.25732602989046677,37.654819791535125,74.15011334583009,inflation
ITRI,1691,1691,0.10801160979167808,0.26331414649733126,0.011666507849789728,34.39185473819875,71.13026384589205,1691,0.5433050364336112,1.3061456973185746,0.29518036261412756,42.29841695167249,72.09681278197225,1691,0.3887494715767261,0.5874149395727307,0.1511261516511838,33.168243647423054,71.57479276780465,growth
ITW,1691,1691,0.09740134540138681,0.13391008333692087,0.009487022086000257,-3.5250379066149464,47.56478904035406,1691,0.5839278366954194,0.7916835910144584,0.34097171846779234,-5.776749479753987,47.078832931264586,1691,0.40602012946542654,0.3459930000480509,0.1648523455311217,-18.430232155613805,41.956970120417715,liquidity
IWM,1691,1691,0.13756713761081313,0.19675149377819134,0.018924717350432396,19.641389278650795,61.96280053572332,1691,0.7877719247299004,1.111086769637238,0.6205846053926519,32.58936341931928,67.0442893343764,1691,0.5697065509229985,0.5050402291007777,0.32456555416457905,22.81483769514103,65.63187804951677,growth
IYH,1691,1691,0.04263120171269166,0.04186781652698283,0.0018174193594682046,-31.82534072409743,29.97605677577331,1691,0.6195182003631777,0.5999995807616304,0.38380280058123045,-20.99249178173804,39.16066722158215,1691,0.43626185604011253,0.26556534599767717,0.19032440703556386,-30.676194969211846,34.92771685053148,inflation
J,1691,1691,0.12475383040803369,0.20508523953049765,0.015563518201476431,21.10966246844423,62.87533720337287,1691,0.5548870256453362,0.8995581144175409,0.307899611229528,4.481757085791449,52.41728788848755,1691,0.34900587174782965,0.3556187668199255,0.12180509851446251,-18.28349353479301,42.04119893491957,inflation
JAZZ,1691,1691,0.05260247345165782,0.09862373101530093,0.0027670202132323656,-16.255184027630833,39.65296091414683,1691,0.38902417488350516,0.7192767005239749,0.151339808643792,-19.137839915504042,40.12581506117836,1691,0.2753238116244122,0.31995614706118014,0.07580320124739483,-26.612582464784783,37.260253860408454,liquidity
JBS,322,322,-0.19753695419098075,-0.38575597791920435,0.039020848271049624,-68.6440622605178,7.093098964162898,322,0.09846407780789426,0.2018120059254036,0.009695174618559056,-55.803540451051546,21.045241340880782,322,0.3145462855017645,0.3868284006786505,0.09893936572295754,-14.19035962582506,44.39068140123466,inflation
JBTM,1691,1691,0.11944844216872764,0.2929341801965093,0.014267930336535872,40.88060874563661,75.16304602859881,1691,0.5113524403807317,1.2366705871966144,0.26148131828332977,35.542608613672535,68.58113744642436,1691,0.35683801031091167,0.5424154991293403,0.1273333656026503,23.70789063841877,66.14449558864125,inflation
JCI,1691,1691,0.1037504689328412,0.18079045589528342,0.010764159803784448,12.482090350203643,57.51327245587648,1691,0.6076775010935193,1.0442457792975872,0.3692719453352641,19.633846970189914,60.302329325935254,1691,0.38322977721690454,0.41391970409370665,0.1468650621457183,-4.344980347278246,50.041985879323434,growth
JD,1691,1691,0.033647093812710964,0.09696048483215317,0.0011321269220413725,-17.369619713085903,38.96033543151577,1691,0.3557842254010057,1.0110626048270661,0.12658241504419362,7.8860992333543685,54.1888836951111,1691,0.327471088008902,0.5849134455883332,0.10723731348173404,30.79800152350325,70.21426012095677,liquidity
JELD,1691,1691,0.03867493262517315,0.15281805649406868,0.0014957504135616826,0.39525317093570145,50.00126297517243,1691,0.43546074990171557,1.6968297201827787,0.1896260647049645,60.73548877908389,81.69133581169817,1691,0.36265698279350805,0.8882036897038965,0.1315200871688908,66.53080879499741,90.72509754375685,liquidity
JEPI,1594,1594,0.0777710719331778,0.04635822517701161,0.006048339629635515,-29.69345047019654,31.301033654471865,1594,0.8039862737098415,0.4817827514293517,0.6463939283138362,-21.63931823455278,38.82406326647144,1594,0.5212762561291889,0.19096557602111147,0.27172893520406377,-37.28438567554777,31.134577279752758,liquidity
JEPQ,1102,1102,0.10415798976911707,0.10029040401746402,0.010848886832743496,-13.999743558427824,41.05472466230735,1102,0.8913790720909291,0.8498158984422607,0.7945566501616859,11.523506031421887,56.08176471327007,1102,0.49743335448177084,0.2860422572823376,0.24743994215098708,-24.13796789235745,38.680696894550906,liquidity
JKS,1691,1691,0.06057005160870268,0.27010757554556303,0.003668731151880906,34.64813914368535,71.28954545573072,1691,0.3274067335604684,1.4398278441036287,0.10719516918073554,43.31092691485924,72.62371587431574,1691,0.2398975854514756,0.6630955608692775,0.05755085150544804,39.45886128438361,75.18564356551478,growth
JMIA,1691,1691,0.047036101171396574,0.2699038590329799,0.0022123948134058543,34.061701528856645,70.9250725289347,1691,0.4404700015444507,2.4925177167771313,0.1940138222605684,77.25946826741223,90.29029898912505,1691,0.33692029309294275,1.1983298308782653,0.11351528389783444,74.64997261731632,95.38554439595569,growth
JNJ,1691,1691,0.019867590002980745,0.02145781455303905,0.0003947211325265404,-37.58303851294858,26.39762846277619,1691,0.2509567827636621,0.2672904095764122,0.0629793068150879,-49.226052932846855,24.46811977092106,1691,0.1980326673614341,0.13257100795048232,0.03921693734228441,-52.99513591381555,22.116516048823513,liquidity
JOBY,1475,1475,0.018576080919598965,0.07958721704168513,0.0003450707823314887,-23.083575242402066,35.40909307820858,1475,0.44254298838164524,1.9151136588258078,0.195844296565757,68.53757354392133,85.75148607074377,1475,0.32775521168290406,0.8660446331946138,0.10742347878530525,64.06900396137345,89.31200737355333,growth
JPM,1691,1691,0.20376510408131265,0.3295471026383039,0.041520217641268176,47.32692174778957,79.16945098545717,1691,0.5713047211947841,0.9111704775419524,0.32638908445945003,6.071120575728978,53.24438151536921,1691,0.3399698592032105,0.3407999520781391,0.11557950516665076,-21.531237061452245,40.17697542289228,inflation
KBH,1691,1691,-0.04874823034337779,-0.12452633435296225,0.0023763899616110187,-58.92648294493237,13.132606807735314,1691,0.4613434856889042,1.1621732687278223,0.21283781178758815,25.67434203380376,63.445760644167834,1691,0.43420626668300183,0.687495499038958,0.1885350820267901,48.965649516038624,80.64259483024286,inflation
KDP,1691,1691,0.02910005682301124,0.0368098979307721,0.0008468133071024832,-33.76467233903503,28.770755731209828,1691,0.2742976645310658,0.3421661363650623,0.07523920876719711,-46.15413508052805,26.066724302887955,1691,0.21870796403925918,0.17147736310743894,0.04783317353419789,-49.56551614154008,24.08513757460215,liquidity
KEY,1691,1691,0.18674609704369674,0.4430604186127557,0.0348741047610538,57.44244470615646,85.45628212568884,1691,0.5325399744523776,1.2459705360989117,0.28359882438973893,36.96066840331803,69.3190858276339,1691,0.3582503177224507,0.5268287005643739,0.12834329014823687,20.6003396111791,64.36074337968408,inflation
KEYS,1691,1691,0.06293112690382886,0.11844914137049467,0.003960326733385813,-9.466968233994784,43.87185959231596,1691,0.6557104440823357,1.2170898739385765,0.4299561864786539,38.34015175276899,70.03695929958906,1691,0.4169233337883683,0.4864005222911354,0.1738250662572072,13.633947211647532,60.361993971483805,growth
KGC,1691,1691,0.023798533042389065,0.06740873104382188,0.0005663701749696841,-25.832272505701987,33.70076859304786,1691,0.2946342833165425,0.8229877736128427,0.08680936090545265,-12.745042061371144,43.45258228376244,1691,0.427800581906748,0.7510671332055319,0.1830133378797522,56.85940371452456,85.17365525856393,liquidity
KHC,1691,1691,0.019665175376826022,0.02855607074828346,0.0003867191226013245,-36.01163213154223,27.374262751803514,1691,0.2342871511337632,0.3355005502174632,0.054890469186374795,-47.66725239895662,25.27930864956518,1691,0.21236327283892603,0.19113994550874,0.045098159650860135,-47.87084139166101,25.057890653172137,liquidity
KIGRY,1691,1691,0.09096888335937824,0.24478797851313963,0.008275337739652163,30.07463077880981,68.4470948057001,1691,0.4682469427709629,1.24255697746827,0.2192551994143534,34.372164245899576,67.9720463962439,1691,0.43270308213974484,0.7217032040600826,0.18723195729323477,54.09950813508186,83.58945928135583,liquidity
KKR,1691,1691,0.12142407825158674,0.2786469408488863,0.01474380677924746,38.582019668554025,73.73446527722537,1691,0.6548469907904088,1.4819496212857117,0.4288245813472537,57.8155683550277,80.17182967667719,1691,0.44412665105044125,0.6317245019994728,0.1972484821732804,41.8714059003821,76.57045808674809,growth
KLAC,1691,1691,0.07828070821283101,0.21647790070709524,0.006127869278302388,22.076338230640765,63.476129402579694,1691,0.6723700524746223,1.8336283838882403,0.4520814874647264,73.98828574814691,88.58799852030192,1691,0.41188734851580955,0.7060064953420009,0.16965118786738395,51.115970467784464,81.87689145611373,growth
KMB,1691,1691,-0.08624482985703177,-0.10176260767652717,0.00743817067706836,-58.99862108315743,13.087772715058321,1691,0.21061297763180864,0.24506676931773125,0.044357826346936725,-50.976334161030664,23.5572856802636,1691,0.20463753515008912,0.14966211429031748,0.04187652079230396,-51.74922139550577,22.83167816675049,inflation
KMI,1691,1691,0.23518313861354698,0.35824069063794395,0.05531110868811885,52.823777587814135,82.5857651602816,1691,0.39091358666886517,0.5872102618764747,0.15281343224231636,-30.346645455314793,34.29283117446683,1691,0.29171100792245847,0.27541841334631173,0.08509531214313662,-33.70598636191603,33.18859912018933,inflation
KMTUY,1691,1691,0.11240505198177086,0.202097255992185,0.012634895711024611,20.2264578254331,62.32642258217804,1691,0.4403515177716599,0.7807612010541594,0.19390945920380448,-11.591166088746455,44.05305125716717,1691,0.37737016252513056,0.42054605905777775,0.14240823956424345,-2.5205785700766343,51.08920301963196,inflation
KNF,829,829,-0.05603209837619959,-0.1419605435880201,0.0031395960484401084,-59.970663772742014,12.483644952641427,829,0.4656212047862753,1.1699520199562146,0.2168031063466225,27.064305046964556,64.16908765970895,829,0.3068086512816586,0.4756311083885338,0.09413154850127037,7.299447634407052,56.725954687013044,inflation
KNG,1691,1691,0.1230037848581759,0.11451780195392114,0.015129931089436421,-9.05566544843739,44.12748564061309,1691,0.6778034025014198,0.6223037428729221,0.4594174524425017,-16.81027206596288,41.33706506577347,1691,0.49199061360957436,0.2839113589229813,0.2420547638799255,-25.004959920022223,38.18303847126543,liquidity
KO,1691,1691,0.046785852774065786,0.05259765567344898,0.0021889160197965593,-29.086692897920706,31.678135502360007,1691,0.32303303389529037,0.35813182343844796,0.10435034098759581,-43.546402356596325,27.423770145597874,1691,0.28652911261082664,0.19966043602235595,0.08209893237354778,-43.922044805368685,27.324522663967493,liquidity
KOPN,1691,1691,0.06486777206869254,0.3707303124649349,0.004207827853155848,48.10298260349703,79.65177538672215,1691,0.4142906912177189,2.3349545433923846,0.1716367768296553,74.76470151265485,88.99203984546173,1691,0.29691779065451396,1.051808698536862,0.08816017440715777,70.65664999294268,93.09335418254759,growth
KOS,1691,1691,0.2836776722754976,1.367179398908598,0.08047302174764463,74.92871852964242,96.32405942722518,1691,0.2644591686163424,1.256906925445726,0.06993865186524702,28.70533369428665,65.02306747258591,1691,0.18433804052131347,0.5506640699877248,0.03398051318323741,18.68513584148968,63.26140537208872,inflation
KR,1691,1691,0.018868827541339877,0.029907753513797576,0.00035603265278482624,-35.81400560673828,27.49708829383301,1691,0.06586332405354663,0.10295007392098876,0.004337977455382494,-58.52305772577549,19.630023600974642,1691,-0.005310337001514532,-0.005217138704136276,2.8199679069654348e-05,-63.269122853162294,16.21918830192072,liquidity
KRE,1691,1691,0.17516535380673076,0.35070467327789434,0.03068290117423717,49.82116032339169,80.71962855045318,1691,0.5666131780389378,1.1187270862588918,0.3210504935273851,25.863551430842445,63.54422388899989,1691,0.37845943071296945,0.46966056562301334,0.1432315406955849,8.454232720227129,57.38880798520394,inflation
KRKNF,1434,1434,0.07263843987447255,0.2589970316965126,0.0052763429473973635,32.59004704348165,70.01043437484259,1434,0.29129768506666437,1.0447152440249738,0.08485434132519758,8.673302758772973,54.598538895481965,1434,0.1949421014479053,0.4275546092823662,0.038002422916925405,-7.327069814457747,48.33024932929991,inflation
KRP,1691,1691,0.2725172306748526,0.5842410885769206,0.07426564101469084,66.30740055844204,90.96588165290159,1691,0.2753828087813224,0.5822092416760309,0.07583569137229036,-35.17946812803967,31.777864108866876,1691,0.20257065468759364,0.26918204250197947,0.0410348701405603,-37.840642870843155,30.815282442062568,inflation
KRRO,1691,1691,0.002757280492335498,0.015454139074523981,7.6025957134138856e-06,-39.760390239142936,25.044397127944062,1691,0.24140906612214474,1.3343248794959055,0.058278337205966056,33.76154628218486,67.65428508522515,1691,0.16809569685394535,0.5839718147715901,0.028256163300813493,24.768865434987823,66.75350123985625,inflation
KSA,1691,1691,0.14283333913703924,0.1431167988894835,0.020401362769036466,1.2220636607764215,50.51512844273102,1691,0.43573643266769624,0.4305553974886059,0.18986623875396977,-36.55755096244157,31.06071945513282,1691,0.33282490576619844,0.20670370681195166,0.11077241789827888,-41.62519594779277,28.642927152720493,liquidity
KSCP,1169,1169,0.007458033682075135,0.0526715122799531,5.56222664029672e-05,-30.350417216617398,30.892726637969158,1169,0.24034152454321758,1.6829892690393728,0.05776404841975806,53.117070444875594,77.72676427659285,1169,0.1850931428183441,0.782477661056499,0.03425947151837193,52.31087057973484,82.56277101062194,growth
KSPI,673,673,0.06419796889608556,0.13872725556432736,0.004121379210382769,-3.3341638900246924,47.683417876084995,673,0.3735468920224176,0.7983937312411664,0.1395372805396077,-12.463586446171156,43.599049814353016,673,0.24509594995956516,0.3308292602733532,0.06007202468658167,-25.753818681163697,37.75318922416568,liquidity
KTOS,1691,1691,0.09757412358484192,0.3017358148458158,0.009520709593350005,40.56600499329254,74.96751875084848,1691,0.42027972029545124,1.2816657462848866,0.17663504329162272,36.188541294469154,68.9172762888376,1691,0.31698338115751157,0.607575313047932,0.10047846393004826,33.58791357034811,71.81568572354008,inflation
KTWIY,121,121,-0.16096595162134827,-0.5942052851536703,0.025910037581366233,-68.71706936485647,7.047724806158061,121,0.16739617377336768,0.6858635438629731,0.02802147899396351,-29.826303041956415,34.56361372144849,121,-0.011022432927499382,-0.026271143791641565,0.00012149402764122259,-63.69454490961773,15.974993588369857,inflation
KVUE,851,851,-0.07167536402830946,-0.10691763714198012,0.0051373578085906774,-58.8269378277211,13.194474428946549,851,0.12597896982478982,0.18554785948038524,0.015870700838115304,-54.953268579983174,21.487716866542335,851,0.17222721526985987,0.1561964442868393,0.029662213679610652,-52.207086494175904,22.568860959889463,inflation
KWEB,1691,1691,0.03909435567451818,0.09729379161607951,0.0015283686456057319,-17.06621619839967,39.14890172433481,1691,0.4115999148801681,1.0101607382415805,0.16941448992936164,9.726899015602065,55.14682300723286,1691,0.38711330875167443,0.5971460910444097,0.1498567138126692,34.23847144377608,72.18910969425197,liquidity
KYCCF,1691,1691,0.002755375421908785,0.00568352368832938,7.592093715659014e-06,-42.35369195563649,23.43265149162156,1691,0.38216561826089507,0.7773787181812826,0.14605055978073217,-14.078669969715163,42.758571662148,1691,0.33261709479307744,0.4252583823363935,0.11063413174858706,-3.0721917949916437,50.772573847719016,inflation
KYMR,1530,1530,-0.004753839776732488,-0.019747485572838567,2.2598992622843993e-05,-47.351987167554235,20.32619440426317,1530,0.3456479426928686,1.4396985825498385,0.11947250028781256,43.83661988497026,72.89728281355153,1530,0.2761001147386079,0.7063477774592015,0.07623127335867246,46.4761666351054,79.21361730128169,inflation
LAC,748,748,0.010388982671597213,0.04749602398292795,0.00010793096095074718,-31.713575545782906,30.045519205576817,748,0.3533971436240008,1.6123645997471492,0.12488954112160267,53.91703532605946,78.14306039711234,748,0.2904736668273319,0.8200803269748312,0.08437495112011581,59.94541615335385,86.94504419357384,liquidity
LAES,838,838,-0.019434085557509584,-0.1694481859104923,0.0003776836814566026,-59.8172268193177,12.57900652918279,838,0.2423010495086288,2.090792636337249,0.05870979859298298,66.03907966428511,84.45128735740151,838,0.15872882462420998,0.8433440707432198,0.025194839766583207,56.46184017147442,84.9454514923505,growth
LAND,1691,1691,0.06001507715633326,0.112596680524231,0.003601809486080634,-11.71126761609382,42.47702006682089,1691,0.38544133921502627,0.7131282645907757,0.14856502597587296,-19.60148721246975,39.88453625562563,1691,0.3536552697037234,0.4112602875189639,0.12507204978921335,-6.056584207377487,49.059515393867386,growth
LAR,1691,1691,0.12563842010323248,0.581117907030461,0.01578501260603633,61.05389283891236,87.70080914379635,1691,0.43355691817086794,1.9775708517510597,0.18797160129382068,70.02705067891186,86.52659953820175,1691,0.338563612422533,0.9706295173897065,0.11462531965659516,69.29552001674875,92.31205772741895,growth
LASE,999,999,0.012920244337883958,0.1139137014160508,0.00016693271375062247,-13.134088065693575,41.59273242827587,999,0.1527070097426374,1.3458290660691596,0.023319430824537954,31.558969105085982,66.5080793510258,999,0.08398884959016834,0.4522491888218513,0.0070541268554799195,-5.5729661533293635,49.33711494561672,growth
LASR,1691,1691,0.07557573594605649,0.28178322415713947,0.005711691863788055,37.428325085952395,73.01744025953043,1691,0.5050250041357218,1.8569053596661296,0.2550502548022858,68.58220645437734,85.77471272469742,1691,0.34704835405806744,0.8020365508948519,0.12044256005441374,59.896041915015886,86.9167030960572,growth
LCTX,1691,1691,0.04858827413625752,0.21578782206684052,0.0023608203835401116,20.811604338914716,62.69009308519553,1691,0.29239107047124374,1.2805711215572515,0.08549253809131982,31.374190502052947,66.4119218603572,1691,0.21941908503181035,0.6040060391814996,0.04814473487619682,29.609416458333655,69.53200543971569,growth
LDOS,1691,1691,0.10684141937968349,0.17288409199677574,0.011415088895065406,9.884289227291529,55.89873042350989,1691,0.3746548004728082,0.5978480620731136,0.14036621951731973,-29.788209476946946,34.58343734583901,1691,0.19602298243135474,0.1966046564281161,0.03842500964128321,-47.65350610926512,25.18264235850531,liquidity
LECO,1691,1691,0.10584125306552719,0.17459760976149832,0.011202370850480968,10.187531454865006,56.087196475852274,1691,0.588996005959417,0.9581639142276898,0.3469162950361456,10.749292125318535,55.67886921980028,1691,0.3858063533376187,0.39447920915494555,0.14884654227567148,-9.779518309679444,46.92252975129151,growth
LEN,1691,1691,-0.08290399232069744,-0.19201658691017215,0.006873071942710259,-62.37692160459822,10.988147712310683,1691,0.46050473232915273,1.0518202755978339,0.2120646084975446,15.159296160574986,57.97380442825052,1691,0.4364707879938545,0.6265993011929096,0.1905067487719763,41.26520264483261,76.22249392246405,inflation
LEU,1691,1691,0.11969687599242468,0.5952751649453738,0.014327342122345892,61.635184241694965,88.06208368270092,1691,0.3589107091052961,1.760214138483467,0.12881689711046648,60.874971089283804,81.763921428871,1691,0.2680671209727194,0.8263231518458174,0.07185998134660257,59.49943509701134,86.68904849553677,inflation
LGO,1691,1691,0.11763825654166728,0.4834979068358172,0.013838759402163123,57.05315857999912,85.214339504387,1691,0.3355020035903147,1.3598320621876245,0.11256159441311553,39.30978608403049,70.54155021341681,1691,0.25653585189128253,0.653529971467352,0.06581064330558604,38.80095776502404,74.80800315168035,inflation
LHX,1691,1691,0.08741369716001694,0.13195883442921943,0.007641154451183154,-4.2128536436318464,47.13730927366117,1691,0.3313127419098614,0.49322066027869355,0.10976813295183041,-37.73189444946014,30.44959933060975,1691,0.19841086219502554,0.18565038264476025,0.03936687023697342,-49.261170560381395,24.259833693159656,liquidity
LII,1691,1691,-0.0042222705591092695,-0.008029645466772848,1.7827568674320904e-05,-44.8528965554318,21.879387526083587,1691,0.546646858049204,1.0251827908928046,0.29882278741506657,15.58103552174816,58.19327463757637,1691,0.4015551798128947,0.4733331988312912,0.16124656243456617,9.939080035862414,58.24111890657318,inflation
LIN,1691,1691,0.12400709389413903,0.16585856890659917,0.015377759336069812,6.877108650562001,54.02975769991526,1691,0.5504653253435083,0.7260482634189028,0.30301207440553446,-12.585404853220055,43.535656368646656,1691,0.41311524443748515,0.34247906386661864,0.1706642051866431,-18.858399228729656,41.711199751474965,liquidity
LIT,1691,1691,0.1256450619458293,0.2546260788509907,0.015786681591371282,33.43053467027228,70.53280022847511,1691,0.5671032928079219,1.1333492619333858,0.3216061447135876,27.346446991555663,64.31591235130702,1691,0.4822017138212737,0.6057000779204954,0.23251849281217354,39.032307165010835,74.94079904132145,liquidity
LITE,1691,1691,0.0685867940484181,0.23703768950507093,0.00470414831784012,27.487268060558467,66.83904027652497,1691,0.4936421297202927,1.6824154941326401,0.2436825522347863,61.86984227655024,82.28164542578287,1691,0.2748333402958138,0.5887321340423924,0.07553336493815459,29.293928402114112,69.35091347622149,growth
LKQ,1691,1691,0.08096321338484375,0.15196808465480005,0.006555041921599741,1.5370949489552173,50.71092143542365,1691,0.5021379169375254,0.9294623653604354,0.25214248762635716,5.116023970523709,52.74735593234626,1691,0.3909188997584601,0.45480239546458456,0.152817586188365,5.73333235017576,55.82699548304767,liquidity
LLY,1691,1691,0.014314606280243792,0.026629876965670308,0.00020490795295839502,-36.762648797537516,26.907503397685613,1691,0.3336436921721449,0.6120921516826006,0.11131811332626099,-29.983355422717338,34.481884762631736,1691,0.16855015435894133,0.19435258875869452,0.02840915453442295,-49.178801839414504,24.307113813964033,liquidity
LMND,1565,1565,0.02521314157912418,0.1192061038908422,0.0006357025082889605,-10.110601623221546,43.47183930162632,1565,0.42090642884346674,2.0060899357572692,0.17716222184176034,70.82452639720564,86.94160031578951,1565,0.33825936843020643,0.9851624382033761,0.11441940033080214,69.73586887510928,92.56482051133693,growth
LMNR,1691,1691,0.10267112096060811,0.22596242018970927,0.010541359079307823,25.635987065364564,65.68846298479164,1691,0.2964009415003049,0.6432971578284836,0.08785351812226716,-28.1298699095882,35.44642564024233,1691,0.2276128064428349,0.3104960146593645,0.05180758965678343,-30.311955937553687,35.13679215504411,liquidity
LMT,1691,1691,0.09431708036038149,0.13244429732114754,0.00889571164770666,-3.858485882096105,47.357550015290286,1691,0.2510333388496884,0.3476309676801101,0.06301773721402248,-46.404639731761335,25.936363437138226,1691,0.14113311143867893,0.1228409747219468,0.019918555144362565,-55.324868419680925,20.779236156332736,liquidity
LNC,1691,1691,0.19994825958105597,0.5528766884983399,0.03997930650949334,62.63999307492932,88.68657571230307,1691,0.5545492844812008,1.51215022911539,0.30752490891861173,56.221887576096144,79.34248936284509,1691,0.35479125584350824,0.6080719649463663,0.1258768352230137,35.023938533880994,72.63997233327429,inflation
LND,1691,1691,0.11318201459622897,0.26903556130749023,0.012810168428060986,36.03856045015682,72.15369691913442,1691,0.20352352950201366,0.47707980668448885,0.041421827060957025,-42.99376233039569,27.711360144062112,1691,0.24148085077766263,0.35578398001197475,0.05831300129230377,-21.93411991922587,39.94571833935438,growth
LNG,1691,1691,0.2181933696512265,0.4258113274810853,0.047608346559756765,57.7538538007591,85.6498239130346,1691,0.2546464940797295,0.49006930548034,0.06484483694709771,-40.527962473037746,28.99454511722807,1691,0.1843668105267637,0.2230128184147699,0.03399112082381159,-44.115244892621384,27.213624699819235,inflation
LOGI,1691,1691,0.015197012838131036,0.03168283539565968,0.00023094919920231953,-35.49152172325865,27.697513099275785,1691,0.5082992953910441,1.0450316847262155,0.25836817369503196,16.38110846964925,58.60962699525852,1691,0.3850598926774837,0.4975829822728169,0.14827112094879527,14.435465714657294,60.822070214072056,inflation
LOW,1691,1691,0.0039069667916180615,0.006474229866686333,1.5264389510806328e-05,-42.08788755865069,23.597849807819205,1691,0.5395977914010067,0.8817849828300653,0.2911657764848444,2.4808923434411296,51.37605189236234,1691,0.40879174840492716,0.41987685787642764,0.16711069356395727,-1.6463217633297194,51.59103146800208,inflation
LPX,1691,1691,0.03281963776483365,0.082147303615962,0.0010771286230148948,-21.908554655680955,36.13937227834636,1691,0.5184309115564605,1.279659890914927,0.26877061005726255,39.06008624098957,70.41160816421281,1691,0.43119948111094986,0.6689739115766437,0.1859329925103524,47.05642242864907,79.54668747275144,liquidity
LQD,1691,1691,-0.3264425654898339,-0.1651403565639159,0.1065647485635845,-70.2242755683801,6.1109911410710644,1691,0.31121305264200744,0.15525599506408586,0.09685356413475689,-49.146571778518464,24.50948120687854,1691,0.5600406469994978,0.17560521411802266,0.3136455262916162,-37.167874839839776,31.20145517129495,inflation
LQDA,1691,1691,0.0606338641928309,0.26349359072425527,0.0036764654869546613,32.846382991762084,70.16974801869897,1691,0.23977498059286415,1.0275496448360362,0.05749204131830838,5.066018509822231,52.72133344087888,1691,0.17324440973644772,0.4666437585097326,0.030013625504930183,0.1442134908190354,52.61880902879101,inflation
LRCX,1691,1691,0.06737019378807456,0.19930224283172593,0.00453874301104272,17.86099234199284,60.85627792197194,1691,0.6595666124600651,1.924186629835005,0.4350281162720457,76.47164843523497,89.88032306703413,1691,0.40888799980830887,0.7497563919307914,0.1671893963872396,55.97196464203322,84.66426011364256,growth
LRNZ,1651,1651,0.06531688917728433,0.14488470705102818,0.004266296011797643,-1.0400146897230629,49.10923922928198,1651,0.6761415904928469,1.4988046164478468,0.4571674503941967,59.462874140796906,81.02907606843151,1651,0.44413460579341674,0.609505074860336,0.1972555480632737,38.601953180219716,74.69377337246654,growth
LSCC,1691,1691,0.09887300774309593,0.31554554009983893,0.009775871660166307,42.077207482630214,75.90673612085162,1691,0.644662193416828,2.028899998873269,0.4155893436209957,78.99422620584224,91.19305486853324,1691,0.4132649011890569,0.8174933812847213,0.17078787855480096,63.90486130744527,89.21778854368957,growth
LTPZ,1691,1691,-0.018134098470455044,-0.01667898351791497,0.00032884552733615995,-46.80555207612769,20.665805629805813,1691,0.10282662844508972,0.09326599885066773,0.010573315517384534,-57.454840771117446,20.185916221459664,1691,0.3329001670038274,0.18978375949208784,0.11082252119117618,-44.10304749398139,27.22062607697343,growth
LTRX,1691,1691,0.0662128832845806,0.24461222813073297,0.004384145912857493,29.09542142666891,67.83851293868418,1691,0.36356474095558783,1.3245292748122557,0.13217932086610368,37.135000105171514,69.40980682410785,1691,0.23601458927485597,0.5404380720352485,0.055702886350578955,19.140822853587874,63.522972344697784,growth
LULU,1691,1691,0.0710243285581696,0.16570909081906507,0.0050444552471388265,4.909962514280075,52.80716983788737,1691,0.5225878518803254,1.202382502151918,0.27309806293289296,32.10237013237687,66.7908614391754,1691,0.33837719214924905,0.4893411099425232,0.11449912416680981,11.56132835141626,59.17229879420211,growth
LUNR,1217,1217,0.014947209920574045,0.0885424984358016,0.00022341908440970715,-20.617350688339318,36.94185983570589,1217,0.25300143491810534,1.4762205515023588,0.06400972607062029,43.299976501405155,72.61801735586045,1217,0.16237388388305773,0.5789766592923533,0.026365278167268715,23.666607184822897,66.12079864822111,growth
LYB,1691,1691,0.2655934690922924,0.5790375044981869,0.0705398908244785,65.83957020400646,90.6751235326624,1691,0.38109905127728866,0.8193534938533086,0.14523648688444948,-10.395271279882925,44.675386538614184,1691,0.26575753581311834,0.3591255575952691,0.07062706784146087,-20.40793984584702,40.82175450200882,inflation
LZM,1200,1200,0.044103400696893294,0.16464727470772023,0.0019451099530307279,3.291233941997509,51.80112464994271,1200,0.19533901798941913,0.7190156007867692,0.03815733194907061,-26.029569756320033,36.53940712767724,1200,0.12563339506615145,0.2803823664244914,0.01578374995584769,-38.61670801570292,30.369816573826157,liquidity
MA,1691,1691,0.13919342641898524,0.22126876095900738,0.01937480995825746,25.223027513563007,65.43180725076706,1691,0.600894759435783,0.9419848857399602,0.3610745119173875,9.587257603669572,55.07415459463289,1691,0.363685430226388,0.35834281730305517,0.13226709215895294,-17.205962240428548,42.659708111340194,inflation
MANH,1691,1691,0.11248938484233921,0.25635407494520035,0.012653861702207895,33.19558467069611,70.38677802282027,1691,0.5110592950481918,1.1485346842818924,0.26118160305515475,26.8506486137639,64.05790234850649,1691,0.3384952032210001,0.478137300008544,0.11457900260362613,8.972223699898924,57.68613779446863,inflation
MAR,1691,1691,0.1367944530543749,0.27696394727371126,0.018712722386445578,38.4434866895137,73.64836657030092,1691,0.5446755103227819,1.0875187204981156,0.29667141154538296,21.26225517699554,61.14974154997196,1691,0.3736893684914553,0.4689612057304981,0.13964374412354266,7.836283144382203,57.03410136533659,inflation
MARA,1691,1691,0.10527716908614922,0.7596642584954733,0.011083282330793653,65.18947108280274,90.2710847680585,1691,0.4240703069693182,3.0176543979848507,0.17983562525305177,78.94046594774225,91.16507840680154,1691,0.32751283970139455,1.4648300772654212,0.10726466016927136,76.01195199145687,96.16732841040363,growth
MAS,1691,1691,-0.046111836278792825,-0.08187034300602043,0.002126301445002194,-55.45172866698237,15.292178140742903,1691,0.5521212511962791,0.9667023984281119,0.3048378760225447,10.360670504792575,55.47663325072183,1691,0.45469618371021997,0.5003880442106706,0.2067486194806381,18.00022939603289,62.86826512296536,inflation
MBB,1691,1691,-0.40709736297579757,-0.14544434253177577,0.16572826294184828,-72.4834467327739,4.706908753449512,1691,0.18983637779224963,0.06688398211976906,0.036037850333281725,-54.63499824301281,21.653342520459937,1691,0.5132542045395903,0.11365864702967518,0.26342987847756755,-42.52612886019501,28.12578646587965,inflation
MBC,950,950,-0.09613417674643374,-0.2613035212440377,0.009241779938714561,-63.74197285568286,10.139763822653968,950,0.3978014069264182,1.0766488211102518,0.15824595935263774,15.33241611146193,58.06389483800963,950,0.31989967401324254,0.5339943947716363,0.10233580143377885,20.498309926109638,64.30217775211223,inflation
MBLY,981,981,0.03398060520763519,0.11980614862975254,0.0011546815302771638,-9.465492347654711,43.87277686058181,981,0.41892545349845534,1.476165300834221,0.17549853558888645,48.994567802194425,75.5814427789294,981,0.29910760779038004,0.6453734439117464,0.08946536103808381,39.72722247387753,75.33968443575702,growth
MCD,1691,1691,0.03393483833863436,0.03852099869158017,0.0011515732530692484,-32.69346018980435,29.436517642412607,1691,0.3930030532444511,0.4399383460390904,0.15445139985946088,-37.37672314511724,30.634427989461603,1691,0.29811520016380116,0.20975257267720304,0.08887267256870324,-42.27628889626176,28.269196045849622,liquidity
MCHP,1691,1691,0.10948693805339904,0.28382004306357783,0.011987389604308838,38.95346520827833,73.96531991476117,1691,0.6500101915265861,1.6616710637067609,0.4225132490884292,66.10248159501768,84.48428127803257,1691,0.4202480364012976,0.6752395422385539,0.17660841209914635,47.57511665999512,79.84442095253237,growth
MCK,1691,1691,0.07477692632465757,0.11585435662166402,0.005591588710563267,-10.292608099018594,43.358721671971956,1691,0.28886551349409895,0.4413514890562356,0.08344328488620946,-40.90878768685658,28.7963663435872,1691,0.14392889539717058,0.1382178633275521,0.02071552693024967,-54.212271835426876,21.41787301134979,liquidity
MCO,1691,1691,0.03833672212632615,0.06299286355927962,0.001469704263391145,-26.22543068394806,33.45641947850309,1691,0.6111080164259274,0.9902355068720248,0.37345300774003154,14.454695579243971,57.607135221360096,1691,0.4416455298791235,0.4498022627548198,0.19505077406221175,6.606769608215111,56.328353505733816,inflation
MDB,1691,1691,0.05190064892081381,0.19215441965591162,0.0026936773584015717,15.290069980225013,59.25844112899515,1691,0.47105925262616694,1.71987652417879,0.22189681948472295,63.22167921919252,82.98513190129424,1691,0.3138694150481711,0.7202744518519658,0.09851400970268111,49.82758043735382,81.13734814929941,growth
MDGL,1691,1691,0.004814632874865392,0.015770892781675223,2.318068971973459e-05,-39.57563355623141,25.159224020461107,1691,0.28097868460514686,0.9076337093885879,0.07894902120243859,-4.315789403954293,47.8391063208779,1691,0.24026502732281052,0.48781492638898194,0.057727283354430885,7.676405184398974,56.94233049438906,inflation
MDLZ,1691,1691,0.004102444768805831,0.005002086741419674,1.6830053081102325e-05,-42.53204322754105,23.321805583335415,1691,0.3152031212197698,0.37900341649022357,0.09935300762668489,-43.36945190214761,27.515853922578366,1691,0.3097558596822997,0.23409893020595693,0.09594869260752054,-38.4863853274248,30.444622548388008,growth
MDT,1691,1691,0.11197727338264168,0.16064806171294205,0.012538909754210873,4.990323388860808,52.85711438853985,1691,0.4346762072449372,0.614972379344986,0.18894340514484362,-25.996219997077684,36.55676210877628,1691,0.32843565615074793,0.2920568009322443,0.10786998023117234,-29.150892537759383,35.803249241659366,liquidity
MELI,1691,1691,0.053036005707241034,0.15482181421934504,0.0028128179013785035,1.57438682594598,50.734098460922795,1691,0.5227523816019481,1.5048787286611156,0.27327005247050884,54.545249227707394,78.4699785109743,1691,0.38961852967566474,0.7049728136063569,0.15180259866662685,49.99831375981045,81.23535006090282,growth
MESO,1691,1691,0.05657102601434428,0.24367601076763054,0.003200280984315617,28.306959024118704,67.3484809348366,1691,0.32532210334920425,1.381899412114156,0.10583447092755033,40.30648176986742,71.06022366660439,1691,0.20649166254422685,0.5513059304617905,0.04263880670027886,19.79876066086061,63.90063243999206,growth
MET,1691,1691,0.2161503155135851,0.38362716092332366,0.04672095889662239,54.863613167867065,83.85352975321567,1691,0.5483656398192284,0.959771496921915,0.3007048749343517,9.552728009457898,55.056185635680386,1691,0.32891642182283126,0.36183490013178493,0.10818601254473467,-17.520882738369167,42.478941929570865,inflation
META,1691,1691,0.08206936232426262,0.1885607051259578,0.0067353802323110975,15.218481454115881,59.21394862207499,1691,0.6173664447452181,1.3988053842979145,0.3811413270973504,51.65552721395774,76.96618741714096,1691,0.35372437441353505,0.5037401235747855,0.12512093305424674,15.14271216778683,61.22803375642055,growth
METC,1691,1691,0.13519474816762325,0.6181664483174905,0.01827761993210707,62.96685521448781,88.88972161845115,1691,0.24732741090543398,1.1152237237367564,0.06117084818518538,14.237552183077867,57.49413531905613,1691,0.17759428374247227,0.503322116258617,0.03153972961800175,8.865409644776648,57.62482591089796,inflation
MGA,1691,1691,0.10020984260085027,0.21611865775376266,0.010042012554087185,22.731108584698458,63.8830713539284,1691,0.5628137859345329,1.1969906230325693,0.31675935763796226,33.172029775705184,67.34750482473858,1691,0.4672599635880397,0.6246142312896299,0.21833187357229616,42.00457574206013,76.64689834377927,liquidity
MGX,658,658,-0.029325195561175754,-0.13080378262840173,0.0008599670947012021,-58.47217542660126,13.414960440388873,658,0.2584301254967827,1.1433032783168353,0.06678612976428284,17.67037963089563,59.28055467639653,658,0.1921659286703169,0.5346216262546887,0.036927744141725324,16.253127538153205,61.865418582088374,inflation
MGY,1691,1691,0.32571340431789025,0.9440118954981223,0.10608922175234944,75.04697695685036,96.39755743279797,1691,0.34126109325144494,0.9753775440574712,0.1164591337671714,3.6570610738612825,51.988121860766,1691,0.24007212902339858,0.4312757128103707,0.05763462713382734,-4.958273402654596,49.68995212905631,inflation
MHK,1691,1691,0.004099257912250434,0.010244242046152622,1.6803915431147788e-05,-41.06641322372172,24.232699502116738,1691,0.501540768165579,1.2360184919802446,0.2515431421321191,35.08645073661921,68.34375608253164,1691,0.4504418753053351,0.6977257772042215,0.20289788302858705,51.22513606066504,81.93955313591754,liquidity
MIELY,1691,1691,0.047975347051693304,0.08730826384075834,0.0023016339247304172,-19.799613937319098,37.45008594442858,1691,0.44798589873729755,0.8039808619134255,0.20069136546746422,-9.068975764489473,45.3655814342996,1691,0.35761317417003424,0.4033872425459946,0.12788718233996724,-7.947545842470316,47.97409251131983,inflation
MKC,1691,1691,-0.021438106850876968,-0.0303544806912641,0.000459592425349618,-49.85267545704002,18.77200832065113,1691,0.23067465661540917,0.3220923416286988,0.053210797204636937,-48.357436454713934,24.920141701597448,1691,0.2015479698790622,0.1768830534842315,0.04062158416237137,-49.60236918953205,24.063983712546065,inflation
MKSI,1691,1691,0.08060729557974669,0.2442803596999664,0.00649753610068065,29.373727157953756,68.01148087570014,1691,0.6580414050234706,1.9665797417421447,0.4330184907252633,77.09476227209207,90.20458714290423,1691,0.4245360561197086,0.7974440168262482,0.1802308629456764,62.0443647395584,88.1498527853914,growth
MLM,1691,1691,0.04857719142815107,0.09002400235752527,0.0023597435270472336,-19.102053287005173,37.883622207125356,1691,0.5503143983293075,1.0057289027465421,0.3028459370085477,14.243657887752995,57.497312684999415,1691,0.37526650892366364,0.43105942489610427,0.14082495271975412,-0.3392194556683048,52.34131572984897,inflation
MMM,1691,1691,0.03802931755648669,0.05943590382272778,0.0014462289938121068,-27.363683339122268,32.748991670029625,1691,0.49286494815716675,0.7596305317782112,0.24291585712196667,-12.008183015713387,43.83603856952221,1691,0.33108622793743575,0.3207324323453985,0.10961809032983966,-24.548148544305974,38.44525083507475,inflation
MMS,1691,1691,0.049326564730444104,0.07768770345672464,0.002433109988106692,-22.796553755683373,35.587477886195806,1691,0.4469895657869079,0.6942452832629622,0.19979967192236847,-19.364038224344608,40.008103045747085,1691,0.3141779901742931,0.30670340135053437,0.09870780950995821,-27.845921254567564,36.55231028317241,liquidity
MNRO,1691,1691,0.007017187678246496,0.018161320237801017,4.9240922911734445e-05,-38.70929869145217,25.69765401841366,1691,0.38839759718151,0.9912997544467903,0.1508526934963705,6.88532960473533,53.668090190637145,1691,0.2983651633785921,0.47863434765162965,0.08902177071793395,7.6804216549376285,56.944635971638746,inflation
MNST,1691,1691,0.04026012923642164,0.05985353537887865,0.0016208780061333723,-27.06010623127858,32.93766585157301,1691,0.45253834965842354,0.6634591255054397,0.20479095791156962,-21.19931908025526,39.05303574423177,1691,0.3361237343802289,0.3097314074181915,0.11297916481371068,-26.739572158790857,37.18736104377807,inflation
MO,1691,1691,0.1035429319730573,0.13687986970749486,0.010721138761577173,-2.408087580422611,48.25897738056138,1691,0.22911201609739332,0.29868343097591665,0.05249231592021222,-49.088624969982384,24.53963632013096,1691,0.18642688549101388,0.15275628623663579,0.034754983633879605,-52.04834608500446,22.65997887011147,liquidity
MOB,1024,1024,0.11140681369604072,0.7059623734585178,0.012411478137904325,64.2765151489191,89.70367962070016,1024,0.21839684757074002,1.3760153196613045,0.04769718302883705,36.11310041952924,68.87801738597226,1024,0.13037125538220964,0.5006659979998225,0.016996664229933327,6.874355603598495,56.48194941008653,inflation
MOG.A,1691,1691,0.15612207771030187,0.336880530354837,0.024374103148581537,46.56141062098806,78.69368327577203,1691,0.4995215838485907,1.06294302888977,0.24952181273060461,17.652379458985145,59.27118751302313,1691,0.31626964189075835,0.4230001478993632,0.10002648638170852,-3.9826006951417594,50.24999388926874,inflation
MOH,1691,1691,0.056466505898031684,0.12240687375049115,0.003188466288332447,-8.114739075875915,44.71227450857684,1691,0.2822713120552575,0.6034284377295933,0.07967709360939657,-32.57063417346929,33.13548302428718,1691,0.1545738447094673,0.20769322183191088,0.023893073468266513,-47.63848438573239,25.19126491443407,liquidity
MOS,1691,1691,0.2198558668294584,0.6118754117788463,0.04833660217933255,65.59174631908309,90.5211001644745,1691,0.36174450627279103,0.9928211637812394,0.13085908781854536,6.290719471499114,53.35865924246666,1691,0.2623258421160854,0.4525196478856407,0.06881484744191337,0.7815779346007162,52.984659894807585,inflation
MP,1573,1573,0.0587971484978439,0.24259328382065118,0.003457104671477507,28.046625262472247,67.18668263668548,1573,0.38962206831017165,1.618682174613648,0.15180535611429608,55.523155738644384,78.97887420915966,1573,0.31183280984548056,0.7920859321009426,0.09723970129612763,57.648753721868495,85.6267467144718,liquidity
MPC,1691,1691,0.3016283460228207,0.7092903602261872,0.09097965912446244,71.04701812987938,93.91156972691809,1691,0.3569315570161275,0.827715315491908,0.1274001363939571,-9.888141384747769,44.93929338366442,1691,0.23631344981067978,0.34443856223751357,0.05584404656142467,-24.59546464257591,38.418091121825185,inflation
MPWR,1691,1691,0.07975398174394269,0.2500714558060363,0.0063606976040131435,30.696853367976416,68.83380821298792,1691,0.6436579699996896,1.9902656100725937,0.41429558234412134,77.71883554148957,90.52935050074767,1691,0.4206339755902215,0.8174995441710364,0.17693294142083504,64.27552826100901,89.43055351244185,growth
MRCY,1691,1691,0.04629555674615595,0.11926818942086992,0.002143278574436546,-9.259967742852451,44.00051108558161,1691,0.42937472683159933,1.0908522533668616,0.18436265604171054,17.677725152896095,59.28437723459115,1691,0.2993812814727476,0.4780588701865835,0.08962915169626454,7.490487089187099,56.83561243566297,growth
MRK,1691,1691,0.001508086618133461,0.002124847820386669,2.274325247793219e-06,-43.07384316090653,22.985075123933896,1691,0.2508207551385246,0.34850511476317314,0.06291105120825971,-46.29933081212909,25.99116546123974,1691,0.1732021278061134,0.15126072968710003,0.029998977076565243,-52.736711303021934,22.264853265593683,liquidity
MRNA,1691,1691,-0.06100077405017908,-0.26461061660644175,0.0037210944347210013,-62.737802460359916,10.763859060972152,1691,0.24754358412785596,1.0589311733012527,0.0612778260428649,8.156653371621529,54.32967817346924,1691,0.23770852516328045,0.6391283749197985,0.05650534293530193,36.22526238765324,73.32953915262998,inflation
MRVL,1691,1691,0.10426768360422753,0.34974217241665106,0.010871749844191298,47.001493817735124,78.96719644528282,1691,0.6207142190386625,2.0532135035383345,0.3852861417167767,78.60704450069838,90.99156822133321,1691,0.36939046079608656,0.7679896663805629,0.13644931252714515,56.61903906801914,85.03568456543582,growth
MS,1691,1691,0.1593812531832434,0.2955965190710186,0.025402383866261133,42.39100648066764,76.10176324112557,1691,0.6471725790567873,1.1836582402439977,0.4188323470830136,34.88434469023126,68.23858151171758,1691,0.4081863620006236,0.4692367208637643,0.16661610612330413,9.269176616249059,57.85659048079711,inflation
MSCI,1691,1691,0.04439219266443243,0.08358731924582455,0.0019706667695560884,-21.05251783610306,36.67140200697801,1691,0.5563285484345095,1.0330213250274332,0.3095014538032484,16.934638830940703,58.89768031786734,1691,0.37401516716863803,0.4365102410147206,0.13988734527218424,0.9699757771815976,53.092801342822646,inflation
MSFT,1691,1691,0.1120010284207812,0.18649263330548274,0.012544230367312639,15.589593670356136,59.44459609795758,1691,0.6855022900063722,1.1256223833687637,0.4699133896039804,30.701166446840546,66.06168485646948,1691,0.3733322757967408,0.385306762315232,0.1393769881515737,-12.358348664546861,45.44226625708059,growth
MSOS,1522,1522,0.07342453688263441,0.27720623656563315,0.00539116261642934,36.451038322548754,72.41005328780493,1522,0.27304251667328827,1.0306391397760106,0.0745522159112829,6.455880971683039,53.44460813022782,1522,0.19052401628233182,0.4415506653040429,0.03629940078035024,-4.099222309563314,50.183052410106164,inflation
MSTR,1691,1691,0.09299099276781593,0.47612751049944907,0.008647324735943995,55.626757600299406,84.32782655448403,1691,0.4442996639126854,2.2433783064589976,0.1974021913529252,75.13851945984078,89.18657208663183,1691,0.35150969403540483,1.1155553428990141,0.12355906500086392,74.03310815507265,95.03146063755261,growth
MSTY,650,650,0.11722185568520029,0.4969858024184766,0.013740963450281923,57.827829996683654,85.69580036468108,650,0.46576460822756194,1.9731242718574347,0.21693667027737426,70.92882113185019,86.99587456512765,650,0.3347294263492464,0.8859522650215842,0.11204378886409558,65.44059496992527,90.0993085215777,growth
MT,1691,1691,0.15582694198090377,0.4063506068964867,0.02428203584711995,54.55628468659095,83.66252408061536,1691,0.5300814242815132,1.3631545265855347,0.28098631636831756,46.458313856791385,74.26159399186639,1691,0.4955478039176371,0.8009683274942003,0.2455676259675929,64.98077331057785,89.83536823760564,liquidity
MTA,1691,1691,0.05031608084907431,0.17061753545247044,0.0025317079920105824,6.665659533967385,53.89834137114483,1691,0.30119549709920657,1.0071855183830336,0.09071872747283816,5.749995043745427,53.077270037967004,1691,0.3803436367449996,0.7994005365988794,0.1446612820124122,60.72312876048955,87.39145571465653,liquidity
MTDR,1691,1691,0.3520453259198049,1.2310361617212868,0.12393591150198167,76.98333835862424,97.60101248000792,1691,0.32337114470284967,1.1151097979690727,0.10456889722643134,16.786333516464435,58.82050327107308,1691,0.1918390732670358,0.41579639374443267,0.03680223003195513,-10.479908237908738,46.520501893773094,inflation
MTH,1691,1691,-0.04602203249571288,-0.11759994159948042,0.002118027475036452,-58.605567321218125,13.332056934521372,1691,0.46603488839171864,1.1743671145240548,0.21718851719828164,27.755280070292983,64.52866622166007,1691,0.44264991307847046,0.7010889420070321,0.19593894554837746,51.5161641303397,82.10660492608936,inflation
MTN,1691,1691,0.08978215968733498,0.1805662598852817,0.008060836198122118,11.65495147804198,56.99920289761396,1691,0.4216326315848259,0.8362283929606554,0.1777740760171455,-6.947107677705425,46.46978672325564,1691,0.3181887876978097,0.3966457899746892,0.10124410461660183,-11.356887660411875,46.01711064825926,inflation
MTR,1691,1691,0.1471091836165094,0.5757634888411671,0.02164111190431588,61.46712151330811,87.95763213840773,1691,0.07382778369822005,0.2849497674740231,0.005450541645791165,-54.974570502045395,21.476631495518316,1691,0.07320379320215172,0.17758625305375367,0.005358795339183394,-53.981666023700924,21.550242077041336,inflation
MTRN,1691,1691,0.07215085500475969,0.17752549570346554,0.005205745877917857,10.023111668444987,55.98500903209973,1691,0.5376345310065136,1.3045194135343263,0.28905088893059383,41.874450562678106,71.87618364296826,1691,0.37336714011536104,0.5694121999268666,0.13940302131792365,29.585629609154722,69.51835165112297,growth
MTSI,1691,1691,0.06853996945717662,0.19316582042279126,0.004697727413190704,16.097944898043675,59.76053807560467,1691,0.6132947234438567,1.704510749490448,0.3761304178040767,67.52342460067375,85.22373006465746,1691,0.37920144646942844,0.6624113791463093,0.1437937370045068,44.108997720965995,77.85484869456906,growth
MU,1691,1691,0.10666061340368325,0.3378240888718175,0.011376486451649976,45.28125676834834,77.89806340142772,1691,0.5737773312288534,1.7921487891431958,0.32922042583210537,69.7482950578841,86.3815370656653,1691,0.3246154117176792,0.6372753125915627,0.10537516552463838,38.816006018965254,74.8166409362166,growth
MUR,1691,1691,0.314359228183569,1.042430463504441,0.09882172434416919,75.21332753976404,96.50094487298882,1691,0.3037154614467355,0.9931890480775636,0.09224308152180348,4.372452252110154,52.360406418705765,1691,0.21678287405051896,0.4455713652765652,0.04699481448160317,-2.165418141969913,51.29306715335539,inflation
MVIS,1691,1691,0.06910408102756041,0.437940198453604,0.004775374014663635,53.099475446545696,82.75711229583777,1691,0.3384121468604826,2.1149553239261403,0.11452278114272084,69.85396546969191,86.43652720776278,1691,0.25715896577892466,1.0101461384988903,0.06613073368048615,67.91209892802125,91.51796604515698,growth
MYO,1691,1691,0.053919604581488485,0.2875545836481007,0.002907323758224074,37.910603332945335,73.3171777930154,1691,0.27628672411606686,1.4530406123690336,0.07633435392278765,42.761969429058006,72.33804224407965,1691,0.18155678311929882,0.600146804210208,0.03296286549662811,27.494990444734874,68.3183127153251,growth
NANC,911,911,0.05323258249010134,0.051844378310940575,0.002833707838565444,-28.973806707382447,31.748294644986537,911,0.9337683534942439,0.9014587867876309,0.8719233379873512,18.08085160907217,59.49416141853746,911,0.480019544421285,0.2868100831598908,0.23041876302641803,-24.634701894951473,38.39556871270469,inflation
NBIS,483,483,0.09156101912371141,0.5745511377374131,0.008383420222972646,59.41018640653719,86.67924013278362,483,0.4418960416808686,2.8381403970734116,0.19527211165321995,79.0006199150316,91.1963821100083,483,0.17649663540950705,0.7058653692378305,0.03115106231087646,42.7645461595409,77.0831257456918,growth
NBIX,1691,1691,0.059423818091232185,0.11847396645705477,0.0035311901565398536,-9.476974692912686,43.86564054483937,1691,0.3256107076763165,0.6401845578166718,0.10602233295347163,-27.22027744295078,35.91977118830505,1691,0.20767708777363006,0.2566388401216802,0.04312977278613604,-39.804155353768564,29.688214954503323,liquidity
NC,1691,1691,0.11807277524321304,0.33108901564253557,0.013941180253634302,44.440439587979064,77.3754927291507,1691,0.28651241597839233,0.7922871059061003,0.08208936450977533,-15.96079050580397,41.779129319173755,1691,0.2397597879863665,0.41671848920549237,0.05748475593526741,-8.464435174163208,47.677395054347556,inflation
NDSN,1691,1691,0.06485455476585479,0.09814202625170376,0.004206113273877259,-15.939110531156924,39.84940164275893,1691,0.6253695899882303,0.9332444948789647,0.3910871240820473,9.654631226344346,55.109215355929486,1691,0.4316508935460006,0.40487280350200117,0.18632249389906075,-4.905228266219555,49.720400343248464,inflation
NEE,1691,1691,-0.007167173099903237,-0.011629441614998166,5.1368370243976584e-05,-45.97071229006644,21.184661331652947,1691,0.347655945794842,0.5562945052549277,0.12086465664650611,-34.11564987636527,32.33146767513155,1691,0.3250708746239602,0.32693427357957844,0.10567107352878646,-23.631192415047774,38.97158894078688,inflation
NEM,1691,1691,0.006243986918212597,0.013836662636694625,3.8987372634810044e-05,-40.20210226185215,24.76987163768396,1691,0.27372498664887984,0.5981745764715164,0.07492536831592944,-33.208003611261454,32.80380043354907,1691,0.38349921667921083,0.5267508820231489,0.1470716491935683,21.371301725142718,64.80328007876008,inflation
NET,1691,1691,0.05483318747669877,0.21192093477714308,0.003006678448854795,20.015432160123314,62.19526942978859,1691,0.4714875325896795,1.7969861164433154,0.2223004933875041,66.28090145503602,84.5771297233785,1691,0.31459120391262935,0.7536129741632209,0.09896762557919754,53.23532353329935,83.09341233671542,growth
NFLX,1691,1691,0.04826446611154031,0.11165994529708695,0.0023294586890320232,-12.34803770170754,42.08126534213875,1691,0.4691883193538713,1.0704373044085842,0.22013767901811032,17.15446194928488,59.01207472882167,1691,0.2877041925916026,0.4125603792045393,0.08277370243478598,-8.13937320725575,47.863982497783425,growth
NICE,1691,1691,0.06525337235110737,0.14010943925593097,0.004258002603192264,-2.8462273710069916,47.98667204444013,1691,0.443252559903201,0.9385552123415782,0.1964728318607408,3.844281920983239,52.085550278150905,1691,0.2955840885496429,0.3933841959185388,0.08736995340372314,-13.38829497535053,44.851071135616984,liquidity
NINOY,1691,1691,0.09296936283917671,0.22898662068423958,0.008643302426722493,26.4239190263443,66.17816531744009,1691,0.2655122106532479,0.6449096744021067,0.0704967340059747,-28.985476790189235,35.00117381299101,1691,0.18676290147633084,0.2851230239156477,0.03488038136785766,-35.462431145639776,32.18038968600298,liquidity
NIO,1691,1691,0.033153574295595324,0.14904098893308043,0.001099159488573559,-1.038237215352345,49.110343935511295,1691,0.3476678168140793,1.541288709946239,0.12087291084826822,50.44677775154569,76.33716266403245,1691,0.3117262325143671,0.8686006304738655,0.09717324403760126,63.84623773904361,89.18413827738122,liquidity
NKE,1691,1691,0.05309553493728887,0.1001925655999349,0.0028191358302768633,-15.899678827064792,39.87390857791386,1691,0.506287453389286,0.9421472867785835,0.2563269854594085,6.388751241565162,53.40967428890939,1691,0.37310509747170467,0.43639533768008,0.13920741375937024,0.8253739882659483,53.00979908215614,inflation
NLR,1691,1691,0.10814199984439017,0.1831049077634037,0.011694692130344084,13.650538077814717,58.23946660223075,1691,0.5784604917097964,0.9658805716849955,0.33461654046913947,11.169794573242699,55.89769574813578,1691,0.46032368691164327,0.4831036668094283,0.21189789673192858,14.476463473824253,60.84560316424257,liquidity
NLY,1691,1691,0.06029020013105315,0.09608094119623002,0.003634908231842441,-16.54986034146691,39.469818605663306,1691,0.5226868573005766,0.821440749352902,0.27320155079475333,-5.3269487195448635,47.31290609608236,1691,0.46409019686895314,0.45842082731080536,0.21537971082986368,8.970823846180922,57.68533427036241,inflation
NNDM,1691,1691,0.04667020199144538,0.20680626069518787,0.002178107753922312,18.71498352243259,61.38703627908001,1691,0.2954600044966379,1.2911206924997034,0.08729661425715328,32.49634733864858,66.99588441756076,1691,0.2388242996349613,0.6559548341639382,0.05703704609612977,38.63205083414472,74.71104959937401,liquidity
NNE,597,597,0.04609883896742545,0.3873941106138826,0.002125102954144623,49.36280888684342,80.43476160918664,597,0.3398258339256709,2.887171513756585,0.11548159740327765,75.65366134264566,89.45464831394247,597,0.19389643723476843,1.0369278979442527,0.03759582837233649,66.59990522515966,90.76475929310628,growth
NNOX,1530,1530,0.01883642116210205,0.10157240351511453,0.0003548107621960859,-16.6477504111044,39.40897960202017,1530,0.325714506044757,1.7611030677761088,0.10608993944798004,59.938602681210895,81.2766418684472,1530,0.26922106354124337,0.8940691371529276,0.07247998105427819,63.59879966973712,89.04210739877723,liquidity
NOC,1691,1691,0.09757288804785202,0.1467910975907265,0.009520468481998664,0.31444396979277145,49.95103978807142,1691,0.21134277633882748,0.3135466074815739,0.04466576911060365,-49.37230031296324,24.392013658752123,1691,0.11891671163780825,0.1108880820628395,0.014141184306749639,-56.55343981080334,20.074029093418382,liquidity
NOG,1691,1691,0.295565063959182,1.0169058841950818,0.08735870703319533,74.21728374334154,95.88190034289816,1691,0.29983065219287075,1.0172971570818556,0.08989841999440223,6.153222870115611,53.28710697425226,1691,0.1891990288326895,0.4034762604350718,0.03579627251123287,-13.72929157975439,44.655337118373005,inflation
NOMD,1691,1691,0.02703288646680518,0.044304662865918616,0.0007307769507271787,-31.80753501008854,29.987123086211813,1691,0.24299230953163434,0.39272964442234587,0.05904526249151759,-44.43108876743357,26.96338553450992,1691,0.28627758634513784,0.2908143182835427,0.08195485644359785,-31.077422379047675,34.69741000365582,growth
NOVT,1691,1691,0.06411196167710351,0.14985712502521045,0.004110343630086389,0.2708050420464136,49.923918049431585,1691,0.608167202908249,1.4018626559044278,0.3698673466932433,51.44630309918681,76.85730865340152,1691,0.4250569966670382,0.6158244432856638,0.18067345041560254,38.61073295793437,74.69881301550228,growth
NOW,1691,1691,0.06489263702013132,0.1680869612478381,0.004211054339426518,5.935596155201558,53.444604554683806,1691,0.5329555717187634,1.3613623946495637,0.28404164142607397,46.33341031804918,74.19659506523779,1691,0.3282603991776306,0.527021725994456,0.10775488966825739,19.663441811633376,63.82295864023565,growth
NRG,1691,1691,0.08263625995982325,0.1885223715273233,0.006828751460147488,15.12557352183752,59.15620603335999,1691,0.47014054423957186,1.057703853799865,0.22103213133788083,15.834797626008603,58.32533065906341,1691,0.29846679273025667,0.4220458969803296,0.089082426362686,-4.831199114805283,49.76289350304051,growth
NRIX,1550,1550,-0.014799743931788503,-0.06719341349731081,0.00021903242044651061,-53.228311939607394,16.67403902691796,1550,0.32309032612781335,1.4793726530724758,0.10438735883737679,45.9785863927909,74.01194718002822,1550,0.26684042081553777,0.7474595746338102,0.07120381018101328,50.549301979194304,81.55162047603687,inflation
NRP,1691,1691,0.17222895681343117,0.38148149993048286,0.02966281356504274,52.988117564792724,82.68790300220103,1691,0.2012196800713368,0.4395233016543987,0.04048935964801114,-44.20189055569923,27.082658678393194,1691,0.15100316277656417,0.20731216009495504,0.022801955168525536,-47.87620760290699,25.05481041697333,inflation
NSC,1691,1691,0.11748210894790555,0.1810731097054866,0.013802045922847549,13.300945799299857,58.022193839171685,1691,0.5106181050237871,0.776108742303266,0.2607308491780833,-9.808331632059902,44.980825819906386,1691,0.3297875230433882,0.31505608318918993,0.10875981035509331,-25.495598011781496,37.90140937738969,liquidity
NSRGY,1691,1691,-0.08575578705730988,-0.0995833850513321,0.007354055013818676,-58.86875523564418,13.16848477093118,1691,0.27687124210743563,0.31706290651606456,0.07665768470611424,-46.966054661538976,25.644207040319557,1691,0.38491466046219064,0.27705074531488155,0.1481592958387235,-30.105610474456455,35.25523564072837,inflation
NTAP,1691,1691,0.1213269648994655,0.23920749641324038,0.014720232411716133,29.55867273939109,68.12642516927883,1691,0.5739482544886856,1.1159232638203695,0.329416598830609,25.894780407537638,63.5604752297172,1691,0.3277776150037887,0.4005605416743505,0.10743816489757194,-9.555537160903823,47.05109622224924,inflation
NTDOY,1691,1691,0.020509426731607116,0.03786223020927134,0.00042063658485916056,-33.501597644619245,28.934257528187324,1691,0.33253221156820056,0.6053834317343308,0.1105776717304385,-30.36050529242434,34.285618612321365,1691,0.2788149307833791,0.3190363146312061,0.07773776562774048,-26.941390692312872,37.071516041773975,inflation
NTES,1691,1691,0.03861353410264794,0.09554839784356424,0.0014910050158963553,-17.646791701030047,38.78807211975433,1691,0.3131608116333409,0.7641795417440826,0.09806969394285284,-17.62133169690939,40.91499531519476,1691,0.2702958744867394,0.4145669693593043,0.07305985976455119,-8.07216824378806,47.90255853434327,inflation
NTLA,1691,1691,0.03580088410443593,0.16494919369719488,0.0012817033026592533,3.1133952107844842,51.69059728739993,1691,0.43989233360178903,1.9986970815440346,0.19350526516162767,71.03803566565499,87.05270904348626,1691,0.35290619526717654,1.0078296948964418,0.12454278265795453,71.0377532610641,93.31210965603573,growth
NTNX,1691,1691,0.13825744397123846,0.3792734930368666,0.019115120813460142,51.46086656674703,81.7387114306944,1691,0.4826940986915245,1.3058103210979235,0.23299359291162322,40.064284781176475,70.93418605024762,1691,0.291851459512329,0.49624627514470093,0.0851772744194766,10.9476718548309,58.82005642658527,inflation
NTR,1691,1691,0.22232342370024522,0.45898927734018585,0.04942770472579876,59.476896585796524,86.72070073092218,1691,0.32313270983794484,0.6578734815545966,0.10441474816721345,-26.066764522540968,36.520051231880295,1691,0.27295875475188713,0.3492896917688167,0.07450648179570087,-22.410884173449773,39.672052908225766,inflation
NTRA,1691,1691,0.033876862946786955,0.11007121883463956,0.001147641843115387,-13.528099909611809,41.347852757678474,1691,0.4350054704054167,1.3938288409983428,0.18922975928263788,45.04739441301873,73.5273613966319,1691,0.33760886754074393,0.6799169313388133,0.11397974744214358,45.020993798444685,78.3783397019582,growth
NU,1202,1202,0.0424566670218809,0.14216043053262167,0.0018025685746068695,-3.0803653099149972,47.84115453718965,1202,0.45650981170056437,1.5067169630485264,0.20840120817888474,52.565007329727905,77.43947449859937,1202,0.3439461711150151,0.6886018851024599,0.11829896862467923,46.257543569251034,79.08812640081752,growth
NUE,1691,1691,0.15766839450648718,0.3590621577437866,0.024859322626253275,50.336260243112996,81.03976486263032,1691,0.4902122653378756,1.1009137709524277,0.24030806508769176,20.82178314632261,60.92052299065831,1691,0.30603080192169013,0.43197792497300813,0.09365485172483275,-2.311471802645447,51.209231509926646,inflation
NVDA,1691,1691,0.1027647080507383,0.30220565611684236,0.010560585220753477,40.860424799121894,75.15050163875325,1691,0.680865469951563,1.9745314021798999,0.4635777881723628,78.57010064171321,90.97234289590419,1691,0.37686096555665616,0.6869279298136097,0.14202418736029518,46.73306527757056,79.361078603432,growth
NVDQ,735,735,-0.09338873496807466,-0.5000156641182223,0.00872145581893729,-66.2391174324689,8.587780168263285,735,-0.6551968858430827,-3.49113093901146,0.4292829592184735,-87.02989620832402,4.7952645413040225,735,-0.23363127836662698,-0.769455895542134,0.05458357423122434,-71.71135319903316,11.373299402278555,growth
NVDW,402,402,0.13418360619282738,0.37933462584240346,0.01800524017091178,51.43103159402563,81.72016889598365,402,0.6718769325586788,1.9707381326104212,0.45141861250445936,77.69175508534735,90.51525802106629,402,0.2513464182529214,0.4723269533048605,0.06317502196857251,4.456274682217385,55.09395701763915,growth
NVO,1691,1691,0.048351047389273254,0.09497216685621053,0.002337823783639748,-17.644226784567106,38.789666223861225,1691,0.35770754949083033,0.6928874680637159,0.12795469096273485,-22.71440749375329,38.26459434684211,1691,0.27843424672315786,0.33898816380869573,0.07752562974829234,-23.79773284777707,38.875993772064774,liquidity
NVR,1691,1691,-0.059693366936585134,-0.10722247278410331,0.003563298056225795,-58.52031727903374,13.385040119089952,1691,0.47379998574865895,0.8392646414043345,0.2244864264954294,-4.670252883879334,47.65464600889489,1691,0.4245581281617072,0.4726811960556788,0.18024960418817257,10.631433878547869,58.63853400465031,inflation
NVS,1691,1691,-0.04286245226887815,-0.05065136975293847,0.0018371898145018578,-52.4065171390378,17.184787226923575,1691,0.3321449350721482,0.38706682841707035,0.11032025789408155,-42.21274166969944,28.117797824941622,1691,0.33396351140086955,0.24461586536384275,0.11153162694719873,-36.624373371568005,31.513428148119203,inflation
NVT,1691,1691,0.14883887376026497,0.33526870667906544,0.022153010342224094,46.08099978369081,78.39510634361974,1691,0.6193523040514491,1.3758102522428668,0.3835972765338387,50.033792046831074,76.12224779620942,1691,0.3660217265245873,0.5110400440199997,0.1339719042880398,17.038861035472443,62.31643414038791,growth
NVTS,1237,1237,0.017071961893792127,0.10153077857212124,0.00029145188290309045,-16.822255835018233,39.30052390104294,1237,0.4554625110611124,2.7045870021015164,0.20744609898209393,78.79895024620225,91.09143462701896,1237,0.31333862328331735,1.1275992499617427,0.09818109284108467,72.92261937779556,94.39403367589476,growth
NXE,1691,1691,0.17589828846794855,0.6531359468663828,0.030940207885953645,65.40622327070605,90.40579697327344,1691,0.43580748212025516,1.595808577565149,0.18992816147199654,56.01215172676747,79.23334429602643,1691,0.36922016485845144,0.849764937707913,0.13632353013810206,64.61828252633374,89.62729643718974,inflation
NXPI,1691,1691,0.12511953915197882,0.31147161741878987,0.015654899077603562,42.77033738289514,76.3375186576662,1691,0.6553263961650634,1.608774386804852,0.4294526855106896,64.37180981547365,83.58365180708566,1691,0.4298236379086831,0.6632160996057485,0.18474835970505474,46.21902246990886,79.06601506766778,growth
NXT,909,909,-0.02941883921410001,-0.10522403454049538,0.0008654681007050685,-57.122460760177795,14.253812591703488,909,0.37261200546625034,1.321984769893233,0.13883970661758097,37.33890501352172,69.51591751008627,909,0.2707442940887694,0.5942041809798255,0.07330247278162604,29.71455853248247,69.59235759656633,inflation
NXXT,1260,1260,0.0017796283431023394,0.012669999135779436,3.167077039573178e-06,-40.58385351102698,24.532611967470906,1260,0.09015563643627411,0.6334997185219079,0.008128038781229635,-36.47594908205912,31.10318450207342,1260,0.10804950993427842,0.4649142545733385,0.011674696597037732,-2.4758560508258443,51.11487400356898,inflation
O,1691,1691,0.012137636896581963,0.016426630735918,0.00014732222943326785,-38.981080366902376,25.52874080378333,1691,0.36136142670347415,0.4822811472282218,0.13058208070917032,-37.01843853025265,30.820876793300616,1691,0.3521049207567072,0.2953642104916337,0.12397787522108705,-27.758721528935894,36.60236342851179,inflation
OBDC,1691,1691,0.15326598998347787,0.19975114934082971,0.02349046368561554,20.98009455835494,62.79481031659928,1691,0.4834381561716754,0.6213389179709732,0.23371245084266923,-23.838554386549905,37.67959617833162,1691,0.3504106949808755,0.2830689719412103,0.12278765515698017,-30.18575577107266,35.2092317783224,liquidity
OC,1691,1691,0.03283810015397555,0.07310536324012525,0.0010783408217225291,-24.275644812043645,34.66821787851894,1691,0.5932787013598754,1.3024891480561116,0.3519796174872602,43.70924717552279,72.83099894778411,1691,0.4498692247255965,0.6207674309065346,0.20238231935520923,40.49390508569076,75.77976467592146,growth
ODFL,1691,1691,0.07260825959192221,0.15125850372097302,0.005271959360967964,1.0191728671569986,50.38903114013552,1691,0.5343423335804068,1.0977349602097937,0.2855217294561548,22.253586185288217,61.665623262544365,1691,0.3456282441476989,0.44628718943833984,0.11945888315262135,2.4569191609543655,53.94631541938952,growth
OGG,1691,1691,0.007393909470294769,0.023508549101180852,5.466989725491467e-05,-37.568619933500656,26.406589657827023,1691,0.20015523242401126,0.6275708820361817,0.040062117066709965,-32.964211271057266,32.930668259658106,1691,0.24656208312760286,0.48590280994974,0.06079286083622294,7.445804739474775,56.80996450927267,inflation
OII,1691,1691,0.2758745404692941,1.0342202200867032,0.07610676207914419,73.64086477071844,95.52365403553252,1691,0.3618083845332995,1.3375935579672187,0.1309053071185959,38.201021125621246,69.96455669581309,1691,0.27582315850709577,0.640919598032589,0.07607841476883048,37.67202390420976,74.15998860571078,inflation
OKE,1691,1691,0.28609241854832995,0.6020054214435661,0.0818488719508328,67.57177758067463,91.75169617470944,1691,0.4018164113232558,0.8338076275284468,0.1614564284086999,-7.978923435429325,45.93283703066955,1691,0.2874550817424979,0.3749172877010857,0.08263042401958615,-17.168040048813097,42.68147566800125,inflation
OKLO,1310,1310,-0.011460114762834893,-0.05363124246768721,0.00013133423037734626,-51.8711820739412,17.517499749208298,1310,0.2917235123509955,1.3538568439487588,0.08510260765840141,37.21379214303939,69.45080964868644,1310,0.1854751624589151,0.52519879528514,0.03440103588916095,14.102211778863422,60.63078053325738,inflation
OLN,1691,1691,0.16863926712361124,0.49980477862067324,0.02843920241598871,59.965687445596984,87.02448587491341,1691,0.4381885436943436,1.2806983695792025,0.1920091998249697,36.58985141438442,69.12611526411698,1691,0.32331312071506685,0.5939316241106237,0.10453137402651538,31.441718114879897,70.58375715632175,inflation
OMAH,392,392,0.1094013192041496,0.06253516804362466,0.011968648643608231,-23.9636684852702,34.862112202544175,392,0.5275981237434308,0.31722698540822464,0.27835978017758856,-38.07786445475615,30.26955896332801,392,0.2986944506420724,0.11352241593476464,0.08921837484436942,-50.14846959613111,23.750518930135478,liquidity
OMCL,1691,1691,0.025484976960886314,0.061871760438645826,0.0006494840506969063,-27.013489813307395,32.96663811028405,1691,0.39344307339043105,0.9419639271061755,0.15479745199890813,2.2136992425592736,51.23700647431589,1691,0.28438296653139444,0.4279403432781839,0.08087367165319621,-4.0838901870126465,50.1918531368611,inflation
ON,1691,1691,0.1118442524263853,0.3608789888769148,0.012509136800816993,49.07066331887839,80.25319216767357,1691,0.5992443904072845,1.9067600466386463,0.359093839434598,73.68387456624976,88.42958507360288,1691,0.38654453551203843,0.773070118857616,0.14941667793421753,58.12142647926133,85.89806360282627,growth
ONB,1691,1691,0.12421502675710709,0.2397194285195693,0.01542937287226883,29.885253603454508,68.32939626177183,1691,0.49303631390907554,0.9383225296267064,0.24308480683304848,5.473963961665866,52.93362539641417,1691,0.32499566901242605,0.38875688405124736,0.10562218487683439,-13.486383154382958,44.794767955238605,inflation
ONDS,1457,1457,0.06320808521558656,0.42173943938587605,0.0039952620366208525,52.10387014646574,82.13834029268145,1457,0.3239077227628348,2.1788014350162412,0.10491621286540545,70.2483054224581,86.64173895688289,1457,0.1997957468371117,0.8214573132744041,0.03991834045419923,56.9971876527421,85.2527440336154,growth
ONON,1262,1262,0.02445851488687095,0.07779224021948597,0.0005982189504712878,-23.554186150685446,35.11660683451107,1262,0.4941405492688122,1.5508841987783932,0.2441748824316834,56.24981948459923,79.35702493237076,1262,0.3610344458594143,0.6935858585779776,0.13034587109701434,47.5321292824429,79.81974594993582,growth
ONT,1551,1551,0.02826931683745904,0.10220522390841445,0.0007991542744566451,-15.866601664374969,39.89446614446624,1551,0.36740084446227167,1.3395010194781225,0.13498338051159034,38.62225592218124,70.18376433324866,1551,0.2744487905741783,0.6121215423598905,0.07532213864762918,33.113947045638305,71.54362620528535,growth
ONTO,1691,1691,0.0875093702573434,0.2897594986852079,0.007657889882836818,39.19899448112324,74.11791717391553,1691,0.6038383651458404,1.9717323664919906,0.3646207712220013,75.64865327446695,89.45204215034312,1691,0.37433671031051063,0.7682754666664602,0.14012797268609517,56.90490715054697,85.19977449323092,growth
OR,1691,1691,0.02818920176241737,0.0653364333249364,0.0007946310960022746,-26.3550951976389,33.375832552270055,1691,0.27363417043017724,0.6254421042345406,0.07487565922701128,-30.73069648941041,34.09297370655037,1691,0.39090893394071874,0.5615903848352216,0.1528097946346692,28.170104101628546,68.70583184734429,growth
ORA,1691,1691,0.06394612010858629,0.13279843214914172,0.004089106276941743,-4.8087201413859475,46.76697626478764,1691,0.41514861378671775,0.8502105321453937,0.17234837152903335,-5.0318106597025185,47.46649387502109,1691,0.32314214158905474,0.41595252990852893,0.1044208436707607,-5.7715514971150865,49.223125813165055,liquidity
ORCL,1691,1691,0.08681815099550393,0.18942372681352926,0.007537391342278119,15.72293710617829,59.5274694865231,1691,0.5430293647737806,1.1683993307621618,0.2948808910066157,29.435342597958293,65.40295899244045,1691,0.29606001482204597,0.4003824417367694,0.08765153237643009,-10.89115186631079,46.28444567968308,growth
OSCR,1398,1398,0.02034403069156176,0.08671210431328676,0.0004138795847792068,-20.992208708969667,36.708884329944695,1398,0.33331941962066286,1.4287168466572107,0.11110183549625553,43.06687352887411,72.4967122018109,1398,0.25638876391489457,0.6677634720276182,0.06573519826180754,40.82529797726416,75.96998610662207,growth
OTIS,1638,1638,0.022191171652952063,0.030573881802705538,0.0004924480993307832,-35.359475514262904,27.779580257057017,1638,0.47195025870764507,0.6541585441637007,0.2227370466942131,-21.083649011147433,39.113229637941885,1638,0.38734094957031834,0.3274887037749946,0.1500330112140359,-21.22624109287928,40.35204486757597,inflation
OUST,1496,1496,0.034027472023253104,0.18905438352436074,0.0011578688522932727,13.762513992626527,58.309060005467764,1496,0.4195025837662944,2.348428328820784,0.17598241778659685,75.17261645090096,89.20431592193461,1496,0.3006658798776738,1.0276556944377515,0.09039997132261576,69.88583831956942,92.65090383723795,growth
OVV,1691,1691,0.3115768703620135,1.0404984323202975,0.09708014614458696,75.00319566648659,96.37034721531823,1691,0.34645229165565034,1.1409426046835456,0.1200291903934518,20.300158048364068,60.64907294359577,1691,0.22669841773042204,0.46924119381175133,0.05139217260147693,3.0298479163149863,54.27517982869171,inflation
OXY,1691,1691,0.31417830014491926,0.9218972636581519,0.09870800428195098,74.30500026222742,95.93641645093471,1691,0.29320326389494933,0.8484363767305664,0.0859681539586513,-9.638145954483367,45.069389254388966,1691,0.1963308800322238,0.3570806989306856,0.03854581445422745,-23.176120846747274,39.23280264510718,inflation
P,1691,1691,0.12235979839647192,0.35896137902133624,0.014971920263625252,48.98771002973949,80.20163642275662,1691,0.5799512608812579,1.677817071741162,0.3363434649977609,64.43966446909208,83.61896289351577,1691,0.3315546863809057,0.6028865090632077,0.10992851006114072,33.19591445698305,71.59067597205251,growth
PAAS,1691,1691,0.05461175740069838,0.16735482464329673,0.0029824440463927346,5.237517319952458,53.0107462383275,1691,0.3158551577185125,0.9545181649606741,0.09976448065738643,0.8511143883179306,50.52792686089608,1691,0.42318280704126676,0.8038065158294532,0.17908368817532602,62.78624646847383,88.57569717576119,liquidity
PACB,1691,1691,0.0018597540381949612,0.00995662011547221,3.458685082582465e-06,-41.4830439078826,23.97376214712886,1691,0.4215478234474823,2.2256015654040433,0.17770256745330973,74.00395699498974,88.5961537273839,1691,0.36939669356500876,1.2258034897027579,0.13645391721676098,76.35039338145354,96.36159571984355,liquidity
PAHC,1691,1691,0.04256361473774431,0.10677046612159684,0.0018116612995431247,-14.126058393112167,40.976219572710384,1691,0.37329517289862907,0.9234409917548277,0.13934928610941738,0.2682798805933889,50.224623865755156,1691,0.2676340240575873,0.4161265078145705,0.07162797083325721,-7.6015862611934635,48.172675305907326,inflation
PALL,1691,1691,0.05719942234402088,0.13950269538135238,0.0032717739164896753,-3.2408649707780013,47.741403464500365,1691,0.2763409348020313,0.664630577966563,0.07636431224726052,-27.253479250706004,35.90249320012352,1691,0.3268352286318075,0.4940731353936233,0.10682126667480586,11.8338557254437,59.32873107839038,growth
PAM,1691,1691,0.10277303236563329,0.28315670753845307,0.010562296181627507,38.49297981016056,73.6791267092864,1691,0.3315121954813064,0.9007231657190774,0.1099003357528359,-3.11086327090363,48.46614144016866,1691,0.24324831693594562,0.41540235057938096,0.05916974369217025,-8.793334059019875,47.48860519788373,inflation
PANW,1691,1691,0.09126677588938495,0.210376627127185,0.008329624381243218,20.8396103564754,62.70749891819487,1691,0.5026056360807765,1.142500169964177,0.25261242542016193,26.103773151812426,63.66923358987114,1691,0.27146797093609487,0.38785982629737176,0.07369485924416044,-15.472601936577531,43.6546669209657,growth
PATH,1364,1364,0.047886618293078366,0.17159603239461754,0.0022931282115469876,7.482623140691387,54.40608696811766,1364,0.462806869058707,1.6661615030620114,0.21419019804792316,59.77586400768787,81.19195380270877,1364,0.3434709594998834,0.7537861177166272,0.11797230001977052,54.35886432837622,83.73833123185327,growth
PAYX,1691,1691,0.12375433203254634,0.1887170100567933,0.015315134696821725,16.790204743428795,60.190779870419576,1691,0.5127771413019971,0.771122603383927,0.2629403966418483,-10.071013410891508,44.84412806225366,1691,0.32298527668204036,0.3052845211512513,0.10431948895337416,-27.650415576319386,36.66453166984699,liquidity
PBR,1691,1691,0.23331310084615708,0.5880694589744985,0.05443500302644907,65.16075471348366,90.25323744908029,1691,0.2919650452672559,0.7257123253749156,0.08524358765791079,-21.745664005411868,38.768721672254486,1691,0.26034108970873443,0.40672759659325103,0.0677774829907313,-10.450074002431935,46.53762691697233,inflation
PBT,1691,1691,0.18589504770880552,0.514884147226922,0.03455696876265908,61.02063716417073,87.68014063141042,1691,0.2246149761945702,0.613514101886001,0.050451887530887335,-33.686611132409475,32.55473643212627,1691,0.1860680706432357,0.31943682261080386,0.03462132691289615,-29.849282748648935,35.402369233425084,inflation
PCOR,1343,1343,0.04082772091616286,0.11761844209457853,0.0016669027952080822,-10.46608614260906,43.25090449128049,1343,0.5006698906764625,1.44315639569726,0.2506703394299809,49.60063611296499,75.89683648242574,1343,0.3556784279665125,0.6251608737692663,0.1265071441207296,38.211971344829664,74.46992155016899,growth
PDBC,1691,1691,0.41017752208137237,0.4665360974179371,0.16824559962081473,66.39003807770493,91.01724114579105,1691,0.20947156023186347,0.23495386976409788,0.04387833454597121,-51.35453181859769,23.36047426849048,1691,0.18259848371740584,0.12873065662487593,0.03334220625589572,-53.648081690879515,21.741721407655014,inflation
PDD,1691,1691,0.015206073340381281,0.054808798444874955,0.00023122466643305434,-29.064491682869836,31.69193363130571,1691,0.31253724303831903,1.1109106164726248,0.0976795282859933,15.84340021059095,58.32980738382009,1691,0.28539872201064465,0.6376122424773951,0.08145243052530922,37.556171228742045,74.0934885019417,liquidity
PDYN,1254,1254,0.05540792575863096,0.37017134776456884,0.0030700382368739603,47.6591386331219,79.37592488390159,1254,0.242339176177024,1.6037383925291362,0.05872827631015867,49.57900906732334,75.88558191936843,1254,0.1664166575556206,0.6711575112452053,0.027694503911984695,38.24002100230448,74.48602221530454,growth
PEGA,1691,1691,0.043081138471872324,0.11078358137481796,0.0018559844920326377,-12.867702217664863,41.75829211822929,1691,0.4977234717220375,1.262177665048711,0.24772865430303787,37.433331050600884,69.56505615834033,1691,0.3530608037070475,0.5627417766031277,0.12465193111426633,27.409166291064963,68.26904915622384,growth
PEP,1691,1691,0.0055223786670158025,0.0063385216061991,3.0496666141911232e-05,-42.14409749253476,23.562915147081725,1691,0.3079764319200524,0.34859681541342075,0.09484948261820668,-44.18613277525264,27.090858916956424,1691,0.24418213777188097,0.1737189143319281,0.059624916406845856,-48.335672012329354,24.79107519651829,liquidity
PERF,978,978,0.08427955463649375,0.3400547690815735,0.007103043329725735,44.836167760065656,77.6214391034094,978,0.14993675806885998,0.6049121940846622,0.022481031420199846,-36.86409551442424,30.90119581758523,978,0.09499061927421151,0.2347052511403128,0.009023217750098204,-45.8904193921849,26.194664300738186,liquidity
PEX,1691,1691,0.1577772788576783,0.18092722261696126,0.024893669723733584,14.598527396618907,58.828645114759915,1691,0.6772578510262464,0.7658745583706742,0.4586781967766893,-4.765185968634716,47.60524349658194,1691,0.5907246553517149,0.4198710923937131,0.3489556184404024,4.6085806302848695,55.181381510083924,inflation
PFE,1691,1691,0.001226381007668242,0.0018622104376627069,1.5040103759693726e-06,-43.19645220679579,22.90887319439024,1691,0.2760778658606204,0.41340818345753255,0.0762189880181547,-42.59659819878115,27.918041576071907,1691,0.22697765659806435,0.2136278505646368,0.05151885659474882,-44.202356173447626,27.16362232230818,liquidity
PG,1691,1691,-0.06321596142356496,-0.0704671732125826,0.003996257778705653,-55.373876949911505,15.340563241663146,1691,0.29615042590020074,0.32554917882926443,0.08770507476087029,-45.95303518022325,26.171375282328263,1691,0.2475749268382533,0.1710559498264,0.06129334439896648,-48.78067114262124,24.53564312969645,inflation
PGR,1691,1691,0.11675745758931914,0.1755566880437892,0.013632303902721658,11.133345360812639,56.67502296206053,1691,0.2547869464202322,0.37779313610468623,0.06491638806614627,-45.596767369654415,26.356774555339214,1691,0.1437108842659798,0.13393492343402055,0.02065281825650984,-54.5581502735875,21.219336793378915,liquidity
PGY,1364,1364,0.04432326767264298,0.22592040575407665,0.0019645520571807584,23.481062850762797,64.34917042295805,1364,0.3684575081807256,1.8868410914867009,0.13576093533474948,65.04258694070528,83.93271952435082,1364,0.22683086709030065,0.7080939437259713,0.051452242264937637,44.86449231693762,78.28850694912605,growth
PH,1691,1691,0.15463643419792175,0.29048320070129136,0.023912426781448184,41.77394041808945,75.71825463225153,1691,0.6394099501319471,1.1844936168084876,0.4088450843277391,34.72540202738484,68.15586886334471,1691,0.40415332953427735,0.4705727541442427,0.16333991377364218,9.691767227541861,58.09915992849742,inflation
PHM,1691,1691,-0.06038710023384914,-0.1355188389943679,0.003646601874652943,-59.67209143966781,12.669208650030885,1691,0.48946676002473266,1.083235391086448,0.23957770916910923,18.991700867994872,59.96816099250179,1691,0.4579587597851964,0.6370203261273304,0.2097262256639952,43.37027385180537,77.43081693390795,inflation
PHYS,1691,1691,-0.012375748412107085,-0.013217352205863772,0.00015315914875977104,-46.26576177551655,21.00128709577097,1691,0.17454399570622678,0.18383239466304377,0.03046560643709531,-53.36624202365587,22.313594369543136,1691,0.4146703413345597,0.274503184954355,0.17195149198252027,-29.740657741061444,35.464720614153435,growth
PI,1691,1691,0.05714317464267816,0.21120753707271803,0.003265342408243616,19.87078301188663,62.105369503379926,1691,0.5060993865963959,1.8446968179894487,0.25613658911324816,68.28156179193196,85.61825934833709,1691,0.35480679470587717,0.8128462352889436,0.12588786156945847,61.06958213387309,87.59032194876065,growth
PINS,1691,1691,0.1128008686310795,0.37264784276924595,0.012724035963926057,50.00613968222656,80.83459383679671,1691,0.44555728791135346,1.4515562133258915,0.19852129681092073,48.34819111332409,75.24507287782484,1691,0.2856264001493607,0.584865409044865,0.08158244046228272,29.220688098896318,69.30887311984304,inflation
PL,1361,1361,0.008414998350874068,0.035132702607925156,7.081219724521327e-05,-34.93964678365175,28.040505208543287,1361,0.4234604640724599,1.776650348758708,0.1793187646324631,64.03620730931841,83.4090066137338,1361,0.31624028409582094,0.8090371646812111,0.10000791728500553,59.49425556347515,86.68607541341983,growth
PLD,1691,1691,0.01550459771168262,0.025570291359877127,0.00024039255020111392,-36.94649779648313,26.79324063377031,1691,0.5293437922823795,0.860908782952639,0.2802048504278909,-0.020235266647508632,50.07448260414159,1691,0.43776132522036204,0.4474906724942071,0.19163497785868758,6.132574396589513,56.05616271987072,inflation
PLTR,1503,1503,0.040378901524143515,0.1572503411770532,0.0016304556882964795,1.5823855776294966,50.73906971168006,1503,0.465764947010577,1.8268826841927062,0.2169369858637656,66.53160835785935,84.70759583943894,1503,0.29691214186055787,0.7116688188206162,0.08815681998422403,47.88108368151154,80.02004778720506,growth
PLUR,1691,1691,0.04331988360071125,0.1971157032613456,0.0018766123151791713,16.45548473782021,59.982750274403685,1691,0.18601989446709033,0.8347135745632889,0.034603401137547424,-15.30630282634915,42.119720122962086,1691,0.13535591815739834,0.38175313705107905,0.018321224580232318,-21.251267929538763,40.33767931901916,liquidity
PM,1691,1691,0.03889930863187138,0.054257919128091386,0.0015131562120375833,-28.573476496236626,31.99710120181664,1691,0.2775100540423428,0.38171929511933,0.07701183009458402,-44.3504612047886,27.005343553324906,1691,0.27305957526509356,0.2360750467244684,0.0745615316439533,-39.43250723345807,29.901543118626016,growth
PNC,1691,1691,0.18921068488322604,0.34462476661437547,0.035800683273979464,49.298002765362185,80.39448438928581,1691,0.5513141943158058,0.9902483814529388,0.30394734085408603,12.474661154912699,56.57673917681836,1691,0.3643089984738081,0.41128431603018106,0.1327210463689891,-5.5709543509015385,49.3382697318111,inflation
POET,1691,1691,0.06705381693859082,0.3836760159429326,0.004496214366034049,49.757985067265246,80.68036491879099,1691,0.28223320284999587,1.5925511551171518,0.07965558079096692,50.52430260278541,76.37750605356624,1691,0.15844981859918628,0.5619585927082269,0.025106345014115038,20.25953376372087,64.16511885802687,growth
PONY,456,456,0.008553884180809625,0.05130775929392868,7.316893457870516e-05,-30.9885585462996,30.496119680540772,456,0.3481002234069516,2.1272690552221802,0.12117376553596963,70.30579749834132,86.67165743044811,456,0.18121097361094346,0.6995277977135576,0.03283741695702605,42.0275532004073,76.66008753736729,growth
POOL,1691,1691,-0.009319416890348703,-0.018761494829471717,8.68515311761167e-05,-47.28628366748484,20.3670293479392,1691,0.4766905103043183,0.9463664694315241,0.22723384261419138,5.916604981206213,53.16397268234094,1691,0.386339082241929,0.4820796119258199,0.14925788646753596,11.548754261815306,59.16508119426418,inflation
POWW,1691,1691,0.0344641567883197,0.12901727276766525,0.0011877781031298827,-6.968082352825117,45.42492547316875,1691,0.2671773532505441,0.9863339524875743,0.07138373808996602,1.9661249700136205,51.1081705571083,1691,0.2235015596325448,0.5185996037774765,0.04995294715817999,14.30564218471062,60.747550759270794,liquidity
PPERY,1691,1691,0.04513347663491548,0.09571909401725791,0.0020370307131544617,-17.193095013354718,39.07004611912507,1691,0.29144609299953966,0.6095399405973705,0.08494082512469632,-31.57302074328151,33.65463406520626,1691,0.2496516928227296,0.3281751773845391,0.062325967729254535,-25.819866379998917,37.7152774641781,growth
PPG,1691,1691,0.021835976326547702,0.03776620380370973,0.0004768098621335517,-33.56791775831931,28.893039357090355,1691,0.5458047305615785,0.9309195543675369,0.29790280390339735,6.75711179688855,53.60136654158253,1691,0.4435873194838452,0.4755336597328825,0.19676971000686297,11.973951671960602,59.40914695953763,inflation
PPLT,1691,1691,0.07824028012043692,0.14925104002801703,0.0061215414333244365,0.6525468380400933,50.16117184446113,1691,0.3136952226723149,0.5901182068357681,0.09840469272743324,-32.93653884567105,32.9450687959874,1691,0.4162280422229485,0.4921412050323647,0.1732457831327486,14.511606803041705,60.865775637863194,growth
PPTA,1407,1407,0.054735603046478405,0.22301975145836503,0.002995986240861656,22.830750443140197,63.944999100135924,1407,0.29868027212807147,1.2184337873559463,0.08920990495849883,26.182343782938695,63.710121195932345,1407,0.34220884113094335,0.8509289752342438,0.11710689094818323,63.78563554539395,89.14935226877101,liquidity
PR,1691,1691,0.27634834886164295,1.1675621110478762,0.07636840991855631,74.22119481206558,95.88433108510964,1691,0.2544993004159172,1.0603612580419959,0.06476989391219126,8.738351490272626,54.63238979969659,1691,0.17084794535902303,0.44740857336827117,0.029189020433399722,-3.322143248080333,50.62910027233093,inflation
PRAX,1491,1491,-0.024297552967159766,-0.12105693170975729,0.0005903710801919343,-57.95795988724174,13.734547107231688,1491,0.23710392569322547,1.1906765208819392,0.056218271579138585,21.433936618690474,61.239083369624126,1491,0.1989999915884225,0.6105569610223816,0.03960099665219222,30.247740382090882,69.89840705277096,inflation
PRCT,1262,1262,-0.015185922921105563,-0.05515762693168773,0.0002306122549657593,-52.114334709003664,17.36637957833511,1262,0.3109466842317096,1.114481835645222,0.09668784043469454,16.238728050451552,58.53553322246412,1262,0.28412308731690933,0.6233275213600765,0.08072592874649208,35.25653702400163,72.77348520785493,inflation
PRME,985,985,-0.009173060325037369,-0.05039956769592575,8.414503572677468e-05,-51.001889721957404,18.057767835288473,985,0.34176955366193024,1.8823740220912446,0.11680642781027502,63.88300983350147,83.3292837204468,985,0.2967430655756393,0.9988073147608799,0.08805644696722816,68.84654502281433,92.05434349193993,liquidity
PRNT,1691,1691,0.10671494772287332,0.18249893054589436,0.011388080067495586,13.48784190403864,58.13835038946531,1691,0.719259960203642,1.213011986279626,0.5173348903521447,40.113387418922784,70.9597387189733,1691,0.5505772009408951,0.5836126731347848,0.3031352541959108,38.04296872850808,74.37291307386702,growth
PRT,1691,1691,0.18869818657622334,0.537722344998672,0.03560700561715519,61.90799247119123,88.2316349040829,1691,0.13614078010584268,0.38258041336421816,0.018534312007827413,-49.18563644304312,24.489152229102736,1691,0.11242340611168151,0.1985722327450878,0.012639022241752068,-50.128493882361745,23.761985105026657,inflation
PRU,1691,1691,0.21628378879823001,0.3934222426128973,0.04677867729691737,55.88302887853649,84.48710000569352,1691,0.5687126945690445,1.0201687198570333,0.32343412896398327,15.902342401850639,58.36048048726934,1691,0.35679984939256393,0.4022823938693373,0.12730613252655631,-8.314260258250723,47.76359632204703,inflation
PSA,1691,1691,-0.07659431586783272,-0.11381642013663235,0.005866689223261331,-59.33734919067337,12.87725207038502,1691,0.3644501903296728,0.5340607992936194,0.13282394123133473,-34.76809416239901,31.99194023896585,1691,0.3552641307958004,0.3272134628910293,0.12621260263009557,-22.461679099510388,39.6428963277641,inflation
PSLV,1691,1691,0.07017530412850871,0.14273599908578352,0.0049245733095286915,-1.5464662635681117,48.794477892812004,1691,0.2767847920142332,0.5551822589992061,0.07660982109036235,-36.70888960820956,30.981963883982427,1691,0.4087265532778368,0.5152921083429133,0.16705739535438036,19.886522166111966,63.951008050072566,growth
PSMMY,1691,1691,0.00032968434924281713,0.0007763936521149103,1.0869177013565982e-07,-43.56608463840963,22.67914540957143,1691,0.37873550099986997,0.8795566181817708,0.1434405797176225,-3.600285218690585,48.2114496868766,1691,0.4330798209163871,0.6321541832238651,0.1875581312849699,41.59751619521318,76.41324381662888,inflation
PSNL,1691,1691,0.006348821019383154,0.0355114650287845,4.030752833616135e-05,-34.899213640730956,28.065634541258767,1691,0.3781554398102675,2.0858832542366006,0.14300153665809684,70.4557352762735,86.74968399978964,1691,0.3109864838105629,1.0781729758809424,0.09671259311285749,72.05104904958827,93.89374728169764,liquidity
PSX,1691,1691,0.2846907773102446,0.644852212550521,0.08104883868551128,68.5374642830485,92.35187366994904,1691,0.3350281656245057,0.7483629105306073,0.11224387176172124,-18.32171585101741,40.55052030749566,1691,0.22308398425127934,0.31320350319657886,0.04976646402942505,-29.793968617120232,35.43411986388489,inflation
PTC,1691,1691,0.10329419464140048,0.19888274738556327,0.010669690646615528,18.892833672813282,61.49757073867346,1691,0.5627914694008294,1.0685942736808698,0.3167342380303447,20.20507350188245,60.59959161166145,1691,0.38172444732989547,0.45555686374180454,0.14571355368931413,5.637025214221972,55.77171463166661,growth
PWR,1691,1691,0.12651468706879282,0.26878932714170906,0.016005966044114573,36.39245463717357,72.37364333262593,1691,0.5669274850426368,1.1877983749069647,0.32140677329676914,32.52676379782794,67.01171292985441,1691,0.34820011195713485,0.4585338518572637,0.12124331796696125,5.027420223790262,55.42179785194449,inflation
PYPL,1691,1691,0.05192396770893459,0.12438717246687878,0.0026960984226384824,-7.597231815356412,45.03390699106149,1691,0.5766353728006205,1.3622384813670962,0.33250835316491056,47.97495270543716,75.05084222484633,1691,0.3933025129286465,0.5839906157038639,0.15468686667598813,32.76385334712534,71.34267040356542,growth
QBTS,1452,1452,-0.032535697219141436,-0.21479709705270084,0.0010585715935356478,-60.95227932461271,11.873567624495783,1452,0.2622634014763433,1.7450771897205863,0.06878209175394163,56.70306987560958,79.59289326089326,1452,0.1634906966288759,0.6650727886062224,0.026729207884195128,37.23561757368456,73.90948885550438,inflation
QCOM,1691,1691,0.11555402212662881,0.2864707498119183,0.01335273202964142,39.6168105489333,74.3775912487813,1691,0.6441742454061758,1.5748627663260395,0.41496045844461604,62.17749494654486,82.44174572018166,1691,0.4137793854287597,0.6358219123198059,0.17121337980580206,41.598497050284124,76.41380683309558,growth
QNT,78,78,-0.2546976658264526,-1.478868045245958,0.06487090097744332,-73.80166895440287,3.8876292612481156,78,0.3028144673567397,1.811288270226186,0.091696601640546,60.490093521406095,81.5636338385641,78,0.11366884551104668,0.40511206939741473,0.012920606439814197,-15.92185059791996,43.39679559881644,inflation
QQQ,1691,1691,0.11881570801390347,0.1645805276398379,0.014117172470845164,5.793415348569883,53.356238710786826,1691,0.8865375518199469,1.211004804043351,0.785948830786905,45.62985507692451,73.83046984606827,1691,0.5280718618937743,0.4533869750815226,0.27885989132395744,10.19543797634281,58.38826984266634,growth
QQQI,666,666,0.08923438254208574,0.0862633099583459,0.007962775027667296,-18.69379574372431,38.13735562722596,666,0.9061621788924421,0.8658114428147411,0.8211298944550982,13.732155012319595,57.23113017163413,666,0.42369750753127966,0.2554443438769997,0.1795195778882188,-32.4689393612968,33.89867123182845,liquidity
QQQM,1494,1494,0.075334467361515,0.09759241878989992,0.005675281972643169,-15.685062939831795,40.007293065161626,1494,0.8945200136000865,1.167956620637486,0.8001660547310989,41.62476595735601,71.7462495233664,1494,0.541352466510005,0.4317838906663821,0.2930624929964661,5.812037108422594,55.872172468122926,growth
QRVO,1691,1691,0.11455831303771336,0.2763448192037584,0.013123607086046726,37.552472439407566,73.09459825233927,1691,0.6095919441804787,1.4501338034235571,0.37160233840973583,53.976654733220485,78.17408591897282,1691,0.39674898407701326,0.5932147804655267,0.15740975636614213,33.89922398302504,71.99437969555092,growth
QS,1534,1534,0.043454303994186545,0.23418970068420203,0.0018882765356191768,25.931134811522465,65.87189829003009,1534,0.37858362938125734,2.0522746709055366,0.14332556443548522,70.01972451316621,86.52278705286655,1534,0.2975662710431294,0.9891892991938025,0.08854568566251314,68.53710916560753,91.87672552557834,growth
QTUM,1691,1691,0.11186184212164428,0.18347711813961143,0.012513071722847671,14.006231256564575,58.460531095063814,1691,0.8091504960998406,1.3088003055690476,0.6547245253386181,51.94125608855946,77.11487872199058,1691,0.5525136530361852,0.5617128770125038,0.30527133679139,33.93901861949285,72.01722204635446,growth
QUBT,1691,1691,0.010202283787979913,0.07400660261057394,0.00010408659449047777,-24.84239968580752,34.31597784071548,1691,0.2656613502945213,1.9004024582118153,0.07057595304030836,61.89571881278007,82.29511139397515,1691,0.1867299802935722,0.8395731514808968,0.03486808554043787,57.21638192085611,85.37856280747039,growth
QXO,1691,1691,0.012716353061010318,0.060022683102250785,0.00016170563517226648,-27.911389047894996,32.40859075158309,1691,0.21612510263918222,1.006009727706112,0.04671005999079705,2.6597818881215938,51.469144758316375,1691,0.18416627030475205,0.538808382188287,0.033917215117962994,16.987883641065277,62.28717282204316,inflation
RACE,1691,1691,0.012292303205517784,0.021011493900340232,0.0001511007180963828,-38.07367224990575,26.092697964506772,1691,0.5454935788404902,0.919512102910746,0.2975632445562061,5.956976039989575,53.18498149853785,1691,0.4708205604362604,0.4988276402355425,0.22167200012951435,17.775337134783427,62.73917566819382,inflation
RBLX,1393,1393,0.027446760388940297,0.10518597852161524,0.0007533246558479021,-15.218895042935221,40.29701796251472,1393,0.4085726504268338,1.5762562007510883,0.16693161067680776,54.044188471790875,78.20923000345992,1393,0.30399658991715095,0.7133962237559834,0.09241392668125645,48.692786111107225,80.48596966237803,growth
RBOT,1520,1520,0.010477068185637145,0.06848732317736111,0.00010976895776649003,-25.847526377596363,33.691288260965244,1520,0.21240514575844643,1.3887476798949825,0.04511594594466688,36.80538565228284,69.23827777173038,1520,0.1610441911686722,0.6448184912099523,0.025935231509171833,34.78225354259476,72.50124375462836,growth
RBRK,606,606,0.13386482571116642,0.48051082558041447,0.017919791562680962,57.28284045236265,85.35708755146918,606,0.423326141098142,1.5297232648539156,0.17920502173704403,52.30557365482697,77.30446703147963,606,0.16617605453564285,0.3758796810838667,0.02761448110103295,-21.18730730200705,40.374393088043675,inflation
RCAT,1691,1691,0.0755780348320167,0.6302756625785471,0.005712039349069529,60.99301959726455,87.66297622178398,1691,0.1772357318152882,1.4575731683603035,0.03141250463210076,39.74618209662268,70.76864764147321,1691,0.11773148959488612,0.6085538354271771,0.01386070364223078,27.065094763748164,68.07155011549666,inflation
RDDT,630,630,0.03853390296575008,0.17122583628529878,0.0014848616777738428,6.704280706142968,53.922344558019596,630,0.38727363334753884,1.7241743446445426,0.14998086708620395,60.401931893963514,81.51775514520357,630,0.22285181916940064,0.6185277974117261,0.049662933307111246,31.98454914360899,70.8953452969825,growth
RDW,1430,1430,0.026439755163285245,0.13039152264828216,0.0006990606530944687,-6.685189662086404,45.60074422073128,1430,0.37863954261246197,1.8763325014724976,0.1433679032297744,64.60971269915517,83.70745480127516,1430,0.2790220404518749,0.8469831109600532,0.0778532990579277,61.12310012353461,87.62104158343145,growth
REGN,1691,1691,-0.020450344133108925,-0.03644609788985958,0.00041821657516258266,-50.15635181048709,18.583272457635378,1691,0.3393139906583847,0.596343271451318,0.11513398425651837,-31.137887169974753,33.881074528701745,1691,0.24258655865636197,0.26797147880678807,0.05884823844073655,-36.89108363002819,31.360334921810228,inflation
RELX,1691,1691,0.04783115608988418,0.06816205252182565,0.0022878194928948646,-24.652882650470712,34.43376330808713,1691,0.4503716955472951,0.6329173631938432,0.20283466415014548,-23.98113636269637,37.60539751671296,1691,0.3953272108440258,0.34918848404687336,0.15628360363371682,-18.240737559747906,42.065741111142685,inflation
RGEN,1691,1691,-0.03184548378511412,-0.0925560306517506,0.0010141348375079663,-56.53089722302539,14.621471296261038,1691,0.4403696176580129,1.2621714673578193,0.19392540015626447,35.31319680883704,68.46175315018743,1691,0.36850750592140075,0.6638571407870297,0.1357977819204112,44.18570719987696,77.8988803778,inflation
RGLD,1691,1691,0.005296257137946702,0.010431540543535175,2.8050339671251393e-05,-40.91176890129937,24.328811462503396,1691,0.29145558839731217,0.5661035975378499,0.08494636000802346,-35.74441433670986,31.48387005924867,1691,0.41185211390442183,0.5027963427475186,0.16962216372754085,16.951684350921898,62.26639422076197,inflation
RGNX,1691,1691,0.026424637278095853,0.10728962704710168,0.000698261455278933,-14.578173254676885,40.69522868352501,1691,0.3680116714299893,1.4735145661058637,0.1354325903086944,46.98708673075214,74.53676369149125,1691,0.3247093329841466,0.8171746678421687,0.1054361509270094,60.69266707075043,87.37397052909259,liquidity
RGTI,1363,1363,-0.002490135996260772,-0.017401974033140324,6.200777279873627e-06,-46.48351208857685,20.865954552453438,1363,0.33687172623760175,2.365992582377747,0.1134825599383017,72.73153383548866,87.93399362833615,1363,0.2359997636396697,1.010304664718789,0.05569588843797997,67.28427620267031,91.15759218054083,growth
RINF,1691,1691,0.7232645452903552,0.5462722763639734,0.5231116024740643,80.84331372523181,100.0,1691,0.13365734446213393,0.09955176221275326,0.01786428572866952,-56.26301636099791,20.806133295912907,1691,-0.041048789142591253,-0.01921691890684092,0.0016850030900729177,-64.63271802762296,15.436476808771701,inflation
RIO,1691,1691,0.15488881701050278,0.28383896725598623,0.023990545634913013,40.65528032129995,75.02300366393517,1691,0.47334927604695637,0.855416872717558,0.2240595371341777,-2.205542033933286,48.93726427023205,1691,0.47920393516656534,0.5443067919851747,0.22963641147912175,28.441695406458578,68.86172682241552,inflation
RIOT,1691,1691,0.08396744190085156,0.5321876153761648,0.007050531299372883,58.12966705803023,85.883393101543,1691,0.45366459008238735,2.835520972054376,0.20581156029462055,79.29976975956178,91.35205759359656,1691,0.35376089803738864,1.3897449086504283,0.12514677298021967,76.70513533417072,96.56521964628028,growth
RIVN,1222,1222,0.002714541593411388,0.012029507814838518,7.368736062360438e-06,-40.663880896789145,24.482874681227614,1222,0.4498311275104092,1.9662561336114497,0.20234804327728603,69.69465320961193,86.35362222357857,1222,0.3789687907993032,1.0117525686650426,0.14361734439988602,72.40094150278047,94.09458756744299,liquidity
RKLB,1464,1464,0.013663265101902461,0.05977065393031221,0.00018668481324486569,-28.103745825509733,32.289040374947085,1464,0.43866507372297897,1.9377222153510274,0.19242704690438658,68.96559327848293,85.97422454238777,1464,0.30993443041996743,0.8358551754615972,0.09605935115974963,61.41578832575696,87.78904629925862,growth
RKT,1541,1541,-0.1858448727962136,-0.6097740178866902,0.03453831674464081,-69.9260796545457,6.2963208926518535,1541,0.4153815576827908,1.3724400154079026,0.17254183846298166,42.669317224882064,72.28982668604297,1541,0.44431386679123,0.8989579967916249,0.1974148122229749,69.95254648253261,92.68919470744346,liquidity
RLAY,1556,1556,-0.0052757086981982185,-0.022452394441659508,2.783310226824434e-05,-47.82124997789747,20.034546007916216,1556,0.35320111729822207,1.5157743619742097,0.12475102926071242,49.40020042373786,75.79253115377755,1556,0.3208544139519389,0.8420422852757524,0.10294755495244218,62.02348644842194,88.13786852588692,liquidity
RMBS,1691,1691,0.09776506853464406,0.3061039467449501,0.00955800862558365,41.24918416367351,75.39211687596628,1691,0.5934420677528072,1.8323468638567244,0.35217348777872737,71.11305693336038,87.09174958568605,1691,0.34607113753641405,0.67161753004143,0.11976523223574762,44.640677151155245,78.16003575336356,growth
RMD,1691,1691,0.0022709633828637684,0.004092398394824374,5.157274686308051e-06,-42.70889442557202,23.2118919759476,1691,0.4523323579941974,0.8038399202478517,0.20460456208859076,-9.02959904002096,45.38607280588425,1691,0.3714856826095848,0.4149361537060982,0.13800161238390918,-4.417775609965488,50.00020097877578,inflation
RNA,145,145,-0.17518738686710028,-0.48757539655069665,0.03069062051732306,-68.87657154988884,6.948593668012894,145,0.31868796996034354,0.9578820511315368,0.10156202219744483,1.1757615158279804,50.69687095194195,145,0.36252655919225374,0.5996065352138956,0.13142550611977466,33.71618325776531,71.88931326376938,inflation
ROBO,1691,1691,0.09719574222259265,0.1417234855884795,0.00944701230620068,-1.277247027413076,48.96179854290344,1691,0.8222318227367809,1.1823144717579834,0.6760651703210491,40.89866886950805,71.36839368506476,1691,0.6181867501983282,0.5587090414121801,0.38215485812077027,35.44833157350696,72.88357638523134,growth
ROK,1691,1691,0.13649446740536847,0.2453907546232941,0.018630739632275194,31.893524919465428,69.57754355969165,1691,0.6373075153605401,1.129890423096175,0.406160869135025,29.465346732328353,65.41857293379162,1691,0.39824327366433987,0.44377519120638487,0.15859770501889028,3.8474477959448707,54.74448687419125,inflation
ROL,1691,1691,-0.0066177188176011915,-0.010094549492528181,4.3794202348832915e-05,-45.500483992093926,21.476909781770548,1691,0.3724397450852301,0.5602460353843918,0.13871136371915116,-33.13546755167871,32.84154769085039,1691,0.2646139672455754,0.25018589305218275,0.07002055166144246,-38.26236197034242,30.573213247157206,inflation
ROOT,1483,1483,0.022268086413508942,0.11597231445909188,0.0004958676725195016,-12.017668146385816,42.2865911188415,1483,0.32279439956287154,1.7011818591090084,0.10419622438915475,57.130414565793295,79.81528044417163,1483,0.22574516313438067,0.7260876124850157,0.05096087867856814,47.419727717509055,79.7552268035136,growth
ROP,1691,1691,0.08807159919705129,0.12327295041793128,0.007756606585126046,-6.895811460887247,45.469842072719494,1691,0.5133373556820255,0.7085637288749053,0.2635152407386144,-15.801622733262672,41.86195911305497,1691,0.3200407895199083,0.2776570236657813,0.10242610695652624,-32.15069725839037,34.08134403400179,liquidity
RPM,1691,1691,0.005345197735660058,0.008247294512882225,2.8571138833305415e-05,-41.47380272799431,23.97950557114493,1691,0.5729233369092132,0.8717428227609413,0.3282411499751878,2.632542290521503,51.454969462535075,1691,0.42645602863761883,0.4078433718599421,0.18186474436136957,-4.297803091352032,50.0690658962671,inflation
RPRX,1577,1577,0.010943133970351094,0.01703005060588046,0.0001197521810930521,-38.797389270274486,25.64290543088334,1577,0.2922016166533138,0.45798150528603593,0.08538178477481015,-40.453776027715115,29.033151223707694,1577,0.24277378139560526,0.23256809772424356,0.05893910893312113,-41.28175546555104,28.840063969935738,liquidity
RR,714,714,-0.004792426063364433,-0.03950313465160626,2.296734757281472e-05,-50.05932207613797,18.643576760037252,714,0.25514513828994523,2.0890100735651878,0.06509904159299527,66.37587342210819,84.62655246977675,714,0.22565061421675178,1.1504307974495662,0.05091819969639734,70.41728580808069,92.95595776017184,liquidity
RRC,1691,1691,0.22191178188863253,0.7143987987218728,0.049244838940988016,68.48243708422876,92.3176740829852,1691,0.26062592277689095,0.8274125516255569,0.06792587162330592,-13.37158793264403,43.12653220122331,1691,0.1670759496169498,0.3333847390218475,0.02791437294040555,-28.14627064458629,36.3799080013728,inflation
RSKD,1295,1295,0.004859848080354732,0.014827486868406261,2.3618123364127578e-05,-39.79954972308524,25.02005937851705,1295,0.4047893252196511,1.217227113046004,0.16385439781178046,29.67066194209802,65.52541753074976,1295,0.31081061989559505,0.570240640279974,0.09660324143988407,27.73439945003186,68.45573486488898,inflation
RTX,1691,1691,0.13589540427996616,0.2220603567804897,0.018467560904415446,25.220346088220317,65.43014073600415,1691,0.4279401524808198,0.6895939461131054,0.1831327741053073,-20.594514437672604,39.36777184365495,1691,0.2780757034129912,0.2816441469995246,0.07732609682862984,-32.83022982547159,33.69128842205384,liquidity
RUN,1691,1691,-0.004744540284591575,-0.02335526280834324,2.2510662512112305e-05,-47.915408432944226,19.976026215144216,1691,0.4076074895213643,1.9786861562713398,0.16614386551390908,69.23157002570221,86.11263697850863,1691,0.35071777721137065,1.0700888102904231,0.12300295925208463,73.21614561957057,94.56251943125761,liquidity
RVTY,1691,1691,-0.0028574741562070625,-0.0057302417423936245,8.165158553391264e-06,-44.35413128323828,22.1893718005297,1691,0.4806166846129539,0.9504595000054178,0.23099239752834763,6.392269130577407,53.411504973709015,1691,0.41591264244990356,0.5169686139784204,0.17298332614966133,20.81453138427221,64.4836906925508,inflation
RXRX,1367,1367,-0.009923656071614363,-0.05049226265635036,9.847894982768862e-05,-51.14090992261059,17.971366318512242,1367,0.4389931511752842,2.2438357915395093,0.19271498677880594,75.06554086355473,89.14859453633002,1367,0.36621271832314123,1.1411563200248496,0.13411175506162437,74.99871140323535,95.58572247003374,growth
RY,1691,1691,0.12165615620657269,0.13936607224923633,0.014800220342958016,-1.2103779846346598,49.00335787524712,1691,0.6146719486573641,0.6944012656905132,0.37782160446624125,-13.382405474355657,43.12090282829203,1691,0.5075836131418715,0.36041427629998396,0.25764112433015707,-11.605779090771703,45.87424553203003,growth
RYM,1421,1421,0.04149980424799508,0.33369120904125726,0.0017222337526219102,41.9858843021924,75.84997846067286,1421,0.1613115990369346,1.3012087098736753,0.026021431983852757,28.477649244696877,64.90458207991895,1421,0.10697140795145026,0.5276627034430904,0.011442882119115596,12.369324516808996,59.63609325235086,inflation
RYN,1691,1691,0.07025248607005521,0.11465867871528569,0.004935411799023302,-10.789211556498634,43.05008097255564,1691,0.45653214816364723,0.7347857754773847,0.20842160230691434,-15.083820607854308,42.23549831100817,1691,0.41328022394328023,0.41808181914435516,0.17080054350260787,-1.9402225175792986,51.422330740319246,growth
S,1315,1315,0.0285654686921461,0.10459977320251561,0.0008159860016019791,-15.517988300891975,40.11113050857932,1315,0.46915014552697454,1.7069166868687307,0.22010185904798138,62.70386307262885,82.7156640058564,1315,0.30555939314170627,0.6786750634449771,0.09336654273712781,43.673763495432404,77.60502173938661,growth
SAN,1691,1691,0.15442186234978916,0.340154111746412,0.023846111571577233,47.40389787955398,79.21729190719921,1691,0.5070332317489302,1.1014061665378698,0.2570826980977644,21.5232663202325,61.28556992056381,1691,0.45373421389715207,0.619497973967729,0.20587473686086655,40.29093165812626,75.66325675807742,inflation
SANA,1416,1416,-0.012783515213368062,-0.06904929719198599,0.00016341826121041267,-53.49599198303163,16.507674990224622,1416,0.3582861546832072,1.9441638004052202,0.12836896863767908,66.2650804616139,84.56889658922562,1416,0.30958593132481244,1.0232765559384316,0.09584344887425149,70.08529077069629,92.76539069430349,liquidity
SAP,1691,1691,0.0516031631697516,0.09032991004543435,0.002662886449124008,-18.883394926526172,38.019519104931746,1691,0.5478695031545776,0.9457503705334779,0.30016099248684375,8.182371031919322,54.34306146373938,1691,0.46920353367019774,0.5090822451346625,0.22015195600860038,20.311976236999847,64.19522114009226,liquidity
SBLK,1691,1691,0.14308024193288463,0.41839901997155077,0.020471955631572798,54.67389693252521,83.73562048237879,1691,0.28518969954720297,0.8224111093878094,0.0813331647278239,-13.301101192343994,43.16321300712512,1691,0.2399107583310686,0.43484265514937165,0.057557171962988395,-4.06192658070228,50.204460373533756,inflation
SBR,1691,1691,0.2063366678085167,0.39630537914785724,0.042574820482322175,55.64762899341951,84.34079819467975,1691,0.23092621911196923,0.43739210463721345,0.053326918673349225,-43.50040973784604,27.447704382223286,1691,0.1780882400824528,0.21201189075911206,0.03171542125566535,-46.02623510101702,26.116705300703497,inflation
SBUX,1691,1691,0.10251294689907196,0.1759971208182,0.010508904281931948,10.747536836176968,56.43524168166313,1691,0.5207884430807228,0.8817233112444648,0.27122060244644325,1.7098158027082089,50.97478906185451,1691,0.3803325283180724,0.40472659011577594,0.14465283209681734,-6.814120398720025,48.62468525179486,inflation
SCCO,1691,1691,0.12612950016379335,0.3085715927500467,0.015908650811568347,42.58018731926269,76.21933976110476,1691,0.5177518923326304,1.2491227042743498,0.2680670220140197,36.78133357769583,69.22576124059691,1691,0.48237247036813685,0.7314644170697975,0.23268320016905908,56.965430218305436,85.23451508312331,liquidity
SCHD,1691,1691,0.17671235451180192,0.17126647747575352,0.03122725623710476,11.653275859777764,56.998161495293395,1691,0.6940906111776934,0.6633851746755182,0.481761776525024,-12.8577392766038,43.39393544238452,1691,0.48037968741662046,0.28857686418145667,0.23076464408248998,-24.39659819106877,38.53224161172991,liquidity
SCHG,1691,1691,0.12368550164559303,0.16716719760872462,0.015298103317321995,7.429599669477804,54.37313270452094,1691,0.8915981877243069,1.1883533206605765,0.7949473283532684,44.002987741209374,72.98385948055345,1691,0.5309116518077416,0.4447602304721223,0.28186718202522465,8.716339730009894,57.539258920228,growth
SCHP,1691,1691,0.05135771085833575,0.01789104047836425,0.0026376144646084176,-37.27012972967204,26.59210231161737,1691,0.13342589895237505,0.0458367923071272,0.017802470511249398,-57.06036240050035,20.391200002259787,1691,0.3949972072120369,0.08528946457103802,0.15602279370530883,-48.13086531045816,24.90863542438572,growth
SCHQ,1691,1691,-0.453954658793712,-0.39013040324196774,0.20607483224051548,-77.73143127113637,1.4452689197974367,1691,-0.020548038518778306,-0.017414532901118666,0.00042222188696919695,-63.57694370722054,17.00001673803606,1691,0.2873770627772542,0.1530808423668153,0.08258557621048192,-48.402340530463064,24.7528070826735,inflation
SCHW,1691,1691,0.18951105306887447,0.3742906418273174,0.03591443923527376,52.91649483659534,82.64338923856933,1691,0.4979298674519856,0.9698101859954517,0.24793415290075194,8.802220122311256,54.665626588418135,1691,0.2725089313079524,0.33360041875842367,0.07426111764260232,-24.343366935878212,38.562796659160966,inflation
SCMB,991,991,-0.444641593814598,-0.10616076201953999,0.19770614694998595,-71.76800652071822,5.151557223196228,991,0.1693423782840796,0.040592587185552455,0.028676841082908317,-55.91603497341367,20.98669997945284,991,0.44009266096042515,0.06453942139260736,0.1936815502312277,-47.0035218273565,25.555737084377533,inflation
SCOP,535,535,-0.03853526924615491,-0.08991452646905239,0.0014849669758736526,-56.31404231606989,14.756247341708322,535,0.21452933949861025,0.508871446734363,0.04602283750570998,-40.91731873767006,28.79192684450275,535,0.18893155656092359,0.2754320659793653,0.035695133064533466,-37.19051781004678,31.18845797582815,inflation
SD,1691,1691,0.255682615275475,0.9206982381846661,0.06537359975410655,72.14490194227389,94.5939081654275,1691,0.2602594176746016,0.9242015781704375,0.06773496448832272,-3.57522220272459,48.22449230482218,1691,0.19913176499985685,0.44445528827847325,0.03965345983195821,-3.008705657789053,50.809015256558524,inflation
SDGR,1667,1667,0.0040236991542206505,0.0157858728675717,1.619015488367598e-05,-39.49056688693099,25.212093238172812,1667,0.39521059044195805,1.544442108492272,0.1561914107974811,52.223524178044414,77.26176905850777,1667,0.33009019362710285,0.804511167344699,0.10895953592877825,59.640754348501076,86.77016656079245,liquidity
SDOW,1691,1691,-0.1563872553050502,-0.4547476233665665,0.024456973621846956,-67.99306824617112,7.497693907829546,1691,-0.8389887343530508,-2.405854449139141,0.7039020963713339,-93.01161350808098,1.6824207596520573,1691,-0.5320321339399198,-0.9589111462988118,0.2830581915446647,-82.2681324936214,5.313647212778827,growth
SE,1691,1691,0.023365087667093335,0.08175744928740102,0.0005459273216909571,-22.464962608147832,35.79356288651972,1691,0.4656414082406997,1.6067771708553455,0.21682192106838197,57.50733653907497,80.01142799877866,1691,0.3496890578963088,0.7584262996190707,0.12228243721240799,54.91474582082007,84.05741041394023,growth
SEDG,1691,1691,0.05789311167928182,0.27874522657245826,0.0033516123799097975,36.471185188046334,72.42257463167509,1691,0.39755837140858985,1.8876678914648373,0.15805265867705026,66.1738665032035,84.5214294842106,1691,0.32598000848997,0.9728433965291075,0.10626296593512091,69.193341927678,92.25340691509457,liquidity
SERV,639,639,0.04932398738275882,0.36862828486045407,0.002432855731334551,47.33345144044338,79.17350921114466,639,0.361154883025811,2.7018754476365983,0.13043284953338724,75.38543391544373,89.31506463972437,639,0.20387064685543024,0.9492527439478514,0.04156324064925155,63.45377272667033,88.95886109717635,growth
SFD,417,417,0.044437176202454944,0.07207262274835771,0.0019746626288480278,-24.095175849392827,34.78037993864258,417,0.08035489836025944,0.13549500181270066,0.006456909690487626,-57.33935652790263,20.246013412676746,417,0.11933882493179913,0.12781495066852158,0.014241755136102603,-55.97491909789875,20.406103318596163,growth
SFM,1691,1691,0.024698461946295446,0.05289156552013028,0.0006100140225126043,-29.521503528323716,31.407899250356802,1691,0.20539464291812917,0.4337602640440679,0.04218695933946579,-44.50676425415342,26.924004541317725,1691,0.13730313722154655,0.1822503603447216,0.018852151490878842,-51.51269028397615,22.967448388696877,liquidity
SFTBY,1691,1691,0.060725144110789296,0.1852892616419711,0.0036875431272761277,13.343940321414488,58.04891507756956,1691,0.5152103693386806,1.5502810257787816,0.26544172467409965,56.761764487998654,79.62343752603252,1691,0.38065820504019077,0.71992675633285,0.14490066906441992,52.05243873755152,82.41442964299239,growth
SGML,1691,1691,0.08690137675606788,0.3848238624145743,0.0075518492821000545,50.67814835992293,81.25224946358294,1691,0.25406644764770014,1.1094986866400736,0.06454975982032156,13.571423672873323,57.14748670848814,1691,0.22037208206328243,0.6048717961595492,0.048563854552906086,29.75552070395816,69.61587011919683,inflation
SGOV,1588,1588,-0.02878690843447161,-0.0004092701888644453,0.0008286860972146528,-44.8106640848856,21.905635146898796,1588,-0.007680341672448835,-0.00010976488967775622,5.898764820555416e-05,-62.78832626903007,17.410407728709128,1588,-0.018241186011436015,-0.00015942599589948214,0.00033274086710380894,-63.60895321898655,16.024123712346412,liquidity
SHEL,1691,1691,0.340787092476226,0.610452437993525,0.11613584239839982,69.71158986719696,93.08159662301317,1691,0.3305371711972952,0.583892828441519,0.10925482154311003,-32.910817394911675,32.958454058787204,1691,0.2873894284080033,0.3190883193240024,0.08259268356067885,-26.415784576405056,37.373216983149916,inflation
SHLS,1421,1421,-0.011511794696733602,-0.052337589587009355,0.0001325214171397439,-51.53474282305871,17.726597861876293,1421,0.36824683194791935,1.67954772464882,0.13560572923967915,57.255508155471205,79.8803782719759,1421,0.28983035097289195,0.808359437850845,0.08400163234506973,58.45715855464966,86.09077575005807,liquidity
SHOP,1691,1691,0.03108799425863832,0.11419532866925444,0.0009664633870251292,-12.385467468944189,42.058002617393484,1691,0.5474910867846383,1.9832471040811515,0.29974649010862436,74.2402452794398,88.71911649544344,1691,0.3643502786427965,0.8295568701207418,0.13275112554708346,63.207593664033,88.81755289566038,growth
SHW,1691,1691,-0.07953727370343999,-0.1261492259679489,0.0063261779081759265,-60.11684881205752,12.392790464822333,1691,0.5379173246453675,0.8413439209324896,0.28935504815362967,-2.3133966729715487,48.881137471584076,1691,0.4045652601353658,0.39771676609586754,0.16367304970839622,-7.995463076528464,47.94658774266145,inflation
SHY,1691,1691,-0.3825690235064761,-0.0391533977365698,0.14635905774669866,-63.168753637123885,10.496021472233526,1691,0.04547391091482578,0.004589507672453756,0.0020678765738895107,-60.70242872942949,18.495894196879835,1691,0.43299090091286024,0.02746691264573087,0.18748112027333036,-47.59033147759022,25.218904961375664,inflation
SIEGY,1691,1691,0.09709225932466829,0.1845179128143748,0.009426906820768638,14.391290654854288,58.69984679094728,1691,0.5806502212638075,1.0882098733257604,0.3371546794537086,22.634119409454417,61.863650086815355,1691,0.5287463875812479,0.6228346450561613,0.27957274238021923,43.70560318373049,77.62329790406949,liquidity
SITE,1691,1691,0.03370823239867442,0.08550524928750064,0.0011362449314430436,-20.97545904731266,36.71929430033644,1691,0.529828045041126,1.3253661689106897,0.28071775731210147,43.066965097688325,72.49675985358039,1691,0.3978426688651489,0.6255176669050657,0.15827878916974453,39.80046912580494,75.3817284363314,growth
SJM,1691,1691,-0.021046553956033307,-0.029416545677729423,0.00044295743342422127,-49.387973707628554,19.0608220024691,1691,0.12670387290527177,0.17464039535691192,0.016053871409195262,-55.266145020735266,21.324898158433193,1691,0.10108372923531386,0.0875716140644395,0.010217920316118246,-58.30508769012047,19.068573110022204,liquidity
SLB,1691,1691,0.29350473626165013,0.747915041314995,0.0861450302080208,71.43918788537633,94.155304533439,1691,0.3790559862217561,0.9525431385809918,0.14368344069054817,2.9503940364084755,51.62037728458506,1691,0.27821587366866857,0.43943078754086873,0.07740407236122054,-1.5937540486564483,51.621205639349974,inflation
SLDP,1345,1345,0.035296261138812866,0.16740630613956908,0.0012458260503792713,4.674224300309447,52.66065775436655,1345,0.3588186802644919,1.7066039398592379,0.12875084530675165,58.729512438918974,80.64743977587631,1345,0.26322447333816357,0.7626651387715464,0.06928712336415359,52.33948275937692,82.5791945667252,growth
SLG,1691,1691,0.05924531786320804,0.16227386642167435,0.0035100076887125574,3.4829529942495774,51.92027867814617,1691,0.47973045676045944,1.2957940500674978,0.23014131114359904,39.396810565974285,70.58683714422533,1691,0.39208456547933307,0.6656496672330794,0.1537303064871174,45.34915233297354,78.56670459306473,liquidity
SLI,1691,1691,0.1198252657158163,0.5941314441749976,0.01435809430386598,61.526928532490686,87.99480239961409,1691,0.3480136956446377,1.701667139454513,0.1211135323562385,58.12583927817811,80.33329249167774,1691,0.2964511115912526,0.9110844678875217,0.0878832615636893,65.00284874957936,89.84803966688789,liquidity
SLVR,425,425,-0.025868528017049534,-0.08848827964128025,0.0006691807417688767,-55.53245832448225,15.242004390280433,425,0.43964302804612687,1.5614197126262228,0.1932859921095675,54.56790494085122,78.48176838539408,425,0.47571697314114203,1.0726303935637986,0.22630663853457006,77.70386682663555,97.1384972820209,liquidity
SM,1691,1691,0.29103957151876825,1.2665265757539055,0.08470403218982822,74.96088630411091,96.34405180597543,1691,0.28087977970276606,1.2053880466924098,0.0788934506458744,23.980835654731237,62.56447178728756,1691,0.1833476316928459,0.49454861724257143,0.03361635404737547,6.924539182103027,56.51075507352575,inflation
SMCI,1691,1691,0.009945739179706967,0.04280332812271136,9.89177278307582e-05,-32.63108386418294,29.475284736110474,1691,0.44715209289981056,1.8977538452567464,0.1999449941846808,68.1351454544422,85.54206531193456,1691,0.28119575873984864,0.7501025830238288,0.07907105473327916,51.6154855541601,82.1636159960874,growth
SMH,1691,1691,0.12134764442610371,0.2600851896086834,0.0147252508077641,34.5203679018347,71.21013520423915,1691,0.7842577671791514,1.6576286347838307,0.615060245380828,70.68839739333448,86.87075973574069,1691,0.46965239757828664,0.6239247853944407,0.220573374551033,41.975561582195795,76.63024404871044,growth
SMMT,1691,1691,0.01079093088941434,0.06138691893770142,0.00011644418946011655,-27.75328012485489,32.5068559727692,1691,0.18770725307613106,1.0530333344855578,0.03523401285738671,5.724133736242211,53.06381199469739,1691,0.14156913605866545,0.4991797159239147,0.020041820284396928,6.47703598061357,56.25388565539707,inflation
SMR,1147,1147,0.058800852744119086,0.33686344257335293,0.003457540283435577,43.04241839764869,76.50661791266849,1147,0.3772282418914642,2.16232601512866,0.14230114648052503,71.7762755433912,87.43688390458709,1147,0.25901770662664,0.8900205690074227,0.06709017234612413,63.12893282820299,88.77240112230565,growth
SMTC,1691,1691,0.06601356849562097,0.23140491863197984,0.004357791225526041,26.044212971934762,65.9421767425714,1691,0.5784843658535029,1.9997474047955035,0.33464416153692944,76.11425549351094,89.69433828365142,1691,0.3567599449714584,0.7751520263919683,0.12727765833603802,57.417213858909975,85.4938414979867,growth
SNAP,1691,1691,0.08056125614874118,0.287394773913173,0.006490115992263089,38.730311788276204,73.82662932252065,1691,0.4787636731998927,1.6842942552414362,0.22921465477585368,61.687344346905185,82.18667478156954,1691,0.33464418561814696,0.7399584660396349,0.1119867309680328,52.47143634919368,82.65493668817462,growth
SNDK,405,405,0.06688222385206471,0.3999961730938217,0.004473231867397694,51.104971503512644,81.51752146598318,405,0.47116491404321575,2.933579269602796,0.2219963762253509,80.36327849628272,91.90550009044753,405,0.24342726668300857,0.9704527272481355,0.059256834164760575,65.85299856634241,90.3360305639972,growth
SNGX,1691,1691,0.04099679408982267,0.2176811944464817,0.0016807371256433192,20.884150585858457,62.735180818797645,1691,0.12897217611490952,0.6753224426631218,0.01663382221181524,-31.734889707617377,33.570398590036646,1691,0.08889854547483911,0.2925749187170783,0.007902951387542037,-37.30919271237022,31.120337897569854,liquidity
SNOW,1513,1513,0.055968243126339925,0.19134374659740117,0.0031324442386490964,14.981438379326498,59.06662556321825,1513,0.4683207935816177,1.6081923167137138,0.21932436570091618,57.71386437553008,80.1189036381696,1513,0.33117889311622983,0.6944271662624841,0.10967945924569118,46.599934285954426,79.2846606465604,growth
SNPS,1691,1691,0.08201456676484839,0.17932801310574298,0.006726389161625774,11.044837677186,56.62001514250795,1691,0.6716740007463544,1.4483042973132052,0.4511459632786137,55.81127866445718,79.1288113614895,1691,0.3885601656154845,0.5266072570758847,0.15097900230313274,21.43568558838932,64.84023678752548,growth
SNTI,1339,1339,0.001929959621802948,0.010493596093009734,3.724744141789778e-06,-40.91683996484141,24.325659779657,1339,0.18353521346335314,0.9983189898813354,0.033685174581038604,0.5043916212607253,50.34749476166681,1339,0.10504817199865785,0.34835133636732923,0.011035118440259603,-28.626002618381758,36.10453908209711,inflation
SNY,1691,1691,0.032709644523001,0.04531208210616006,0.0010699208448210892,-31.383349779075715,30.250755617177706,1691,0.286244000075133,0.39103778690360375,0.08193562757901275,-43.255527646980056,27.575139306943164,1691,0.32301411757460613,0.2773518842847211,0.10433812015250148,-32.15938012599893,34.07636001792576,growth
SO,1691,1691,-0.019124161706183,-0.0238007100071589,0.00036573356096423636,-48.53144453222291,19.59315773188417,1691,0.25143934366750814,0.3085921539459739,0.06322174354394727,-48.08166980598241,25.063648733888293,1691,0.24769629246455294,0.1910726092437849,0.06135345330068535,-46.74693505428704,25.70301937169636,inflation
SOAGY,529,529,0.010379272742564677,0.027536005194715427,0.00010772930266454607,-36.56213742278734,27.03212188354525,529,0.3358825865681853,0.9130767457689387,0.1128171119597345,-1.9431554371560091,49.07380841721141,529,0.337021864653741,0.5576860589490247,0.11358373725468453,25.49481122992343,67.17019831222895,inflation
SOFI,1438,1438,0.03777130212277726,0.14730108478722415,0.001426671264050118,-1.6658621880618625,48.720272928895305,1438,0.5073192027306875,1.9926279947869991,0.25737277345930043,73.05972803659748,88.10478359163604,1438,0.3589244281298458,0.8626486555490571,0.12882674510833686,64.82167848844746,89.74404689230153,growth
SONY,1691,1691,0.06133244358791707,0.10604539206196083,0.0037616686364650297,-13.694648082402086,41.244342514722575,1691,0.5173526791127305,0.8821295617007571,0.2676537945851199,1.8150627628744447,51.02955884268393,1691,0.41402455828488177,0.44370983908972367,0.17141633486299146,4.287043408140853,54.99681729046731,inflation
SOUN,1106,1106,0.022189021640640003,0.15554541668230243,0.0004923526813687903,0.6074917331379261,50.133169947011915,1106,0.36349373266283763,2.5140659062389936,0.13212769368516247,74.79079755560174,89.00562004341195,1106,0.22490889032915554,0.9401034854601357,0.05058400894909211,63.62636450063579,89.05792977066235,growth
SOXL,1691,1691,0.11588520204223192,0.7679021139009297,0.013429380052368912,65.7862509353116,90.64198542994788,1691,0.7725185404765148,5.048134668263829,0.5967848953799646,92.03814891667803,97.9810208762922,1691,0.46831004391054437,1.9234583015017919,0.21931429722749599,81.39085153686906,99.25484776625159,growth
SOXS,1691,1691,-0.11512314363486621,-0.7747879671406568,0.013253338200374037,-67.67631783294452,7.69455534245336,1691,-0.7720612537410663,-5.1240826314352,0.5960785795282271,-91.79664518189135,2.3146817659080967,1691,-0.46670072936049734,-1.9468394105889688,0.2178095707856202,-80.99627747904846,6.043699325143624,growth
SPCX,72,72,-0.15839798630627347,-0.8236462810399763,0.025089922065882397,-69.52918537501273,6.542992006564341,72,0.4055452884105468,2.3752533753828433,0.1644669809519936,75.24785786106472,89.24347102472765,72,0.26787918030542945,0.8704877456080018,0.07175925524110878,62.424340261253775,88.36796092592797,growth
SPGI,1691,1691,0.04575627130607165,0.06965677421480668,0.002093636363834836,-24.387255569335196,34.598851421894466,1691,0.5652420840026053,0.8485772041834749,0.31949861352760833,-0.004037901192424642,50.082911599664,1691,0.39017624558847036,0.36816710300525857,0.15223750262151434,-14.587543459910911,44.16269559015626,inflation
SPOT,1691,1691,0.06370611670049078,0.18082499992251,0.004058469305056551,11.193287371594362,56.712277120994436,1691,0.4113425242964421,1.1513969891838678,0.16920267229456903,23.586060336498637,62.359033477028404,1691,0.291946181614798,0.5136313965355565,0.08523257295946063,15.34821175981368,61.345991707232805,growth
SPPP,1691,1691,0.06946081573107575,0.1428554131275243,0.004824804922026461,-1.4587240079552828,48.84900999630988,1691,0.286968695100267,0.5820167519743705,0.08235103196755002,-34.88671145639959,31.930212630066464,1691,0.3786842579643586,0.4827313416034583,0.1434017672300169,11.393584761623325,59.076013006387605,growth
SPWR,935,935,0.02053289049094616,0.1255113447707192,0.00042159959191318723,-8.583170168463024,44.42114302757975,935,0.22874498580102148,1.3889731139403516,0.05232426852910952,37.49002940329594,69.59456158391833,935,0.2514929826823198,0.9423578497843984,0.0632487203384496,64.78230643204252,89.72144710489083,liquidity
SPXS,1691,1691,-0.1584536714084495,-0.4961489131618855,0.025107565982816882,-68.40364085835904,7.242521664708463,1691,-0.9281382152341041,-2.865936295217701,0.8614405465779482,-96.24459468844083,0.0,1691,-0.5732218138528324,-1.1125098622911773,0.32858324787673127,-83.82252064009631,4.4214194535087525,growth
SPY,1691,1691,0.1592327697716454,0.16726330453684238,0.02535507496914983,8.78650340341262,55.21645288518863,1691,0.9287103618039813,0.9620389465779577,0.8625029361220817,23.090291977970224,62.10103909604226,1691,0.5733082546199164,0.3732740859544798,0.3286823548153349,-7.501427046672399,48.23016727259855,growth
SPYI,1021,1021,0.09465212640449125,0.06643931467410097,0.008959025032891789,-23.803394136120346,34.96172324325485,1021,0.9133013597910454,0.6394393970340335,0.8341193737961726,-6.876603317981234,46.506476698182354,1021,0.5134290873999637,0.21857770539879184,0.2636094277883596,-33.274561299197295,33.436239593950944,liquidity
SQM,1691,1691,0.1319396490012218,0.39105124078440046,0.017408070978565608,52.70548528659524,82.51224610189841,1691,0.41479676198609555,1.2123774254501125,0.1720563537541496,29.344426131785678,65.35564670030209,1691,0.3663259172103923,0.6729726461331237,0.1341946776200352,45.57509313879045,78.69639591846429,inflation
SQQQ,1691,1691,-0.11718520689514997,-0.48159677071860973,0.013732372715059104,-66.73374590134759,8.280366930827096,1691,-0.8877259564464473,-3.597773622497835,0.7880573737487596,-95.28116302896477,0.5013630868795033,1691,-0.5295391313437673,-1.3489015581080928,0.2804116916243116,-82.85737349989395,4.97541947739054,growth
SRFM,794,794,0.07034255549063154,0.5891522275850558,0.004948075112952577,59.56953497556326,86.7782757980703,794,0.23226198310534935,1.9124349925315758,0.053945628796029585,60.952239660205024,81.80413145192225,794,0.11960955254857783,0.6175209192728913,0.014306445060871002,28.145571112834215,68.69174977030978,growth
SRPT,1691,1691,0.06510904131906971,0.20126160968206344,0.004239187261488327,18.232849403669615,61.087388321769,1691,0.3340750151233876,1.0183751133985648,0.11160611572969166,7.464524922206683,53.96949937666234,1691,0.24807388809554917,0.4753047091641756,0.06154065395484305,5.018232223847259,55.416523886995705,inflation
SRRK,1691,1691,0.012230434111689219,0.057177256358964514,0.00014958351856037125,-28.8303910073051,31.837427979264493,1691,0.23239572518956741,1.071405113100994,0.054007773086384936,9.092219852580225,54.816540416640215,1691,0.17157404296392226,0.49716946490631825,0.02943765221898584,6.850711625159662,56.46837763012247,inflation
SRUUF,1300,1300,0.11381731435736671,0.27208823966322493,0.012954381047523634,36.850041388457534,72.65803501945909,1300,0.34940990958407847,0.8266329212421162,0.12208728491555389,-10.37689774391545,44.68494799802746,1300,0.30581033661667073,0.44147742061482476,0.09351996198160147,-0.17695044738443577,52.43445907630875,inflation
SSRM,1691,1691,0.027011899299612428,0.08388709567308006,0.0007296427037724024,-21.54807875434878,36.36340924916098,1691,0.26270385914680233,0.8045455352040115,0.06901331761062296,-15.441097800633823,42.04957376256537,1691,0.3783453531792625,0.7282824818483473,0.14314520627234087,52.986233068125884,82.95043297335548,liquidity
SSYS,1691,1691,0.06345636598694035,0.22096584648543813,0.00402671038426852,22.34673169939547,63.6441798421347,1691,0.4429289389445166,1.5209962762639524,0.19618604495451533,52.76617288040413,77.5441596420331,1691,0.3201222906748308,0.6909351600051243,0.10247828098690084,45.87470515193651,78.868374941687,growth
STC,1691,1691,0.03442061322430202,0.06728963098063415,0.0011847786147369949,-25.685998398381,33.7916784369284,1691,0.4196142162528917,0.8089540927086359,0.17607609048152856,-9.498237903828757,45.14219642391216,1691,0.3850228609423521,0.46653849354433297,0.1482426034482338,7.443709933502706,56.808762078565245,inflation
STCE,1039,1039,0.03213845685073436,0.10992662162820746,0.0010328804087465144,-13.70169347249663,41.2399637813616,1039,0.6132691829530387,2.087738525488733,0.3760990907598876,78.79746563579346,91.09066204616173,1039,0.44525602476453585,0.9210403941131613,0.19825292758911697,70.77476745825918,93.16115428874949,growth
STEM,1497,1497,0.03945022297292366,0.2490315236120798,0.0015563200926133937,29.060723111944792,67.81694782075415,1497,0.3572963364319758,2.272263454756703,0.1276606720277116,72.31890169706192,87.71926275393263,1497,0.2741537233139817,1.0642028205140517,0.07516026400691923,70.42365438363896,92.95961335926592,growth
STGW,1691,1691,0.07748353265834204,0.27227462356456705,0.006003697833216358,35.69110837851465,71.93775430176028,1691,0.36485685626194747,1.2643415340009194,0.1331205255613514,33.0084982085437,67.26240414270482,1691,0.2744545514068929,0.597777567082243,0.07532530078795882,30.520913635754702,70.05521007559491,inflation
STLA,1691,1691,0.11578209745290555,0.2784085464744882,0.013405494090594118,38.27180099107721,73.54166333807999,1691,0.5182940658908514,1.2290272905607889,0.2686287387376702,34.88357071034285,68.23817873800527,1691,0.4632726622652644,0.6904770466336196,0.21462155960234575,50.659469458555726,81.61485724445794,liquidity
STM,1691,1691,0.0923281121711705,0.2473506953829197,0.008524480297092242,30.685950534837453,68.82703206595362,1691,0.6305875399148666,1.6659758627158854,0.39764064549588346,65.53543813813047,84.18919583513318,1691,0.47552725076886354,0.7896343137683824,0.22612616622379364,63.15256045514093,88.78596351641393,growth
STNE,1691,1691,0.07850543381207352,0.28133317858627704,0.006163103138021856,37.41811516174001,73.01109475769707,1691,0.4773256161631284,1.6868641826366753,0.2278397438455102,61.74976170014141,82.21915633496833,1691,0.39419819905463765,0.8756031063796648,0.15539222013791973,67.07100461652203,91.03517306028661,liquidity
STX,1691,1691,0.09951552419568331,0.26375165019656177,0.00990333955594163,34.432739790907895,71.15567404204303,1691,0.4976130122185681,1.3005894257160378,0.2476187099292368,40.13544935653107,70.97121959676367,1691,0.32096796583517845,0.5272753431816902,0.10302043509237228,19.520955994170535,63.741170959384554,growth
STZ,1691,1691,0.08847205149085678,0.13429480094205307,0.007827303895000814,-3.612064494437532,47.51070172676651,1691,0.3596013067849295,0.5382927160028558,0.129313099841429,-34.712306387419055,32.020971806279405,1691,0.29096645838579765,0.2737583990965929,0.08466147990557411,-34.29579234331408,32.850047085821146,growth
SU,1691,1691,0.3202292111126399,0.7177153506678362,0.1025467476498237,72.149045806115,94.59648359057798,1691,0.3167355819836323,0.700055197166798,0.10032142889451025,-23.35918090984434,37.929058777661155,1691,0.24744467302938053,0.34374850738006724,0.06122886621061704,-24.318621179444367,38.577000866047435,inflation
SVM,1691,1691,0.06174113343523167,0.2198701047997762,0.003811967557867082,21.948450511516718,63.39664676007556,1691,0.31242440297387464,1.0971870522175011,0.09760900757358201,14.373709264536608,57.56499051048485,1691,0.39812527239332013,0.8787852419600908,0.15850373251825536,67.32120153289891,91.17878753301754,liquidity
SVXY,1691,1691,0.19011666659393162,0.39927422454734507,0.03614434691678815,55.19267830043201,84.05804482683948,1691,0.7856782554669541,1.627196335188234,0.6172903211135965,69.72337033770071,86.36856641587626,1691,0.47629795399107955,0.6200136093979263,0.22685974097608852,41.1934119109367,76.18128562723511,growth
SWK,1691,1691,0.017659785309028078,0.03918438265660831,0.0003118680171609639,-33.15033769631758,29.152566753561825,1691,0.5577996132236561,1.2205341576794289,0.3111404085124604,35.58976876985312,68.60567926135006,1691,0.44087485121330056,0.606337373427298,0.1943706344323499,37.69861632325476,74.17525280758464,liquidity
SWKS,1691,1691,0.11722699636420861,0.28354926114026024,0.013742168676574178,39.111617899633686,74.06361233810068,1691,0.623089441668367,1.48626213812959,0.38824045231859733,57.15505153384818,79.82810134976866,1691,0.38466451159086584,0.5767059419479219,0.14796678647743935,30.883032406981247,70.26306833839355,growth
SYK,1691,1691,0.06913066270466665,0.11091352409600147,0.004779048525986389,-11.843219519994083,42.39501151996995,1691,0.5127446963205977,0.8112582027337669,0.262907123604902,-6.1259217519360645,46.897126126726796,1691,0.36866795268879954,0.3666237490579087,0.13591605933975093,-15.565832410445354,43.60115209136319,liquidity
SYM,1394,1394,-0.015277403789110144,-0.06723216332855654,0.00023339906653551697,-53.35777938413665,16.59357457982385,1394,0.3531504928614846,1.5653582261135066,0.12471527060830948,51.87891425795769,77.08243647004171,1394,0.23805528801773287,0.6417419856157845,0.05667032015320575,36.68839648565101,73.59538079548813,inflation
SYNA,1691,1691,0.08701514834456438,0.26731011159086643,0.007571636041426545,34.67172273325663,71.30420273503555,1691,0.6199868569275636,1.8782229597506386,0.3843837027629192,73.39511674875267,88.27931752808786,1691,0.41680736421361403,0.7936469076938544,0.1737283788627003,61.435612474276134,87.8004254748222,growth
T,1691,1691,0.047620371438867305,0.06849180039174553,0.002267699775975689,-24.434761414210328,34.56932638140638,1691,0.23221490464925806,0.32936696273099425,0.05392376194126401,-47.85253037543729,25.182891288452453,1691,0.19455300583944113,0.1734423588499408,0.03785087208116161,-50.18544097948773,23.729297142897714,liquidity
TALO,1691,1691,0.2970513084655838,1.1173216256637744,0.08823947986111542,74.83304904868052,96.26460052682462,1691,0.2813493012570963,1.0436063563204598,0.07915742931785633,7.986861276869144,54.24131955673135,1691,0.17556531800204145,0.40931426919014385,0.03082318088515794,-12.62798056550531,45.287495991130314,inflation
TAN,1691,1691,0.06706658499890336,0.17060990216833238,0.00449792682341513,7.13917782968842,54.192634565798315,1691,0.5215951655644703,1.3085060603511898,0.27206151674022716,41.764070170298524,71.81874245997403,1691,0.43197093977716977,0.6811205679809402,0.18659889281197123,48.436415676242575,80.33881155443625,liquidity
TAP,1691,1691,0.06767168524357454,0.11651318088370405,0.004579456983705424,-10.203043488287555,43.41438637523288,1691,0.28220510372337826,0.47915615427745234,0.07963972056752268,-40.12715788312495,29.203121018235343,1691,0.23957404092737009,0.2556696917476876,0.0573957210862692,-38.800511342910646,30.264312404129008,growth
TATT,1691,1691,0.03242342488522848,0.09225558759629704,0.0010512784812880536,-18.53994162077763,38.232976476012055,1691,0.22804305078810724,0.6398744571650283,0.05200363301274726,-30.747894783561087,34.084023834746134,1691,0.15282301212946736,0.2695218443123309,0.023354873036323328,-39.469061010854595,29.88056103961742,liquidity
TBIIF,1691,1691,0.020748383922984164,0.09148218341337978,0.0004304954354155477,-19.399565452548114,37.69871740738032,1691,0.16017524263486116,0.6964529404085638,0.025656108353136645,-29.0642914860973,34.960159197327016,1691,0.15562403808309946,0.42530486306533055,0.02421884122928999,-9.154199430317888,47.28146639387163,growth
TCEHY,1691,1691,0.03617134162944939,0.08705529086897437,0.0013083659552743385,-20.325503476620614,37.1232438478202,1691,0.3488667293349339,0.8280074550222511,0.12170799483685403,-10.05766100406656,44.85107656123352,1691,0.32713174728012634,0.48800544684798264,0.10701518007854845,10.829489732428009,58.752219206842916,inflation
TD,1691,1691,0.155185963544716,0.19917375543691285,0.024082683281301923,20.821794933952305,62.69642657388251,1691,0.5592172380233408,0.7077899064909272,0.3127239193024538,-14.308576200839621,42.63893006993369,1691,0.460938552301013,0.3666858329031504,0.2124643489973537,-12.223612074494905,45.519605836712856,inflation
TDG,1691,1691,0.12159549916205967,0.2341286008233419,0.014785465416470453,28.553327292875043,67.50159963273855,1691,0.5292945815683652,1.0050289174822262,0.2801527540776308,13.169716252551064,56.93844098085998,1691,0.3674580360791609,0.43854699756130083,0.1350254082791539,1.0787242376188542,53.155223586198645,inflation
TDY,1691,1691,0.1126575694160382,0.17758778723531965,0.012691727946729466,11.666345371885715,57.00628424050846,1691,0.5865567162936531,0.9118152902691942,0.3440487814291931,6.717689753712374,53.580851586459865,1691,0.37993530394470254,0.3712220732269283,0.1443508351835535,-14.494979019350849,44.21582811279953,liquidity
TE,1685,1685,0.07327724025774948,0.36033538331082515,0.005369553939791941,47.60806854345315,79.34418465342756,1685,0.3265602864194356,1.5849293316373547,0.10664162066634379,51.62475312962387,76.950172799222,1685,0.24705186773678756,0.7527254136775727,0.061034625352235174,50.75869741762191,81.67181466514809,growth
TEAM,1691,1691,0.05441193534170461,0.17687116297896527,0.0029606587076298433,9.176750781192093,55.45899292756859,1691,0.419012094294332,1.343177958770987,0.17557113516492218,40.76689771487231,71.29982089923189,1691,0.27997255025031,0.5640917317090198,0.07838462889366235,24.963826769602132,66.86541017014609,growth
TECH,1691,1691,0.026626562589898106,0.058274724967401895,0.0007089738353537613,-28.101027811521828,32.29072962967461,1691,0.47901472394073563,1.0338514266060226,0.22945510575201916,14.3414043231816,57.54817924529555,1691,0.3825602401129975,0.5189629845357712,0.1463523373153143,19.985445351049446,64.0077905286554,inflation
TECK,1691,1691,0.1676742329790141,0.4909667200593861,0.0281146484051007,59.142665803875204,86.51297518905396,1691,0.4645985186620251,1.3415525432559718,0.2158517835429481,42.136923868695604,72.01277291282884,1691,0.40129049355340696,0.7283095764811338,0.16103406021633695,53.90206233074392,83.4761242511182,inflation
TEL,1691,1691,0.11974194670560566,0.21231849128132294,0.014338133800848106,22.51273743218102,63.74735295682472,1691,0.6902855522248046,1.2070198950356248,0.4764941436103034,38.42278704252558,70.07996212552908,1691,0.4683008081780565,0.5146806430924836,0.2193056469402209,21.746122388573692,65.01842930092803,growth
TELO,658,658,0.038241392810929885,0.2343623934722874,0.0014624041241198399,25.861432269631468,65.82857792857007,658,0.17210833659138297,1.0461526376320573,0.029621279524252773,4.72717426118409,52.545001267446914,658,0.0939022081276444,0.3589391048007868,0.008817624691247446,-26.535625664361596,37.304427507613546,liquidity
TEM,571,571,0.03811400250195662,0.21186147198225624,0.0014526771867191556,19.31751133648436,61.76150931817318,571,0.4425522041419136,2.449863064488511,0.19585245339086596,76.99409730975448,90.15220180164854,571,0.3075846669785421,1.0853142711013435,0.09460832736030064,72.1574841595135,93.95484164854008,growth
TENB,1691,1691,0.08601550829833945,0.23540354225901594,0.007398667667821704,27.75902501073677,67.00793812431662,1691,0.4525652453511133,1.2214102851411308,0.2048153012997134,32.019315243837106,66.74764025696784,1691,0.3038473546703829,0.5154221946793772,0.09232321494018944,16.32849956437406,61.908682559762916,growth
TEO,1691,1691,0.059621329248128845,0.18121342805851104,0.003554702901313784,11.388567859330657,56.833644593188716,1691,0.2670856738527385,0.8005407711626158,0.07133475717737141,-15.964230383063954,41.77733923114356,1691,0.23321120282049118,0.43934890998847803,0.05438746512098028,-3.394416227388622,50.587615165454466,growth
TER,1691,1691,0.08245314778621878,0.24456268999051808,0.006798521579856034,29.551081334703262,68.12170708603334,1691,0.6549462211926182,1.9157231307702993,0.42895455265449,76.08443604182837,89.67882044987714,1691,0.4203007202674057,0.7727064176908344,0.17665269545730003,59.190143596176206,86.51151339056494,growth
TEVA,1691,1691,0.1122581320458184,0.27893302924262114,0.0126018882104164,38.4867102503981,73.67523015705548,1691,0.3567521112975272,0.8741638117839271,0.12727206891524323,-4.82070125636452,47.57635372972463,1691,0.2572056774036966,0.3961266902345673,0.06615476048869444,-13.829544569274779,44.59779132429142,inflation
TFC,1691,1691,0.17490859664250968,0.36490472298166227,0.03059301717945215,51.39066471596573,81.69508074709945,1691,0.5478027180124968,1.127033049919051,0.3000878178618791,25.994430776577886,63.612332583728026,1691,0.36267460475217855,0.46898278167461427,0.13153286893214894,7.5635157630305,56.877531315560205,inflation
TFPM,1021,1021,-0.03741157849821286,-0.08400399288863096,0.0013996262057279429,-55.48546769323103,15.271209223788814,1021,0.2742608963285187,0.6142544409484267,0.07521903925492247,-31.723505228675307,33.57632299313133,1021,0.3585984969980365,0.48835201731827016,0.12859288204925076,12.043575322077846,59.44911133618138,inflation
TGB,1691,1691,0.12244878028745917,0.48609738497615057,0.01499370379388645,57.33427626062482,85.38905507726459,1691,0.4198176855175129,1.6435150717741394,0.17624688907328137,57.481997137085195,79.99824155148234,1691,0.41904345639030965,1.0310964868975714,0.17559741834353734,74.25455219655763,95.1585707942956,liquidity
TGT,1691,1691,0.03896726265840849,0.07022063587039298,0.0015184475590893968,-24.51212152248042,34.5212468169898,1691,0.4356882780487674,0.7742565256818369,0.18982427562910006,-12.543624925708578,43.55739835026075,1691,0.2874175513058092,0.3210329182208434,0.08260884879862747,-25.85105352736693,37.6973758617519,liquidity
THC,1691,1691,0.11380530468338228,0.341525266157023,0.012951647374077472,46.09506771075272,78.40384960704719,1691,0.4288944494469807,1.2692725805536627,0.18395044876642866,35.47531266906583,68.54611710825026,1691,0.33130000470540744,0.6162447001845175,0.109759693117803,35.441987588800274,72.87993490142786,inflation
THD,1691,1691,0.06475106119894118,0.08041717986875065,0.0041926999263890265,-21.241952233579124,36.55366789931149,1691,0.4769846638311155,0.5841851378440878,0.22751436953008225,-27.559656453681992,35.743160728425785,1691,0.5029614646982629,0.3871756918949675,0.2529702349714219,-7.483079004424634,48.240699154650564,growth
TIP,1691,1691,0.07131196315073267,0.02537014335128904,0.005085396088411454,-35.105989355639366,27.937122747169607,1691,0.1401822118451971,0.04918102511800828,0.01965105251781172,-56.59839275020562,20.631605772236632,1691,0.39730467251032037,0.08761039210736722,0.15785100279853292,-47.82460532597227,25.084430421492222,growth
TLN,831,831,-0.0037631798865619672,-0.010543316965707109,1.416152285862454e-05,-45.626073828553515,21.39885528097999,831,0.42726846425244797,1.1873478591428623,0.1825583405446454,27.525948720648348,64.40932379374088,831,0.22839690435716664,0.39160467836398544,0.05216514591993673,-16.190843820179136,43.2423919381224,inflation
TLT,1691,1691,-0.4436267786328014,-0.4158156962394937,0.1968047187201166,-77.82095286359645,1.3896309525348938,1691,-0.01741213720363297,-0.016094568810134727,0.00030318252199813936,-63.35443781166749,17.115807247457386,1691,0.2831950563467734,0.16452815054581868,0.08019943993925216,-47.759465308869004,25.121821166931618,inflation
TM,1691,1691,0.0807111482234108,0.12195763309221416,0.006514289447541388,-7.378925944010629,45.16958481569999,1691,0.49864388672198084,0.743036418284907,0.24864572576520366,-13.158912360220699,43.23720707934805,1691,0.3875818095594383,0.36300304664090716,0.15021965910136867,-15.354844818064938,43.722260186024286,liquidity
TMC,1265,1265,0.059563581550853915,0.3878114363171238,0.003547820247165225,49.9468242267864,80.7977290840901,1265,0.2575879854065542,1.6545538361087502,0.06635157022580718,52.14220568177059,77.21945148267221,1265,0.19660833539119424,0.7734680337741259,0.03865483754529632,51.58640882455477,82.14692578562645,growth
TMDX,1691,1691,0.047953807052439484,0.1832602036729555,0.002299567610822595,11.656700679619425,57.00029003220828,1691,0.3728446705893652,1.4051320924065143,0.13901314838689224,43.43551316707184,72.6885496872569,1691,0.27136039411110585,0.6427808910303334,0.0736364634921347,38.192323247488005,74.45864342899648,growth
TMF,1691,1691,-0.44308197257827153,-1.2217761798779212,0.19632163442385217,-80.05687164214757,0.0,1691,-0.019335503250728046,-0.05257837906501922,0.00037386168595891485,-63.872753021407746,16.84607964303831,1691,0.2810980559182598,0.48043743302709774,0.07901611704102512,7.52707029191793,56.85661140498313,inflation
TMO,1691,1691,0.023155843962603444,0.03851852534516783,0.0005361931096204384,-33.18347434248842,29.131972217828274,1691,0.48456020657319127,0.7948788168115848,0.2347985937942538,-8.80361913594004,45.503671165008505,1691,0.34037610636178217,0.35094537740032367,0.11585589378200725,-19.60027946901152,41.28535621558943,inflation
TMUS,1691,1691,0.04395077229720385,0.06731287849078353,0.0019316703855206615,-25.239693481306453,34.069058426302256,1691,0.3292045011340816,0.49721194802233704,0.10837560356693955,-37.580184177566466,30.528548293392753,1691,0.19888804860455855,0.18880424782672495,0.03955645587772925,-49.01897033700177,24.3988580179982,liquidity
TOL,1691,1691,-0.047900339253985444,-0.11604682353872106,0.0022944425006468988,-58.55855870823468,13.361272943736099,1691,0.5158718072879057,1.2324820472902174,0.26612372155449016,35.24978905733168,68.42875620046699,1691,0.4640261266472193,0.6968006137127017,0.21532024621122123,51.587835508108014,82.14774471021282,inflation
TOST,1257,1257,0.03882380358499346,0.1366812766653957,0.001507287724806151,-4.786006423527828,46.78109291593149,1257,0.5028877348555655,1.7544250260538228,0.25289607386816154,65.68866829149727,84.26893573358822,1257,0.36682326957940453,0.7803589802150208,0.1345593111049245,58.44592631732599,86.08432838106492,growth
TPL,1691,1691,0.23214154415833557,0.6622663464974344,0.05388969652421646,67.71298526843854,91.83945722199566,1691,0.3421145122029626,0.9624882901928092,0.11704233945987103,2.6721865914575496,51.47560007903908,1691,0.23759311105590558,0.420131345119884,0.05645048642122388,-7.525524721022489,48.21633506856524,inflation
TQQQ,1691,1691,0.11721287933713263,0.4814578171816871,0.013738859082501215,56.81277167879444,85.06493824629906,1691,0.8865890940137474,3.591281369506668,0.7860402216241175,95.91786894095819,100.0,1691,0.5279502447287696,1.3441487302466184,0.2787314609091677,82.68901311884605,100.0,growth
TREX,1691,1691,-0.015176475076491037,-0.041185692759847105,0.00023032539574735364,-50.76101184016635,18.207474239442746,1691,0.5552527139785398,1.4859708573558759,0.30830557638053413,54.55526736565825,78.47519187978821,1691,0.439144235011885,0.7386761394713052,0.19284765914417368,56.01618872845153,84.68964499425957,liquidity
TRMB,1691,1691,0.1495355826848208,0.2962356271911673,0.022360890488888882,42.15915736274582,75.9576682437255,1691,0.6490114275468264,1.267912328230219,0.4212158330863695,43.066657553037444,72.49659980949836,1691,0.453454721908936,0.5567985456983772,0.20562118482151048,29.457211884332267,69.4446391365694,growth
TROX,1691,1691,0.12520650099867628,0.4620823038938064,0.015676667892331523,56.1905536407646,84.67822766755788,1691,0.47019209795672273,1.7112439426493704,0.22108060898094434,62.965830106716005,82.85198981535078,1691,0.3704353764921894,0.8473763435991725,0.1372223681569101,64.43531623446862,89.5222727306059,liquidity
TRP,1691,1691,0.13532737786245777,0.19349733126077023,0.018313499199128426,18.66100289127448,61.35348713739639,1691,0.37467080258496677,0.5283032752436563,0.14037821030966313,-34.86137013155566,31.943400078002604,1691,0.3374976231029647,0.299110358825787,0.11390464560015082,-28.04447824777091,36.438337424118515,growth
TSEM,1691,1691,0.0996304683768435,0.2693777693212798,0.009926230228989212,35.677005682001315,71.92898942900322,1691,0.5095296085849179,1.3585735212126728,0.25962042202469965,45.17525355979563,73.59389840097813,1691,0.3107850276580137,0.5208361152572245,0.09658733341639233,17.698811614170978,62.69524957808701,growth
TSLA,1691,1691,0.10546762057686615,0.39222763063192134,0.0111234189901458,51.89171364126578,82.00648431954161,1691,0.5266177321417065,1.931339641442983,0.27732623580607413,71.9311869736154,87.51749872774161,1691,0.3416063308934977,0.7874380011550605,0.11669488530651782,58.01433086141119,85.83659010062621,growth
TSLL,1036,1036,0.05641657166562412,0.34803377146732895,0.003182829558502502,45.10120620083804,77.78616137527456,1036,0.5560901893841237,3.4134863358839653,0.30923629872927055,84.12490857987538,93.86302603622605,1036,0.32664897397276693,1.2192290127598087,0.10669955219746137,74.74147384620208,95.43806662896701,growth
TSLZ,735,735,-0.06249544038995571,-0.40838057154111773,0.003905680069534508,-64.36860667557387,9.750308820809046,735,-0.564538487243749,-3.671262946457547,0.31870370357946054,-84.08235095639331,6.329146443242626,735,-0.3191949358312947,-1.2830286706441267,0.10188540706034435,-75.26982795791145,9.33071437116302,growth
TSM,1691,1691,0.10470688310259717,0.2385128109924582,0.010963531369060949,28.864220526977718,67.69482081106896,1691,0.6253908588722484,1.4048570909546363,0.3911137263609686,52.161880407449765,77.22969007209679,1691,0.3903903392222851,0.5511971502094766,0.15240461695809085,26.12246499506965,67.5304751927133,growth
TSN,1691,1691,0.09226410240435849,0.14259652814510018,0.00851266459248195,-0.8861076734363524,49.2048929514547,1691,0.26688635617546985,0.4067679275392918,0.07122832711261975,-43.031050387284395,27.691955700455157,1691,0.22528765266120648,0.21581667798719653,0.05075452644159641,-43.92325826266871,27.323826132480022,liquidity
TSNDF,1691,1691,0.037160154529760146,0.1954700035368092,0.0013808770846756536,15.901646171767975,59.63853776477377,1691,0.20418448510316342,1.0591793098214082,0.041691303956843964,6.751834255280281,53.59862014589807,1691,0.17170331055489904,0.5598255311626555,0.029482026855512104,20.159659234555892,64.10779030237164,liquidity
TSYY,442,442,0.15728669731502937,0.3096636701147924,0.024739105152269666,43.78343856907894,76.96716441218823,442,0.5617211431182363,1.135641254742681,0.3155306426260581,27.270821101939664,64.27655716810024,442,0.2736122184964449,0.3506745528153931,0.0748636461105463,-22.049764893821308,39.87933745708367,inflation
TT,1691,1691,0.06380619659728408,0.10900110226015852,0.004071230724211266,-12.93157062993634,41.71859768771907,1691,0.5891318464037011,0.9924866452760681,0.34707633244703406,14.136527026557982,57.441562535271096,1691,0.3777546244097582,0.3999901016965969,0.1426985562629575,-8.257339229786828,47.79626932061362,growth
TTD,1691,1691,0.07453120223969265,0.26583025434881186,0.005554900107293966,34.12203527006314,70.96257014962963,1691,0.5003298735297482,1.7598143481084814,0.25032998234629383,65.71189249461665,84.28102144620905,1691,0.31818731108043524,0.7034294702758009,0.10124316493259766,47.38547175945445,79.73556368605738,growth
TTE,1691,1691,0.2995864636861108,0.5070665476813331,0.08975204922394939,64.66158867480746,89.94300409693314,1691,0.33215964906526696,0.5544134866130532,0.1103300324671613,-34.88351896094636,31.93187398233731,1691,0.3346049214331468,0.35103184805782606,0.11196045344728234,-19.689521591990776,41.2341307223953,inflation
TTWO,1691,1691,0.05577176614284788,0.10754863096307658,0.003110489898692513,-13.43827439488757,41.40367961363837,1691,0.42135166789738454,0.8012708545671159,0.17753722803990785,-10.339421892455375,44.70445016861388,1691,0.27781569796504213,0.3320616283597823,0.07718156203580351,-24.495878151449023,38.47525434198562,liquidity
TUR,1691,1691,0.06835342435919363,0.12749155228564102,0.004672190621628005,-6.120206036413478,45.95188342195899,1691,0.31247572629897785,0.5747534122408247,0.09764107952607372,-34.44496276253664,32.16009555596134,1691,0.2466651633737269,0.28516772642654153,0.06084370282218739,-33.25310262970793,33.448556993976695,growth
TWODY,529,529,-0.17737104012930074,-0.3342547108106486,0.031460485876550016,-67.48725787026707,7.81205673764801,529,0.3352016782073313,0.647271955967513,0.1123601650730113,-26.320846726750347,36.387828632622096,529,0.4142590078448075,0.48692770441911715,0.1716105255805643,13.653445153145885,60.3731859023364,inflation
TWST,1691,1691,-0.014867254204914186,-0.06883411797597024,0.00022103524759353854,-53.45617349821276,16.532422310886773,1691,0.4713411299658866,2.152050524048599,0.2221624607975188,74.84472792695,89.03368503088643,1691,0.41619380566067726,1.1943731162645888,0.1732172838703176,77.31179620766405,96.91344648590288,liquidity
TXG,1691,1691,-0.023219596640944612,-0.08929445543036263,0.0005391496681681664,-55.66524442536455,15.159477387232482,1691,0.44260982617978933,1.6785528239678609,0.19590345823090333,59.745463604063666,81.17613364561358,1691,0.36979396917193286,0.8814568734211297,0.13674757963593243,66.44235526967333,90.67432471016413,liquidity
TXN,1691,1691,0.1081497726135703,0.20610469053673994,0.01169637331636696,20.754019144683976,62.65430369558156,1691,0.6542162693164089,1.2294977686240265,0.42799892703828,39.86634652928333,70.8311803704938,1691,0.40090358794160125,0.4735584937918463,0.1607236868244492,10.029023669890124,58.292747071154295,growth
U,1511,1511,0.03621659867063951,0.1544121283895126,0.0013116420192701677,0.7602088806189542,50.228084161767065,1511,0.475049166226029,2.0357021407183855,0.22567171033204533,73.28326895321024,88.22111271876665,1511,0.35196980414624124,0.9205968255169266,0.12388274303074341,67.3970003870959,91.22229651241166,growth
UAE,1691,1691,0.09111390202929548,0.10380987538470567,0.008301743143004055,-13.441542483614727,41.40164848563209,1691,0.3905426632621001,0.4388000284341468,0.1525235718278541,-37.688335493545495,30.472267106142986,1691,0.2991957159991445,0.21129091171853182,0.08951807647224075,-42.012972142978775,28.42034138061864,liquidity
UBER,1691,1691,0.09799259949498135,0.26950435214555474,0.009602549555783818,35.732429620659126,71.96343559109512,1691,0.46457073247476827,1.2599940385684423,0.2158259654721427,35.93473712837751,68.78519837866826,1691,0.3297482798917471,0.5621166711227699,0.10873392809156598,26.36772925848348,67.6712582941999,growth
UEC,1691,1691,0.1908581831900643,0.8849177309156177,0.03642684609061215,69.65054812023854,93.04365897439017,1691,0.431123586227253,1.9712333346863482,0.18586754660144766,69.49088666279341,86.24758353997201,1691,0.3352311263033037,0.963402725178687,0.11237990804258156,68.84063495400677,92.05095107836469,inflation
UFO,1691,1691,0.11511695995291593,0.2141696832101646,0.01325191446880125,22.576361594882847,63.78689558541559,1691,0.638672966173675,1.1717672502169971,0.40790315772108016,33.23386604504654,67.37968398614889,1691,0.4853737471093214,0.559714280150176,0.23558767438294348,31.02537516443769,70.34477390197605,growth
UHAL,1691,1691,0.0535047550515512,0.09383455836458923,0.002862758813126494,-17.689345715433348,38.761624658363196,1691,0.5032006248643113,0.8702734726538028,0.2532108688638333,0.07949801942695456,50.126383107596205,1691,0.3971642943273496,0.43172982771956825,0.1577394766885416,0.6527017325066692,52.91068421165638,inflation
UHS,1691,1691,0.07589134943202401,0.15236800258087263,0.005759496918613571,1.5850784096524988,50.74074331573269,1691,0.40832933809294797,0.8084556932847906,0.16673284834742502,-10.005957988949769,44.87798244812748,1691,0.30787630547491696,0.38313267178573224,0.09478781947288438,-14.87480632485666,43.997805049210434,liquidity
UL,1691,1691,-0.0359720987291156,-0.043290692621483454,0.0012939918869772403,-51.71435736705418,17.61496682578683,1691,0.2889803205393348,0.342958180051697,0.08350962565901669,-45.41474342119267,26.451498543064933,1691,0.34694848108651594,0.2588005355492034,0.12037324852824051,-34.47865918972563,32.74508046150111,inflation
ULTY,645,645,0.07698206059382194,0.12029571233612142,0.005926237653270873,-7.734942710092212,44.948319212264735,645,0.7550880808992624,1.1780251841649152,0.570158009916131,38.21038985662596,69.9694321178012,645,0.4441874972125909,0.4327702636078877,0.19730253267998543,2.7495112315820522,54.11426495512702,growth
UMAC,655,655,0.010619044813168041,0.09080866949096131,0.00011276411274407107,-19.97959102043764,37.33822958906913,655,0.2812916601711303,2.3921343725317175,0.07912499808183064,71.1244795717311,87.09769384668009,655,0.22440563690812765,1.200184838215992,0.05035788987614242,70.82470900037077,93.18982102190348,growth
UNH,1691,1691,0.0911071301497803,0.15767817556709227,0.008300509164129005,3.5833722785727486,51.98268959712299,1691,0.3459566666117372,0.5904526326112264,0.11968601517310468,-31.694638958268296,33.59134479804671,1691,0.1974313693124437,0.2117906580784095,0.03897914558858654,-45.46197492749031,26.440593894046682,liquidity
UNHG,297,297,0.07002565243276948,0.2569714594258186,0.004903591998635035,31.822103385884144,69.5331548391826,297,0.22032630081698934,0.8372765664786205,0.04854367883169848,-13.767330555533738,42.92059051239644,297,0.11035044280704973,0.254813670207405,0.012177220227711952,-43.54883597616783,27.538746683992894,liquidity
UNP,1691,1691,0.13201667298022948,0.18568333733651307,0.017428401944768853,15.951893181367879,59.669766448249284,1691,0.503714103500662,0.698670490054368,0.2537278980654757,-16.927682006271283,41.275965755278136,1691,0.32693476057536347,0.2850208759937072,0.10688633767247023,-30.669165426696622,34.93175184847024,liquidity
UPS,1691,1691,0.07986601729312995,0.13141544947618472,0.006378580718266532,-4.589771788495875,46.90305339384137,1691,0.5088499784175656,0.8256924190463213,0.258928300535557,-5.0219940337893645,47.47160237838212,1691,0.34523180581088947,0.3521004819183249,0.11918499974344769,-19.09208193972381,41.57706452786089,liquidity
UPST,1449,1449,0.02914728304692799,0.16932856157183682,0.0008495641090177357,5.248255513754368,53.0174200614666,1449,0.46297957077413954,2.7097713861647024,0.2143500829542065,79.28754603520417,91.34569645306642,1449,0.36868253703753234,1.3189706159765773,0.1359268131164314,76.88914465060678,96.67084205498232,growth
URA,1691,1691,0.16854236642441509,0.42483315079293504,0.028406529279941802,55.90331933829772,84.49971059387582,1691,0.5359861163442232,1.3323152264053078,0.2872811169137632,43.73349499138867,72.84361734130796,1691,0.45365471069376473,0.7087713573041884,0.20580259653464336,53.028825542104826,82.97488129902379,inflation
URG,1691,1691,0.16305156407137958,0.6765738476839245,0.0265858125461232,65.85858271301,90.68693987020117,1691,0.3765162530074086,1.5407000806431141,0.14176448877873893,51.34372366878923,76.80392703637801,1691,0.30205861703647363,0.7768781191612344,0.09123940812598703,55.728166080231475,84.52431833333308,inflation
URNJ,914,914,0.07028838673212558,0.23092708992916258,0.004940457309404847,26.081082260689442,65.96509112807725,914,0.4171454459572615,1.3595868603633996,0.17401032308288258,42.054557217350634,71.96990988443646,914,0.34213665041047503,0.6884248547771026,0.1170574875540996,46.081460995069136,78.98705398787797,liquidity
USB,1691,1691,0.17425762281675689,0.33878020849352347,0.03036571910974711,47.75990144732891,79.438549307843,1691,0.5347768323301042,1.0252811433638074,0.2859862603970204,15.27833397110265,58.03575087100493,1691,0.35193155891512723,0.4240879002099903,0.12385582216043167,-2.6216842497658654,51.03116777647653,inflation
USLM,1691,1691,0.08664716281730511,0.19424057742936057,0.007507730824288582,17.408192762786083,60.57486147849619,1691,0.46204786962013544,1.0214490897575694,0.2134882338205057,12.394572227684787,56.535061460101346,1691,0.27680939681793504,0.38462531535344646,0.07662344216670902,-15.849398778328046,43.43838336104695,inflation
USO,1691,1691,0.4021202399442598,0.9367828868763696,0.1617006873728291,77.49571750472732,97.9194578223381,1691,0.12475514351479894,0.2866062226927948,0.01556384583339808,-53.07936355894214,22.462883913034315,1691,0.04502827472524533,0.0650189190747702,0.0020275455247321674,-60.7180259960648,17.683532608489806,inflation
UTHR,1691,1691,0.07911131883527872,0.14259095495848956,0.0062586007678571256,-1.4592044478771264,48.84871140130159,1691,0.27918645303274126,0.49624007531276493,0.07794507555700304,-39.443565210636365,29.558857856521804,1691,0.1988946135477596,0.22220191494857494,0.03955906729831264,-43.8322704859325,27.37605364099675,liquidity
UUP,1691,1691,0.11376792565363883,0.047301310359656464,0.012943140907531892,-28.208061890934438,32.2242075935637,1691,-0.23995585274778058,-0.09838498401183363,0.05757881126791456,-71.81996395285056,12.710406743480956,1691,-0.8029644428441153,-0.20692886183761525,0.6447518964719605,-91.52526460622225,0.0,liquidity
UUUU,1691,1691,0.14764621044929946,0.6759427421958217,0.021799403460038825,65.09389663719122,90.21168493244409,1691,0.4158008244472053,1.877228290443469,0.17289032561097564,66.13585626241715,84.50164922116211,1691,0.34222632534112435,0.9711189777807292,0.11711885775648909,69.53646431842245,92.45036114595614,liquidity
UVIX,1126,1126,-0.07940777832707605,-0.594729815142555,0.006305595258842048,-65.97528264907993,8.75175436306397,1126,-0.7800915395896989,-5.764655482502879,0.6085428101394268,-92.19045453611649,2.109746136551973,1126,-0.4742544962129376,-2.1221179303102375,0.22491732717818722,-81.48615801792984,5.762505070988134,growth
UVXY,1691,1691,-0.19074085045152137,-1.1796813957615722,0.03638207203096964,-71.11218301818832,5.559153709820823,1691,-0.7881556229321038,-4.807033335416862,0.6211892859594926,-92.13444940453171,2.138890814720127,1691,-0.48223799505808873,-1.8486464594518954,0.2325534838776452,-81.42733242894117,5.7962712982783575,growth
UWMC,1608,1608,-0.09295571441651515,-0.2725558875170603,0.008640764842684723,-63.968974722704665,9.998681407799383,1608,0.307042126362838,0.9048276807146425,0.09427486736141298,-3.6290676414810665,48.19647151567351,1608,0.3479069417584309,0.626684167812321,0.12103924012370423,38.27821737611578,74.50794715412705,inflation
V,1691,1691,0.11720797093419871,0.16954280397351768,0.013737708450511971,8.443128939331826,55.00304451446688,1691,0.5942128499255874,0.8476340472542053,0.3530889110166887,0.6716908575430003,50.434556112318994,1691,0.3594556657786821,0.3222841666570609,0.1292083756603956,-22.991471472247422,39.33879245082865,liquidity
VALE,1691,1691,0.12982131995850016,0.2925189565806159,0.016853575115767273,41.13091011875566,75.31860916393488,1691,0.40904030190822394,0.9089044614770323,0.16731396858517097,0.27911655117638656,50.230263193217105,1691,0.41774936850904826,0.5834386824153421,0.1745145348897086,33.28124524387046,71.63965633577565,inflation
VB,1691,1691,0.13889210404261543,0.1804992843035987,0.01929101656538471,13.261050180953813,57.99739857976603,1691,0.8148137111973082,1.044240169558818,0.6639213839551303,26.770864974299542,64.01638350140313,1691,0.579533197794281,0.46681808086086524,0.33585872734566524,14.589819771889164,60.91067033298737,growth
VCEL,1691,1691,0.04112934799495043,0.12652428549460082,0.001691623266489733,-7.411296757730945,45.149466247379884,1691,0.42392223302514986,1.286033857900433,0.17971005965302947,36.65427728857755,69.15964203775233,1691,0.32558724247904103,0.6208130973682977,0.10600705246510586,36.256785056584306,73.34763334636811,growth
VCLT,1691,1691,-0.3189406338748354,-0.24022101573497662,0.1017231279364818,-71.31470015613095,5.433288635470391,1691,0.28957406579304923,0.21508243754172368,0.0838531395799172,-48.889192172525156,24.64341975092723,1691,0.5180914361304703,0.24186831673355214,0.2684187361917331,-30.51814405460093,35.01843898689986,inflation
VCYT,1691,1691,-0.0025204195970524807,-0.009595340172347045,6.352514945206189e-06,-45.24432916985174,21.636110855192133,1691,0.48571316872935105,1.8235242632518815,0.23591728227710704,67.11704676849347,85.01225388741402,1691,0.40385947096855535,0.9529919295079143,0.1631024722910014,70.67888026967567,93.10611448958055,liquidity
VECO,1691,1691,0.10407328281046313,0.30844725247445415,0.01083124819494664,41.69547036237315,75.66948523180793,1691,0.556565590099048,1.626680065189329,0.30976525608230154,61.59167770030103,82.13689052880899,1691,0.3194789747707447,0.5868881719820744,0.10206681532056613,30.63102690969073,70.11841572978922,growth
VEEV,1691,1691,0.0031820588786234897,0.00698800930372778,1.0125498707026581e-05,-41.887760636559534,23.72222935507343,1691,0.456054781443664,0.9876576148117512,0.20798596367762814,8.689584306295801,54.60701169876274,1691,0.3239565853116651,0.4409643686321432,0.10494786916679415,0.3454189074173858,52.73430209814545,inflation
VEOEY,1691,1691,0.05274622928780529,0.08946392626046314,0.002782164704081729,-19.06888631144026,37.904235592678134,1691,0.438018706970877,0.7326445684562448,0.19186038765643904,-15.957289748647238,41.78095108867578,1691,0.5347624898855953,0.5621974804517413,0.2859709205886414,33.65597595779115,71.854753926406,liquidity
VERA,1347,1347,-0.05855834803425487,-0.2627781193731512,0.0034290801245009214,-62.53956820027958,10.88706231249589,1347,0.2371286246990352,1.0679746479607546,0.056229984651655886,8.69412458779667,54.60937442945172,1347,0.21058141530131044,0.5779610411364928,0.04434453247030298,25.24112143493876,67.02457890703586,inflation
VERI,1691,1691,0.07553455369055852,0.4679918124861538,0.005705468801231867,54.79028353354942,83.80795514175689,1691,0.3848279764318459,2.3512746665585955,0.14809257144462934,74.07175454371824,88.63143509682934,1691,0.2453204793159266,0.9421017594595412,0.06018213757179597,64.45351946469577,89.53272148972306,growth
VERS,1135,1135,0.032469333119896526,0.06170938704885361,0.0010542575932508094,-26.88178669726503,33.0484920346544,1135,0.8119645319349086,1.5261036840357425,0.6592864011202751,65.79516798459085,84.3243574278578,1135,0.5359515135210444,0.608352971574273,0.28724402484549827,41.59004625164072,76.40895602594375,growth
VET,1691,1691,0.35022060264991084,1.2716683042869603,0.12265447052046674,77.1449717432239,97.70146816576776,1691,0.3058842938796616,1.0953009735221924,0.09356520124225919,13.806557397670204,57.26984865179167,1691,0.2559568817890748,0.5760635403368869,0.0655139253351864,26.265516014395583,67.61258730269299,inflation
VFC,1691,1691,0.04423752524271951,0.12641742615000348,0.001956958639600246,-7.41525990358201,45.147003139060885,1691,0.4672058344947036,1.3166444653892262,0.21828129178589237,40.31144098094862,71.06280440531242,1691,0.3577461332352217,0.6336690437640251,0.12798229584475299,39.29908517494135,75.09393115736506,growth
VGLT,1691,1691,-0.4576956150101704,-0.3940854853569039,0.20948527599953815,-77.97511408823542,1.293819239026313,1691,-0.018879610501355636,-0.016030639880351076,0.00035643969268289797,-63.2930500275648,17.147753020291084,1691,0.291362051551332,0.15549559731100648,0.08489184508420104,-48.15011657384735,24.89758508819022,inflation
VIG,1691,1691,0.1333593436455099,0.1199613712790032,0.017784714537561197,-5.874487152806116,46.10459852483244,1691,0.852837724938711,0.7565341118315849,0.7273321850786365,0.2526161230717028,50.21647255606343,1691,0.5442365813276672,0.3034430009108344,0.2961934564552265,-20.24486796229141,40.915358703504275,liquidity
VIOV,1691,1691,0.1524337542955787,0.22555905029846746,0.02323604944864486,27.152180533042564,66.63078226442212,1691,0.6856165967303609,1.0004711581457284,0.4700701177121223,18.18998938512898,59.55095595270169,1691,0.4952712435565053,0.4542486514282914,0.2452936046940072,9.160165684061377,57.79401757712287,inflation
VIST,1691,1691,0.24567951531269594,0.7988728167759073,0.0603584242442812,70.89279864739275,93.81572180596358,1691,0.2688531873534021,0.8621206078431974,0.07228203635008353,-8.91190774011575,45.44731853394286,1691,0.18954455046500535,0.38202468151097707,0.03592713661098096,-19.24191644924953,41.49105865539034,inflation
VITL,1545,1545,0.027269187755886284,0.08208146475541585,0.0007436086008657785,-22.215569755517095,35.9485613733526,1545,0.22849381686212603,0.6933982043204502,0.052209424344222786,-27.12413878623496,35.96980107182134,1545,0.1494206426929795,0.277672910277382,0.022326528462783046,-38.0096530478099,30.718269625906675,liquidity
VIXY,1691,1691,-0.18885533403083501,-0.7845115346048899,0.03566633719189827,-70.48244319584938,5.950539102510747,1691,-0.7887519337429879,-3.2311316594287387,0.6221296129833028,-91.59157353529773,2.4213996142955536,1691,-0.48257354848746625,-1.2425246504884417,0.23287722969978494,-80.87533005135448,6.113123846068853,growth
VKTX,1691,1691,0.058958021120857865,0.2393263539413894,0.003476048254487522,27.488509056662807,66.83981155972859,1691,0.3200353487071951,1.2811197190008357,0.10242262442213595,32.56723893935721,67.03277590998322,1691,0.22651382086509386,0.5699198121835803,0.051308511042903834,24.558512784918353,66.63275760574295,growth
VLO,1691,1691,0.30994449932015145,0.7733039767590055,0.09606559265881937,72.80382503908474,95.00343106020001,1691,0.3100525956681571,0.7628617180994991,0.09613261208056173,-17.955617954736795,40.741035088252566,1691,0.18865388740126288,0.29174504698609205,0.03559028923160837,-34.26875314303733,32.86556774269832,inflation
VLTO,746,746,-0.02951983790144844,-0.04007075542652468,0.0008714208297277918,-51.037530839993885,18.035616761966153,746,0.35049771288044806,0.476165510210971,0.12284864673442501,-37.96241526167348,30.329637914701845,746,0.23951446833560588,0.20127040233297655,0.057367180542087955,-45.45480800547842,26.444707748608703,inflation
VMC,1691,1691,0.044398577051626746,0.07795973330650069,0.001971233644209237,-22.743534625396013,35.620429451892456,1691,0.5418610820325783,0.9382820176001354,0.2936134322215166,7.070081496465479,53.76423378093085,1691,0.3680296570333616,0.4005488902885136,0.13544582845609376,-8.259465039391753,47.795049093642156,inflation
VNM,1691,1691,0.03027009837815158,0.04328795829047168,0.0009162788558229751,-31.806981942714398,29.98746681942311,1691,0.3926515327058006,0.5537384834326254,0.1541752261362144,-32.87905238305066,32.97498434844995,1691,0.2799299117724884,0.2481269858410782,0.07836075550495313,-38.064551960469416,30.68675733347209,liquidity
VNOM,1691,1691,0.32774530877952845,0.8284226645727766,0.10741698742698845,73.99060011777787,95.74101571616757,1691,0.3299954795670467,0.8225600608046755,0.10889701653468516,-11.620149542126482,44.03796847105348,1691,0.20058318061088284,0.3142544412992181,0.04023361234397805,-30.355998045488143,35.111511731126186,inflation
VNQ,1691,1691,0.022388227263377296,0.027514486210571756,0.0005012327199966305,-36.25457336408188,27.223273968300905,1691,0.6049521404439364,0.7331736669143377,0.3659670922277002,-10.001870227567167,44.88010969051677,1691,0.5153320472295273,0.3925547838925373,0.26556711890177576,-5.922615120600547,49.13641442219407,inflation
VOC,1691,1691,0.21655175682919578,0.6576457501517252,0.04689466338581114,66.94184401287269,91.36019036857027,1691,0.16604245217270688,0.4972715178957123,0.027570095923525655,-43.178106541691605,27.615428707810636,1691,0.11572883928310151,0.21784285819046306,0.01339316424181394,-47.30681933281045,25.381642567318153,inflation
VOO,1691,1691,0.15785697205957946,0.16565336203520842,0.024918823627818852,7.836355687306437,54.62593292156227,1691,0.9275459087262481,0.9598780055582427,0.8603414127948014,22.936786770726574,62.021156061476404,1691,0.5720299541687265,0.37207173562378,0.32721826846627533,-7.658916911987027,48.13976718176148,growth
VOOG,1691,1691,0.13303321285556594,0.17191940887753004,0.017697835722674315,10.688252649424431,56.39839636254981,1691,0.9058203465165205,1.1543859727042816,0.8205105001633094,41.00553346372436,71.42400527132253,1691,0.5359305848970998,0.42928409137165746,0.28722159182814744,4.945775154833007,55.374933111566484,growth
VOOV,1691,1691,0.17468202473984448,0.16552590484677854,0.03051380976721164,8.31248318159273,54.92184774179641,1691,0.800571540184878,0.7481041095091379,0.6409147909539877,-2.1404470909273665,48.97113922259083,1691,0.5311826900314561,0.3119845517733783,0.282155050189054,-19.236012613860012,41.494447490947685,liquidity
VOYG,324,324,-0.032449991239170625,-0.1800316168396224,0.0010530019314222503,-60.498282217221785,12.155728335718287,324,0.4286178602810567,2.4976311702861644,0.18371327015191144,76.95739267271642,90.1331009656451,324,0.3032474592670521,1.0593725633533215,0.09195902155192243,71.10368709342748,93.34995605601188,growth
VRNS,1691,1691,0.06666048735733233,0.1841207847681101,0.004443620574717064,12.98793058742857,57.82765384460512,1691,0.46941861289796605,1.2786120070828637,0.2203538341350505,37.11915708889628,69.40156222941646,1691,0.30980782957920217,0.5303934407811056,0.09598089126857597,19.581348623303295,63.77583667675363,growth
VRT,1691,1691,0.10720426340741958,0.3490372839299434,0.011492754092727401,46.99152476132387,78.96100064358845,1691,0.5520005052889346,1.7723250606217247,0.30470455783923917,68.30961005284905,85.63285546684398,1691,0.3209296205769316,0.647650922699304,0.10299582136365328,40.603742270929814,75.84281185361166,growth
VRTX,1691,1691,-0.003728140279498326,-0.006212520281474458,1.3899029943617856e-05,-44.61010329659945,22.03028434343528,1691,0.3879833628150333,0.6375772571252359,0.1505310898212618,-25.713730610233593,36.70376760688901,1691,0.25930955694044444,0.2678338844441999,0.0672414463206496,-36.41852803960829,31.631584555646587,inflation
VSAT,1691,1691,0.05351086417279785,0.21218684864097742,0.0028634125845196207,20.081900194009766,62.23657953377305,1691,0.3937900772369033,1.5398747811630202,0.15507062493024626,51.72280881777558,77.001200292469,1691,0.30773445675222755,0.7563521526368342,0.09470049587258861,53.22083608173125,83.08509645597519,liquidity
VSEC,1691,1691,0.049658513580810866,0.13945654838155655,0.0024659679710555774,-3.6175461270133344,47.507294873901,1691,0.4671920388502696,1.2938525011302489,0.21826840116507182,38.73246724007166,70.24111753106307,1691,0.3250606913434831,0.5658236208467289,0.10566445305670318,27.33115715452408,68.22427146201902,growth
VST,1691,1691,0.08887767623661026,0.23325421615116762,0.007899241333219717,27.182704791438333,66.64975319247051,1691,0.43031939140919107,1.1137093564148142,0.1851747786227766,20.30402345214042,60.65108447264434,1691,0.2663307055927013,0.43324092420214083,0.07093204474150612,-3.3627271255911,50.60580489261767,inflation
VT,1691,1691,0.14015898689772985,0.14016461800064228,0.019644541608198007,-0.11178151235222214,49.68613923424557,1691,0.9048550121274963,0.8923610057523211,0.8187625929722515,15.941391166006166,58.38080119060444,1691,0.6568173812698277,0.4071303772595314,0.4314090723381542,3.652094901252295,54.632353186158596,growth
VTI,1691,1691,0.15632006432158776,0.16848746904239273,0.024435962509505336,9.361054809798498,55.57353849393047,1691,0.9225612745629241,0.9806007972391623,0.8511193053231672,24.22806611880902,62.693128788976814,1691,0.5829732071148251,0.3894690036267905,0.3398577602137448,-4.231670621753025,50.1070263151619,growth
VTRS,1691,1691,0.11687660881259444,0.2254103926708502,0.01366014168753223,25.794931091615137,65.78724722539874,1691,0.39788774788986947,0.7567475778450029,0.15831465992087232,-15.55788372411476,41.9887991860559,1691,0.3013258166685636,0.3602086174418033,0.09079724779097681,-18.937551316860464,41.665765996466824,inflation
VUG,1691,1691,0.12410010439625198,0.16710481964453788,0.01540083591116064,7.331361416227885,54.31207730360539,1691,0.8957935114729334,1.1895121472632053,0.8024460151970084,44.262573421934285,73.1189460504392,1691,0.5383310557846214,0.4493013115511824,0.2898003256221851,9.878013665384556,58.20606645778697,growth
VUZI,1691,1691,-0.024832067564428306,-0.14122830873367825,0.0006166315795243324,-58.54041464576106,13.372549538870027,1691,0.38766322910298184,2.1742407237621975,0.150282779198551,72.25424944531728,87.68561817500522,1691,0.3187709504302888,1.123722397176762,0.10161491883822964,73.00000147841656,94.43845144786586,liquidity
VWO,1691,1691,0.09510314384346853,0.10509378423188982,0.009044607968911466,-12.963670971549723,41.69864721871241,1691,0.6674713255234094,0.7273759036916615,0.4455179703959771,-8.377445497400537,45.72544894121427,1691,0.595655856512158,0.4079895086633437,0.35480589939723256,1.7369402337798212,53.53304336351891,inflation
VXUS,1691,1691,0.09862009506837892,0.09904997292635491,0.009725923151296096,-14.531817921522613,40.72403867715455,1691,0.7711379097351807,0.7637744709681341,0.5946536758307437,-1.7048826128679806,49.197803925901155,1691,0.7100048291318364,0.441999389538955,0.5041068573905282,14.195355489692327,60.68424556037525,inflation
VXX,1691,1691,-0.19122533681436188,-0.7763858388056432,0.036567129439766144,-70.45264394374983,5.969059436736286,1691,-0.774372677999936,-3.1004614229633765,0.5996530444327927,-90.97555023476794,2.7419738247292003,1691,-0.4677312091305054,-1.1770636344776881,0.2187724839946846,-80.24309882433785,6.476028216062208,growth
VYM,1691,1691,0.18534195526819747,0.1717102858992336,0.034351640382638514,12.406309284343553,57.466174271566096,1691,0.7725671827570311,0.7058346379817926,0.5968600518731358,-7.179576183729414,46.34881174113201,1691,0.5093694439376437,0.29250068169226784,0.25945723041734436,-22.705460615695042,39.50296433173713,liquidity
VYMI,1691,1691,0.1367634965494845,0.13016616368404224,0.018704253988440857,-2.9366080630924123,47.930500143904986,1691,0.7000775198903217,0.6570798991904248,0.49010853385578385,-12.986445520230763,43.326957614771324,1691,0.6805242349743118,0.40146059905618436,0.46311323438737234,2.903343887587467,54.20256578673176,growth
VZ,1691,1691,0.03156213915532351,0.03809720905648492,0.0009961686280600052,-33.002003360266194,29.244757036446025,1691,0.20237257035925887,0.240892078232689,0.04095465723381318,-51.49024711461588,23.28984897911038,1691,0.16318250003794804,0.12208765043950916,0.026628528318634912,-54.6658891682295,21.157494046590948,liquidity
WAT,1691,1691,0.017107266570378424,0.03206651070642687,0.0002926585695099872,-35.311913493107006,27.809140211290323,1691,0.49881016296993413,0.922041599769768,0.24881157868209225,4.548555183566086,52.4520491506576,1691,0.3625788353887716,0.42125488935561783,0.13146341187187793,-2.812776320803234,50.92147982579148,inflation
WATT,1691,1691,0.03837453958423678,0.20823648691357993,0.0014726052883021557,18.650134037226255,61.346732108479905,1691,0.298488034048659,1.5972934688231788,0.0890951064702334,51.3187203937846,76.79091550721024,1691,0.23054847320489116,0.7754384355447852,0.05315259849710642,53.11256169660311,83.02294633456034,liquidity
WB,1691,1691,0.04090295408655657,0.11871691296793216,0.001673051653006955,-10.012455583553349,43.53283739149433,1691,0.2977966712468347,0.8523577201132342,0.08868285740569533,-8.800880600029478,45.505096279913275,1691,0.2846967476368977,0.5121673021405623,0.0810522381150274,14.868982871541203,61.07091156194829,liquidity
WD,1691,1691,0.06456193715587706,0.16030331737292322,0.004168243729319419,3.218037271401063,51.755632675878594,1691,0.523883779783919,1.282758937489532,0.2744542147206857,39.927432726088504,70.86296919941046,1691,0.4189059474428943,0.644694412255763,0.1754821928030289,43.69466566266955,77.6170197039106,liquidity
WDS,1691,1691,0.2780535846479811,0.5782523899246743,0.07731379593559198,66.1629248989326,90.87608955031354,1691,0.36373797613893966,0.7459706213102966,0.13230531528565184,-17.655120531581172,40.897411842317894,1691,0.3210869185536453,0.4138881315151946,0.10309680926627525,-6.6327297500153,48.728804530118865,inflation
WEAT,1691,1691,0.08715752570807815,0.1433561957416019,0.007596434287554304,-0.5010911101912436,49.444182025215575,1691,0.015577554690954645,0.02526707674155374,0.00024266021014968304,-61.52330249821901,18.068717237714367,1691,0.021688419633202134,0.02211112832005507,0.00047038754618586775,-62.09866767190123,16.891036325254483,liquidity
WELL,1691,1691,0.08328794345203319,0.14821145430481955,0.006936881524469079,0.37821765655403244,49.990675346362195,1691,0.3580852675687202,0.6283913866124273,0.12822505884976196,-27.323910691469464,35.86584117171318,1691,0.294193664704174,0.3244922800022138,0.08654991235207196,-25.162892160332223,38.0923844546301,growth
WFC,1691,1691,0.18702181866826237,0.3831649305152986,0.03497716065798441,53.73136642875779,83.14983464153879,1691,0.5108997285007574,1.0322224226469394,0.2610185325821476,15.231880783736395,58.011576957698,1691,0.31313902777431213,0.3976510180111846,0.09805605071544142,-11.308130558688323,46.045097505800584,inflation
WFG,1691,1691,0.06396704987018142,0.1513011485995534,0.004091783469094277,0.8294798764190534,50.27113631589724,1691,0.40524201334968124,0.9452452583191995,0.16422108938370322,2.964910189701986,51.62793138907526,1691,0.38759550903247386,0.5682455746117496,0.15023027862214253,29.970873171730688,69.73948367750252,liquidity
WHK,75,75,0.24151742495430317,0.38249653118582133,0.05833066655655746,55.52596329924623,84.26518256136305,75,0.06985313980444259,0.1214512262422706,0.004879461140539002,-58.04516612592517,19.878715041969055,75,0.07207099191029435,0.07157023838119382,0.005194227874933714,-59.65878154506511,18.291545031370156,liquidity
WHR,1691,1691,-0.0038032557599676424,-0.00889157047269866,1.446475437572705e-05,-45.0637297365078,21.748354003285204,1691,0.48212831525660427,1.111551838555684,0.2324477123721716,22.004586437276895,61.536045537889706,1691,0.3980632882762345,0.5768282107804764,0.15845438147328858,31.577488290015133,70.66169001975186,inflation
WIP,1691,1691,-0.1371649500843413,-0.0869813424098139,0.018814223531639838,-59.20233439779149,12.96116421291836,1691,0.33022436689739865,0.20650768218897145,0.10904813249278776,-47.579180983395915,25.32514039729431,1691,0.664856797977746,0.26132592267947263,0.44203456181722134,-23.013620049963627,39.326079039502424,inflation
WLK,1691,1691,0.1927998946920797,0.4571384646447529,0.03717179939327702,58.21807437146478,85.93833854068758,1691,0.46370650016374804,1.0842471683929815,0.21502371829411207,18.315590471906372,59.616317878441585,1691,0.3402236522530269,0.5000079366165839,0.11575213355238859,13.76819209598517,60.439051309200686,inflation
WLKP,1691,1691,0.15651051870814603,0.22257179315624684,0.024495542466292927,26.28012314177556,66.08879569723709,1691,0.28655462736847137,0.40186312742926583,0.08211355446628348,-42.56815959457532,27.932840826491944,1691,0.2624813336012028,0.231364349670735,0.06889645048906591,-40.93023918692407,29.041836340844227,growth
WM,1691,1691,0.10764789465978575,0.1272140845264825,0.01158806922468433,-4.857648925415736,46.73656686288542,1691,0.3344790510330854,0.3898007933757792,0.11187623557999335,-41.7927995624977,28.336332755890275,1691,0.1968130676292645,0.14416339778370663,0.038735383589641445,-52.135827108257615,22.609764258315295,liquidity
WMB,1691,1691,0.21993659176567062,0.35975501252166464,0.048372104397499255,52.62839649670741,82.46433516275822,1691,0.38540029719868724,0.621678070525296,0.14853338908083644,-27.157130101081506,35.95263262267501,1691,0.28169959596358674,0.28560579142692594,0.07935466236604802,-31.91414813953986,34.21712459225421,inflation
WMT,1691,1691,0.02767324980566435,0.03380061563610786,0.000765808754806702,-34.82935473034902,28.10905208625564,1691,0.31502760942587016,0.3794523129745094,0.09924239470057859,-43.150096115888125,27.63000513718942,1691,0.1756845444197152,0.13300544679044912,0.030865059147962885,-53.664570867252735,21.73225652533392,liquidity
WOLF,249,249,-0.10177213131577871,-0.6861224354293827,0.010357566712556106,-67.09628305225345,8.055048886551328,249,0.4644115630141528,3.279430176902414,0.21567809986124845,80.57790860835746,92.01719209731559,249,0.2091602239207912,0.9144471452734089,0.043747999270595514,62.173166380159174,88.22378566981551,growth
WPM,1691,1691,-0.006078784326212209,-0.013795075533101093,3.6951618884603225e-05,-46.270866731556204,20.99811434862466,1691,0.3108874585793278,0.6957523633595134,0.09665101190191326,-23.902113277563945,37.64652057666957,1691,0.44173555120131064,0.6213568970496866,0.19513029719512573,40.547474560909706,75.8105138635991,inflation
WPP,1691,1691,0.0947584705782872,0.20535111874258793,0.00897916774633612,20.172574223926087,62.292933744745085,1691,0.45943784490512035,0.9818608342622064,0.21108313333106143,8.24424477983186,54.37526012873561,1691,0.4201568365806939,0.5643673591464756,0.17653176732549594,30.09577549021153,69.81117832854483,liquidity
WRTBY,1691,1691,0.014688522229582966,0.042748167028390294,0.00021575268528895296,-32.577835806960266,29.508378580658317,1691,0.11983220791738818,0.343919732177364,0.01435975805435615,-51.109428663914834,23.488024233272135,1691,0.1360830470147148,0.24547927971721664,0.018518595684809076,-43.324690926037455,27.667407235273373,growth
WSM,1691,1691,0.03568522776445958,0.09070348798904773,0.0012734354806013567,-19.215023966665427,37.813410554228675,1691,0.4929542082147421,1.2356237102538195,0.24300385139662334,34.67317178881692,68.12868861305991,1691,0.3401618877928573,0.5359109004963004,0.11571010990680042,21.883983505534047,65.09756237702292,growth
WSO,1691,1691,0.01593593354276767,0.028258325128746018,0.00025395397787950774,-36.25490494525725,27.223067889498314,1691,0.5241397032342135,0.9165583240939892,0.27472242850644946,4.871342345200944,52.62002532849085,1691,0.3640647759894018,0.40014647218902144,0.1325431611162133,-8.62373457497632,47.58595627969988,inflation
WULF,1691,1691,0.04120893334483041,0.27410205448482033,0.0016981761874186757,34.64699610158771,71.28883505126784,1691,0.32142216167856524,2.108341098969419,0.10331220601812173,69.03381728927884,86.00972783970576,1691,0.24484190409822912,1.0094343709759823,0.05994755800244642,67.36825241967392,91.20579501333972,growth
WVE,1691,1691,-0.011003988637761792,-0.051404088604162304,0.00012108776593999062,-51.4042202614717,17.80771806772875,1691,0.2603207864289987,1.199224569433637,0.06776691184701235,22.697524142534466,61.896645465768415,1691,0.1865089996732385,0.5400310681243984,0.03478560695911208,17.182628518485284,62.39895750465529,inflation
WY,1691,1691,0.040552045264036954,0.07447964567531248,0.0016444683750965019,-23.66740868462254,35.04623865334423,1691,0.49984919588907983,0.9053322194532686,0.2498492186309597,3.231929141460377,51.766886181137735,1691,0.4495812921360625,0.5118049627212119,0.20212333823873158,20.414443229966007,64.25403778491851,inflation
XAIX,538,538,0.06123044591299594,0.08598671571390225,0.0037491675067043207,-19.89943222478842,37.38804854699401,538,0.8498892172723452,1.2031744562555065,0.7223116816357996,43.78341662014352,72.86959620721755,538,0.4428811508054674,0.38934852069745235,0.19614371373877518,-9.24764194210353,47.22782985328159,growth
XAR,1691,1691,0.13423549393321915,0.20929763931454767,0.018019167831495316,22.23076613848661,63.57210686058774,1691,0.668694251484749,1.028178917016378,0.44715200196874877,20.190942340561183,60.59223785429679,1691,0.45466260861707514,0.43939754562579025,0.20671808767448366,4.469132325014799,55.101337378746926,inflation
XBI,1691,1691,0.010373521798741807,0.02070101792469113,0.00010760995450897146,-38.25357894866589,25.980885353260014,1691,0.5570355366768446,1.0962068704783496,0.31028858912086027,22.70960024509459,61.9029297849492,1691,0.4570190040414662,0.5652898136253416,0.20886637005505373,31.836948749430512,70.81062181960401,inflation
XDAT,1430,1430,0.05993123415453746,0.10354966313551042,0.0035917528272859972,-14.64568520875424,40.65326977967216,1430,0.7270816952065983,1.2623232673472293,0.5286477915045007,45.573618222083496,73.80120458074076,1430,0.47547747229043297,0.5056729552626749,0.22607882665569945,19.62956929252422,63.80351561894517,growth
XE,106,106,-0.20733597877824456,-1.2422407556923252,0.04298820809593268,-71.91851120866961,5.058018059392437,106,0.39833939055989753,2.6770229644497197,0.1586742700716306,76.57414232961376,89.93366017171263,106,0.41526747637038947,1.5864869233013905,0.17244707693103198,79.42161232344066,98.12449310236111,liquidity
XENE,1691,1691,0.05367580734334452,0.15729823487218755,0.0028810922939598374,2.1605266308245143,51.09838629784493,1691,0.29263036835152767,0.8456853311518079,0.08563253248155077,-10.334693395641027,44.70691084523357,1691,0.2506480643884207,0.45528258824438295,0.06282445218166188,0.9366024617473725,53.07364486732017,growth
XIACF,1389,1389,0.057940685632923504,0.16640765127055354,0.003357123051613268,4.790283060465423,52.73278865955536,1389,0.1866092524227893,0.5391969337229879,0.0348230130897923,-40.654278940570975,28.928810912353992,1389,0.20434911787932145,0.3594598351875119,0.04175856197805681,-22.44448512400693,39.65276576885009,growth
XLB,1691,1691,0.14306983918142055,0.17754634998260813,0.020468978883397538,12.618025464151112,57.59775658101102,1691,0.7038278854784442,0.8613393113675872,0.495373692377058,6.199457344737741,53.3111670709792,1691,0.53780782227315,0.41367778245981063,0.28923725369818815,0.8397525306443748,53.01805244839349,inflation
XLE,1691,1691,0.3563339613890923,0.6389461472481883,0.1269738920392431,70.93222637628519,93.84022627051864,1691,0.38474335260418535,0.6803342022758339,0.1480274473731085,-22.55739983144675,38.346300034488436,1691,0.2476570043483628,0.27525110923435536,0.06133399180280499,-35.47337518605535,32.17410774369694,inflation
XLF,1691,1691,0.19912043556816328,0.25227598100875276,0.039648947860855065,35.43842599943905,71.7807113633083,1691,0.7001386484208122,0.8747586823699262,0.4901941270125217,7.310576892473433,53.88938590037483,1691,0.44080285680224207,0.34615921166523167,0.19430715856501793,-17.100087349302274,42.720480909361584,inflation
XLI,1691,1691,0.14755539317124816,0.17117144824905586,0.021772594053921627,10.294534164289434,56.15369901541125,1691,0.7704697989216899,0.8814059890255994,0.5936237110504292,10.223164558096093,55.40507611927201,1691,0.4958257249790495,0.35651410408095396,0.245843149551,-12.80655062313136,45.18499574835006,liquidity
XLP,1691,1691,0.032170022879946324,0.02704654739506546,0.00103491037209627,-36.02495986702495,27.365979519902762,1691,0.4671869265691265,0.3873426191107324,0.21826362435710642,-37.26077326825923,30.694767493164903,1691,0.36502409123056123,0.19021878997910394,0.13324258717869708,-42.865960796522735,27.930720974827285,liquidity
XLU,1691,1691,0.0032110145421995677,0.00363044793457711,1.0310614390217099e-05,-42.788741984518246,23.162266452668113,1691,0.4210639145845197,0.46947244160494184,0.1772948201652397,-35.60534755155395,31.556239440099297,1691,0.3456073725547803,0.24219900871796116,0.11944445596421871,-36.44233693022709,31.61791811514027,inflation
XLV,1691,1691,0.04250208423614373,0.04133068290847297,0.0018064271644162575,-31.94260918529958,29.903174037363534,1691,0.597752128541766,0.5732283019287473,0.3573076071762119,-24.57303803356204,37.29737603338768,1691,0.41434499162402644,0.24974446380660023,0.17168177208391455,-33.2472748161426,33.45190219256858,liquidity
XLY,1691,1691,0.1137104599929303,0.16122945590631335,0.012930068711803801,5.163734269743891,52.964889827385456,1691,0.8202235441202606,1.1468862425231106,0.672766662329201,37.55864798176332,69.63027021148866,1691,0.5400621749033392,0.4746343391826908,0.29166715276132493,15.012323563073938,61.15318994544504,growth
XMTR,1315,1315,0.01202738344799257,0.049662542485127754,0.00014465795260504562,-31.092484770994155,30.43152918646691,1315,0.4240224641867756,1.7396334035908245,0.1797950501350254,62.25188772095171,82.48045919887139,1315,0.2990470357628902,0.7489867919619917,0.08942912959857134,51.90203220139761,82.32809542393872,growth
XNDU,129,129,-0.08034460570016898,-0.8444079714563745,0.006455255665115626,-66.91006640332205,8.17078315280231,129,0.29693752149392993,3.311307124179051,0.0881718916709581,74.94181585419561,89.08420890813692,129,0.22251971563263556,1.4948876268066245,0.049515023845228996,72.56269134809628,94.18743291136542,growth
XOM,1691,1691,0.32472679527471227,0.5938910370671241,0.10544749156938489,68.58573271752907,92.3818726624116,1691,0.29183412260503777,0.5263430037672516,0.08516715511665222,-37.87340328037615,30.37595912625177,1691,0.1741770296802763,0.1974471853523025,0.030337637668243846,-48.07986640698391,24.937909089059023,inflation
XOP,1691,1691,0.35366822592046526,0.8166510954271851,0.12508121402572925,74.78515286818765,96.23483289145273,1691,0.38943681294339133,0.8867917564426485,0.15166103127550598,-2.3237445044834715,48.875752532550464,1691,0.252218919272175,0.3609853591250804,0.06361438323882393,-20.318044677165116,40.87335484720198,inflation
XPEV,1526,1526,0.01043092202275605,0.04765450901408268,0.00010880413424481715,-31.59935831896936,30.11650559167249,1526,0.31780441258647496,1.4537030389945367,0.10099964465943441,44.327837875045276,73.15290921466926,1526,0.2865210074968194,0.8047976376470635,0.08209428773699244,58.22858218346414,85.95957159493925,liquidity
XPON,1124,1124,-0.0005045649963102765,-0.00378599835776727,2.545858355015893e-07,-44.04628076359593,22.380701921709758,1124,0.19275860458838576,1.4271494921135581,0.03715587964286165,37.80899695417547,69.76055006307038,1124,0.13549731813005206,0.6072681640403036,0.018359523220436533,27.123152014864043,68.10487531241738,inflation
XSW,1691,1691,0.10740219593893852,0.18600659489215443,0.011535231692506141,15.315885183968659,59.274485363925464,1691,0.7316146925329279,1.2495157646927062,0.5352600583300506,44.49203028375221,73.23835379401416,1691,0.497532264230177,0.5340818918874911,0.24753835395000665,26.828199933225328,67.93557111675082,growth
XYL,1691,1691,0.09022341629539793,0.1478992063027776,0.008140264848012677,0.39546050702583335,50.001391835241584,1691,0.606544613270804,0.9805132476237873,0.3678963678878292,13.054733624061832,56.87860482643236,1691,0.4333153169138072,0.4402729861467896,0.18776216387211317,4.060225163969376,54.866622310392586,growth
XYZ,1691,1691,0.04642508323579669,0.16133158483413695,0.0021552883534506507,2.921495432767198,51.571330937532686,1691,0.5751221049048286,1.9709286790125546,0.3307654355501607,74.41808546698557,88.81166328329519,1691,0.43102676300579384,0.9284154703024248,0.18578407042725278,70.50224199574919,93.00472310178324,growth
YANG,1691,1691,-0.07077709311961568,-0.35692111852719083,0.005009396910462749,-63.98196842397407,9.990605779272459,1691,-0.43824334841049783,-2.1794102872696386,0.192057232426045,-78.87277565056863,9.040172940005167,1691,-0.41855359411760185,-1.3082839746627954,0.17518711114876218,-78.86013034745518,7.26986009651529,growth
YCL,1691,1691,-0.2766340255649394,-0.31385293938067593,0.07652638410026354,-70.84871301099143,5.722901195005698,1691,-0.05635380226044761,-0.06305041759768137,0.00317575102920963,-65.28114283627092,16.113163448968603,1691,0.44690958777170897,0.31427634829650064,0.19972817964227885,-21.509075095813255,40.189696518963395,inflation
YMAX,675,675,0.08004812871673535,0.10938385774319884,0.00640770291105103,-12.250353656232564,42.14197630108013,675,0.8227499056741283,1.1097419426497483,0.6769174072867871,33.58809405332129,67.56402176033455,675,0.45724371276848036,0.39063778163548185,0.20907181286630458,-8.40670422482912,47.710532952163945,growth
YPF,1691,1691,0.1997772090490633,0.6514883320965903,0.039910933255433136,66.12923614152206,90.85515187560944,1691,0.3091209900956812,0.9941074673592206,0.09555578651773425,4.674395104346243,52.51753536393954,1691,0.24166526966092836,0.48847952471213396,0.05840210256028922,8.063661714802054,57.164617975908925,inflation
Z,1691,1691,-0.017328089760267316,-0.05525520357684362,0.000300262694739881,-52.3020598978973,17.24970774948357,1691,0.4588172021291084,1.4428006405601843,0.21051322496958313,48.023042664284624,75.07586790256673,1691,0.398863690549207,0.7883488170683617,0.15909224363853355,60.243837148406975,87.11633956554333,liquidity
ZBRA,1691,1691,0.09952938894074578,0.2271746023855006,0.00990609926291825,26.089773192284305,65.97049257095004,1691,0.6333462992755449,1.4255872941175223,0.40112753480602803,53.004067569180066,77.66795837165114,1691,0.4077098770111129,0.5768077594974261,0.1662273438124168,31.802369546212894,70.79077315756027,growth
ZETA,1329,1329,0.06645358746346389,0.2636819457664693,0.004416079286764245,33.16282265575723,70.36641632164256,1329,0.4375491209197932,1.7315371347906863,0.1914492332176838,62.49982200756137,82.60948246487605,1329,0.30085161732272425,0.7266720714371069,0.09051169564569891,50.16120296362406,81.32884940317297,growth
ZLAB,1691,1691,0.04481961667484743,0.18224268320321382,0.0020087980388802614,11.09600661831177,56.65181680949109,1691,0.3115086587475258,1.2490971742183894,0.0970376444746825,29.45007105269419,65.41062357711412,1691,0.2602297061613046,0.655858659582441,0.06771949996879893,39.268490713043754,75.07636975981656,liquidity
ZROZ,1691,1691,-0.43480085403501034,-0.6085052468093847,0.18905178266957437,-78.52678964838061,0.9509510447569453,1691,-0.014514448737903729,-0.020031737686581626,0.00021066922216523515,-63.47851741441293,17.05123709134993,1691,0.2694777232526013,0.23375894087462767,0.07261824332940556,-40.00886945198723,29.57070788166643,inflation
ZS,1691,1691,0.05315647286708331,0.16851209113310026,0.0028256106076689643,5.863078458413825,53.39953456509855,1691,0.46626385889049327,1.4576417714236918,0.21740198610745382,49.97491589377784,76.09160905858022,1691,0.2748790773956013,0.5401172140864335,0.07555850718985697,20.388330588290966,64.2390489780216,growth
ZSPC,451,451,-0.03790786856840489,-0.4172170186072628,0.0014370064993994595,-63.73354036086556,10.14500464621054,451,0.15022931970636388,1.6809150563123205,0.022568848499436894,49.73764457653974,75.9681347271438,451,0.05962484126084909,0.4220090375626604,0.003555121695381452,-13.303416765757529,44.899791717363414,inflation
ZTS,1691,1691,0.008590877168886419,0.013840013484922677,7.380317053089393e-05,-40.00721175355558,24.890996736360247,1691,0.4862775125716001,0.7725513041896636,0.23646581923282273,-10.885751066932414,44.420144293179916,1691,0.3710211525681244,0.37048369250198737,0.13765669565297944,-14.919723667054066,43.97202223577863,inflation
