ticker,jobs_terrible_correlation,jobs_terrible_beta,jobs_terrible_t_stat,jobs_terrible_observations,jobs_terrible_exposure_score,jobs_terrible_vulnerability_score,high_cpi_correlation,high_cpi_beta,high_cpi_t_stat,high_cpi_observations,high_cpi_exposure_score,high_cpi_vulnerability_score,corporate_tax_correlation,corporate_tax_beta,corporate_tax_t_stat,corporate_tax_observations,corporate_tax_exposure_score,corporate_tax_vulnerability_score,ai_margin_compression_correlation,ai_margin_compression_beta,ai_margin_compression_t_stat,ai_margin_compression_observations,ai_margin_compression_exposure_score,ai_margin_compression_vulnerability_score,credit_crisis_correlation,credit_crisis_beta,credit_crisis_t_stat,credit_crisis_observations,credit_crisis_exposure_score,credit_crisis_vulnerability_score,geopolitical_disaster_correlation,geopolitical_disaster_beta,geopolitical_disaster_t_stat,geopolitical_disaster_observations,geopolitical_disaster_exposure_score,geopolitical_disaster_vulnerability_score,liquidity_crash_correlation,liquidity_crash_beta,liquidity_crash_t_stat,liquidity_crash_observations,liquidity_crash_exposure_score,liquidity_crash_vulnerability_score
A,-0.23737036855594443,-0.004470309672988636,-6.263289633975284,659,38.13148157220278,61.86851842779722,-0.11130050974939404,-0.0014209979593263397,-2.8706921112686854,659,44.4349745125303,55.5650254874697,-0.05582935634372495,-0.0017051002664311688,-1.4332540994101415,659,47.20853218281375,52.79146781718625,-0.03713369708088298,-0.0007314862068604497,-0.9524682520368603,659,48.14331514595585,51.85668485404415,-0.23479145317385397,-0.005646756593207912,-6.191248775498395,659,38.2604273413073,61.7395726586927,-0.2921820101953558,-0.006248665424660613,-7.830933103991604,659,35.39089949023221,64.60910050976779,-0.2653885502007495,-0.0061285869184488995,-7.055439464193168,659,36.730572489962526,63.269427510037474
AA,-0.3666373349951667,-0.011619543095160759,-10.101049563290765,659,31.668133250241663,68.33186674975833,0.09402780698949274,0.002020197673038558,2.420847195881081,659,54.701390349474636,45.298609650525364,0.04168849167287612,0.0021426179655745716,1.0694896403524476,659,52.08442458364381,47.91557541635619,0.06318263707981153,0.0020944835693338048,1.6227403293197273,659,53.15913185399057,46.84086814600943,-0.30022565909328225,-0.012150827327480246,-8.067558413373721,659,34.98871704533589,65.01128295466411,-0.1780487259939695,-0.006407873475479379,-4.637852066268749,659,41.09756370030153,58.90243629969847,-0.3567557627440683,-0.013864059816796307,-9.788471763392357,659,32.16221186279659,67.8377881372034
AAPL,-0.23638182315255019,-0.003949920164743106,-6.235658577037994,659,38.18090884237249,61.81909115762751,-0.019204245419233414,-0.00021754879548189327,-0.49233422991684017,659,49.03978772903833,50.96021227096167,-0.08111437849504247,-0.00219810422543467,-2.0859984438304764,659,45.94428107524788,54.05571892475212,-0.034000914559589306,-0.0005942807800348084,-0.8720160221638351,659,48.299954272020535,51.700045727979465,-0.31816751402910376,-0.006789468118215627,-8.602295807335054,659,34.09162429854481,65.90837570145518,-0.39782743128860804,-0.0075490388324958,-11.11450554925702,659,30.108628435569596,69.8913715644304,-0.3839422264317415,-0.007866964342389928,-10.65807722003174,659,30.802888678412927,69.19711132158707
ABAT,-0.2656967268560401,-0.019248758407715075,-7.064254363885584,659,36.71516365719799,63.28483634280201,0.02787983961437133,0.0013692791152869564,0.7148942547167771,659,51.39399198071857,48.60600801928143,-0.05115222441600381,-0.006009761510303482,-1.3128530888921832,659,47.44238877919981,52.55761122080019,0.04014031270681635,0.0030417541886873056,1.0297068355820582,659,52.007015635340814,47.992984364659186,-0.15694234020828568,-0.014519856369286202,-4.0732241697401195,659,42.15288298958571,57.84711701041429,-0.15577609936340453,-0.012815632235393764,-4.042200332069155,659,42.211195031829774,57.788804968170226,-0.207064633205479,-0.01839456439150953,-5.425058867438333,659,39.64676833972605,60.35323166027395
ABBNY,-0.378906940822002,-0.006309405600607466,-10.494685508734099,659,31.054652958899897,68.9453470411001,-0.08496874866681914,-0.0009591804191813648,-2.1858247003421605,659,45.75156256665905,54.24843743334095,0.16884806736460375,0.0045596150298224634,4.39096057534834,659,58.44240336823019,41.55759663176981,0.24582622388107397,0.0042816478194583,6.500495277056411,659,62.2913111940537,37.7086888059463,-0.21808318484981623,-0.004637498112631288,-5.727777186099814,659,39.09584075750919,60.90415924249081,-0.35724572115335124,-0.00675531517033757,-9.803880111844089,659,32.13771394233243,67.86228605766757,-0.3308813916877718,-0.006756087922416231,-8.987394350615155,659,33.45593041561141,66.54406958438858
ABBV,0.15942821892939343,0.002441321100952284,4.139410937837604,659,57.97141094646967,42.02858905353033,-0.11687099109595198,-0.0012132537247120487,-3.016309006948519,659,44.1564504452024,55.8435495547976,0.032035393212082874,0.0007955472261499042,0.821553233222656,659,51.60176966060415,48.39823033939585,-0.0389152005950763,-0.0006233124906789869,-0.9982310022252157,659,48.054239970246186,51.945760029753814,-0.015806431793685766,-0.0003091001607534871,-0.40520125890515213,659,49.20967841031571,50.79032158968429,-0.04447313392541294,-0.0007733572098582063,-1.1410648600645679,659,47.77634330372935,52.22365669627065,0.00168584145231704,3.165508628292287e-05,0.043211568452834054,659,50.08429207261585,49.91570792738415
ABCL,-0.31174489933646005,-0.014281533557817519,-8.409741175347278,659,34.412755033177,65.587244966823,-0.08503866400205319,-0.0026410529759206794,-2.18763637118371,659,45.748066799897344,54.251933200102656,-0.10318652278448309,-0.0076661032154107635,-2.6590721754969007,659,44.84067386077585,55.15932613922415,-0.0649612275225874,-0.0031128382692792956,-1.6686113734899162,659,46.75193862387063,53.24806137612937,-0.15362499307712543,-0.008987585674949257,-3.9850228661464477,659,42.31875034614373,57.68124965385627,-0.19449108563605766,-0.010118074730063056,-5.0822468259566405,659,40.27544571819712,59.72455428180288,-0.19565370024198772,-0.01099083319836797,-5.113832634277904,659,40.217314987900615,59.782685012099385
ABSI,-0.33758649992477646,-0.019812208725861053,-9.192681849037594,659,33.12067500376118,66.87932499623882,-0.11938988572528265,-0.0047500759766744335,-3.0822488371649817,659,44.03050571373587,55.96949428626413,-0.10459588080894174,-0.009954938964430116,-2.6957897185136157,659,44.77020595955291,55.22979404044709,-0.0016858087249613505,-0.00010348632557799741,-0.043210729581309185,659,49.91570956375193,50.08429043624807,-0.20052190274520035,-0.015028489062429904,-5.246336861403904,659,39.973904862739985,60.026095137260015,-0.2530910485846837,-0.0168673673296069,-6.705548745816793,659,37.34544757076581,62.65455242923419,-0.24258024945573592,-0.017457028663548087,-6.409255535196119,659,37.87098752721321,62.12901247278679
ABT,0.1645266182660057,0.002310472277921335,4.275410673357592,659,58.22633091330028,41.77366908669972,-0.12568065666714515,-0.0011965152213838956,-3.2471958321486234,659,43.71596716664274,56.28403283335726,0.022127750573550327,0.000503939098261503,0.5673176582893039,659,51.10638752867752,48.89361247132248,-0.12463943853419449,-0.0018308253653317606,-3.2198676901539813,659,43.768028073290274,56.231971926709726,-0.015920178049600414,-0.00028550793977258164,-0.40811790508696816,659,49.203991097519975,50.796008902480025,-0.07021037053081891,-0.0011196661527044672,-1.8040851150644002,659,46.48948147345905,53.51051852654095,0.009091333481432418,0.000156552224209174,0.23303879274616046,659,50.45456667407162,49.54543332592838
CLX,0.1930243922205003,0.002991915180615211,5.042431568023571,659,59.65121961102502,40.34878038897498,-0.22217808729812905,-0.0023346592504450005,-5.84085701879999,659,38.89109563509355,61.10890436490645,-0.001517206137737979,-3.813799617837122e-05,-0.03888908952946072,659,49.9241396931131,50.0758603068869,-0.07996126237452482,-0.001296413579472543,-2.0561518318409746,659,46.00193688127376,53.99806311872624,0.04631268040045293,0.0009167326081469398,1.1883622664389955,659,52.31563402002265,47.68436597997735,-0.13589125570671268,-0.0023919455507976036,-3.5157794102986495,659,43.205437214664364,56.794562785335636,0.05871093636622443,0.0011158945420032963,1.5074797451745283,659,52.93554681831122,47.06445318168878
ACGL,0.08493506543527285,0.0011918606347756811,2.18495190016862,659,54.24675327176365,45.75324672823635,-0.023078278831898343,-0.00021954677513502945,-0.5917002951581156,659,48.84608605840508,51.15391394159492,-0.10093244544362563,-0.0022969177413111274,-2.6003809895425225,659,44.95337772781872,55.04662227218128,-0.2181582130180537,-0.0032021145483506585,-5.729846193148058,659,39.092089349097314,60.907910650902686,-0.14849875521338668,-0.0026611352161391294,-3.8489971540991528,659,42.57506223933066,57.42493776066934,-0.02987157025191648,-0.00047601342010215284,-0.7660102601849412,659,48.506421487404175,51.493578512595825,-0.07958573897388478,-0.0013694329280053395,-2.0464337937402353,659,46.02071305130576,53.97928694869424
ACHR,-0.34822073336513903,-0.017350534999389388,-9.521525595010107,659,32.588963331743045,67.41103666825695,-0.05122513646034483,-0.0017303205460168145,-1.3147293408614216,659,47.438743176982754,52.561256823017246,-0.14287362877242418,-0.0115448027319119,-3.7000979892389223,659,42.85631856137879,57.14368143862121,-0.08472903149047674,-0.004415880710751564,-2.1796133110099767,659,45.763548425476166,54.236451574523834,-0.24121599840502472,-0.015348644676087373,-6.370976867923269,659,37.939200079748765,62.060799920251235,-0.24787411311151283,-0.014025298467496979,-6.558178031522264,659,37.606294344424356,62.393705655575644,-0.298424681734676,-0.018233080402270667,-8.014416195687946,659,35.078765913266196,64.9212340867338
WHK,-0.13744259669900286,-0.0026144518793054625,-1.1609449426422112,72,43.127870165049856,56.872129834950144,0.19089040702426652,0.001763028832933723,1.6270224684395183,72,59.54452035121333,40.45547964878667,0.09842804412831721,0.003687012185263673,0.8275264273385016,72,54.92140220641586,45.07859779358414,0.1313192630880008,0.00161760831093456,1.1082934599144751,72,56.56596315440004,43.43403684559996,-0.17365141244301657,-0.0052913424995569966,-1.475285699627875,72,41.317429377849166,58.682570622150834,-0.012840607863012873,-0.00023610020063540151,-0.10744109102752121,72,49.35796960684936,50.64203039315064,-0.22360994791472738,-0.006451137882972597,-1.9194582039686168,72,38.81950260426363,61.18049739573637
CNX,-0.1512470170818392,-0.0028424778153177646,-3.9218825828275783,659,42.43764914590804,57.56235085409196,0.1708004054598699,0.0021761276079370674,4.443248566904433,659,58.5400202729935,41.4599797270065,-0.07310791247705024,-0.0022281829422243844,-1.8789307848579435,659,46.34460437614749,53.65539562385251,-0.0958422525362605,-0.0018840573733030855,-2.4679910031760164,659,45.20788737318697,54.79211262681303,-0.18650978172552235,-0.004476283232176349,-4.866004089081061,659,40.674510913723886,59.325489086276114,0.034924923818408435,0.0007453640238366129,0.8957424975062829,659,51.74624619092042,48.25375380907958,-0.17383798192053707,-0.004006101975855362,-4.524709120875498,659,41.30810090397314,58.69189909602686
ACLS,-0.4432243873192621,-0.015612764470056039,-12.673579733016787,659,27.838780634036898,72.1612193659631,-0.02954510774633222,-0.000705548598755806,-0.7576312791599971,659,48.52274461268339,51.47725538731661,-0.057437467888590284,-0.0032811617638918568,-1.4746723501442425,659,47.128126605570486,52.871873394429514,0.34872580520013924,0.01284893379621355,9.53724637145103,659,67.43629026000696,32.563709739993044,-0.26982133106408046,-0.012137748065909362,-7.182457837174237,659,36.50893344679598,63.49106655320402,-0.4056183240664797,-0.01622543765270275,-11.374539937924743,659,29.719083796676017,70.28091620332398,-0.36194896369058194,-0.01563401628928089,-9.952264193918285,659,31.902551815470904,68.0974481845291
ACN,-0.12487238687397648,-0.0025904296637753693,-3.225980784548208,659,43.756380656301175,56.243619343698825,-0.015647123074925544,-0.00022005188134291575,-0.40111634062301904,659,49.21764384625372,50.78235615374628,-0.1343500151248024,-0.004519800933369334,-3.475167171328586,659,43.28249924375988,56.71750075624012,-0.46972612585576395,-0.010192411601753215,-13.638263542573418,659,26.513693707211804,73.4863062927882,-0.21566258413704706,-0.005713284819168227,-5.661082682468134,659,39.21687079314765,60.78312920685235,-0.22147053751972434,-0.005217278800844295,-5.821295161391046,659,38.92647312401378,61.07352687598622,-0.20674883709416736,-0.005259149661133157,-5.416415310233609,659,39.662558145291634,60.337441854708366
ADBE,-0.171715167684871,-0.003895515362738526,-4.467766453543864,659,41.41424161575645,58.58575838424355,0.013064179533597769,0.0002009201986805445,0.33488977609886117,659,50.653208976679885,49.346791023320115,-0.1477328243076328,-0.005435124040474388,-3.8287005711796818,659,42.61335878461836,57.38664121538164,-0.46725003858079556,-0.011087469929285047,-13.546223987784607,659,26.63749807096022,73.36250192903978,-0.18570101687145188,-0.0053799250302078985,-4.844148232966813,659,40.7149491564274,59.2850508435726,-0.3047946443473478,-0.007852108438319287,-8.202804841800717,659,34.76026778263261,65.23973221736739,-0.24360062135220342,-0.006776441877440372,-6.4379119051405285,659,37.81996893238983,62.18003106761017
ADCT,-0.1962994784825859,-0.01252473407679493,-5.131386754209132,659,40.1850260758707,59.8149739241293,-0.020322497841493384,-0.0008790460967516671,-0.5210140945582205,659,48.98387510792533,51.01612489207467,-0.05852412072806896,-0.00605564575572893,-1.5026664983590943,659,47.07379396359655,52.92620603640345,-0.022919300931810868,-0.0015295989643343507,-0.5876221365734747,659,48.85403495340946,51.14596504659054,-0.14076266722541286,-0.011469448460322463,-3.6443153731559748,659,42.961866638729354,57.038133361270646,-0.14800654196859245,-0.010723905387851113,-3.8359530689800443,659,42.59967290157038,57.40032709842962,-0.16838697928377602,-0.013174220769938252,-4.378619394881503,659,41.5806510358112,58.4193489641888
ADI,-0.4233226297882051,-0.00933920579990951,-11.976668758909458,659,28.833868510589745,71.16613148941025,0.03083606393626729,0.0004611928795721637,0.7907663818833878,659,51.54180319681336,48.45819680318664,-0.08026953600003013,-0.0028718741801623026,-2.0641301949955864,659,45.986523199998494,54.013476800001506,0.3203143496917376,0.0073916552189349895,8.666951325020245,659,66.01571748458687,33.98428251541313,-0.37954099039978106,-0.010693080235884838,-10.515199555612012,659,31.022950480010948,68.97704951998905,-0.4490252892184024,-0.011249467243067367,-12.88100268327317,659,27.548735539079882,72.45126446092011,-0.4639738190439162,-0.012551597330084723,-13.425068292309087,659,26.80130904780419,73.19869095219582
ADM,0.044640725944630526,0.0008339569730260934,1.145373404989721,659,52.232036297231524,47.767963702768476,0.07692684860244961,0.0009742614826565957,1.977650140216854,659,53.84634243012248,46.15365756987752,0.06727007712061936,0.0020380297426618958,1.7281820457251298,659,53.36350385603097,46.63649614396903,0.00015624379688087086,3.0531070074496637e-06,0.004004842806081737,659,50.007812189844046,49.992187810155954,-0.1080235868491223,-0.00257713202802059,-2.7851596231752516,659,44.59882065754389,55.40117934245611,0.02928619842304455,0.0006212953315477803,0.7509862896151842,659,51.46430992115223,48.53569007884777,-0.09244336565801815,-0.002117654997646282,-2.379699393130184,659,45.37783171709909,54.62216828290091
ADP,-0.044013490784461234,-0.0005797258492079894,-1.129248603617036,659,47.799325460776934,52.200674539223066,-0.0060719192520193015,-5.42185668884387e-05,-0.15563837157157054,659,49.696404037399034,50.303595962600966,-0.21083840788495717,-0.004503630744144868,-5.528487710102834,659,39.45807960575214,60.54192039424786,-0.47284795976807703,-0.006514561919359184,-13.754895639484381,659,26.35760201159615,73.64239798840384,-0.21255792975079085,-0.0035753605275242223,-5.575700548927326,659,39.372103512460455,60.627896487539545,-0.1759906321974535,-0.002632383113267308,-4.582518538122103,659,41.20046839012733,58.79953160987267,-0.17932676719558732,-0.0028963366046752385,-4.672244827124251,659,41.03366164022063,58.96633835977937
ADPT,-0.30464407542016875,-0.013932324720241673,-8.198337983480439,659,34.767796228991564,65.23220377100844,-0.11704446053078987,-0.0036288324082457265,-3.020848196331808,659,44.14777697346051,55.85222302653949,-0.15296679740870622,-0.011344992728701783,-3.96753933649697,659,42.35166012956469,57.64833987043531,-0.08766937974357242,-0.004193779875301354,-2.255828306493155,659,45.61653101282138,54.38346898717862,-0.21275246111499405,-0.012425421297415426,-5.581045194039707,659,39.3623769442503,60.6376230557497,-0.23743688337120056,-0.012331097405740293,-6.26514954382287,659,38.12815583143997,61.87184416856003,-0.21636945196307691,-0.012133716939326973,-5.680547539001087,659,39.181527401846154,60.818472598153846
ADSK,-0.27237427482012555,-0.005343512030674613,-7.2558335146455875,659,36.381286258993725,63.618713741006275,0.03091847124180998,0.0004112102319894462,0.7928816712388824,659,51.5459235620905,48.4540764379095,-0.19913359139808443,-0.006335507760136271,-5.2085086239357,659,40.04332043009578,59.95667956990422,-0.47712625185432606,-0.009790860503171012,-13.915818957372005,659,26.1436874072837,73.85631259271631,-0.25589391631804453,-0.006411008376382377,-6.7849826241297455,659,37.20530418409778,62.79469581590222,-0.3093518385834971,-0.006891854498043897,-8.33832416755678,659,34.53240807082515,65.46759192917486,-0.30290849561097366,-0.007286839795313705,-8.146898131330314,659,34.85457521945132,65.14542478054868
ADYEY,-0.29441661626831195,-0.007932567527347802,-7.89648454681439,659,35.279169186584404,64.7208308134156,-0.07317818392386753,-0.0013366517886071157,-1.8807465350050632,659,46.34109080380662,53.65890919619338,0.015211382774402678,0.0006646551159959756,0.38994345055781515,659,50.760569138720136,49.239430861279864,-0.10427521233481973,-0.0029387279908919418,-2.6874340130873673,659,44.786239383259016,55.213760616740984,-0.2478452655959979,-0.00852781493166097,-6.557364837515195,659,37.6077367202001,62.3922632797999,-0.37274922628387647,-0.01140488486461201,-10.296348383940165,659,31.362538685806175,68.63746131419383,-0.3015931657319601,-0.009964144557273812,-8.107973315280388,659,34.920341713401996,65.079658286598
AEHR,-0.39601487803516977,-0.025765017826063708,-11.054422095901199,659,30.199256098241513,69.8007439017585,-0.0072967291022379595,-0.0003218343265130767,-0.18703482147842657,659,49.6351635448881,50.3648364551119,-0.07003367393862506,-0.0073892787671333,-1.7995224145438873,659,46.49831630306875,53.50168369693125,0.2526641059289976,0.017194491635584716,6.693464998505737,659,62.63320529644988,37.36679470355012,-0.2774481392007698,-0.023051884773351464,-7.402157988838909,659,36.12759303996151,63.87240696003849,-0.26249264692120317,-0.019393615500579227,-6.972719922792523,659,36.87536765393984,63.12463234606016,-0.3303650281718161,-0.026356034973979175,-8.971649097589944,659,33.48174859140919,66.5182514085908
AEIS,-0.5139076367969138,-0.016127464454259076,-15.355312782811861,659,24.304618160154313,75.69538183984568,-0.00048217288664791216,-1.0258149010193694e-05,-0.012359062284914539,659,49.975891355667606,50.024108644332394,-0.10463852275911213,-0.0053253581136330184,-2.6969009100381776,659,44.768073862044396,55.231926137955604,0.3660155195924892,0.012014546105740612,10.081265563093549,659,68.30077597962446,31.69922402037554,-0.3815023072079334,-0.015289168586845064,-10.578765843874882,659,30.924884639603334,69.07511536039667,-0.41324550424656176,-0.014726917480092885,-11.6319841858367,659,29.337724787671917,70.66227521232808,-0.4587162378851689,-0.017651930080551995,-13.232103535961292,659,27.064188105741554,72.93581189425845
AES,-0.057981442401022515,-0.001434296651949622,-1.4886854566480792,659,47.10092787994887,52.89907212005113,-0.10321005865590255,-0.0017308410640254207,-2.659685214288024,659,44.83949706720487,55.16050293279513,0.09476043728801964,0.0038014844824491843,2.439879795607225,659,54.73802186440098,45.26197813559902,0.05421641824187311,0.0014028383777320921,1.3917227757412127,659,52.71082091209366,47.28917908790634,-0.08619867537434033,-0.002723053915965503,-2.217699766506051,659,45.690066231282984,54.309933768717016,-0.11034119963548276,-0.0030996336343255357,-2.8456430288129746,659,44.48294001822586,55.51705998177414,-0.11568582438955273,-0.0035091115830834687,-2.985304114850513,659,44.21570878052236,55.78429121947764
AEVA,-0.3569594214974147,-0.023974664254249177,-9.79487535528026,659,32.15202892512926,67.84797107487074,0.024501592161394765,0.0011156120260512816,0.6282136810257751,659,51.225079608069734,48.774920391930266,-0.15082923688250824,-0.01642840553526401,-3.910796867947527,659,42.458538155874585,57.541461844125415,0.025599029389470753,0.0017983906242562044,0.6563697071018815,659,51.27995146947354,48.72004853052646,-0.2437860527428776,-0.02090972009150511,-6.443122041521525,659,37.810697362856125,62.189302637143875,-0.2225830716890501,-0.016976513775744523,-5.8520581187301355,659,38.8708464155475,61.1291535844525,-0.2866980531404885,-0.02361160403384387,-7.670654150503135,659,35.66509734297557,64.33490265702443
AEYE,-0.36908052725178114,-0.01908795075849337,-10.17893531589153,659,31.54597363741094,68.45402636258906,0.03226397030168472,0.0011312046420766273,0.8274212191822089,659,51.613198515084235,48.386801484915765,-0.2041962624203707,-0.017126245233564028,-5.346614213902889,659,39.790186878981466,60.209813121018534,-0.13401476843251653,-0.007249660678712647,-3.4663367134861836,659,43.29926157837417,56.70073842162583,-0.27530835867253645,-0.01818290416167437,-7.340368331707422,659,36.23458206637318,63.76541793362682,-0.2691623060512397,-0.015807933780714097,-7.163543020667912,659,36.541884697438014,63.458115302561986,-0.32904589831801423,-0.020867081774711017,-8.93146643548923,659,33.54770508409929,66.45229491590071
AFK,-0.33809323154040033,-0.005035055258037761,-9.208259786887416,659,33.09533842297998,66.90466157702002,-0.026117267183186983,-0.00026368212647914774,-0.6696665185179217,659,48.694136640840654,51.305863359159346,0.23947911423593637,0.005783777854947899,6.3223007127652115,659,61.973955711796826,38.026044288203174,0.10148604948708669,0.0015808874719284126,2.614791829273206,659,55.07430247435433,44.92569752564567,-0.23777276224424868,-0.0045220519420999606,-6.27454293006836,659,38.11136188778757,61.88863811221243,-0.24606891805759581,-0.0041614743130694186,-6.507326368173363,659,37.69655409712021,62.30344590287979,-0.33624117610984733,-0.006140245331470159,-9.15136762294554,659,33.18794119450763,66.81205880549237
RYM,-0.07363605107411725,-0.007004088468670477,-1.8925780957229028,659,46.31819744629414,53.68180255370586,-0.012353018630452295,-0.0007965617072746079,-0.31665687371090745,659,49.38234906847738,50.61765093152262,0.015636992880206892,0.0024120736671235338,0.40085658803194685,659,50.78184964401034,49.21815035598966,-0.0627995362579931,-0.006248048835819744,-1.6128619486273532,659,46.860023187100346,53.139976812899654,-0.06695672059449229,-0.008133191276355605,-1.7200955140589311,659,46.65216397027538,53.34783602972462,-0.0384924310783943,-0.004157757613395654,-0.9873701740782773,659,48.075378446080286,51.924621553919714,-0.07612441175175716,-0.008878756492258878,-1.9569000611976342,659,46.19377941241214,53.80622058758786
AGG,0.32401086939104756,0.0009461374100726377,8.778627730694385,659,66.20054346955237,33.79945653044763,-0.8055932549368021,-0.001594761168763443,-34.85241524545418,659,9.720337253159894,90.2796627468401,0.14969519929835684,0.0007088897623110127,3.880716195752945,659,57.48475996491784,42.51524003508216,-0.041930578193393506,-0.00012807145169282266,-1.075711110723906,659,47.90347109033032,52.09652890966968,0.5021067888343324,0.0018723904071492165,14.88196474472631,659,75.10533944171662,24.894660558283377,-0.1657388695140664,-0.0005495936438998257,-4.307798825058058,659,41.713056524296675,58.286943475703325,0.4488364450877814,0.0016071255742375458,12.874218375266517,659,72.44182225438907,27.558177745610934
AGX,-0.3144998545647799,-0.01300611684970162,-8.492177966690637,659,34.275007271761005,65.72499272823899,0.0354890499655529,0.0009949626358634102,0.9102291124119863,659,51.77445249827765,48.22554750172235,-0.1397112084749549,-0.009369893357883928,-3.616549319468124,659,43.01443957625226,56.98556042374774,0.159957636675665,0.006919250079816152,4.1535171254706205,659,57.99788183378325,42.00211816621675,-0.23325308110431875,-0.012318569284117582,-6.148341045934487,659,38.33734594478406,61.66265405521594,-0.1677814736368927,-0.007879413658645577,-4.362417320237602,659,41.610926318155364,58.389073681844636,-0.2853208115394726,-0.014468640168779813,-7.630531645786534,659,35.73395942302638,64.26604057697362
AI,-0.3968430250445379,-0.01560894708383578,-11.081854845663894,659,30.15784874777311,69.8421512522269,-0.01774215316424504,-0.0004730928415340274,-0.4548386628570692,659,49.11289234178775,50.88710765821225,-0.17858350964489053,-0.011391276847779545,-4.652240414680021,659,41.07082451775547,58.92917548224453,-0.2181220584007327,-0.008973901332745116,-5.728849165514831,659,39.09389707996336,60.90610292003664,-0.3194217494818528,-0.016044456849575825,-8.64005120575158,659,34.02891252590736,65.97108747409264,-0.2978993356387873,-0.013305986711410788,-7.998932323934223,659,35.10503321806063,64.89496678193936,-0.3615903958764372,-0.01743969182936013,-9.940921078168149,659,31.920480206178137,68.07951979382186
AIG,-0.109965473663921,-0.0015250040067121158,-2.8358344363181653,659,44.50172631680395,55.49827368319605,0.04999666644723714,0.00047004656118956574,1.2831198054568744,659,52.49983332236185,47.50016667763815,-0.07514393313308927,-0.0016899924119723564,-1.9315512173139584,659,46.242803343345535,53.757196656654465,-0.12466713594483675,-0.0018083956917276788,-3.220594504869218,659,43.76664320275816,56.23335679724184,-0.30336702699108226,-0.005372651735208194,-8.160479573041874,659,34.83164865044589,65.16835134955411,-0.13422280792106092,-0.002113798811311094,-3.471816367937899,659,43.28885960394695,56.71114039605305,-0.24268305494258913,-0.004126873451075937,-6.412141723322021,659,37.865847252870545,62.134152747129455
AIR,-0.3913489644833793,-0.009506847522288787,-10.900455758896834,659,30.432551775831033,69.56744822416897,-0.03759458931964114,-0.000619131471093971,-0.9643066297102321,659,48.12027053401795,51.87972946598205,-0.19280077169784693,-0.00759551636139749,-5.036364197015941,659,40.359961415107655,59.640038584892345,0.0653049749426564,0.00165937847610761,1.6774786783983597,659,53.26524874713282,46.73475125286718,-0.34240577702868,-0.01062231317917235,-9.341204230982656,659,32.879711148565995,67.120288851434,-0.23974064139655915,-0.00661358129363819,-6.3296258749787775,659,38.012967930172046,61.987032069827954,-0.3508574886115631,-0.010451296114685316,-9.603701261883723,659,32.45712556942185,67.54287443057815
ALAB,-0.4084797339275941,-0.023206404812468336,-11.007484595965016,607,29.576013303620297,70.4239866963797,0.05355977374912687,0.002067128603383456,1.3192898936745259,607,52.67798868745635,47.32201131254365,-0.09403106753359045,-0.008715028093518555,-2.3231517222546496,607,45.29844662332047,54.70155337667953,0.2010387778176074,0.012063387794040384,5.047962933270437,607,60.05193889088037,39.94806110911963,-0.21753501116314009,-0.015722575160618167,-5.481932268362426,607,39.123249441842994,60.876750558157006,-0.3050685703229922,-0.020209364584948115,-7.879297739628282,607,34.74657148385039,65.25342851614961,-0.34366769302221833,-0.02397727829108256,-9.001369015473312,607,32.81661534888908,67.18338465111091
ALB,-0.30759842694980355,-0.011028561902567052,-8.286107766314307,659,34.620078652509825,65.37992134749018,0.052691324660293394,0.0012807344384860083,1.3524634039459795,659,52.63456623301467,47.36543376698533,0.04907847777173742,0.0028536588676902983,1.2594978825863392,659,52.45392388858687,47.54607611141313,0.0076070002588819845,0.00028528244767293007,0.19498835783149115,659,50.3803500129441,49.6196499870559,-0.26664456492752964,-0.012208805910765584,-7.091380374332053,659,36.66777175362352,63.33222824637648,-0.20154874039676698,-0.008206114214101978,-5.2743369562246825,659,39.92256298016165,60.07743701983835,-0.31451668524990767,-0.013827559240912503,-8.492682321499817,659,34.27416573750462,65.72583426249538
ALLO,-0.2618878919814916,-0.013588504513371336,-6.955471144943017,659,36.905605400925424,63.094394599074576,-0.09474694525040264,-0.003332780070343862,-2.439529257322715,659,45.26265273747987,54.73734726252013,-0.12291491124755974,-0.010342773434148569,-3.1746289211819856,659,43.85425443762202,56.14574556237798,-0.07093716819802473,-0.00384996637552533,-1.822854453004141,659,46.45314159009876,53.54685840990124,-0.1693114320517107,-0.011218846473552577,-4.403365679361098,659,41.534428397414466,58.465571602585534,-0.22097390415672316,-0.013020268068401777,-5.8075703552152165,659,38.951304792163846,61.048695207836154,-0.18746252456333165,-0.011927179829695003,-4.891763922200486,659,40.62687377183342,59.37312622816658
ALLY,-0.444783557645831,-0.008903054419126059,-12.729133881712462,659,27.76082211770845,72.23917788229156,-0.009860317854068336,-0.00013380317363371566,-0.2527520653437062,659,49.50698410729658,50.49301589270342,-0.22291459501304128,-0.007236107401251981,-5.861229797199281,659,38.854270249347934,61.145729750652066,-0.10844410125999666,-0.0022705082460072875,-2.7961304658242883,659,44.577794937000164,55.422205062999836,-0.48967359992375636,-0.01251706976284374,-14.39526938908619,659,25.516320003812183,74.48367999618782,-0.3564529915255162,-0.00810242951114309,-9.778954758131553,659,32.17735042372419,67.82264957627581,-0.4295927673952833,-0.010544216815691392,-12.19385321391133,659,28.520361630235836,71.47963836976416
ALNY,-0.02387368210321212,-0.0007015698538098736,-0.6121049482082551,659,48.80631589483939,51.19368410516061,-0.11358452786180535,-0.0022628506214025152,-2.93036422617542,659,44.32077360690973,55.67922639309027,-0.07711731486688617,-0.003675188412133756,-1.9825759413389323,659,46.14413425665569,53.85586574334431,-0.08959834262736278,-0.002754091309943667,-2.3058599393312185,659,45.52008286863186,54.47991713136814,-0.06315456972333888,-0.002370074360330382,-1.6220165789054555,659,46.842271513833055,53.157728486166945,-0.13558675554586078,-0.004524717561929072,-3.507753671242238,659,43.22066222270696,56.77933777729304,-0.0885398335102525,-0.0031904891829709348,-2.2784021198899413,659,45.573008324487375,54.426991675512625
AMAT,-0.4825362995817522,-0.014873558486739689,-14.121149840705327,659,25.87318502091239,74.12681497908761,0.04641910773373994,0.0009699891583236072,1.191099033537704,659,52.320955386687,47.679044613313,-0.006493907084910075,-0.00032461393769499117,-0.1664554091839679,659,49.6753046457545,50.3246953542455,0.500106251738674,0.01612404589711987,14.802842051594844,659,75.0053125869337,24.994687413066302,-0.3215899328814732,-0.012658814037023942,-8.705438003004508,659,33.92050335592634,66.07949664407366,-0.43592565447159354,-0.015258787267373949,-12.41540701326301,659,28.203717276420328,71.79628272357968,-0.4615134909236289,-0.01744360965936146,-13.334546730423792,659,26.924325453818554,73.07567454618145
AMBA,-0.4876068377671623,-0.019392306808354506,-14.315506753759319,659,25.619658111641886,74.38034188835812,0.06560407870639179,0.0017687877556039875,1.6851948438638789,659,53.28020393531959,46.71979606468041,-0.11467074071856563,-0.007395856917322689,-2.9587590083755373,659,44.26646296407172,55.73353703592828,0.15789070122064153,0.006568150355048722,4.098464934413152,659,57.89453506103208,42.10546493896792,-0.35575052596940954,-0.018068034703769206,-9.756887747968255,659,32.21247370152952,67.78752629847048,-0.38775043903038614,-0.017511956853885433,-10.782390468323587,659,30.612478048480696,69.3875219515193,-0.431656732938703,-0.02105063827775968,-12.265814556267282,659,28.41716335306485,71.58283664693515
AMD,-0.43767502418434884,-0.0159025384282987,-12.47700641947358,659,28.11624879078256,71.88375120921744,0.035252652226892896,0.0008683437479380547,0.9041583738146696,659,51.76263261134465,48.23736738865535,-0.030976586882948118,-0.0018252587936779688,-0.7943734345964691,659,48.45117065585259,51.54882934414741,0.3853078289811645,0.014643650960546668,10.702581237322773,659,69.26539144905823,30.734608550941772,-0.2790273515231328,-0.012946940286029643,-7.44783679142611,659,36.048632423843365,63.951367576156635,-0.395680073288279,-0.0163260665568436,-11.043340623590462,659,30.21599633558605,69.78400366441394,-0.42574872108534184,-0.0189685923888529,-12.060451205890478,659,28.712563945732906,71.28743605426709
AME,-0.38498104525544236,-0.005334153347384637,-10.691924092582722,659,30.750947737227886,69.24905226277211,-0.020421048711035446,-0.00019181801235734872,-0.5235417248779982,659,48.97894756444823,51.02105243555177,-0.1686624480743291,-0.0037898388665285033,-4.38599205513075,659,41.56687759628355,58.43312240371645,0.15956134639344782,0.0023124943888965578,4.142957736422202,659,57.97806731967239,42.02193268032761,-0.36510866149224375,-0.006460319011463565,-10.052440434939248,659,31.74456692538781,68.25543307461218,-0.347095486748199,-0.005461322334468921,-9.486535265077032,659,32.64522566259005,67.35477433740995,-0.38304509915814844,-0.006507933737819725,-10.62888515881698,659,30.847745042092576,69.15225495790742
AMGN,0.032898134757137876,0.0005423418591852795,0.8437020473300441,659,51.644906737856886,48.355093262143114,-0.18941670947596778,-0.0021169243282448953,-4.944645165401557,659,40.52916452620161,59.47083547379839,0.020846920696108683,0.0005573396761821389,0.534464655732282,659,51.04234603480543,48.95765396519457,-0.0017082502139001154,-2.9456434687260366e-05,-0.04378595256285831,659,49.91458748930499,50.08541251069501,-0.051265433978718286,-0.001079275124212817,-1.315766329443732,659,47.436728301064086,52.563271698935914,-0.21897485638116534,-0.004099385818971747,-5.752373189539276,659,39.05125718094173,60.94874281905827,-0.06854349193890501,-0.0013855912716925014,-1.7610493159784317,659,46.57282540305475,53.42717459694525
AMP,-0.42366950335861403,-0.006637762862254597,-11.988628343438041,659,28.8165248320693,71.1834751679307,0.11671630530618557,0.0012396847433361422,3.012261566880061,659,55.83581526530927,44.16418473469073,-0.2691438766647669,-0.006838411473011099,-7.163014231046162,659,36.54280616676166,63.45719383323834,-0.14204958461081926,-0.002327884042619865,-3.6783163564559156,659,42.897520769459035,57.102479230540965,-0.5444311589241858,-0.010892891576431144,-16.63659230057617,659,22.77844205379071,77.22155794620929,-0.37639231193815814,-0.0066966556452252145,-10.413496597432845,659,31.18038440309209,68.81961559690791,-0.5083308304169176,-0.009765804876116193,-15.130188651274882,659,24.583458479154118,75.41654152084588
AMRN,-0.14131644932520598,-0.005577483407856654,-3.6589442444986973,659,42.93417753373971,57.06582246626029,-0.026463963289437162,-0.0007080854187517535,-0.6785622586048858,659,48.676801835528146,51.323198164471854,-0.01569225465417529,-0.00100440094718203,-0.40227357996492014,659,49.215387267291234,50.784612732708766,-0.06026174141117814,-0.0024877921524009364,-1.5474419387523546,659,46.9869129294411,53.0130870705589,-0.15598170941742465,-0.007861853093412386,-4.047668620291141,659,42.20091452912877,57.79908547087123,-0.15160616327530232,-0.006794932096457938,-3.9314141749653015,659,42.41969183623488,57.58030816376512,-0.16868643978197895,-0.00816380843161286,-4.386634220420598,659,41.56567801090105,58.43432198909895
AMRX,-0.20860834830414185,-0.004653318087550063,-5.467336974453819,659,39.569582584792904,60.430417415207096,-0.10159279943174893,-0.0015363111398265712,-2.61757091368689,659,44.92036002841255,55.07963997158745,-0.11051610356659936,-0.003997908196185251,-2.8502094407726433,659,44.47419482167003,55.52580517832997,-0.024005398518218403,-0.0005601016116473896,-0.615484009246656,659,48.799730074089084,51.200269925910916,-0.21604598473907471,-0.006154360531126162,-5.6716391357634635,659,39.197700763046264,60.802299236953736,-0.26601045919338057,-0.006738332899290617,-7.073230568489418,659,36.699477040330976,63.300522959669024,-0.21544719119852213,-0.005893034119285685,-5.655153313906958,659,39.2276404400739,60.7723595599261
AMT,0.32561853093583026,0.005111817876957808,8.827336861826717,659,66.28092654679152,33.71907345320848,-0.30775910632721243,-0.0032753850908440064,-8.290888887394186,659,34.612044683639375,65.38795531636063,0.16597559858408448,0.00422558361371657,4.314125938788184,659,58.29877992920422,41.70122007079578,-0.18711526659124098,-0.0030725738390462495,-4.882373264335297,659,40.64423667043795,59.35576332956205,0.2158429329747501,0.004327227938022371,5.666048018440166,659,60.792146648737514,39.207853351262486,0.058248301233001655,0.0010384180243038475,1.4955603843014678,659,52.91241506165009,47.08758493834991,0.246665263895038,0.0047483346348786626,6.524117198078603,659,62.3332631947519,37.6667368052481
AMZN,-0.5574430378313057,-0.011058551898638098,-17.210461098896147,659,22.127848108434716,77.87215189156528,0.09250346900514435,0.001244059007938286,2.381259937041136,659,54.625173450257215,45.374826549742785,-0.21037171513673183,-0.00676801494047688,-5.515683036326857,659,39.48141424316341,60.51858575683659,-0.03569394000117722,-0.0007406603566978854,-0.9154908509646951,659,48.21530299994114,51.78469700005886,-0.40013392125625885,-0.010136985228907417,-11.191186006956908,659,29.993303937187054,70.00669606281295,-0.5153185273048926,-0.011609037541366461,-15.412683694596234,659,24.234073634755372,75.76592636524462,-0.5260689817897779,-0.012796980941258088,-15.855528804087227,659,23.696550910511107,76.3034490894889
ANET,-0.45483590696401033,-0.014382194857508041,-13.090818454049883,659,27.258204651799485,72.74179534820051,0.09865821502354684,0.0021148953158637426,2.541206060234122,659,54.932910751177346,45.067089248822654,-0.08933936145301606,-0.0045813077458808785,-2.299141220813786,659,45.5330319273492,54.4669680726508,0.17054514919490202,0.005640747285472383,4.436409183693686,659,58.527257459745094,41.472742540254906,-0.2805852530204152,-0.011330287924484305,-7.492963383949796,659,35.97073734897924,64.02926265102076,-0.39916364688202616,-0.014333231044542422,-11.15889804252094,659,30.041817655898694,69.9581823441013,-0.433004537465184,-0.016789197424287406,-12.312934172923324,659,28.349773126740796,71.6502268732592
AON,0.0711596756245575,0.0010303207942608994,1.8286012244423613,659,53.55798378122787,46.44201621877213,-0.08724964450141233,-0.0008564211167846578,-2.2449450147371524,659,45.63751777492938,54.36248222507062,-0.13890859001809697,-0.003261698430261172,-3.595362837479998,659,43.05457049909515,56.94542950090485,-0.3401840616720723,-0.005152041034206321,-9.272631938988688,659,32.990796916396384,67.00920308360361,-0.0757149672727261,-0.001399993189557482,-1.9463137817092748,659,46.2142516363637,53.7857483636363,-0.06402031019007738,-0.0010526378286769879,-1.6443425212558251,659,46.79898449049613,53.20101550950387,-0.024578658116148604,-0.00043637889353625493,-0.6301908221807113,659,48.771067094192574,51.228932905807426
AOS,-0.1496331306961513,-0.0023240036020347205,-3.8790702616797916,659,42.51834346519243,57.48165653480757,-0.19801981887416967,-0.002084984779847817,-5.178184547875485,659,40.09900905629152,59.90099094370848,-0.04189416338540709,-0.0010552096462693999,-1.074775261103652,659,47.905291830729645,52.094708169270355,0.01602278921432657,0.00026029989904226324,0.4107490423118651,659,50.80113946071633,49.19886053928367,-0.16024172780180665,-0.003178266659813624,-4.1610881696092,659,41.98791360990967,58.01208639009033,-0.2822344004548944,-0.004977848505938335,-7.540803079974823,659,35.88827997725528,64.11172002274472,-0.1518434334785487,-0.00289182569698239,-3.9377121024676423,659,42.40782832607257,57.59217167392743
APA,-0.1924204016331209,-0.005418534790084866,-5.0260456996215765,659,40.37897991834395,59.62102008165605,0.36006708582934743,0.0068738392074282175,9.892788383338313,659,68.00335429146737,31.996645708532625,-0.10707506643951974,-0.004889847310843542,-2.7604191233768236,659,44.64624667802401,55.35375332197599,-0.08355502559576701,-0.0024611051650759727,-2.149198748466256,659,45.82224872021165,54.17775127978835,-0.343157660129163,-0.012340425257497244,-9.364450886679423,659,32.84211699354185,67.15788300645815,0.16073114823065882,0.00513988604480741,4.174133741258704,659,58.03655741153294,41.96344258846706,-0.29563726663925943,-0.010208383818711343,-7.932351717337818,659,35.218136668037026,64.78186333196297
APD,-0.04327948514288668,-0.0007161100871849604,-1.110380671602973,659,47.83602574285567,52.16397425714433,-0.05166723758966702,-0.000579559653077515,-1.3261064201040555,659,47.416638120516645,52.583361879483355,-0.04172304364970785,-0.0011195664720486972,-1.0703775927212307,659,47.91384781751461,52.08615218248539,-0.0669671663721044,-0.0011590081082430792,-1.7203650713166443,659,46.65164168139478,53.34835831860522,-0.18510588400464753,-0.003911322338329927,-4.828072028777558,659,40.74470579976762,59.25529420023238,-0.11562016939688192,-0.0021724710648727413,-2.983586907752212,659,44.218991530155904,55.781008469844096,-0.17470738196707192,-0.0035446717506552976,-4.548048751417487,659,41.264630901646406,58.735369098353594
APP,-0.3370483935787033,-0.016225462582991672,-9.176149264323548,659,33.14758032106484,66.85241967893516,0.03645672277798547,0.0011897826931918558,0.9350807389466474,659,51.82283613889928,48.17716386110072,-0.09768062030398422,-0.0076258705855840195,-2.515781694283735,659,45.115968984800794,54.884031015199206,-0.13321569118951682,-0.006707907328639803,-3.4452937566747583,659,43.33921544052416,56.66078455947584,-0.22651200984528236,-0.013925209511175514,-5.960891657903562,659,38.67439950773588,61.32560049226412,-0.2916581678104314,-0.015944160695972636,-7.815586706008004,659,35.417091609478426,64.58290839052157,-0.3285408427812138,-0.019393725995841462,-8.916097233753494,659,33.57295786093931,66.42704213906069
APTV,-0.2971796809860745,-0.007320077514891028,-7.977734409854119,659,35.14101595069627,64.85898404930373,-0.05022533810649289,-0.0008386961175750576,-1.2890032671689082,659,47.488733094675354,52.511266905324646,-0.046287705324815506,-0.001849006405258192,-1.1877200410111892,659,47.68561473375922,52.31438526624078,-0.0030283424250119096,-7.802403293529959e-05,-0.07762286299915422,659,49.848582878749404,50.151417121250596,-0.29509218482368704,-0.009282393058355124,-7.916329975320704,659,35.245390758815645,64.75460924118435,-0.2953820390396311,-0.00826234539113554,-7.924848685723159,659,35.230898048018446,64.76910195198155,-0.29763695178397553,-0.008989809291351734,-7.991201899406611,659,35.11815241080122,64.88184758919877
ARAY,-0.26794252943568875,-0.014583658776867809,-7.128562548305792,659,36.60287352821556,63.39712647178444,-0.04202129248463959,-0.0015505273936143712,-1.0780424594255145,659,47.89893537576802,52.10106462423198,-0.08760743857844906,-0.007732893349921613,-2.2542221614542632,659,45.61962807107754,54.38037192892246,0.019842834323452074,0.0011296798793746475,0.5087119118161773,659,50.992141716172604,49.007858283827396,-0.21044151026054347,-0.01462722460310908,-5.517597757685342,659,39.477924486972825,60.522075513027175,-0.23633776008050097,-0.01460765995113622,-6.234427438383282,659,38.18311199597495,61.81688800402505,-0.23215954098298064,-0.015494531194411168,-6.117870121762137,659,38.392022950850965,61.607977049149035
ARBE,-0.32725150887068744,-0.019793633515613217,-8.876900712732551,659,33.637424556465625,66.36257544353438,0.018845225606390816,0.0007727346807710843,0.4831268315474814,659,50.94226128031954,49.05773871968046,-0.07584429283285692,-0.007439486669684335,-1.94965741603124,659,46.20778535835716,53.79221464164284,0.0340154590791643,0.0021520237001517463,0.8723894751450103,659,51.70077295395822,48.29922704604178,-0.219024484589213,-0.016917734813252754,-5.753742585590264,659,39.04877577053935,60.95122422946065,-0.18445504828119635,-0.012669430893250861,-4.8104974307078034,659,40.77724758594018,59.22275241405982,-0.26404720205885784,-0.01958359864912145,-7.0170993992357475,659,36.79763989705711,63.20236010294289
ARCC,-0.3077469877341216,-0.003420829521045757,-8.29052826333459,659,34.612650613293916,65.38734938670609,0.03898937256424151,0.0002938116843447169,1.0001365141225582,659,51.94946862821208,48.05053137178792,-0.13089631491715062,-0.0023596154828672542,-3.384253718766948,659,43.45518425414247,56.54481574585753,-0.1517073196718287,-0.0017638879854316681,-3.9340991115636537,659,42.41463401640856,57.58536598359144,-0.4204122451228176,-0.005967860412646839,-11.876575591206906,659,28.97938774385912,71.02061225614088,-0.3016851312596207,-0.003808151528261161,-8.110693209541166,659,34.91574343701897,65.08425656298104,-0.41784701256758766,-0.005695370547546791,-11.788722229460934,659,29.107649371620614,70.89235062837939
ARGT,-0.35852733279428683,-0.007056057350356032,-9.844228520704478,659,32.073633360285655,67.92636663971435,0.03709449827875092,0.0004949194583385195,0.9514614283331204,659,51.854724913937545,48.145275086062455,0.04643181055886502,0.0014819435022394433,1.191425687993717,659,52.32159052794325,47.67840947205675,0.03777696452800268,0.0007776671178599853,0.9689912493456795,659,51.88884822640013,48.11115177359987,-0.27824071305209136,-0.006993042829927533,-7.42507507255646,659,36.08796434739543,63.91203565260457,-0.2929299593383619,-0.0065467584427651715,-7.852858257499233,659,35.35350203308191,64.64649796691809,-0.36453241138540227,-0.008797171185032265,-10.034141081506382,659,31.773379430729886,68.22662056927011
ARKG,-0.47555183348268454,-0.01269651158634473,-13.85645145032784,659,26.222408325865775,73.77759167413423,-0.1435230647300347,-0.0025977266405923715,-3.7172698048336956,659,42.82384676349827,57.17615323650173,-0.1917375124516615,-0.008301753574693562,-5.007526507537135,659,40.41312437741693,59.58687562258307,-0.10397361250763311,-0.0029035982929793997,-2.6795759555138305,659,44.801319374618345,55.198680625381655,-0.303306301692757,-0.01034126495208891,-8.15868056547147,659,34.834684915362146,65.16531508463785,-0.3693737506554168,-0.011198897664964656,-10.18829925493399,659,31.53131246722916,68.46868753277084,-0.36411866509426416,-0.011920557244079108,-10.021010388171423,659,31.79406674528679,68.20593325471322
ARKK,-0.6538786384670867,-0.015858561093104653,-22.152044428956984,659,17.306068076645666,82.69393192335434,-0.008140227337747752,-0.00013384074939551993,-0.20865731186002717,659,49.59298863311261,50.40701136688739,-0.23697089305166202,-0.009320470398266693,-6.2521213270671625,659,38.1514553474169,61.8485446525831,-0.11625710129185574,-0.0029492593581595637,-3.00024754536428,659,44.18714493540721,55.81285506459279,-0.45228893597803055,-0.014008391566519741,-12.998593949100426,659,27.38555320109847,72.61444679890153,-0.5109847057272653,-0.014073341469363907,-15.236995207735823,659,24.450764713636737,75.54923528636326,-0.5644232547368512,-0.01678566655090648,-17.525810411846898,659,21.778837263157442,78.22116273684256
ARKQ,-0.6596719225255243,-0.013088728203132366,-22.498350111508444,659,17.016403873723785,82.98359612627621,0.024931136159667393,0.00033534876867795626,0.6392338546421777,659,51.24655680798337,48.75344319201663,-0.18157759065619808,-0.005842623418659905,-4.732875222866231,659,40.9211204671901,59.0788795328099,0.08587396323185108,0.0017822055936852696,2.209283464924063,659,54.29369816159255,45.70630183840745,-0.4493194152726291,-0.01138492865721244,-12.891573597259656,659,27.534029236368546,72.46597076363145,-0.47180078101277134,-0.010630429192180395,-13.715699085451375,659,26.409960949361434,73.59003905063857,-0.5808093767556377,-0.014130910041036995,-18.288191998249577,659,20.959531162218113,79.04046883778189
ARKW,-0.6668480487751848,-0.014371922277304792,-22.93719904980888,659,16.65759756124076,83.34240243875924,0.05600521344656411,0.0008182794181720052,1.4377828946180558,659,52.8002606723282,47.1997393276718,-0.2203560733719436,-0.0077017460818863456,-5.790502802881067,659,38.98219633140282,61.01780366859718,-0.14410307562534563,-0.003248538897138911,-3.732610088275645,659,42.794846218732715,57.205153781267285,-0.4665523979457657,-0.01284085907827213,-13.520365585032884,659,26.672380102711713,73.32761989728829,-0.5351138547419363,-0.013096548771181651,-16.23623329516483,659,23.244307262903185,76.75569273709681,-0.6008273147041824,-0.01587832570721273,-19.265474157624585,659,19.95863426479088,80.04136573520913
ARKX,-0.5750239766126091,-0.010375419305344866,-18.015355625825496,659,21.248801169369546,78.75119883063046,0.006110545016428089,7.474546482245928e-05,0.15662848270286908,659,50.3055272508214,49.6944727491786,-0.1618485629103949,-0.004735924248064347,-4.203930453292292,659,41.90757185448025,58.09242814551975,0.026357333119077404,0.0004974483729644046,0.6758262507355681,659,51.31786665595387,48.68213334404613,-0.41451563321769663,-0.009551383798301354,-11.675139318274052,659,29.274218339115166,70.72578166088483,-0.3674199783910542,-0.0075284429639592525,-10.125972784793486,659,31.62900108044729,68.3709989195527,-0.514065125464069,-0.011373782216041257,-15.361708310537846,659,24.29674372679655,75.70325627320345
ARM,-0.39404962921211045,-0.019058915808054598,-10.989450130693106,659,30.297518539394474,69.70248146060553,-0.024931142549210628,-0.0008174753127064903,-0.6392340185718366,659,48.75344287253947,51.24655712746053,-0.07929716419842421,-0.006219867328553366,-2.038966464572311,659,46.03514179007879,53.96485820992121,0.22438422931327748,0.011351844774258069,5.9019134352722915,659,61.21921146566387,38.78078853433613,-0.2100371894617673,-0.01297326070207216,-5.506507065863014,659,39.498140526911634,60.501859473088366,-0.39303421026432944,-0.02158739886448657,-10.955949974001578,659,30.348289486783532,69.65171051321647,-0.3374132283238771,-0.020011352235269075,-9.187357205996708,659,33.129338583806145,66.87066141619385
ARQQ,-0.21052223285097243,-0.01711722440402366,-5.51981236730026,659,39.47388835745138,60.52611164254862,-0.07656186796065766,-0.0042202005841284786,-1.9682116906366098,659,46.171906601967116,53.828093398032884,-0.10794941604672675,-0.014234160886324124,-2.7832247307760842,659,44.602529197663664,55.397470802336336,-0.016164306297096215,-0.0013747359627934734,-0.4143778194776377,659,49.19178468514519,50.80821531485481,-0.1499448761744511,-0.015569428998299968,-3.887337596964855,659,42.50275619127745,57.49724380872255,-0.20656443474226704,-0.019072763317192765,-5.411368908807288,659,39.67177826288665,60.32822173711335,-0.1928135168682582,-0.0192238299258357,-5.03670998270865,659,40.35932415658709,59.64067584341291
ARVN,-0.154317981676965,-0.006311898119344824,-4.003436465432161,659,42.28410091615175,57.71589908384825,-0.07869587749519785,-0.0021821300192222215,-2.0234088741972114,659,46.06520612524011,53.93479387475989,-0.09414355790770153,-0.006244680875310654,-2.4238539605811535,659,45.29282210461492,54.70717789538508,-0.08210851332470534,-0.003512840898790822,-2.1117368366548863,659,45.89457433376473,54.10542566623527,-0.13276733925209586,-0.006934902767368315,-3.433489823560369,659,43.36163303739521,56.63836696260479,-0.14939238575409933,-0.0069389634918692,-3.872686635287837,659,42.530380712295035,57.469619287704965,-0.1412761749924549,-0.007085645763043919,-3.657880227844137,659,42.936191250377256,57.063808749622744
ARWR,-0.25932788982234306,-0.010216638644732785,-6.882552046905446,659,37.03360550888285,62.96639449111715,-0.07858879545128826,-0.002098962284119275,-2.02063848512538,659,46.070560227435585,53.929439772564415,-0.09540204976011907,-0.006095266642333395,-2.456551177885664,659,45.22989751199405,54.77010248800595,0.037054555295010595,0.0015269585857788895,0.9504354948018535,659,51.852727764750526,48.147272235249474,-0.22422483493865386,-0.011281015568233046,-5.897498903875092,659,38.78875825306731,61.21124174693269,-0.2513422238563865,-0.011244676200072759,-6.656078245175452,659,37.432888807180674,62.567111192819326,-0.2576233496834486,-0.012445463985134747,-6.834086313917621,659,37.11883251582757,62.88116748417243
ASML,-0.4666936851777313,-0.012656987559506191,-13.525599859278739,659,26.66531574111344,73.33468425888657,0.01368956491105263,0.0002516942359662525,0.3509239654664216,659,50.68447824555263,49.31552175444737,0.09701964323824012,0.004267114518052703,2.498595794068989,659,54.85098216191201,45.14901783808799,0.4661850007902811,0.013224631242517486,13.506760796969958,659,73.30925003951405,26.690749960485945,-0.3181531911862295,-0.011018954537451926,-8.601864947343254,659,34.09234044068853,65.90765955931147,-0.4442739674607352,-0.013682705794002133,-12.710961070106167,659,27.78630162696324,72.21369837303676,-0.46378564585399656,-0.01542349491764897,-13.418131015845713,659,26.81071770730017,73.18928229269983
ASTS,-0.2827845778704362,-0.021395273490782345,-7.556779164370757,659,35.86077110647819,64.13922889352182,0.041844204305538917,0.002146261480385531,1.07349133474743,659,52.09221021527695,47.90778978472305,-0.1180403962069152,-0.014483348351268518,-3.04691436803361,659,44.09798018965424,55.90201981034576,-0.0017749132004258091,-0.00014046434127712858,-0.045494666757519425,659,49.91125433997871,50.08874566002129,-0.20540751638422702,-0.01984650929144325,-5.379722105783389,659,39.72962418078865,60.27037581921135,-0.15618560336427217,-0.013419174954498752,-4.053091800440249,659,42.190719831786396,57.809280168213604,-0.25802766858788456,-0.023938418914076255,-6.845576236790245,659,37.09861657060577,62.90138342939423
ASX,-0.4393716046790352,-0.012082825525895166,-12.536914393025445,659,28.031419766048238,71.96858023395177,0.001488121863914721,2.774343372239333e-05,0.03814359857097918,659,50.07440609319573,49.92559390680427,0.06962494768781469,0.0031051143355480815,1.7889688417087841,659,53.48124738439073,46.51875261560927,0.3992905188071809,0.011485564948365315,11.163117439554275,659,69.96452594035904,30.03547405964096,-0.24559655777531056,-0.008625106621312913,-6.4940320841588,659,37.720172111234476,62.279827888765524,-0.38255915292288867,-0.01194697099038744,-10.613087444909242,659,30.872042353855566,69.12795764614444,-0.3857315151814331,-0.013007346340099687,-10.716405628200452,659,30.713424240928344,69.28657575907165
ASYS,-0.2818245599340567,-0.012828358582326536,-7.528907362049581,659,35.90877200329716,64.09122799670284,-0.010109335411553788,-0.0003119608214206436,-0.2591358408634639,659,49.49453322942231,50.50546677057769,0.00350523289868431,0.00025875296135651464,0.08984672100335442,659,50.17526164493421,49.82473835506579,0.1964577885404691,0.009353805830128743,5.135691138216159,659,59.822889427023455,40.177110572976545,-0.11661594998148193,-0.006778847855488959,-3.009635832652235,659,44.169202500925905,55.830797499074095,-0.16531205472106147,-0.00854514568320416,-4.296393179357908,659,41.734397263946924,58.265602736053076,-0.15898370664773373,-0.008873846958664479,-4.127569863222107,659,42.05081466761331,57.94918533238669
ATEC,-0.13285702305906102,-0.005624545761796753,-3.4358507915655467,659,43.35714884704695,56.64285115295305,-0.048419494573002285,-0.0013896594503905182,-1.2425464260362515,659,47.579025271349884,52.420974728650116,-0.11085936914935811,-0.007611172007638555,-2.8591722378979902,659,44.45703154253209,55.54296845746791,-0.12162669022768409,-0.005385904794920879,-3.1408546606039645,659,43.918665488615794,56.081334511384206,-0.13237095106194557,-0.00715651038167557,-3.4230557471436374,659,43.38145244690273,56.61854755309727,-0.14289694787087479,-0.00686987103579877,-3.700714487779814,659,42.85515260645626,57.14484739354374,-0.11213233946064464,-0.0058210440208763346,-2.8924190566533827,659,44.39338302696777,55.60661697303223
ATI,-0.4238761144465656,-0.011239755266299774,-11.995754980654246,659,28.80619427767172,71.19380572232828,0.027326410122141334,0.0004912309121614969,0.7006925151497452,659,51.366320506107066,48.633679493892934,-0.11942245429502549,-0.005135468846473378,-3.083101812297228,659,44.028877285248726,55.971122714751274,0.14710095368611487,0.004080000766865844,3.8119617863069233,659,57.355047684305745,42.644952315694255,-0.3331237028502277,-0.011280520119728518,-9.055873643601643,659,33.34381485748862,66.65618514251139,-0.23158483749304468,-0.006973498724871385,-6.101866147901544,659,38.42075812534777,61.57924187465223,-0.36042201963854537,-0.011719154751900185,-9.903995234053115,659,31.97889901807273,68.02110098192728
AVAV,-0.2340872876405812,-0.008915516903870345,-6.171602354216619,659,38.295635617970945,61.704364382029055,-0.013633649165941881,-0.0003520189216185287,-0.34949033111843175,659,49.3183175417029,50.6816824582971,-0.0792850759539866,-0.004897070328570766,-2.038653673380684,659,46.03574620230067,53.96425379769933,-0.026680379850174733,-0.0010628881191218891,-0.6841153306878884,659,48.66598100749127,51.33401899250873,-0.14788567115561993,-0.007192841223456405,-3.832750331945017,659,42.605716442219006,57.394283557780994,-0.040947659368591974,-0.0017710078003170017,-1.0504518864967642,659,47.9526170315704,52.0473829684296,-0.18745128293357396,-0.008754355491757331,-4.8914598928089585,659,40.6274358533213,59.3725641466787
AVGO,-0.4374743737042515,-0.01374489028094614,-12.469932176229724,659,28.126281314787427,71.87371868521257,0.046701364854474445,0.000994725905168992,1.1983574412741422,659,52.33506824272373,47.66493175727627,-0.08262898596341361,-0.004210147183375065,-2.125214526056328,659,45.86855070182932,54.13144929817068,0.3140143656289125,0.010319651283188423,8.47763344074037,659,65.70071828144563,34.29928171855437,-0.26894010273718,-0.010790707105901586,-7.157167963699009,659,36.552994863140995,63.447005136859005,-0.41996432739621653,-0.01498386168273439,-11.861210625491927,659,29.00178363018917,70.99821636981083,-0.43824472588508495,-0.016883886360311705,-12.497104709754305,659,28.08776370574575,71.91223629425426
AVNT,-0.3406978174439567,-0.00742862087339198,-9.288473112991802,659,32.96510912780216,67.03489087219785,-0.11296614063837969,-0.0016698302737615063,-2.9142036756691354,659,44.35169296808101,55.64830703191899,-0.12042495940688007,-0.00425825384996521,-3.109362506306339,659,43.978752029656,56.021247970344,-0.007337870017165467,-0.00016735384822807065,-0.18808943057139604,659,49.633106499141725,50.366893500858275,-0.364796810900585,-0.01015770403536423,-10.042535679106063,659,31.760159454970747,68.23984054502925,-0.33021836000859783,-0.008176411736833143,-8.967178457657202,659,33.48908199957011,66.51091800042988,-0.3413861173659077,-0.009127498327418961,-9.309710949104005,659,32.93069413170462,67.06930586829537
AVUV,-0.5601452073479778,-0.006952124217809543,-17.331898394436035,659,21.99273963260111,78.00726036739889,0.030857232785489987,0.0002596325097327085,0.7913097574255828,659,51.5428616392745,48.4571383607255,-0.2808099146255899,-0.005652043980843792,-7.499476283538845,659,35.95950426872051,64.04049573127949,-0.08348511675010953,-0.0010838091261540553,-2.1473879299033287,659,45.82574416249452,54.17425583750548,-0.6189961187846886,-0.009810937375260103,-20.201471586734076,659,19.05019406076557,80.94980593923444,-0.397480017335017,-0.005602152061024686,-11.102977356377888,659,30.12599913324915,69.87400086675085,-0.5542262599441657,-0.008434727589488277,-17.066930592939308,659,22.28868700279171,77.7113129972083
AWK,0.4009671828424277,0.00548741899335876,11.218950330916934,659,70.04835914212138,29.951640857878616,-0.2789475358802349,-0.0025880163640302246,-7.4455265517496,659,36.052623205988255,63.947376794011745,0.07771435252260572,0.001724791972445587,1.998017829491034,659,53.88571762613028,46.11428237386972,-0.17417234536944337,-0.002493247193430733,-4.533684038664671,659,41.29138273152783,58.70861726847217,0.22341264312031264,0.003904565550671923,5.875012450423296,659,61.170632156015635,38.829367843984365,0.10661809787246784,0.0016569634054299847,2.7485026215070048,659,55.33090489362339,44.66909510637661,0.2905923111927998,0.004876525222262532,7.784385258494627,659,64.52961555963998,35.47038444036002
AXON,-0.24327259455703884,-0.008243744848549846,-6.4286970490927455,659,37.83637027214806,62.16362972785194,-0.038532188385965865,-0.0008851975947467256,-0.9883915052446232,659,48.073390580701705,51.926609419298295,-0.18082647083531084,-0.009937326451938979,-4.7126338235966845,659,40.95867645823446,59.04132354176554,-0.2785455517010926,-0.009873120276701564,-7.433893783155438,659,36.07272241494537,63.92727758505463,-0.18544575757292278,-0.008025164359249931,-4.837252289973764,659,40.72771212135386,59.27228787864614,-0.17310711848769167,-0.006661453116124361,-4.505097042148554,659,41.34464407561541,58.65535592438459,-0.2358548169701351,-0.009800385696608809,-6.220936495822888,659,38.20725915149325,61.79274084850675
AXSM,-0.14346395966022896,-0.003812858650335156,-3.715706798000227,659,42.82680201698855,57.17319798301145,-0.04981539803405932,-0.0008975459522373521,-1.278456119137246,659,47.50923009829703,52.49076990170297,-0.050102665469632456,-0.002159458784107646,-1.2858470145353251,659,47.494866726518374,52.505133273481626,0.0023696790442536077,6.587555179736865e-05,0.06073981042667035,659,50.11848395221268,49.88151604778732,-0.1352923183215217,-0.004591839606089458,-3.4999941249316118,659,43.23538408392392,56.76461591607608,-0.14074393242019376,-0.004247762897194424,-3.6438205301265425,659,42.96280337899031,57.03719662100969,-0.15060928568390036,-0.004908250321404198,-3.9049613684637494,659,42.46953571580499,57.53046428419501
AZN,0.12413647845213907,0.0018725127824056663,3.206670716459381,659,56.20682392260695,43.79317607739305,-0.21054779628851492,-0.0021530854495641918,-5.520513720197285,659,39.472610185574254,60.527389814425746,0.22679875813867117,0.005548073916523633,5.968846655981279,659,61.339937906933564,38.660062093066436,0.02702255296176199,0.0004263621000492635,0.6928954098178639,659,51.3511276480881,48.6488723519119,0.04694903358036501,0.000904394069403938,1.2047266250031623,659,52.347451679018256,47.652548320981744,-0.11367824723391459,-0.001947266680116908,-2.9328137310503393,659,44.31608763830427,55.68391236169573,0.018240567421652597,0.00033738888961298895,0.46762022847750806,659,50.91202837108263,49.08797162891737
AZO,0.046648584394078686,0.0006659872805404032,1.1970001389030969,659,52.33242921970393,47.66757078029607,-0.13833803208134665,-0.0013389188469995106,-3.580306384315603,659,43.083098395932666,56.916901604067334,-0.02849041129550401,-0.000659633009949303,-0.7305631029621868,659,48.5754794352248,51.4245205647752,-0.08982543051005829,-0.0013413855357251338,-2.311751641827861,659,45.50872847449708,54.49127152550292,-0.03059526367574891,-0.0005578113475402395,-0.7845854417881486,659,48.470236816212555,51.529763183787445,-0.14598074459808305,-0.002366713751025327,-3.7822982143209978,659,42.70096277009585,57.29903722990415,-0.03885604720464294,-0.0006802258728777946,-0.9967113363482724,659,48.05719763976785,51.94280236023215
B,-0.18594334050825198,-0.004513380779434479,-4.850695653139307,659,40.7028329745874,59.2971670254126,-0.020266377525916503,-0.00033348988849363193,-0.5195747288549805,659,48.98668112370417,51.01331887629583,0.21954345376970025,0.008642075071122506,5.768065365891578,659,60.97717268848501,39.02282731151499,0.12127897810052025,0.0030791703847806834,3.1317411985960453,659,56.06394890502602,43.93605109497398,-0.04432991745929238,-0.0013741177438547842,-1.137383051350568,659,47.78350412703538,52.21649587296462,-0.01510609365287941,-0.0004163860901462899,-0.38724374812544243,659,49.24469531735603,50.75530468264397,-0.14541284585088404,-0.004328039174793249,-3.7672657211754,659,42.7293577074558,57.2706422925442
BA,-0.28507357022152846,-0.006076096309489703,-7.623334344009856,659,35.74632148892358,64.25367851107643,-0.014068212303505448,-0.00020327866677025214,-0.3606322647938981,659,49.29658938482473,50.70341061517527,-0.03535432313699516,-0.0012220428027052345,-0.9067692833136837,659,48.23228384315024,51.76771615684976,-0.009971774570759269,-0.00022231409180422694,-0.25560934657833567,659,49.50141127146204,50.49858872853796,-0.2536786420710122,-0.006904898155494937,-6.722186236455971,659,37.31606789644939,62.68393210355061,-0.17160560109670886,-0.004153572993235229,-4.464829172134748,659,41.41971994516456,58.58028005483544,-0.2771827663449938,-0.007244375979430377,-7.394488458203223,659,36.14086168275031,63.85913831724969
BABA,-0.1970096574726625,-0.005240280945240603,-5.150699491892595,659,40.149517126366874,59.850482873633126,0.056066027666271924,0.0010110020544871914,1.4393490561873092,659,52.803301383313595,47.196698616686405,0.26408124757430734,0.011391497381361578,7.018071987478834,659,63.20406237871536,36.79593762128464,0.08046946393442103,0.0022388500623128672,2.069304805237318,659,54.02347319672105,45.97652680327895,-0.16228287220857923,-0.005512459601259629,-4.215516115224782,659,41.88585638957104,58.11414361042896,-0.16596004294224498,-0.005012949017409304,-4.313710155947355,659,41.70199785288775,58.29800214711225,-0.22544853555954372,-0.007353287337169036,-5.93140289912862,659,38.72757322202281,61.27242677797719
BAC,-0.40492309618061745,-0.006014292516032382,-11.351216586961618,659,29.75384519096913,70.24615480903087,0.07598067446104255,0.0007650685298715486,1.95318358794467,659,53.799033723052126,46.200966276947874,-0.24595323500190136,-0.005924350348359228,-6.504070085231721,659,37.70233824990493,62.29766175009507,-0.11085852873794132,-0.0017222966407475727,-2.8591502931671395,659,44.45707356310293,55.54292643689707,-0.5392439772328593,-0.010228288752781102,-16.412651430275464,659,23.037801138357032,76.96219886164297,-0.34278763331862033,-0.005781757035172757,-9.353007884919782,659,32.86061833406898,67.13938166593101,-0.4625035890355617,-0.008423530798374889,-13.370927605387472,659,26.874820548221912,73.12517945177808
BAK,-0.172189783705209,-0.006981199357758017,-4.48049202215892,659,41.39051081473955,58.60948918526045,0.04923158501406819,0.0013531678583667273,1.263436595706331,659,52.46157925070341,47.53842074929659,0.03878975123968682,0.002550444341360931,0.9950081883582411,659,51.93948756198434,48.06051243801566,-0.020891099844381315,-0.00088595325932619,-0.5355977963274661,659,48.95544500778094,51.04455499221906,-0.16056190417236735,-0.00831325014024646,-4.169622159675102,659,41.97190479138163,58.02809520861837,-0.11854722418341267,-0.005458040359946706,-3.060182921030073,659,44.072638790829366,55.927361209170634,-0.19464513434007108,-0.009676833625861149,-5.0864307243488005,659,40.26774328299645,59.73225671700355
BASFY,-0.129427320175176,-0.0022448443865261155,-3.3456228559399723,659,43.5286339912412,56.4713660087588,-0.037301209411964596,-0.00043859976104503403,-0.9567708664856269,659,48.13493952940177,51.86506047059823,0.3166810822146673,0.008907556762576832,8.55761580936568,659,65.83405411073336,34.16594588926664,0.02609454256282292,0.0004734093333379575,0.6690834448318939,659,51.304727128141145,48.695272871858855,-0.18143060190493326,-0.00401861593460552,-4.728913453644763,659,40.92846990475334,59.07153009524666,-0.15621094884513861,-0.003076765846811513,-4.053765977749443,659,42.18945255774307,57.81054744225693,-0.19512872047142144,-0.004150004249365277,-5.099567264748177,659,40.24356397642893,59.75643602357107
BATT,-0.45074790491866096,-0.008143776112484721,-12.942988474905773,659,27.462604754066955,72.53739524593304,-0.010014943295551715,-0.00012266645067993172,-0.25671601359301816,659,49.499252835222414,50.500747164777586,0.23179274091775875,0.006791538016865196,6.107654928548019,659,61.58963704588793,38.41036295411207,0.18881848693860864,0.0035683173197497762,4.928450519493538,659,59.44092434693044,40.55907565306956,-0.29320932398192845,-0.006765120929735614,-7.86105150945957,659,35.33953380090358,64.66046619909642,-0.3125825055932114,-0.006413269211130573,-8.434779945727685,659,34.37087472033943,65.62912527966057,-0.4120007255779135,-0.009127611618872438,-11.589769818278706,659,29.399963721104328,70.60003627889567
BAX,-0.08627844380734294,-0.002013096609448833,-2.219767414867425,659,45.68607780963285,54.31392219036715,-0.08607193294635186,-0.0013614731037452227,-2.214414610770181,659,45.69640335268241,54.30359664731759,0.01526551280109987,0.0005776302226726122,0.3913313954253851,659,50.76327564005499,49.23672435994501,-0.017847767608648247,-0.00043558514727062587,-0.45754705984861044,659,49.107611619567585,50.892388380432415,-0.19592549719941424,-0.005837930904231195,-5.121220016921144,659,40.20372514002929,59.79627485997071,-0.21172755079152394,-0.00560999380713557,-5.552894129321398,659,39.4136224604238,60.5863775395762,-0.17575604271307751,-0.00502851375654968,-4.576215361637482,659,41.21219786434612,58.78780213565388
BBAI,-0.2811153850529817,-0.01931070880985858,-7.508333963600468,659,35.944230747350915,64.05576925264909,-0.02472693026680838,-0.001151513411148003,-0.6339948029584511,659,48.76365348665958,51.23634651334042,-0.06615797277905316,-0.007370076331099322,-1.6994851993408826,659,46.69210136104734,53.30789863895266,-0.0701108731887067,-0.005037624848182554,-1.80151585057924,659,46.49445634056467,53.50554365943533,-0.18254008927589166,-0.016013178244888626,-4.758825447622688,659,40.872995536205416,59.127004463794584,-0.18287006247758272,-0.014265234251510077,-4.767725211185574,659,40.856496876120865,59.143503123879135,-0.24157439978117073,-0.020348461204189955,-6.381029132031624,659,37.92128001094146,62.07871998905854
BBAR,-0.3065589935316663,-0.012983599677804067,-8.255197625061667,659,34.672050323416684,65.32794967658332,0.00015931594956275472,4.574309091942125e-06,0.00408358826108293,659,50.007965797478136,49.992034202521864,0.008876821500739462,0.0006096979547351134,0.22753975345729974,659,50.44384107503698,49.55615892496302,0.04681474435585045,0.002073913110215008,1.2012731426692713,659,52.34073721779252,47.65926278220748,-0.22994718965242117,-0.012436977246850781,-6.0562989356328165,659,38.502640517378936,61.497359482621064,-0.2708748952401652,-0.013027842669314494,-7.212719032959598,659,36.45625523799174,63.54374476200826,-0.3007060881354805,-0.015616738519716154,-8.081750627627697,659,34.964695593225976,65.03530440677403
BBEU,-0.2997194628894206,-0.002822337179289121,-8.052612319073736,659,35.01402685552897,64.98597314447103,-0.17092787123780845,-0.0010911690293095662,-4.446664253226341,659,41.45360643810958,58.54639356189042,0.3610885334178852,0.0055142168989531035,9.925053426832902,659,68.05442667089426,31.94557332910574,0.12999025697430186,0.0012803585308260338,3.360424013621421,659,56.49951284871509,43.50048715128491,-0.269008442910605,-0.003234934865255393,-7.15912852553095,659,36.54957785446975,63.45042214553025,-0.4165430171684391,-0.004454269639777934,-11.744194591027982,659,29.172849141578045,70.82715085842196,-0.35798521136841743,-0.004133577647100951,-9.827153381200972,659,32.10073943157913,67.89926056842087
BBIO,-0.272942171004318,-0.008590037821861877,-7.2721781855283725,659,36.352891449784096,63.647108550215904,-0.1022003772219718,-0.0021805303155092684,-2.633390088277429,659,44.889981138901405,55.110018861098595,-0.11945372430696564,-0.006096777211683989,-3.083920787530461,659,44.02731378465172,55.97268621534828,-0.011161836802797278,-0.00036744043685374444,-0.28611815014221637,659,49.441908159860134,50.558091840139866,-0.17156087399470296,-0.006895223743656475,-4.4636301687645625,659,41.42195630026485,58.57804369973515,-0.2744821314060115,-0.009809823775199377,-7.316541330723028,659,36.27589342969942,63.72410657030058,-0.21680587024838113,-0.008366860618415314,-5.6925697657408305,659,39.15970648758094,60.84029351241906
BCE,0.19948493315766008,0.002559388321275632,5.218078768023138,659,59.974246657883,40.025753342117,-0.1347124510844788,-0.0011717069833055817,-3.4847151664662914,659,43.264377445776056,56.735622554223944,0.1640486944389588,0.003413304702618855,4.2626472928363235,659,58.20243472194794,41.79756527805206,-0.08606910378631086,-0.0011550484750952885,-2.2143412803569364,659,45.69654481068446,54.30345518931554,0.09180917370481465,0.0015042424549496034,2.363234611318482,659,54.590458685240726,45.409541314759274,0.027922460030625058,0.00040682015054791545,0.7159879786104191,659,51.39612300153126,48.60387699846874,0.11972713028431271,0.001883587155643635,3.0910818060279475,659,55.98635651421564,44.01364348578436
BDSX,-0.06573519168680883,-0.004026231866673343,-1.6885773905048247,659,46.713240415659556,53.286759584340444,-0.055001756897414204,-0.0022838238614122383,-1.41194296864331,659,47.249912155129294,52.750087844870706,-0.022317496460106417,-0.002216779614461692,-0.5721848320063462,659,48.88412517699468,51.11587482300532,-0.04713120323574744,-0.003019508255525617,-1.2094115410528679,659,47.64343983821263,52.35656016178737,-0.004477858026198835,-0.00035024895384948957,-0.1147776579619026,659,49.77610709869006,50.22389290130994,-0.01796262903212993,-0.0012493768165704397,-0.46049260553300536,659,49.101868548393504,50.898131451606496,-0.023275528807882914,-0.0017481048096674077,-0.5967602853397569,659,48.836223559605855,51.163776440394145
BE,-0.3216412658549391,-0.019652379387049283,-8.706987916976065,659,33.91793670725305,66.08206329274695,-0.028245847148566806,-0.0011699927680530009,-0.7242868572571242,659,48.58770764257166,51.41229235742834,-0.06453776758963604,-0.006394896382502382,-1.657688625135864,659,46.7731116205182,53.2268883794818,0.189178059844939,0.01209040892681461,4.938183932454216,659,59.458902992246955,40.541097007753045,-0.17904043408227258,-0.013970121324666379,-4.664537335128091,659,41.047978295886374,58.952021704113626,-0.20992540742728255,-0.014565690431502715,-5.503441358829159,659,39.503729628635874,60.496270371364126,-0.2638859268274791,-0.019770910467801186,-7.012492585353728,659,36.805703658626044,63.194296341373956
BEAM,-0.3135097719657267,-0.014237455697125806,-8.462524384309209,659,34.324511401713664,65.67548859828634,-0.09395943671162778,-0.002892723367468781,-2.419071244949226,659,45.30202816441861,54.69797183558139,-0.14608837828665264,-0.010759031223528864,-3.7851477486605587,659,42.695581085667364,57.304418914332636,-0.09689307952706372,-0.0046025753658347265,-2.4953054239411516,659,45.155346023646814,54.844653976353186,-0.23028942676546094,-0.013355525505373018,-6.065817106255544,659,38.48552866172695,61.51447133827305,-0.23848496694209587,-0.012298864184182854,-6.294468763892,659,38.07575165289521,61.92424834710479,-0.25386447518600275,-0.014136773442718666,-6.727449686159525,659,37.30677624069986,62.69322375930014
BEEM,-0.2750401084228596,-0.014108503206450665,-7.332630521068414,659,36.247994578857025,63.752005421142975,-0.0028051643387129728,-9.755025649491682e-05,-0.07190228674678159,659,49.85974178306435,50.14025821693565,-0.0562988978669347,-0.004683397286018598,-1.4453463608698702,659,47.185055106653266,52.814944893346734,0.013232798562789121,0.0007100083530147654,0.3392129420179214,659,50.66163992813946,49.33836007186054,-0.18516174140296227,-0.012129470595531726,-4.829580659192783,659,40.741912929851885,59.258087070148115,-0.1618719530336277,-0.0094292947426356,-4.204554345697099,659,41.906402348318615,58.093597651681385,-0.23082235336898632,-0.014518770424595014,-6.080643395611998,659,38.45888233155068,61.54111766844932
BFLY,-0.3694773350449665,-0.024040801602204037,-10.191608011366997,659,31.526133247751677,68.47386675224833,-0.03227064432808796,-0.0014234885379074958,-0.8275925554198731,659,48.3864677835956,51.6135322164044,-0.16192362285183445,-0.017086281230327256,-4.205932577448225,659,41.903818857408275,58.096181142591725,-0.08209525215331309,-0.005587351954712747,-2.1113934601108597,659,45.895237392334344,54.104762607665656,-0.2134658339243787,-0.01773761380969139,-5.600650684492493,659,39.32670830378107,60.67329169621893,-0.2247830569684208,-0.016609150065188056,-5.9129614143525835,659,38.76084715157896,61.23915284842104,-0.24596137769689153,-0.019624342808506633,-6.504299278683853,659,37.701931115155425,62.298068884844575
BGM,-0.06735279942026458,-0.004887432888288041,-1.730316877029957,659,46.63236002898677,53.36763997101323,-0.03712195125451711,-0.0018261697629189525,-0.9521665592844735,659,48.14390243727414,51.85609756272586,-0.002297272587343731,-0.00027034222402710136,-0.05888387214972483,659,49.885136370632814,50.114863629367186,-0.03465225053233355,-0.0026301677436758905,-0.8887406255759475,659,48.26738747338332,51.73261252661668,-0.01026379771727181,-0.0009511278943105214,-0.2630956367540777,659,49.48681011413641,50.51318988586359,-0.10051980819857452,-0.00828322580935737,-2.5896412377749507,659,44.974009590071276,55.025990409928724,-0.026497018812949413,-0.0023577037411301694,-0.6794104301263457,659,48.67514905935253,51.32485094064747
BHP,-0.2662248300287096,-0.004838116421384314,-7.079365329203544,659,36.688758498564525,63.311241501435475,-0.025426886157926546,-0.0003132608562778454,-0.6519530182350016,659,48.72865569210367,51.27134430789633,0.2917188123229546,0.008597424869755723,7.817362943617294,659,64.58594061614772,35.414059383852276,0.1876843965843391,0.003567654344150804,4.897764849273678,659,59.38421982921695,40.61578017078305,-0.192129584412458,-0.00445889944480505,-5.018158136200057,659,40.3935207793771,59.6064792206229,-0.22194919611844155,-0.004580406545338533,-5.834527730085922,659,38.90254019407792,61.09745980592208,-0.27846628902314613,-0.006205366636981198,-7.431600550308682,659,36.07668554884269,63.92331445115731
BHVN,-0.20830853708018615,-0.009995014272696731,-5.459122639336473,659,39.584573145990696,60.415426854009304,-0.06157236555416317,-0.002002845202904365,-1.5812237450480733,659,46.92138172229184,53.07861827770816,-0.10595269652689247,-0.008244504512989392,-2.731153905638646,659,44.70236517365538,55.29763482634462,-0.02631177105155965,-0.001320545218872147,-0.6746571873863009,659,48.684411447422015,51.315588552577985,-0.17953147385865637,-0.011000758347436513,-4.677755856751813,659,41.023426307067176,58.976573692932824,-0.16882450768899745,-0.009198871146864962,-4.39032992070083,659,41.55877461555013,58.44122538444987,-0.2068182962315647,-0.012168368932334419,-5.418316302870755,659,39.65908518842177,60.34091481157823
BIDU,-0.2660825788614466,-0.0072173708203081876,-7.075294328093246,659,36.69587105692767,63.30412894307233,0.0060214497228024055,0.00011072580302753644,0.15434466508033806,659,50.30107248614012,49.69892751385988,0.2295174698479205,0.010096120430124303,6.0443510879717435,659,61.475873492396026,38.524126507603974,0.10429267718132824,0.0029589882473291347,2.687889075309068,659,55.21463385906641,44.78536614093359,-0.1720334260777813,-0.005959105793423617,-4.476299352776215,659,41.39832869611094,58.60167130388906,-0.2256600102882733,-0.006950881359855191,-5.937265034726416,659,38.716999485586335,61.283000514413665,-0.2584478680236983,-0.008596122486866625,-6.857521535462245,659,37.07760659881508,62.92239340118492
BIIB,-0.02250948082545007,-0.0004276060481547777,-0.5771094879308682,659,48.874525958727496,51.125474041272504,-0.14348988371927313,-0.0018479271258066109,-3.7163923430152943,659,42.82550581403635,57.17449418596365,0.020991082910231496,0.0006466799579283341,0.5381622500952079,659,51.04955414551158,48.95044585448842,-0.05575749555675121,-0.0011079201613228055,-1.4314035286576778,659,47.212125222162435,52.787874777837565,-0.10579601876923882,-0.0025665714848810625,-2.72706945617968,659,44.710199061538056,55.289800938461944,-0.18474444379771696,-0.003985404811910585,-4.818311203387214,659,40.76277781011415,59.23722218988585,-0.10448722516524385,-0.0024339330045277394,-2.692958367395002,659,44.77563874173781,55.22436125826219
BILL,-0.28219093520010946,-0.010246546687224314,-7.539541278195132,659,35.89045323999452,64.10954676000549,-0.04001947714930864,-0.0009851243875011679,-1.0266020990501186,659,47.99902614253457,52.00097385746543,-0.19616763743328133,-0.011551490420886018,-5.127802369966445,659,40.19161812833593,59.80838187166407,-0.36327383978489475,-0.013797342167902443,-9.994220155380686,659,31.836308010755264,68.16369198924474,-0.24754104662321444,-0.01147855887178616,-6.548790219558851,659,37.62294766883928,62.37705233116072,-0.27147329048627755,-0.011193973263302853,-7.229918999269613,659,36.42633547568612,63.57366452431388,-0.27318616100617304,-0.012163546574608006,-7.279203004913328,659,36.34069194969135,63.65930805030865
BINC,-0.016183054937823283,-2.6466446004338327e-05,-0.4148585734742718,659,49.190847253108835,50.809152746891165,-0.5161439692044169,-0.0005722570759405354,-15.446327596707473,659,24.192801539779158,75.80719846022085,0.12270920486440716,0.0003254531329532226,3.1692346736202985,659,56.13546024322036,43.86453975677964,-0.03571549698896494,-6.109682783212825e-05,-0.9160444582105838,659,48.214225150551755,51.785774849448245,0.09573466438663375,0.00019994475507797968,2.465194907861714,659,54.78673321933169,45.21326678066831,-0.3184991667458118,-0.0005915154774236713,-8.612274423591424,659,34.07504166270941,65.92495833729059,0.030182948738884847,6.0529048549556244e-05,0.7740023236239272,659,51.50914743694425,48.49085256305575
BIOX,-0.15646432203110075,-0.007208460840298669,-4.060506031128997,659,42.17678389844497,57.82321610155503,0.03269221313936911,0.0010210728729017691,0.8384153354013464,659,51.63461065696846,48.36538934303154,0.004089665257358244,0.00030555625550101245,0.10482722246817429,659,50.20448326286792,49.79551673713208,-0.07705074324879335,-0.0037130508696135976,-1.9808542544329069,659,46.14746283756033,53.85253716243967,-0.12999946545289617,-0.0076484682142923775,-3.3606661573013343,659,43.50002672735519,56.49997327264481,-0.1236410258141507,-0.0064686330356958305,-3.19367318212862,659,43.817948709292466,56.182051290707534,-0.15564717300991698,-0.008792968569820066,-4.038771754728079,659,42.217641349504156,57.782358650495844
BITD,,,,0,,,,,,0,,,,,,0,,,,,,0,,,,,,0,,,,,,0,,,,,,0,,
BITF,,,,0,,,,,,0,,,,,,0,,,,,,0,,,,,,0,,,,,,0,,,,,,0,,
BITO,-0.3951730138133504,-0.011923110636183619,-11.026567747612548,659,30.241349309332477,69.75865069066752,0.07332410187659165,0.001499803085211595,1.8845170119153545,659,53.666205093829575,46.333794906170425,-0.11557277126811288,-0.005655018345237469,-2.982347233778981,659,44.22136143659435,55.77863856340565,-0.115109711144709,-0.003632796786729066,-2.9702372164022024,659,44.24451444276455,55.75548555723545,-0.3105727357896225,-0.011966614515528067,-8.37473784090693,659,34.471363210518874,65.52863678948113,-0.26589837050970155,-0.00911046752697432,-7.070023318540755,659,36.70508147451492,63.29491852548508,-0.37512832462811346,-0.013878713638054261,-10.372788167197017,659,31.24358376859433,68.75641623140567
BITX,-0.3952563234434283,-0.02376205369803066,-11.029322702347756,659,30.237183827828584,69.76281617217141,0.07328695339130607,0.0029868747406256307,1.8835570944638131,659,53.6643476695653,46.3356523304347,-0.11599611086913965,-0.011309014763135382,-2.9934201983623034,659,44.20019445654302,55.79980554345698,-0.1158177622378759,-0.007282947206072206,-2.9887550707639607,659,44.20911188810621,55.79088811189379,-0.31090177509253014,-0.02386898913355178,-8.384559385620328,659,34.454911245373495,65.5450887546265,-0.2675191237885779,-0.018263443841154265,-7.116428865399349,659,36.6240438105711,63.3759561894289,-0.3762051738498745,-0.027733007758821978,-10.407465298161881,659,31.189741307506274,68.81025869249373
BKNG,-0.3036712909108141,-0.005783174329003324,-8.169495144489003,659,34.816435454459295,65.1835645455407,-0.0426548909544544,-0.0005507019066782649,-1.0943266281205397,659,47.86725545227728,52.13274454772272,-0.13773348254805787,-0.004253811815357062,-3.564356892129691,659,43.11332587259711,56.88667412740289,-0.1549322324413889,-0.0030862504977519803,-4.019762958206667,659,42.253388377930555,57.746611622069445,-0.27225630643984167,-0.006621344365814267,-7.252439284324905,659,36.38718467800792,63.61281532199208,-0.3995728557733155,-0.008641342520403984,-11.172509897563863,659,30.02135721133422,69.97864278866578,-0.3128969249808104,-0.007306862017784018,-8.444184586319393,659,34.355153750959474,65.64484624904053
BKRKY,-0.1231372031859447,-0.002469499578194092,-3.1804585595731663,659,43.84313984070277,56.15686015929723,-0.021656484431946305,-0.00029443729854394444,-0.5552294697925593,659,48.91717577840268,51.08282422159732,0.0716435709999282,0.002330092124722736,1.8410998955227753,659,53.58217854999641,46.41782145000359,-0.03960906365335474,-0.0008308853333795383,-1.016057312409671,659,48.01954681733226,51.98045318266774,-0.12171025769277052,-0.003117112895273703,-3.1430451211569737,659,43.914487115361474,56.085512884638526,-0.14056072761260116,-0.0032011524820659736,-3.638981745865988,659,42.97196361936994,57.02803638063006,-0.14912179162238814,-0.0036671430101886254,-3.8655123644493994,659,42.54391041888059,57.45608958111941
BKSY,-0.3588913741170053,-0.0211741822859729,-9.855701102868212,659,32.05543129414974,67.94456870585026,0.02364205141240219,0.0009456141896214944,0.606162757427185,659,51.18210257062012,48.81789742937988,-0.1584018179191335,-0.015155839068011922,-4.112073197252512,659,42.079909104043324,57.920090895956676,-0.0214707863482463,-0.0013250077656077703,-0.550466332570904,659,48.92646068258769,51.07353931741231,-0.29770041537072767,-0.02242997278558932,-7.993071498599552,659,35.114979231463614,64.88502076853638,-0.22004902295228307,-0.014742996612624456,-5.782023272942624,659,38.99754885238585,61.00245114761415,-0.336871897268105,-0.024371119131796945,-9.170728866322966,659,33.15640513659475,66.84359486340526
BLDP,-0.2861198216996155,-0.01256260470876109,-7.653802527309195,659,35.694008915019225,64.30599108498077,-0.04918435262893918,-0.0014640095313631094,-1.2622215240464865,659,47.54078236855304,52.45921763144696,0.08348585358998208,0.005944575360680664,2.147407015781006,659,54.1742926794991,45.8257073205009,0.07801277435706107,0.003582814455211029,2.005737074484525,659,53.900638717853056,46.099361282146944,-0.1706039757885871,-0.009565916276326364,-4.437985312611616,659,41.469801210570644,58.530198789429356,-0.16954005107994946,-0.008453309157517396,-4.409487327842726,659,41.52299744600253,58.47700255399747,-0.2216386953606245,-0.011932855917679777,-5.825943398292377,659,38.918065231968775,61.081934768031225
BLFS,-0.28522594828604925,-0.008722604925115866,-7.627769939459072,659,35.73870258569754,64.26129741430246,-0.09177606428076109,-0.001902706469805399,-2.362375110015445,659,45.41119678596194,54.58880321403806,-0.11761846094866342,-0.005833226743442962,-3.035870114801717,659,44.11907695256683,55.88092304743317,-0.12089967926258127,-0.003867311586635129,-3.1218011897431794,659,43.95501603687094,56.04498396312906,-0.25468712586203973,-0.009946489782542858,-6.750759632661953,659,37.26564370689801,62.73435629310199,-0.27195504012340277,-0.009444456605850384,-7.243772739577264,659,36.40224799382986,63.59775200617014,-0.26211770238106574,-0.009829254611046617,-6.9620247432279125,659,36.89411488094672,63.10588511905328
BLK,-0.3829190903727538,-0.005840624325044346,-10.62478772426409,659,30.854045481362313,69.1459545186377,-0.08167869293441803,-0.0008445905724779542,-2.100607907956557,659,45.9160653532791,54.0839346467209,-0.12245464864585617,-0.003029031063287838,-3.1625600087217185,659,43.87726756770719,56.12273243229281,-0.03923703787103807,-0.0006260014136148464,-1.006499269536052,659,48.0381481064481,51.9618518935519,-0.4255619263200237,-0.008289354236757435,-12.053989209945986,659,28.721903683998818,71.27809631600118,-0.4372780093463929,-0.007574127044619873,-12.463011277055529,659,28.13609953268036,71.86390046731964,-0.43124242285948866,-0.00806567641233163,-12.251350481886755,659,28.437878857025567,71.56212114297443
BLOX,-0.5611536823917541,-0.018877492455455676,-11.840026617008377,307,21.942315880412295,78.0576841195877,-0.027577995084071234,-0.00059825855210443,-0.4818122334785434,307,48.62110024579644,51.37889975420356,-0.10027730744968623,-0.006010527942717987,-1.7601398222136826,307,44.98613462751569,55.01386537248431,0.1886142241411839,0.005483669692217702,3.354209654217944,307,59.4307112070592,40.5692887929408,-0.2658206062650381,-0.011649763005916011,-4.815610888239636,307,36.70896968674809,63.29103031325191,-0.3898837493375758,-0.01440323881077533,-7.394171486558377,307,30.50581253312121,69.49418746687878,-0.4401944922578693,-0.01871063252431674,-8.561805696411156,307,27.990275387106532,72.00972461289346
BLV,0.3439374554456308,0.0021150337161472393,9.388582085693509,659,67.19687277228155,32.80312722771845,-0.8371502978706441,-0.003490008244769984,-39.23017928103704,659,8.142485106467795,91.8575148935322,0.10829139539345715,0.0010799607385265826,2.7921463318491386,659,55.41456976967286,44.58543023032714,-0.04735721244199513,-0.0003046146581269482,-1.2152240611910001,659,47.632139377900245,52.367860622099755,0.4357656612657082,0.003422130005976706,12.409781972321458,659,71.7882830632854,28.211716936714595,-0.1911437968658295,-0.0013348139091921086,-4.991431740902773,659,40.442810156708525,59.557189843291475,0.3847870014251759,0.0029015180492633894,10.685598125767058,659,69.2393500712588,30.760649928741202
BMA,-0.29153514316163404,-0.011378652570928582,-7.81198371193262,659,35.4232428419183,64.5767571580817,-0.011291020500347115,-0.00029875715458138217,-0.28943001422125975,659,49.43544897498264,50.56455102501736,-0.009860003950591079,-0.0006240985994956478,-0.2527440181927291,659,49.506999802470446,50.493000197529554,0.06693777431277284,0.0027327382563729456,1.7196065995146605,659,53.34688871563864,46.65311128436136,-0.2280035627604674,-0.011364418929105344,-6.002288371170851,659,38.59982186197663,61.40017813802337,-0.27300045625635394,-0.012100017252242287,-7.273856162968886,659,36.349977187182304,63.650022812817696,-0.2937709864204685,-0.014059694598371988,-7.877530707588633,659,35.31145067897658,64.68854932102343
BMNR,-0.01507792217861829,-0.006029254613102876,-0.26678600204971226,315,49.24610389106909,50.75389610893091,-0.037530510060096334,-0.009640628695510137,-0.6644506208169955,315,48.123474496995186,51.876525503004814,-0.018462694076949112,-0.013199795768104757,-0.326694087113599,315,49.07686529615255,50.92313470384745,-0.04007762235897865,-0.013929479478450461,-0.7096156472014052,315,47.99611888205107,52.00388111794893,-0.02791757672038321,-0.014411500263317507,-0.49410493971520086,315,48.60412116398084,51.39587883601916,-0.04915095589856329,-0.02146592781648281,-0.8706214438234576,315,47.54245220507183,52.45754779492817,-0.04795217117648761,-0.024083385133963266,-0.8493375602831387,315,47.60239144117562,52.39760855882438
BMRN,-0.13769262738598523,-0.002791138345890982,-3.5632791799430708,659,43.11536863070074,56.88463136929926,-0.07182174876590337,-0.0009869879433047413,-1.845702428316835,659,46.40891256170483,53.59108743829517,-0.06108218298799788,-0.0020079894296936253,-1.5685881623914941,659,46.94589085060011,53.05410914939989,-0.13226372883043272,-0.0028043891913356535,-3.420233637308841,659,43.386813558478366,56.613186441521634,-0.1303580536645213,-0.003374537219815976,-3.3700961851737556,659,43.48209731677394,56.51790268322606,-0.189107719564286,-0.0043531399312980385,-4.936279703244093,659,40.544614021785705,59.455385978214295,-0.1536154006292833,-0.0038183215359083402,-3.9847680247841937,659,42.31922996853583,57.68077003146417
BMY,0.07801930839983001,0.0013436446799917443,2.0059060959158512,659,53.9009654199915,46.0990345800085,-0.16276253436835644,-0.0019002991764530516,-4.228314537328594,659,41.86187328158218,58.13812671841782,0.011589541364324605,0.0003236866492376893,0.2970832068721372,659,50.57947706821623,49.42052293178377,-0.10495795561512158,-0.0018907083820184647,-2.7052253767971144,659,44.75210221924392,55.24789778075608,-0.026686546175071237,-0.0005869220012378267,-0.6842735549520602,659,48.665672691246435,51.334327308753565,-0.0846551416991329,-0.00165561127600924,-2.1776988056263584,659,45.767242915043354,54.232757084956646,0.014137528169253163,0.00029855399494469576,0.3624095000322816,659,50.706876408462655,49.293123591537345
BND,0.3378234899830182,0.0009710623745697129,9.199966270672505,659,66.8911744991509,33.10882550084909,-0.8099418947442538,-0.0015783246607405492,-35.396558131309654,659,9.502905262787309,90.49709473721269,0.14881589045652724,0.0006937177173639271,3.8574030665631134,659,57.440794522826366,42.559205477173634,-0.048392448714615774,-0.00014549957581489517,-1.241850742599474,659,47.58037756426921,52.41962243573079,0.511936043990658,0.0018792245164767967,15.275425438526783,659,75.5968021995329,24.403197800467098,-0.15944498927057682,-0.0005204641883304446,-4.139857722608644,659,42.02775053647116,57.97224946352884,0.4611055810653789,0.00162526702632593,13.319576632055348,659,73.05527905326895,26.944720946731053
BNDX,0.19405908793085627,0.00043621672672473894,5.0705160324665055,659,59.702954396542815,40.297045603457185,-0.6895490243819394,-0.0010507966337062018,-24.40427553238787,659,15.522548780903028,84.47745121909698,0.10221755593123555,0.0003726233084592255,2.6338374042534616,659,55.11087779656177,44.88912220343823,0.022162453749842045,5.210903336050044e-05,0.5682078252279934,659,51.1081226874921,48.8918773125079,0.4031612110177901,0.0011573181084423088,11.292214530670861,659,70.15806055088952,29.841939449110484,-0.21363317856058148,-0.0005453304204351121,-5.605251143364838,659,39.31834107197093,60.68165892802907,0.3479617360874643,0.0009591066021617125,9.513467753277048,659,67.39808680437321,32.60191319562679
BNGO,-0.21196291290477554,-0.011862170016560166,-5.559357086001612,659,39.40185435476123,60.59814564523877,-0.04431929255151903,-0.0016814435061390095,-1.1371099090386243,659,47.78403537242405,52.21596462757595,-0.05764158169772649,-0.005231381001975789,-1.4799302879427991,659,47.11792091511368,52.88207908488632,-0.048093991545212295,-0.002815282195836326,-1.2341738998725196,659,47.595300422739385,52.404699577260615,-0.13780018784028392,-0.009848265619170314,-3.56611654087994,659,43.10999060798581,56.89000939201419,-0.1494604436781266,-0.009498460613254494,-3.8744911971948284,659,42.52697781609367,57.47302218390633,-0.14886384592531532,-0.010215521987090385,-3.8586742688581057,659,42.556807703734236,57.443192296265764
BOTT,-0.5550560914654112,-0.011207178252908739,-16.111852909832326,585,22.247195426729437,77.75280457327057,0.01622294631236341,0.0002241060920964264,0.391760969279614,585,50.811147315618165,49.188852684381835,-0.013723857461115168,-0.00045315946338958437,-0.33139914101987994,585,49.31380712694424,50.68619287305576,0.2399103847412169,0.005109498476378958,5.966996407600939,585,61.99551923706085,38.00448076293915,-0.39954099079878674,-0.010273515612677671,-10.523522295865025,585,30.02295046006066,69.97704953993934,-0.4636371944480746,-0.011041353647879289,-12.634745574448122,585,26.81814027759627,73.18185972240373,-0.514462299794135,-0.012812115830559008,-14.485954621013795,585,24.27688501029325,75.72311498970674
BOTZ,-0.5825812184603949,-0.009055398448670714,-18.372580867056982,659,20.870939076980257,79.12906092301975,-0.028632350798208715,-0.00030171248867955563,-0.7342057542431835,659,48.568382460089566,51.431617539910434,0.005374713095142682,0.00013548230215158983,0.13776669632962393,659,50.26873565475714,49.73126434524286,0.12460240458111176,0.0020258363263202205,3.218895884827801,659,56.23012022905559,43.76987977094441,-0.41660118170602667,-0.008269462104105205,-11.74617886734214,659,29.169940914698667,70.83005908530133,-0.5463695995560973,-0.009644068930162529,-16.72097063899784,659,22.681520022195134,77.31847997780487,-0.5655350055983025,-0.01077897935254347,-17.576540138803082,659,21.723249720084876,78.27675027991512
BP,-0.1417095114279645,-0.0023394587200102463,-3.669329614801454,659,42.91452442860177,57.08547557139823,0.3985486416489173,0.004460493540564316,11.138455526700008,659,69.92743208244586,30.07256791755414,0.13673470399930882,0.0036607606693956265,3.538015563144493,659,56.83673519996544,43.16326480003456,-0.0030768854735718043,-5.313180414698946e-05,-0.07886713635764704,659,49.84615572632141,50.15384427367859,-0.2823477126238598,-0.0059525950412198745,-7.5440927836618465,659,35.88261436880701,64.11738563119299,0.1934846567205363,0.003627317831996884,5.05492223806577,659,59.67423283602682,40.32576716397318,-0.27738601467107427,-0.005615235944594224,-7.400362365745404,659,36.130699266446285,63.869300733553715
BRK.B,,,,0,,,,,,0,,,,,,0,,,,,,0,,,,,,0,,,,,,0,,,,,,0,,
BRKR,-0.24985295794872267,-0.007748937649012358,-6.614004991865291,659,37.50735210256387,62.49264789743613,-0.033814007942457855,-0.0007109507508371384,-0.8672169556669103,659,48.30929960287711,51.69070039712289,-0.04994595935398997,-0.0025120844012650073,-1.28181519705523,659,47.502702032300505,52.497297967699495,0.018411370476410772,0.0005972699075157743,0.4720004607201967,659,50.92056852382054,49.07943147617946,-0.18446521245712755,-0.00730596901904416,-4.810771844788604,659,40.77673937714362,59.22326062285638,-0.18221909974211498,-0.0064176238948439185,-4.750169580280688,659,40.88904501289426,59.11095498710574,-0.2160627944065094,-0.00821683796034788,-5.6721020317416775,659,39.196860279674524,60.803139720325476
BSV,0.30504170424196486,0.00039918162559945296,8.210135722005118,659,65.25208521209824,34.74791478790176,-0.6602605454889577,-0.0005857494182477237,-22.533928649539153,659,16.986972725552114,83.0130272744479,0.17764750670821605,0.00037700458901001466,4.627060052918621,659,58.882375335410806,41.117624664589194,-0.04614687726926442,-6.3165579908654e-05,-1.184098738036924,659,47.69265613653678,52.30734386346322,0.5543274735150345,0.0009263677046896919,17.071429749414687,659,77.71637367575173,22.283626324248274,-0.07324361953391598,-0.00010884383008922956,-1.8824373568586497,659,46.3378190233042,53.6621809766958,0.516415749903072,0.000828662843200349,15.457417838271672,659,75.8207874951536,24.179212504846404
BSX,-0.07055070663054877,-0.0012282642046881093,-1.812873834323058,659,46.47246466847256,53.52753533152744,-0.017791962018588483,-0.00020999041217528974,-0.45611596873144367,659,49.110401899070574,50.889598100929426,-0.0828225962415369,-0.002338382024740132,-2.130228529164361,659,45.85887018792316,54.14112981207684,-0.0721245887434432,-0.001313410921157732,-1.8535255344687736,659,46.39377056282784,53.60622943717216,-0.11366652781776738,-0.0025271364973559677,-2.932507421128972,659,44.31667360911163,55.68332639088837,-0.14466650304773282,-0.002860099255391247,-3.7475155291038185,659,42.76667484761336,57.23332515238664,-0.15281346114225625,-0.0032622639928012865,-3.9634670710813142,659,42.359326942887186,57.640673057112814
BTAI,,,,4,,,,,,4,,,,,,4,,,,,,4,,,,,,4,,,,,,4,,,,,,4,,
BTG,-0.1715516199433855,-0.005343507176676744,-4.463382098145208,659,41.42241900283072,58.57758099716928,-0.0010532492641072426,-2.224067345863017e-05,-0.02699691194615612,659,49.94733753679464,50.05266246320536,0.20256762691268754,0.010232407096883007,5.302138153476175,659,60.128381345634374,39.871618654365626,0.05266746643834032,0.0017159350556429616,1.351849315253527,659,52.63337332191702,47.36662667808298,-0.05436945576514593,-0.002162679871251255,-1.3956628437680805,659,47.2815272117427,52.7184727882573,0.02060114613749974,0.000728694766410371,0.5281608988140244,659,51.03005730687499,48.96994269312501,-0.13505742431533113,-0.0051584247492022645,-3.4938044474601093,659,43.247128784233446,56.752871215766554
BTI,0.18725588480088007,0.0024887469707848223,4.8861756768463955,659,59.362794240044,40.637205759956,-0.12487618838366682,-0.0011251491579229616,-3.226080549302136,659,43.75619058081666,56.24380941918334,0.13177758960918756,0.0028402922266183594,3.4074398906029604,659,56.588879480459376,43.411120519540624,-0.046733535737570824,-0.0006496818816035955,-1.1991847526686037,659,47.66332321312146,52.33667678687854,-0.008987606148601923,-0.00015254394755455497,-0.23037972667218562,659,49.5506196925699,50.4493803074301,-0.04859431054663956,-0.000733421079727373,-1.2470431724389008,659,47.57028447266802,52.42971552733198,0.027140091419178534,0.00044230682269809016,0.6959114742392998,659,51.35700457095893,48.64299542904107
BUG,-0.39196470656409904,-0.007136806248087312,-10.92071673580401,659,30.40176467179505,69.59823532820495,-0.001739961773984223,-2.1477406926393475e-05,-0.04459878725162047,659,49.91300191130079,50.08699808869921,-0.2083615769319265,-0.006152487990074647,-5.460575726955376,659,39.58192115340368,60.41807884659632,-0.43492875368278877,-0.008283271740276044,-12.380381614513428,659,28.25356231586056,71.74643768413944,-0.3018367589665784,-0.007018345604470371,-8.115178165597596,659,34.90816205167108,65.09183794832893,-0.36857523049923246,-0.007620891567965035,-10.16280717732798,659,31.571238475038378,68.42876152496163,-0.37778831615208586,-0.008434756078747104,-10.458535559974532,659,31.110584192395706,68.8894158076043
BULL,-0.03504395647266378,-0.005109775844364999,-0.8987991537386842,659,48.24780217636681,51.75219782363319,-0.003935801048195303,-0.0003890514600859666,-0.10088327806055912,659,49.80320994759023,50.19679005240977,-0.012534226380568638,-0.002963892495998885,-0.3213026718343834,659,49.37328868097157,50.62671131902843,-0.03653513031932762,-0.005572193937632497,-0.9370945039483006,659,48.17324348403362,51.82675651596638,-0.002577612806429646,-0.0004799677710308007,-0.06606961990288167,659,49.87111935967852,50.12888064032148,-0.062039574731477344,-0.010272596335902544,-1.5932682046696567,659,46.89802126342613,53.10197873657387,-0.008971778472187894,-0.0016041106460759572,-0.22997398241777361,659,49.55141107639061,50.44858892360939
BUSE,-0.3764471232075152,-0.006344853596058474,-10.415263398510128,659,31.177643839624235,68.82235616037576,-0.02134723785478477,-0.00024391836918220987,-0.547297357712455,659,48.932638107260765,51.067361892739235,-0.29291781369882197,-0.008006442758937827,-7.852502098120578,659,35.3541093150589,64.6458906849411,-0.18539359389283314,-0.0032684300306260205,-4.835843189902055,659,40.73032030535834,59.26967969464166,-0.5283314743067921,-0.01137181498536426,-15.950046059882117,659,23.583426284660398,76.41657371533961,-0.3065382333946659,-0.005867119945960245,-8.25458060326129,659,34.67308833026671,65.32691166973329,-0.3527683681580286,-0.0072907855100804615,-9.663417293924343,659,32.361581592098574,67.63841840790143
BX,-0.41523772611788484,-0.008949671030674016,-11.699710544785594,659,29.23811369410576,70.76188630589424,-0.07362271186872038,-0.0010757398922420483,-1.8922333857056115,659,46.31886440656398,53.68113559343602,-0.22913874637916448,-0.00800912361670185,-6.033824226286931,659,38.543062681041775,61.456937318958225,-0.17722997942178798,-0.003995529125470261,-4.615831915973638,659,41.1385010289106,58.8614989710894,-0.42194051950553957,-0.011613608450762475,-11.929079664948889,659,28.902974024723022,71.09702597527698,-0.39201609378770425,-0.009594820593092369,-10.922408414282028,659,30.39919531061479,69.60080468938521,-0.416663839459063,-0.011011922395034136,-11.74831662446241,659,29.166808027046855,70.83319197295314
BXSL,-0.20843419888220616,-0.00246087987833603,-5.462565370330803,659,39.578290055889696,60.421709944110304,0.0020576626908331355,1.6469515249976763e-05,0.05274214486583472,659,50.102883134541656,49.897116865458344,-0.13183406248429833,-0.0025242087579076177,-3.4089259610421103,659,43.408296875785084,56.591703124214916,-0.14588682235831937,-0.0018016247879864204,-3.7798117941151346,659,42.70565888208403,57.29434111791597,-0.3381140723196303,-0.0050978888596212284,-9.208900667341638,659,33.094296384018485,66.90570361598151,-0.23196238832837648,-0.0031100094121616906,-6.112379179162107,659,38.401880583581175,61.598119416418825,-0.32424827240246945,-0.004694249530146682,-8.785815233362216,659,33.78758637987653,66.21241362012347
BYDDY,-0.1966690983382154,-0.004815849995681036,-5.14143721392627,659,40.16654508308923,59.83345491691077,0.05439272051899543,0.0009029481265787261,1.3962618212715336,659,52.71963602594977,47.28036397405023,0.2022228113770369,0.008030510688036837,5.292727559548528,659,60.11114056885185,39.88885943114815,0.06679674531979385,0.0017108777259485937,1.7159673622739224,659,53.3398372659897,46.6601627340103,-0.18025736319997077,-0.00563683752576078,-4.697303021225235,659,40.98713184000146,59.01286815999854,-0.13779199974918177,-0.0038316296146758324,-3.5659005408983977,659,43.110400012540914,56.889599987459086,-0.23608451581221485,-0.0070887782480020195,-6.227352488716092,659,38.195774209389256,61.804225790610744
BZAI,-0.18371294420118867,-0.013046377620566157,-4.79046629395361,659,40.814352789940564,59.185647210059436,-0.003740226471522412,-0.00018006664917323117,-0.09587019752360733,659,49.81298867642388,50.18701132357612,-0.05767845586861716,-0.006642629181237134,-1.480880180294983,659,47.11607720656914,52.88392279343086,0.007838739979572008,0.0005822684948214847,0.20092884444819406,659,50.3919369989786,49.6080630010214,-0.12993412630942955,-0.011783629983971278,-3.3589480358585893,659,43.50329368452852,56.49670631547148,-0.10960303777476464,-0.008838844076796084,-2.8263739569474593,659,44.519848111261766,55.480151888738234,-0.14050108849864973,-0.012234801825379794,-3.63740664676325,659,42.974945575067515,57.025054424932485
C,-0.4850442370822991,-0.008705777790239805,-14.217046275630173,659,25.747788145885043,74.25221185411496,0.05459597034349445,0.0006643118719853269,1.4014948158855918,659,52.72979851717472,47.27020148282528,-0.21131737230666617,-0.006150885276214588,-5.541633196215423,659,39.43413138466669,60.56586861533331,-0.03410313991432428,-0.0006402468370116668,-0.8746408276373728,659,48.29484300428379,51.70515699571621,-0.548372390589774,-0.012569195708812134,-16.808552476063962,659,22.5813804705113,77.4186195294887,-0.42344762568600847,-0.008630751746848258,-11.980977655306313,659,28.827618715699575,71.17238128430043,-0.5249038805720098,-0.01155242280485102,-15.807037801916687,659,23.754805971399513,76.24519402860048
CAE,-0.2761223623255926,-0.005485322405394554,-7.363860034851758,659,36.193881883720366,63.806118116279634,-0.04288116938410385,-0.0005775005397663869,-1.1001425490001138,659,47.85594153079481,52.14405846920519,0.016863448661067613,0.0005432793146267859,0.43230557857221824,659,50.84317243305338,49.15682756694662,-0.06093197682820176,-0.0012661136550628186,-1.5647164817269597,659,46.95340115858991,53.04659884141009,-0.23734496452156484,-0.006021244733700453,-6.262579302378752,659,38.13275177392176,61.86724822607824,-0.2330184003961386,-0.005256703588664168,-6.141799716752628,659,38.34907998019307,61.65092001980693,-0.2758817983475309,-0.006720331394581197,-7.356915706696619,659,36.205910082623454,63.794089917376546
CAG,0.32017020345259867,0.005027597597910838,8.662605479113873,659,66.00851017262993,33.991489827370074,-0.17670870102132102,-0.0018811469739742636,-4.601817316614461,659,41.16456494893394,58.83543505106606,0.06326309569986621,0.0016110396684383527,1.6248150726667143,659,53.16315478499332,46.83684521500668,-0.13958989644794514,-0.0022927696758725216,-3.61334661651074,659,43.02050517760274,56.97949482239726,0.05130613408143756,0.0010288559385234581,1.3168136843950193,659,52.56530670407188,47.43469329592812,0.013473437236082558,0.00024025957007544366,0.34538264530714746,659,50.673671861804124,49.326328138195876,0.12132449322503769,0.0023361199964861343,3.1329340738400173,659,56.06622466125189,43.93377533874811
CAH,0.08414311598828716,0.0013065130132345806,2.1644330670985603,659,54.20715579941435,45.79284420058565,-0.05180115451278096,-0.0005452802701876429,-1.3295528069322688,659,47.40994227436095,52.59005772563905,-0.03655504717468797,-0.0009204891929139885,-0.9376060374293097,659,48.172247641265606,51.827752358734394,-0.010785812975321135,-0.00017517611092235456,-0.27647816171232564,659,49.460709351233945,50.539290648766055,-0.04343801555348372,-0.0008613324401809813,-1.1144556106925498,659,47.82809922232582,52.17190077767418,-0.005913113127651617,-0.00010426391561562961,-0.15156763192465436,659,49.70434434361742,50.29565565638258,-0.025662037671478354,-0.000488599873302199,-0.6579863288304373,659,48.71689811642608,51.28310188357392
CAI,-0.24099463497000084,-0.009866013004255995,-4.329490503347476,306,37.950268251499956,62.049731748500044,-0.09877912474771135,-0.002607969290901023,-1.7307372627765891,306,45.06104376261443,54.93895623738557,-0.10701116464337443,-0.007806102844703129,-1.8765790667070037,306,44.64944176783128,55.35055823216872,-0.08587117515925953,-0.0030384131371563677,-1.5027659423233208,306,45.70644124203702,54.29355875796298,-0.09627867461617384,-0.005135380604452089,-1.6865108773780324,306,45.18606626919131,54.81393373080869,-0.1368898606351376,-0.00615503223595182,-2.4094380656004923,306,43.15550696824312,56.84449303175688,-0.12017049478154138,-0.006215921078003294,-2.110538678041499,306,43.99147526092293,56.00852473907707
CALX,-0.2847932451061347,-0.007413892195502371,-7.615175961992427,659,35.76033774469327,64.23966225530674,-0.04311292769225334,-0.0007608679557327535,-1.106099492275811,659,47.844353615387334,52.155646384612666,-0.07654850646305984,-0.0032316885563229104,-1.967866175596501,659,46.172574676847006,53.827425323152994,-0.04687516857416864,-0.0012763984584107826,-1.2028270490603823,659,47.65624157129157,52.34375842870843,-0.24794102241079863,-0.00824272192842617,-6.560064235737682,659,37.602948879460065,62.397051120539935,-0.23972163127023915,-0.007086740019185459,-6.329093367615482,659,38.01391843648804,61.98608156351196,-0.2734006173256348,-0.008727364930720969,-7.2853787611266325,659,36.32996913371826,63.67003086628174
CAPR,-0.07385565634260399,-0.011626591424960383,-1.898253253566599,659,46.3072171828698,53.6927828171302,0.006837758841958687,0.0007297391132175637,0.17526960887426085,659,50.34188794209793,49.65811205790207,-0.044912132836151766,-0.01146590990969252,-1.1523510836474093,659,47.75439335819241,52.24560664180759,-0.0008486602793474116,-0.00013974277748714275,-0.02175287764921614,659,49.95756698603263,50.04243301396737,-0.05140905733664263,-0.010335082988690665,-1.3194622864592485,659,47.42954713316787,52.57045286683213,-0.049126241146188625,-0.008782231453412689,-1.260726594972931,659,47.54368794269057,52.45631205730943,-0.04434810198758644,-0.008560729005767539,-1.13785053527986,659,47.78259490062068,52.21740509937932
CAT,-0.4682378089760772,-0.009328832405466196,-13.582891586886074,659,26.588109551196137,73.41189044880386,0.04645542991165521,0.0006274548655328493,1.192033063622589,659,52.322771495582764,47.677228504417236,-0.0922975434140284,-0.0029821339731194016,-2.3759133234016536,659,45.38512282929858,54.61487717070142,0.2772408190434175,0.005777564880394477,7.3961660802684905,659,63.86204095217087,36.13795904782913,-0.41356037591390343,-0.010522172376465418,-11.642674918594798,659,29.321981204304826,70.67801879569518,-0.37179887673712375,-0.00841185115346833,-10.265879976112817,659,31.410056163143814,68.58994383685618,-0.4700327021502703,-0.01148301546044699,-13.649688029524537,659,26.49836489248648,73.50163510751352
CB,0.1729645725872292,0.0020193671348534927,4.501272843311478,659,58.648228629361455,41.351771370638545,-0.042450625974485234,-0.000335990826699754,-1.0890766527994136,659,47.87746870127574,52.12253129872426,-0.0320939656352297,-0.0006076558809257631,-0.8230568805836315,659,48.395301718238514,51.604698281761486,-0.19450791985209054,-0.00237532074195995,-5.082704017197923,659,40.274604007395475,59.725395992604525,-0.0936995927405424,-0.0013970164109878178,-2.4123219872958637,659,45.31502036297288,54.68497963702712,0.03012610764312291,0.00039941451490061304,0.7725433825575513,659,51.50630538215615,48.49369461784385,-0.005821573821709763,-8.334232228896886e-05,-0.14922117423706507,659,49.70892130891451,50.29107869108549
CC,-0.2838131824273951,-0.01101861030175862,-7.586669608699089,659,35.809340878630245,64.19065912136975,0.04274677101756542,0.0011250783578279407,1.0966881548614866,659,52.137338550878276,47.862661449121724,-0.021190449628154456,-0.0013341683326086192,-0.5432758316333335,659,48.94047751859228,51.05952248140772,0.08317357174326917,0.003377586326943833,2.1393185022687207,659,54.15867858716346,45.84132141283654,-0.3116734355758314,-0.015452534683183274,-8.4076058982441,659,34.41632822120843,65.58367177879157,-0.20346526210365093,-0.008970305337937641,-5.326645778336076,659,39.82673689481746,60.17326310518254,-0.3345223097949491,-0.015925255533861996,-9.09867394310426,659,33.27388451025254,66.72611548974746
CCJ,-0.37600519655237286,-0.011483555011394603,-10.401021842073956,659,31.199740172381357,68.80025982761865,0.042532063388025156,0.0008806111019618786,1.0911697235445585,659,52.12660316940125,47.87339683059875,0.018080598934409102,0.0008955122212242264,0.46351788509828623,659,50.904029946720456,49.095970053279544,0.15604034527136673,0.0049847829944850075,4.049228164949798,659,57.80201726356834,42.19798273643166,-0.2161785854381019,-0.00843142260054205,-5.675290769398022,659,39.19107072809491,60.80892927190509,-0.23030586827906235,-0.00798748776812334,-6.066274431283533,659,38.48470658604688,61.51529341395312,-0.33483820531629727,-0.012539625791817766,-9.108350362707089,659,33.258089734185134,66.74191026581487
CCNE,-0.3708046156587391,-0.006605155245922191,-10.234043843078977,659,31.459769217063045,68.54023078293696,0.012415704876408664,0.0001499320484956749,0.3182640179956163,659,50.620785243820436,49.379214756179564,-0.32263913357121154,-0.00932032673170478,-8.737133915116367,659,33.86804332143942,66.13195667856058,-0.15833617218038193,-0.0029501553492037778,-4.110325218098948,659,42.0831913909809,57.9168086090191,-0.5139853535067435,-0.011692148442210476,-15.358468551649363,659,24.300732324662828,75.69926767533717,-0.2642748192554833,-0.005345845173201813,-7.02360234269567,659,36.78625903722583,63.21374096277417,-0.3393682266405468,-0.0074126951514570305,-9.247495721680204,659,33.03158866797266,66.96841133202733
CDNS,-0.4449161311139757,-0.010537190105535414,-12.73386419094906,659,27.75419344430121,72.24580655569879,0.014020109474091309,0.0002251040267594127,0.3593989276552424,659,50.70100547370456,49.29899452629544,-0.14095421314072656,-0.005413783961789081,-3.649374911023566,659,42.952289342963674,57.047710657036326,-0.022723247438416562,-0.000562916406944471,-0.5825929628451737,659,48.86383762807917,51.13616237192083,-0.29836884491749444,-0.009024139809241518,-8.012770100946453,659,35.08155775412528,64.91844224587473,-0.4444585090497469,-0.011953651285095684,-12.717540344708803,659,27.777074547512658,72.22292545248735,-0.4358256519538086,-0.012656875690101136,-12.411890954637311,659,28.208717402309567,71.79128259769044
CDXS,-0.31098166423596574,-0.015915236887824688,-8.386944512237575,659,34.45091678820171,65.54908321179829,-0.05067274895172764,-0.001758077373663695,-1.3005152280378829,659,47.466362552413614,52.533637447586386,-0.13419057107836826,-0.011137212886703992,-3.470967235289736,659,43.29047144608158,56.70952855391842,-0.094898321350369,-0.005079999856935102,-2.4434622561617303,659,45.25508393248155,54.74491606751845,-0.282261135786942,-0.018447396710164918,-7.541579235068566,659,35.8869432106529,64.1130567893471,-0.2145793298688721,-0.012470644597035875,-5.631271458304303,659,39.2710335065564,60.7289664934436,-0.27636049354096653,-0.01734288507733268,-7.370735612327206,659,36.18197532295168,63.81802467704832
CDZI,-0.24944249684938824,-0.009588700486769406,-6.602417872181655,659,37.52787515753059,62.47212484246941,-0.012760201810595137,-0.00033253093006750624,-0.3270962666231153,659,49.361989909470246,50.638010090529754,-0.10386526111700667,-0.006474941093178994,-2.676753087847997,659,44.80673694414967,55.19326305585033,-0.039512040270297095,-0.00158871358757935,-1.0135645583727686,659,48.02439798648515,51.97560201351485,-0.18674346101096018,-0.009167277764464254,-4.872320884946374,659,40.66282694945199,59.33717305054801,-0.1799656919798402,-0.007856004484665256,-4.689447780125684,659,41.001715401007985,58.998284598992015,-0.2273121780137927,-0.010714676770501945,-5.983094088027852,659,38.63439109931036,61.36560890068964
CE,-0.21085674038998492,-0.006848565538332172,-5.528990780705494,659,39.457162980500755,60.542837019499245,0.09161784621912343,0.0020173321108741277,2.3582679706272867,659,54.58089231095617,45.41910768904383,0.0003387370151479773,1.784230587263696e-05,0.008682511476433702,659,50.016936850757396,49.983063149242604,-0.012692655552103076,-0.00043121262549791604,-0.32536449946187185,659,49.365367222394845,50.634632777605155,-0.28532823534097645,-0.01183484452219869,-7.63074778149576,659,35.73358823295118,64.26641176704882,-0.10936574214244407,-0.00403381638687405,-2.820180568306269,659,44.53171289287779,55.46828710712221,-0.2690486768499847,-0.010715441041238385,-7.160282822444925,659,36.54756615750077,63.45243384249923
CEG,-0.32725024639469213,-0.010539391107423097,-8.876862359977002,659,33.637487680265394,66.3625123197346,0.05447709390501161,0.001189418438344076,1.3984341290361173,659,52.72385469525058,47.27614530474942,-0.083943255987334,-0.004384272563779786,-2.1592554944712896,659,45.8028372006333,54.1971627993667,0.18047329475222973,0.006079604556111905,4.70311927900461,659,59.02366473761149,40.97633526238851,-0.21068321460095912,-0.008665051611725217,-5.524229225180744,659,39.46583926995204,60.53416073004796,-0.24506574744773177,-0.008962741017072444,-6.479098633971208,659,37.74671262761341,62.25328737238659,-0.3225999974569176,-0.01273992764108487,-8.73595098523676,659,33.87000012715412,66.12999987284587
CELH,-0.08843593976430407,-0.0033554847772845025,-2.275707527844027,659,45.578203011784794,54.421796988215206,-0.033096412960398204,-0.0008513195373067338,-0.8487926283156587,659,48.345179351980086,51.654820648019914,0.013013290382339416,0.0008007368124002666,0.3335850520942677,659,50.65066451911697,49.34933548088303,-0.029318510862615343,-0.001163577277294324,-0.7518155902912824,659,48.53407445686923,51.46592554313077,-0.0914843969895688,-0.004432810708453296,-2.354803938616207,659,45.42578015052156,54.57421984947844,-0.1622327847506414,-0.006990170913010724,-4.214179850855666,659,41.88836076246793,58.11163923753207,-0.12918840991268943,-0.0060105898464909565,-3.339342242961765,659,43.54057950436553,56.45942049563447
CEVA,-0.47091522394527335,-0.018728373700873553,-13.68261041292786,659,26.45423880273633,73.54576119726367,-0.006037027917297109,-0.0001627667589608591,-0.1547439873105517,659,49.69814860413514,50.30185139586486,-0.045500201304564475,-0.002934586060137067,-1.1674707860898133,659,47.72498993477178,52.27501006522822,0.1787292214003633,0.0074349789836091395,4.656161525566858,659,58.93646107001816,41.06353892998184,-0.2954514099518886,-0.01500545198401731,-7.926887827141444,659,35.22742950240557,64.77257049759443,-0.3756695888318126,-0.01696625809333676,-10.390212049580388,659,31.216520558409368,68.78347944159063,-0.39273648679345535,-0.01915250787248704,-10.946136638586156,659,30.363175660327236,69.63682433967276
CGNX,-0.35150359035770723,-0.010559324152145312,-9.623876922779663,659,32.42482048211463,67.57517951788537,-0.06648900407598442,-0.0013540708235202628,-1.7080264925876296,659,46.67554979620078,53.32445020379922,-0.09950951946070237,-0.0048478277688924175,-2.5633520363830358,659,45.024524026964876,54.975475973035124,0.13336700060512136,0.004190651895154748,3.4492778232033143,659,56.668350030256065,43.331649969743935,-0.2694570038053103,-0.010337166510421871,-7.171999860188222,659,36.52714980973448,63.47285019026552,-0.31510655290314543,-0.010749455976866433,-8.51036414348279,659,34.244672354842734,65.75532764515727,-0.3026670111551458,-0.011149066546842366,-8.13974800262616,659,34.86664944224271,65.1333505577573
CHD,0.283789269160366,0.0035273273171018233,7.585974385014269,659,64.18946345801831,35.81053654198169,-0.1816714726260868,-0.0015308115296136689,-4.735405783380113,659,40.91642636869566,59.08357363130434,-0.020414617698541974,-0.0004114975367247491,-0.5233767819601937,659,48.979269115072896,51.020730884927104,-0.11610937680912828,-0.0015095375901649874,-2.996383087567275,659,44.19453115954359,55.80546884045641,0.06880160386887282,0.0010920789431058907,1.7677123216018027,659,53.44008019344364,46.55991980655636,-0.028677671688794565,-0.00040477751005705485,-0.7353688520724044,659,48.56611641556027,51.43388358443973,0.10628272249428095,0.0016198676249294624,2.739758061831703,659,55.314136124714054,44.685863875285946
CHPT,-0.30183341913439604,-0.01685349498648104,-8.115079370284127,659,34.9083290432802,65.09167095671981,-0.08605931201229382,-0.0032576597237145696,-2.214087482888434,659,45.69703439938531,54.30296560061469,-0.004627284639869008,-0.0004190106526526379,-0.11860788168980506,659,49.76863576800655,50.23136423199345,-0.05480424298218072,-0.003200837908707683,-1.4068573122191117,659,47.259787850890966,52.740212149109034,-0.17574814954352136,-0.012531962671490364,-4.57600329434222,659,41.21259252282393,58.78740747717607,-0.22988236838653767,-0.014576424568916007,-6.054496418174498,659,38.50588158067312,61.49411841932688,-0.21810768376275075,-0.014933468195025194,-5.728452766283846,659,39.09461581186247,60.90538418813753
CHPX,-0.591894544438401,-0.01558497636092446,-11.257317647989643,237,20.405272778079954,79.59472722192004,-0.11629848411771945,-0.0019522676718747428,-1.7950023341200572,237,44.18507579411403,55.81492420588597,0.11123363759857915,0.005431906413224925,1.715827313036463,237,55.56168187992896,44.43831812007104,0.5613391259549694,0.012425005416733121,10.397912870434771,237,78.06695629774848,21.933043702251524,-0.16962180957209272,-0.005733190386603367,-2.6384868087993483,237,41.518909521395365,58.481090478604635,-0.5638253708460527,-0.016170421766180804,-10.465361095783821,237,21.808731457697366,78.19126854230264,-0.42539021894121154,-0.013927395296614676,-7.205564941572701,237,28.730489052939422,71.26951094706058
CHRD,-0.23698406958729404,-0.005312986130760296,-6.2524896554637035,659,38.150796520635296,61.849203479364704,0.4076773120593093,0.006196140654206609,11.443753335207235,659,70.38386560296547,29.61613439703453,-0.13311333632205358,-0.004839687210389787,-3.442598831483028,659,43.34433318389732,56.65566681610268,-0.07312520724026685,-0.001714800040032806,-1.8793776631675116,659,46.34373963798666,53.65626036201334,-0.38385691274906025,-0.01098992108671482,-10.655299635753858,659,30.807154362546985,69.19284563745302,0.14334352677929554,0.0036493902594011713,3.712522130556041,659,57.16717633896478,42.83282366103522,-0.3445420556123541,-0.009471719593329266,-9.407306931752203,659,32.772897219382294,67.22710278061771
CHTR,-0.07156938955800389,-0.0020020868098987172,-1.8391837574134458,659,46.42153052209981,53.57846947790019,-0.07828803214407892,-0.0014846913011312183,-2.012857618468539,659,46.08559839279606,53.91440160720394,-0.12259468504549609,-0.005561647120879684,-3.1662317951095575,659,43.8702657477252,56.1297342522748,-0.2508596455006896,-0.00734029039345078,-6.6424394161090445,659,37.45701772496552,62.54298227503448,-0.1548155203394028,-0.005530644797191171,-4.016660439201694,659,42.259223983029855,57.740776016970145,-0.14147440624540175,-0.004494239011994649,-3.663117522880695,659,42.92627968772991,57.07372031227009,-0.10508822673970739,-0.0036047630115400775,-2.708620504173649,659,44.74558866301463,55.25441133698537
CHWY,-0.1666737647045593,-0.005268653957854198,-4.332790460728352,659,41.66631176477203,58.33368823522797,-0.09451186830297409,-0.002025368141622359,-2.4334219118495137,659,45.2744065848513,54.7255934151487,-0.12940318546407711,-0.006633665885496125,-3.3449883616245897,659,43.529840726796145,56.470159273203855,-0.17442850725485143,-0.005767355741443561,-4.540560979401428,659,41.27857463725743,58.72142536274257,-0.10852294597975834,-0.004380863118253764,-2.7981876225260565,659,44.573852701012086,55.426147298987914,-0.2259450928896411,-0.008110694395585432,-5.945168999913357,659,38.70274535551794,61.29725464448206,-0.14116766505584202,-0.0054718568160566335,-3.655013571635895,659,42.9416167472079,57.0583832527921
CI,0.0648463899196598,0.0011372915986116727,1.6656491569569576,659,53.24231949598299,46.75768050401701,-0.06773066584885148,-0.0008052979035190062,-1.74006900975821,659,46.61346670755743,53.38653329244257,-0.037993462176751314,-0.0010806152559870085,-0.9745524882273031,659,48.10032689116244,51.89967310883756,-0.08711168150704772,-0.0015980459782460547,-2.241368043306477,659,45.64441592464761,54.35558407535239,-0.04912048960008341,-0.0011001563080728647,-1.2605786360410953,659,47.543975519995826,52.456024480004174,-0.07914036802844905,-0.0015761835368833298,-2.034909331858888,659,46.04298159857755,53.95701840142245,-0.01785413760967211,-0.00038396529151549875,-0.4577104138609364,659,49.10729311951639,50.89270688048361
CIEN,-0.40456873412136535,-0.014809068493146263,-11.339337592651814,659,29.771563293931735,70.22843670606827,0.019091332033272564,0.00047375832204290223,0.489438440321615,659,50.95456660166363,49.04543339833637,-0.08690815574372768,-0.0051590787297388025,-2.2360914608419136,659,45.65459221281362,54.34540778718638,0.25731384175703925,0.009852023069297278,6.825293325378673,659,62.86569208785197,37.13430791214803,-0.2640985688957826,-0.012345456450745711,-7.0185668215818335,659,36.79507155521087,63.20492844478913,-0.35113373585841434,-0.01459589317762584,-9.612325650030357,659,32.443313207079285,67.55668679292071,-0.3762770680459686,-0.016889245141099022,-10.409782210546693,659,31.18614659770157,68.81385340229843
CL,0.4043705123401404,0.004937375761367527,11.332695427644767,659,70.21852561700702,29.781474382992982,-0.2583540818503713,-0.002138539250824837,-6.854855050080353,659,37.08229590748143,62.91770409251857,0.0894060970766368,0.0017703536687965055,2.3008724903266087,659,54.47030485383184,45.52969514616816,-0.13953044249044608,-0.0017820197781205295,-3.6117770605574133,659,43.023477875477695,56.976522124522305,0.11683441558881873,0.0018217684296665732,3.0153519683011947,659,55.84172077944094,44.15827922055906,-0.042096678499217825,-0.0005836966850908308,-1.0799798931846218,659,47.89516607503911,52.10483392496089,0.1517059379884461,0.002271361945131337,3.9340624374767734,659,57.5852968994223,42.4147031005777
CLF,-0.327951258764683,-0.012895728020473833,-8.898166614954304,659,33.60243706176585,66.39756293823416,0.03876997193361311,0.0010335160971815895,0.9945000591475007,659,51.93849859668066,48.06150140331934,-0.08513514411355146,-0.005429022413536552,-2.190136451339243,659,45.74324279432243,54.25675720567757,0.06495628880726105,0.0026716810672548106,1.6684839787947172,659,53.24781444036305,46.75218555963695,-0.29778495753701495,-0.014953573764426749,-7.995562240725484,659,35.110752123149254,64.88924787685075,-0.21166607646441427,-0.009451712792313868,-5.551206233659568,659,39.41669617677929,60.58330382322071,-0.31961635333529304,-0.015411063778351575,-8.645913757245419,659,34.01918233323535,65.98081766676465
CLMB,-0.2557036387788013,-0.007643399975933574,-6.779584354640509,659,37.21481806105994,62.78518193894006,-0.02431943202477466,-0.0004928199746052768,-0.62354037391306,659,48.784028398761265,51.215971601238735,-0.1481649124012157,-0.007182427373456433,-3.840149706614652,659,42.59175437993922,57.40824562006078,-0.1139263651878552,-0.003562056188092188,-2.939299071614938,659,44.30368174060724,55.69631825939276,-0.25735874275023113,-0.009824134132304735,-6.826568803910481,659,37.132062862488446,62.867937137511554,-0.1538695676361582,-0.005223061092857483,-3.9915208378544267,659,42.306521618192086,57.693478381807914,-0.2417135631841548,-0.008859674403463816,-6.384933065322655,659,37.91432184079226,62.08567815920774
CLOV,-0.20022526134545338,-0.008865683852071102,-5.238251319941724,659,39.988736932727335,60.011263067272665,-0.0634606283430618,-0.001904947165644844,-1.6299088761475102,659,46.82696858284691,53.17303141715309,-0.1160810035470252,-0.008335482067468212,-2.9956408689319423,659,44.19594982264874,55.80405017735126,-0.09467386424334948,-0.004384805370277474,-2.437630554280952,659,45.26630678783253,54.73369321216747,-0.14582823552274496,-0.00824594950428192,-3.778260867258029,659,42.708588223862755,57.291411776137245,-0.13363095194551505,-0.006719286007757217,-3.45622840633746,659,43.31845240272425,56.68154759727575,-0.1426127649810765,-0.007743170711361582,-3.693201832660013,659,42.869361750946176,57.130638249053824
CLPT,-0.22247129913581862,-0.011995407867693986,-5.848966383811699,659,38.87643504320907,61.12356495679093,-0.06056768171933942,-0.002213946771974947,-1.55532693445763,659,46.97161591403302,53.02838408596698,-0.0332061644075669,-0.0029035943230662753,-0.8516104225377507,659,48.33969177962166,51.66030822037834,-0.01778240260040159,-0.0010029015743960598,-0.4558708252871259,659,49.110879869979925,50.889120130020075,-0.17523490163465005,-0.012066111005892942,-4.562215717336319,659,41.2382549182675,58.7617450817325,-0.20923091226455998,-0.012811192916774105,-5.48439935530965,659,39.538454386772,60.461545613228,-0.2304736672544044,-0.015238050328941908,-6.070942117740564,659,38.47631663727978,61.52368336272022
CLS,-0.43684060709159983,-0.01903982375860699,-12.447602870517319,659,28.15796964542001,71.84203035457999,0.03763064479326657,0.0011119026819691792,0.9652327686457913,659,51.88153223966333,48.11846776033667,-0.08703618051144156,-0.0061519945572667675,-2.2394105813559033,659,45.64819097442792,54.35180902557208,0.25957309461440214,0.01183386042806068,6.889529691513737,659,62.97865473072011,37.02134526927989,-0.2631399982907322,-0.014646453204469117,-6.991193412519845,659,36.84300008546339,63.15699991453661,-0.35762295783653897,-0.017700600767422973,-9.815749876321835,659,32.11885210817305,67.88114789182694,-0.4032865485620443,-0.021553644797783624,-11.29640686841225,659,29.83567257189779,70.16432742810221
CLSK,-0.4235990033946337,-0.025700426369607253,-11.986197109815606,659,28.820049830268314,71.17995016973168,0.0204205349921933,0.000839919589236207,0.5235285489900328,659,51.02102674960967,48.97897325039033,-0.17835645371586284,-0.017548921188609515,-4.646130957956138,659,41.08217731420686,58.91782268579314,-0.04315765009009147,-0.0027388612664501913,-1.1072490241071613,659,47.84211749549543,52.15788250450457,-0.30774302805035286,-0.02384401026736223,-8.290410432368779,659,34.61284859748236,65.38715140251765,-0.28605654442705347,-0.019708790841988413,-7.651958966535111,659,35.69717277864732,64.30282722135269,-0.36108200735504054,-0.02686323489753348,-9.924847154213078,659,31.945899632247976,68.05410036775203
CMCSA,-0.07228452926745313,-0.0012468058488397406,-1.857657401864927,659,46.38577353662735,53.61422646337265,-0.03521491619611128,-0.0004117800753658509,-0.9031893195052072,659,48.23925419019444,51.76074580980556,-0.11901649646428948,-0.0033291765866161065,-3.0724704437187484,659,44.049175176785525,55.950824823214475,-0.22076710333408922,-0.003983040102619736,-5.8018566730444165,659,38.96164483329554,61.03835516670446,-0.20986874949161174,-0.004622819401665942,-5.50188755821631,659,39.50656252541941,60.49343747458059,-0.1828204384217626,-0.0035809719054043544,-4.76638668589252,659,40.85897807891187,59.14102192108813,-0.14590969292667524,-0.003086062235466643,-3.78041724112942,659,42.70451535366624,57.29548464633376
CME,0.24602065867917458,0.0030357255207187515,6.505967912074505,659,62.30103293395873,37.69896706604127,0.030661906775166777,0.0002564928595713696,0.7862960449991249,659,51.533095338758336,48.466904661241664,0.030196142697871763,0.0006042526866938114,0.7743409741970313,659,51.50980713489359,48.49019286510641,-0.1700860572387555,-0.0021952626306933187,-4.424110503608382,659,41.495697138062226,58.504302861937774,0.04197825131786692,0.0006614864414033361,1.0769363021857772,659,52.09891256589334,47.90108743410666,0.13352869847080462,0.0018710622408184441,3.4535356952183474,659,56.67643492354023,43.32356507645977,0.06195251380275044,0.0009373826711679022,1.5910237304186952,659,53.09762569013752,46.90237430986248
CNBS,-0.1017156447585034,-0.00487773862499468,-2.620769131767072,659,44.914217762074834,55.085782237925166,-0.011004819811932787,-0.00035776586396917015,-0.2820927471567501,659,49.44975900940336,50.55024099059664,0.04516848041695438,0.003512711194589987,1.1589418328785788,659,52.25842402084771,47.74157597915229,-0.03535793229513886,-0.0017735542374729143,-0.9068619670311757,659,48.23210338524306,51.76789661475694,-0.09478011427312595,-0.005804351107445868,-2.440391028203394,659,45.2609942863437,54.7390057136563,-0.07577603538115946,-0.004126533180316067,-1.9478926484835013,659,46.21119823094203,53.78880176905797,-0.11762687474054778,-0.006916786803035041,-3.0360903314425673,659,44.118656262972614,55.881343737027386
VCLT,0.22553624013234794,0.0013503681581911848,5.933833985899773,659,61.2768120066174,38.7231879933826,-0.759123672771364,-0.0030812971567063517,-29.89165580253635,659,12.043816361431798,87.9561836385682,0.08692885519943958,0.0008440652272771576,2.2366280993391885,659,54.34644275997198,45.65355724002802,-0.038947024998267785,-0.00024391414573969356,-0.9990485837094671,659,48.05264875008661,51.94735124991339,0.27062268234614895,0.0020692155131182737,7.205472259582811,659,63.531134117307445,36.468865882692555,-0.2626421285517064,-0.001785759363112278,-6.976984786452401,659,36.86789357241468,63.13210642758532,0.21320613828125726,0.0015653181445386805,5.59351243357463,659,60.660306914062865,39.339693085937135
ZROZ,0.4336901001108493,0.005216010248158083,12.33694058844743,659,71.68450500554246,28.315494994457538,-0.8552226785692918,-0.006973058875357969,-42.297393217047315,659,7.23886607153541,92.76113392846459,0.10841402001829625,0.002114562724426101,2.7953456229269893,659,55.420701000914804,44.579298999085196,-0.042836924902620886,-0.0005388948836207383,-1.099005341992925,659,47.85815375486895,52.14184624513105,0.4942939205043659,0.00759188944496587,14.574741192893637,659,74.7146960252183,25.285303974781698,-0.12636215157800598,-0.001725832461259616,-3.2650884615001936,659,43.6818924210997,56.3181075789003,0.45424023714642814,0.006699024902045183,13.069213465965742,659,72.71201185732141,27.287988142678586
IGOV,0.12030990872470167,0.0006253610346908306,3.1063482566542193,659,56.015495436235085,43.984504563764915,-0.4996134500327926,-0.0017605515153435159,-14.783400033835347,659,25.019327498360365,74.98067250163963,0.3976342130972097,0.0033518869391471634,11.10809331423328,659,69.88171065486048,30.118289345139516,0.009346057253169476,5.081415445091448e-05,0.23956870777150444,659,50.46730286265847,49.53269713734153,0.29152573889823347,0.001935138278812131,7.811708308906873,659,64.57628694491167,35.42371305508833,-0.11263932863616745,-0.0006648783130357122,-2.9056643589702507,659,44.36803356819163,55.63196643180837,0.2311672498522732,0.0014734072054353787,6.0902416712554395,659,61.55836249261366,38.44163750738634
SCMB,0.24093472676283567,0.0005803052301257848,6.363089839054348,659,62.046736338141784,37.953263661858216,-0.5662080973119894,-0.0009245243532336753,-17.60732204284363,659,21.68959513440053,78.31040486559947,0.12274973550078278,0.0004794616163539128,3.170297477456638,659,56.137486775039136,43.862513224960864,-0.03841240408422755,-9.677327053476247e-05,-0.9853143634020151,659,48.079379795788626,51.920620204211374,0.34034068298302467,0.001046831129416345,9.277460213154486,659,67.01703414915123,32.98296585084877,-0.10162332454807098,-0.0002779541587062443,-2.6183656088780456,659,44.91883377259645,55.08116622740355,0.3024684907989963,0.000893314299850578,8.13387129325154,659,65.12342453994981,34.87657546005019
WIP,-0.04440937017270096,-0.00024572783556769706,-1.1394256129055065,659,47.77953149136495,52.22046850863505,-0.30591092351833776,-0.0011475190983121575,-8.235942157095673,659,34.70445382408312,65.29554617591688,0.33877671160357736,0.0030399713161294167,9.22928565132798,659,66.93883558017887,33.061164419821125,0.04237378203815105,0.0002452470633116208,1.0871016616490794,659,52.118689101907556,47.881310898092444,0.10843900668727283,0.0007662508175481743,2.795997543928973,659,55.42195033436364,44.57804966563636,-0.15404784471607325,-0.000967961450676419,-3.9962578604410472,659,42.297607764196336,57.702392235803664,0.02954544489276798,0.00020046443677712022,0.7576399322289527,659,51.47727224463839,48.52272775536161
BWX,0.16831297754254193,0.0008447105691831377,4.376638988638281,659,58.41564887712709,41.58435112287291,-0.5178631284632218,-0.001761937551671125,-15.516586862792927,659,24.10684357683891,75.89315642316109,0.3992211119311285,0.00324922676091426,11.160809071055413,659,69.96105559655643,30.038944403443566,0.01572640672984149,8.255562597388515e-05,0.4031492904980564,659,50.786320336492075,49.213679663507925,0.34847476823494916,0.002233404269070818,9.529431458383991,659,67.42373841174746,32.576261588252535,-0.09919162455926231,-0.0005653117629861658,-2.555081602829942,659,45.04041877203689,54.95958122796311,0.2837220060102178,0.0017460248075505174,7.584018944912566,659,64.18610030051089,35.81389969948911
LTPZ,0.3265828373366627,0.00225806945945239,8.856594586755477,659,66.32914186683314,33.67085813316686,-0.6877568254841455,-0.0032237699594271333,-24.28377389781572,659,15.612158725792725,84.38784127420728,0.07638422366910991,0.0008564929734142558,1.963618073025813,659,53.819211183455494,46.180788816544506,-0.04869623710913973,-0.00035218121582617314,-1.2496650562216276,659,47.565188144543015,52.434811855456985,0.40997731628065553,0.003620007297968178,11.52131619690328,659,70.49886581403277,29.50113418596723,-0.15351577033029046,-0.00120536792093882,-3.9821212272996545,659,42.32421148348548,57.67578851651452,0.3657325081072551,0.003100805789264207,10.072266289313234,659,68.28662540536276,31.713374594637244
CNC,0.005748919493189556,0.00016558703643366766,0.147358804173932,659,50.28744597465947,49.71255402534053,-0.060077592936796986,-0.001173107540426045,-1.5426960936010994,659,46.99612035316015,53.00387964683985,0.004210741792835631,0.0001966866637236528,0.10793073777458577,659,50.21053708964178,49.78946291035822,-0.08388449093552393,-0.002527252447710399,-2.157733177158009,659,45.8057754532238,54.1942245467762,-0.015905050329750075,-0.0005850336318354019,-0.4077300038796578,659,49.2047474835125,50.7952525164875,-0.06826295978556564,-0.0022327901893710827,-1.7538079485450184,659,46.58685201072172,53.41314798927828,-0.0272728053728505,-0.0009632454864113392,-0.6993169801851733,659,48.63635973135747,51.36364026864253
CNDT,-0.2791929834047262,-0.009562677326792366,-7.452631490395131,659,36.04035082976369,63.95964917023631,-0.06432510960309666,-0.0014936221063896438,-1.6522036531230835,659,46.783744519845165,53.216255480154835,-0.1696561607600078,-0.009423686573420697,-4.41259663504544,659,41.517191961999615,58.482808038000385,-0.18833199192897476,-0.006747236730497417,-4.915284676001903,659,40.58340040355126,59.41659959644874,-0.26178580124649653,-0.011450561099135515,-6.952560188786824,659,36.91070993767517,63.08929006232483,-0.2766027455205827,-0.01075856089939143,-7.377731677121585,659,36.169862723970866,63.830137276029134,-0.23164701318674616,-0.00972901268875135,-6.1035972506578595,659,38.41764934066269,61.58235065933731
CNI,-0.17829515326960488,-0.002288016114993532,-4.644481661348392,659,41.085242336519755,58.914757663480245,-0.03070790812651836,-0.0002671498715873519,-0.7874768194227661,659,48.46460459367408,51.53539540632592,0.004040496831629081,8.408731945548784e-05,0.10356690558729326,659,50.20202484158145,49.79797515841855,0.011824427621893584,0.0001587181214408825,0.3031050520367602,659,50.59122138109468,49.40877861890532,-0.25457630068634785,-0.00417198935375442,-6.747618470506332,659,37.27118496568261,62.72881503431739,-0.23734912650913936,-0.003458835223743919,-6.26269567631924,659,38.13254367454303,61.86745632545697,-0.23857778045237737,-0.0037541930220374386,-6.29706626262043,659,38.07111097738113,61.92888902261887
CNQ,-0.18794670684411546,-0.0033982900827600154,-4.904860503634671,659,40.60266465779423,59.39733534220577,0.38731062091849733,0.004747558554345066,10.768000318071765,659,69.36553104592487,30.634468954075132,0.04773121847791434,0.001399601647421835,1.224843185195839,659,52.38656092389572,47.61343907610428,0.00856158425189979,0.00016192231649892041,0.21945866712934278,659,50.42807921259499,49.57192078740501,-0.29376275809252705,-0.006783098808485178,-7.877289223728733,659,35.31186209537365,64.68813790462636,0.1769596201371942,0.0036334785344545547,4.608562791487835,659,58.847981006859705,41.152018993140295,-0.2912209312568021,-0.006456770896165385,-7.802783383690542,659,35.438953437159896,64.5610465628401
COF,-0.5226587458964072,-0.010734864284656238,-15.713941472591284,659,23.86706270517964,76.13293729482035,0.08302601510770351,0.0011560529496672058,2.135496810869232,659,54.15130075538518,45.84869924461482,-0.3320111924436282,-0.011058780981195462,-9.021876532637831,659,33.39944037781859,66.60055962218141,-0.1444720446489258,-0.0031037662143171925,-3.742370723145044,659,42.77639776755371,57.22360223244629,-0.5869627434761129,-0.015395526689505494,-18.582974952018777,659,20.651862826194357,79.34813717380564,-0.41225442485480984,-0.009615377866167032,-11.598367203530907,659,29.387278757259505,70.61272124274049,-0.5162258594628584,-0.013001251366704783,-15.449668528138993,659,24.18870702685708,75.81129297314291
COHR,-0.4511119169529975,-0.020209117949598576,-12.956110084666284,659,27.44440415235012,72.55559584764988,0.03360403361585206,0.0010205626377078692,0.861825704847161,659,51.68020168079261,48.31979831920739,-0.08691050369129351,-0.006314100961077638,-2.236152331815208,659,45.65447481543533,54.34552518456467,0.3294655499757751,0.015438315594885664,8.944243273058452,659,66.47327749878875,33.52672250121125,-0.3207145528387638,-0.018347943940252947,-8.679020515041127,659,33.964272358061805,66.0357276419382,-0.3583550219353812,-0.01823052802287313,-9.838800026776813,659,32.08224890323093,67.91775109676907,-0.43887177680238465,-0.024108365910027293,-12.519247753410705,659,28.056411159880767,71.94358884011923
COIN,-0.48321576126151505,-0.023393816971905047,-14.14708557002726,659,25.839211936924244,74.16078806307576,0.05665383409026195,0.001859407158163905,1.4544877913715208,659,52.8326917045131,47.1673082954869,-0.2022227856221414,-0.01587692090134023,-5.292726856730964,659,39.88886071889293,60.11113928110707,-0.17058691463917722,-0.008638385011692456,-4.437528191686355,659,41.47065426804114,58.52934573195886,-0.3488220493702554,-0.02156600017562214,-9.540243122768254,659,32.55889753148723,67.44110246851277,-0.3478234586359855,-0.019122363059161315,-9.50916672373293,659,32.608827068200725,67.39117293179928,-0.4128017927072891,-0.024505785841405812,-11.616927534904189,659,29.359910364635546,70.64008963536446
CONY,-0.5034387129148779,-0.019189985502007744,-14.93482024086454,659,24.828064354256107,75.1719356457439,0.06048368197791084,0.001562972926087682,1.5531619664618228,659,53.024184098895546,46.975815901104454,-0.20056602995694844,-0.012398284922526055,-5.247539763247808,659,39.97169850215258,60.02830149784742,-0.17642019300160422,-0.007034013168036608,-4.594062481339093,659,41.178990349919786,58.821009650080214,-0.3648149571748091,-0.017758502991969488,-10.043111920066366,659,31.75925214125954,68.24074785874046,-0.37775987900997815,-0.01635183750607573,-10.457617270766768,659,31.112006049501094,68.88799395049891,-0.43891762823056824,-0.02051531193445437,-12.520867792444724,659,28.05411858847159,71.9458814115284
COP,-0.154956373922646,-0.002802625214348871,-4.02040472469625,659,42.2521813038677,57.7478186961323,0.395757291863309,0.004852546448653842,11.045895964687702,659,69.78786459316545,30.21213540683455,-0.08375675764252517,-0.0024566972115505617,-2.154424305586278,659,45.81216211787374,54.18783788212626,-0.06503019914096603,-0.0012302617164027803,-1.6703905167064226,659,46.748490042951694,53.251509957048306,-0.3529032083912758,-0.008151112089404446,-9.66763632590317,659,32.35483958043621,67.64516041956378,0.18773230813051728,0.0038558248104155193,4.899060805026898,659,59.38661540652587,40.61338459347413,-0.29669677177414044,-0.0065801449973488324,-7.963518356955987,659,35.16516141129298,64.83483858870702
CORT,-0.08644010359320216,-0.004864198921046811,-2.223957870972445,659,45.67799482033989,54.32200517966011,-0.037867225147767566,-0.001444590405287932,-0.9713097838215125,659,48.10663874261162,51.89336125738838,-0.08495301560542759,-0.007752665470291497,-2.185417024186387,659,45.75234921972862,54.24765078027138,0.014240339870226333,0.0008381914933403862,0.3650455667327793,659,50.71201699351132,49.28798300648868,-0.07322189057530197,-0.005261900908565069,-1.8818758892517518,659,46.3389054712349,53.6610945287651,-0.14912305561616845,-0.009529355662026708,-3.8655458746906644,659,42.543847219191576,57.456152780808424,-0.11116894501721182,-0.007670904844706671,-2.8672562719213524,659,44.441552749139404,55.558447250860596
CORZ,-0.35819539701675696,-0.018387374692780754,-9.728434209065618,645,32.09023014916215,67.90976985083785,0.00758903286609678,0.000264364427186799,0.19244402280660816,645,50.37945164330484,49.62054835669516,-0.1656044336066185,-0.013854938798886982,-4.258100003972034,645,41.719778319669075,58.280221680330925,0.07068465565640467,0.00380252483353779,1.7968767517029525,645,53.53423278282023,46.46576721717977,-0.24122929740365304,-0.015809590821479706,-6.303100801469185,645,37.938535129817346,62.061464870182654,-0.2734159219428425,-0.016040644023330088,-7.207774842991774,645,36.32920390285788,63.67079609714212,-0.3220906853157868,-0.020269286392598326,-8.627147603646288,645,33.89546573421066,66.10453426578934
COST,0.06641791522233129,0.0008290501568318899,1.7061922052241727,659,53.32089576111656,46.67910423888344,-0.03136828416154113,-0.00026544315193013446,-0.8044280757302331,659,48.43158579192294,51.56841420807706,-0.07461563842677935,-0.001510433543570353,-1.9178952691329059,659,46.269218078661034,53.730781921338966,-0.06592027878005718,-0.0008606794775962805,-1.6933525495593722,659,46.70398606099714,53.29601393900286,-0.13096119923658434,-0.0020875836577702754,-3.385960533953077,659,43.45194003817078,56.54805996182922,-0.22624427888034732,-0.00320697715370682,-5.953465715198444,659,38.687786055982635,61.312213944017365,-0.17238208089524973,-0.0026384857203225697,-4.485648875619914,659,41.38089595523751,58.61910404476249
CPNG,-0.20307584247110003,-0.0049548455109364575,-5.316011958415802,659,39.846207876445,60.153792123555,-0.07975528868061788,-0.0013192179183974763,-2.050821402181962,659,46.01223556596911,53.98776443403089,0.017258391960567207,0.0006828862666765672,0.44243319138086606,659,50.862919598028355,49.137080401971645,-0.06401696647226844,-0.0016337808114685651,-1.644256285445465,659,46.79915167638658,53.20084832361342,-0.1313965898542315,-0.004094129987354635,-3.3974148530754427,659,43.43017050728842,56.56982949271158,-0.21227020379772712,-0.005881438839080429,-5.567796705071988,659,39.386489810113645,60.613510189886355,-0.20684506782237916,-0.006188481356553837,-5.419049024094208,659,39.65774660888104,60.34225339111896
CRBU,-0.2933962005363346,-0.014889827279942494,-7.86653348517692,659,35.330189973183266,64.66981002681673,-0.05231296251239052,-0.0017998225360296898,-1.3427249831323107,659,47.38435187438048,52.61564812561952,-0.1572008999579184,-0.012937977717949696,-4.08010462588537,659,42.13995500210408,57.86004499789592,-0.1298178046775231,-0.006891222638143681,-3.3558894176552427,659,43.50910976612384,56.49089023387616,-0.21424850376836665,-0.013885408181993908,-5.622171452206544,659,39.28757481158166,60.71242518841834,-0.20801443116012708,-0.011988126968447586,-5.451066183254756,659,39.59927844199365,60.40072155800635,-0.22928069052230932,-0.014268217416590236,-6.037769315607755,659,38.53596547388454,61.46403452611546
CRCL,-0.30413813231958864,-0.020783375634715443,-5.648325646521117,315,34.793093384020565,65.20690661597943,0.040015278983986984,0.001756587647362357,0.708510021703324,315,52.000763949199346,47.999236050800654,-0.11886704064929694,-0.014523011261855111,-2.117988782558822,315,44.05664796753515,55.94335203246485,-0.16172463210592825,-0.009605770283552584,-2.8993683200178775,315,41.91376839470359,58.08623160529641,-0.15979767127978167,-0.014096945064081162,-2.8639112681054564,315,42.01011643601091,57.98988356398909,-0.19998160760597292,-0.014925566950497104,-3.61097883976088,315,40.00091961970135,59.99908038029865,-0.2501942072273936,-0.021473833954284406,-4.571790092934157,315,37.49028963863032,62.50971036136968
CRDO,-0.4498148887163271,-0.024861701940565643,-12.909392833325722,659,27.509255564183643,72.49074443581635,0.05694412705502519,0.0021336892279163445,1.4619647371214433,659,52.847206352751265,47.152793647248735,-0.12020693686282082,-0.010774639689251004,-3.1036505715880454,659,43.98965315685896,56.01034684314104,0.21467844322407545,0.012411158228105582,5.633998156496934,659,60.733922161203765,39.266077838796235,-0.24071448028536951,-0.016990451670141307,-6.356915181483063,659,37.96427598573152,62.03572401426848,-0.30875297065242324,-0.019378977921432748,-8.320479413717155,659,34.56235146737884,65.43764853262115,-0.3686637944042357,-0.024985876021429765,-10.16563321936531,659,31.566810279788214,68.43318972021179
CRM,-0.2633120981697189,-0.006394783429134018,-6.996106338813183,659,36.834395091514054,63.165604908485946,0.06736637592931076,0.0011091324392528132,1.7306672521986284,659,53.368318796465545,46.631681203534455,-0.18653162182078506,-0.0073465542464423396,-4.86659443215899,659,40.67341890896075,59.32658109103925,-0.527970000222366,-0.01341192509751697,-15.934913734682533,659,23.601499988881702,76.3985000111183,-0.22708045895337808,-0.007042720761236979,-5.976663219834347,659,38.64597705233109,61.35402294766891,-0.28424801818404755,-0.007839261765932654,-7.599314153445509,659,35.78759909079762,64.21240090920239,-0.28817153229723613,-0.008581696788412712,-7.713637681199807,659,35.59142338513819,64.4085766148618
CRNX,,,,7,,,,,,7,,,,,,7,,,,,,7,,,,,,7,,,,,,7,,,,,,7,,
CRS,-0.41787888048669036,-0.011763541928192286,-11.789811528564622,659,29.10605597566548,70.89394402433452,0.017889067009502085,0.0003413976826495623,0.45860615373685215,659,50.894453350475096,49.105546649524904,-0.1772277568131446,-0.00809087737578202,-4.6157721525098525,659,41.13861215934277,58.86138784065723,0.039375091148296376,0.0011594074863323577,1.01004606905362,659,51.96875455741482,48.03124544258518,-0.34947561072298,-0.012563488121982323,-9.56060213794339,659,32.526219463851,67.47378053614901,-0.23517049148537542,-0.007517842153560413,-6.201828321930861,659,38.24147542573123,61.75852457426877,-0.3683812656985724,-0.012716051577040538,-10.15661894949759,659,31.580936715071385,68.41906328492861
CRSP,-0.33147189980632297,-0.011666004980210283,-9.00541157607061,659,33.426405009683855,66.57359499031614,-0.13208608006018072,-0.0031515027295119513,-3.415558156284648,659,43.395695996990966,56.604304003009034,-0.1326648781128873,-0.007571947579772028,-3.430792591392875,659,43.36675609435564,56.63324390564436,-0.08556672852434528,-0.003149975775596867,-2.201320818752409,659,45.721663573782735,54.278336426217265,-0.1911178986318977,-0.008589788694455733,-4.990729807004018,659,40.444105068405115,59.555894931594885,-0.2741930167388575,-0.010958586090038426,-7.308207894253299,659,36.29034916305712,63.70965083694288,-0.24236923024503387,-0.010459718255169411,-6.403332045307333,659,37.88153848774831,62.11846151225169
CRUS,-0.3380902366248007,-0.008030440916023462,-9.208167690682554,659,33.09548816875997,66.90451183124003,0.012391415446778879,0.00019953214685209468,0.31764128735883324,659,50.61957077233894,49.38042922766106,-0.08916327013118394,-0.0034345429063585807,-2.294573172679429,659,45.541836493440805,54.458163506559195,0.18863399271446712,0.004686553347533012,4.923457174838157,659,59.431699635723355,40.568300364276645,-0.3209416738506571,-0.009735058235647007,-8.685872256971566,659,33.95291630746715,66.04708369253285,-0.36577808132717565,-0.00986613680521099,-10.073715220580404,659,31.71109593364122,68.28890406635878,-0.3716761450817999,-0.010825264404148141,-10.261947907747729,659,31.416192745910003,68.58380725409
CRWD,-0.39094055134187855,-0.01216004132603301,-10.887026475050334,659,30.452972432906073,69.54702756709392,0.09181578671682225,0.0019360959895906662,2.3634062821932877,659,54.590789335841116,45.409210664158884,-0.2071481845848805,-0.010449166697922983,-5.427346022528387,659,39.64259077075597,60.35740922924403,-0.2466790581792113,-0.008025709896776164,-6.524505685924075,659,37.66604709103943,62.33395290896057,-0.27283288006256856,-0.010837440249397652,-7.269032035598046,659,36.35835599687157,63.64164400312843,-0.2941354294203641,-0.01038949320335615,-7.888228255139626,659,35.29322852898179,64.70677147101821,-0.3806278575997074,-0.01451750429248421,-10.55040436532419,659,30.968607120014628,69.03139287998538
CRWV,-0.3475860857543729,-0.024139024898481527,-7.023761249430164,361,32.62069571228135,67.37930428771864,0.05244048991472301,0.002337670603737405,0.9949744834724455,361,52.622024495736156,47.377975504263844,-0.05724794326417492,-0.007057155139893735,-1.0864755164584872,361,47.13760283679125,52.86239716320875,0.11258785383592104,0.007182304346234245,2.146885700581882,361,55.629392691796056,44.370607308203944,-0.22788008146178942,-0.018540157181871054,-4.4343833514256055,361,38.60599592691053,61.39400407308947,-0.24281319657958342,-0.018590860661668037,-4.742584357020863,361,37.859340171020825,62.140659828979175,-0.33878167549295174,-0.02701667277365366,-6.822441426883798,361,33.06091622535241,66.9390837746476
CSCO,-0.2951351843803913,-0.004848014583688469,-7.9175935653952445,659,35.243240780980436,64.75675921901956,0.06369864972035591,0.000709346373734657,1.636047024173091,659,53.1849324860178,46.8150675139822,-0.09760013729965122,-0.0025999772970180263,-2.513688896472424,659,45.11999313501744,54.88000686498256,0.05589312742826405,0.0009603470075847043,1.4348963615316295,659,52.794656371413204,47.205343628586796,-0.3162959749798829,-0.006635020590452001,-8.546051490825077,659,34.18520125100586,65.81479874899415,-0.3069764988431868,-0.005726255913247975,-8.267609258891799,659,34.65117505784066,65.34882494215934,-0.36863414952098233,-0.007425155591547994,-10.164687226245112,659,31.56829252395088,68.43170747604913
CSX,-0.18734502380253296,-0.0026055973044220343,-4.888586217579745,659,40.632748809873355,59.367251190126645,0.016529483652371838,0.00015585100866436568,0.42374180283584895,659,50.8264741826186,49.1735258173814,-0.16559657038300127,-0.0037350177371516585,-4.303995931154704,659,41.720171480849935,58.279828519150065,-0.03943640566765597,-0.0005737058860173821,-1.0116213512568053,659,48.0281797166172,51.9718202833828,-0.3444542102397989,-0.006117899106372457,-9.404585481688065,659,32.777289488010055,67.22271051198994,-0.23555733311583166,-0.003720355636240429,-6.212628759444128,659,38.22213334420842,61.77786665579158,-0.3121699359391019,-0.005323818883902805,-8.422444179741293,659,34.391503203044905,65.6084967969551
CTM,-0.12616882158280923,-0.008919680118479502,-3.26001211186238,659,43.69155892085954,56.30844107914046,-0.07304468747695111,-0.0035008303396030565,-1.877297132517844,659,46.347765626152444,53.652234373847556,-0.01386537444305897,-0.0015896628748021944,-0.3554316007727315,659,49.30673127784705,50.69326872215295,-0.014431985823575067,-0.001067210704133191,-0.3699593527700593,659,49.278400708821245,50.721599291178755,-0.0872315761747795,-0.007875472721365122,-2.2444765491914027,659,45.638421191261024,54.361578808738976,-0.13836855314432303,-0.011108548785933408,-3.581111712481535,659,43.08157234278384,56.91842765721616,-0.11128123211340295,-0.009646865454120569,-2.8701886623897326,659,44.43593839432985,55.56406160567015
CTRA,,,,0,,,,,,0,,,,,,0,,,,,,0,,,,,,0,,,,,,0,,,,,,0,,
CVS,-0.042687160070313014,-0.0008920070379074848,-1.0951560146704213,659,47.86564199648435,52.13435800351565,-0.00942632223334931,-0.00013353604085508482,-0.24162633255783345,659,49.52868388833254,50.47131611166746,-0.127284554286298,-0.004313431650800054,-3.289313606121565,659,43.6357722856851,56.3642277143149,-0.014880828320980647,-0.0003252557407417767,-0.3814677969956635,659,49.255958583950964,50.744041416049036,-0.09970261103681641,-0.0026606223133433943,-2.568375942131261,659,45.014869448159175,54.985130551840825,-0.122059151679475,-0.0028964368187551475,-3.15219102272128,659,43.89704241602625,56.10295758397375,-0.0833230745902575,-0.0021350269826233394,-2.143190744716514,659,45.83384627048712,54.16615372951288
CVX,-0.09003554469709679,-0.0012597581608741139,-2.317203292440104,659,45.49822276514516,54.50177723485484,0.3229557123287886,0.003063383370945432,8.746704677882011,659,66.14778561643944,33.852214383560565,-0.02551129714788729,-0.0005788711715600589,-0.6541187486198088,659,48.724435142605635,51.275564857394365,-0.09187290221972677,-0.0013445825349990988,-2.364888988582447,659,45.40635488901366,54.59364511098634,-0.2962270130163977,-0.005293019845611574,-7.949695859568501,659,35.18864934918011,64.81135065081989,0.12958625504472948,0.002058992749368587,3.3498013570783858,659,56.479312752236474,43.520687247763526,-0.24991634636003449,-0.004287803851835725,-6.615794755057749,659,37.50418268199828,62.49581731800172
CWCO,-0.15394841491188727,-0.002886087781554616,-3.9936158494050478,659,42.302579254405636,57.697420745594364,-0.13891157734001655,-0.0017654602881236046,-3.595441679510004,659,43.054421132999174,56.945578867000826,-0.0871098169883184,-0.0026483636120973996,-2.2413197027539487,659,45.64450915058408,54.35549084941592,-0.08528045557364783,-0.001672286455298853,-2.193902010829884,659,45.73597722131761,54.26402277868239,-0.1487451693981495,-0.0035610892958509097,-3.8555284454070065,659,42.562741530092524,57.437258469907476,-0.17299904382181155,-0.0036829914546792054,-4.5021976053923725,659,41.35004780890942,58.64995219109058,-0.09719174030655475,-0.0022342446980427293,-2.503070124805946,659,45.14041298467226,54.85958701532774
CYTK,-0.19205825640785656,-0.0057653701237081354,-5.016223783179947,659,40.39708717960717,59.60291282039283,-0.08179048732198634,-0.001664493881284799,-2.103502379425823,659,45.91047563390068,54.08952436609932,-0.0959806585788609,-0.0046725518924407945,-2.4715881493607044,659,45.20096707105695,54.79903292894305,-0.04136578101448438,-0.0012988598310976268,-1.0611964738867958,659,47.93171094927578,52.06828905072422,-0.1358753368623619,-0.005208834082178461,-3.5153598107125754,659,43.20623315688191,56.79376684311809,-0.15070102517243353,-0.005137278522134849,-3.90739522590065,659,42.46494874137832,57.53505125862168,-0.16817099587335793,-0.0061903096005153984,-4.372839542807715,659,41.591450206332105,58.408549793667895
D,0.2690300421409141,0.0036558478191588894,7.159748194476122,659,63.45150210704571,36.54849789295429,-0.21608528902515767,-0.0019906629187980036,-5.672721485260395,659,39.195735548742114,60.804264451257886,0.09400308950765437,0.002071598811534626,2.4202051433860152,659,54.700154475382725,45.299845524617275,-0.07763644099401618,-0.0011035189457846166,-1.9960025895245155,659,46.11817795029919,53.88182204970081,0.05125411448620505,0.0008894504167876867,1.3154750407692797,659,52.562705724310256,47.437294275689744,0.04415705229607294,0.0006814125026567545,1.1329391275377987,659,52.20785261480365,47.79214738519635,0.11363183162968148,0.0018934524337691273,2.9316005754884107,659,55.68159158148407,44.31840841851593
DAT,-0.5021519670747503,-0.009497113904688855,-14.883755252606374,659,24.892401646262485,75.10759835373752,0.035172191635484476,0.0004509632015566612,0.9020921653381487,659,51.75860958177423,48.24139041822577,-0.22986066746199546,-0.007050133458848321,-6.053892988688784,659,38.50696662690023,61.49303337309977,-0.4367045170169764,-0.008639149877501409,-12.442811040587475,659,28.164774149151185,71.83522585084881,-0.39582748061296086,-0.00956022468939846,-11.048218913625337,659,30.208625969351953,69.79137403064804,-0.4266937823754129,-0.00916421958731376,-12.093173650500736,659,28.665310881229356,71.33468911877064,-0.4827875314579354,-0.011196430451744972,-14.130735733404377,659,25.86062342710323,74.13937657289677
DD,-0.31283952205061083,-0.005935403295912273,-8.442467370058358,659,34.35802389746946,65.64197610253055,-0.02395064562592271,-0.0003080569708019699,-0.6140793712842381,659,48.80246771870386,51.19753228129614,-0.015532739811660427,-0.00047791744508797376,-0.39818339833430133,659,49.22336300941698,50.77663699058302,0.05062901088026905,0.0010047428135856065,1.299389805149221,659,52.531450544013445,47.468549455986555,-0.3621048980679659,-0.008773415508292661,-9.95719868645619,659,31.894755096601703,68.1052449033983,-0.2862933715897741,-0.006168259081857283,-7.658859401353977,659,35.6853314205113,64.31466857948871,-0.3760932426801582,-0.008749660722520026,-10.403858562236357,659,31.19533786599209,68.80466213400791
DDD,-0.3375510874276144,-0.018709332806284746,-9.191593535902387,659,33.12244562861928,66.87755437138071,-0.017155080272861816,-0.000644609555895588,-0.4397839285664605,659,49.14224598635691,50.85775401364309,-0.12068411173317029,-0.01084788527477402,-3.116152586969404,659,43.965794413341484,56.034205586658516,0.0010087026314184616,5.848019185183686e-05,0.02585509033578787,659,50.05043513157092,49.94956486842908,-0.2806233028565012,-0.019863153537253413,-7.494066347794178,659,35.96883485717493,64.03116514282507,-0.21470938512137605,-0.013514267501445324,-5.634849433491953,659,39.264530743931196,60.735469256068804,-0.28575368378459776,-0.019421272845638875,-7.643136738840648,659,35.712315810770114,64.28768418922988
DDOG,-0.31949840489399856,-0.010503682905012031,-8.64236034815065,659,34.02507975530007,65.97492024469993,0.08503163542735202,0.0018951283826287894,2.1874542428043195,659,54.2515817713676,45.7484182286324,-0.14818811667586504,-0.007900643816853245,-3.840764619053629,659,42.59059416620675,57.40940583379325,-0.29902690931157083,-0.010282767734478322,-8.03217588481083,659,35.04865453442146,64.95134546557854,-0.21700215876257967,-0.009110508993580483,-5.697978188019078,659,39.149892061871014,60.850107938128986,-0.25728333709005946,-0.009605218798092905,-6.824426822604643,659,37.135833145497024,62.864166854502976,-0.2910055096924459,-0.011731166064795727,-7.796477295262203,659,35.4497245153777,64.55027548462229
DE,-0.15585994826896704,-0.0027300425151634525,-4.044430264874001,659,42.207002586551646,57.792997413448354,-0.012432225020087426,-0.00014762806948676597,-0.3186875605640495,659,49.378388748995626,50.621611251004374,-0.03018832298959152,-0.0008575314699049998,-0.7741402649680353,659,48.49058385052042,51.50941614947958,0.04051452188807217,0.0007422880120446688,1.0393220159111296,659,52.02572609440361,47.97427390559639,-0.26370146565874963,-0.005898656481782697,-7.007224242034571,659,36.81492671706252,63.18507328293748,-0.16302467279555347,-0.0032427309282227848,-4.235310257272905,659,41.84876636022233,58.15123363977767,-0.2354979365051395,-0.005058119104616363,-6.210970230835374,659,38.225103174743026,61.774896825256974
DECK,-0.2578149520230024,-0.0073233611010633,-6.839530783813654,659,37.109252398849875,62.890747601150125,-0.10948425944348004,-0.002108333109852432,-2.8232737951257363,659,44.525787027826,55.474212972174,-0.14394812070516136,-0.006631084220154082,-3.7285114152084176,659,42.80259396474193,57.19740603525807,-0.04360859881866,-0.0012956906558419315,-1.1188404561523455,659,47.819570059067004,52.180429940932996,-0.26138628347749177,-0.009481800660203609,-6.941170977803924,659,36.93068582612541,63.06931417387459,-0.35314775657046776,-0.011391515193666633,-9.675289778516039,659,32.34261217147662,67.65738782852338,-0.2873123940798918,-0.010007457905377546,-7.688568134754149,659,35.63438029600541,64.36561970399458
DEO,0.0724419846037309,0.0012149563141176415,1.8617252082037499,659,53.62209923018655,46.37790076981345,-0.1359556037033131,-0.0015457976090839922,-3.517475566268088,659,43.20221981483434,56.79778018516566,0.21393126091030207,0.005818630377437634,5.613446983965373,659,60.696563045515106,39.303436954484894,-0.03374785234401546,-0.0005920294474450299,-0.8655183479004848,659,48.31260738279923,51.68739261720077,0.006695603531976549,0.0001434054746638889,0.17162563208973367,659,50.33478017659883,49.66521982340117,-0.11520656113058869,-0.0021941697834549343,-2.972769889097303,659,44.23967194347057,55.76032805652943,-0.0011871118207419404,-2.441344206288068e-05,-0.03042808496775028,659,49.9406444089629,50.0593555910371
DFEN,-0.13236287758337795,-0.010893610945349878,-3.42284324737232,659,43.3818561208311,56.6181438791689,-0.04051459086044055,-0.002260488562296115,-1.0393237881734245,659,47.974270456977976,52.025729543022024,-0.11327902321742062,-0.015119288440323592,-2.922379926153445,659,44.33604883912897,55.66395116087103,-0.013563352690609931,-0.0011676147201443799,-0.3476879911639054,659,49.321832365469504,50.678167634530496,-0.1141325006765818,-0.011995564002934939,-2.9446874925557753,659,44.29337496617091,55.70662503382909,-0.1261796814067491,-0.011792823022355901,-3.2602972529635745,659,43.69101592966255,56.30898407033745,-0.1501363736849869,-0.015151605194311083,-3.8924166037592434,659,42.493181315750654,57.506818684249346
DGII,-0.4308027975789913,-0.011420121872125747,-12.23601303349616,659,28.459860121050433,71.54013987894956,0.03397530070862726,0.0006105774049975408,0.8713583483685775,659,51.69876503543136,48.30123496456864,-0.162943620520405,-0.0070049619704817545,-4.233147107064802,659,41.85281897397975,58.14718102602025,0.008220667990076156,0.00022794295720501406,0.21071937455154083,659,50.411033399503815,49.588966600496185,-0.38524597097822966,-0.013041754115317137,-10.700563547554351,659,30.73770145108852,69.26229854891147,-0.3035911836365573,-0.00913911354357125,-8.167121238150438,659,34.82044081817214,65.17955918182787,-0.4104388355510936,-0.01334159439678822,-11.536911704827347,659,29.47805822244532,70.52194177755467
DGRO,-0.30278016484566245,-0.00217196568043728,-8.143098162503158,659,34.860991757716874,65.13900824228313,-0.07098438522743708,-0.0003452022030838168,-1.824073919639733,659,46.45078073862815,53.54921926137185,-0.15793918689952272,-0.0018373488914422405,-4.099755699580456,659,42.10304065502387,57.89695934497613,-0.07936550983812322,-0.0005955033294346966,-2.0407349695084296,659,46.03172450809384,53.96827549190616,-0.4762391240015999,-0.004362709414068225,-13.882346267946238,659,26.188043799920003,73.81195620008,-0.45938672237366673,-0.0037421972051548975,-13.256612878612898,659,27.030663881316663,72.96933611868334,-0.4924073422696052,-0.004331288580660639,-14.501263717310515,659,25.379632886519744,74.62036711348026
DGX,0.17272444295255468,0.0024051031252009226,4.494831342670999,659,58.636222147627734,41.363777852372266,-0.15673696177082,-0.001479573423314433,-4.067759517597582,659,42.163151911459,57.836848088541,0.01343443883869366,0.0003033720936210406,0.34438276647941296,659,50.67172194193468,49.32827805806532,-0.11660405664865023,-0.001698323455315047,-3.0093246572422077,659,44.16979716756749,55.83020283243251,0.019170288935143186,0.00034088998266639436,0.4914633760703835,659,50.958514446757164,49.041485553242836,-0.005860538701719883,-9.267020720773263e-05,-0.1502199735945078,659,49.70697306491401,50.29302693508599,0.06179218776671873,0.0010550682073723818,1.586890540436066,659,53.08960938833594,46.91039061166406
DHI,-0.056450441117842975,-0.0012394392666396127,-1.4492493103658517,659,47.17747794410785,52.82252205589215,-0.37337130746860087,-0.005557558557056711,-10.31631280418591,659,31.331434626569955,68.66856537343004,-0.00375678862467544,-0.00013376757912655058,-0.09629472776710876,659,49.81216056876623,50.18783943123377,-0.008028027971820843,-0.0001843714341555874,-0.20578113450125543,659,49.59859860140895,50.40140139859105,-0.024483443577580647,-0.0006864929643933899,-0.6277480774225233,659,48.77582782112096,51.22417217887904,-0.2491936109651077,-0.006213231110771724,-6.595393791769728,659,37.540319451744615,62.459680548255385,-2.8894752115955258e-05,-7.779361385565849e-07,-0.0007406306112054089,659,49.9985552623942,50.0014447376058
DHR,-0.13870141280036297,-0.0024736452570415955,-3.5898952166843103,659,43.06492935998185,56.93507064001815,-0.14800261821933328,-0.001789415221573181,-3.8358490978868836,659,42.59986908903334,57.40013091096666,-0.021993175173374468,-0.0006360930681863605,-0.5638657005032036,659,48.900341241331276,51.099658758668724,-0.10480667681294649,-0.001955115099804778,-2.7012829238061222,659,44.759666159352676,55.240333840647324,-0.18065895348965277,-0.004114543917010402,-4.708120680654498,659,40.96705232551736,59.03294767448264,-0.2192965842729259,-0.004441310068843126,-5.76125149301861,659,39.03517078635371,60.96482921364629,-0.18443494275473735,-0.0040333582762294515,-4.80995462312893,659,40.77825286226313,59.22174713773687
DIA,-0.4504105154535742,-0.0038341151644355575,-12.930833770164348,659,27.479474227321287,72.52052577267871,-0.08035482185474424,-0.0004637178042579341,-2.0663375649663625,659,45.98225890726278,54.01774109273722,-0.20282572786542102,-0.0027999860772016253,-5.3091835066627215,659,39.85871360672895,60.14128639327105,-0.09643877256267117,-0.0008586875230358652,-2.483495476145877,659,45.17806137186644,54.82193862813356,-0.5012121975381226,-0.005448587662019495,-14.84654372778636,659,24.93939012309387,75.06060987690613,-0.5743904458071348,-0.005552474001113489,-17.985726503839217,659,21.280477709643257,78.71952229035674,-0.5556850863379015,-0.00580032644333545,-17.131884444975682,659,22.215745683104927,77.78425431689507
DINO,-0.233509581855026,-0.005242209882923552,-6.155491871561138,659,38.3245209072487,61.6754790927513,0.2509023489701217,0.0038185600245391506,6.6436461058826906,659,62.54511744850608,37.45488255149392,-0.13593577924278688,-0.004949025324147168,-3.516953006284321,659,43.203211037860655,56.796788962139345,-0.08722934718490348,-0.002048326421020148,-2.244418757333569,659,45.638532640754825,54.361467359245175,-0.364347938113179,-0.010445559172530495,-10.028285773609895,659,31.78260309434105,68.21739690565894,-0.019948796676755382,-0.0005085680777552165,-0.5114295535318671,659,49.002560166162226,50.997439833837774,-0.3130957852100379,-0.008618942489718992,-8.450134309795494,659,34.34521073949811,65.6547892605019
DIS,-0.2336099953292695,-0.003990115366906974,-6.158291606714938,659,38.31950023353652,61.68049976646348,-0.01089361471966247,-0.00012613953888162744,-0.2792418243172777,659,49.45531926401688,50.54468073598312,-0.1458079514489027,-0.004038791527886435,-3.777723911131278,659,42.70960242755486,57.29039757244514,-0.12137344610002009,-0.002168425774372474,-3.1342170691573,659,43.931327694999,56.068672305001,-0.28393899639667086,-0.006193337593892773,-7.590327616456729,659,35.80305018016646,64.19694981983355,-0.23733476516914703,-0.004603393338174689,-6.262294118346089,659,38.13326174154265,61.86673825845735,-0.2850279968696543,-0.00596964651197575,-7.622007864857741,659,35.748600156517284,64.25139984348272
DLR,-0.22165447588878895,-0.003690545571481166,-5.826379633374707,659,38.917276205560555,61.082723794439445,-0.11690482722938178,-0.0013195677932645686,-3.01719437792921,659,44.15475863853091,55.84524136146909,-0.070812009407753,-0.0019120409163510502,-1.8196220565944297,659,46.45939952961235,53.54060047038765,0.057303280100230274,0.000997976684469196,1.4712157961425758,659,52.86516400501151,47.13483599498849,-0.16172343942016937,-0.0034386875383209323,-4.200593117065302,659,41.91382802899153,58.08617197100847,-0.27946678346834053,-0.005284050472750226,-7.460559015902925,659,36.026660826582976,63.973339173417024,-0.2435568023934352,-0.0049725755870384525,-6.436680816834986,659,37.82215988032824,62.17784011967176
DLTR,-0.06012941721741294,-0.0015539905022516898,-1.544031684701467,659,46.99352913912935,53.00647086087065,-0.05384881240680669,-0.0009434582598443894,-1.3822588838667718,659,47.307559379659665,52.692440620340335,0.007413040946388889,0.00031069478290986663,0.1900163699036623,659,50.37065204731944,49.62934795268056,-0.0316107590704528,-0.0008545217793808104,-0.8106524511127305,659,48.419462046477356,51.580537953522644,-0.1325272616761466,-0.004373934436026116,-3.4271700918381964,659,43.37363691619267,56.62636308380733,-0.15958862159707002,-0.004683666709778249,-4.143684434436238,659,42.0205689201465,57.9794310798535,-0.12559527130744816,-0.003980170868977609,-3.2449543718005045,659,43.720236434627594,56.279763565372406
DNA,-0.3369530984115046,-0.02078364879586783,-9.173222508251264,659,33.15234507942477,66.84765492057522,-0.09624048887408646,-0.004024346409331213,-2.4783414792610414,659,45.187975556295676,54.812024443704324,-0.159752740940465,-0.01598000295753356,-4.148057300411562,659,42.01236295297675,57.98763704702325,-0.09807359934568463,-0.006327487576933458,-2.5260010362836423,659,45.09632003271577,54.90367996728423,-0.19523111948675684,-0.015378255217957581,-5.102349413387362,659,40.238444025662155,59.761555974337845,-0.25513216476027684,-0.01787064586627571,-6.763376413929411,659,37.24339176198615,62.75660823801385,-0.2379944810660715,-0.018000571337859386,-6.280744956072828,659,38.10027594669643,61.89972405330357
DOC,-0.022135440542045495,-0.0003481448650950652,-0.5675149125553646,659,48.893227972897726,51.106772027102274,-0.21557830094990563,-0.002298592920590196,-5.658762419315327,659,39.22108495250472,60.77891504749528,0.0015071311680310447,3.8441389018062026e-05,0.03863084690696063,659,50.07535655840155,49.92464344159845,-0.09453450868409584,-0.0015552100053507789,-2.4340100955271327,659,45.273274565795205,54.726725434204795,-0.10022998714559747,-0.0020131455603799573,-2.58209884299524,659,44.988500642720126,55.011499357279874,-0.1658945577893996,-0.002962965926789099,-4.311959856064231,659,41.705272110530025,58.294727889469975,-0.07250648913346337,-0.0013983496033154047,-1.863391701702279,659,46.37467554332683,53.62532445667317
DOW,-0.1918397550167369,-0.004615121061961451,-5.010298730346762,659,40.40801224916316,59.59198775083684,0.17950076314423996,0.002927493784679294,4.67692903536125,659,58.975038157212,41.024961842788,-0.004974564246872026,-0.00019407774035519424,-0.12750966437508338,659,49.7512717876564,50.2487282123436,-0.06197535393666372,-0.001559517843627982,-1.591612556955502,659,46.901232303166815,53.098767696833185,-0.32452570596080144,-0.009970094361930582,-8.794217032974458,659,33.773714701959925,66.22628529804007,-0.0396755694660359,-0.0010839028280602964,-1.0177660164422144,659,48.0162215266982,51.9837784733018,-0.29847697270311485,-0.008804858494088545,-8.015957839108395,659,35.07615136484426,64.92384863515574
DOX,-0.156118088162439,-0.0022236739283080327,-4.05129596936283,659,42.19409559187805,57.80590440812195,-0.004787713363417422,-4.623077962959933e-05,-0.12272012924132314,659,49.76061433182913,50.23938566817087,-0.1210327132593883,-0.0027957404203407333,-3.1252873567291624,659,43.94836433703059,56.05163566296941,-0.3900407860766934,-0.005811051828692579,-10.857467501396988,659,30.49796069616533,69.50203930383466,-0.24768625539887043,-0.004505318163878059,-6.5528827697288685,659,37.61568723005648,62.38431276994352,-0.22263951774575128,-0.0036011633905736265,-5.853619562494465,659,38.86802411271243,61.13197588728757,-0.23558670522703506,-0.004114676736781374,-6.213448942680349,659,38.220664738648246,61.779335261351754
DRS,-0.3193600421901101,-0.007614228878790983,-8.638192492840727,659,34.031997890494495,65.9680021095055,0.03854776326626423,0.0006230597970294866,0.9887916118557118,659,51.92738816331322,48.07261183668678,-0.18371863799260116,-0.007103538910213725,-4.790619950470141,659,40.814068100369944,59.185931899630056,-0.06300890286172094,-0.001571354283681104,-1.6182604463826868,659,46.849554856913954,53.150445143086046,-0.2676753665431546,-0.008150034274300595,-7.120905850921898,659,36.61623167284227,63.38376832715773,-0.09693733754601398,-0.00262457586928825,-2.496456018393136,659,45.1531331226993,54.8468668773007,-0.3041879313231602,-0.008893124914451803,-8.184809901928604,659,34.790603433841994,65.209396566158
DT,-0.25463403027255543,-0.005627315771863958,-6.749254687709248,659,37.26829848637223,62.73170151362777,0.040402928563197285,0.0006053170171643853,1.0364546169271083,659,52.02014642815986,47.97985357184014,-0.164433880179194,-0.005893215782307621,-4.272933778643679,659,41.7783059910403,58.2216940089597,-0.4596667367454539,-0.010625631870608793,-13.266857209780342,659,27.016663162727305,72.9833368372727,-0.24988188690612081,-0.007052210994005377,-6.614821785799446,659,37.50590565469396,62.49409434530604,-0.2450565950389908,-0.0061499832180641305,-6.478841200855198,659,37.74717024805046,62.25282975194954,-0.2841147533162448,-0.007699201586217906,-7.595438416241561,659,35.794262334187756,64.20573766581225
DTCR,-0.38084619563062005,-0.0052550478516593425,-10.557482730302214,659,30.957690218468997,69.042309781531,-0.10958654915661654,-0.0010251077113051458,-2.8259435901149885,659,44.52067254216917,55.47932745783083,0.08660908000581596,0.0019380575761530257,2.22833817385438,659,54.33045400029079,45.66954599970921,0.2579924496574534,0.0037235817705653937,6.844575233164621,659,62.899622482872665,37.100377517127335,-0.22326500977274252,-0.003934172493553852,-5.870926438568313,659,38.836749511362875,61.163250488637125,-0.4334868597142832,-0.006792438023790314,-12.32982095140252,659,28.325657014285845,71.67434298571416,-0.38410011821094375,-0.006498880584722963,-10.663218596768418,659,30.79499408945281,69.20500591054719
DUK,0.4114396572305817,0.004174893735686049,11.570767803923145,659,70.57198286152908,29.42801713847092,-0.24109942787878047,-0.001658519766542762,-6.367707952375134,659,37.94502860606098,62.05497139393902,0.08197294949707319,0.0013489195048342123,2.1082266842143085,659,54.09864747485366,45.90135252514634,-0.09276184508645487,-0.0009845448406060916,-2.3879688014394542,659,45.36190774567726,54.63809225432274,0.19916445886678716,0.0025808145333588105,5.20934933429793,659,59.95822294333936,40.04177705666064,0.12368362126865094,0.001425194581198091,3.194790521203918,659,56.18418106343255,43.81581893656745,0.25881787405860973,0.0032203316819980933,6.868043404917744,659,62.94089370293049,37.05910629706951
DUOL,-0.27871275188556627,-0.010445136224473184,-7.438731769687197,659,36.06436240572168,63.93563759427832,0.06083720707014933,0.0015456520454787295,1.5622737723742022,659,53.04186035350747,46.95813964649253,-0.16046003005676363,-0.0097521491442969,-4.1669066576990454,659,41.97699849716182,58.02300150283818,-0.2600668354397626,-0.010194574127169889,-6.903584112655382,659,36.99665822801187,63.00334177198813,-0.2439399227691106,-0.011674702696192578,-6.447445956554201,659,37.80300386154447,62.19699613845553,-0.2275614591320247,-0.009684532763613725,-5.990013550267376,659,38.62192704339876,61.37807295660124,-0.29515728782505946,-0.01356368960973668,-7.918243120348845,659,35.24213560874703,64.75786439125298
DVN,-0.1861862979052999,-0.003977161718780865,-4.857261117495334,659,40.690685104735,59.309314895265,0.3844466448589739,0.005567327952167909,10.674506275535883,659,69.2223322429487,30.777667757051304,-0.09288280543636941,-0.003217637054530356,-2.391109764662453,659,45.35585972818153,54.64414027181847,-0.06495535852989813,-0.0014513339823338,-1.668459982203456,659,46.7522320735051,53.2477679264949,-0.3814306977617337,-0.010405114296439984,-10.576442049876109,659,30.92846511191332,69.07153488808669,0.11944433878616402,0.0028974356443840785,3.0836749756748105,659,55.972216939308204,44.027783060691796,-0.3296771382584124,-0.008635379503430992,-8.95068760615037,659,33.51614308707938,66.48385691292063
DYN,-0.23455896099867157,-0.011097819159010924,-6.184761038074562,659,38.27205195006642,61.72794804993358,-0.035499522951257814,-0.0011386580666227033,-0.9104980641952231,659,48.22502385243711,51.77497614756289,-0.07301085417785214,-0.005602079144637216,-1.8764229331165456,659,46.34945729110739,53.65054270889261,-0.018940726919104343,-0.0009373657974806618,-0.48557603349771283,659,49.05296365404478,50.94703634595522,-0.17356227031121307,-0.010486887656739134,-4.517309738235123,659,41.32188648443935,58.67811351556065,-0.19901632932004376,-0.01069293729631072,-5.205315005961358,659,40.04918353399781,59.95081646600219,-0.20953769489060822,-0.012156675921119934,-5.492809797151955,659,39.52311525546959,60.47688474453041
EAF,-0.2286923823905665,-0.014661064978323472,-6.0214209654578505,659,38.56538088047168,61.43461911952832,0.0282983583369875,0.0012298729715165663,0.7256344400144821,659,51.414917916849376,48.585082083150624,-0.09399373252419047,-0.00977212271428218,-2.4199620908981094,659,45.30031337379048,54.69968662620952,0.020068370526077094,0.0013457140188255275,0.5144963132379575,659,51.003418526303854,48.996581473696146,-0.18371665796266792,-0.015040699517889703,-4.79056651598293,659,40.8141671018666,59.1858328981334,-0.1560849003420896,-0.011363115083276077,-4.0504132307077025,659,42.195754982895515,57.804245017104485,-0.19077529530325285,-0.014996952541163008,-4.981445060399143,659,40.46123523483735,59.53876476516265
EH,-0.29653482162594175,-0.01261158881369727,-7.958752311737976,659,35.17325891870291,64.82674108129709,0.04981717014483434,0.0014363436313119776,1.2785017115125126,659,52.490858507241725,47.509141492758275,0.10137381690898056,0.006991914331823133,2.6118701106324456,659,55.068690845449034,44.931309154550966,0.005286865180055055,0.00023519018027356753,0.1355148815957667,659,50.26434325900275,49.73565674099725,-0.20249771311651868,-0.01099815674977562,-5.300229922713772,659,39.875114344174065,60.124885655825935,-0.21839463568551304,-0.010547724168741944,-5.736366577958136,659,39.080268215724345,60.919731784275655,-0.27203732646183915,-0.014186970454054013,-7.246139646753277,659,36.39813367690804,63.60186632309196
EIDO,-0.13559774678594483,-0.001941387175762729,-3.508043350748411,659,43.22011266070276,56.77988733929724,-0.08637538926671165,-0.0008383683932688561,-2.2222803605485573,659,45.681230536664415,54.318769463335585,0.1420481608557993,0.00329815828880491,3.6782787296723636,659,57.10240804278997,42.89759195721003,0.004328181105742096,6.481745193273573e-05,0.11094102587601862,659,50.2164090552871,49.7835909447129,-0.12750783125320306,-0.0023313217814677017,-3.2951788504814066,659,43.624608437339845,56.375391562660155,-0.18985138426005208,-0.0030867122497857074,-4.956415946619911,659,40.507430786997396,59.492569213002604,-0.17536822404943667,-0.0030787728652968897,-4.5657968394409245,659,41.23158879752817,58.76841120247183
EIS,-0.4349569968583648,-0.00568030293236149,-12.381373144286545,659,28.252150157081758,71.74784984291824,-0.06333617994254058,-0.0005607409041208392,-1.6266996844620236,659,46.83319100287297,53.16680899712703,-0.061160474583131466,-0.0012953055279654277,-1.5706062315760563,659,46.941976270843426,53.058023729156574,0.07108981211302848,0.000971089790724861,1.82679680737356,659,53.55449060565143,46.44550939434857,-0.32336134373040465,-0.0053928576354592556,-8.758972458653558,659,33.83193281347977,66.16806718652023,-0.4427615507077143,-0.006566255380642297,-12.65711619829191,659,27.861922464614285,72.13807753538572,-0.4142535153889012,-0.006633739929659436,-11.666226619531914,659,29.28732423055494,70.71267576944506
EIX,0.09808811105447465,0.0018875110458763812,2.526378433203487,659,54.90440555272373,45.09559444727627,-0.14417943010528064,-0.0018808823498919767,-3.734629824250535,659,42.79102849473597,57.20897150526403,0.018375467318365646,0.0005734396515113963,0.47107972335631143,659,50.91877336591828,49.08122663408172,-0.03107832001523549,-0.0006255434931964787,-0.7969848294779989,659,48.446083999238226,51.553916000761774,-0.047612324079363805,-0.0011700332144465204,-1.2217852644196168,659,47.61938379603181,52.38061620396819,-0.044509341174494815,-0.0009726284986583179,-1.1419956871285144,659,47.77453294127526,52.22546705872474,-0.010849324953115634,-0.00025600173619624075,-0.2781063872351653,659,49.45753375234422,50.54246624765578
EL,-0.14803887067624372,-0.004334349756169003,-3.836809718708033,659,42.59805646618781,57.40194353381219,-0.04058086529327702,-0.0008054798655385731,-1.0410267332193353,659,47.97095673533615,52.02904326466385,-0.0013550968568299992,-6.43420248684241e-05,-0.03473388975078886,659,49.9322451571585,50.0677548428415,-0.03856487273207239,-0.0011810463408627309,-0.9892311416118061,659,48.071756363396375,51.928243636603625,-0.226357854641821,-0.00846348907454334,-5.956615745175784,659,38.68210726790895,61.31789273209105,-0.23645772971205248,-0.00786184359051147,-6.237779530163181,659,38.17711351439738,61.82288648560262,-0.2665729601880604,-0.009570427717027277,-7.089330358822558,659,36.67135199059698,63.32864800940302
ELV,0.0011976504416407827,2.3877700362829978e-05,0.030698211593132418,659,50.05988252208204,49.94011747791796,-0.04399296519914684,-0.0005946081395891322,-1.1287209598232726,659,47.80035174004266,52.19964825995734,-0.016056150379000707,-0.0005191346801431242,-0.4116044861516384,659,49.19719248104997,50.80280751895003,-0.06448656332654842,-0.0013448024688986534,-1.6563679206725668,659,46.775671833672575,53.224328166327425,-0.04980085379747624,-0.0012679580529162602,-1.278081929503503,659,47.50995731012619,52.49004268987381,-0.10889929690778274,-0.002465529417833598,-2.8080078228516556,659,44.55503515461086,55.44496484538914,-0.06019657492453494,-0.001471638914244273,-1.5457624603346336,659,46.990171253773255,53.009828746226745
EMB,-0.06739176732310018,-0.0002769403994228177,-1.7313225420853788,659,46.63041163384499,53.36958836615501,-0.5425480700611718,-0.0015114816786403278,-16.55498617018756,659,22.872596496941412,77.12740350305859,0.07281724299837745,0.0004852772104390668,1.8714204489858408,659,53.640862149918874,46.359137850081126,-0.01705517754820812,-7.330988856098847e-05,-0.43722209655257777,659,49.1472411225896,50.8527588774104,0.03325413868532854,0.00017451423223809764,0.8528421393734031,659,51.662706934266424,48.337293065733576,-0.40547799142107943,-0.001892210503648155,-11.369830188647903,659,29.72610042894603,70.27389957105397,-0.058487618609970614,-0.000294720584807423,-1.5017260511550983,659,47.07561906950147,52.92438093049853
EMN,-0.302609284723155,-0.006087190953469444,-8.13803903265385,659,34.86953576384225,65.13046423615775,0.022328150409981824,0.000304489710652482,0.5724581184152027,659,51.116407520499095,48.883592479500905,-0.076843016417558,-0.0025067745529190355,-1.9754821577779886,659,46.1578491791221,53.8421508208779,-0.04746274630136914,-0.0009986524837308228,-1.217938252175544,659,47.626862684931545,52.373137315068455,-0.3903917110810475,-0.010028614640792747,-10.868991672607955,659,30.480414445947623,69.51958555405238,-0.270610215843298,-0.0061816093800339394,-7.205114104046969,659,36.4694892078351,63.5305107921649,-0.35844502965202885,-0.00884146642684815,-9.841635492500343,659,32.07774851739856,67.92225148260144
EMOTF,-0.14596146235130927,-0.008162212023814413,-3.7817877434404483,659,42.701926882434535,57.298073117565465,0.03055310678811027,0.0011582711520439853,0.7835033590596717,659,51.52765533940551,48.47234466059449,0.037511658654355115,0.003401826267066494,0.9621764454556466,659,51.875582932717755,48.124417067282245,-0.02848754193697484,-0.0016662934593639567,-0.7304894659021561,659,48.575622903151256,51.424377096848744,-0.13046205520351398,-0.00931664528299841,-3.3728314329228977,659,43.476897239824304,56.523102760175696,-0.06619080893055437,-0.004203296718632783,-1.7003324148470176,659,46.69045955347228,53.30954044652772,-0.1548339499945844,-0.010617027011076585,-4.017150337138827,659,42.25830250027078,57.74169749972922
EMR,-0.4744047368147895,-0.008645733596670632,-13.8133056439243,659,26.279763159260526,73.72023684073947,-0.00020124671269887117,-2.486376105508486e-06,-0.0051583581055533595,659,49.98993766436506,50.01006233563494,-0.18979667880666967,-0.0056094158528355075,-4.954934383472747,659,40.51016605966652,59.48983394033348,0.09538552449803067,0.0018182858151999986,2.456121753916737,659,54.76927622490153,45.23072377509847,-0.4183908140152047,-0.009737347122332062,-11.807317510590096,659,29.080459299239763,70.91954070076024,-0.39210734296694166,-0.008114850102552348,-10.92541265466328,659,30.394632851652915,69.60536714834709,-0.4567568733766885,-0.010207161514290145,-13.160643295149118,659,27.162156331165576,72.83784366883442
ENPH,-0.19210289543912978,-0.008670006253315925,-5.017434344949577,659,40.39485522804351,59.60514477195649,-0.09561738040158094,-0.0029255500815875456,-2.462146927995908,659,45.219130979920955,54.780869020079045,0.02922959551005101,0.002139363104752914,0.7495335781770623,659,51.46147977550255,48.53852022449745,0.06174549049991625,0.0029148592640616112,1.5856867125357084,659,53.087274524995806,46.912725475004194,-0.11893917216716321,-0.006855136235735745,-3.07044562480902,659,44.05304139164184,55.94695860835816,-0.1888349529796193,-0.009678110543912042,-4.928896199945725,659,40.558252351019036,59.441747648980964,-0.149528023351006,-0.008275136287182945,-3.87628313396466,659,42.5235988324497,57.4764011675503
ENVX,-0.4106289668113147,-0.023098581676478623,-11.543339657547726,659,29.46855165943426,70.53144834056573,0.01322883499653958,0.0005044783426986123,0.3391113211606619,659,50.66144174982698,49.33855825017302,-0.0960312425402402,-0.008760410879049534,-2.472902852792063,659,45.19843787298799,54.80156212701201,0.03566745337041072,0.002098624213916693,0.9148106467964933,659,51.783372668520535,48.216627331479465,-0.28390776512722743,-0.020394763856798736,-7.589419535809865,659,35.804611743638624,64.19538825636138,-0.276263559819876,-0.01764745279618423,-7.367936661653428,659,36.18682200900621,63.81317799099379,-0.34438598510098484,-0.023754629633469804,-9.402472059939722,659,32.78070074495076,67.21929925504924
EOG,-0.12692862727263393,-0.0021102395956689416,-3.279964839087681,659,43.6535686363683,56.3464313636317,0.3754158661374816,0.00423126283570266,10.382042901144464,659,68.77079330687408,31.229206693125917,-0.08765594982021498,-0.002363359455898142,-2.255480064038194,659,45.61720250898925,54.38279749101075,-0.082083393958691,-0.0014274284081086316,-2.111086412333065,659,45.89583030206545,54.10416969793455,-0.3042088823769802,-0.00645876902522089,-8.185431121215982,659,34.78955588115099,65.21044411884901,0.1837212635899354,0.003468600657885719,4.790690806788579,659,59.18606317949677,40.81393682050323,-0.25840625115797555,-0.005267957503903248,-6.85633827822236,659,37.079687442101225,62.920312557898775
EOSE,-0.25016528907470303,-0.016911032344976856,-6.622824496940446,659,37.49173554626485,62.50826445373515,-0.06337432948524571,-0.00290430112517918,-1.6276834511160219,659,46.83128352573772,53.16871647426228,-0.02395895519233689,-0.00262655888349273,-0.6142925456471628,659,48.802052240383155,51.197947759616845,0.08147193560415286,0.0057607356966211335,2.095254958646895,659,54.073596780207644,45.926403219792356,-0.1431643420423692,-0.012359007913499961,-3.7077841697352074,659,42.841782897881544,57.158217102118456,-0.2021592049316278,-0.015518841040103884,-5.290991857372338,659,39.89203975341861,60.10796024658139,-0.22078453313269406,-0.018301166776312237,-5.802338207695721,659,38.9607733433653,61.0392266566347
EPD,-0.050488173018254597,-0.000509057839921939,-1.2957659616148332,659,47.47559134908727,52.52440865091273,0.1608671883016012,0.0010995883801076976,4.177760469756583,659,58.04335941508006,41.95664058491994,-0.05648815993803321,-0.0009236577941162018,-1.4502207625062173,659,47.17559200309834,52.82440799690166,-0.08169970342331538,-0.0008616379143965142,-2.101151884990287,659,45.91501482883423,54.08498517116577,-0.22919030471345603,-0.0029510692150977805,-6.0352571530589065,659,38.540484764327196,61.459515235672804,-0.004585508558758461,-5.250343009477265e-05,-0.11753704262630876,659,49.77072457206207,50.22927542793793,-0.19528240069901412,-0.002414391220207757,-5.103742772779413,659,40.23587996504929,59.76412003495071
EPI,-0.2843714945160952,-0.002767626997117575,-7.602905638703384,659,35.781425274195236,64.21857472580476,-0.08907810735329827,-0.000587729750089099,-2.2923640123530458,659,45.54609463233509,54.45390536766491,0.12975318759515855,0.0020479329329455825,3.3541904052069826,659,56.48765937975793,43.51234062024207,0.03910295106934484,0.00039806856053057764,1.0030544300962922,659,51.95514755346724,48.04485244653276,-0.21525227632174543,-0.002675315030667576,-5.649788414537735,659,39.237386183912726,60.762613816087274,-0.3343934350112158,-0.0036957444582273193,-9.094727280435416,659,33.28032824943921,66.71967175056079,-0.28009453502156767,-0.003342667632370059,-7.478742203957698,659,35.99527324892161,64.00472675107838
EQIX,-0.1008097766515906,-0.0016100843917674535,-2.5971881349987007,659,44.959511167420466,55.040488832579534,-0.13377789258057313,-0.0014484901070218983,-3.4600980920266515,659,43.31110537097134,56.68889462902866,-0.03092278364324474,-0.0008009414423566722,-0.79299236547264,659,48.453860817837764,51.546139182162236,0.021578438144865285,0.0003604896833905003,0.5532275833813823,659,51.07892190724327,48.92107809275673,-0.09057272373893702,-0.0018473496149733965,-2.331142431208991,659,45.47136381305315,54.52863618694685,-0.21618856621467847,-0.003921041172270611,-5.675565639040935,659,39.19057168926607,60.80942831073393,-0.15691783032776063,-0.003073161224406521,-4.072571989224972,659,42.15410848361197,57.84589151638803
EQNR,-0.015579981396419564,-0.0003162347800473091,-0.3993947348551886,659,49.221000930179024,50.778999069820976,0.3707988516075918,0.005102303335435079,10.23385939791741,659,68.53994258037959,31.460057419620412,0.11328034249019822,0.0037288374146433466,2.9224144032648134,659,55.66401712450991,44.33598287549009,-0.02948478511375507,-0.0006259901661906623,-0.7560830661569592,659,48.525760744312244,51.474239255687756,-0.15277143043377786,-0.0039599574711046935,-3.9623508814513726,659,42.36142847831111,57.63857152168889,0.3248726095374608,0.007488218163318236,8.804726232718634,659,66.24363047687304,33.75636952312696,-0.13676972058607645,-0.003404079705757993,-3.5389388880978365,659,43.16151397069618,56.83848602930382
EQT,-0.2249254053099077,-0.004666809747465971,-5.916905382660319,659,38.75372973450462,61.24627026549538,0.2030093548243404,0.002855504384517206,5.314196653949226,659,60.150467741217014,39.849532258782986,-0.08172478246811161,-0.002749866144261078,-2.1018012036253193,659,45.91376087659442,54.08623912340558,-0.012661889147363372,-0.0002747938049058849,-0.32457570448275247,659,49.366905542631834,50.633094457368166,-0.22535609689178007,-0.00597113067395532,-5.928840752225549,659,38.732195155411,61.267804844589,-0.03789608757124051,-0.0008928914282515482,-0.9720511810914202,659,48.10519562143797,51.89480437856203,-0.24079457943719623,-0.0061262590012213835,-6.3591606578275135,659,37.96027102814019,62.03972897185981
ERII,-0.2318820364419873,-0.007304415292531427,-6.110141509237604,659,38.40589817790063,61.59410182209937,-0.07421333267944821,-0.0015848402114199908,-1.9074971132339984,659,46.28933336602759,53.71066663397241,-0.0518577133023479,-0.0026491582978562978,-1.3310083836742368,659,47.40711433488261,52.59288566511739,0.09854204836075878,0.003246884072619307,2.5381845192233032,659,54.92710241803794,45.07289758196206,-0.19532797222258608,-0.00785757385136589,-5.104981031012145,659,40.233601388870696,59.766398611129304,-0.2169191624908203,-0.00775959338512473,-5.695691267410317,659,39.15404187545899,60.84595812454101,-0.2110679969395897,-0.00815281903838403,-5.5347884084219015,659,39.44660015302052,60.55339984697948
ERJ,,,,0,,,,,,0,,,,,,0,,,,,,0,,,,,,0,,,,,,0,,,,,,0,,
ESI,-0.45263114132516125,-0.010534401616706284,-13.010961664250202,659,27.36844293374194,72.63155706625807,-0.07409628125146873,-0.0011690875861935922,-1.9044719311251976,659,46.29518593742657,53.70481406257343,-0.07833381633429669,-0.0029565887686529217,-2.0140420379838133,659,46.08330918328517,53.91669081671483,0.22399177875127962,0.005452860227700293,5.891045157336271,659,61.19958893756399,38.80041106243601,-0.32724704107829017,-0.009726281801205763,-8.876764985916076,659,33.637647946085494,66.3623520539145,-0.42475081454402724,-0.011225930661325309,-12.025951333268727,659,28.762459272798637,71.23754072720136,-0.39807670758547103,-0.01136054773018645,-11.12278075219484,659,30.09616462072645,69.90383537927354
ESTC,-0.28748292123732017,-0.009497052003508933,-7.693542484300062,659,35.625853938133986,64.37414606186601,-0.01241441215829944,-0.00027802773553222906,-0.3182308753682184,659,49.37927939208503,50.62072060791497,-0.1973220020022361,-0.010571301911024072,-5.15919611499116,659,40.13389989988819,59.86610010011181,-0.38239333366977557,-0.01321338001223219,-10.607699159120477,659,30.880333316511223,69.11966668348877,-0.21945488495326132,-0.009258224295837772,-5.765620634163722,659,39.027255752336934,60.972744247663066,-0.26232056012867383,-0.009840831411649351,-6.9678107783474434,659,36.88397199356631,63.11602800643369,-0.26575916253721193,-0.010765447224123835,-7.066040520293931,659,36.7120418731394,63.2879581268606
ET,-0.24150835879175206,-0.003080567128248087,-6.3791766388407884,659,37.9245820604124,62.0754179395876,0.22604037046329895,0.001954653207358696,5.9478109461327,659,61.302018523164946,38.697981476835054,-0.1511935372168618,-0.003127576448832408,-3.920463385294428,659,42.44032313915691,57.55967686084309,-0.0540810432797595,-0.0007215566228334153,-1.3882375258512176,659,47.295947836012026,52.704052163987974,-0.36613293453372375,-0.005964073480047804,-10.085000102026694,659,31.69335327331381,68.30664672668618,-0.07640160735709287,-0.0011066841745937719,-1.9640675810759223,659,46.179919632145356,53.820080367854644,-0.363103290119456,-0.005679312384336163,-9.988815308707107,659,31.8448354940272,68.1551645059728
ETHD,0.42089312153604475,0.03425132714162896,10.891496597221687,553,71.04465607680224,28.95534392319776,-0.053252975238472985,-0.0030045835966155516,-1.251804056070871,553,47.33735123807635,52.66264876192365,0.1138103257404356,0.015127890451662395,2.6889857652876463,553,55.69051628702179,44.30948371297821,0.05553904490356286,0.004764690450107253,1.3057049507883411,553,52.776952245178144,47.223047754821856,0.31624717607405683,0.03262041452795686,7.824996696626308,553,65.81235880370284,34.187641196297164,0.3421279636343505,0.03291955445117143,8.54666528711393,553,67.10639818171754,32.89360181828246,0.390155963870884,0.03890311280668318,9.946559734862674,553,69.5077981935442,30.492201806455796
ETN,-0.5397596803882742,-0.011743424902363495,-16.43479615863102,659,23.01201598058629,76.98798401941372,0.09099344678205043,0.0013421147423538545,2.342061111307849,659,54.549672339102514,45.450327660897486,-0.12967646080136444,-0.004575427521730875,-3.3521730419092473,659,43.51617695993178,56.48382304006822,0.32684921099272535,0.007438213190885254,8.864681999047274,659,66.34246054963626,33.65753945036374,-0.3861547180638109,-0.010729052220858985,-10.730222200321347,659,30.692264096809453,69.30773590319055,-0.421259215777033,-0.010407979873208083,-11.905658155688577,659,28.937039211148353,71.06296078885165,-0.5198933370015313,-0.01386997407260673,-15.59988921382254,659,24.005333149923437,75.99466685007656
EVEX,-0.3512591962045083,-0.01490073142589754,-9.616243444117856,659,32.437040189774585,67.56295981022541,-0.06874756024250843,-0.00197707147333647,-1.7663171881239559,659,46.56262198787458,53.43737801212542,-0.13116124817590463,-0.009023221552354566,-3.39122320231279,659,43.44193759120477,56.55806240879523,-0.030355146287003084,-0.001346911496669186,-0.7784221660274303,659,48.482242685649844,51.517757314350156,-0.2437264161512315,-0.01320347249438003,-6.441446327581095,659,37.81367919243843,62.18632080756157,-0.2991656043913399,-0.01441166764672472,-8.036267494280319,659,35.041719780433006,64.958280219567,-0.28826333072992705,-0.014994650480725376,-7.716317547779443,659,35.586833463503645,64.41316653649636
EVGO,-0.2570379977266167,-0.013024823233693746,-6.817458609729548,659,37.148100113669166,62.851899886330834,-0.06062030835037435,-0.0020824656447029004,-1.556683324241583,659,46.96898458248128,53.03101541751872,-0.0738873673646738,-0.006071848090242595,-1.899072769831476,659,46.30563163176631,53.69436836823369,-0.06136380025715859,-0.003252472266431014,-1.5758473551579826,659,46.93180998714207,53.06819001285793,-0.1588724188900882,-0.01028084224531404,-4.124605744158939,659,42.05637905549559,57.94362094450441,-0.17904361836601362,-0.010302818485301773,-4.664623042687361,659,41.04781908169932,58.95218091830068,-0.18616809399720843,-0.011567694853617659,-4.856769159321606,659,40.691595300139575,59.308404699860425
EW,-0.07825372586453816,-0.0015390857429233135,-2.01197013651776,659,46.087313706773095,53.912686293226905,-0.06858843728214382,-0.0009145214460377491,-1.7622095276377212,659,46.57057813589281,53.42942186410719,-0.020569843924963742,-0.0006560923641915367,-0.5273580498785257,659,48.97150780375181,51.02849219624819,0.0010906410221601017,2.243708665512858e-05,0.027955339560811497,659,50.054532051108005,49.945467948891995,-0.08787587791469613,-0.002207156591280078,-2.261183030093288,659,45.6062061042652,54.3937938957348,-0.2459153037297375,-0.005492449100727098,-6.503002448295645,659,37.704234813513125,62.295765186486875,-0.15780027197111487,-0.00380568291712229,-4.0960576465262095,659,42.10998640144425,57.89001359855575
EWC,-0.4208218486649641,-0.0038001546421402516,-11.890635493713447,659,28.958907566751797,71.0410924332482,-0.027313699381836712,-0.0001672124888470042,-0.7003663482102226,659,48.63431503090816,51.36568496909184,0.07260786191566286,0.0010633171894437968,1.8660107448544623,659,53.63039309578315,46.36960690421685,-0.047242856910761716,-0.0004462374229345265,-1.2122830345384554,659,47.63785715446191,52.36214284553809,-0.374878583359317,-0.0043231399909038825,-10.364752889393985,659,31.25607083203415,68.74392916796585,-0.35419577744570857,-0.0036321942239595194,-9.70811464645085,659,32.29021112771457,67.70978887228543,-0.44719259717382653,-0.004951817822305801,-12.815253432862542,659,27.640370141308672,72.35962985869133
EWJ,-0.4066577401663381,-0.004888967174069287,-11.409454135239217,659,29.667112991683098,70.3328870083169,-0.07958032977435707,-0.0006486030830083493,-2.046293817383098,659,46.02098351128215,53.97901648871785,0.2629218923236467,0.005126146621825805,6.984968182962654,659,63.14609461618234,36.85390538381766,0.17181904715921748,0.002160658998236741,4.470551431509121,659,58.59095235796088,41.40904764203912,-0.31693161108279505,-0.004865856708141513,-8.565141422093548,659,34.153419445860244,65.84658055413976,-0.42217182139943416,-0.005763682040299253,-11.937036828914534,659,28.891408930028295,71.10859106997171,-0.4178107621343634,-0.0061593483055372555,-11.7874831927408,659,29.10946189328183,70.89053810671817
EWM,-0.19299728059862806,-0.001666276220781418,-5.041695920044275,659,40.35013597006859,59.64986402993141,-0.10056773647257894,-0.0005886263209596422,-2.5908886024585764,659,44.97161317637105,55.02838682362895,0.19061087976115454,0.002668822491826281,4.976989976039835,659,59.53054398805773,40.46945601194227,0.04729452751754953,0.00042710390677882,1.2136119073330256,659,52.36472637587748,47.63527362412252,-0.1929472225476316,-0.002127355238403285,-5.040337674131472,659,40.35263887261842,59.64736112738158,-0.30840298732840654,-0.003023688700634885,-8.310055859604347,659,34.579850633579674,65.42014936642033,-0.26580636692990894,-0.002814026929840495,-7.067391004377721,659,36.70968165350455,63.29031834649545
EWT,-0.4529859498823437,-0.007395422548075755,-13.02379250905083,659,27.35070250588282,72.64929749411718,-0.06660511295929859,-0.0007371757260584086,-1.7110224763652162,659,46.66974435203507,53.33025564796493,0.17818291341556824,0.004717593465286933,4.641461977982235,659,58.90914567077841,41.09085432922159,0.3061262733181605,0.005227640473973208,8.242339231050266,659,65.30631366590802,34.69368633409198,-0.2839080318714165,-0.005919180983607991,-7.589427291554854,659,35.80459840642918,64.19540159357082,-0.4645848320143399,-0.008613228758353422,-13.447610148216599,659,26.770758399283,73.229241600717,-0.44789293909021183,-0.008966429539411359,-12.840354823332362,659,27.605353045489412,72.39464695451059
EWTX,-0.16655811621190017,-0.008286915601227424,-4.32969829317349,659,41.67209418940499,58.32790581059501,-0.020379467185652284,-0.0006873930496626326,-0.522475241062517,659,48.98102664071738,51.01897335928262,-0.07675384952423296,-0.006193034197101295,-1.9731762608057644,659,46.16230752378836,53.83769247621164,0.008732428321023646,0.0004544530169590885,0.2238382354307213,659,50.43662141605119,49.56337858394881,-0.14755917890932788,-0.009375599003339405,-3.8241000817271784,659,42.622041054533604,57.377958945466396,-0.1700416575537864,-0.009607383771944915,-4.4229212315647555,659,41.49791712231068,58.50208287768932,-0.1784435108038975,-0.010886666963833766,-4.648473336443346,659,41.07782445980512,58.92217554019488
EWW,-0.24112362875533758,-0.003462051897036081,-6.368386578592188,659,37.94381856223312,62.05618143776688,-0.025780416104552693,-0.0002509394382357075,-0.6610236197871706,659,48.710979194772364,51.289020805227636,0.22239602679441708,0.005178417042483457,5.846884416131376,659,61.11980133972086,38.88019866027914,0.11598821080182366,0.00174194523876228,2.993213547326534,659,55.79941054009119,44.20058945990881,-0.19737970585221443,-0.003619111631283086,-5.160765995909475,659,40.13101470738928,59.86898529261072,-0.22676470173215063,-0.0036973617996031143,-5.9679017743725895,659,38.661764913392474,61.338235086607526,-0.2729158713084612,-0.0048049586913926625,-7.271421070417852,659,36.35420643457694,63.64579356542306
EWY,-0.34208920847899993,-0.008183618908227181,-9.331422678461706,659,32.895539576050005,67.10446042395,-0.13315079197045984,-0.002159409325974085,-3.4435849969763033,659,43.342460401477005,56.657539598522995,0.22965321505572636,0.00890952906549902,6.048124918308949,659,61.48266075278632,38.51733924721368,0.3534819781447408,0.00884504701276022,9.685753341259941,659,67.67409890723704,32.32590109276296,-0.1432020997294396,-0.004374829053771638,-3.7087825186756933,659,42.839895013528015,57.160104986471985,-0.38602136921618885,-0.01048672945008608,-10.725867817676166,659,30.698931539190554,69.30106846080945,-0.2970562727841032,-0.008713884784069204,-7.974100837274569,659,35.14718636079484,64.85281363920515
EWZ,-0.24645822358646605,-0.003583529813473325,-6.518286837687245,659,37.677088820676694,62.322911179323306,-0.04203818788764247,-0.0004143781916529276,-1.078476672632706,659,47.898090605617874,52.101909394382126,0.2169683449428412,0.005116114794622103,5.697046449538824,659,60.84841724714206,39.15158275285794,0.06752925042522019,0.001027037930274647,1.73487070403737,659,53.37646252126101,46.62353747873899,-0.23247112561389127,-0.004316605953065929,-6.1265497603450605,659,38.376443719305435,61.623556280694565,-0.23269581662562014,-0.0038421912416028775,-6.132810089318407,659,38.36520916871899,61.63479083128101,-0.27721331749132044,-0.004942524845606583,-7.395371322285052,659,36.139334125433976,63.860665874566024
EXEL,-0.055388641832669915,-0.0012861695596601203,-1.421905097738709,659,47.2305679083665,52.7694320916335,-0.1252410674593891,-0.0019715575876694236,-3.2356569098918286,659,43.737946627030546,56.262053372969454,-0.035463551270187535,-0.001335475515224339,-0.909574293754248,659,48.22682243649062,51.77317756350938,-0.04025566577837756,-0.0009777579826573488,-1.0326707478930437,659,47.98721671108112,52.01278328891888,-0.06049025949642457,-0.0017937777676995084,-1.5533314909911766,659,46.97548702517877,53.02451297482123,-0.14484293786981772,-0.003819420982701525,-3.752183867154198,659,42.75785310650912,57.24214689349088,-0.07001909549213138,-0.0019937057882054472,-1.799145974113482,659,46.49904522539343,53.50095477460657
EXPI,,,,0,,,,,,0,,,,,,0,,,,,,0,,,,,,0,,,,,,0,,,,,,0,,
EZA,-0.2740757838320977,-0.004684090499175638,-7.304829385604307,659,36.29621080839512,63.70378919160488,-0.09840184721630368,-0.0011401002985890073,-2.534537971334151,659,45.07990763918481,54.92009236081519,0.31825923050029653,0.008820878033923335,8.605054979084011,659,65.91296152501482,34.08703847498518,0.14346274504616152,0.0025646056509406835,3.715674678506426,659,57.17313725230808,42.82686274769192,-0.17267816179956713,-0.003768753285393661,-4.4935899412659115,659,41.36609191002164,58.63390808997836,-0.2384543610178682,-0.004627885185558554,-6.293612260058111,659,38.07728194910659,61.92271805089341,-0.2757425486591493,-0.005778637621577557,-7.352896688472109,659,36.21287256704253,63.78712743295747
F,-0.2562418588237369,-0.005657137545502345,-6.7948561110077925,659,37.18790705881315,62.81209294118685,-0.06638542790712114,-0.0009935840628861755,-1.7053539520953156,659,46.680728604643946,53.319271395356054,-0.05077019193074097,-0.0018177395789306054,-1.3030225571343685,659,47.46149040346295,52.53850959653705,0.00289014807891553,6.674113726077816e-05,0.07408061742904165,659,50.14450740394578,49.85549259605422,-0.26093666299351853,-0.007356774510807184,-6.928358048014267,659,36.953166850324074,63.046833149675926,-0.29474088899144163,-0.007389409677586895,-7.906008726834282,659,35.26295555042792,64.73704444957208,-0.2729155153890407,-0.007388256271325168,-7.271410824337607,659,36.35422423054796,63.64577576945204
FANG,-0.22429836643913914,-0.004676126310819222,-5.899535344897718,659,38.78508167804304,61.21491832195696,0.40657668380906364,0.005746293285090998,11.406729530800298,659,70.32883419045318,29.67116580954682,-0.11526092751908698,-0.003896892535941993,-2.9741916333809217,659,44.23695362404565,55.76304637595435,-0.018686865417263856,-0.00040749607209464967,-0.4790655962424567,659,49.065656729136805,50.934343270863195,-0.3582947222171858,-0.009539073889090099,-9.836900612581864,659,32.08526388914071,67.91473611085928,0.1455939395541948,0.003446879606846483,3.772058925616139,659,57.27969697770974,42.72030302229026,-0.32843122787748075,-0.00839598453417381,-8.912762706821372,659,33.57843860612596,66.42156139387404
FANUY,-0.3179235348029017,-0.0075380894557026765,-8.594957314950017,659,34.10382325985491,65.89617674014508,-0.02289813901877181,-0.0003680645512696878,-0.5870792868977653,659,48.85509304906141,51.14490695093859,0.15061043618063116,0.005791217434882798,3.9049918906131644,659,57.530521809031555,42.469478190968445,0.13834821044984222,0.003431144436218037,3.5805749493901255,659,56.917410522492105,43.082589477507895,-0.2061356711427932,-0.006241621643198309,-5.399637582986722,659,39.69321644286034,60.30678355713966,-0.2691787575451327,-0.007247731342880089,-7.1640150662961375,659,36.54106212274336,63.45893787725664,-0.29391403321013465,-0.008545274020231341,-7.881729131851109,659,35.304298339493265,64.69570166050673
FAST,-0.19526027632302198,-0.002927860834909591,-5.103141627069055,659,40.2369861838489,59.7630138161511,-0.0005445129423820427,-5.535156867125964e-06,-0.013956963926338713,659,49.9727743528809,50.0272256471191,-0.15815767821078083,-0.003845944456476017,-4.105572660010753,659,42.09211608946096,57.90788391053904,-0.036579828879352315,-0.0005737266797920929,-0.9382425185673033,659,48.17100855603238,51.82899144396762,-0.2898664440396725,-0.005550602824061093,-7.763154649328146,659,35.50667779801637,64.49332220198363,-0.248992066340635,-0.004239793785679874,-6.589706801826532,659,37.55039668296825,62.44960331703175,-0.26659189810188777,-0.0049017430342872615,-7.089872531548987,659,36.67040509490561,63.32959490509439
FATE,-0.21849681634437781,-0.012859147828356933,-5.739184982871435,659,39.075159182781114,60.924840817218886,-0.09228713433074727,-0.0036820817966880712,-2.375643072074592,659,45.385643283462635,54.614356716537365,-0.14706859472296122,-0.014036641710356804,-3.811104698713507,659,42.64657026385194,57.35342973614806,-0.08701679497870551,-0.005356696055951174,-2.2389079923681137,659,45.64916025106472,54.35083974893528,-0.1328416580570562,-0.009984056774745705,-3.435446294631898,659,43.357917097147194,56.642082902852806,-0.17060371589273712,-0.011401926989887352,-4.4379783491676745,659,41.46981420536314,58.53018579463686,-0.13991440088124657,-0.010097097631753935,-3.621914080769953,659,43.004279955937676,56.995720044062324
FBTC,-0.39396125941844395,-0.011785427703502332,-10.927848107850023,652,30.301937029077802,69.6980629709222,0.07750726583084683,0.0015723178195589723,1.9820176354050258,652,53.87536329154234,46.12463670845766,-0.1128455838556756,-0.005477960616777953,-2.8955040950289663,652,44.357720807216225,55.642279192783775,-0.11569815294564934,-0.003616479703737133,-2.969678815851108,652,44.215092352717534,55.784907647282466,-0.3068361772922867,-0.011732393347471228,-8.2192979403954,652,34.658191135385664,65.34180886461434,-0.25947869686270597,-0.008868473345233751,-6.850057153964656,652,37.0260651568647,62.9739348431353,-0.3715693701039263,-0.013638371424061053,-10.20373152911553,652,31.421531494803684,68.57846850519631
FCEL,-0.27737102868091496,-0.019508871248610334,-7.399929231607097,659,36.13144856595425,63.86855143404575,-0.03877091692403021,-0.0018486824282580995,-0.9945243358691502,659,48.061454153798486,51.938545846201514,-0.018136631885115346,-0.0020687303215195098,-0.4649548290711983,659,49.09316840574423,50.90683159425577,0.11084282373997276,0.00815465275215453,2.858740207122881,659,55.54214118699864,44.45785881300136,-0.12916453104135242,-0.011601656308811978,-3.3387145337270967,659,43.54177344793238,56.45822655206762,-0.14362365442306915,-0.011471486865106127,-3.7199299471485143,659,42.818817278846545,57.181182721153455,-0.1779933156338775,-0.01535118131788159,-4.636361494023493,659,41.10033421830612,58.89966578169388
FCX,-0.3823616027379092,-0.010480453598957336,-10.606668201425038,659,30.88191986310454,69.11808013689546,0.026982580944657213,0.0005013886407299915,0.6918697250310284,659,51.34912904723286,48.65087095276714,0.1598570847196327,0.007105814911335789,4.1508376642079945,659,57.99285423598164,42.00714576401836,0.17263703919702605,0.004949560431987524,4.492486933625786,659,58.6318519598513,41.3681480401487,-0.28669201679094564,-0.010035224317324844,-7.670478183694831,659,35.665399160452715,64.33460083954728,-0.22504403525356237,-0.0070048043019301075,-5.920192503011748,659,38.74779823732189,61.25220176267811,-0.3732330105514049,-0.012544487321263302,-10.311873051954356,659,31.338349472429755,68.66165052757025
FERG,-0.34533356571870294,-0.006608391710750979,-9.431840578661792,659,32.73332171406486,67.26667828593514,-0.06650614669471118,-0.0008627877425949949,-1.7084688230676555,659,46.67469266526444,53.32530733473556,-0.1476351905102866,-0.004581662240740491,-3.8261138571700437,659,42.61824047448567,57.38175952551433,0.016182736506677023,0.00032391853057071163,0.41485040823621927,659,50.80913682533386,49.19086317466614,-0.2784185463801057,-0.006803945485466526,-7.430219336558346,659,36.07907268099472,63.92092731900528,-0.328820265545866,-0.007145592646548506,-8.924599207668946,659,33.5589867227067,66.44101327729331,-0.3094212127447288,-0.007260627088682732,-8.340392051010172,659,34.52893936276356,65.47106063723643
FETH,-0.41571874687256355,-0.01722124675818303,-10.453241558727042,525,29.21406265637182,70.78593734362818,0.04144831565247647,0.0011896311200366527,0.9487048107502051,525,52.07241578262383,47.92758421737617,-0.10130476028175357,-0.006940017310498269,-2.3287384761676164,525,44.93476198591232,55.06523801408768,-0.05419369180030001,-0.0023895312047512982,-1.241190011429754,525,47.290315409985,52.709684590015,-0.31050308690588346,-0.016150055376136258,-7.470188819315308,525,34.474845654705824,65.52515434529417,-0.34776799640530354,-0.017034148485412706,-8.482655613220127,525,32.61160017973482,67.38839982026518,-0.38759210291915963,-0.019418572724925108,-9.61555736930005,525,30.620394854042022,69.37960514595798
FICO,-0.0967472504191689,-0.002707452195626564,-2.4915143485902687,659,45.16263747904156,54.83736252095844,-0.08241476581096475,-0.001563552220883904,-2.119667063081616,659,45.87926170945176,54.12073829054824,-0.12998926192763696,-0.005899372783261944,-3.3603978481945225,659,43.500536903618155,56.499463096381845,-0.29209458905795477,-0.008550126179993893,-7.828371493953046,659,35.395270547102264,64.60472945289774,-0.12864087072401925,-0.004597342035998446,-3.3249504407746895,659,43.56795646379904,56.43204353620096,-0.21339148723773232,-0.006781440416078693,-5.598606991037796,659,39.33042563811339,60.66957436188661,-0.15138562158690638,-0.005194860112234528,-3.9255609007618277,659,42.430718920654684,57.569281079345316
FIG,-0.10321797614708318,-0.0054030703372626235,-1.7271144269294845,279,44.83910119264584,55.16089880735416,0.005335134003414147,0.00018215800853389126,0.08879559006659599,279,50.26675670017071,49.73324329982929,-0.14341286669525558,-0.013764274159166975,-2.411796667762288,279,42.82935666523722,57.17064333476278,-0.4386099447187661,-0.019817125071731247,-8.122962948008153,279,28.069502764061692,71.9304972359383,-0.05225489672434698,-0.003565609441478188,-0.8708846301318863,279,47.38725516378265,52.61274483621735,-0.12357021332035326,-0.007071780426319361,-2.0725022356716907,279,43.82148933398234,56.17851066601766,-0.11294741071735456,-0.00744434716995106,-1.891926054818125,279,44.35262946413227,55.64737053586773
FIP,-0.30928715663080963,-0.011937486688310897,-8.336396280620821,659,34.53564216845952,65.46435783154048,0.004100269103845756,0.00010728736297096133,0.10509902721720304,659,50.205013455192294,49.794986544807706,-0.1225049049261901,-0.007667974998690011,-3.163877717799163,659,43.874754753690496,56.125245246309504,0.02256904457888612,0.0009111524234509416,0.5786373908851281,659,51.12845222894431,48.87154777105569,-0.26729250092785445,-0.013174782904490328,-7.109936280136078,659,36.63537495360728,63.36462504639272,-0.1904899670842855,-0.008349218273865915,-4.973713944073804,659,40.47550164578573,59.52449835421427,-0.2782079096633166,-0.013167021669642053,-7.424126244733577,659,36.08960451683417,63.91039548316583
FIS,-0.10669450281578234,-0.0018505178193153344,-2.7504949325096133,659,44.66527485921088,55.33472514078912,-0.03768338118836427,-0.00044308422343710584,-0.9665873888763276,659,48.11583094058179,51.88416905941821,-0.10830422395200005,-0.003046301038377291,-2.792481024427863,659,44.5847888024,55.4152111976,-0.3566351989296428,-0.006469970165346022,-9.784681658798354,659,32.16824005351786,67.83175994648214,-0.20723188467867312,-0.004590008427620793,-5.4296373729752165,659,39.63840576606634,60.36159423393366,-0.21025735478524468,-0.004141189628511217,-5.512545927554235,659,39.487132260737766,60.512867739262234,-0.17747861866151646,-0.0037745425906297292,-4.622518007976584,659,41.126069066924174,58.873930933075826
FISV,-0.08141706817338769,-0.0021516645314924032,-2.0906450942983694,657,45.929146591330614,54.070853408669386,-0.04712731562449487,-0.0008436447909776298,-1.2074695010271383,657,47.643634218775254,52.356365781224746,-0.14098624047617053,-0.006040596084075215,-3.644660802712738,657,42.95068797619147,57.04931202380853,-0.28997941740534283,-0.00800999821839713,-7.754627898665437,657,35.501029129732856,64.49897087026714,-0.14794659442456362,-0.004984272672668412,-3.8285239857935216,657,42.60267027877182,57.39732972122818,-0.2020817046704241,-0.0060648535289793875,-5.280820936046507,657,39.895914766478796,60.104085233521204,-0.12774219431293693,-0.004134630894069797,-3.296307168066616,657,43.612890284353156,56.387109715646844
FLAU,-0.33518911240469407,-0.003759141111062517,-9.119103301831126,659,33.240544379765296,66.7594556202347,-0.11222201237219194,-0.0008532218588386396,-2.8947616317943123,659,44.3888993813904,55.6111006186096,0.23750408907696274,0.004319624668384147,6.267028867433705,659,61.875204453848134,38.124795546151866,0.058668821948182084,0.0006882289529608171,1.506394666434662,659,52.93344109740911,47.06655890259089,-0.2915525123809699,-0.004175622144765612,-7.812492374500411,659,35.4223743809515,64.57762561904849,-0.3598599364280161,-0.004583053404776257,-9.88625002999703,659,32.00700317859919,67.99299682140081,-0.37642260349647044,-0.005176562741184296,-10.414473007853838,659,31.17886982517648,68.82113017482352
FLNC,-0.31388761599984394,-0.019838648605847213,-8.473837425730109,659,34.305619200007804,65.69438079999219,-0.01038849672679572,-0.00044511866576641974,-0.2662924344684257,659,49.48057516366021,50.51942483633979,-0.03493261539225565,-0.00358051256453659,-0.8959400093555886,659,48.253369230387214,51.746630769612786,0.07090901106179427,0.004687768731918015,1.8221272490311518,659,53.545450553089715,46.454549446910285,-0.19723036367370175,-0.01591905773177586,-5.156703133200692,659,40.138481816314915,59.861518183685085,-0.19564937916981623,-0.01404232665675131,-5.113715198369528,659,40.21753104150919,59.78246895849081,-0.2685226467857148,-0.02081066152036613,-7.145194400100421,659,36.57386766071426,63.42613233928574
FLO,0.16833025369615523,0.0029449702894244075,4.377101319625786,659,58.41651268480776,41.58348731519224,-0.1758483120982217,-0.0020856534088741405,-4.578694448406531,659,41.207584395088915,58.792415604911085,-0.03388471164477441,-0.0009613880736377153,-0.8690323529328818,659,48.305764417761274,51.694235582238726,-0.15282858697849022,-0.0027967276972636046,-3.96386876614265,659,42.35857065107549,57.64142934892451,-0.013846127328845461,-0.0003093518657088893,-0.35493811642170403,659,49.307693633557726,50.692306366442274,-0.08298948961436993,-0.0016487868967375503,-2.134550828742288,659,45.850525519281504,54.149474480718496,0.04848368739426637,0.0010401152045336622,1.244197628175143,659,52.42418436971332,47.57581563028668
FLSA,-0.23689585590748838,-0.0021235076579509396,-6.25002385670899,659,38.15520720462558,61.84479279537442,-0.00938010182229248,-5.70018717262576e-05,-0.24044145331421315,659,49.530994908885376,50.469005091114624,0.04242101945201102,0.0006166711987340021,1.0883157235873384,659,52.12105097260055,47.87894902739945,0.037855328291162595,0.0003549361472069038,0.9710041865953163,659,51.89276641455813,48.10723358544187,-0.25968375195468024,-0.002972670847100382,-6.892679068350889,659,37.01581240226599,62.98418759773401,-0.2532850739561072,-0.002578271568524018,-6.711041623900484,659,37.335746302194636,62.664253697805364,-0.31329527090177034,-0.0034436362448875173,-8.456103984622361,659,34.33523645491148,65.66476354508852
FMET,-0.5782859452868115,-0.00790104018255079,-18.168682678376726,659,21.085702735659424,78.91429726434058,-0.015092381574295035,-0.00013979273627177425,-0.3868921597435863,659,49.245380921285246,50.754619078714754,-0.0721268031122937,-0.0015981388635505117,-1.8535827389918482,659,46.39365984438532,53.60634015561468,0.06276731546615794,0.000897019808727342,1.6120311576062898,659,53.138365773307896,46.861634226692104,-0.42310442084934713,-0.0073823541424512555,-11.969148591072752,659,28.844778957532647,71.15522104246736,-0.6111039895363894,-0.009481552324975714,-19.788791526386483,659,19.44480052318053,80.55519947681947,-0.5940324950614635,-0.009952195499935835,-18.927735827745668,659,20.298375246926824,79.70162475307318
FOUR,-0.2629741353274649,-0.00882357992458601,-6.986459209702124,659,36.851293233626755,63.148706766373245,-0.04290552321130978,-0.0009759558828588048,-1.1007685132883247,659,47.85472383943451,52.14527616056549,-0.18257454347367605,-0.009934550180231224,-4.759754639835706,659,40.87127282631619,59.12872717368381,-0.18623205048931857,-0.0065360152842923154,-4.858497597819562,659,40.688397475534074,59.311602524465926,-0.24038825538637323,-0.01030031988939867,-6.34777131104316,659,37.98058723068134,62.01941276931866,-0.2849453923855863,-0.010857157069417464,-7.619603683767305,659,35.752730380720685,64.24726961927931,-0.25103636007612734,-0.010328457817427389,-6.647433182501159,659,37.44818199619363,62.55181800380637
FROG,-0.2522938528199108,-0.009465952297125485,-6.682989115820737,659,37.38530735900446,62.61469264099554,-0.00712364744995697,-0.00018119460241822433,-0.18259804462945586,659,49.64381762750215,50.35618237249785,-0.16590729178581198,-0.010094837049027682,-4.312300208198468,659,41.7046354107094,58.2953645892906,-0.2578352253506254,-0.01011874703227114,-6.840106910430935,659,37.10823873246873,62.89176126753127,-0.16146855346301175,-0.007736620175057716,-4.193795355573854,659,41.92657232684941,58.07342767315059,-0.20688653099237372,-0.008814801847548816,-5.420183869491616,659,39.655673450381315,60.344326549618685,-0.20697313990737173,-0.009522230578871338,-5.422554450662197,659,39.651343004631414,60.348656995368586
FSLR,-0.1919591072803976,-0.006694370411774185,-5.013535082773768,659,40.40204463598012,59.59795536401988,-0.08111335533830476,-0.0019176907792620378,-2.0859719572952957,659,45.944332233084765,54.055667766915235,0.006544842824849467,0.00037014887615577493,0.16776107788273079,659,50.32724214124248,49.67275785875752,0.12638173361755822,0.00461011938147134,3.265602656693321,659,56.3190866808779,43.6809133191221,-0.1018824434505146,-0.004537389360364548,-2.6251118481873856,659,44.90587782747427,55.09412217252573,-0.19943785808952166,-0.007898257938447869,-5.21679637599289,659,40.02810709552392,59.97189290447608,-0.17399632182685598,-0.007440603256402476,-4.528959048071842,659,41.3001839086572,58.6998160913428
FSLY,-0.18100568803775502,-0.010581105844358018,-4.7174626459224855,659,40.94971559811225,59.05028440188775,-0.03490164459414654,-0.0013831520464421166,-0.8951447115059558,659,48.25491777029267,51.74508222970733,-0.10164737695189541,-0.009636319886476171,-2.6189917978213413,659,44.91763115240523,55.08236884759477,-0.0750232234277213,-0.004587344986638808,-1.9284308350712358,659,46.248838828613934,53.751161171386066,-0.13280318947586214,-0.009914093725030524,-3.434433587101771,659,43.359840526206895,56.640159473793105,-0.14970496642573594,-0.009937971299644636,-3.880975204533584,659,42.5147516787132,57.4852483212868,-0.15124008777535586,-0.01084108675067345,-3.9216986975289587,659,42.4379956112322,57.5620043887678
FTML,,,,0,,,,,,0,,,,,,0,,,,,,0,,,,,,0,,,,,,0,,,,,,0,,
FTNT,-0.2569145050606642,-0.006645735491260394,-6.813951662740551,659,37.154274746966784,62.845725253033216,0.05960325182182559,0.001045224491496686,1.5304721767786724,659,52.980162591091286,47.019837408908714,-0.11838848197249063,-0.004966381475392889,-3.05602685326439,659,44.08057590137547,55.91942409862453,-0.3141090822485244,-0.008498881364920101,-8.48047042986594,659,34.29454588757378,65.70545411242622,-0.23808725665367728,-0.007864955266713908,-6.283340428444089,659,38.095637167316134,61.904362832683866,-0.23163165076518835,-0.006804167924630161,-6.103169521013429,659,38.41841746174058,61.58158253825942,-0.30224036772206075,-0.009586806440118481,-8.127119706362429,659,34.88798161389696,65.11201838610305
FTV,-0.3226309424479496,-0.005002921122521239,-8.736886325732707,659,33.868452877602515,66.13154712239748,-0.03778385510153839,-0.00039719987379382694,-0.9691682474285166,659,48.11080724492308,51.88919275507692,-0.14851248090577313,-0.003734709172509028,-3.8493609389251313,659,42.57437595471134,57.42562404528866,-0.09409505235245365,-0.0015261993811881576,-2.42259396031467,659,45.29524738237732,54.70475261762268,-0.3728854796340084,-0.007384120746783172,-10.300719775257383,659,31.355726018299578,68.64427398170042,-0.32838494746502783,-0.00578260562773292,-8.911354960332032,659,33.58075262674861,66.41924737325138,-0.36766897261135895,-0.006991038331143002,-10.13390719743937,659,31.616551369432056,68.38344863056794
FUBO,-0.13817674588203535,-0.014509857591012271,-3.576050862466925,659,43.091162705898235,56.908837294101765,-0.0085612911350128,-0.0006094704461221376,-0.21945115312787278,659,49.57193544324936,50.42806455675064,-0.005675028184871649,-0.0009664344629062773,-0.14546472863235552,659,49.716248590756415,50.283751409243585,-0.04066428725433556,-0.004466508860759076,-1.043170309649308,659,47.96678563728322,52.03321436271678,-0.08437960344891243,-0.01131543744781336,-2.1705598504639263,659,45.78101982755438,54.21898017244562,-0.11822640321921478,-0.014098254969077522,-3.0517836758703645,659,44.088679839039266,55.911320160960734,-0.09505410088049839,-0.012239568588817442,-2.4475098419026473,659,45.24729495597508,54.75270504402492
FXI,-0.20343231255684863,-0.0033894054423003286,-5.325745928265073,659,39.828384372157565,60.171615627842435,0.045448931118527575,0.0005133486875357415,1.1661525411499296,659,52.27244655592638,47.72755344407362,0.39898581984855325,0.010780458786538813,11.152985307659202,659,69.94929099242766,30.050709007572337,0.08206124092678453,0.0014301069341752285,2.1105127996745883,659,54.103062046339225,45.896937953660775,-0.18573639316711105,-0.003951902969440759,-4.8451040193638315,659,40.71318034164445,59.28681965835555,-0.14831442348677606,-0.00280614215694128,-3.8441118587393595,659,42.5842788256612,57.4157211743388,-0.254683921618303,-0.0052032198662261015,-6.750668809511387,659,37.26580391908485,62.73419608091515
FXY,0.2570675370068144,0.0015566268035733409,6.818297519739524,659,62.853376850340716,37.146623149659284,-0.36671227769945597,-0.0015053861432600785,-10.103435034152602,659,31.6643861150272,68.3356138849728,0.3539476154177279,0.0034757813998904257,9.700338238102912,659,67.6973807708864,32.3026192291136,0.00836193506053625,5.2962795994022505e-05,0.21434070711792255,659,50.41809675302681,49.58190324697319,0.3741364869156274,0.0028931637203353433,10.340891853865362,659,68.70682434578137,31.29317565421863,0.07218699945218869,0.0004963853457672509,1.8551378215125787,659,53.60934997260943,46.39065002739057,0.35450358711754076,0.0026322368493521407,9.717763432751832,659,67.72517935587705,32.274820644122954
GAMB,,,,0,,,,,,0,,,,,,0,,,,,,0,,,,,,0,,,,,,0,,,,,,0,,
GBDC,-0.2807077999872165,-0.003078904298692275,-7.496515832698449,659,35.964610000639176,64.03538999936083,0.022635121614372634,0.0001683099292806252,0.5803323768721557,659,51.131756080718624,48.868243919281376,-0.10796492654080118,-0.0019204393644111934,-2.7836293488686388,659,44.601753672959944,55.398246327040056,-0.16557354297161264,-0.0018995883500423309,-4.303380557728009,659,41.721322851419366,58.278677148580634,-0.36036673670669855,-0.005047683143945785,-9.90224937933493,659,31.981663164665076,68.01833683533492,-0.26438734935841995,-0.003293101177400162,-7.026817754261329,659,36.780632532079004,63.219367467920996,-0.35615710869223033,-0.00479016407541873,-9.76965768511398,659,32.19214456538848,67.80785543461153
GD,-0.14577721542013272,-0.0018623388158766335,-3.7769102821269778,659,42.71113922899337,57.28886077100663,0.025681549597961744,0.00022242083446399885,0.658486953566101,659,51.28407747989808,48.71592252010192,-0.08813591180445206,-0.0018259889414831468,-2.267926411462851,659,45.5932044097774,54.4067955902226,-0.1368947341988993,-0.001829290309397416,-3.5422353844640706,659,43.15526329005503,56.84473670994497,-0.24652591746292787,-0.00402195592868552,-6.520193027082339,659,37.67370412685361,62.32629587314639,-0.03867869509777284,-0.0005611300832702321,-0.9921551777562938,659,48.06606524511135,51.93393475488865,-0.24628995256770156,-0.003858182820099059,-6.513548940195368,659,37.68550237161492,62.31449762838508
GDRX,-0.2357277397531624,-0.00928742643307226,-6.217387424659715,659,38.21361301234188,61.78638698765812,0.020467317720683418,0.000546677024249562,0.5247284365810142,659,51.02336588603416,48.97663411396584,-0.14228450225110698,-0.00909114301608998,-3.6845250437988972,659,42.88577488744465,57.11422511255535,-0.10862550966404953,-0.004476549258925912,-2.8008637164557126,659,44.56872451679752,55.43127548320248,-0.2184608636136562,-0.010991678564026759,-5.738193291652943,659,39.07695681931719,60.92304318068281,-0.193658920627934,-0.00866452772037657,-5.059652320920832,659,40.317053968603304,59.682946031396696,-0.21949378039133782,-0.010604103940419555,-5.76669423186418,659,39.02531098043311,60.97468901956689
GDX,-0.18332418364196754,-0.004537687034918841,-4.779976117122922,659,40.83379081790162,59.16620918209838,-0.041447935323870096,-0.0006955091964657774,-1.0633076813279894,659,47.927603233806494,52.072396766193506,0.264400088861021,0.010613352106917905,7.027181789578202,659,63.220004443051046,36.779995556948954,0.111984217603521,0.0028993353154781474,2.8885497440359966,659,55.59921088017605,44.40078911982395,-0.01615155702892789,-0.000510545971193676,-0.4140509020742637,659,49.192422148553604,50.807577851446396,0.014089724544976236,0.0003960408428520004,0.3611838307958214,659,50.704486227248815,49.295513772751185,-0.12593104500492347,-0.003822210925712977,-3.253769226545576,659,43.70344774975383,56.29655225024617
GDXY,-0.19075895563893924,-0.003742535313217288,-4.606830300885887,564,40.46205221805303,59.53794778194697,-0.022096669115921546,-0.0002975767439691982,-0.5239634837471492,564,48.895166544203924,51.104833455796076,0.2758082640707427,0.008803698713717738,6.802302557096982,564,63.790413203537135,36.209586796462865,0.14309968118748898,0.0029520316200613433,3.427674865992756,564,57.15498405937445,42.84501594062555,-0.013626855262617091,-0.0003385543628763918,-0.32307557574999135,564,49.31865723686914,50.68134276313086,-0.006206995478424047,-0.000143772379303886,-0.14714921613435447,564,49.6896502260788,50.3103497739212,-0.13420106109000424,-0.003229362629101738,-3.210484357514791,564,43.28994694549979,56.71005305450021
GE,-0.36600901901842947,-0.007057810390557864,-10.081058819902516,659,31.699549049078524,68.30045095092147,-0.004989155885387021,-6.522145288193863e-05,-0.12788369134179775,659,49.750542205730646,50.249457794269354,-0.1427109939524277,-0.004462845238947207,-3.695798506909166,659,42.864450302378614,57.135549697621386,0.12430074464125804,0.0025071410969137605,3.210980556430475,659,56.215037232062905,43.784962767937095,-0.29376672875980103,-0.007234132942003252,-7.8774057540976825,659,35.31166356200995,64.68833643799005,-0.31524484173036743,-0.006903174989759252,-8.51451106075435,659,34.23775791348162,65.76224208651837,-0.36689756332276036,-0.008675411621733619,-10.109333761384264,659,31.655121833861983,68.34487816613802
GENI,-0.28528400121569003,-0.010343827634671548,-7.629459976308916,659,35.7357999392155,64.2642000607845,0.022543772031362614,0.000554135071668809,0.5779891099661444,659,51.12718860156813,48.87281139843187,-0.12202328605567342,-0.007175014293097965,-3.151250787174114,659,43.898835697216334,56.101164302783666,-0.2532854357791175,-0.009605963276569828,-6.711051867955003,659,37.33572821104413,62.66427178895587,-0.22547889262856458,-0.010440358941124297,-5.932244350815536,659,38.72605536857177,61.27394463142823,-0.2301312714471144,-0.009475501153284917,-6.061418254554224,659,38.493436427644276,61.506563572355724,-0.25927995550221655,-0.011527625640754107,-6.881188175715151,659,37.036002224889174,62.963997775110826
GEV,-0.45622908881747887,-0.014622162953146537,-12.558441895264039,602,27.188545559126055,72.81145444087394,0.0670084070277037,0.0014610167210439447,1.6450614792526113,602,53.35042035138519,46.64957964861481,-0.07944209438522351,-0.004156362920601636,-1.9520955859054647,602,46.027895280738825,53.972104719261175,0.2463834991203705,0.008340702495012548,6.22710514772639,602,62.31917495601853,37.68082504398147,-0.325563879918155,-0.013308214859187383,-8.43414570264818,602,33.721806004092244,66.27819399590776,-0.34698462690250875,-0.012969214338438353,-9.062391849996326,602,32.65076865487456,67.34923134512545,-0.4443283811507289,-0.017506968612676872,-12.14891795453438,602,27.783580942463555,72.21641905753644
GFS,-0.4091121426021219,-0.012787810560042058,-11.492109174572919,659,29.544392869893905,70.4556071301061,0.019027131252465537,0.00040319239704658357,0.48779194812415766,659,50.951356562623275,49.048643437376725,-0.10915835654463023,-0.005533335571402071,-2.8147682277755157,659,44.54208217276849,55.45791782723151,0.25445433810136503,0.008319371720957317,6.7441619648808055,659,62.72271690506825,37.27728309493175,-0.33440821738228205,-0.013348622267918367,-9.095179946742185,659,33.2795891308859,66.72041086911409,-0.4123357171609336,-0.014636170965480148,-11.60112273239642,659,29.383214141953317,70.61678585804668,-0.40716945437506524,-0.015606160789235974,-11.426662202836111,659,29.641527281246738,70.35847271875326
GGAL,-0.2803750355951303,-0.010716180147469034,-7.486870429187524,659,35.98124822024349,64.01875177975651,0.0018222421873114731,4.721630057066136e-05,0.04670780976805518,659,50.091112109365575,49.908887890634425,0.00888749296947447,0.0005508788903861961,0.22781331703644606,659,50.44437464847372,49.55562535152628,0.06184013257797136,0.0024722815169715266,1.5881265401780245,659,53.09200662889857,46.90799337110143,-0.21919193370880014,-0.010698697565260885,-5.758363371909119,659,39.04040331455999,60.95959668544001,-0.2640082048816467,-0.01145884334410363,-7.015985390060268,659,36.79958975591766,63.20041024408234,-0.289101823201141,-0.013549352997376508,-7.740806364889781,659,35.54490883994295,64.45509116005705
GH,-0.26361551623320956,-0.009857255120752917,-7.0047697469932455,659,36.819224188339525,63.180775811660475,-0.05437425143374689,-0.001378362708652293,-1.3957863135148205,659,47.28128742831266,52.71871257168734,-0.11053863011997189,-0.006703093887159441,-2.8507975860979737,659,44.4730684940014,55.5269315059986,-0.08184913410094889,-0.0032012969670920763,-2.1050208367020775,659,45.90754329495256,54.09245670504744,-0.182973248524774,-0.00873732127854741,-4.770508601665194,659,40.8513375737613,59.1486624262387,-0.16708471476531125,-0.0070948700197546915,-4.343779783760214,659,41.645764261734435,58.354235738265565,-0.1862084127599183,-0.008537906392130111,-4.857858775445644,659,40.68957936200409,59.31042063799591
GILD,0.07125704228539326,0.0011443389343157827,1.8311160310041785,659,53.56285211426967,46.43714788573033,-0.13398770652592282,-0.001458737110707158,-3.465623950931654,659,43.300614673703855,56.699385326296145,0.022054613670318243,0.0005743842642041833,0.5654416392270468,659,51.10273068351591,48.89726931648409,-0.06458774155958094,-0.0010849352686865207,-1.6589776094965025,659,46.77061292202095,53.22938707797905,-0.04813772894253892,-0.0009872295776383554,-1.2352988817997232,659,47.59311355287306,52.40688644712694,-0.13505821118926364,-0.0024630349233994283,-3.493825181324331,659,43.24708944053682,56.75291055946318,-0.05344564740637416,-0.0010524616688383677,-1.3718801808307646,659,47.327717629681295,52.672282370318705
GILT,-0.3071756452281763,-0.010412390188166287,-8.273531355410745,659,34.64121773859119,65.3587822614088,0.002247308003722843,5.1642998382264087e-05,0.057603169461583274,659,50.11236540018614,49.88763459981386,-0.029839577114091246,-0.0016403348632837741,-0.7651891140619183,659,48.50802114429544,51.49197885570456,0.08050326623508121,0.0028543288177270616,2.070179713964712,659,54.02516331175406,45.97483668824594,-0.24262588827884932,-0.010502833294687134,-6.410536783127665,659,37.86870558605753,62.13129441394247,-0.204090891388317,-0.007856153699230118,-5.34373526192541,659,39.79545543058415,60.20454456941585,-0.2942161773635183,-0.012229178003155065,-7.890598970570983,659,35.28919113182408,64.71080886817592
GIS,0.3917120901811438,0.0056140512782867314,10.912402305628872,659,69.58560450905719,30.41439549094281,-0.18406956427061444,-0.0017884490772524652,-4.800091248937666,659,40.79652178646928,59.20347821353072,0.05613112797257645,0.00130463601963093,1.4410256160686563,659,52.80655639862882,47.19344360137118,-0.22744481099803418,-0.0034096694466274604,-5.986775515718554,659,38.627759450098296,61.372240549901704,0.09750731069292336,0.0017846467119852997,2.511275190065513,659,54.87536553464617,45.12463446535383,0.07600577304035917,0.0012370255599142928,1.9538325283047875,659,53.800288652017954,46.199711347982046,0.17706828250978202,0.0031118398393174987,4.611484256862373,659,58.8534141254891,41.1465858745109
GLCR,-0.2762338991069327,-0.002997487221151275,-5.4533574709632875,362,36.18830504465337,63.81169495534663,-0.052216530123866685,-0.00036448096216065256,-0.9920924261422764,362,47.389173493806666,52.610826506193334,0.14323579928087019,0.002779164933029976,2.746023583379959,362,57.16178996404351,42.83821003595649,0.11029037023215255,0.0011072433513088205,2.1054571776441287,362,55.514518511607626,44.485481488392374,-0.2824901115651989,-0.003588160689386475,-5.5874486199227205,362,35.87549442174006,64.12450557825994,-0.25697267074049157,-0.0030872310096336005,-5.045135990320114,362,37.151366462975425,62.848633537024575,-0.3489170438041748,-0.004338136304167422,-7.064194532441269,362,32.55414780979125,67.44585219020874
GLD,-0.09747871352661835,-0.0013024443056832008,-2.5105316109552573,659,45.12606432366908,54.87393567633092,0.0021032927039542214,1.9051724095754623e-05,0.05391174146884814,659,50.10516463519771,49.89483536480229,0.28909828984146746,0.00626427898681471,7.740703129673456,659,64.45491449207337,35.54508550792663,0.12358576399168478,0.0017272080959650235,3.192223613004991,659,56.17928819958424,43.82071180041576,0.05706887933630866,0.0009737655266264492,1.4651780398753043,659,52.853443966815426,47.146556033184574,0.20206558312738135,0.0030659453882798064,5.288437218589407,659,60.10327915636907,39.89672084363093,-0.020068172199748838,-0.0003287942804532447,-0.514491226662776,659,48.996591390012554,51.003408609987446
GLW,-0.3377942091607911,-0.010374523499537382,-9.199066151945608,659,33.11028954196045,66.88971045803956,-0.028008575471175065,-0.0005831659728138312,-0.7181978824952098,659,48.59957122644125,51.40042877355875,-0.01099906746621092,-0.0005478327873049476,-0.281945276191944,659,49.450046626689456,50.549953373310544,0.4042302653374265,0.012985887353378486,11.327997078611302,659,70.21151326687132,29.78848673312868,-0.21014337093913454,-0.008242089609489288,-5.509419382583347,659,39.49283145304327,60.50716854695673,-0.3260320821716643,-0.011371008654637619,-8.839880510982223,659,33.69839589141679,66.3016041085832,-0.3058862367479793,-0.01151974744669983,-8.235208913314562,659,34.705688162601035,65.29431183739896
GLXY,-0.431056175129403,-0.024544003874237216,-8.612168461708041,327,28.44719124352985,71.55280875647014,-0.058293288931271836,-0.0021162030492435585,-1.0526873056454298,327,47.08533555343641,52.91466444656359,-0.0861962845433367,-0.008718578038026956,-1.5597306640916528,327,45.69018577283316,54.30981422716684,0.11878912825425134,0.005891539908651731,2.1567724816496683,327,55.93945641271256,44.06054358728744,-0.20602079535811207,-0.015061382542027466,-3.795515574460502,327,39.69896023209439,60.30103976790561,-0.34192127278618334,-0.0212459401903064,-6.559418751939497,327,32.903936360690835,67.09606363930916,-0.34281743579357715,-0.024401764398190116,-6.578896900206567,327,32.859128210321146,67.14087178967885
GM,-0.2901852632384752,-0.006044558487244551,-7.772477865135079,659,35.490736838076245,64.50926316192376,-0.027762016709466306,-0.0003920355381923328,-0.7118707070112532,659,48.61189916452668,51.38810083547332,-0.06800586333197475,-0.002297268646735235,-1.747171893152988,659,46.599706833401264,53.400293166598736,-0.028441797894239007,-0.0006196880519309045,-0.7293155276203959,659,48.57791010528805,51.42208989471195,-0.30690757997730594,-0.008163991130646472,-8.265560070055491,659,34.6546210011347,65.3453789988653,-0.27754384367643425,-0.006565132915815515,-7.404924390414163,659,36.12280781617829,63.87719218382171,-0.29705667941480307,-0.007587446042216769,-7.974112809196272,659,35.14716602925985,64.85283397074015
GMAB,-0.09246240965864228,-0.0018762313370831048,-2.380193855251219,659,45.376879517067884,54.623120482932116,-0.1431699409871782,-0.001969510133599914,-3.707932210085066,659,42.84150295064109,57.15849704935891,0.15261508699424794,0.005022209703531022,3.9581991359293696,659,57.6307543497124,42.3692456502876,0.03474289959450487,0.0007374185957186744,0.8910683456821776,659,51.737144979725244,48.262855020274756,-0.10278376286433123,-0.0026634918344190096,-2.6485821874820807,659,44.86081185678344,55.13918814321656,-0.19967134419169483,-0.004601078188153332,-5.223157240187633,659,40.01643279041526,59.98356720958474,-0.1408164208540571,-0.0035038180244564197,-3.6457351916979808,659,42.95917895729715,57.04082104270285
GNTX,-0.2357679443691348,-0.0038564035442765587,-6.218510241199521,659,38.211602781543256,61.788397218456744,-0.12125557311215071,-0.0013445737268246054,-3.1311278008251993,659,43.93722134439246,56.06277865560754,-0.034623201659673815,-0.0009184195883655861,-0.8879947025417552,659,48.26883991701631,51.73116008298369,0.06670687720831404,0.0011412877940434039,1.7136483797079878,659,53.335343860415705,46.664656139584295,-0.21934725539010447,-0.004581794428319091,-5.762649977381057,659,39.03263723049478,60.96736276950522,-0.27152742344508124,-0.005043524198085825,-7.2314754153382115,659,36.42362882774594,63.57637117225406,-0.20272418475328763,-0.004066027782893875,-5.306411557950695,659,39.86379076233562,60.13620923766438
GOOGL,-0.3918484460025875,-0.007358499810270738,-10.91688985872764,659,30.407577699870625,69.59242230012937,0.029825462017652085,0.00037970256414660193,0.7648268322240431,659,51.49127310088261,48.50872689911739,-0.10014059341016664,-0.0030497027482887925,-2.5797725662106186,659,44.99297032949167,55.00702967050833,0.0069104517649939265,0.00013573893584701703,0.17713300677156124,659,50.34552258824969,49.65447741175031,-0.3090190773465874,-0.007410749348628637,-8.328407369734055,659,34.54904613267063,65.45095386732936,-0.4491171517756364,-0.009577529298907757,-12.88430366736018,659,27.544142411218182,72.45585758878181,-0.42463283258189166,-0.009778039511012122,-12.021875972279425,659,28.768358370905418,71.23164162909458
GOP,-0.5632372275929305,-0.005258038252213474,-17.47184568928035,659,21.838138620353476,78.16186137964652,0.015018010698550011,9.50451574216387e-05,0.38498523632444676,659,50.7509005349275,49.2490994650725,-0.16387934265518658,-0.002481034473305439,-4.2581253436738375,659,41.806032867240674,58.193967132759326,0.1268521380701805,0.0012386740140459469,3.277955944489332,659,56.34260690350903,43.65739309649097,-0.46750022803405117,-0.005573395915529926,-13.555505266247652,659,26.62498859829744,73.37501140170257,-0.5530267001719614,-0.005862747398702316,-17.01369067437929,659,22.34866499140193,77.65133500859807,-0.5696200822096792,-0.006520557727630313,-17.764161159281876,659,21.51899588951604,78.48100411048395
GPN,-0.26159287214803245,-0.006002294449804456,-6.947059804124382,659,36.92035639259837,63.07964360740163,-0.038534933543137556,-0.0005994199600285484,-0.988462026153678,659,48.07325332284312,51.92674667715688,-0.18506117862886237,-0.006886251981269251,-4.8268646338458066,659,40.74694106855688,59.25305893144312,-0.2668593766817652,-0.006404728190180609,-7.097531108972046,659,36.65703116591174,63.34296883408826,-0.3172312795360994,-0.00929550677932993,-8.574145752099593,659,34.13843602319503,65.86156397680497,-0.3116233623974858,-0.008119776839088167,-8.40610984791785,659,34.41883188012571,65.58116811987429,-0.29522942714361783,-0.008306500526118837,-7.920363178754246,659,35.23852864281911,64.76147135718088
GPRE,-0.18603569371302292,-0.007403476663559534,-4.8531912152526795,659,40.69821531434885,59.30178468565115,0.09521503344916557,0.0025687991794516177,2.451691508479289,659,54.76075167245828,45.23924832754172,-0.06789383179090108,-0.00438173340051871,-1.7442802960187234,659,46.605308410454946,53.394691589545054,-0.023027589045226605,-0.0009585499525415883,-0.5903999775570915,659,48.84862054773867,51.15137945226133,-0.23753232804969934,-0.012071683426670372,-6.267818563485962,659,38.12338359751503,61.87661640248497,-0.012799571785337789,-0.0005784390018472994,-0.3281056455341595,659,49.36002141073311,50.63997858926689,-0.2017284135126281,-0.009844044530335851,-5.279238192931925,659,39.9135793243686,60.0864206756314
GPUS,-0.089211476575764,-0.017677698573045488,-2.295823691768514,659,45.5394261712118,54.4605738287882,0.019379930732778043,0.0026034090667719587,0.49683991305018943,659,50.9689965366389,49.0310034633611,0.005201333852226541,0.001671459751389799,0.13332245119879652,659,50.260066692611325,49.739933307388675,0.0055177748621379075,0.0011436570697206541,0.14143382031585522,659,50.2758887431069,49.7241112568931,-0.07534330318007995,-0.01906581312883587,-1.9367051801447737,659,46.232834840996,53.767165159004,-0.036703076584395436,-0.008259051240568728,-0.9414079778934339,659,48.16484617078023,51.83515382921977,-0.08506097989854552,-0.020668189797114135,-2.1882146354208794,659,45.746951005072724,54.253048994927276
GRBK,-0.17127365602857314,-0.0037136845617102886,-4.4559313686862625,659,41.436317198571345,58.563682801428655,-0.30051398737755497,-0.004417375627716375,-8.076075024467887,659,34.974300631122254,65.02569936887775,-0.110793189660628,-0.003895863264671572,-2.8574441853434047,659,44.4603405169686,55.5396594830314,-0.08527714273067821,-0.0019340777575684671,-2.193816161197643,659,45.73614286346609,54.26385713653391,-0.16806523708741974,-0.004653696057138971,-4.370009607529061,659,41.59673814562901,58.40326185437099,-0.27751717242053847,-0.006833245117433918,-7.404153416006584,659,36.12414137897307,63.87585862102693,-0.11200297122402289,-0.002977906451141629,-2.88903962462583,659,44.399851438798855,55.600148561201145
GS,-0.5113997780610974,-0.009421244408377027,-15.253753115605829,659,24.43001109694513,75.56998890305488,0.00648266125447248,8.096293801597014e-05,0.1661671377286162,659,50.32413306272362,49.67586693727638,-0.19996159876137773,-0.005974073094569441,-5.231065940440991,659,40.00192006193111,59.99807993806889,0.01393457867501004,0.00026851492060483176,0.3572059586336895,659,50.6967289337505,49.3032710662495,-0.4931269700111898,-0.011601447247882937,-14.529259429590708,659,25.34365149944051,74.65634850055949,-0.4431294709303328,-0.009270455286586368,-12.67020244036283,659,27.843526453483356,72.15647354651665,-0.510855465073711,-0.011540186883864847,-15.23178026131999,659,24.457226746314447,75.54277325368555
GSAT,-0.27382177334906205,-0.011441267987644431,-7.297510322530805,659,36.3089113325469,63.6910886674531,0.011356527783502171,0.00032168954240447035,0.29110942064971357,659,50.56782638917511,49.43217361082489,-0.09357395980569215,-0.006340702599412,-2.4090589418780897,659,45.32130200971539,54.67869799028461,-0.044073908316133975,-0.0019262585936371153,-1.1308017435579238,659,47.7963045841933,52.2036954158067,-0.21843399339864034,-0.011655531536287341,-5.737452141268215,659,39.07830033006798,60.92169966993202,-0.16301728812281163,-0.007735039529154773,-4.235113169012067,659,41.84913559385942,58.15086440614058,-0.24538146059920152,-0.012572307348952112,-6.48797994100139,659,37.730926970039924,62.269073029960076
GTLB,-0.29757660423814236,-0.010575251858184713,-7.989424204728758,659,35.121169788092885,64.87883021190711,0.004551031017493475,0.00010964451905908252,0.11665328623644368,659,50.22755155087467,49.77244844912533,-0.16502968515289793,-0.00951108806887001,-4.2888488652874885,659,41.7485157423551,58.2514842576449,-0.39016630532554814,-0.014503357182988171,-10.8615888384049,659,30.49168473372259,69.5083152662774,-0.2138672028217035,-0.009706033898743369,-5.611685554021414,659,39.30663985891483,60.69336014108517,-0.24528952782864666,-0.009899052710941674,-6.4853935594252645,659,37.73552360856767,62.26447639143233,-0.2656255311821792,-0.011575208282629403,-7.062217718814242,659,36.71872344089104,63.28127655910896
HAL,-0.27761829167131374,-0.006065106552606537,-7.4070765244258645,659,36.11908541643432,63.88091458356568,0.30124624542149275,0.0044616674406992764,8.097715335042118,659,65.06231227107465,34.937687728925354,-0.10414669920955175,-0.0036898784828725295,-2.684085565747334,659,44.79266503952241,55.20733496047759,-0.003019184163833234,-6.899328257555472e-05,-0.07738811512622495,659,49.849040791808335,50.150959208191665,-0.39190558682989934,-0.010933960256774287,-10.918770650808499,659,30.404720658505035,69.59527934149497,0.013595408745215217,0.00033729144085465945,0.348509879639189,659,50.679770437260764,49.320229562739236,-0.3696427977467772,-0.009902381843827128,-10.196894235839652,659,31.51786011266114,68.48213988733886
HALO,-0.0762894421038745,-0.0019107514141138318,-1.9611672394594393,659,46.18552789480628,53.81447210519372,-0.11912623745144425,-0.002022704177940236,-3.075344225471894,659,44.043688127427785,55.956311872572215,-0.04401472173845385,-0.0017877793129345964,-1.1292802473513934,659,47.799263913077304,52.200736086922696,-0.036338499253965435,-0.0009519926251964748,-0.9320444004956676,659,48.18307503730173,51.81692496269827,-0.07297050408919979,-0.002333956599174642,-1.8753803586062465,659,46.35147479554001,53.64852520445999,-0.16381157190552317,-0.0046591535371006765,-4.256315870408958,659,41.80942140472384,58.19057859527616,-0.10492303950717538,-0.003222386850700412,-2.7043154167723187,659,44.75384802464123,55.24615197535877
HBAN,-0.4264865909353538,-0.007430791058764183,-12.085995575866972,659,28.67567045323231,71.32432954676769,0.04451382208202801,0.0005257868862799319,1.1421108839871243,659,52.2256911041014,47.7743088958986,-0.2927888843175606,-0.00827295095637186,-7.848721622391816,659,35.36055578412197,64.63944421587803,-0.12184870013544108,-0.0022206361997109464,-3.1466741074792752,659,43.90756499322794,56.09243500677206,-0.585127886475751,-0.013019255319878183,-18.49456862977491,659,20.74360567621245,79.25639432378755,-0.3348884045156092,-0.0066260158890804385,-9.109888368322077,659,33.25557977421954,66.74442022578046,-0.44448421792165843,-0.009496270497461474,-12.718457077200535,659,27.77578910391708,72.22421089608292
HCA,0.0968923527786058,0.0016730998253777544,2.4952865304785936,659,54.844617638930295,45.155382361069705,-0.1306042509577344,-0.001528885143987796,-3.376571374524993,659,43.46978745211328,56.53021254788672,0.05617054912738674,0.0015729583312621021,1.4420408572213808,659,52.80852745636933,47.19147254363067,-0.018829223156265805,-0.0003400882290588837,-0.4827164381488202,659,49.058538842186714,50.941461157813286,-0.04704506247292237,-0.0010374139425715018,-1.2071962161016816,659,47.64774687635388,52.35225312364612,-0.09629943280437617,-0.0018883338365631543,-2.479873580371458,659,45.18502835978119,54.81497164021881,-0.04279677463377396,-0.0009061716161905834,-1.0979733733161754,659,47.8601612683113,52.1398387316887
HCAT,-0.24073579035711798,-0.01137048402712757,-6.357512568378375,659,37.9632104821441,62.0367895178559,-0.04382670181026452,-0.0014033379674348687,-1.1244469397794923,659,47.80866490948677,52.19133509051323,-0.19472237660154806,-0.014915243515470303,-5.088528739105308,659,40.2638811699226,59.7361188300774,-0.2126841625948961,-0.010507521518509281,-5.579168649614329,659,39.365791870255194,60.634208129744806,-0.2588064489540984,-0.015610580860152578,-6.8677184605272785,659,37.05967755229508,62.94032244770492,-0.20613255517015439,-0.011056242893835099,-5.3995523393030895,659,39.693372241492284,60.306627758507716,-0.2340368418331749,-0.01355468977344076,-6.1701952965738,659,38.29815790834126,61.70184209165874
HD,-0.12151855845394309,-0.0017228115645795115,-3.1380204238920646,659,43.924072077302846,56.075927922697154,-0.31386773262313267,-0.0030166646576932736,-8.473241985602025,659,34.306613368843365,65.69338663115664,-0.03792911483753862,-0.0008720553950970856,-0.9728995648510377,659,48.10354425812307,51.89645574187693,-0.06160593012438239,-0.0009135756893221953,-1.5820889909236249,659,46.91970349378088,53.08029650621912,-0.13411240707570768,-0.002428118095628321,-3.4689084075864303,659,43.294379646214615,56.705620353785385,-0.3536779999283807,-0.005694110741637478,-9.691892218505593,659,32.316100003580964,67.68389999641903,-0.13348674194605353,-0.002320600414411784,-3.452430857675475,659,43.325662902697324,56.674337097302676
HEI,-0.22854321992039833,-0.0040679290287838525,-6.01727703337053,659,38.572839003980086,61.427160996019914,-0.08737166970038646,-0.0010542918678732632,-2.2481088748535916,659,45.63141651498068,54.36858348501932,-0.1376394513560083,-0.003973051135125244,-3.5618764851995173,659,43.11802743219958,56.88197256780042,0.04826300086225988,0.0008985581614973213,1.2385210755996732,659,52.413150043113,47.586849956887,-0.19554707128243862,-0.0044449002604432224,-5.110934816937756,659,40.22264643587807,59.77735356412193,-0.21091029442974862,-0.004263099777949769,-5.530460416422288,659,39.45448527851257,60.54551472148743,-0.24452994666183756,-0.005337085270066286,-6.464031072182903,659,37.77350266690812,62.22649733309188
HIMS,-0.3547650143195861,-0.021375636394583283,-9.72596112378161,659,32.26174928402069,67.73825071597932,0.0020289835069250586,8.287851889672408e-05,0.05200703509778259,659,50.10144917534626,49.89855082465374,-0.2222723936724981,-0.02171900831046641,-5.843465069885144,659,38.886380316375096,61.113619683624904,-0.03385283529678419,-0.0021335369218909465,-0.8682138901464637,659,48.30735823516079,51.69264176483921,-0.21457726992560783,-0.016510782749116135,-5.631214789333748,659,39.2711365037196,60.7288634962804,-0.23560966485417872,-0.01612107743805946,-6.2140900770499385,659,38.21951675729106,61.78048324270894,-0.28359842480121084,-0.020953141499781117,-7.580426572142472,659,35.820078759939456,64.17992124006054
HIMX,-0.36792603505157945,-0.01601962634038688,-10.142101354771784,659,31.60369824742103,68.39630175257898,0.08965447358618582,0.00264636060181845,2.307316200397522,659,54.48272367930929,45.51727632069071,-0.04661169888356139,-0.0032912660507944413,-1.196051597043645,659,47.66941505582193,52.33058494417807,0.17000997805802145,0.007742712239220746,4.422072694332503,659,58.50049890290108,41.49950109709892,-0.2232952494770338,-0.012415866209475795,-5.871763340787422,659,38.83523752614831,61.16476247385169,-0.2798315791266549,-0.013836023110527867,-7.471124268649819,659,36.008421043667255,63.991578956332745,-0.3173218809188792,-0.01694177635149396,-8.576868671926952,659,34.13390595405604,65.86609404594395
HIVE,-0.4185269895267774,-0.022937614638532482,-11.811976438051909,659,29.073650523661133,70.92634947633887,0.02464647548206106,0.0009157244309584828,0.6319306983965829,659,51.23232377410305,48.76767622589695,-0.14905088799813257,-0.013247549368410388,-3.863632641327334,659,42.54745560009337,57.45254439990663,-0.03197308613217703,-0.0018328890899863325,-0.8199537205765622,659,48.40134569339115,51.59865430660885,-0.2883268723531932,-0.02017974073955009,-7.718172650766838,659,35.58365638234034,64.41634361765966,-0.2838760773998729,-0.017667547678654298,-7.588498210040423,659,35.80619613000635,64.19380386999364,-0.3530965921426183,-0.023729324286523894,-9.673688334009482,659,32.34517039286908,67.65482960713092
HL,-0.2496416405604632,-0.00968935573150059,-6.6080391290695575,659,37.517917971976836,62.482082028023164,0.024239818307652723,0.0006378116223169837,0.6214979084351189,659,51.211990915382636,48.788009084617364,0.17676183829441783,0.0111260902536485,4.603245732026778,659,58.83809191472089,41.16190808527911,0.10978972948877219,0.00445724425361897,2.831246932892022,659,55.48948647443861,44.51051352556139,-0.10834305871663437,-0.005370128079195776,-2.7934942183787443,659,44.58284706416828,55.41715293583172,-0.03586347400655277,-0.0015807126286641712,-0.9198447059934345,659,48.206826299672365,51.793173700327635,-0.19478925191521906,-0.009270644451678675,-5.090345251608842,659,40.26053740423905,59.73946259576095
HMC,-0.25654981938819926,-0.004572138430186889,-6.8035973973769845,659,37.17250903059004,62.82749096940996,-0.0025082742854809744,-3.0304552788239492e-05,-0.06429231691424107,659,49.874586285725954,50.125413714274046,0.20295994614290286,0.005865893760332314,5.312847704137368,659,60.14799730714514,39.85200269285486,0.10093324469668188,0.0018815195638990537,2.600401793097231,659,55.0466622348341,44.9533377651659,-0.29549271682004297,-0.006725121230884195,-7.928102097929384,659,35.22536415899785,64.77463584100215,-0.262467168484278,-0.0053118443143668264,-6.9719930507438175,659,36.8766415757861,63.1233584242139,-0.3204531623632907,-0.007002921890821861,-8.67113700397004,659,33.977341881835464,66.02265811816454
HON,-0.17939535351895994,-0.0026124480277140063,-4.674091210369344,659,41.030232324052,58.969767675948,-0.1090743822976956,-0.00107682325759084,-2.8125767772937325,659,44.546280885115216,55.453719114884784,-0.07379262569376055,-0.0017427120294853128,-1.8966243531562181,659,46.310368715311974,53.689631284688026,0.00016599023370205752,2.5284004058360176e-06,0.004254663593923393,659,50.00829951168511,49.99170048831489,-0.2257463559228337,-0.004198197796132229,-5.939658812824455,659,38.712682203858314,61.287317796141686,-0.21384999418424636,-0.003536457194412671,-5.611212374415242,659,39.30750029078769,60.69249970921231,-0.23763254643382264,-0.004243355852722243,-6.270621282354286,659,38.118372678308866,61.881627321691134
HOOD,-0.5052154492178746,-0.021703223974322512,-15.005549658812543,659,24.739227539106267,75.26077246089373,0.0508246960803493,0.0014801564290208755,1.3044250329883667,659,52.54123480401746,47.45876519598254,-0.1895673448778313,-0.013206488371723037,-4.948723956817383,659,40.52163275610843,59.47836724389157,-0.13736709298937796,-0.006172444353429372,-3.5546926188474686,659,43.1316453505311,56.8683546494689,-0.3720088655756303,-0.020408289131040806,-10.27260903306066,659,31.399556721218485,68.60044327878151,-0.3492154242673679,-0.017035847398192947,-9.552495197515325,659,32.539228786631604,67.46077121336839,-0.4567093359367087,-0.024057726427054865,-13.158912567912786,659,27.164533203164567,72.83546679683543
HOVR,-0.20084994334463002,-0.018026799804125748,-5.255280000143414,659,39.9575028327685,60.0424971672315,-0.008126928461157803,-0.0004944911857604811,-0.208316401076925,659,49.59365357694211,50.40634642305789,-0.058192671779194904,-0.00847015612940075,-1.4941272088029764,659,47.09036641104025,52.90963358895975,-0.018094105289397595,-0.0016986772923726805,-0.46386425009837656,659,49.09529473553012,50.90470526446988,-0.11721933551625179,-0.013435438833435922,-3.025424448629934,659,44.139033224187415,55.860966775812585,-0.06255943298546499,-0.006376207177788031,-1.6066711719369995,659,46.87202835072675,53.12797164927325,-0.13492883216481025,-0.014849736467618927,-3.490416177849973,659,43.25355839175949,56.74644160824051
HPQ,-0.2377754829735211,-0.005694286793704402,-6.274619029319364,659,38.111225851323944,61.888774148676056,0.013977405869602737,0.00022692588412523459,0.3583040265568979,659,50.698870293480134,49.301129706519866,-0.08227242780864549,-0.0031952347718992636,-2.115981229904446,659,45.88637860956772,54.11362139043228,-0.08182583564495038,-0.002049696499210778,-2.104417600425861,659,45.90870821775248,54.09129178224752,-0.3001064358517923,-0.009178109864825958,-8.064037520044321,659,34.99467820741039,65.00532179258961,-0.25421262077982004,-0.006913406061211553,-6.737312542084577,659,37.289368961009,62.710631038991,-0.2979934829247243,-0.008750766453426345,-8.00170660176189,659,35.100325853763785,64.89967414623621
HRL,0.20567165976928967,0.003448576406667257,5.386945508402019,659,60.28358298846448,39.71641701153552,-0.14845045718620664,-0.001687454747051949,-3.8477170845242132,659,42.577477140689666,57.422522859310334,0.04734514733370684,0.0012874105640844947,1.2149137651970634,659,52.36725736668534,47.63274263331466,-0.14627494716570374,-0.0025654419716688833,-3.7900873680679465,659,42.68625264171481,57.31374735828519,0.047531852160978674,0.0010177844616074455,1.2197155854313988,659,52.37659260804893,47.62340739195107,0.00844176302172524,0.00016073899556273385,0.21638707499680748,659,50.422088151086264,49.577911848913736,0.10540861256390256,0.002167247744546178,2.7169710029679988,659,55.270430628195136,44.729569371804864
HSAI,-0.2715242490601921,-0.01608140944135445,-7.231384144244674,659,36.4237875469904,63.5762124530096,0.012068583992369292,0.00048457053339001405,0.3093646109039653,659,50.60342919961847,49.39657080038153,0.08411795200211675,0.008079423532986948,2.163781154479684,659,54.205897600105835,45.794102399894165,0.04923827781536629,0.0030503184987776414,1.263608771335707,659,52.46191389076832,47.53808610923168,-0.14009966650535666,-0.010596398157272802,-3.626805939260259,659,42.99501667473217,57.00498332526783,-0.1923380022717434,-0.012936097583128473,-5.023810719313928,659,40.38309988641283,59.61690011358717,-0.20568332773841388,-0.014937628047323577,-5.387264615102144,659,39.715833613079305,60.284166386920695
HSBC,-0.3076230353162073,-0.0046563090848060935,-8.28683995373452,659,34.618848234189635,65.38115176581036,-0.055994053183269,-0.0005745793969852065,-1.437495483721201,659,47.20029734083655,52.79970265916345,0.2541951044487176,0.006239737596892037,6.736816243044604,659,62.70975522243588,37.29024477756412,0.11878066010700707,0.0018805960880734173,3.0662949951350664,659,55.93903300535036,44.06096699464964,-0.31722337175498877,-0.006131882208942247,-8.57390810526743,659,34.13883141225056,65.86116858774943,-0.3408453737677541,-0.005858724086544488,-9.293024611921936,659,32.95773131161229,67.04226868838771,-0.3513441531102501,-0.006521128248761562,-9.618896758641608,659,32.432792344487495,67.5672076555125
HTGC,-0.33612768897013645,-0.0047275999562461,-9.147885383943516,659,33.193615551493174,66.80638444850683,0.06778662426453869,0.0006463468447162654,1.7415132714883936,659,53.38933121322693,46.61066878677307,-0.14822711188394752,-0.0033809618743115746,-3.8417980052661416,659,42.588644405802626,57.411355594197374,-0.17349122261169528,-0.0025523532654525894,-4.515403180278049,659,41.32543886941524,58.67456113058476,-0.4135514916813404,-0.007427996678446681,-11.642373206158432,659,29.32242541593298,70.67757458406702,-0.2891381943806767,-0.0046181133564256755,-7.741869052484531,659,35.54309028096616,64.45690971903383,-0.40463074270454247,-0.006978504605052548,-11.341415815365803,659,29.768462864772875,70.23153713522713
HUBS,-0.21369038299987939,-0.00723250309666127,-5.606823864877474,659,39.31548085000603,60.68451914999397,-0.017133811122566244,-0.00039313600642592987,-0.43923851701386807,659,49.143309443871686,50.856690556128314,-0.19254012352946176,-0.010568201694545127,-5.029293204068681,659,40.37299382352691,59.62700617647309,-0.5707377607050954,-0.020205383774823678,-17.815831894776117,659,21.46311196474523,78.53688803525478,-0.18205471104001805,-0.007868849721309076,-4.745737250436778,659,40.8972644479991,59.1027355520009,-0.22392903492602537,-0.00860670174216292,-5.889307849395917,659,38.803548253698736,61.196451746301264,-0.21544770301920882,-0.008941545315793522,-5.655167402355867,659,39.22761484903956,60.77238515096044
HUM,-0.11114898070025063,-0.003020858885467067,-2.8667349131262565,659,44.44255096498747,55.55744903501253,-0.03667774514225856,-0.0006757915829815665,-0.9407573687645527,659,48.16611274288707,51.83388725711293,-0.1603456118052082,-0.00706737652138227,-4.163856948901345,659,41.98271940973959,58.01728059026041,-0.10980061360465324,-0.0031214513254485534,-2.8315310364528257,659,44.509969319767336,55.490030680232664,-0.10708994139780674,-0.0037168866215275655,-2.7608070516750205,659,44.645502930109664,55.354497069890336,-0.13013301058481022,-0.004016383045689836,-3.3641779236914826,659,43.49334947075949,56.50665052924051,-0.08368342545538228,-0.0027888905195703594,-2.152524717706151,659,45.81582872723089,54.18417127276911
HUMA,-0.30083488926070223,-0.02034813770179585,-8.085556653235667,659,34.95825553696489,65.04174446303512,0.0020982853194857925,9.62157576027273e-05,0.05378339128421658,659,50.10491426597429,49.89508573402571,-0.08002634714358459,-0.00877820372774844,-2.057836227172596,659,45.99868264282077,54.00131735717923,-0.057998765287412414,-0.004103383048530576,-1.4891317262812724,659,47.10006173562938,52.89993826437062,-0.2013063627282224,-0.017388400983099777,-5.26772610432428,659,39.934681863588885,60.065318136411115,-0.15187634104053874,-0.011665659218865067,-3.9385856318259287,659,42.406182947973065,57.593817052026935,-0.23400689937657596,-0.01940850978789112,-6.169360152749424,659,38.299655031171206,61.700344968828794
HUMN,-0.5788505116684632,-0.011770434536198119,-12.295279454303834,302,21.057474416576838,78.94252558342316,-0.08411632247107585,-0.001109585244330814,-1.4621192782214505,302,45.79418387644621,54.20581612355379,0.15441472625647712,0.0055976145128928435,2.707009056061822,302,57.72073631282386,42.27926368717614,0.3637696029122545,0.006397415881509176,6.764089151322359,302,68.18848014561273,31.81151985438727,-0.216394025913172,-0.005733908567074221,-3.8390156784762817,302,39.180298704341396,60.819701295658604,-0.495001826390412,-0.011130848801298457,-9.867375679565654,302,25.2499086804794,74.7500913195206,-0.4073605183680477,-0.010471184901636949,-7.725766710471685,302,29.631974081597612,70.3680259184024
HUN,-0.2017299619160639,-0.005896395409807168,-5.279280433672294,659,39.9135019041968,60.0864980958032,-0.017219659446085393,-0.0003412132967323355,-0.4414399564068574,659,49.13901702769573,50.86098297230427,0.02366536084457661,0.0011217743879084695,0.6067607268282812,659,51.18326804222883,48.81673195777117,0.06626680469748376,0.002025998263599853,1.7022932259691816,659,53.31334023487418,46.68665976512582,-0.24631009636424386,-0.009193991244044906,-6.514116082905306,659,37.68449518178781,62.31550481821219,-0.16869564108219526,-0.005599416179103517,-4.386880505794914,659,41.56521794589024,58.43478205410976,-0.23591737577434052,-0.00845557574762201,-6.22268379109164,659,38.20413121128298,61.79586878871702
HUT,-0.4504204441525218,-0.02856545928875839,-12.931191359575738,659,27.47897779237391,72.52102220762609,0.025679594362508964,0.0011040696504895278,0.6584367873308599,659,51.28397971812545,48.71602028187455,-0.1288241887121888,-0.013249415787234799,-3.3297685202311054,659,43.55879056439056,56.44120943560944,0.029098636357121344,0.0019302901738708687,0.7461725445335556,659,51.454931817856064,48.545068182143936,-0.29399341966843573,-0.023810384323332403,-7.884059375033786,659,35.30032901657821,64.69967098342178,-0.3038341752438685,-0.021881769168146954,-8.174322662449672,659,34.80829123780658,65.19170876219343,-0.374010196230771,-0.029085304952692754,-10.336833462166188,659,31.299490188461455,68.70050981153855
HXGBY,-0.28598575762666983,-0.005601800146933335,-7.649896747549339,659,35.70071211866651,64.2992878813335,-0.09535041840615735,-0.0012661670402288562,-2.455209496982863,659,45.23247907969213,54.76752092030787,0.14987890070766874,0.004761018846384826,3.8855878614910844,659,57.49394503538343,42.50605496461657,-0.03565439344684274,-0.000730504850259042,-0.9144752551151603,659,48.21728032765786,51.78271967234214,-0.16851711558289292,-0.004215342827929151,-4.38210223749091,659,41.57414422085535,58.42585577914465,-0.31989617211405774,-0.0071156559696408305,-8.654345592714746,659,34.005191394297114,65.99480860570289,-0.2599805421703084,-0.006244405724569671,-6.901127340854184,659,37.00097289148458,62.99902710851542
HYDR,-0.4120992716459817,-0.012196631023314083,-11.593108970989396,659,29.395036417700915,70.60496358229909,-0.04910650378119799,-0.0009852858580845383,-1.2602188503819312,659,47.5446748109401,52.4553251890599,0.05277601118169167,0.002533091035836582,1.3546431758865465,659,52.638800559084586,47.361199440915414,0.18958976519442372,0.005869211682186283,4.949331068163318,659,59.47948825972118,40.52051174027882,-0.24042110442477752,-0.009086911644606965,-6.348691944664212,659,37.978944778761125,62.021055221238875,-0.2896008769154333,-0.009733311109767004,-7.7553908357314505,659,35.51995615422834,64.48004384577166,-0.3429649509102677,-0.012446717750831554,-9.358490778265605,659,32.851752454486615,67.14824754551339
HYFM,-0.05078471176440027,-0.006383513704124503,-1.3033961737133113,659,47.46076441177999,52.53923558822001,-0.05485735525409512,-0.004674625941435464,-1.408224849010377,659,47.257132237295245,52.742867762704755,-0.06376011174831467,-0.01299726784869474,-1.6376320660683013,659,46.81199441258427,53.18800558741573,-0.07251105974747334,-0.0095336214065877,-1.8635097857511465,659,46.374447012626334,53.625552987373666,-0.0336123846829984,-0.005395501370693769,-0.8620401226726594,659,48.31938076585008,51.68061923414992,-0.07765120373261329,-0.011084029922324226,-1.996384435974916,659,46.11743981336934,53.88256018663066,-0.047813270809794445,-0.00736957291127942,-1.2269535718133555,659,47.609336459510274,52.390663540489726
HYG,-0.3049043257591678,-0.0008802634865730467,-8.206059136036504,659,34.75478371204161,65.24521628795839,-0.29052487552834605,-0.0005686140955795511,-7.78241224099626,659,35.4737562235827,64.5262437764173,-0.04681204917553272,-0.0002191709300983184,-1.2012038320612732,659,47.65939754122336,52.34060245877664,-0.040813686287354746,-0.0001232485361325883,-1.0470092604452679,659,47.95931568563226,52.04068431436774,-0.3118992209344114,-0.001149923820825915,-8.414352714322831,659,34.40503895327943,65.59496104672057,-0.46809777049236123,-0.0015346465532528489,-13.577689176655937,659,26.595111475381938,73.40488852461806,-0.3810978927245488,-0.0013491266212963164,-10.565645135855855,659,30.945105363772562,69.05489463622743
HYMTF,,,,0,,,,,,0,,,,,,0,,,,,,0,,,,,,0,,,,,,0,,,,,,0,,
HYSR,-0.014889805058078721,-0.0008963968028705132,-0.3816979653160963,659,49.25550974709606,50.74449025290394,0.02668260461099162,0.001088992035761019,0.6841724167307982,659,51.334130230549576,48.665869769450424,-0.011659231110839774,-0.0011383017259186266,-0.2988698573620498,659,49.41703844445801,50.58296155554199,0.03893440188812948,0.002451724350040016,0.9987242906614329,659,51.94672009440647,48.05327990559353,-0.04003817809896595,-0.0030781605851346477,-1.027082596395566,659,47.998091095051706,52.001908904948294,-0.020908375539059595,-0.0014294016295142967,-0.5360408974150718,659,48.95458122304702,51.04541877695298,-0.04984774738710175,-0.003679797222269729,-1.2792883962405455,659,47.507612630644914,52.492387369355086
IAU,-0.09644502954604146,-0.0012812348389178263,-2.483658119051749,659,45.177748522697925,54.822251477302075,0.0005391565717021129,4.855668033953866e-06,0.0138196693124249,659,50.026957828585104,49.973042171414896,0.2888486547638057,0.006222937432042774,7.733410341062136,659,64.44243273819028,35.55756726180972,0.12278766724285256,0.0017062021442246268,3.1712921470674824,659,56.139383362142624,43.860616637857376,0.05931686525770625,0.0010063122495804525,1.5230924109576789,659,52.965843262885315,47.034156737114685,0.20265454889204315,0.003057228780675595,5.304510724371696,659,60.13272744460216,39.86727255539784,-0.017825300146660387,-0.0002903707076970176,-0.4569708986807793,659,49.10873499266698,50.89126500733302
IBB,-0.26871411924992955,-0.0034776720872072677,-7.1506857163205275,659,36.56429403750352,63.43570596249648,-0.211654072307467,-0.0018569917219944808,-5.550876644536997,659,39.417296384626646,60.582703615373354,-0.09194487945140183,-0.0019297537214017304,-2.3667575358371185,659,45.40275602742991,54.59724397257009,-0.043533560131276634,-0.0005893172774556356,-1.1169115734815598,659,47.82332199343617,52.17667800656383,-0.2296067724198071,-0.003794796711985282,-6.0468337322591985,659,38.51966137900965,61.48033862099035,-0.37735448894198415,-0.005545878587946894,-10.444530208584624,659,31.13227555290079,68.8677244470992,-0.2959471359396387,-0.004696554294065947,-7.941463575622333,659,35.20264320301807,64.79735679698193
IBM,-0.14611707768771912,-0.0032788474511015555,-3.7859075704781326,659,42.694146115614046,57.305853884385954,-0.03318251433555277,-0.0005047946229552866,-0.8510032203210677,659,48.34087428322236,51.65912571677764,-0.10502131636318637,-0.0038218521970788647,-2.7068766676589098,659,44.74893418184068,55.25106581815932,-0.24349086262452535,-0.005715177826549603,-6.434828326030508,659,37.825456868773735,62.174543131226265,-0.20704460830792687,-0.005933211610429406,-5.424510719614461,659,39.64776958460365,60.35223041539635,-0.22955955208333415,-0.005849763337396079,-6.045520969486734,659,38.5220223958333,61.4779776041667,-0.22516446469356796,-0.006195653881935124,-5.923529769324248,659,38.7417767653216,61.2582232346784
IBOT,-0.596378498681407,-0.008666036046707912,-19.043623230276175,659,20.181075065929647,79.81892493407035,-0.021106161628935374,-0.00020791842140541975,-0.5411139104689976,659,48.94469191855323,51.05530808144677,0.026780869460736937,0.0006311017474212742,0.6866938446484896,659,51.33904347303685,48.66095652696315,0.27783200939671066,0.004222869296815193,7.413255455178213,659,63.89160046983553,36.10839953016447,-0.4408520241581948,-0.008180823666093157,-12.589325281920704,659,27.95739879209026,72.04260120790974,-0.5737528584795986,-0.009467734483653638,-17.955956361569015,659,21.31235707602007,78.68764292397992,-0.5807436805267908,-0.010347848680042019,-18.285070601142685,659,20.962815973660458,79.03718402633955
ICE,-0.0004078282815831253,-5.086518953943298e-06,-0.010453459965208096,659,49.97960858592084,50.02039141407916,-0.11110084106562078,-0.0009393898648142618,-2.865477783546427,659,44.44495794671896,55.55504205328104,-0.09273978851837299,-0.0018757960855587362,-2.3873960726227113,659,45.36301057408135,54.63698942591865,-0.28426472822186055,-0.0037084561585494567,-7.599800164657852,659,35.78676358890697,64.21323641109302,-0.11938630985580936,-0.0019015315483319945,-3.082155185287401,659,44.030684507209536,55.969315492790464,-0.16245677832779545,-0.002300932392611796,-4.220155950779852,659,41.877161083610225,58.122838916389775,-0.12108859197464346,-0.0018518833191597357,-3.1267517140820966,659,43.94557040126782,56.05442959873218
ICLN,-0.311886023614169,-0.004916520199729508,-8.413958314524594,659,34.40569881929155,65.59430118070844,-0.14531537685790255,-0.001552954325634979,-3.7646860632583685,659,42.73423115710487,57.26576884289513,0.1736204216972382,0.0044385275249740975,4.518870279019521,659,58.681021084861904,41.318978915138096,0.2263296407569142,0.003731901689403752,5.9558332076301115,659,61.31648203784571,38.68351796215429,-0.1626375123834714,-0.003274072681693409,-4.224978384518613,659,41.86812438082643,58.13187561917357,-0.2993161014029775,-0.005358147789540317,-8.040707902503426,659,35.034194929851125,64.96580507014887,-0.27325763482224097,-0.005282035092966538,-7.281261125212522,659,36.337118258887955,63.662881741112045
IDCC,-0.26767579925530216,-0.0065288524455786095,-7.120918250711388,659,36.61621003723489,63.38378996276511,-0.05258354445836801,-0.0008694864093773163,-1.3496892591023435,659,47.3708227770816,52.6291772229184,-0.09032800487451044,-0.0035729452349133996,-2.3247920224926353,659,45.48359975627448,54.51640024372552,0.06306203679382982,0.0016088760432720506,1.6196305338136758,659,53.15310183969149,46.84689816030851,-0.19496977516086383,-0.006072964116848968,-5.095249114636685,659,40.251511241956806,59.748488758043194,-0.289159623786109,-0.008009180666282588,-7.74249519072259,659,35.54201881069455,64.45798118930546,-0.25722537947129503,-0.00769322837622814,-6.822780562983867,659,37.138731026435245,62.861268973564755
IDXX,-0.16706343713570784,-0.003575765535285259,-4.3432107359886,659,41.646828143214606,58.353171856785394,-0.08228710860589168,-0.0011940008063553184,-2.116361382146661,659,45.88564456970541,54.11435543029459,-0.07545790994415251,-0.002619199565303424,-1.9396680127407973,659,46.22710450279238,53.77289549720762,-0.08228131636830571,-0.0018421105886288847,-2.116211394751503,659,45.885934181584716,54.114065818415284,-0.17681172940603818,-0.004832861760147371,-4.604586923213201,659,41.15941352969809,58.84058647030191,-0.2852433391145387,-0.0069330738703645926,-7.628276211658061,659,35.73783304427307,64.26216695572694,-0.22142021368394785,-0.00581128199498049,-5.819904210765903,659,38.92898931580261,61.07101068419739
IDYA,-0.24889439422259846,-0.007387186051435454,-6.586951113502684,659,37.55528028887007,62.44471971112993,-0.08130822138520165,-0.0016360010524667198,-2.0910165891231194,659,45.93458893073992,54.06541106926008,-0.1582351358806829,-0.007616282468566734,-4.1076349875012195,659,42.08824320596586,57.91175679403414,-0.07395641997444558,-0.0022959723197028222,-1.9008573345886883,659,46.30217900127772,53.69782099872228,-0.1860719016243288,-0.007052618577406409,-4.854169659362555,659,40.69640491878356,59.30359508121644,-0.2230185240073864,-0.007516705809475527,-5.864105460091044,659,38.84907379963068,61.15092620036932,-0.23150737545195202,-0.008425502586911727,-6.099709551455802,659,38.4246312274024,61.5753687725976
IEF,0.39792334529649054,0.0014295307266545213,11.117689251681208,659,69.89616726482453,30.103832735175473,-0.8116770972399902,-0.0019767992300357726,-35.61836743434818,659,9.416145138000493,90.58385486199951,0.15619620553939265,0.0009099986568206479,4.053373812078697,659,57.80981027696963,42.19018972303037,-0.04787283421668365,-0.00017989125902720892,-1.2284855586972618,659,47.60635828916582,52.39364171083418,0.6194187386433371,0.002841738386913052,20.223845719836543,659,80.97093693216686,19.029063067833135,-0.0926924530298611,-0.0003781474229683152,-2.386166954190475,659,45.36537734850695,54.63462265149305,0.5767929277057254,0.0025408619237220938,18.09834328083386,659,78.83964638528627,21.160353614713728
IEUR,-0.3060469208943149,-0.0029105087511378793,-8.239981865084305,659,34.69765395528426,65.30234604471573,-0.16817828892161818,-0.0010842664513493665,-4.373034698793757,659,41.59108555391909,58.40891444608091,0.35396017636284505,0.0054589798854417565,9.700731791731224,659,67.69800881814226,32.301991181857744,0.11340260094479283,0.0011280562506938035,2.925609502960391,659,55.67013004723964,44.32986995276036,-0.2765972737550282,-0.003359189228018652,-7.377573639620866,659,36.17013631224859,63.82986368775141,-0.41248338339252255,-0.004454613684291033,-11.60612896263016,659,29.37583083037387,70.62416916962613,-0.36167227082669495,-0.004217578462092851,-9.94351070440434,659,31.91638645866525,68.08361354133476
IFF,0.004834859000721531,9.081416208533227e-05,0.12392860870820577,659,50.24174295003607,49.75825704996393,-0.24506889060083462,-0.0031206362390290548,-6.479187043002224,659,37.746555469958274,62.253444530041726,0.0967414130325504,0.0029468524408705877,2.4913625991835677,659,54.83707065162752,45.16292934837248,0.001958040928660406,3.846966270036192e-05,0.05018862329366146,659,50.09790204643302,49.90209795356698,-0.09001330694806278,-0.0021591467606053177,-2.3166262941023525,659,45.499334652596865,54.500665347403135,-0.18765377197987826,-0.00400266975246201,-4.896936505670886,659,40.617311401006084,59.382688598993916,-0.09917295489357152,-0.0022841787302665334,-2.5545959127102913,659,45.04135225532143,54.95864774467857
IFNNY,-0.388128545295594,-0.010932676043906657,-10.794768432981218,659,30.5935727352203,69.4064272647797,-0.043742360832411585,-0.0008352919757354497,-1.1222788793397418,659,47.81288195837942,52.18711804162058,0.11289387065740243,0.0051570038366751956,2.9123152407852153,659,55.64469353287013,44.35530646712987,0.3159238506489777,0.009308081021490125,8.534881493707196,659,65.79619253244888,34.203807467551115,-0.24407086462354552,-0.008779555189471806,-6.451125972773382,659,37.79645676882272,62.20354323117728,-0.40417498090015136,-0.012928347446584283,-11.326145283094368,659,29.79125095499243,70.20874904500756,-0.34611229472235894,-0.011954598214143406,-9.456000363873422,659,32.694385263882054,67.30561473611795
IGV,-0.5040158862799908,-0.00851434345761062,-14.957768768508235,659,24.79920568600046,75.20079431399954,0.04628761070286636,0.0005300988953657507,1.1877176078447544,659,52.31438053514332,47.68561946485668,-0.25421494596780453,-0.006964408169439294,-6.737378423340862,659,37.289252701609776,62.710747298390224,-0.451867373367897,-0.007984445674272766,-12.983368087223791,659,27.406631331605148,72.59336866839485,-0.3733876069127156,-0.008055129330384408,-10.316836118621463,659,31.330619654364224,68.66938034563577,-0.48567376404011425,-0.009316960993148075,-14.241189394222294,659,25.716311797994283,74.28368820200572,-0.504552994624924,-0.010451552121015277,-14.97914843224558,659,24.7723502687538,75.2276497312462
IHF,-0.10614464045420673,-0.0012894241192972333,-2.7361579931288604,659,44.69276797728966,55.30723202271034,-0.11317212995181983,-0.0009320139328062441,-2.9195864914195284,659,44.34139350240901,55.65860649759099,-0.15367417342592535,-0.0030274348187959562,-3.9863294524477983,659,42.316291328703734,57.683708671296266,-0.17902915941545924,-0.0022748268092740134,-4.664233869615525,659,41.048542029227036,58.951457970772964,-0.15378033059466992,-0.002385636046893852,-3.989149859242569,659,42.31098347026651,57.68901652973349,-0.2277691928001948,-0.003142066670382057,-5.995780700883192,659,38.61154035999026,61.38845964000974,-0.14656100652701487,-0.002183148214605432,-3.7976619118988832,659,42.67194967364926,57.32805032635074
IHI,-0.13981675693810228,-0.0015440760539725674,-3.619335990949542,659,43.009162153094884,56.990837846905116,-0.1304648046571665,-0.000976760362940688,-3.37290374528261,659,43.47675976714168,56.52324023285832,-0.10092327645342394,-0.0018074945691582546,-2.6001423325903,659,44.9538361773288,55.0461638226712,-0.15987110770048388,-0.0018467422853292938,-4.1512113340521,659,42.006444614975806,57.993555385024194,-0.25026611202924726,-0.003529532530227269,-6.625671973578569,659,37.48669439853764,62.51330560146236,-0.3436858060411641,-0.004310163589246226,-9.380792251527561,659,32.8157096979418,67.1842903020582,-0.27374555197197,-0.003707008632963445,-7.295314400365826,659,36.3127224014015,63.6872775985985
ILIT,-0.3068574450139347,-0.008133327802905483,-8.2640694797838,659,34.657127749303264,65.34287225069673,0.017194296213352563,0.00030895925676211405,0.4407895569062891,659,50.85971481066763,49.14028518933237,0.178937665062157,0.007691473957893041,4.66177130555221,659,58.94688325310785,41.05311674689215,0.08556778244889839,0.0023722952249397144,2.201348132384226,659,54.27838912244491,45.72161087755509,-0.22943074278384504,-0.0077658482805150865,-6.041940197984039,659,38.52846286080775,61.47153713919225,-0.18701035427905802,-0.005628853667604468,-4.879536566300625,659,40.6494822860471,59.3505177139529,-0.29667563283147547,-0.009642298054937666,-7.962896214406099,659,35.16621835842623,64.83378164157378
ILMN,-0.24594504701058822,-0.006675361147759422,-6.5038396182962765,659,37.702747649470595,62.297252350529405,-0.08538156460515624,-0.001571035470368495,-2.1965222044502677,659,45.73092176974219,54.26907823025781,-0.09698534384269909,-0.004268929591446802,-2.4977040753105504,659,45.15073280786505,54.84926719213495,-0.10560938788208477,-0.002998237675723733,-2.7222044233723466,659,44.71953060589576,55.28046939410424,-0.16964416397518103,-0.005880053647034176,-4.412275363754442,659,41.517791801240946,58.482208198759054,-0.21493846342273468,-0.006624811408425875,-5.641152415262489,659,39.253076828863264,60.746923171136736,-0.2016257702833404,-0.006710421313761832,-5.276438158112952,659,39.91871148583298,60.08128851416702
IMMR,-0.3192355367158386,-0.008369340927857672,-8.634442580292639,659,34.03822316420807,65.96177683579194,-0.05199568541891671,-0.0009241288583743143,-1.3345592385316714,659,47.40021572905416,52.59978427094584,-0.1670355998827781,-0.0071017481452063215,-4.342466267432555,659,41.64822000586109,58.35177999413891,-0.07673899123324661,-0.002104374162903616,-1.9727920231810072,659,46.16305043833767,53.83694956166233,-0.2466225583261718,-0.008256928168703565,-6.5229145097072045,659,37.668872083691404,62.331127916308596,-0.2572593591210558,-0.0076590323945319025,-6.823745729811771,659,37.13703204394721,62.86296795605279,-0.271518735809123,-0.008728646287423406,-7.231225625807436,659,36.42406320954385,63.57593679045615
IMNM,-0.2394320814122027,-0.011004485587742384,-6.320983516722316,659,38.028395929389866,61.971604070610134,-0.10207632803294553,-0.0031805164030692694,-2.6301600452268628,659,44.89618359835272,55.10381640164728,-0.07282947333991935,-0.005428386612182982,-1.8717364476276575,659,46.358526333004036,53.641473666995964,-0.0002181967490337948,-1.0489686929831816e-05,-0.005592821656019178,659,49.98909016254831,50.01090983745169,-0.17647517204221894,-0.010358018867856242,-4.5955401740253805,659,41.17624139788905,58.82375860211095,-0.23160206939236175,-0.0120879466477312,-6.1023459124920505,659,38.41989653038191,61.58010346961809,-0.22665059370776047,-0.012773541664622846,-5.9647360602759365,659,38.667470314611975,61.332529685388025
INCY,-0.05944750060018108,-0.0011748475904313747,-1.5264586470785646,659,47.027624969990946,52.972375030009054,-0.1564835618463358,-0.00209653370732689,-4.061017868567883,659,42.17582190768321,57.82417809231679,-0.09871188962443252,-0.00316368760111181,-2.542602193336671,659,45.06440551877837,54.93559448122163,-0.060485547215893644,-0.0012503350065047056,-1.5532100398279138,659,46.97572263920532,53.02427736079468,-0.08197075736652912,-0.002068771654729926,-2.108169924374869,659,45.90146213167354,54.09853786832646,-0.19398994591111587,-0.004353613252205253,-5.068638782377262,659,40.300502704444206,59.699497295555794,-0.07933609203140718,-0.0019225860969277106,-2.0399737537359943,659,46.03319539842964,53.96680460157036
INDA,-0.27070331415594756,-0.0024433136399706445,-7.207788860088774,659,36.46483429220262,63.53516570779738,-0.11904548572251131,-0.0007284232073618245,-3.0732295728713157,659,44.047725713874435,55.952274286125565,0.13430351307143348,0.0019658447452336717,3.473942226410239,659,56.71517565357167,43.28482434642833,0.04059964874519597,0.0003832964252346018,1.0415093831771909,659,52.029982437259804,47.970017562740196,-0.2040970690348155,-0.002352491665683179,-5.343904042505809,659,39.795146548259225,60.204853451740775,-0.36075816944703054,-0.0036976390545205304,-9.914613548155517,659,31.96209152764847,68.03790847235153,-0.27071161312696534,-0.0029961227088653535,-7.208027303819378,659,36.464419343651734,63.535580656348266
INDI,-0.3630903336806346,-0.019875071522852276,-9.9884047567316,659,31.84548331596827,68.15451668403173,-0.0036728826433445327,-0.00013629698869465989,-0.09414400418914183,659,49.816355867832776,50.183644132167224,-0.18559228809111372,-0.016475178755920975,-4.841210752727042,659,40.72038559544431,59.27961440455569,0.0793783803380174,0.004544887025238263,2.0410680085158948,659,53.96891901690088,46.03108098309912,-0.26172186839607803,-0.018295307100767183,-6.95073737206815,659,36.9139065801961,63.0860934198039,-0.26997748314474646,-0.016782020655954417,-7.186941184962601,659,36.501125842762676,63.498874157237324,-0.3140287346464769,-0.02107805168733279,-8.47806380908539,659,34.29856326767615,65.70143673232386
INFY,-0.16681256988987792,-0.0031356473030088525,-4.336502026419779,659,41.6593715055061,58.3406284944939,-0.023471204075745523,-0.00029910178140996405,-0.6017799489371266,659,48.826439796212725,51.173560203787275,-0.08326849712729813,-0.002538372516741555,-2.1417771282147937,659,45.836575143635095,54.163424856364905,-0.31379409577206574,-0.006169785252063072,-8.471036917751487,659,34.31029521139671,65.68970478860328,-0.2348749789705265,-0.0056382050641263564,-6.193579852898038,659,38.256251051473676,61.743748948526324,-0.2565759925209326,-0.005476929438736807,-6.804340409158167,659,37.171200373953376,62.828799626046624,-0.2369116447022359,-0.005460745101680245,-6.250465182009456,659,38.1544177648882,61.8455822351118
INOD,-0.28711882346022194,-0.021055075734546243,-7.682922563266801,659,35.6440588269889,64.3559411730111,-0.028921877717238233,-0.0014378276253587186,-0.7416361395535861,659,48.55390611413809,51.44609388586191,-0.15637004781531974,-0.0185962299364989,-4.0579981195391825,659,42.181497609234015,57.818502390765985,-0.01212224237197834,-0.000929832991128571,-0.31074028497211315,659,49.393887881401085,50.606112118598915,-0.1840084250148102,-0.017232112809756076,-4.798440999025414,659,40.79957874925949,59.20042125074051,-0.2300364107260187,-0.019156423020647153,-6.05878008997573,659,38.49817946369907,61.50182053630093,-0.25580163114887594,-0.023001995519735967,-6.782364342130214,659,37.2099184425562,62.7900815574438
INSM,-0.11388945003975331,-0.003627326392208931,-2.938334143238638,659,44.30552749801233,55.69447250198767,-0.05368769895292816,-0.0011592126889744786,-1.378111248621338,659,47.31561505235359,52.68438494764641,-0.08870272994087688,-0.0045815910561282595,-2.2826271586700333,659,45.56486350295616,54.43513649704384,0.02086690979736662,0.0006951653624258491,0.5349773511060871,659,51.04334548986833,48.95665451013167,-0.09184896094315086,-0.0037357952573583686,-2.364267475235677,659,45.407551952842454,54.592448047157546,-0.09415792261332256,-0.0034055142517519415,-2.4242271074285124,659,45.29210386933387,54.70789613066613,-0.12119023577549637,-0.004733014481146762,-3.1294154684125646,659,43.94048821122518,56.05951178877482
INTC,-0.358372067148447,-0.014331381744621662,-9.83933696898714,659,32.08139664257765,67.91860335742234,0.007443802248909346,0.00020180593556332781,0.1908049092238036,659,50.372190112445466,49.627809887554534,-0.08284423579871195,-0.005372697697752385,-2.1307889525440413,659,45.857788210064406,54.142211789935594,0.31784046757838774,0.013295049222230779,8.592459223509449,659,65.89202337891939,34.10797662108061,-0.26144869868109405,-0.013351992385024044,-6.942950020109923,659,36.9275650659453,63.0724349340547,-0.3588883682593251,-0.016298062895301942,-9.855606353625175,659,32.05558158703374,67.94441841296626,-0.34227203245717436,-0.016783880907506286,-9.337071259991514,659,32.886398377141276,67.11360162285872
INTU,-0.19566165427379745,-0.004565222525606211,-5.114048805730911,659,40.21691728631013,59.78308271368987,0.039736909243854535,0.0006285437476511961,1.01934200386609,659,51.98684546219272,48.01315453780728,-0.18392233013221446,-0.006959321292566365,-4.796117253097916,659,40.80388349338928,59.19611650661072,-0.47091408911021765,-0.01149277119277113,-13.682568044181098,659,26.454295544489113,73.54570445551089,-0.18042237474663814,-0.005375913893520801,-4.701747652006943,659,40.9788812626681,59.0211187373319,-0.2530638657684415,-0.006705158714834765,-6.704779266575916,659,37.346806711577926,62.653193288422074,-0.23658912629843287,-0.00676889961965748,-6.241451251156115,659,38.17054368507836,61.82945631492164
INVH,0.005842096486696946,7.355855961970962e-05,0.1497472382538013,659,50.29210482433485,49.70789517566515,-0.14012069875197633,-0.001196057286932723,-3.627361311163221,659,42.99396506240119,57.00603493759881,-0.06259755991025306,-0.0012781978771286785,-1.6076542105139344,659,46.87012200448735,53.12987799551265,-0.15645491696815308,-0.0020605376462121496,-4.060255829653713,659,42.17725415159235,57.82274584840765,-0.12584841612096928,-0.0020235685636739854,-3.2515999173787717,659,43.70757919395153,56.29242080604847,-0.15639371973569968,-0.00223617863741238,-4.058627836529687,659,42.18031401321502,57.81968598678498,-0.09893860317593856,-0.0015275566621893721,-2.54849949983297,659,45.053069841203076,54.946930158796924
INVZ,-0.29258419695085414,-0.01722757767065075,-7.842720727729444,659,35.370790152457296,64.62920984754271,8.09192850398491e-05,3.2300599580185784e-06,0.0020741240301372726,659,50.004045964252,49.995954035748,-0.047611798466923316,-0.004546363268082274,-1.2217717459740811,659,47.619410076653836,52.380589923346164,0.06616862101198764,0.004075231467086988,1.6997599370213692,659,53.30843105059938,46.69156894940062,-0.1757954628341237,-0.013218637474921361,-4.577274483197606,659,41.210226858293815,58.789773141706185,-0.18966625797329845,-0.012681952466071733,-4.95140244788403,659,40.51668710133508,59.48331289866492,-0.22105451119373512,-0.01596025391571795,-5.80979766313552,659,38.947274440313244,61.052725559686756
IONQ,-0.40884061470251803,-0.025491133722379426,-11.482950464141535,659,29.557969264874096,70.44203073512591,0.006024194510421847,0.0002546357050598744,0.15441502333570903,659,50.30120972552109,49.69879027447891,-0.17103087938896602,-0.0172936172862214,-4.449424719250366,659,41.448456030551704,58.551543969448296,-0.06329666401592157,-0.004128029442504235,-1.6256806902575363,659,46.83516679920392,53.16483320079608,-0.2545999859550941,-0.020272120206786468,-6.748289767633636,659,37.2700007022453,62.7299992977547,-0.2601244172285292,-0.018417850048505394,-6.905223566479339,659,36.993779138573544,63.006220861426456,-0.33691916297313396,-0.025758934486261847,-9.172180341741862,659,33.1540418513433,66.8459581486567
IONZ,0.4631137251230903,0.05247818063726775,9.080524419583366,304,73.15568625615452,26.844313743845476,0.011897612784628928,0.000874567461012058,0.20677310147797662,304,50.59488063923144,49.40511936076856,0.17702406674205845,0.035765244551326646,3.1257162166208894,304,58.851203337102916,41.148796662897084,0.017393935069821013,0.0017037853949391126,0.3023201007564133,304,50.869696753491056,49.130303246508944,0.18788836098341255,0.027743574521532366,3.324357094416504,304,59.394418049170625,40.605581950829375,0.2500864132004146,0.03134283991103871,4.488672716462838,304,62.50432066002073,37.49567933997927,0.30356887501345003,0.043477715750515955,5.5367464424099095,304,65.1784437506725,34.8215562493275
IOT,-0.27669319202131226,-0.009319736362733406,-7.380344098076891,659,36.16534039893439,63.83465960106561,0.00483411256252146,0.00011038424923265484,0.12390947532509311,659,50.24170562812608,49.75829437187392,-0.17114492083490151,-0.009348573885394725,-4.452481036560868,659,41.442753958254926,58.557246041745074,-0.4149029586265694,-0.014617682724530156,-11.688315829679429,659,29.254852068671532,70.74514793132846,-0.19878145686517756,-0.008550405305902708,-5.198918984107149,659,40.06092715674112,59.93907284325888,-0.22815729893192652,-0.008726944505236965,-6.006557708345425,659,38.59213505340367,61.40786494659633,-0.23978062122395719,-0.009903445079540402,-6.330745806077649,659,38.010968938802144,61.989031061197856
IPGP,-0.35646088501845047,-0.011823603431558066,-9.779202829403703,659,32.17695574907747,67.82304425092252,-0.04799758803699998,-0.0010793010101147358,-1.2316943031769503,659,47.600120598150006,52.399879401849994,-0.03892492231529164,-0.0020938324426195247,-0.9984807567334538,659,48.05375388423542,51.94624611576458,0.20229954279682907,0.007018749150812976,5.294821510923528,659,60.11497713984145,39.88502286015855,-0.2508915868331918,-0.010627466654394912,-6.643341991782875,659,37.45542065834041,62.54457934165959,-0.31674593649123306,-0.01193085918186169,-8.559563769729634,659,34.162703175438345,65.83729682456166,-0.29999221407961957,-0.01220155045139638,-8.060664719341068,659,35.000389296019016,64.99961070398098
IQV,-0.2246304897621885,-0.005165483474960437,-5.908734760172574,659,38.76847551189058,61.23152448810942,-0.07438024788346644,-0.0011595382774697053,-1.9118111566585572,659,46.28098760582668,53.71901239417332,-0.13026707636362708,-0.004857951056586717,-3.36770356859937,659,43.48664618181864,56.51335381818136,-0.19900313690364407,-0.004786620988134471,-5.204955726728765,659,40.0498431548178,59.9501568451822,-0.2413276493538258,-0.007086879264479327,-6.374108101312526,659,37.93361753230871,62.06638246769129,-0.28484245205683395,-0.007438231352162754,-7.616607892016614,659,35.757877397158296,64.2421226028417,-0.25833496478777657,-0.007284378868409223,-6.854311548026073,659,37.08325176061117,62.91674823938883
IRD,-0.1729777283756852,-0.008099916723456405,-4.501625772502834,659,41.351113581215735,58.648886418784265,-0.04000117509974099,-0.001269837972480436,-1.026131851986236,659,47.99994124501295,52.00005875498705,-0.04105700043326684,-0.0031178396658412865,-1.053261600419318,659,47.947149978336654,52.052850021663346,-0.06273824759025474,-0.0030729082550979845,-1.6112816667023675,659,46.86308762048726,53.13691237951274,-0.044351312093176685,-0.002652177068748924,-1.1379330600993252,659,47.78243439534117,52.21756560465883,-0.10058940661336915,-0.00534891017162884,-2.591452588029571,659,44.97052966933154,55.02947033066846,-0.07552574638122309,-0.00433663083134671,-1.941421767695397,659,46.223712680938846,53.776287319061154
IRDM,-0.2163647301512293,-0.006992221162519998,-5.680417484505024,659,39.181763492438535,60.818236507561465,-0.04336829330575035,-0.0009501369688436743,-1.1126634273766627,659,47.831585334712486,52.168414665287514,-0.08186974172819139,-0.004290701535492645,-2.1055544057841886,659,45.90651291359043,54.09348708640957,-0.02487016495195675,-0.0008406867465304237,-0.6376695853159271,659,48.75649175240216,51.24350824759784,-0.14113000333117978,-0.005824433882915597,-3.6540186414939697,659,42.94349983344101,57.05650016655899,-0.12929079717063585,-0.004744811855910984,-3.342033786712894,659,43.53546014146821,56.46453985853179,-0.15695108938340765,-0.006219566080348719,-4.073456977376014,659,42.15244553082962,57.84755446917038
IREN,-0.3927554756750401,-0.026032724328403988,-10.946762414154977,659,30.362226216247993,69.63777378375201,0.05877273598772587,0.0026409396391709012,1.509072028159794,659,52.938636799386295,47.061363200613705,-0.11176048730293911,-0.01201328703757135,-2.882705719751198,659,44.41197563485304,55.58802436514696,0.03185927491953806,0.002208818872865693,0.817032047216391,659,51.5929637459769,48.4070362540231,-0.26189256900919317,-0.02216798533832167,-6.955604509009526,659,36.90537154954035,63.09462845045965,-0.27333357101754885,-0.020573730193150334,-7.28344788449046,659,36.33332144912256,63.66667855087744,-0.34469723938507707,-0.028015749076584832,-9.412115211060618,659,32.765138030746144,67.23486196925386
IRS,-0.19848449064579177,-0.005946471405996165,-5.190833366342257,659,40.075775467710415,59.924224532289585,-0.05924235042795366,-0.0012032343848742877,-1.5211723339665801,659,47.03788247860231,52.96211752139769,0.08883016321797171,0.004315880528663518,2.2859325196076212,659,54.441508160898586,45.558491839101414,-0.0035535443055324514,-0.00011135797844043692,-0.0910850626650601,659,49.822322784723376,50.177677215276624,-0.16809570772182278,-0.006431245089603784,-4.370824936844784,659,41.59521461390886,58.40478538609114,-0.23468314536100662,-0.007984309288789572,-6.18822628599804,659,38.26584273194967,61.73415726805033,-0.22526057452841478,-0.008275324028932758,-5.926193310935084,659,38.736971273579265,61.263028726420735
ISRG,-0.25093023153751726,-0.005111058774173974,-6.644434017573022,659,37.453488423124135,62.546511576875865,-0.02966498797684494,-0.0004096257600631039,-0.7607080947479754,659,48.51675060115775,51.48324939884225,-0.08519821873166553,-0.0028142624690994785,-2.1917709315935894,659,45.740089063416725,54.259910936583275,-0.09427682130733879,-0.002008582455445725,-2.42731575517747,659,45.28615893463306,54.71384106536694,-0.2699306654472025,-0.007021271906573275,-7.185596918262032,659,36.503466727639875,63.496533272360125,-0.35766658909538657,-0.008272922477603285,-9.81712309058972,659,32.116670545230676,67.88332945476932,-0.33873424680300174,-0.008460266773268596,-9.227978828379602,659,33.06328765984992,66.93671234015008
IT,-0.16095716734686888,-0.004246322883083561,-4.180159379389777,659,41.952141632656556,58.047858367343444,0.013568749982454534,0.00024267650392933827,0.3478263728085224,659,50.67843749912273,49.32156250087727,-0.188273372318476,-0.00805504167450974,-4.913698527552466,659,40.5863313840762,59.4136686159238,-0.40210515758578597,-0.011096069883016528,-11.25692134061604,659,29.894742120710703,70.1052578792893,-0.20994136574897693,-0.007073044502659515,-5.50387901408122,659,39.50293171255115,60.49706828744885,-0.24217403150158312,-0.007255259644884355,-6.397853509142529,659,37.89129842492084,62.10870157507916,-0.22819674696598935,-0.007382087789748409,-6.007653278120058,659,38.59016265170053,61.40983734829947
ITA,-0.39162137194325064,-0.004845175199027305,-10.909417183721015,659,30.41893140283747,69.58106859716253,-0.018161723808029096,-0.00015232997251481497,-0.4655983034287152,659,49.091913809598545,50.908086190401455,-0.17409950194663412,-0.0034931467091892576,-4.531728652209054,659,41.295024902668295,58.704975097331705,0.021189694176295407,0.0002742171644516236,0.543256454833428,659,51.05948470881477,48.94051529118523,-0.3482408306603324,-0.005502099879544828,-9.52215095943271,659,32.58795846698338,67.41204153301662,-0.2158234551227185,-0.0030322460278094992,-5.66551172798048,659,39.20882724386408,60.79117275613592,-0.40146829754067875,-0.0060906188209824685,-11.235663470096211,659,29.926585122966067,70.07341487703394
ITB,-0.1848126933993755,-0.003245614961663973,-4.820154153753235,659,40.75936533003123,59.24063466996877,-0.3647165452425721,-0.004342160392368173,-10.039986974807206,659,31.764172737871398,68.2358272621286,-0.0656248681855514,-0.0018690023212031177,-1.685731179895105,659,46.718756590722435,53.281243409277565,-0.01736069143510561,-0.00031890333751937084,-0.4450565115765007,659,49.13196542824472,50.86803457175528,-0.15111853472402564,-0.003389133006663318,-3.918473100186179,659,42.44407326379872,57.55592673620128,-0.35515264482042536,-0.007082766874896171,-9.738121033258333,659,32.24236775897873,67.75763224102127,-0.1266328228268149,-0.0027269586414142726,-3.2721962293862057,659,43.66835885865925,56.33164114134075
ITRI,-0.2744571222329379,-0.0068255292197647284,-7.31582038198684,659,36.2771438883531,63.7228561116469,-0.10545284146054455,-0.0017778917190195496,-2.7181238469231532,659,44.72735792697277,55.27264207302723,-0.11640390528789844,-0.0046946754268486456,-3.0040881232758885,659,44.179804735605074,55.820195264394926,-0.017677592132889646,-0.00045984532988830495,-0.4531830549398951,659,49.116120393355516,50.883879606644484,-0.22423694898167765,-0.007121552484994462,-5.897834392711209,659,38.78815255091612,61.21184744908388,-0.2910704232807811,-0.008220204013379622,-7.798377390255008,659,35.446478835960946,64.55352116403905,-0.2597123151309315,-0.007919931609315945,-6.893492041408341,659,37.01438424345342,62.98561575654658
ITW,-0.17928348107810615,-0.002201517440523901,-4.671079576195957,659,41.0358259460947,58.9641740539053,-0.10066771763134567,-0.0008380255741002561,-2.593490736181684,659,44.966614118432716,55.033385881567284,-0.09578564307669904,-0.0019074733095408285,-2.4665197759516357,659,45.210717846165046,54.789282153834954,-0.010616685827962942,-0.0001363633512637561,-0.2721423479918775,659,49.46916570860186,50.53083429139814,-0.33359237817556764,-0.005231228041942666,-9.070208576085756,659,33.32038109122162,66.67961890877838,-0.2660949571351014,-0.003710574812366079,-7.075648554740862,659,36.69525214324493,63.30474785675507,-0.27698037025792543,-0.004170593946155047,-7.388640249022843,659,36.15098148710373,63.84901851289627
IWM,-0.6182226141963126,-0.007879876611609497,-20.16059471180241,659,19.08886929018437,80.91113070981564,-0.07160761875740229,-0.0006187553364758433,-1.8401712300160769,659,46.41961906212988,53.58038093787012,-0.2886514076059865,-0.005966565406454087,-7.72764921977405,659,35.567429619700675,64.43257038029932,-0.05217736059634601,-0.0006956382953933595,-1.3392349536929233,659,47.3911319701827,52.6088680298173,-0.5468660454693869,-0.008901458425115343,-16.742641866075335,659,22.656697726530656,77.34330227346935,-0.4938771597467846,-0.007148520478040406,-14.558486053293505,659,25.30614201266077,74.69385798733923,-0.5606942981293961,-0.008763301066846196,-17.35667304304808,659,21.965285093530195,78.0347149064698
IYH,-0.04813506666691945,-0.0004456429128162356,-1.2352304044544566,659,47.593246666654025,52.406753333345975,-0.19542268891363224,-0.0012265509890461855,-5.1075547596439135,659,40.22886555431839,59.77113444568161,-0.04425798354813141,-0.0006644973385821217,-1.1355338009840832,659,47.78710082259343,52.21289917740657,-0.12677702661238463,-0.0012277016351256523,-3.275983292491204,659,43.661148669380765,56.338851330619235,-0.16425809529539898,-0.0019420387348664228,-4.268239148506029,659,41.787095235230055,58.212904764769945,-0.30029391032440056,-0.003157145852225388,-8.069574191496267,659,34.98530448377997,65.01469551622003,-0.18809535092725035,-0.0021353572841211746,-4.908881900618564,659,40.59523245363748,59.40476754636252
J,-0.31770070383916055,-0.0051824959978175895,-8.588256587051102,659,34.11496480804197,65.88503519195802,0.00862414007045317,9.537219888601312e-05,0.22106227618007931,659,50.43120700352266,49.56879299647734,-0.2243371228189957,-0.005934691392919074,-5.900608738216896,659,38.78314385905022,61.21685614094978,-0.1855290299304201,-0.0031656253726347907,-4.83950181805863,659,40.723548503478995,59.276451496521005,-0.35852245231722296,-0.0074686625158696205,-9.84407474991365,659,32.07387738413885,67.92612261586115,-0.2697602657496785,-0.004997139496941009,-7.18070473161421,659,36.51198671251608,63.48801328748392,-0.3587136648616343,-0.007175229264199536,-9.850100039200774,659,32.06431675691829,67.93568324308171
JAZZ,-0.09848440780112055,-0.002029050406841515,-2.536685304289412,659,45.07577960994397,54.92422039005603,-0.10218166927921375,-0.0014271957618700608,-2.6329029553373315,659,44.89091653603931,55.10908346396069,-0.032140672662929984,-0.0010738818848939713,-0.8242559304340413,659,48.3929663668535,51.6070336331465,-0.03625676059483777,-0.0007813420600537798,-0.9299451268855864,659,48.18716197025811,51.81283802974189,-0.1541264753247328,-0.0040551627036238295,-3.99834729119683,659,42.293676233763364,57.706323766236636,-0.16900729188510139,-0.0039541532314972825,-4.395222963001934,659,41.54963540574494,58.45036459425506,-0.1601411077604842,-0.004045714663738661,-4.1584065187037655,659,41.992944611975794,58.007055388024206
JBTM,-0.2664577334603481,-0.006272169694102855,-7.086031728230789,659,36.67711332698259,63.32288667301741,-0.13465287895386252,-0.002148771867533533,-3.4831457034654894,659,43.26735605230687,56.73264394769313,-0.13309436032120553,-0.0050807206834169415,-3.442099220253156,659,43.34528198393972,56.65471801606028,-0.005232482377276334,-0.0001288321013755988,-0.13412088313807277,659,49.73837588113618,50.26162411886382,-0.2696448242907356,-0.008105638627044526,-7.17739081309002,659,36.517758785463215,63.482241214536785,-0.29099877085456594,-0.0077786336641804295,-7.796280048508828,659,35.4500614572717,64.5499385427283,-0.24791264378366035,-0.0071557508352898935,-6.559264216848112,659,37.60436781081699,62.39563218918301
JD,-0.1772612137369142,-0.004757815623810609,-4.616671779531642,659,41.13693931315429,58.86306068684571,0.043039832849259545,0.0007831584916653823,1.1042206974986348,659,52.15199164246298,47.84800835753702,0.2866009940632501,0.01247520750505362,7.667824882976436,659,64.3300497031625,35.6699502968375,0.026579875161063377,0.0007462316626824472,0.6815364505782627,659,51.328993758053166,48.671006241946834,-0.16800212003700035,-0.0057585657570534445,-4.368320770614059,659,41.59989399814998,58.40010600185002,-0.1208015332086921,-0.0036820444728212225,-3.1192293736467125,659,43.95992333956539,56.04007666043461,-0.20845955179174555,-0.006860926265115401,-5.46325999314886,659,39.577022410412724,60.422977589587276
JEPI,-0.32034812206501884,-0.001997575739501652,-8.667969620819324,659,33.98259389674906,66.01740610325095,-0.0578280423555157,-0.0002444582839043171,-1.4847336462273164,659,47.10859788222421,52.89140211777579,-0.135322067215068,-0.0013684404159903022,-3.5007780790551593,659,43.2338966392466,56.7661033607534,-0.06275979931884643,-0.0004093449760681209,-1.6118373596303097,659,46.862010034057676,53.137989965942324,-0.4418459328504277,-0.003518500466466539,-12.624583853014247,659,27.907703357478614,72.09229664252139,-0.47560729892687637,-0.003367846409325743,-13.858539985645956,659,26.21963505365618,73.78036494634382,-0.5004757249950287,-0.003826759355862205,-14.817431090963554,659,24.976213750248565,75.02378624975144
JEPQ,-0.5991604889253419,-0.005875251747559669,-19.182029914026423,659,20.041975553732904,79.9580244462671,0.050775267122915885,0.00033753648735464887,1.3031531491655735,659,52.53876335614579,47.46123664385421,-0.13190856786702507,-0.0020976475316951443,-3.4108866043649138,659,43.404571606648744,56.595428393351256,0.17156291127653495,0.0017596794693591452,4.463684781740173,659,58.578145563826745,41.421854436173255,-0.47965843330536473,-0.006006494409891046,-14.011665871481894,659,26.017078334731764,73.98292166526824,-0.6286868800129816,-0.0070006828756026766,-20.721831390010138,659,18.565655999350923,81.43434400064908,-0.6595796579085628,-0.007930811538918269,-22.492779951894416,659,17.02101710457186,82.97898289542815
JMIA,-0.32185615731799516,-0.018328473398495786,-8.713477138009175,659,33.90719213410024,66.09280786589976,-0.007517657040119035,-0.00029022323353711336,-0.19269811498041553,659,49.62411714799405,50.37588285200595,-0.023175749896536132,-0.0021402990732338227,-0.5942006803463159,659,48.84121250517319,51.15878749482681,0.00642231697291299,0.000382545461544823,0.1646202958227065,659,50.32111584864565,49.67888415135435,-0.22837228825874015,-0.01660785536239424,-6.012528873905561,659,38.581385587063,61.418614412937,-0.21681951736489233,-0.014021211452772804,-5.692945767197015,659,39.15902413175538,60.84097586824462,-0.2604092057937854,-0.018183934883669622,-6.913333155279348,659,36.979539710310725,63.020460289689275
JNJ,0.3098641535091106,0.0034519605893039494,8.353598565858317,659,65.49320767545554,34.50679232454446,-0.16724557094810857,-0.001263090044320711,-4.348081914863172,659,41.637721452594576,58.362278547405424,0.10920637639722391,0.001972961833426068,2.8160214147283398,659,55.4603188198612,44.5396811801388,-0.08093209415917879,-0.000943066059024964,-2.0812797402391214,659,45.95339529204106,54.04660470795894,0.09077791385549,0.0012914582402405767,2.3364674044365765,659,54.5388956927745,45.4611043072255,0.0662681090230153,0.0008383430392689523,1.7023268798928533,659,53.313405451150764,46.686594548849236,0.15718778196707775,0.0021472387667146996,4.079755526252684,659,57.85938909835389,42.14061090164611
JOBY,-0.3554186488755332,-0.01656995899179002,-9.746468864922031,659,32.22906755622334,67.77093244377666,-0.055457719266844445,-0.0017527840913028117,-1.4236838809212438,659,47.22711403665778,52.77288596334222,-0.1463085863174185,-0.011061836430881182,-3.790978046131098,659,42.68457068412908,57.31542931587092,-0.08257978280506338,-0.0040270016196332125,-2.1239403307434332,659,45.87101085974683,54.12898914025317,-0.24220453276297055,-0.014420129724562202,-6.398709516905778,659,37.889773361851475,62.110226638148525,-0.22605032331324637,-0.011967654655001398,-5.948086938497554,659,38.69748383433768,61.30251616566232,-0.28284569652488706,-0.016169547268010655,-7.55855443138567,659,35.85771517375564,64.14228482624435
JPM,-0.418842766339873,-0.0060789167526922126,-11.822783722828897,659,29.057861683006347,70.94213831699365,0.1185868708463068,0.0011668015085819494,3.0612209569152626,659,55.92934354231534,44.07065645768466,-0.21764754222083468,-0.005122773334581424,-5.715765834734153,659,39.117622888958266,60.882377111041734,-0.06559978518557823,-0.0009958741049884597,-1.6850840780199425,659,46.720010740721094,53.279989259278906,-0.5445073765879878,-0.01009217152474047,-16.63990279522084,659,22.774631170600614,77.22536882939939,-0.3278857706625464,-0.005404063462246143,-8.896175689251516,659,33.60571146687268,66.39428853312732,-0.500087127414493,-0.008899957139656262,-14.80208720120494,659,24.99564362927535,75.00435637072465
KDP,0.21214649954903542,0.0030671848530229233,5.5643990105065635,659,60.60732497745177,39.39267502254823,-0.10054128412072695,-0.000985447981229481,-2.59020016044507,659,44.97293579396365,55.02706420603635,0.05276488182238032,0.0012371582246083995,1.3543567122756173,659,52.63824409111901,47.36175590888099,-0.06980298616247216,-0.0010556134828431899,-1.793565797221834,659,46.509850691876395,53.490149308123605,0.011564074326081081,0.0002135111863815867,0.29643030421062694,659,50.578203716304046,49.421796283695954,-0.09526639648744381,-0.0015641071904539561,-2.453026164799455,659,45.23668017562781,54.76331982437219,0.03182319186989718,0.0005641763550943795,0.8161057577420069,659,51.591159593494865,48.408840406505135
KEY,-0.48428722062706386,-0.008926504273078355,-14.188052047982941,659,25.785638968646808,74.21436103135319,0.07501553783827422,0.0009373781614786937,1.9282321631573935,659,53.75077689191371,46.24922310808629,-0.298788733218042,-0.008931385222437685,-8.02515081447956,659,35.0605633390979,64.9394366609021,-0.11799037112076947,-0.002274845055420133,-3.045604862476597,659,44.10048144396153,55.89951855603847,-0.5993234265845444,-0.01410734673989048,-19.190169635296428,659,20.03382867077278,79.96617132922722,-0.34009978898902005,-0.007118811028263217,-9.270034367478543,659,32.995010550549,67.004989449451,-0.4737119521613686,-0.010706803038713023,-13.78729191192578,659,26.31440239193157,73.68559760806843
KEYS,-0.4706535315424731,-0.010775125999050426,-13.672842510452504,659,26.467323422876344,73.53267657712365,0.030868871669677462,0.0004791008999074281,0.7916085121926084,659,51.54344358348387,48.45655641651613,-0.11711003412099932,-0.004348018060207875,-3.0225641390068403,659,44.144498293950036,55.855501706049964,0.19854452189102928,0.004754510274874636,5.192467740908208,659,59.927226094551465,40.072773905448535,-0.36964522552192797,-0.010807165825939642,-10.196971807085706,659,31.517738723903598,68.48226127609641,-0.41915824890673026,-0.010897371254237197,-11.833586131627388,659,29.04208755466349,70.95791244533652,-0.4488739016552054,-0.012601215938303212,-12.875563847048312,659,27.55630491723973,72.44369508276027
KHC,0.25226544876771073,0.003648587416826172,6.682185585625259,659,62.613272438385536,37.386727561614464,-0.132685477416479,-0.001300994831564468,-3.4313348475408336,659,43.36572612917605,56.63427387082395,0.03736432336050131,0.0008763958295638393,0.9583919918731882,659,51.86821616802506,48.13178383197494,-0.1635744982177641,-0.002474625174526516,-4.2499865100797996,659,41.8212750891118,58.1787249108882,0.02909396780197344,0.0005373727214997217,0.746052727953617,659,51.45469839009868,48.54530160990132,-0.01366640684990723,-0.0002244626177598739,-0.35033021116486196,659,49.316679657504636,50.683320342495364,0.08042714235142134,0.0014263847434029511,2.0682094011029704,659,54.021357117571064,45.978642882428936
KIGRY,-0.30887341845832966,-0.008371377871595245,-8.324067574737292,659,34.55632907708351,65.44367092291648,-0.04339869343958028,-0.0007974037280260855,-1.1134448490130124,659,47.830065328020986,52.169934671979014,0.172995110370896,0.007603725595049912,4.502092081583598,659,58.6497555185448,41.3502444814552,0.06357866123442099,0.0018024143478411576,1.632952699534368,659,53.17893306172105,46.82106693827895,-0.28131945422968063,-0.009736925701132378,-7.5142527072896454,659,35.93402728851597,64.06597271148402,-0.3128229445505666,-0.009628035982135423,-8.441971471033257,659,34.35885277247167,65.64114722752834,-0.33435186867282135,-0.011111871966870735,-9.093454475005522,659,33.28240656635894,66.71759343364107
KLAC,-0.4822984988774696,-0.014780895514461259,-14.112080607424492,659,25.885075056126517,74.11492494387349,0.038403935618696254,0.0007978950403402902,0.9850968183964256,659,51.920196780934816,48.079803219065184,-0.00919824601077608,-0.00045715771554915224,-0.23577951969518765,659,49.540087699461196,50.459912300538804,0.4903797425994895,0.015719698208830696,14.422594565662362,659,74.51898712997448,25.481012870025523,-0.32214957354428897,-0.012608054467728268,-8.722340050023202,659,33.892521322785555,66.10747867721444,-0.42969787884651683,-0.014954460175490427,-12.197512301000563,659,28.515106057674156,71.48489394232584,-0.45710756601480546,-0.017177909460799112,-13.173415600004649,659,27.14462169925973,72.85537830074027
KMB,0.2965009584976103,0.004082464740071511,7.957755845922593,659,64.82504792488052,35.17495207511948,-0.24621230916708634,-0.002298218402847623,-6.511362996984674,659,37.68938454164568,62.31061545835432,0.055630467382083486,0.001242182040185269,1.4281323328704705,659,52.78152336910418,47.21847663089582,-0.0894597455369776,-0.0012884003830787812,-2.302264272560572,659,45.527012723151124,54.472987276848876,0.08206016493166582,0.0014428939256411596,2.11048493880903,659,54.10300824658329,45.89699175341671,-0.06634885818588031,-0.0010374149162161843,-1.7044103693053507,659,46.682557090705984,53.317442909294016,0.10340804269465668,0.0017458933932593453,2.6648422829748077,659,55.17040213473283,44.82959786526717
KMI,-0.08579180922424165,-0.0011432807741066481,-2.2071542055794304,659,45.710409538787914,54.289590461212086,0.09227049209556465,0.0008335950101389872,2.3752109908782564,659,54.61352460477823,45.38647539522177,-0.11660550210142433,-0.0025200102854164197,-3.009362475785816,659,44.169724894928784,55.830275105071216,-0.06720143410522322,-0.0009367257542200436,-1.7264105885698664,659,46.639928294738844,53.360071705261156,-0.22578681855885557,-0.003842477531574302,-5.940780617702808,659,38.71065907205722,61.28934092794278,-0.016374010758803816,-0.0002477906067046264,-0.4197551014176661,659,49.181299462059805,50.818700537940195,-0.20281580289741344,-0.0033141787447094947,-5.308912564583981,659,39.85920985512933,60.14079014487067
KMTUY,-0.27606897739952674,-0.005339255346391928,-7.362318850054027,659,36.196551130023664,63.803448869976336,0.0011805021968532788,1.5478008472431822e-05,0.030258666657835904,659,50.05902510984266,49.94097489015734,0.15257563738639326,0.004785468631892339,3.957151588202111,659,57.62878186931967,42.37121813068033,0.13390366676645996,0.002708834052778969,3.4634105432525915,659,56.695183338323,43.304816661677,-0.2349476210165516,-0.005802829568072767,-6.195607299499421,659,38.25261894917242,61.74738105082758,-0.23603817447131314,-0.005184036201595516,-6.226057984363894,659,38.19809127643434,61.80190872356566,-0.27372131974431924,-0.006491406002380025,-7.294616306012179,659,36.31393401278404,63.68606598721596
KNG,-0.07375939730718269,-0.0005205044916760111,-1.8957656415041397,659,46.312030134640864,53.687969865359136,-0.17058769198714654,-0.0008160936738091446,-4.437549019151693,659,41.47061540064267,58.52938459935733,-0.09407762899707865,-0.0010766379449182876,-2.422141368314203,659,45.29611855014607,54.70388144985393,-0.17859639855492027,-0.0013182769699603906,-4.652587243165486,659,41.07018007225399,58.92981992774601,-0.31227195190956114,-0.0028141405158098455,-8.425493949005338,659,34.386402404521945,65.61359759547805,-0.3141103589761862,-0.0025171672648721015,-8.480508672829448,659,34.29448205119069,65.7055179488093,-0.27201482804039206,-0.002353784853777138,-7.245492478839597,659,36.3992585979804,63.6007414020196
KO,0.41810268176552506,0.004236115472804687,11.797462918734277,659,70.90513408827626,29.094865911723744,-0.18257374440732493,-0.0012540312390569466,-4.759733089680491,659,40.87131277963375,59.12868722036625,0.12415312015021802,0.0020399460020431187,3.207107331276821,659,56.2076560075109,43.7923439924891,-0.12416514167256329,-0.0013158651083092052,-3.207422731977832,659,43.79174291637183,56.20825708362817,0.10550383800026736,0.0013650821075373053,2.719453112461143,659,55.27519190001337,44.72480809998663,0.013460114636120598,0.000154866074271042,0.3450410673596174,659,50.67300573180603,49.32699426819397,0.14784680242818155,0.0018368083117772003,3.831720457161918,659,57.39234012140908,42.60765987859092
KOPN,-0.4004335357839068,-0.024504217055884157,-11.201165368381089,659,29.978323210804657,70.02167678919534,0.03184813313719463,0.0013212334634315024,0.8167460257154119,659,51.59240665685974,48.40759334314026,-0.0942669605890321,-0.00935504949651366,-2.4270595979566365,659,45.2866519705484,54.7133480294516,0.08683658109870858,0.005558273988492462,2.2342358929937896,659,54.34182905493543,45.65817094506457,-0.2968168478633023,-0.023195546877084233,-7.967052573142584,659,35.15915760683488,64.84084239316512,-0.27453681207936664,-0.01907803622498154,-7.318117686772424,659,36.273159396031666,63.726840603968334,-0.3449445468755745,-0.02588372251659442,-9.419779700508084,659,32.752772656221275,67.24722734377872
KR,0.27848370970365544,0.004272125384133835,7.432104552431057,659,63.924185485182775,36.075814514817225,0.029690742663593943,0.00030878091624241704,0.761369112288103,659,51.4845371331797,48.5154628668203,-0.018659136944798257,-0.00046420727597691695,-0.47835448783205814,659,49.067043152760085,50.932956847239915,-0.18167561801432475,-0.0029151955145124563,-4.735517524170635,659,40.916219099283765,59.083780900716235,0.05830528391170354,0.0011422411138325287,1.4970284372777414,659,52.91526419558517,47.08473580441483,0.12773444393596356,0.0022252300213153344,3.3011322412056523,659,56.386722196798175,43.613277803201825,0.10441745696894522,0.0019641939531600755,2.691140397630719,659,55.22087284844726,44.77912715155274
KRRO,-0.20592505748033688,-0.015191414757655801,-5.393876209571887,659,39.703747125983156,60.296252874016844,-0.059536170072243,-0.0029775229270969116,-1.528743543572991,659,47.02319149638785,52.97680850361215,-0.07782208831229617,-0.009310394903895956,-2.0008045569619157,659,46.10889558438519,53.89110441561481,-0.02232478263410068,-0.0017226740441988013,-0.5723717309615524,659,48.88376086829497,51.11623913170503,-0.15054457674284333,-0.014182729468861795,-3.903244696133216,659,42.47277116285784,57.52722883714216,-0.1448345872180036,-0.012133441623612632,-3.751962906696046,659,42.75827063909982,57.24172936090018,-0.16933413817241968,-0.015317948665886608,-4.4039736401382195,659,41.533293091379015,58.466706908620985
KSA,-0.2546300856007913,-0.002306107744996269,-6.749142882272932,659,37.268495719960434,62.731504280039566,-0.013782420917909613,-8.462147349386148e-05,-0.35330472544205543,659,49.31087895410452,50.68912104589548,0.02717689798169194,0.000399159030118796,0.696855945210435,659,51.3588448990846,48.6411551009154,0.033451798678704896,0.00031689559234351905,0.8579170283298864,659,51.67258993393524,48.32741006606476,-0.28570670163087214,-0.003304425649335065,-7.641768388187361,659,35.71466491845639,64.28533508154361,-0.27494743586681125,-0.0028277580413116387,-7.329957766218742,659,36.25262820665944,63.74737179334056,-0.3383291138250654,-0.003757303805450426,-9.215514360508664,659,33.083544308746724,66.91645569125328
KSCP,-0.211160111188188,-0.015576567919451563,-5.537316603635181,659,39.4419944405906,60.5580055594094,-0.019227901479644777,-0.0009615612981672297,-0.49294091832847214,659,49.03860492601776,50.96139507398224,-0.06051739908505341,-0.007239629517054354,-1.5540309706062239,659,46.97413004574733,53.02586995425267,-0.027279712842046253,-0.0021048760737601546,-0.699494230286015,659,48.636014357897686,51.363985642102314,-0.15949769164726227,-0.015025189978653469,-4.141261809772191,659,42.02511541763689,57.97488458236311,-0.160212960661293,-0.013420856447171833,-4.160321475475052,659,41.98935196693535,58.01064803306465,-0.18882971303981752,-0.017080370504333583,-4.928754371898593,659,40.558514348009126,59.441485651990874
KSPI,-0.22884688652800314,-0.005228937730288787,-5.975057270118393,648,38.55765567359985,61.44234432640015,-0.015187756216961713,-0.00023540494055357476,-0.3860645912752241,648,49.24061218915192,50.75938781084808,-0.038257277826719664,-0.0014187281635134046,-0.9730796214931634,648,48.08713610866402,51.91286389133598,-0.08739596033716254,-0.0020891395333598162,-2.2298341727410373,648,45.63020198314187,54.36979801685813,-0.18628511870616654,-0.005436751916893061,-4.819075733107897,648,40.685744064691676,59.314255935308324,-0.2374245097334686,-0.006204041607544677,-6.212137081850779,648,38.12877451332657,61.87122548667343,-0.23178035540536696,-0.0064955790314057535,-6.055967591391489,648,38.41098222973165,61.58901777026835
KTOS,-0.3259405489403009,-0.01139956917444811,-8.837103677446041,659,33.70297255298495,66.29702744701504,0.022316650899873204,0.0005291322855267027,0.5721631423951414,659,51.11583254499366,48.88416745500634,-0.16707986833296296,-0.009476552355003135,-4.343650170487395,659,41.646006583351856,58.353993416648144,-0.0660867161755882,-0.0024176368357979447,-1.6976467051695285,659,46.69566419122059,53.30433580877941,-0.22798162554456664,-0.010182527000385305,-6.001679201359235,659,38.600918722771674,61.399081277228326,-0.05275133248091854,-0.0020951068355580475,-1.3540079603331303,659,47.36243337595407,52.63756662404593,-0.2702658079739828,-0.011590661267969307,-7.195221007576831,659,36.48670960130086,63.51329039869914
KTWIY,-0.10288161689470675,-0.2516804951972964,-1.1043351097666405,116,44.855919155264665,55.144080844735335,0.04963375643927654,0.06178839026230435,0.5305974704859953,116,52.48168782196383,47.51831217803617,0.05515360727887727,0.26877765843558876,0.58977709149127,116,52.75768036394386,47.24231963605614,0.10827056963131057,0.16015794278027234,1.1628491960456042,116,55.413528481565535,44.586471518434465,0.07554318547391961,0.31113827787997084,0.8088918862021858,116,53.777159273695986,46.222840726304014,-0.029877431391880246,-0.07253579413179455,-0.31914614938921204,116,48.50612843040599,51.49387156959401,0.028595219953196277,0.11470194647351419,0.3054383030165954,116,51.42976099765981,48.57023900234019
KVUE,0.1446997982066775,0.0025426272233683295,3.7483964670159824,659,57.23498991033388,42.76501008966612,-0.1073735782465982,-0.0012790790603416954,-2.7682044574366245,659,44.63132108767009,55.36867891232991,-0.019339488527294453,-0.0005511070255595596,-0.49580271492902805,659,49.03302557363528,50.96697442636472,-0.11340874214961152,-0.002084433991086641,-2.9257700006184937,659,44.32956289251943,55.67043710748057,-0.055594269721156005,-0.0012475284991906675,-1.4272001930710834,659,47.2202865139422,52.7797134860578,-0.12742255832026464,-0.002542633597864108,-3.2929387627363322,659,43.62887208398677,56.37112791601323,-0.024141118348972587,-0.0005201627103413152,-0.6189658077100001,659,48.79294408255137,51.20705591744863
KWEB,-0.2513430552854455,-0.0052281163449222606,-6.656101747935728,659,37.43284723572773,62.56715276427227,0.03578652161415078,0.0005046415868256174,0.9178684580610534,659,51.78932608070754,48.21067391929246,0.33572890257664856,0.011325132213616794,9.135652584758558,659,66.78644512883243,33.213554871167574,0.05046394245357329,0.0010979596397480125,1.2951425023222674,659,52.52319712267867,47.47680287732133,-0.20396868956549058,-0.005418106509349209,-5.340396701043883,659,39.801565521725465,60.198434478274535,-0.20633305246374034,-0.004873824095438152,-5.405037694806067,659,39.68334737681298,60.31665262318702,-0.2800674536721307,-0.007143450824560023,-7.477957562315567,659,35.996627316393464,64.00337268360653
KYMR,-0.23274591257174462,-0.009700537943207663,-6.134206001396956,659,38.36270437141277,61.63729562858723,-0.04955205820239094,-0.0014001051397809089,-1.2716811191859256,659,47.52239708988045,52.47760291011955,-0.09146733698274634,-0.006182384154730201,-2.354361109695074,659,45.426633150862685,54.573366849137315,0.015184163647476052,0.0006619595890222033,0.38924552780325045,659,50.759208182373804,49.240791817626196,-0.21686840282201927,-0.01154292079878157,-5.694292674094309,659,39.156579858899036,60.843420141100964,-0.17317176051821564,-0.008196218395289582,-4.5068313444705215,659,41.34141197408921,58.65858802591079,-0.23322503579202633,-0.01191944371588582,-6.147559270381029,659,38.338748210398684,61.661251789601316
LAES,-0.21330449380947314,-0.021015617490747603,-5.596215784530674,659,39.33477530952634,60.66522469047366,0.0470813579248026,0.0031446790414025295,1.2081296410427624,659,52.35406789624013,47.64593210375987,-0.05191657463502418,-0.008295152548223255,-1.332523231477936,659,47.40417126824879,52.59582873175121,0.054451103172794106,0.005611457512505373,1.39776495902831,659,52.72255515863971,47.27744484136029,-0.15790239766290673,-0.019867194953364004,-4.098776309352748,659,42.104880116854666,57.895119883145334,-0.15926945276310794,-0.01781957459119106,-4.135181372668898,659,42.0365273618446,57.9634726381554,-0.20266210883040786,-0.024483966149246927,-5.304717082153829,659,39.8668945584796,60.1331054415204
LAR,-0.29035197724135803,-0.013124011415134616,-7.777354200347694,659,35.482401137932094,64.5175988620679,0.03422541225295187,0.0010487589870658582,0.8777804087646437,659,51.711270612647596,48.288729387352404,0.056300426569884314,0.004126954618826567,1.445385731640102,659,52.81502132849422,47.18497867150578,0.05932023350152118,0.002804603743843,1.5231792035119578,659,52.96601167507606,47.03398832492394,-0.22945185247452948,-0.013244606465255052,-6.042527003603813,659,38.52740737627352,61.47259262372648,-0.14436846444359938,-0.007410317955390677,-3.7396304717499826,659,42.78157677782003,57.21842322217997,-0.2754339954520565,-0.015266040721139539,-7.343993024279962,659,36.22830022739718,63.77169977260282
LASE,-0.08066156787298864,-0.00975737193813718,-2.074277148677552,659,45.96692160635057,54.03307839364943,-0.057254045908531365,-0.004695237642284236,-1.4699475887208464,659,47.137297704573434,52.862702295426566,-0.07628223678695975,-0.014964624234429609,-1.9609809287024211,659,46.18588816065201,53.81411183934799,0.05338750115047715,0.006755113342627715,1.3703833735892363,659,52.66937505752386,47.33062494247614,-0.062427659737522345,-0.009643816407369613,-1.6032736749046845,659,46.87861701312388,53.12138298687612,-0.07058440871772763,-0.009696113163625888,-1.8137441796930254,659,46.47077956411362,53.52922043588638,-0.06598488109021793,-0.009787633570193388,-1.695019299767902,659,46.70075594548911,53.29924405451089
LASR,-0.4220819013425446,-0.01955987627067906,-11.933943094786052,659,28.895904932872774,71.10409506712722,0.08162116517981806,0.0025642322565666083,2.099118486441301,659,54.0810582589909,45.9189417410091,-0.12980082905973958,-0.009754904807107697,-3.3554430641993003,659,43.50995854701302,56.49004145298698,0.18692873401586282,0.009060919743424252,4.877329775876178,659,59.346436700793134,40.653563299206866,-0.3360842787646908,-0.019889471784035936,-9.146553504146436,659,33.19578606176546,66.80421393823454,-0.2548524489962823,-0.013411608834204086,-6.755445980897615,659,37.257377550185886,62.742622449814114,-0.381267491946453,-0.0216653751447259,-10.571146699917408,659,30.936625402677354,69.06337459732265
LCTX,-0.22323749363072062,-0.010465137813175231,-5.870164928094798,659,38.838125318463966,61.161874681536034,-0.06751442306034579,-0.002145653406773008,-1.7344880348422271,659,46.62427884698271,53.37572115301729,-0.10469769332082515,-0.00795959780785656,-2.6984428397298075,659,44.76511533395875,55.23488466604125,-0.06164546844089242,-0.003022774967360038,-1.5831082382148953,659,46.91772657795538,53.08227342204462,-0.17046102352195502,-0.010204896033868333,-4.434155306598584,659,41.47694882390225,58.52305117609775,-0.16745676874913315,-0.008914627784698351,-4.353730985185085,659,41.62716156254334,58.37283843745666,-0.17527160023705615,-0.010075263858762623,-4.563201438542711,659,41.23641998814719,58.76358001185281
LDOS,-0.127246716555555,-0.0022783727871764346,-3.2883197002639766,659,43.63766417222225,56.36233582777775,-0.003432708254571612,-4.166777306713629e-05,-0.0879877349535737,659,49.828364587271416,50.171635412728584,-0.20472601456243653,-0.005944665582518155,-5.361091066021406,659,39.763699271878174,60.236300728121826,-0.20962127681164403,-0.003925910620447213,-5.4951014884209375,659,39.5189361594178,60.4810638405822,-0.17185125592506628,-0.0039294936314174305,-4.471414970193387,659,41.40743720374669,58.59256279625331,-0.05441625252232609,-0.001106444218812532,-1.3968676817364258,659,47.279187373883694,52.720812626116306,-0.16887084680466868,-0.0037076603624588995,-4.391570351711058,659,41.556457659766565,58.443542340233435
LECO,-0.35186870263441766,-0.006443687416006482,-9.635285129654866,659,32.40656486827912,67.59343513172088,-0.08915112684716428,-0.0011067916080554753,-2.294258167392569,659,45.54244365764178,54.45755634235822,-0.18444237739183889,-0.005477605269007077,-4.810155342206232,659,40.777881130408055,59.222118869591945,0.005130007876170274,9.826496474945047e-05,0.13149414979841414,659,50.25650039380851,49.74349960619149,-0.3721560783882142,-0.008703313357339485,-10.277327534190675,659,31.39219608058929,68.60780391941071,-0.323214227511592,-0.006721512156218816,-8.754522502189184,659,33.8392886244204,66.16071137557961,-0.3518300825226138,-0.007900486910469521,-9.634078178074452,659,32.40849587386931,67.59150412613069
LEN,-0.07618017760297047,-0.0016222881701542333,-1.9583419767957162,659,46.190991119851475,53.809008880148525,-0.36219626457664983,-0.005228958358378086,-9.960090396805901,659,31.890186771167507,68.1098132288325,-0.011995760946923346,-0.0004142762336548272,-0.30749760435959866,659,49.400211952653834,50.599788047346166,0.0010348917026545778,2.3051955438489488e-05,0.026526369955322256,659,50.05174458513273,49.94825541486727,-0.0479334402286408,-0.001303557819368751,-1.2300443751470058,659,47.60332798856796,52.39667201143204,-0.27448458771509504,-0.006637838446830171,-7.316612140524721,659,36.27577061424525,63.72422938575475,-0.02364044425821033,-0.0006173176823129506,-0.606121528272718,659,48.81797778708948,51.18202221291052
LHX,-0.007987424110767962,-0.00011350241299045627,-0.20474027576438217,659,49.600628794461606,50.399371205538394,-0.0329877802562042,-0.00031778737397525206,-0.8460035873345793,659,48.35061098718979,51.64938901281021,-0.08337344825687508,-0.0019213315298214277,-2.1444954954892808,659,45.831327587156245,54.168672412843755,-0.12789819621654702,-0.001901032821396229,-3.3054345397875244,659,43.60509018917264,56.39490981082736,-0.12370004837168667,-0.0022447805863766612,-3.1952214321644044,659,43.81499758141567,56.18500241858433,0.10922759594014361,0.0017625985906912598,2.81657519317873,659,55.46137979700718,44.53862020299282,-0.10063087475949736,-0.0017534632183420977,-2.5925318454923723,659,44.96845626202513,55.03154373797487
LIN,0.010755208732304983,0.00011579256844526962,0.2756935768929821,659,50.53776043661525,49.46223956338475,-0.09310241620992692,-0.0006795289937966789,-2.3968126449167153,659,45.34487918950366,54.65512081049634,-0.015765133970285537,-0.00027525531006824573,-0.40414231683801505,659,49.211743301485726,50.788256698514274,-0.06346983018016733,-0.0007147530646831447,-1.6301461699656097,659,46.826508490991635,53.173491509008365,-0.1595305727231912,-0.0021933677169684845,-4.142137839839429,659,42.023471363840436,57.976528636159564,-0.15129179867823617,-0.0018496941540133542,-3.9230709811360582,659,42.43541006608819,57.56458993391181,-0.16816034612862873,-0.0022199975714358483,-4.372554565706399,659,41.59198269356856,58.40801730643144
LIT,-0.36220197741514937,-0.007145064245535992,-9.960271216640606,659,31.88990112924253,68.11009887075747,-0.01519695491639023,-0.00020323434026701197,-0.3895735072686515,659,49.24015225418049,50.75984774581951,0.23353462095267835,0.007471069736998092,6.156189993845491,659,61.676731047633915,38.323268952366085,0.12310116689075748,0.002540062113541939,3.1795134695051024,659,56.15505834453788,43.84494165546212,-0.23820660602767424,-0.006000878052006724,-6.286679592224994,659,38.08966969861629,61.91033030138371,-0.23904972034909291,-0.005355083598822169,-6.310276905945857,659,38.047513982545354,61.952486017454646,-0.3254822230335611,-0.007873170518172106,-8.823203674490635,659,33.725888848321944,66.27411115167806
LITE,-0.4322786715648533,-0.020278136726535504,-12.287545114913296,659,28.386066421757338,71.61393357824267,0.06918027652650409,0.0022000458319101977,1.7774881764120385,659,53.459013826325204,46.540986173674796,-0.1142477964050015,-0.008691370573711502,-2.947701512854182,659,44.287610179749926,55.712389820250074,0.2858000541461569,0.014023402246770088,7.644487329952703,659,64.29000270730785,35.70999729269215,-0.330804888816776,-0.01981717920870895,-8.985061009617757,659,33.459755559161195,66.5402444408388,-0.35305769291504413,-0.018807566742246522,-9.67247085612247,659,32.34711535424779,67.65288464575221,-0.42667457450728014,-0.024543023641490323,-12.092508102792552,659,28.66627127463599,71.33372872536401
LKQ,-0.11506887750835813,-0.00234962356413029,-2.9691694233311483,659,44.24655612458209,55.75344387541791,-0.12200008873413393,-0.0016888292988873773,-3.1506426642798653,659,43.8999955632933,56.1000044367067,-0.005952463386828525,-0.0001971121257032568,-0.1525763114649593,659,49.70237683065857,50.29762316934143,-0.029837577250958355,-0.0006372807714817914,-0.7651377850123743,659,48.50812113745208,51.49187886254792,-0.16574853044696433,-0.004322109622541387,-4.308057020096416,659,41.71257347765178,58.28742652234822,-0.1775824218302768,-0.0041177794399470755,-4.625309621873078,659,41.120878908486155,58.879121091513845,-0.1260814671439277,-0.0031568847640819587,-3.2577185322731577,659,43.69592664280362,56.30407335719638
LLY,-0.06544696640016362,-0.0014489574007391624,-1.6811416634252727,659,46.72765167999182,53.27234832000818,-0.047399842702407366,-0.0007114234768994082,-1.2163204500697598,659,47.63000786487963,52.36999213512037,-0.009726440239798295,-0.00034921767418689986,-0.249320019081899,659,49.51367798801009,50.48632201198991,-0.03315420901749936,-0.0007677708400250596,-0.850276499177773,659,48.342289549125034,51.657710450874966,-0.07157015263702673,-0.0020235023761686357,-1.8392034679120604,659,46.42149236814866,53.57850763185134,-0.18008242843803535,-0.004527517409502427,-4.692591553566832,659,40.995878578098235,59.004121421901765,-0.12812964036031416,-0.0034784259830173813,-3.3115157899238743,659,43.59351798198429,56.40648201801571
LMND,-0.36465551365253196,-0.01802932355412669,-10.03804918956951,659,31.767224317373397,68.2327756826266,-0.016385516581156247,-0.0005492144835780756,-0.42005013751332054,659,49.180724170942185,50.819275829057815,-0.215623377842185,-0.01728895283645164,-5.660003341316648,659,39.21883110789075,60.78116889210925,-0.22130943232576566,-0.011445200844271735,-5.816842386721637,659,38.93452838371172,61.06547161628828,-0.3317337632432,-0.020945561262590277,-9.013405197709604,659,33.41331183784,66.58668816216,-0.24386059205614688,-0.013691813216318186,-6.445216612640707,659,37.80697039719266,62.19302960280734,-0.32276375919854294,-0.019568091747336366,-8.740901187992963,659,33.861812040072856,66.13818795992714
LMT,0.06900348447230298,0.001041190589248178,1.772923997560169,659,53.45017422361516,46.54982577638484,-0.00247560460545099,-2.5323614285059137e-05,-0.06345491950847978,659,49.87621976972745,50.12378023027255,-0.01705112566794221,-0.00041724242774682566,-0.4371181933912559,659,49.14744371660289,50.85255628339711,-0.05188238057599001,-0.0008188530165543425,-1.331643215810864,659,47.405880971200496,52.594119028799504,-0.04221774749147215,-0.0008135044800995239,-1.0830914261410007,659,47.88911262542639,52.11088737457361,0.17392873797494757,0.0029802538100316043,4.5271450172970775,659,58.69643689874737,41.30356310125263,-0.023496391965920366,-0.00043473785028612963,-0.6024260996647521,659,48.82518040170398,51.17481959829602
LNC,-0.388995773994145,-0.008708968317723586,-10.823182929102261,659,30.55021130029275,69.44978869970726,0.02486504660172541,0.00037739513790997954,0.6375382699163861,659,51.24325233008628,48.75674766991372,-0.250572306978521,-0.009097689179710784,-6.634321047059888,659,37.47138465107395,62.52861534892605,-0.1584702045691366,-0.0037110456092503525,-4.113894219390464,659,42.076489771543166,57.923510228456834,-0.4936890969134545,-0.014115005189487675,-14.551155286264791,659,25.31554515432728,74.68445484567272,-0.35123805736971253,-0.008929889560023574,-9.615583292950044,659,32.438097131514375,67.56190286848562,-0.4320617183068231,-0.01186136523071262,-12.27996231417063,659,28.396914084658842,71.60308591534115
LNG,-0.07411259781948107,-0.0012331897405541722,-1.9048936263957872,659,46.29437010902595,53.70562989097405,0.18340973757222787,0.0020689283547625802,4.782284474630205,659,59.17048687861139,40.82951312138861,-0.07523268538001704,-0.002030114937094829,-1.9338455440975635,659,46.23836573099915,53.76163426900085,-0.09907455003513799,-0.001724355556973484,-2.5520359618334516,659,45.0462724982431,54.9537275017569,-0.21655558058775395,-0.00460164302570669,-5.685674477317332,659,39.1722209706123,60.8277790293877,0.12032829684329333,0.002273674703617391,3.106830004329077,659,56.016414842164664,43.983585157835336,-0.16851516256581925,-0.003438301153361087,-4.382049967079763,659,41.57424187170904,58.42575812829096
LNSTY,,,,0,,,,,,0,,,,,,0,,,,,,0,,,,,,0,,,,,,0,,,,,,0,,
LOGI,-0.272814981482328,-0.005902081275575284,-7.268516819525679,659,36.3592509258836,63.6407490741164,-0.09978500878121185,-0.0014634822712538756,-2.5705198767885364,659,45.01074956093941,54.98925043906059,0.0582075660639151,0.002042173357767323,1.4945109272520694,659,52.910378303195756,47.089621696804244,-0.03621080746234581,-0.0008194114443009954,-0.9287649322464452,659,48.18945962688271,51.81054037311729,-0.2440086058573294,-0.006741364231539366,-6.4493761931120845,659,37.79956970713353,62.20043029286647,-0.35122752544648655,-0.008628756387097647,-9.61525439454361,659,32.438623727675676,67.56137627232432,-0.30208362165655217,-0.008013665532405446,-8.122481501950881,659,34.89581891717239,65.10418108282761
LOW,-0.10278526067715528,-0.0015549358591923524,-2.648621195968502,659,44.860736966142234,55.139263033857766,-0.311117129519306,-0.003190735148877359,-8.390989339566424,659,34.4441435240347,65.5558564759653,-0.05931661979488749,-0.0014552386751999667,-1.5230860858994837,659,47.034169010255624,52.965830989744376,-0.06065944090028734,-0.0009598577738189935,-1.5576919283333828,659,46.96702795498563,53.03297204501437,-0.15097427137794578,-0.0029166899058036197,-3.914645086251671,659,42.45128643110271,57.54871356889729,-0.32652804039867095,-0.005609508538426557,-8.854931181402884,659,33.67359798006645,66.32640201993355,-0.12358005111996717,-0.0022924352133110344,-3.192073760774116,659,43.82099744400164,56.17900255599836
LQDA,-0.20248232848779546,-0.007730408768146526,-5.2998100252087035,659,39.875883575610224,60.124116424389776,0.021911076490576633,0.0005671060016735189,0.5617598241053198,659,51.09555382452883,48.90444617547117,-0.045956887580554995,-0.002845392205505871,-1.1792133873207595,659,47.702155620972256,52.297844379027744,0.06210060344797344,0.002479921872315479,1.594841577243204,659,53.10503017239867,46.89496982760133,-0.13993679192276492,-0.006822647363969976,-3.6225052858908806,659,43.00316040386175,56.99683959613825,-0.09451037029287923,-0.004097486122217432,-2.433382994569836,659,45.27448148535604,54.72551851464396,-0.18430106320844566,-0.008628001980874114,-4.806340311983851,659,40.78494683957772,59.21505316042228
LRCX,-0.5089135152234597,-0.016562540397502993,-15.153589002936728,659,24.554324238827014,75.44567576117299,0.015087630578280897,0.00033288115032239796,0.3867703405538805,659,50.75438152891405,49.24561847108595,0.006085001129363273,0.00032115879919721035,0.15597370498316057,659,50.304250056468156,49.695749943531844,0.5075078329483502,0.01727637258434879,15.097185173944395,659,75.37539164741752,24.624608352582484,-0.3294621400778552,-0.013692859749914438,-8.944139430359698,659,33.526892996107236,66.47310700389276,-0.472951927862136,-0.017479244606382064,-13.758791319765038,659,26.352403606893198,73.6475963931068,-0.47702452113686056,-0.019036659110079217,-13.911977710886012,659,26.14877394315697,73.85122605684303
LRNZ,-0.5753648648658695,-0.011109758217669179,-18.031318393329475,659,21.231756756706528,78.76824324329347,0.018966731264696415,0.00024827841046773196,0.4862429365150993,659,50.94833656323482,49.05166343676518,-0.18975220732106496,-0.00594188582610532,-4.953730017541585,659,40.51238963394675,59.48761036605325,-0.07030123881998543,-0.00141987820760747,-1.8064316035923702,659,46.48493805900073,53.51506194099927,-0.37207515737827995,-0.009174821477447116,-10.274733722774132,659,31.396242131086005,68.60375786891399,-0.5192332660912518,-0.01138535226991887,-15.572766014526378,659,24.038336695437412,75.96166330456259,-0.5323154333459095,-0.012603680642149225,-16.117628276852262,659,23.384228332704527,76.61577166729548
LSCC,-0.4846399110894951,-0.017326811749428645,-14.20155513490637,659,25.768004445525243,74.23199555447476,0.07309255204005682,0.001771567898273731,1.8785338889121284,659,53.65462760200283,46.34537239799717,-0.05693680618092094,-0.003301176759997398,-1.4617761720847908,659,47.153159690953956,52.846840309046044,0.3114183198313898,0.011645831009202743,8.399984542821773,659,65.57091599156949,34.42908400843051,-0.37866761568055174,-0.017288739257872932,-10.486946869465976,659,31.066619215972413,68.93338078402759,-0.42179296120585436,-0.01712464205850647,-11.924004898563133,659,28.91035193970728,71.08964806029272,-0.47471363357808305,-0.020811253920118167,-13.82491523810093,659,26.264318321095846,73.73568167890416
LTRX,-0.30017715865307887,-0.013219484031547223,-8.066126051273434,659,34.99114206734606,65.00885793265394,0.031425213609055036,0.0009382105157753398,0.8058894522772576,659,51.571260680452745,48.428739319547255,-0.04995269235446401,-0.0035675655312741167,-1.2819884252843021,659,47.5023653822768,52.4976346177232,0.09597061540564644,0.004420811402900287,2.471327124371974,659,54.79853077028232,45.20146922971768,-0.20797791321912232,-0.011696603206637025,-5.45006595363878,659,39.601104339043886,60.398895660956114,-0.21433333102709312,-0.010718876560182939,-5.624504595098379,659,39.283333448645344,60.716666551354656,-0.2557476336765576,-0.013810695469413383,-6.780832437061975,659,37.21261831617212,62.78738168382788
LULU,-0.31119865006588704,-0.00862158632787976,-8.393423716064344,659,34.44006749670565,65.55993250329435,0.0041661653462898626,7.824762682863657e-05,0.1067881237281509,659,50.20830826731449,49.79169173268551,-0.10398945966814532,-0.004672130820791678,-2.6799888280433475,659,44.80052701659273,55.19947298340727,-0.16660300270180803,-0.004827909795427247,-4.330898430070275,659,41.669849864909594,58.330150135090406,-0.27294381863020384,-0.009656692866345825,-7.272225617935314,659,36.35280906848981,63.64719093151019,-0.33581696912262005,-0.0105651291002165,-9.138353555242915,659,33.209151543869,66.790848456131,-0.3027020304747989,-0.010283285031204568,-8.140784784871808,659,34.86489847626005,65.13510152373995
LUNR,-0.3654626055374772,-0.02593652833858108,-10.063686861084896,659,31.72686972312614,68.27313027687386,0.03767566048224325,0.0018126542288115154,0.9663890694553304,659,51.88378302411216,48.11621697588784,-0.1405881703174157,-0.01618057211290164,-3.639706535126483,659,42.970591484129216,57.029408515870784,-0.05395051373054602,-0.004004896792486752,-1.3848770945876199,659,47.3024743134727,52.6975256865273,-0.25238631547317253,-0.022873908551836113,-6.685604945533668,659,37.38068422634137,62.61931577365863,-0.1805728317637151,-0.014552714217278832,-4.705800610228664,659,40.97135841181424,59.02864158818576,-0.29400091836939857,-0.025584954446514558,-7.884279494812039,659,35.299954081530075,64.70004591846993
LYB,-0.14721576085412807,-0.003278403120906166,-3.815002769589482,659,42.6392119572936,57.3607880427064,0.2176119922663602,0.003285307819848239,5.7147858250408685,659,60.88059961331801,39.11940038668199,-0.030352917854794444,-0.0010961871063338074,-0.7783649677953635,659,48.48235410726028,51.51764589273972,-0.09942156705476862,-0.0023158770377366537,-2.5610637653008492,659,45.02892164726157,54.97107835273843,-0.31372640666314067,-0.008922053038317302,-8.469010105594418,659,34.313679666842965,65.68632033315703,0.017126244944499703,0.00043310469500915544,0.4390444952589241,659,50.85631224722499,49.14368775277501,-0.2684205832829619,-0.007329779755808527,-7.142267652634611,659,36.578970835851905,63.421029164148095
MA,-0.14616535263031108,-0.00184289274433201,-3.7871856803210844,659,42.691732368484445,57.308267631515555,-0.0384497718094205,-0.0003286507169400758,-0.986274299232462,659,48.077511409528974,51.922488590471026,-0.14571246178174777,-0.0029793979415156423,-3.7751961922929227,659,42.71437691091261,57.28562308908739,-0.2579739419507444,-0.003402187991864425,-6.844049212963916,659,37.10130290246278,62.89869709753722,-0.2750161995510698,-0.004428121988323677,-7.3319409478369835,659,36.24919002244651,63.75080997755349,-0.32011259593030683,-0.0045833294840678055,-8.660868865058056,659,33.99437020348466,66.00562979651534,-0.28277608460533826,-0.0043718510919178106,-7.556532474884998,659,35.86119576973309,64.13880423026691
MANH,-0.2241243655290749,-0.005865064008025038,-5.89471659399261,659,38.79378172354625,61.20621827645375,0.031068074068258917,0.0005511670044072782,0.7967218244276766,659,51.55340370341295,48.44659629658705,-0.1583947274455325,-0.006722032381410261,-4.111884393270323,659,42.080263627723376,57.919736372276624,-0.3833407530558563,-0.010492899677807425,-10.638501683406318,659,30.832962347207182,69.16703765279281,-0.2250617014885024,-0.007521266194798832,-5.920682040918621,659,38.746914925574885,61.253085074425115,-0.21704667094444283,-0.006449996900306587,-5.699204752266439,659,39.147666452777855,60.852333547222145,-0.2437513287847769,-0.007821638460956522,-6.442146332103007,659,37.81243356076116,62.18756643923884
MAR,-0.3430644050250178,-0.0054511886678983235,-9.36156652663708,659,32.846779748749114,67.15322025125089,-0.05877580929908062,-0.0006331394391606059,-1.5091512132637546,659,47.06120953504597,52.93879046495403,-0.1800624310041498,-0.004639966651009245,-4.692052997746763,659,40.99687844979251,59.00312155020749,-0.053631871982214245,-0.0008913850696760203,-1.3766740883707849,659,47.31840640088929,52.68159359911071,-0.39065219391831646,-0.00792704822160255,-10.877549389816258,659,30.467390304084173,69.53260969591582,-0.40750762830823345,-0.0073531595666061055,-11.438041486607501,659,29.624618584588326,70.37538141541168,-0.3929724888667096,-0.00765675523128117,-10.953915225421676,659,30.351375556664518,69.64862444333548
MARA,-0.42514272823335897,-0.024099174559875765,-12.039494278056006,659,28.742863588332053,71.25713641166794,0.028533878280626094,0.0010965120593722615,0.7316786092004807,659,51.426693914031304,48.573306085968696,-0.1923472560436042,-0.01768192742855485,-5.024061710877954,659,40.38263719781979,59.61736280218021,-0.08081000922422271,-0.004791366748265649,-2.0781195060546023,659,45.95949953878886,54.04050046121114,-0.31304664717718916,-0.02266116055469227,-8.44866402841488,659,34.347667641140546,65.65233235885945,-0.2897773576380493,-0.018653251857429647,-7.760550004147309,659,35.511132118097535,64.48886788190246,-0.3621797942082937,-0.025174374741968323,-9.959569092383894,659,31.891010289585314,68.10898971041469
MAS,-0.1723096016680375,-0.003280812458664079,-4.483705130723297,659,41.38451991659813,58.61548008340187,-0.30348875298453837,-0.00391741628122291,-8.164086076698092,659,34.82556235077308,65.17443764922692,-0.11011605352132078,-0.0034001553617418775,-2.8397652820884502,659,44.49419732393396,55.50580267606604,0.0023208960881048804,4.622261051516612e-05,0.05948939482955568,659,50.11604480440525,49.88395519559475,-0.192083640369245,-0.004670549547759018,-5.016912164520966,659,40.39581798153775,59.60418201846225,-0.3412110245510905,-0.007377643672685565,-9.30430676779363,659,32.93944877244548,67.06055122755453,-0.16871991966069166,-0.003939175678326702,-4.387530360793142,659,41.56400401696542,58.43599598303458
MBLY,-0.37743070442583243,-0.014769398386121908,-10.446990110888263,659,31.128464778708377,68.87153522129162,0.03150138555284859,0.0008356808101748215,0.8078447951851218,659,51.57506927764243,48.42493072235757,-0.04906359596946819,-0.003113588031753762,-1.2591150501243968,659,47.54682020152659,52.45317979847341,-0.015766082757936,-0.0006453216349229141,-0.40416664524356727,659,49.2116958621032,50.7883041378968,-0.26994591692629366,-0.013489877915188494,-7.186034824735376,659,36.502704153685315,63.497295846314685,-0.32927990143675173,-0.014632330250375978,-8.938590230442585,659,33.53600492816241,66.46399507183759,-0.3211356203095775,-0.015409236492367374,-8.691724517835274,659,33.94321898452113,66.05678101547886
MCD,0.16702034898749368,0.0019018828566364455,4.342058408010356,659,58.35101744937469,41.64898255062531,-0.1932278045677872,-0.001491657761656403,-5.047951350686015,659,40.33860977161064,59.66139022838936,0.0629550012063766,0.0011625745454159342,1.616870576905561,659,53.147750060318835,46.852249939681165,-0.1725175804012406,-0.0020548237718573453,-4.4892828971635605,659,41.37412097993797,58.62587902006203,0.0228020722456453,0.00033158461600690255,0.5846149725098596,659,51.14010361228226,48.85989638771774,-0.1320043811648092,-0.0017069681444041344,-3.413408061727151,659,43.399780941759545,56.600219058240455,0.03001702239132831,0.0004191302910851966,0.7697435111309368,659,51.50085111956641,48.49914888043359
MCHP,-0.4282400646410675,-0.013155409567967515,-12.146817735577633,659,28.58799676794662,71.41200323205338,0.05271212378985865,0.0010977736138639627,1.3529987563083785,659,52.63560618949293,47.36439381050707,-0.07704865622441727,-0.003838471696818651,-1.98080027987209,659,46.147567188779135,53.852432811220865,0.25789396466996123,0.008286766511378529,6.841776216715625,659,62.89469823349806,37.10530176650194,-0.3750374736964539,-0.014712870788863219,-10.369864788112894,659,31.248126315177306,68.7518736848227,-0.3745752845792277,-0.01306709022052006,-10.35499796036439,659,31.27123577103862,68.72876422896138,-0.4409612426774404,-0.01661057093681402,-12.593196955192768,659,27.95193786612798,72.04806213387202
MCO,-0.14588041342005895,-0.00226413957023092,-3.779642132956272,659,42.70597932899705,57.29402067100295,-0.16490162088713783,-0.0017350673195689775,-4.2854276180570885,659,41.754918955643106,58.245081044356894,-0.13550572651115214,-0.0034106727769195482,-3.5056181521243137,659,43.22471367444239,56.77528632555761,-0.3149352501840388,-0.005112747307389889,-8.505228061100615,659,34.253237490798064,65.74676250920194,-0.23465388424333963,-0.004650928208246698,-6.18740975314168,659,38.26730578783302,61.73269421216698,-0.34844133404279626,-0.006141275369535524,-9.528390810550958,659,32.577933297860184,67.42206670213982,-0.26329543477953504,-0.005010909986608299,-6.995630618509034,659,36.835228261023246,63.164771738976754
MDB,-0.3062460348972165,-0.012395266055563077,-8.24589741291791,659,34.687698255139175,65.31230174486083,0.028623035399370455,0.0007853916181648835,0.7339666880074732,659,51.43115176996852,48.56884823003148,-0.11903718204497366,-0.007813474735555458,-3.0730121272485147,659,44.04814089775132,55.95185910224868,-0.27313997740869655,-0.011563718041777075,-7.277873196988384,659,36.343001129565174,63.656998870434826,-0.21776622372692583,-0.011255935026082362,-5.719037714453263,659,39.111688813653714,60.888311186346286,-0.27158077235545336,-0.0124826585673483,-7.233009361153864,659,36.42096138222733,63.57903861777267,-0.2935786716780633,-0.01457058345089453,-7.871887181352531,659,35.32106641609683,64.67893358390316
MDGL,-0.13640436562292657,-0.0045690762029419645,-3.5293057938246735,659,43.17978171885367,56.82021828114633,-0.0574304205706149,-0.001304149333052741,-1.4744908157219112,659,47.12847897146926,52.87152102853074,-0.07657925304596148,-0.004159943703299308,-1.968661253250212,659,46.171037347701926,53.828962652298074,-0.012086467998797795,-0.0004234736416013302,-0.30982311427455955,659,49.39567660006011,50.60432339993989,-0.11228790325451168,-0.004803289714380122,-2.896482981459274,659,44.385604837274414,55.614395162725586,-0.12231361131735162,-0.004652620329213913,-3.158862171573866,659,43.884319434132415,56.115680565867585,-0.14080635666013958,-0.005783482892846676,-3.6454693591577834,659,42.95968216699302,57.04031783300698
MDT,0.07236525906217905,0.0009265229106418293,1.8597430118489766,659,53.61826295310895,46.38173704689105,-0.11983322786580532,-0.001040132089591491,-3.0938608939709176,659,44.008338606709735,55.991661393290265,-0.030200187332154245,-0.0006270640091823297,-0.774444788282665,659,48.48999063339229,51.51000936660771,-0.12416431302528486,-0.0016628369928083533,-3.207400991263275,659,43.79178434873576,56.20821565126424,-0.10727939420162777,-0.0017540744912252387,-2.765748009759536,659,44.63603028991861,55.36396971008139,-0.12991897983698147,-0.001888953805033811,-3.358549759076439,659,43.504051008150924,56.495948991849076,-0.07201084321930613,-0.0011305531928685801,-1.850587145751047,659,46.39945783903469,53.60054216096531
MELI,-0.23114495405543262,-0.005422454061908277,-6.089621118451223,659,38.44275229722837,61.55724770277163,-0.05658150795606151,-0.0008998521896210733,-1.4526249772220692,659,47.170924602196926,52.829075397803074,-0.08482755283895119,-0.0032271904742601997,-2.182166083349257,659,45.75862235805244,54.24137764194756,-0.1103101112988566,-0.002706784201645978,-2.844831398968984,659,44.48449443505717,55.51550556494283,-0.15444759887237178,-0.004626987262928509,-4.00688123218638,659,42.27762005638141,57.72237994361859,-0.27902868113792195,-0.0074333229992919565,-7.44787527814187,659,36.0485659431039,63.9514340568961,-0.2064398642583933,-0.005938436159128843,-5.407960222348737,659,39.678006787080335,60.321993212919665
MESO,-0.17406738295832275,-0.009827837254503865,-4.530866484331527,659,41.29663085208386,58.70336914791614,0.011417748428820663,0.0004370249399546548,0.29267893418019364,659,50.570887421441036,49.429112578558964,-0.020220256747078363,-0.001851413466242652,-0.5183918334963867,659,48.98898716264608,51.01101283735392,-0.005765423839185028,-0.00034048551567741615,-0.14778186478930247,659,49.71172880804075,50.28827119195925,-0.11285787674388874,-0.00813725845742612,-2.911374727191799,659,44.357106162805565,55.642893837194435,-0.14052865654920305,-0.009010069574229618,-3.638134727872202,659,42.97356717253985,57.02643282746015,-0.14591005490039424,-0.010101662160757344,-3.780426823621754,659,42.70449725498029,57.29550274501971
MET,-0.36793984531432256,-0.0055729209795255625,-10.142541648681409,659,31.60300773428387,68.39699226571614,0.11901652809145513,0.0012220769040249806,3.072471271921297,659,55.950826404572766,44.049173595427234,-0.23208665747964874,-0.0057007557475330884,-6.115840134229366,659,38.395667126017564,61.604332873982436,-0.17950156311586174,-0.0028438137151443185,-4.676950572735315,659,41.024921844206915,58.975078155793085,-0.5652155774107516,-0.010932660578707228,-17.56195009421861,659,21.739221129462422,78.26077887053758,-0.31833038986215073,-0.005475286621982136,-8.607195901927184,659,34.083480506892464,65.91651949310753,-0.49272031200399735,-0.009151106139681339,-14.513434360823817,659,25.36398439980013,74.63601560019987
META,-0.3740807159080505,-0.008986342780475378,-10.339099552177688,659,31.295964204597475,68.70403579540252,0.01774442140818839,0.00028897794517115754,0.4548968299777787,659,50.88722107040942,49.11277892959058,-0.1321529977293643,-0.005148383327782896,-3.4173193016140377,659,43.39235011353178,56.60764988646822,0.014133724632539636,0.0003551412603280139,0.3623119785084326,659,50.70668623162698,49.29331376837302,-0.30788710607990366,-0.009445280074694865,-8.294698165331019,659,34.605644696004816,65.39435530399518,-0.4578946818978012,-0.012491251523698914,-13.202110839116276,659,27.105265905109942,72.89473409489005,-0.4169059059654341,-0.012280690044682093,-11.756577353140578,659,29.154704701728296,70.84529529827171
MGA,-0.2993247020794566,-0.006191620034919772,-8.040961685021031,659,35.03376489602717,64.96623510397282,-0.11144579628172052,-0.001562825991294719,-2.8744864757574486,659,44.42771018591397,55.57228981408603,0.011169584937677685,0.0003746924733284338,0.2863167875684876,659,50.55847924688388,49.44152075311612,0.03444730533290816,0.0007453218245513751,0.8834780478992094,659,51.72236526664541,48.27763473335459,-0.24752434535690035,-0.006538608539148502,-6.548319542825899,659,37.62378273215498,62.37621726784502,-0.2896272832719262,-0.006803367051643412,-7.75616273388173,659,35.51863583640369,64.48136416359631,-0.24442780387613686,-0.0061998246506753145,-6.461159371494625,659,37.77860980619316,62.22139019380684
MGX,-0.1511309960066452,-0.01006720781205175,-3.840480038584403,633,42.443450199667744,57.556549800332256,-0.01556977231367516,-0.0007035756673729648,-0.3911556322400145,633,49.221511384316244,50.778488615683756,-0.019378510954525415,-0.002108717126166751,-0.4868740664822596,633,49.031074452273735,50.968925547726265,-0.022406759000896077,-0.0015609183778212555,-0.5629927103518989,633,48.8796620499552,51.1203379500448,-0.09633760476408236,-0.008216571573473986,-2.4312816006885596,633,45.18311976179588,54.81688023820412,-0.09644048708257086,-0.007371255123791159,-2.4339024144505763,633,45.17797564587146,54.82202435412854,-0.11196473421032102,-0.009169410256344676,-2.8303185627456835,633,44.401763289483945,55.598236710516055
MIELY,-0.2826921679311666,-0.006340577231344784,-7.55409519321284,659,35.86539160344167,64.13460839655832,-0.01784995902886739,-0.00027141724620688456,-0.457603257209346,659,49.107502048556626,50.892497951443374,0.16870234960460895,0.006136381444172348,4.387060069308911,659,58.435117480230446,41.564882519769554,0.11692072933993322,0.0027430478412785305,3.0176104831481325,659,55.846036466996665,44.153963533003335,-0.237290482306472,-0.006796745655637891,-6.26105595093214,659,38.1354758846764,61.8645241153236,-0.2259216235406383,-0.005754339943396844,-5.94451824732207,659,38.703918822968085,61.296081177031915,-0.2826904270637058,-0.007774870878699081,-7.5540446333344695,659,35.86547864681471,64.13452135318529
MKSI,-0.5284356358475804,-0.018658495543906504,-15.954408787891216,659,23.57821820762098,76.42178179237902,0.023803525071896602,0.0005697849821759659,0.6103051484274801,659,51.190176253594835,48.809823746405165,-0.06190933892809066,-0.0035450053001067315,-1.5899106740996252,659,46.904533053595465,53.095466946404535,0.3886397627798798,0.014353526129933248,10.811514231036378,659,69.431988138994,30.568011861006,-0.3905446250451587,-0.01761006138442483,-10.874015025304674,659,30.472768747742062,69.52723125225793,-0.4373574410377341,-0.017536533115628722,-12.465810596571265,659,28.132127948113293,71.8678720518867,-0.48899434159165883,-0.021171684936302632,-14.36901970096506,659,25.550282920417054,74.44971707958294
MMM,-0.19155383892666325,-0.0035400484299120735,-5.0025467764935385,659,40.42230805366684,59.57769194633316,-0.09594456987281566,-0.001202053893223816,-2.470650196958436,659,45.20277150635922,54.79722849364078,-0.08697563301275221,-0.002606706518139108,-2.2378408364452063,659,45.65121834936239,54.34878165063761,-0.012990315970761088,-0.00025111051810833225,-0.33299602236436393,659,49.350484201461946,50.649515798538054,-0.24960936517358184,-0.005890944048807997,-6.607128026599867,659,37.51953174132091,62.48046825867909,-0.29823831344686463,-0.006258993088744892,-8.008922326166095,659,35.088084327656766,64.91191567234324,-0.2468940037928599,-0.005594946637544656,-6.530559735961423,659,37.65529981035701,62.34470018964299
MMS,-0.12989848810044644,-0.002356008350998269,-3.3580109322795115,659,43.505075594977676,56.494924405022324,-0.1023436342455924,-0.0012584001453703135,-2.637120427191284,659,44.88281828772038,55.11718171227962,-0.14832266946996706,-0.004362711138419399,-3.844330391109591,659,42.583866526501645,57.416133473498355,-0.3043877929186622,-0.005774665156480045,-8.19073652747622,659,34.78061035406689,65.21938964593312,-0.16269315998537145,-0.0037683193681349774,-4.226463288753775,659,41.865342000731424,58.134657999268576,-0.15266647882246404,-0.0031444095890405454,-3.959563827292839,659,42.3666760588768,57.6333239411232,-0.14218419597484794,-0.0031622129909519717,-3.681873950616328,659,42.8907902012576,57.1092097987424
MNRO,-0.1642006724795826,-0.005666051609559658,-4.266705666485819,659,41.78996637602087,58.21003362397913,-0.21838312046396338,-0.005108693618102254,-5.736048971007483,659,39.08084397680183,60.91915602319817,-0.05105129872951345,-0.002856857548809497,-1.310255994162108,659,47.44743506352433,52.55256493647567,0.01761492389139441,0.0006357892954589683,0.45157599129105874,659,50.880746194569724,49.119253805430276,-0.11671925257815799,-0.005143441103715693,-3.0123386818191356,659,44.1640373710921,55.8359626289079,-0.24015953711318763,-0.0094108342914679,-6.341361849087412,659,37.99202314434062,62.00797685565938,-0.11033701311787086,-0.0046686775597841075,-2.8455337300109416,659,44.48314934410645,55.51685065589355
MO,0.365115940165082,0.004793772414276078,10.05267166108745,659,68.2557970082541,31.744202991745894,-0.10361079226543009,-0.0009222248248820595,-2.6701238156049945,659,44.819460386728494,55.180539613271506,0.03771025031028045,0.0008029384025712254,0.967277569159422,659,51.88551251551402,48.11448748448598,-0.16081006848582866,-0.002208445575521816,-4.176237667612024,659,41.95949657570856,58.04050342429144,0.07585076989938425,0.001271780876524293,1.9498248792788258,659,53.79253849496921,46.20746150503079,0.06330240808179646,0.0009438207984490893,1.6258288115718895,659,53.165120404089826,46.834879595910174,0.13552703270341124,0.0021819239573092216,3.5061796695884686,659,56.77635163517056,43.22364836482944
MOB,-0.2841145773269596,-0.018018539797000133,-7.595433298268393,659,35.794271133652025,64.20572886634798,0.0757200214661158,0.0032555322392101003,1.9464444529736282,659,53.78600107330579,46.21399892669421,-0.10933300142999144,-0.011244846804883623,-2.81932607782349,659,44.53334992850043,55.46665007149957,0.020498592627008767,0.0013598060432174013,0.5255305800892062,659,51.02492963135043,48.97507036864957,-0.24934051457327516,-0.020194104832759355,-6.59953955035805,659,37.532974271336236,62.467025728663764,-0.11466642216158782,-0.008258193067341537,-2.958646095391873,659,44.266678891920606,55.733321108079394,-0.26856601339261027,-0.02088546705205401,-7.146438048568814,659,36.57169933036949,63.42830066963051
MOG.A,,,,0,,,,,,0,,,,,,0,,,,,,0,,,,,,0,,,,,,0,,,,,,0,,
MOH,0.05525549843230603,0.001640718142189975,1.4184766372791837,659,52.762774921615296,47.237225078384704,-0.08144615936182206,-0.0016395108119717896,-2.094587630585126,659,45.9276920319089,54.0723079680911,-0.04446997921805349,-0.002141418756390409,-1.1409837580936761,659,47.776501039097326,52.223498960902674,-0.08510950276104576,-0.002643403000802563,-2.1894720033049917,659,45.74452486194771,54.25547513805229,0.03887623249104303,0.0014741725799923835,0.997229900388498,659,51.94381162455215,48.05618837544785,-0.02276093328882609,-0.0007674873734728259,-0.583559676870116,659,48.861953335558695,51.138046664441305,0.05136098154944108,0.001870074279940124,1.3182251105807832,659,52.568049077472054,47.431950922527946
MPC,-0.20191433878736956,-0.004137718476480048,-5.284310564897248,659,39.90428306063152,60.09571693936848,0.2766118160140051,0.0038428169819171684,7.377993656086545,659,63.83059080070026,36.16940919929974,-0.08040663040858362,-0.0026721561711495717,-2.0676784971539433,659,45.97966847957082,54.02033152042918,-0.06565817459938006,-0.0014073736902748039,-1.6865904378501335,659,46.717091270031,53.282908729969,-0.3456470960844395,-0.009045495644990277,-9.441565079814266,659,32.71764519577802,67.28235480422198,0.023935266883243354,0.0005569994236119646,0.6136848439745609,659,51.196763344162164,48.803236655837836,-0.30931609943920013,-0.0077725471516821906,-8.337258923703116,659,34.534195028039996,65.46580497196001
MPWR,-0.4882588482809734,-0.016851386929560234,-14.340635567275068,659,25.587057585951335,74.41294241404867,0.0746779674713423,0.0017472828460214174,1.9195063347661228,659,53.733898373567115,46.266101626432885,-0.04998708226159372,-0.0027978183380107345,-1.2828732196844521,659,47.50064588692031,52.49935411307969,0.3974086772334614,0.014346624112253663,11.100610788969835,659,69.87043386167306,30.129566138326936,-0.3732318997267087,-0.016450153788733227,-10.311837394332667,659,31.338405013664563,68.66159498633544,-0.40237114175731825,-0.015770121799152822,-11.265805442433752,659,29.881442912134087,70.11855708786591,-0.48992482676262933,-0.020733949616935168,-14.40498668511641,659,25.503758661868538,74.49624133813145
MRCY,-0.33869020706954334,-0.010946390027034894,-9.2266236053205,659,33.065489646522835,66.93451035347717,-0.05318938469946652,-0.0011654091964837306,-1.3652835432318515,659,47.34053076502667,52.65946923497333,-0.16078402539343659,-0.008427279004068259,-4.175543378604135,659,41.96079873032817,58.03920126967183,0.0012191455176641748,4.121456030027832e-05,0.031249174830109038,659,50.06095727588321,49.93904272411679,-0.22375204299439913,-0.009235086484327137,-5.884407551634894,659,38.81239785028004,61.18760214971996,-0.15422029913730595,-0.005660209602387353,-4.000840548842627,659,42.2889850431347,57.7110149568653,-0.24787883594338497,-0.009823693173193562,-6.55831116706549,659,37.60605820283075,62.39394179716925
MRK,0.13019857584684683,0.002166693733972012,3.3659021272016267,659,56.50992879234234,43.49007120765766,-0.1713899886283164,-0.0019335790829026157,-4.459049491478004,659,41.430500568584186,58.569499431415814,0.014234239988520178,0.00038415082797169916,0.3648891669453034,659,50.711711999426015,49.288288000573985,0.03139879845991518,0.0005465515983628645,0.8052113755233894,659,51.56993992299576,48.43006007700424,-0.005647137090166662,-0.00012001217404342285,-0.14474978941129565,659,49.71764314549167,50.28235685450833,-0.09302176134969858,-0.001757917728482176,-2.3947181483830526,659,45.348911932515065,54.651088067484935,-0.008354609170838273,-0.00017048434083888128,-0.2141529101517682,659,49.58226954145808,50.41773045854192
MRNA,-0.08060035603227626,-0.006339039364780192,-2.072692740031027,659,45.96998219838619,54.03001780161381,-0.1331780498073699,-0.007100751844910443,-3.444302674897324,659,43.3410975096315,56.6589024903685,0.013699213305362355,0.0017472631301857357,0.35117134280286055,659,50.68496066526812,49.31503933473188,-0.021048086986065948,-0.0017315138286039394,-0.539624348083722,659,48.9475956506967,51.0524043493033,-0.01980369201430494,-0.001989016248208091,-0.5077080240319904,659,49.00981539928475,50.99018460071525,-0.12057711213397333,-0.010768967357652887,-3.1133489995736174,659,43.97114439330133,56.02885560669867,-0.0776794310404674,-0.007491341362539753,-1.9971145546815456,659,46.11602844797663,53.88397155202337
MRVL,-0.43041178571807026,-0.018522852590371636,-12.222380576551974,659,28.47941071409649,71.52058928590351,0.023882620001545844,0.0006967723047599691,0.6123342405929342,659,51.19413100007729,48.80586899992271,-0.08645089486376167,-0.0060335012217854495,-2.2242376026540343,659,45.67745525681192,54.32254474318808,0.3380852113929218,0.015218671255445005,9.20801316123292,659,66.90426056964608,33.095739430353916,-0.27147874971108704,-0.014919876725598786,-7.2300759580536775,659,36.42606251444565,63.57393748555435,-0.3631102935461383,-0.01774536636765846,-9.989037229769218,659,31.84448532269308,68.15551467730691,-0.39549385262531017,-0.020870387655247947,-11.037179293638617,659,30.225307368734487,69.77469263126551
MS,-0.5068712953126946,-0.008878944054783094,-15.071697207258923,659,24.65643523436527,75.34356476563474,0.05510766492379232,0.0006544264246027087,1.4146699934745908,659,52.755383246189616,47.244616753810384,-0.23014117218607585,-0.006537837762315551,-6.0616936137946515,659,38.4929413906962,61.5070586093038,-0.017049935517030608,-0.00031240157086462236,-0.43708767412181443,659,49.14750322414847,50.85249677585153,-0.5434003194860078,-0.012155957986975526,-16.591875477162432,659,22.829984025699613,77.17001597430038,-0.42452993949179824,-0.008444902501688676,-12.018322424669712,659,28.773503025410086,71.2264969745899,-0.550200935272326,-0.011818218342893346,-16.888875637953827,659,22.4899532363837,77.5100467636163
MSFT,-0.3678420833176419,-0.006046231351622235,-10.13942500229607,659,31.607895834117905,68.3921041658821,0.06489719510277313,0.000723160122762692,1.6669596598534437,659,53.24485975513865,46.75514024486135,-0.1637064943166889,-0.004363806170054363,-4.25351043013453,659,41.81467528416555,58.18532471583445,-0.2409509218970781,-0.004142655178732363,-6.363543914317827,659,37.95245390514609,62.04754609485391,-0.2843773716305204,-0.005969309018586294,-7.603076593220745,659,35.781131418473976,64.21886858152602,-0.45122078815242894,-0.00842238599252723,-12.960036161556118,659,27.438960592378553,72.56103940762145,-0.42821229789867193,-0.008630770050138183,-12.145853294425814,659,28.589385105066402,71.4106148949336
MSOS,-0.08313516485670583,-0.004557583644328103,-2.138323756904123,659,45.84324175716471,54.15675824283529,0.004665311768950765,0.00017338668886848286,0.11958262505397235,659,50.23326558844754,49.76673441155246,0.0700449461865006,0.006227344443415176,1.7998134840637896,659,53.502247309325035,46.497752690674965,-0.02263718409968856,-0.0012980730528751334,-0.5803852831771604,659,48.86814079501558,51.13185920498442,-0.08520109526360972,-0.00596486669078825,-2.191845473060694,659,45.739945236819516,54.260054763180484,-0.05581583847615822,-0.003474801758853388,-1.4329059833658924,659,47.20920807619209,52.79079192380791,-0.11210867847099802,-0.007536265352371642,-2.8918009594494056,659,44.3945660764501,55.6054339235499
MSTY,-0.3938570473592279,-0.01739273619003302,-10.703708370074882,626,30.307147632038607,69.6928523679614,0.060947368213185554,0.0018265824688749835,1.5253003320217149,626,53.04736841065928,46.95263158934072,-0.10113863027351098,-0.007297050628981258,-2.5394636749511093,626,44.94306848632445,55.05693151367555,-0.126074873390805,-0.005841447587462472,-3.174680968427227,626,43.69625633045975,56.30374366954025,-0.29450197069073814,-0.016606811525130098,-7.698059076881822,626,35.274901465463095,64.7250985345369,-0.28373802024226025,-0.014494313153443709,-7.3915527005917365,626,35.81309898788699,64.18690101211301,-0.38190719406321066,-0.020722181338479393,-10.322475265858317,626,30.90464029683947,69.09535970316053
MT,-0.2813037961975506,-0.006638927738244003,-7.513798528566446,659,35.93481019012247,64.06518980987752,-0.08615682102441265,-0.0013784696561063695,-2.216614892408468,659,45.692158948779365,54.307841051220635,0.2551621241218723,0.009765955784259024,6.764225922070951,659,62.758106206093615,37.241893793906385,0.17017148918708816,0.004200838581255989,4.426398927364485,659,58.50857445935441,41.49142554064559,-0.2696828495959965,-0.00812795622277046,-7.1784823490824055,659,36.51585752020018,63.48414247979982,-0.28859158987900724,-0.007734437123012577,-7.725902298120116,659,35.570420506049636,64.42957949395037,-0.32195325904524397,-0.00931713175787172,-8.716409876393392,659,33.9023370477378,66.0976629522622
MTN,-0.19302896709113843,-0.003976188859629443,-5.0425557039541475,659,40.348551645443074,59.651448354556926,-0.0406282724924531,-0.0005673591585465476,-1.0422448864500575,659,47.96858637537734,52.03141362462266,-0.1273141214777302,-0.004253018690574089,-3.2900902750336574,659,43.634293926113486,56.365706073886514,-0.187762971917029,-0.004045584847973688,-4.899890246468618,659,40.611851404148545,59.388148595851455,-0.21169568285065932,-0.005568807397654473,-5.5520191252166216,659,39.41521585746703,60.58478414253297,-0.15180993884430985,-0.003551136912489513,-3.9368230030742306,659,42.40950305778451,57.59049694221549,-0.18131649925760443,-0.004579825234068666,-4.725838285389759,659,40.93417503711978,59.06582496288022
MTSI,-0.44033330904211354,-0.013936384033852682,-12.570946886287905,659,27.983334547894323,72.01666545210568,0.020724732309157806,0.00044467497763165737,0.5313306907915172,659,51.03623661545789,48.96376338454211,-0.07879940733428263,-0.004044526765318408,-2.0260874288778745,659,46.06002963328587,53.93997036671413,0.349354002229365,0.011565412714456547,9.556812723327967,659,67.46770011146825,32.53229988853175,-0.3017109502236871,-0.012194537058073752,-8.111456854044953,659,34.91445248881565,65.08554751118436,-0.34873205916042294,-0.012533810794773824,-9.53744109035429,659,32.56339704197885,67.43660295802115,-0.4130007466823272,-0.01602826322615173,-11.62367748987801,659,29.349962665883638,70.65003733411636
MU,-0.4520740224453415,-0.018078522119175593,-12.990830404571376,659,27.396298877732928,72.60370112226707,0.06616160880027246,0.0017936785968885552,1.6995790131543,659,53.308080440013626,46.691919559986374,0.018758944437240327,0.0012165724192711698,0.4809140983891776,659,50.93794722186201,49.06205277813799,0.43584922507565205,0.018231252129233398,12.412719727424403,659,71.7924612537826,28.207538746217395,-0.28806845855148466,-0.01471142562774583,-7.710628931430792,659,35.59657707242577,64.40342292757424,-0.37468023593936867,-0.017015191920193587,-10.358373049085408,659,31.26598820303157,68.73401179696843,-0.43237089350011043,-0.021202002734434212,-12.290769187089333,659,28.381455324994477,71.61854467500552
MVIS,-0.3322559476745874,-0.019510993343813256,-9.029352348444194,659,33.38720261627063,66.61279738372937,0.04268564900419165,0.0016993142588027066,1.0951171769038515,659,52.13428245020958,47.86571754979042,-0.10704626943036907,-0.010194228168927127,-2.759668123254683,659,44.64768652848154,55.35231347151846,-0.025675424293346495,-0.001577070441339217,-0.6583297942723567,659,48.716228785332675,51.283771214667325,-0.23460222101615377,-0.017593182788877375,-6.185968131826676,659,38.26988894919231,61.73011105080769,-0.22499665471848054,-0.01500394183015974,-5.9188796012182046,659,38.75016726407598,61.24983273592402,-0.2778390489451814,-0.020006308590096836,-7.413459000381565,659,36.10804755274093,63.89195244725907
MYNZ,,,,0,,,,,,0,,,,,,0,,,,,,0,,,,,,0,,,,,,0,,,,,,0,,
MYO,-0.18438669988249165,-0.01078305458833853,-4.8086521909754465,659,40.78066500587541,59.21933499412459,-0.037061518418147414,-0.001469334299188114,-0.9506143419414742,659,48.14692407909263,51.85307592090737,-0.05999522887183189,-0.005689906410733122,-1.5405734712312689,659,47.000238556408405,52.999761443591595,-0.051735201846459675,-0.003164646507149532,-1.3278554889441265,659,47.41323990767702,52.58676009232298,-0.13042754431530976,-0.00974063362659355,-3.3719237815975296,659,43.47862278423451,56.52137721576549,-0.18382306263478088,-0.012207729673220405,-4.793438113207704,659,40.80884686826096,59.19115313173904,-0.17830232577873928,-0.012786046611565608,-4.644674635768872,659,41.084883711063036,58.915116288936964
NANC,-0.6119884816049874,-0.0064137707714797265,-19.834563932380465,659,19.40057591975063,80.59942408024938,0.006312854266968496,4.4851931003980175e-05,0.16181437585768246,659,50.31564271334843,49.68435728665157,-0.19810004996165606,-0.003366905811562003,-5.180368256450104,659,40.0949975019172,59.9050024980828,0.04662672843568591,0.0005111307110387441,1.1964380939980956,659,52.33133642178429,47.66866357821571,-0.49229438149468424,-0.006588715329526582,-14.49687276763914,659,25.385280925265786,74.61471907473421,-0.6914781334273777,-0.008229459851384981,-24.53493810787528,659,15.426093328631113,84.57390667136889,-0.6595789129990882,-0.00847625495715493,-22.49273498786675,659,17.02105435004559,82.97894564995441
NBIS,-0.41038643024545346,-0.028003912605967532,-9.662525638299366,463,29.48067848772733,70.51932151227267,0.0866182253034121,0.0040642387637161775,1.8667883449580143,463,54.3309112651706,45.6690887348294,-0.10234397299311565,-0.01136517340529001,-2.2090176882758614,463,44.88280135034422,55.11719864965578,0.14394101199342704,0.01001629390551058,3.123067375032987,463,57.19705059967135,42.80294940032865,-0.27739156222852224,-0.023787341168833128,-6.199121856237642,463,36.130421888573885,63.869578111426115,-0.28035735380993865,-0.022522002223839318,-6.27102264238115,463,35.982132309503065,64.01786769049693,-0.38107206576645297,-0.03155915237725919,-8.849716621341718,463,30.946396711677348,69.05360328832265
NBIX,-0.17347930641648393,-0.0037132652328688465,-4.515083417482543,659,41.326034679175805,58.673965320824195,-0.045001616380094436,-0.0006530126631431593,-1.1546516980567998,659,47.74991918099528,52.25008081900472,-0.10112915058633289,-0.0035104343049704796,-2.6055011312452105,659,44.943542470683354,55.056457529316646,-0.029676171680785627,-0.0006644204867215977,-0.76099513452994,659,48.51619141596072,51.48380858403928,-0.1649771136964092,-0.004509596390922632,-4.287444387599549,659,41.75114431517954,58.24885568482046,-0.1777921776426099,-0.004321590751333155,-4.630951142852149,659,41.110391117869504,58.889608882130496,-0.19577175446147987,-0.005138370195204185,-5.11704117183729,659,40.211412276926005,59.788587723073995
NDSN,-0.3329233048417662,-0.005076455605825358,-9.049746563124291,659,33.35383475791169,66.6461652420883,-0.09560763106365527,-0.0009883121825460211,-2.461893566558113,659,45.219618446817236,54.780381553182764,-0.10087581460429013,-0.0024944778192598177,-2.598906972761354,659,44.9562092697855,55.0437907302145,0.04300642030902383,0.0006859248492059192,1.1033618835121195,659,52.1503210154512,47.8496789845488,-0.36487316288492666,-0.007104998582282676,-10.04496035079753,659,31.756341855753668,68.24365814424633,-0.34358050296338205,-0.005949323715805071,-9.377533263765345,659,32.8209748518309,67.1790251481691,-0.3643193462656821,-0.006811859665797906,-10.02737837067362,659,31.784032686715896,68.2159673132841
NEE,0.15209973245261213,0.002360164868865073,3.944515898715749,659,57.604986622630605,42.395013377369395,-0.171800152917034,-0.0018072683095998905,-4.470044871038029,659,41.4099923541483,58.5900076458517,0.11412484136493839,0.0028719063548562846,2.944487269801883,659,55.70624206824692,44.29375793175308,0.06695824001860101,0.0010867878318621073,1.7201347233396946,659,53.34791200093005,46.65208799906995,0.042091720722791666,0.0008340964070857875,1.079852476896105,659,52.10458603613959,47.89541396386041,-0.021892097752188956,-0.00038576601437194846,-0.5612730106400357,659,48.90539511239055,51.09460488760945,0.04394025067751407,0.0008360716252774937,1.1273658532527235,659,52.19701253387571,47.80298746612429
NEM,-0.15444409044586005,-0.0039923591690051155,-4.0067879878248895,659,42.277795477706995,57.722204522293005,-0.002957771248484981,-5.183320802157522e-05,-0.07581395750109059,659,49.85211143757575,50.14788856242425,0.20969541365042224,0.008790699573965744,5.497134315100965,659,60.484770682521116,39.515229317478884,0.10542204286026517,0.002850470715070719,2.7173210673126857,659,55.27110214301326,44.72889785698674,-0.028858250281659125,-0.0009526513436227969,-0.7400031964665787,659,48.557087485917044,51.442912514082956,0.036901838338556835,0.0010832507683590387,0.9465130094640807,659,51.84509191692784,48.15490808307216,-0.12046501962950198,-0.0038184431445600774,-3.110412086736696,659,43.9767490185249,56.0232509814751
NET,-0.3524506407528884,-0.012145836312627454,-9.653478601730717,659,32.377467962355574,67.62253203764442,0.056447654295789275,0.0013187431434510568,1.4491775357207768,659,52.82238271478946,47.17761728521054,-0.1812787063009513,-0.01013099518467501,-4.724819774967991,659,40.936064684952434,59.063935315047566,-0.24290756755955284,-0.008755823741945515,-6.418445547473474,659,37.85462162202236,62.14537837797764,-0.23810011935232567,-0.010478386446680138,-6.283700287269658,659,38.09499403238372,61.90500596761628,-0.2750584655006247,-0.010764077827513182,-7.333159980941721,659,36.247076724968764,63.752923275031236,-0.3231440874184977,-0.01365502175309828,-8.752401161315824,659,33.84279562907512,66.15720437092489
NFLX,-0.19738411322400196,-0.004006111062098269,-5.16088590439485,659,40.1307943387999,59.8692056612001,0.07758643083220383,0.001067534108115644,1.9947090586697167,659,53.879321541610196,46.120678458389804,-0.07280169898651588,-0.00239623000073408,-1.8710188353727166,659,46.3599150506742,53.6400849493258,-0.14705555977427823,-0.0031219006985105354,-3.810759447279205,659,42.64722201128609,57.35277798871391,-0.11911997356852749,-0.0030874579931036788,-3.075180190406955,659,44.044001321573624,55.955998678426376,-0.22648121301840218,-0.005219941869335452,-5.960037386641817,659,38.67593934907989,61.32406065092011,-0.22807172289664368,-0.005676090306310557,-6.0041811568009615,659,38.59641385516782,61.40358614483218
NICE,-0.1816033392888459,-0.004961963979485858,-4.733569256262284,659,40.91983303555771,59.08016696444229,0.036963489760717165,0.0006846804694025561,0.9480964981746817,659,51.84817448803586,48.15182551196414,-0.14694290948270816,-0.0065111036396582195,-3.807775808918361,659,42.65285452586459,57.34714547413541,-0.3804642303408814,-0.010873527463049513,-10.545101037755341,659,30.976788482955932,69.02321151704407,-0.188971193425641,-0.006593728514899243,-4.932583936892427,659,40.551440328717945,59.448559671282055,-0.21943865627693757,-0.0068087220642491205,-5.76517269635197,659,39.02806718615312,60.97193281384688,-0.20866030026254473,-0.006990957599369467,-5.468760536526352,659,39.56698498687277,60.43301501312723
NINOY,-0.16652897884933388,-0.004870450314749718,-4.32891925790512,659,41.67355105753331,58.32644894246669,0.05061009884085542,0.0010034637299643112,1.2989031824021684,659,52.53050494204277,47.46949505795723,-0.013364443268385269,-0.0006338790033170548,-0.342588155935316,659,49.331777836580734,50.668222163419266,0.022917285757796318,0.0007010828190971723,0.5875704428878193,659,51.14586428788982,48.85413571211018,-0.1973342624257085,-0.007370339171377248,-5.159529665273476,659,40.13328687871457,59.86671312128543,-0.11858331216806887,-0.003938452107856791,-3.0611277823705794,659,44.070834391596556,55.929165608403444,-0.22130712723761636,-0.007936732843252707,-5.816778680193838,659,38.934643638119184,61.065356361880816
NIO,-0.21098665724848892,-0.00812644839903144,-5.532556063249132,659,39.45066713757556,60.54933286242444,-0.03362044671620153,-0.0008778786072893657,-0.8622471195786028,659,48.31897766418992,51.68102233581008,0.1713318363791182,0.010701879500105826,4.457490782678977,659,58.566591818955914,41.433408181044086,0.016780312031822328,0.0006760404292544768,0.4301737147210934,659,50.83901560159112,49.16098439840888,-0.12266643133253234,-0.00603360951724792,-3.16811307351381,659,43.86667843337339,56.13332156662661,-0.1364310197854736,-0.005967351357522335,-3.5300085184015506,659,43.178449010726325,56.821550989273675,-0.17223909239055948,-0.008134756951655138,-4.481814287877268,659,41.38804538047203,58.61195461952797
NKE,-0.13253891122000683,-0.0029591228556705195,-3.427476736832054,659,43.37305443899966,56.62694556100034,-0.09179679354143175,-0.0013894160300638627,-2.362913228585532,659,45.41016032292841,54.58983967707159,-0.036341761361695785,-0.0013158360067176275,-0.9321281807838708,659,48.182911931915214,51.817088068084786,-0.10864003272616839,-0.002537092675270282,-2.8012426598289024,659,44.56799836369158,55.43200163630842,-0.2149414014400396,-0.006128375289114338,-5.64123325976508,659,39.25292992799802,60.74707007200198,-0.22997346102540606,-0.005830690819054928,-6.05702950111426,659,38.5013269487297,61.4986730512703,-0.2260804587021293,-0.006189416185332909,-5.948922604305325,659,38.69597706489353,61.30402293510647
NLR,-0.4221751742405559,-0.009604748044821308,-11.93715219299311,659,28.891241287972203,71.1087587120278,0.026941887703562414,0.0004155339409635058,0.6908255369971452,659,51.34709438517812,48.65290561482188,0.019622954944155262,0.0007239922019066216,0.5030726676083249,659,50.981147747207764,49.018852252792236,0.1599188616208421,0.0038055709309158933,4.152483850321958,659,57.9959430810421,42.0040569189579,-0.24533088552810933,-0.007127729188102733,-6.48655706916121,659,37.73345572359453,62.26654427640547,-0.23304340164993703,-0.006020780443180301,-6.142496530536135,659,38.34782991750315,61.65217008249685,-0.3717420631123689,-0.010370556291713663,-10.264059707463304,659,31.412896844381557,68.58710315561845
NLY,-0.13547835510409004,-0.0016767044330190882,-3.5048967952536225,659,43.2260822447955,56.7739177552045,-0.2779331040257064,-0.002331911536850942,-7.416178682584505,659,36.10334479871467,63.89665520128533,-0.011187585734751907,-0.000224542818813366,-0.28677827069959777,659,49.440620713262405,50.559379286737595,-0.0649494104732843,-0.0008407921667165831,-1.6683065516321132,659,46.75252947633579,53.24747052366421,-0.15341039808269288,-0.0024246389257710573,-3.9793220234476387,659,42.32948009586536,57.67051990413464,-0.331921755222456,-0.004664928695096744,-9.019145268802111,659,33.4039122388772,66.5960877611228,-0.16043994297326825,-0.002434816068924387,-4.166371243273057,659,41.97800285133659,58.02199714866341
NNDM,-0.2606119051126703,-0.008142830946043041,-6.9191063642573285,659,36.969404744366486,63.030595255633514,-0.03198940229119927,-0.0006775985824982993,-0.8203725789961935,659,48.40052988544004,51.59947011455996,-0.04450053012890324,-0.0022548753991713084,-1.1417691696511505,659,47.77497349355484,52.22502650644516,-0.0509212394288994,-0.0016642056009055941,-1.3069092709747154,659,47.45393802855503,52.54606197144497,-0.2273851073339295,-0.0090729572224952,-5.985118307379281,659,38.63074463330353,61.36925536669647,-0.18958602852055612,-0.006726825941843545,-4.949229883615176,659,40.52069857397219,59.47930142602781,-0.2397401183416104,-0.009185206948278794,-6.329611223178389,659,38.012994082919484,61.987005917080516
NNE,-0.2630904539100458,-0.02169338392463257,-6.516266335674927,573,36.845477304497706,63.154522695502294,0.03253917753557,0.0018405854302270292,0.7779553332915483,573,51.626958876778495,48.373041123221505,-0.04532992021865416,-0.006100438621033496,-1.0843005108390313,573,47.733503989067295,52.266496010932705,0.05001951813235951,0.004350368751577626,1.1967447488071783,573,52.500975906617974,47.499024093382026,-0.17615662923962783,-0.01844268680259374,-4.276240668768922,573,41.192168538018606,58.807831461981394,-0.17511433967866336,-0.017079499115747583,-4.250135978206523,573,41.24428301606683,58.75571698393317,-0.24687382280010509,-0.025048382312118138,-6.087626108723473,573,37.656308859994745,62.343691140005255
NNOX,-0.2903778781546618,-0.0163036563236938,-7.7781118637855835,659,35.48110609226691,64.51889390773309,-0.058522057646373124,-0.0022275438800656204,-1.5026133445861567,659,47.07389711768135,52.92610288231865,-0.09893063717879123,-0.009008002271624576,-2.54829228034675,659,45.053468141060435,54.946531858939565,-0.16300315143826086,-0.009572917836541812,-4.234735879508903,659,41.84984242808696,58.15015757191304,-0.1830015066707118,-0.013121449962239204,-4.771270879046045,659,40.84992466646441,59.15007533353559,-0.17842634349575306,-0.011376355475943123,-4.648011419889196,659,41.07868282521235,58.92131717478765,-0.19493287906888676,-0.013420652906709253,-5.094246798963105,659,40.25335604655566,59.74664395344434
NOC,0.0942829466968407,0.0014364579970694636,2.427474878101525,659,54.71414733484203,45.28585266515797,-0.003963074081405986,-4.093333883940672e-05,-0.10158235711066747,659,49.8018462959297,50.1981537040703,-0.022102347946622684,-0.0005461027856696335,-0.5666660599077586,659,48.894882602668865,51.105117397331135,-0.13622595437117296,-0.0021709333441835726,-3.5246022653140723,659,43.18870228144135,56.81129771855865,-0.006739811265881222,-0.0001311333626805334,-0.17275884192985388,659,49.66300943670594,50.33699056329406,0.22103412247594456,0.0038242106066834402,5.809234276767699,659,61.051706123797224,38.948293876202776,0.02805160703224425,0.0005240643208766446,0.7193021691304791,659,51.402580351612215,48.597419648387785
NOMD,0.11314770747689495,0.00191533303654559,2.9189482748916133,659,55.65738537384475,44.34261462615525,-0.11726729261865718,-0.0013457383692073541,-3.0266794738405585,659,44.13663536906714,55.86336463093286,0.13570127959041406,0.0037252779324623508,3.5107720731963536,659,56.7850639795207,43.2149360204793,-0.07884777908693577,-0.0013960946139618883,-2.0273389398040385,659,46.05761104565321,53.94238895434679,-0.03092530660069792,-0.0006685258939973163,-0.7930571268207973,659,48.4537346699651,51.5462653300349,-0.02412224465436004,-0.0004637019822425726,-0.6184816140726167,659,48.793887767281994,51.206112232718006,0.013630758204289663,0.00028293431135661485,0.3494162092959761,659,50.68153791021448,49.31846208978552
NOVT,-0.44199671151098824,-0.011760395607109536,-12.629937713849246,659,27.90016442445059,72.0998355755494,-0.013570782076778502,-0.0002447896015085786,-0.34787847386312337,659,49.32146089616107,50.67853910383893,-0.1805728393472714,-0.007791687325123473,-4.7058008145204395,659,40.97135803263643,59.02864196736357,0.06155109945814564,0.001713032308012546,1.5806755387636995,659,53.07755497290728,46.92244502709272,-0.3831394796733264,-0.013018635776973757,-10.631954590640634,659,30.84302601633368,69.15697398366632,-0.3738677583834656,-0.011296492049130783,-10.332256978435872,659,31.306612080826724,68.69338791917328,-0.4057298250472818,-0.013237527933375539,-11.378282744713337,659,29.71350874763591,70.28649125236409
NOW,-0.24995398635556101,-0.007066847124599463,-6.616857558154638,659,37.50230068222195,62.49769931777805,0.030783678593390807,0.0005900262597175657,0.7894217260219809,659,51.53918392966954,48.46081607033046,-0.1949718492065996,-0.008939510443018939,-5.095305458630444,659,40.25140753967002,59.74859246032998,-0.5424863584829512,-0.016042841645359643,-16.552317823995544,659,22.87568207585244,77.12431792414756,-0.18785800055731788,-0.006782674931631446,-4.902460822188515,659,40.60709997213411,59.39290002786589,-0.26863953939236745,-0.008624983185045988,-7.14854670185114,659,36.568023030381624,63.431976969618376,-0.25709496295047096,-0.00891304829611315,-6.819076429708444,659,37.14525185247645,62.85474814752355
NRIX,-0.25303138663373853,-0.010193763683147611,-6.703859883721234,659,37.34843066831307,62.65156933168693,-0.10399208910811983,-0.002840178689859064,-2.6800573341139176,659,44.80039554459401,55.19960445540599,-0.12972160507957242,-0.008475175025736468,-3.353360004588388,659,43.51391974602138,56.48608025397862,-0.015071597294877724,-0.0006351061135721454,-0.3863592350366414,659,49.246420135256116,50.753579864743884,-0.19339231315776442,-0.009949586972126296,-5.052415938319283,659,40.33038434211178,59.66961565788822,-0.22922950705560535,-0.01048705100507874,-6.036346713772659,659,38.53852464721973,61.46147535278027,-0.21592449712996042,-0.010666677029998899,-5.668293829698171,659,39.20377514350198,60.79622485649802
NSC,-0.16605631434716334,-0.00250050374399156,-4.316283423314105,659,41.69718428264183,58.30281571735817,-0.0008671810677197147,-8.852523703382368e-06,-0.022227603229010864,659,49.95664094661401,50.04335905338599,-0.1516041398181524,-0.0037021956963773288,-3.9313604687851766,659,42.41979300909237,57.58020699090763,-0.04875650608465634,-0.0007679475106908139,-1.2512153893406026,659,47.56217469576718,52.43782530423282,-0.3112375513430036,-0.005985077568011538,-8.394585463043935,659,34.438122432849816,65.56187756715019,-0.22555409437097151,-0.0038569634526469786,-5.9343289069157565,659,38.72229528145142,61.27770471854858,-0.2807068507487655,-0.005183131047172735,-7.496488314201435,659,35.964657462561725,64.03534253743828
NSRGY,0.2480574555110187,0.003374980714821178,6.563346777395488,659,62.40287277555093,37.59712722444907,-0.26670210418436724,-0.002459974747434981,-7.093027792212921,659,36.66489479078164,63.33510520921836,0.32701923894455953,0.007215534553850405,8.86984548091122,659,66.35096194722799,33.64903805277201,-0.021858698381759897,-0.0003110786133803207,-0.5604163027308172,659,48.907065080912005,51.092934919087995,0.1872109780783716,0.003252789819266243,4.884961334553142,659,59.36054890391858,40.63945109608142,-0.0375048626284218,-0.0005794677679727674,-0.9620018813888377,659,48.12475686857891,51.87524313142109,0.19304733860260312,0.003220697176574569,5.043054205571148,659,59.65236693013015,40.34763306986985
NTAP,-0.3578371728479743,-0.008375720631828116,-9.822492610668766,659,32.10814135760128,67.89185864239872,0.05297393087975869,0.0008405898189090473,1.3597376051189682,659,52.64869654398794,47.35130345601206,-0.1144874508218126,-0.004345810761521691,-2.9539668604411857,659,44.27562745890937,55.72437254109063,0.006890107379191629,0.0001686900882606204,0.17661150200022324,659,50.34450536895958,49.65549463104042,-0.30268871968063765,-0.009047709425441032,-8.14039070112208,659,34.86556401596812,65.13443598403188,-0.3318364531593714,-0.008820303231958891,-9.0165405404916,659,33.40817734203143,66.59182265796858,-0.3766686497163973,-0.010810935276675445,-10.422405441699778,659,31.166567514180134,68.83343248581987
NTDOY,-0.18361019368200016,-0.004038365451564277,-4.787693484499946,659,40.81949031589999,59.18050968410001,0.006058260048189514,9.033206455096794e-05,0.15528823938611797,659,50.302913002409475,49.697086997590525,0.09833429772097138,0.003507438347592968,2.5327811037883214,659,54.91671488604857,45.08328511395143,-0.10997883999800462,-0.002530141497775375,-2.8361833527959512,659,44.50105800009977,55.49894199990023,-0.17653827861943902,-0.0049585351415489505,-4.597236368344479,659,41.173086069028045,58.826913930971955,-0.2081504297901757,-0.005198868529061118,-5.45479140731878,659,39.59247851049121,60.40752148950879,-0.2251950215449355,-0.0060734390453552325,-5.924376587411409,659,38.740248922753224,61.259751077246776
NTES,-0.13043923928306717,-0.002934316812595827,-3.3722313629241576,659,43.478038035846645,56.521961964153355,-0.008886990756259065,-0.0001355310081567495,-0.22780044277642325,659,49.555650462187046,50.444349537812954,0.16890593902548934,0.006161973997149334,4.392509739580751,659,58.44529695127447,41.55470304872553,-0.06903164195303775,-0.0016243282368117958,-1.7736509181793707,659,46.54841790234811,53.45158209765189,-0.06892308397002178,-0.0019800179398015904,-1.7708483813578793,659,46.55384580149891,53.44615419850109,-0.07595502530559704,-0.0019403405119071077,-1.95252041593268,659,46.20224873472015,53.79775126527985,-0.12469203837152822,-0.003439573006555985,-3.2212479822371307,659,43.76539808142359,56.23460191857641
NTLA,-0.3212480302639965,-0.016177179666399054,-8.695117003687686,659,33.93759848680018,66.06240151319983,-0.027405107694154156,-0.0009355759392062659,-0.7027119602741426,659,48.62974461529229,51.37025538470771,-0.12716046703978778,-0.010384620880413477,-3.286054188199605,659,43.64197664801061,56.35802335198939,-0.041968471331936,-0.0022106110268684765,-1.076684957554608,659,47.9015764334032,52.0984235665968,-0.2171932979159566,-0.013967363441701523,-5.703245424751177,659,39.14033510420217,60.85966489579783,-0.17160191822434484,-0.0098131213077367,-4.464730443975701,659,41.41990408878276,58.58009591121724,-0.25487612323438735,-0.01573832650786278,-6.756117116824844,659,37.25619383828063,62.74380616171937
NTNX,-0.2830198046933761,-0.00802508598153607,-7.563612167487647,659,35.849009765331196,64.1509902346688,0.07961899422794305,0.0015305049909980451,2.0472943593230637,659,53.98094971139715,46.01905028860285,-0.188931758653048,-0.008687884341983292,-4.931516491731731,659,40.5534120673476,59.4465879326524,-0.35015611953199405,-0.010385357090537017,-9.581817484975616,659,32.4921940234003,67.5078059765997,-0.23451368555256125,-0.00849193650026336,-6.183497749018903,659,38.27431572237194,61.72568427762806,-0.2515263708508638,-0.008099143349993,-6.6612840796490564,659,37.42368145745681,62.57631854254319,-0.2979028575482487,-0.010357968815470608,-7.999036100914871,659,35.10485712258756,64.89514287741244
NTRA,-0.2914659361281876,-0.008256022018621474,-7.809957047969612,659,35.42670319359062,64.57329680640939,-0.055334885141048416,-0.0010625937214203188,-1.4205208465545016,659,47.23325574294758,52.76674425705242,-0.1123244108020545,-0.005159806108303,-2.897436730295532,659,44.383779459897276,55.616220540102724,-0.04153643580637747,-0.0012306629053365774,-1.0655819973624152,659,47.923178209681126,52.076821790318874,-0.19792238917426688,-0.007159515611651505,-5.1755328776452485,659,40.10388054128666,59.89611945871334,-0.2769823061560382,-0.008909590788256651,-7.388696181505281,659,36.15088469219809,63.84911530780191,-0.2782362558469003,-0.009664153517096147,-7.424946147628751,659,36.08818720765499,63.91181279234501
NU,-0.4001902014370013,-0.01024654775390041,-11.193060223702776,659,29.990489928149934,70.00951007185006,0.02576806267826972,0.00044727856053277933,0.6607066608391651,659,51.288403133913484,48.711596866086516,-0.06352696881074596,-0.0026378217649410396,-1.6316196507129237,659,46.823651559462704,53.176348440537296,-0.04054584297198443,-0.0010858861592403855,-1.040126820545023,659,47.972707851400784,52.027292148599216,-0.33286023346282195,-0.010883753817987847,-9.047818468989199,659,33.356988326858904,66.6430116731411,-0.3360336773507141,-0.009770496109224524,-9.145001071956937,659,33.19831613246429,66.8016838675357,-0.39411319306143755,-0.012373687786319193,-10.99154877702151,659,30.294340346928124,69.70565965307188
NUE,-0.351159383127168,-0.007414013187326674,-9.613126498223982,659,32.442030843641604,67.5579691563584,0.05753331668298515,0.0008234811901148262,1.4771413760100103,659,52.876665834149264,47.123334165850736,-0.17366500085134615,-0.0059461734826903295,-4.520066630678858,659,41.31674995743269,58.68325004256731,0.01388014256373177,0.000306527786784195,0.35581024671006484,659,50.69400712818659,49.30599287181341,-0.3753911477913164,-0.01012135791244503,-10.381247186059058,659,31.230442610434185,68.76955738956582,-0.25820075727583947,-0.0061905506648759195,-6.850496243483766,659,37.08996213620803,62.91003786379197,-0.359259548340535,-0.009300888951880791,-9.867309182348594,659,32.03702258297325,67.96297741702675
NVDA,-0.4649205374272644,-0.013526874501661748,-13.460005613882869,659,26.753973128636776,73.24602687136323,0.08995798929190321,0.0017743678715235315,2.315190993313361,659,54.49789946459516,45.50210053540484,-0.09618442119206287,-0.004538367513479373,-2.4768841635053,659,45.19077894039686,54.80922105960314,0.3258402626356023,0.00991631519802187,8.834061622106518,659,66.29201313178011,33.70798686821989,-0.3051907305326942,-0.011339548091044102,-8.214558585494911,659,34.74046347336529,65.25953652663472,-0.5079129346810316,-0.0167814968750043,-15.11342341246948,659,24.60435326594842,75.39564673405158,-0.4983359218843167,-0.017779026870504283,-14.73308792458398,659,25.083203905784167,74.91679609421584
NVDQ,0.4609552112104521,0.026756891461438642,13.314060836220685,659,73.0477605605226,26.952239439477395,-0.0890487017143278,-0.003504206699917543,-2.291601228775719,659,45.54756491428361,54.45243508571639,0.09558304306711489,0.008997751136105988,2.4612545878659082,659,54.779152153355746,45.220847846644254,-0.3254332346853606,-0.01975903255140098,-8.82171837886349,659,33.72833826573197,66.27166173426804,0.30158508357947134,0.02235591573944593,8.107734296311785,659,65.07925417897357,34.92074582102643,0.5056161967134566,0.03332887075727237,15.021538187176446,659,75.28080983567283,24.719190164327173,0.4947214014172176,0.035213134762425345,14.591428273423244,659,74.73607007086088,25.263929929139124
NVDW,-0.5307391141625245,-0.016284158056761547,-12.303168718383995,388,23.463044291873775,76.53695570812623,0.09738596800988127,0.0020138007986853505,1.92246878132295,388,54.86929840049406,45.13070159950594,-0.14056334158209843,-0.007511668501796411,-2.7893247717329803,388,42.97183292089508,57.02816707910492,0.2588655388943886,0.007846996934208171,5.265379952296299,388,62.94327694471943,37.05672305528057,-0.3942016692015662,-0.01451663341524475,-8.42723832141093,388,30.28991653992169,69.71008346007831,-0.4570719191753372,-0.01617366797468895,-10.096399961989752,388,27.14640404123314,72.85359595876686,-0.5376126964263127,-0.01922156090813754,-12.526701839243659,388,23.119365178684365,76.88063482131564
NVO,-0.1728799805070999,-0.004689310402106065,-4.49900355826043,659,41.356000974645,58.643999025355,-0.004614119711277371,-8.484735922963667e-05,-0.11827042728484696,659,49.769294014436134,50.230705985563866,0.05256700755168666,0.002312350838274284,1.3492636213485163,659,52.62835037758433,47.37164962241567,-0.039248938324742084,-0.0011135738808362105,-1.0068050080887416,659,48.037553083762894,51.962446916237106,-0.1671543528009116,-0.005790121078134017,-4.345642223266033,659,41.64228235995442,58.35771764004558,-0.21795622826292116,-0.0067136122405657885,-5.724276422867881,659,39.10218858685394,60.89781141314606,-0.21679113902286615,-0.007210624274539414,-5.692163899153478,659,39.16044304885669,60.83955695114331
NVS,0.15501926502204058,0.0019353051834055644,4.022076628599382,659,57.75096325110203,42.24903674889797,-0.23145952683414617,-0.0019589531206226753,-6.0983774743139225,659,38.42702365829269,61.57297634170731,0.21241360046598923,0.004300533182786366,5.571735627787472,659,60.62068002329946,39.37931997670054,0.010286572652931024,0.0001343263859080094,0.2636794966237789,659,50.51432863264655,49.48567136735345,0.038547825410471394,0.0006145671583556355,0.9887932082937044,659,51.92739127052357,48.07260872947643,-0.08079718235290734,-0.0011454673008222283,-2.0777874810617534,659,45.96014088235464,54.03985911764536,0.03602864889957634,0.0005515422992208992,0.9240866897893439,659,51.801432444978815,48.198567555021185
NVTS,-0.26495083451862683,-0.023762283538275846,-7.042923305907969,659,36.75245827406866,63.24754172593134,-0.028220969583486178,-0.0017158527235628003,-0.7236484320241439,659,48.58895152082569,51.41104847917431,-0.04232260467358672,-0.0061556152372785515,-1.0857863461820128,659,47.883869766320664,52.116130233679336,0.10770876365361534,0.010104172890093169,2.7769471597136337,659,55.385438182680765,44.614561817319235,-0.1535904366947937,-0.017591089407107817,-3.9841048164667456,659,42.32047816526032,57.67952183473968,-0.21763610063484595,-0.02216544791907601,-5.715450420608439,659,39.118194968257704,60.881805031742296,-0.21261017201831095,-0.02338158692179661,-5.5771358090397865,659,39.36949139908445,60.63050860091555
NXPI,-0.41933110495192616,-0.011454604702254892,-11.839507083780573,659,29.033444752403692,70.9665552475963,0.0346408411841743,0.0006414999886952024,0.8884476536762743,659,51.732042059208716,48.267957940791284,-0.06607293157053826,-0.0029270005255947187,-1.6972910510944978,659,46.696353421473084,53.303646578526916,0.27181263188585636,0.007766395615872806,7.239676874731981,659,63.590631594292816,36.409368405707184,-0.35841044422455587,-0.012502859857715754,-9.840545928734635,659,32.0794777887722,67.92052221122779,-0.40745547366485746,-0.012639383117034221,-11.436286156577044,659,29.627226316757127,70.37277368324287,-0.4378899792014731,-0.014667466245338837,-12.484587549571124,659,28.105501039926345,71.89449896007366
NXT,-0.24997640795364323,-0.00965613894058181,-6.6174906697137725,659,37.50117960231783,62.49882039768217,-0.06487761914931292,-0.0016989655889592444,-1.666454703066943,659,46.75611904253436,53.24388095746564,0.005012162805702774,0.0003139827931862963,0.12847342710266055,659,50.25060814028514,49.74939185971486,0.1669490488064607,0.006745517571433055,4.340151647684774,659,58.34745244032303,41.65254755967697,-0.15159966070160577,-0.007478394839758155,-3.931241585182437,659,42.42001696491971,57.57998303508029,-0.2245150173159674,-0.009848556305864748,-5.905536067037888,659,38.77424913420163,61.22575086579837,-0.22576763593717444,-0.010693828901504557,-5.940248785768371,659,38.71161820314128,61.28838179685872
NXXT,-0.05124576212988926,-0.004292953686387785,-1.3132566630067153,657,47.437711893505536,52.562288106494464,0.006727646439639655,0.0003819498810443989,0.1721843352739802,657,50.336382321981986,49.663617678018014,0.05873919083011176,0.007984453717655386,1.505910379020812,657,52.93695954150559,47.06304045849441,-0.04783600272864933,-0.004235418652995619,-1.2256684181108854,657,47.608199863567535,52.391800136432465,-0.07063042740097533,-0.007550352563927127,-1.8121680471751145,657,46.468478629951235,53.531521370048765,-0.007811591257234483,-0.0007431617772074639,-0.1999279033784203,657,49.609420437138276,50.390579562861724,-0.07469181742081515,-0.007667472768364817,-1.9169399326946446,657,46.26540912895925,53.73459087104075
O,0.24111193040746468,0.002550431811622104,6.368058539082664,659,62.055596520373236,37.944403479626764,-0.23189942218129184,-0.0016629526322205833,-6.110625662717048,659,38.40502889093541,61.59497110906459,0.09707615714350555,0.0016652666664409084,2.5000650672454703,659,54.853807857175276,45.146192142824724,-0.13302288800109938,-0.0014717980897036773,-3.4402174898659226,659,43.34885559994503,56.65114440005497,0.05075491110347118,0.0006856125628600297,1.3026293599702912,659,52.53774555517355,47.46225444482645,0.00426512588345534,5.1232973696409925e-05,0.10932474895158913,659,50.21325629417277,49.78674370582723,0.1120146730787981,0.001452904253227342,2.8893453011335843,659,55.600733653939905,44.399266346060095
OBDC,-0.3013377194330115,-0.0038202099703791687,-8.100419758470323,659,34.93311402834942,65.06688597165058,0.025308120822169603,0.00021750980122151782,0.6489058829882184,659,51.265406041108484,48.734593958891516,-0.15218538194972345,-0.0031288365155716273,-3.9467897597487114,659,42.39073090251383,57.60926909748617,-0.133877995759326,-0.001775291953274821,-3.4627344450635054,659,43.3061002120337,56.6938997879663,-0.38820083151444124,-0.006284863889276186,-10.797135578174165,659,30.589958424277942,69.41004157572206,-0.3133079191116679,-0.004510532356954721,-8.456482528288042,659,34.33460404441661,65.66539595558339,-0.3912099963116869,-0.006081500445406094,-10.895885407964645,659,30.439500184415657,69.56049981558434
OC,-0.31510298242704554,-0.007033789165711318,-8.510257082291329,659,34.244850878647725,65.75514912135228,-0.1739313811698395,-0.0026320853874247344,-4.527215962544496,659,41.303430941508026,58.696569058491974,-0.09006535594763108,-0.0032603993559929337,-2.317976804358204,659,45.496732202618446,54.503267797381554,0.03483576159434124,0.0008133715699911474,0.8934529132521716,659,51.74178807971707,48.25821192028293,-0.24946610160213653,-0.0071113827154295085,-6.6030841200990835,659,37.526694919893174,62.473305080106826,-0.36206236958213533,-0.009177891431543682,-9.955852791000208,659,31.896881520893235,68.10311847910677,-0.2675680801882337,-0.007323829040854865,-7.11783159877326,659,36.62159599058832,63.37840400941168
ODFL,-0.326667285137531,-0.0075200763402536825,-8.859158263774813,659,33.66663574312345,66.33336425687655,0.0003551747611951353,5.5429874982593855e-06,0.00910384404390142,659,50.01775873805976,49.98224126194024,-0.23968080103773326,-0.008948001534888325,-6.327949666477244,659,38.015959948113334,61.984040051886666,-0.07427091863127581,-0.001788390061350236,-1.9089854453182271,659,46.286454068436214,53.713545931563786,-0.3645727477704654,-0.010717820676858161,-10.035421567450296,659,31.77136261147673,68.22863738852327,-0.3215775532211893,-0.008406689876231,-8.705064232513736,659,33.921122338940535,66.07887766105947,-0.3296577125501163,-0.009305654194801666,-8.950095895321759,659,33.517114372494184,66.48288562750582
OII,-0.3871773068605179,-0.010627606714871562,-10.763640202788851,659,30.641134656974106,69.3588653430259,0.2595137054354393,0.004829154215024288,6.887839558485259,659,62.975685271771965,37.024314728228035,-0.12730743198788955,-0.00566703029037043,-3.289914555203122,659,43.63462840060552,56.36537159939448,0.03566054414014663,0.0010238595643830607,0.9146332109098047,659,51.783027207007336,48.216972792992664,-0.414494582983276,-0.014529481550864943,-11.67442342517572,659,29.2752708508362,70.7247291491638,-0.04756088850327813,-0.0014825120535032644,-1.2204623762088809,659,47.62195557483609,52.37804442516391,-0.3961958588069752,-0.013335293375060054,-11.060414430781922,659,30.190207059651243,69.80979294034876
OKE,-0.13976080246736328,-0.002296300264256947,-3.6178586754425175,659,43.011959876631835,56.988040123368165,0.2571632776533984,0.002864424887275719,6.821016676784812,659,62.85816388266991,37.14183611733009,-0.17346101445194206,-0.004621908765575303,-4.514592569337688,659,41.326949277402896,58.673050722597104,-0.11240500464263367,-0.0019317716314432298,-2.8995422625213516,659,44.37974976786832,55.62025023213168,-0.34717332668668455,-0.007284425733939918,-9.48895424968335,659,32.64133366566577,67.35866633433423,0.046612858123136744,0.0008697044999142781,1.1960814077875808,659,52.33064290615683,47.66935709384317,-0.3017385958233924,-0.0060791270227455105,-8.112274546505304,659,34.913070208830376,65.08692979116962
OKLO,-0.33576131526103803,-0.024274396210180873,-9.13664663916548,659,33.211934236948096,66.7880657630519,-0.013458185670957488,-0.0006596134311295256,-0.3449916106649658,659,49.327090716452126,50.672909283547874,-0.08907488363863057,-0.01044357617500038,-2.2922803887569336,659,45.546255818068474,54.453744181931526,0.04748565189184082,0.0035909307439485356,1.2185273589983994,659,52.37428259459204,47.62571740540796,-0.18257771070676382,-0.016856647879588096,-4.7598400575751,659,40.87111446466181,59.12888553533819,-0.18732601843113264,-0.015379371052714723,-4.8880722544812,659,40.63369907844337,59.36630092155663,-0.2642928295986563,-0.023429888525928748,-7.024116945731184,659,36.785358520067184,63.214641479932816
OLN,-0.23197039280367074,-0.006909116786067175,-6.112602098079573,659,38.40148035981647,61.59851964018353,0.05528212685239342,0.0011162459977817325,1.419162316598575,659,52.76410634261968,47.23589365738032,-0.008627078184016248,-0.0004167061460842642,-0.22113759434541963,659,49.56864609079919,50.43135390920081,-0.004837785210679154,-0.00015071740371753193,-0.12400361598633464,659,49.75811073946604,50.24188926053396,-0.3239106570075411,-0.012320288894622554,-8.775594303670502,659,33.804467149622944,66.19553285037705,-0.12394996006707715,-0.004192364751759579,-3.2017773718685354,659,43.80250199664614,56.19749800335386,-0.2951513126434112,-0.010779577957567444,-7.918067526035187,659,35.24243436782944,64.75756563217055
OMAH,-0.268690290630544,-0.002063522643147727,-5.409005433798952,378,36.5654854684728,63.4345145315272,0.044822520378755094,0.00022875861172258786,0.8700153119496195,378,52.241126018937756,47.758873981062244,-0.18625046826000735,-0.0025854274191930513,-3.6758494974580014,378,40.68747658699963,59.31252341300037,-0.19552557042157034,-0.0014386894099933335,-3.8660006887352636,378,40.22372147892148,59.77627852107852,-0.5004553513656879,-0.00451800742748915,-11.208837321564927,378,24.977232431715606,75.0227675682844,-0.35555585236024234,-0.00309400395022163,-7.376500966650624,378,32.222207381987886,67.77779261801211,-0.46949303691019856,-0.00413836354230204,-10.310833348467243,378,26.525348154490068,73.47465184550992
OMCL,-0.09090152730591294,-0.002985032568486832,-2.3396754927807826,659,45.45492363470435,54.54507636529565,-0.07894825405073513,-0.001757541624957304,-2.029938550860884,659,46.05258729746324,53.94741270253676,-0.12268854297809996,-0.006533683590796874,-3.168692878996142,659,43.865572851095,56.134427148905,-0.1920042118864907,-0.006595010560834801,-5.014758198053925,659,40.39978940567547,59.60021059432453,-0.14668020376809696,-0.006151132428364214,-3.800818413743835,659,42.66598981159515,57.33401018840485,-0.14474575275255427,-0.005397671086497468,-3.7496123739002707,659,42.762712362372284,57.237287637627716,-0.12958493788606776,-0.005217944811951158,-3.349766727041482,659,43.52075310569661,56.47924689430339
ON,-0.43257564305047225,-0.014984699232085712,-12.297928912627395,659,28.371217847476387,71.62878215252361,0.0307287100118565,0.000721631517803889,0.7880107691672873,659,51.53643550059282,48.46356449940718,-0.08010202216518658,-0.0044999288238013494,-2.0597947317922896,659,45.99489889174067,54.00510110825933,0.31949025436896816,0.011576317495368249,8.642114815441703,659,65.97451271844841,34.02548728155159,-0.31594169572027464,-0.013976505245125743,-8.535417046441909,659,34.202915213986266,65.79708478601373,-0.405399104106162,-0.015947457256860347,-11.367183048436784,659,29.7300447946919,70.2699552053081,-0.40133958315393853,-0.017047669860873978,-11.23136945075016,659,29.933020842303073,70.06697915769692
ONB,-0.43926486687012983,-0.008136134899589155,-12.533140487001578,659,28.036756656493512,71.96324334350649,-0.0019911750582111316,-2.5002665519986673e-05,-0.05103792264193587,659,49.90044124708945,50.09955875291055,-0.33800121549722456,-0.010152806987432064,-9.205430359416921,659,33.099939225138776,66.90006077486123,-0.1405713921177009,-0.0027234252733275353,-3.639263405087258,659,42.971430394114954,57.028569605885046,-0.5887453724449029,-0.013925950816476136,-18.669283177403013,659,20.562731377754854,79.43726862224514,-0.3415358841288146,-0.007183741660143651,-9.314334320737263,659,32.923205793559276,67.07679420644072,-0.4321214297779847,-0.009814417730103869,-12.282049046785707,659,28.393928511100764,71.60607148889923
ONDS,-0.30600300385908885,-0.022724464169732766,-8.23867727909985,659,34.69984980704556,65.30015019295445,0.037534026154470865,0.0018896366775780222,0.9627509824335828,659,51.876701307723536,48.123298692276464,-0.16205208426441833,-0.0195163581478163,-4.209359288824425,659,41.897395786779086,58.102604213220914,0.016606932466427846,0.0012899837140167812,0.4257277893997197,659,50.83034662332139,49.16965337667861,-0.19821837195760963,-0.018798255384575854,-5.183588911111662,659,40.08908140211952,59.91091859788048,-0.14374037089673458,-0.012121864271652938,-3.723016717408315,659,42.81298145516327,57.18701854483673,-0.24330354055411493,-0.022155596826680553,-6.429566276963948,659,37.834822972294255,62.165177027705745
ONON,-0.30517435915640007,-0.008996775172847544,-8.214072676532254,659,34.741282042179996,65.25871795782001,-0.05219753043393185,-0.0010432153733436974,-1.3397540664804168,659,47.39012347830341,52.60987652169659,-0.119487493080303,-0.005712648098956734,-3.084805216869169,659,44.02562534598485,55.97437465401515,-0.06706698355782327,-0.00206811386448894,-1.7229409203677033,659,46.64665082210884,53.35334917789116,-0.2798203890526137,-0.010534740963607958,-7.470800128306216,659,36.00898054736932,63.99101945263068,-0.3050076735142986,-0.010211094277845832,-8.209125837372323,659,34.74961632428507,65.25038367571493,-0.31422787795141255,-0.011359274691135696,-8.484029042255948,659,34.28860610242938,65.71139389757062
ORA,-0.19395487643337345,-0.003580502994644468,-5.067686653614631,659,40.302256178331334,59.697743821668666,-0.11635587285920876,-0.0014561859698560367,-3.002831512332545,659,44.18220635703956,55.81779364296044,0.004429160546999086,0.00013259921627656226,0.11352940649145418,659,50.221458027349954,49.778541972650046,0.10239966450508017,0.0019772824781786285,2.638579471309161,659,55.11998322525401,44.88001677474599,-0.15143610928794612,-0.0035700842087856726,-3.926900813745043,659,42.42819453560269,57.57180546439731,-0.17324479480434415,-0.0036318359817681615,-4.5087908776256524,659,41.33776025978279,58.66223974021721,-0.18616687430172627,-0.0042141773454267275,-4.856736197400061,659,40.691656284913684,59.308343715086316
ORAN,,,,0,,,,,,0,,,,,,0,,,,,,0,,,,,,0,,,,,,0,,,,,,0,,
ORCL,-0.3472492870918492,-0.010994172694935507,-9.491315040157414,659,32.63753564540754,67.36246435459246,0.01002272637885895,0.00021512568279808135,0.2569155397128126,659,50.501136318942955,49.498863681057045,-0.10731055048998096,-0.005509850443687354,-2.7665605996901634,659,44.63447247550095,55.36552752449905,-0.07830207816955895,-0.0025931123063152044,-2.0132209824203295,659,46.084896091522054,53.915103908477946,-0.18903768233125132,-0.007643200538789189,-4.934383756338288,659,40.54811588343743,59.45188411656257,-0.3076114964266657,-0.011059778979375616,-8.286496627976883,659,34.61942517866672,65.38057482133328,-0.32333005262916337,-0.012552618430453995,-8.758025909226584,659,33.833497368541835,66.16650263145817
OSCR,-0.15539075669132635,-0.006974426267270837,-4.031953426849439,659,42.23046216543368,57.76953783456632,-0.05458491222863945,-0.0016608909469779623,-1.4012101023910795,659,47.27075438856802,52.72924561143198,-0.0557226275244855,-0.004055935956878429,-1.430505609423571,659,47.213868623775724,52.786131376224276,-0.08846750806098634,-0.004153306158480688,-2.2765262764355403,659,45.57662459695068,54.42337540304932,-0.11785887072739658,-0.006755402964947395,-3.0421626917556326,659,44.10705646363017,55.89294353636983,-0.1492702271362488,-0.007608152223522084,-3.869447729869744,659,42.53648864318756,57.46351135681244,-0.15752398305460028,-0.008669559932252284,-4.088703302817093,659,42.12380084726999,57.87619915273001
KYCCF,-0.25056591294087577,-0.00606669367696755,-6.634140413291099,659,37.471704352956216,62.528295647043784,-0.05043250773785297,-0.0008278007915494328,-1.294333681599509,659,47.47837461310735,52.52162538689265,0.10405134807049833,0.004085582505811683,2.6816012515734604,659,55.20256740352492,44.79743259647508,0.10670493281695671,0.002702348902163549,2.7507669057255093,659,55.335246640847835,44.664753359152165,-0.17709735328224918,-0.0054758031493153305,-4.612265874824107,659,41.14513233588754,58.85486766411246,-0.25997827031654763,-0.007148086866779797,-6.901062663510003,659,37.00108648417262,62.99891351582738,-0.24660505832377538,-0.0073214840582955035,-6.522421680532767,659,37.66974708381123,62.33025291618877
TBIIF,-0.05841918388396153,-0.0034870554579729284,-1.4999629027227703,659,47.079040805801924,52.920959194198076,0.006581830607902347,0.00026633930712197774,0.16870921041764841,659,50.32909153039512,49.67090846960488,0.02932278634020326,0.002838473219215423,0.7519253208535562,659,51.46613931701016,48.53386068298984,-0.031700804807518704,-0.0019792493129194393,-0.812963978120767,659,48.41495975962407,51.58504024037593,-0.010174202339175535,-0.0007755493139838102,-0.26079876723700934,659,49.491289883041226,50.508710116958774,-0.023646779386552557,-0.0016028691209968604,-0.6062840466111158,659,48.81766103067237,51.18233896932763,-0.0057524714635375515,-0.0004210415003721981,-0.14744985283430126,659,49.71237642682313,50.28762357317687
OTIS,-0.03644010967562417,-0.0004892633965049533,-0.9346540617500014,659,48.17799451621879,51.82200548378121,-0.16239693961859067,-0.0014781757966184706,-4.218559401477853,659,41.88015301907046,58.11984698092954,-0.018675699811776213,-0.00040664565042241305,-0.47877924943181815,659,49.06621500941119,50.93378499058881,-0.0648310364896571,-0.0009104851385491658,-1.665253122867422,659,46.758448175517145,53.241551824482855,-0.1148344459425051,-0.0019689782037227046,-2.9630393703063285,659,44.25827770287474,55.74172229712526,-0.19269758464733663,-0.0029380691660199254,-5.033564755160778,659,40.365120767633165,59.634879232366835,-0.10998921932107149,-0.0018108406408705179,-2.8364542970341926,659,44.500539033946424,55.499460966053576
OUST,-0.4527929510486384,-0.028293578194667098,-13.016812180153048,659,27.360352447568083,72.63964755243191,0.04335440822109272,0.0018365665741335892,1.1123065186105954,659,52.16772041105464,47.83227958894536,-0.1898855410811532,-0.019242270265020005,-4.957341024700918,659,40.50572294594234,59.49427705405766,0.02839015873839896,0.0018555936779968316,0.7279903074122913,659,51.41950793691995,48.58049206308005,-0.2688222091412832,-0.021451567979083565,-7.153786073429389,659,36.55888954293584,63.44111045706416,-0.26013018902263296,-0.018458723647645912,-6.905387903867765,659,36.99349054886835,63.00650945113165,-0.31644054646326414,-0.024246407846477823,-8.55039225201801,659,34.177972676836795,65.82202732316321
OVV,-0.26427083302320076,-0.006151748619859174,-7.023488446587039,659,36.786458348839965,63.213541651160035,0.3881548829680537,0.006125472529458031,10.795630881341959,659,69.40774414840268,30.592255851597315,-0.13680573098910906,-0.005164518459946752,-3.5398884323139495,659,43.159713450544544,56.840286549455456,-0.05084837711777252,-0.0012380930601423024,-1.3050343862552176,659,47.45758114411137,52.54241885588863,-0.40068576273412715,-0.011911293797439933,-11.209569692752577,659,29.96571186329364,70.03428813670635,0.10071197207232674,0.0026622763907823287,2.5946425382611276,659,55.03559860361633,44.96440139638367,-0.3723568002639751,-0.010628591100039187,-10.283762571666049,659,31.382159986801245,68.61784001319876
OXY,-0.13176514884521287,-0.0026101471091989387,-3.407112519360954,659,43.41174255773936,56.58825744226064,0.39112562566471887,0.005252497988965678,10.893111076316291,659,69.55628128323595,30.443718716764053,-0.03772271558771898,-0.0012118352290898414,-0.9675977622757084,659,48.11386422061405,51.88613577938595,-0.07168396760510082,-0.0014852970174886128,-1.8421433698814313,659,46.415801619744954,53.584198380255046,-0.3084075774728134,-0.007801805999337751,-8.310192543736317,659,34.57962112635933,65.42037887364067,0.1943989404479987,0.00437301548855738,5.079744388005056,659,59.719947022399936,40.280052977600064,-0.2760046473316427,-0.006704214263527993,-7.360461784800848,659,36.19976763341787,63.80023236658213
PACB,-0.31287311130559425,-0.01945808716437444,-8.443472184622347,659,34.356344434720285,65.64365556527972,-0.09699405417802409,-0.004089424662535107,-2.497930526537627,659,45.150297291098795,54.849702708901205,-0.12075771004019906,-0.01217931796272282,-3.1180810627065507,659,43.962114497990044,56.037885502009956,-0.10265090564872674,-0.006677617441646867,-2.645122175418371,659,44.86745471756367,55.13254528243633,-0.21402798310133542,-0.01699840378039537,-5.61610673513249,659,39.298600844933226,60.701399155066774,-0.21009505919878999,-0.014837831562410099,-5.508094276010218,659,39.4952470400605,60.5047529599395,-0.2149518611015651,-0.016392310662369385,-5.641521076300922,659,39.252406944921745,60.747593055078255
PAHC,-0.18249710517099718,-0.005899858976998571,-4.7576662385254185,659,40.87514474145014,59.12485525854986,-0.11407917911577797,-0.002500214296777301,-2.9432936198818003,659,44.2960410442111,55.7039589557889,-0.08103425268487938,-0.004248449679107008,-2.0839242410640972,659,45.94828736575603,54.05171263424397,0.014271498037321218,0.0004825941566466024,0.3658444567486651,659,50.71357490186607,49.28642509813393,-0.1595595448802447,-0.0065874012618191745,-4.142909738734053,659,42.02202275598776,57.97797724401224,-0.21441577387841665,-0.007871637332058227,-5.626772283550135,659,39.27921130607916,60.72078869392084,-0.14467003943528517,-0.0057349721559024685,-3.7476090957788593,659,42.766498028235745,57.233501971764255
PAM,-0.259628769817855,-0.0072826708011645,-6.891114206104893,659,37.01856150910725,62.98143849089275,0.11320394552257597,0.0021527055122731887,2.9204179149151335,659,55.6601972761288,44.3398027238712,0.010675599701811294,0.0004856309314109161,0.2736526858350344,659,50.53377998509057,49.46622001490943,0.026067481194151622,0.000764827998910036,0.6683890991856383,659,51.303374059707586,48.696625940292414,-0.2506433370446023,-0.008978415636448274,-6.636327733238073,659,37.46783314776989,62.53216685223011,-0.18219661841876583,-0.005803645401390837,-4.749563403363328,659,40.890169079061714,59.109830920938286,-0.31091731386837357,-0.010694237708927254,-8.38502328740833,659,34.45413430658132,65.54586569341868
PANW,-0.28599343092378166,-0.007629279104942814,-7.650120285726929,659,35.70032845381091,64.29967154618909,0.01688692851338569,0.00030539597298520084,0.4329076715812207,659,50.844346425669286,49.155653574330714,-0.18820391674174278,-0.008142022515274462,-4.911819246482069,659,40.58980416291286,59.41019583708714,-0.3200223454560767,-0.008929653253328555,-8.658148424408497,659,33.99888272719617,66.00111727280384,-0.2122799426005456,-0.007231728043109479,-5.568064205580434,659,39.38600286997272,60.61399713002728,-0.29305255661869845,-0.008877601651654321,-7.85645353952495,659,35.347372169065075,64.65262783093493,-0.29105248759323765,-0.009520632985623022,-7.797852380398269,659,35.447375620338114,64.55262437966189
PARRO.PA,-0.07761908777425428,-0.0037001759638831807,-2.007666469300062,667,46.119045611287284,53.880954388712716,0.06449787575622917,0.0020733500390142097,1.666715389381666,667,53.22489378781145,46.77510621218855,0.03627045871793023,0.002803882768495277,0.9359437017687995,667,51.813522935896515,48.186477064103485,-0.04443836788573001,-0.0022240003104375124,-1.147091765431445,667,47.7780816057135,52.2219183942865,-0.058502134110719105,-0.0035897998640175544,-1.511217565022566,667,47.07489329446404,52.92510670553596,0.012039354009241648,0.0006461389968511174,0.31048847506045835,667,50.60196770046208,49.39803229953792,-0.0701864954334881,-0.004129236082621396,-1.8144153959209457,667,46.49067522832559,53.50932477167441
PATH,-0.3283095484727035,-0.01182952547016861,-8.909061645928448,659,33.584522576364826,66.41547742363517,0.04610141686736386,0.0011261163881528663,1.1829297681243804,659,52.3050708433682,47.6949291566318,-0.1960371513610118,-0.011455086928612664,-5.124255108491054,659,40.198142431949414,59.801857568050586,-0.4350487767556706,-0.016396403889698596,-12.384595561346172,659,28.24756116221647,71.75243883778353,-0.2348878791396873,-0.010808118439327528,-6.193939889857942,659,38.25560604301563,61.74439395698437,-0.26812323484401407,-0.010970867102125909,-7.133742440333064,659,36.59383825779929,63.40616174220071,-0.29511807789513,-0.01303907208735351,-7.917090865878279,659,35.2440961052435,64.7559038947565
PAYX,-0.03727294134515979,-0.0005604921023280835,-0.956044785371871,659,48.136352932742014,51.863647067257986,-0.04933277965701789,-0.0005029173446978034,-1.2660398962587696,659,47.533361017149105,52.466638982850895,-0.20730945341485388,-0.005055581715877332,-5.431760984313974,659,39.63452732925731,60.36547267074269,-0.45462235167313003,-0.007150780739816049,-13.083070244127999,659,27.268882416343498,72.7311175836565,-0.16360552240636156,-0.0031418067565581204,-4.25081474649979,659,41.81972387968192,58.18027612031808,-0.17572642722394097,-0.0030007900063797515,-4.575419681331334,659,41.21367863880295,58.78632136119705,-0.13675990311262456,-0.0025217479642580826,-3.5386800174652704,659,43.162004844368774,56.837995155631226
PBR,-0.07341466328433849,-0.001423498604277066,-1.8868571531901064,659,46.32926683578308,53.67073316421692,0.22924374601429265,0.003013400990962915,6.036742468465413,659,61.46218730071463,38.53781269928537,0.11551149846269831,0.003632249297520982,2.980744705286248,659,55.77557492313492,44.22442507686508,0.014799823808078212,0.00030016332360484186,0.3793908023056061,659,50.73999119040391,49.26000880959609,-0.17879008847850178,-0.004427140984244479,-4.657799555485042,659,41.06049557607491,58.93950442392509,0.08943071226152036,0.0019691718465014905,2.3015110704886976,659,54.471535613076014,45.528464386923986,-0.19041756929130188,-0.004527394243130679,-4.9717524963957205,659,40.479121535434906,59.520878464565094
PDD,-0.21648475029138275,-0.005884117258849782,-5.68372337052325,659,39.175762485430866,60.824237514569134,0.05466516404887337,0.001007279189110642,1.4032763592881186,659,52.733258202443665,47.266741797556335,0.25706269238079343,0.011331026569963622,6.818159931867601,659,62.85313461903967,37.14686538096033,0.05054387897852551,0.0014369757011622685,1.2971993004524136,659,52.527193948926275,47.472806051073725,-0.17506449440322575,-0.006076559606797533,-4.557638851197124,659,41.24677527983871,58.75322472016129,-0.2189064089484786,-0.00675670846025265,-5.750484589696742,659,39.05467955257607,60.94532044742393,-0.23344359695507294,-0.007780419952553607,-6.153652189617508,659,38.32782015224635,61.67217984775365
PDYN,-0.2179578529582003,-0.021987134997171257,-5.724321221085195,659,39.10210735208999,60.89789264791001,0.04856401996578282,0.003321207014946336,1.2462640073892082,659,52.42820099828914,47.57179900171086,-0.11867994512569376,-0.019415548088105996,-3.063657902392583,659,44.06600274371531,55.93399725628469,-0.06899549431818175,-0.007280206502539262,-1.7727177225031523,659,46.550225284090914,53.449774715909086,-0.15966532698475122,-0.020568963868035202,-4.145728161683061,659,42.01673365076244,57.98326634923756,-0.04299238435067565,-0.004925046637272697,-1.1030011135650315,659,47.85038078246622,52.14961921753378,-0.1705235618737354,-0.021093448170514763,-4.4358308112590965,659,41.473821906313226,58.526178093686774
PEGA,-0.27131675522176335,-0.008987679283172494,-7.225418756763386,659,36.43416223891183,63.56583776108817,-0.032678144584905644,-0.0007338605429649499,-0.8380541514192628,659,48.36609277075472,51.63390722924528,-0.16280903033112148,-0.008746325545229257,-4.229555313567131,659,41.85954848344392,58.14045151655608,-0.40014914146532304,-0.013864994048296988,-11.191692848499551,659,29.992542926733844,70.00745707326615,-0.209655304686398,-0.008869159930429039,-5.496034517939916,659,39.5172347656801,60.4827652343199,-0.21653976716472517,-0.008145754396197852,-5.685238869150568,659,39.17301164176374,60.82698835823626,-0.22310913620428233,-0.009062653378054805,-5.866612825618214,659,38.84454318978589,61.15545681021411
PEP,0.365769055117323,0.004493685973115757,10.07342823931289,659,68.28845275586615,31.711547244133854,-0.16792744992182054,-0.001398629384344572,-4.366322877170096,659,41.603627503908974,58.396372496091026,0.04261028845793042,0.0008489584394538844,1.093180252477315,659,52.130514422896525,47.869485577103475,-0.11312936183083493,-0.0014537774987459487,-2.918468863674067,659,44.34353190845825,55.65646809154175,0.07804540866867436,0.001224471827224091,2.0065812555233067,659,53.90227043343372,46.09772956656628,-0.026796780315171652,-0.0003738531714690079,-0.6871021112526556,659,48.660160984241415,51.339839015758585,0.12504511838872612,0.0018837773222154172,3.2305140023113506,659,56.2522559194363,43.7477440805637
PERF,-0.17694923875463553,-0.007112787686660941,-4.608283689721142,659,41.15253806226822,58.84746193773178,0.12014710130880654,0.003274082661761779,3.1020830300384388,659,56.00735506544032,43.99264493455968,-0.017015172404219354,-0.0011091842572476245,-0.43619623773253996,659,49.14924137978903,50.85075862021097,-0.030714683351784247,-0.0012914096731894064,-0.787650728056563,659,48.46426583241079,51.53573416758921,-0.1266980815418665,-0.00650379530867527,-3.273910020064807,659,43.66509592290668,56.33490407709332,-0.04153245861571611,-0.001895839125003692,-1.0654797896012995,659,47.9233770692142,52.0766229307858,-0.13568155729860426,-0.006687734588460823,-3.5102522611841387,659,43.21592213506978,56.78407786493022
PEX,-0.3832117861896825,-0.003656711047304057,-10.634306398550795,659,30.839410690515876,69.16058930948412,-0.07536592751192718,-0.00048754199485085347,-1.9372900619113171,659,46.23170362440364,53.76829637559636,0.016020126392489252,0.0002479099286507815,0.4106807625444944,659,50.80100631962446,49.19899368037554,-0.11216580545564298,-0.0011195387010257498,-2.8932932990050935,659,44.39170972721785,55.60829027278215,-0.392718178510602,-0.004785622851315457,-10.945533307714287,659,30.3640910744699,69.6359089255301,-0.4064566738172937,-0.0044044201277425475,-11.402696142954147,659,29.677166309135316,70.32283369086468,-0.4241996408463268,-0.004963512788943601,-12.006918965220386,659,28.790017957683663,71.20998204231634
PFE,0.040686596101275195,0.0005882727317524627,1.0437435523138858,659,52.03432980506376,47.96567019493624,-0.1929382082988776,-0.0018911709898235326,-5.040093091115376,659,40.353089585056125,59.646910414943875,0.08712548277823899,0.002042907741651249,2.2417258634992603,659,54.35627413891196,45.64372586108804,-0.09467051302667395,-0.0014317557529896026,-2.4375434879439477,659,45.2664743486663,54.7335256513337,-0.04578722714276554,-0.0008454294705483268,-1.1748508866438407,659,47.710638642861724,52.289361357138276,-0.13644387948174633,-0.00224028934487019,-3.530347561095722,659,43.17780602591269,56.82219397408731,-0.03335941710302911,-0.0005914429735120965,-0.8555451335301378,659,48.33202914484854,51.66797085515146
PG,0.3851796408330379,0.004236557748118044,10.69840017324753,659,69.25898204165189,30.74101795834811,-0.277837048792013,-0.002071691860561005,-7.413401166770268,659,36.10814756039935,63.89185243960065,0.0865113541534228,0.001543117914261998,2.22580484500438,659,54.32556770767114,45.67443229232886,-0.06644298932321187,-0.0007644090430548111,-1.7068391828043155,659,46.677850533839404,53.322149466160596,0.12144882304958571,0.0017058812509697255,3.136192652722575,659,56.07244115247929,43.92755884752071,-0.07917162277932471,-0.000988876479772894,-2.0357180427415402,659,46.04141886103377,53.95858113896623,0.1383244255613555,0.0018655880229382325,3.579947366299138,659,56.916221278067766,43.083778721932234
PGY,-0.43945539470879347,-0.023517326520658702,-12.53987740031955,659,28.027230264560327,71.97276973543967,-0.039810270124192484,-0.0014442868898677998,-1.021226861600506,659,48.00948649379038,51.99051350620962,-0.2294311143591862,-0.019911393704538097,-6.041950526930065,659,38.52844428204069,61.47155571795931,-0.20661716764570617,-0.011565552880988088,-5.412811949263296,659,39.66914161771469,60.33085838228531,-0.32914974553553616,-0.02249429318484003,-8.934627645351942,659,33.5425127232232,66.4574872767768,-0.3209071127285072,-0.019501821897282823,-8.68482951613044,659,33.95464436357464,66.04535563642537,-0.3482297644637887,-0.02285104685447428,-9.521806612459823,659,32.58851177681056,67.41148822318944
PI,-0.3355873377303024,-0.013995264258026403,-9.131311405704258,659,33.22063311348488,66.77936688651512,0.0017584888626197771,4.971647804065141e-05,0.04507367597530428,659,50.087924443130994,49.912075556869006,-0.11664132943708162,-0.007888677368504578,-3.010299861383045,659,44.16793352814592,55.83206647185408,0.08832825181197705,0.003853026698412262,2.2729146081279783,659,54.41641259059885,45.58358740940115,-0.2579672841216075,-0.01373870655762128,-6.843859988218909,659,37.10163579391963,62.89836420608037,-0.2754350059862042,-0.01304419752868977,-7.34402218041555,659,36.228249700689794,63.771750299310206,-0.3142287824653353,-0.0160689893496336,-8.484056139329734,659,34.28856087673323,65.71143912326677
PINS,-0.2864294410579075,-0.008599881374215516,-7.662824749999376,659,35.67852794710462,64.32147205289539,0.022289652631805292,0.00045369427732951974,0.571470605815568,659,51.11448263159026,48.88551736840974,-0.1384062756343192,-0.006739175772286916,-3.5821070717325902,659,43.07968621828404,56.92031378171596,-0.23112443108201228,-0.007258510447471812,-6.0890499171142975,659,38.44377844589938,61.55622155410062,-0.27839606723308047,-0.010674402626070065,-7.429569026522943,659,36.080196638345974,63.919803361654026,-0.25535781453678835,-0.008706561095295749,-6.769775304765307,659,37.23210927316059,62.76789072683941,-0.30110513531161526,-0.011085621095978463,-8.093543905628524,659,34.94474323441924,65.05525676558076
PL,-0.33403359675699024,-0.018497387252078556,-9.083710630150339,659,33.29832016215049,66.70167983784951,0.0017972781295526755,6.747155576709374e-05,0.04606792761539583,659,50.08986390647764,49.91013609352236,-0.08454072647781541,-0.007592108581847503,-2.1747343462804114,659,45.77296367610923,54.22703632389077,-0.0471859542285728,-0.00273312709110994,-1.2108196136898954,659,47.640702288571354,52.359297711428646,-0.2589434351687091,-0.018311790995191757,-6.8716147249387065,659,37.05282824156455,62.94717175843545,-0.15974787760440756,-0.010045649695774926,-4.147927714532914,659,42.01260611977962,57.98739388022038,-0.28710514308301377,-0.019495225997936055,-7.682523607924647,659,35.64474284584931,64.35525715415069
PLD,-0.13070068032714985,-0.0019755323716159137,-3.379107718612541,659,43.46496598364251,56.53503401635749,-0.12160770066836445,-0.0012460990793658688,-3.140356917966186,659,43.919614966581776,56.080385033418224,-0.023370446926355058,-0.0005728613424322215,-0.5991952141136974,659,48.83147765368225,51.16852234631775,-0.04973656068432785,-0.0007863373390493887,-1.2764278258771622,659,47.513171965783606,52.486828034216394,-0.262607226359642,-0.00506895754554743,-6.975988942981148,659,36.8696386820179,63.1303613179821,-0.22327734199691418,-0.003832424869278057,-5.871267738222855,659,38.83613290015429,61.16386709984571,-0.24100205057646787,-0.004466775269655612,-6.364977484919361,659,37.949897471176605,62.050102528823395
PLTR,-0.3950682026045875,-0.015836468678662473,-11.023102218095604,659,30.246589869770624,69.75341013022938,0.06580440731594067,0.001788242644382101,1.6903631003283741,659,53.29022036579703,46.70977963420297,-0.1295812570103365,-0.008423734193411971,-3.3496699515047403,659,43.520937149483174,56.479062850516826,-0.20273218502441956,-0.008500330597671758,-5.306629944829212,659,39.86339074877902,60.13660925122098,-0.29602869958163536,-0.015153947062104963,-7.9438624510573845,659,35.19856502091823,64.80143497908176,-0.3036224049208943,-0.013821105416161402,-8.168046429872605,659,34.81887975395529,65.18112024604471,-0.38337844785743747,-0.018844344158104827,-10.639728030912789,659,30.831077607128126,69.16892239287188
PM,0.32504009051969474,0.004945464962931631,8.809801372940623,659,66.25200452598474,33.747995474015255,-0.1406567037026865,-0.0014508276719556981,-3.641516607701408,659,42.967164814865676,57.032835185134324,0.1334549150110769,0.0032929183970542577,3.4515927743519565,659,56.672745750553844,43.327254249446156,-0.07699865450390184,-0.0012254065046655943,-1.9795071447294197,659,46.150067274804904,53.849932725195096,0.06247725017999017,0.001213941572599642,1.6045522506459913,659,53.12386250899951,46.87613749100049,0.016010034267279722,0.00027662100477072153,0.41042198152478987,659,50.800501713363985,49.199498286636015,0.09561764706787201,0.0017839197532287957,2.462153858010375,659,54.7808823533936,45.2191176466064
PNC,-0.39544138516552163,-0.005799911636960678,-11.035443637350943,659,30.227930741723917,69.77206925827608,0.035025687543115025,0.0003482660363654772,0.8983300208484709,659,51.75128437715575,48.24871562284425,-0.2894698155545517,-0.00688523454417501,-7.7515599978880045,659,35.526509222272416,64.47349077772759,-0.13878981136443394,-0.002129235457640462,-3.5922280872824217,659,43.06050943177831,56.93949056822169,-0.5751411511161997,-0.010772571354053961,-18.020840971443032,659,21.242942444190017,78.75705755580998,-0.32883732773120894,-0.005477004055553774,-8.925118442504196,659,33.55813361343956,66.44186638656043,-0.43061525902254555,-0.007744541945568514,-12.229473529081577,659,28.46923704887272,71.53076295112729
POET,-0.24004939070483522,-0.01799039380507395,-6.338275572958243,659,37.99753046475824,62.00246953524176,-0.0013691695682525335,-6.956367150980606e-05,-0.03509460265200384,659,49.93154152158738,50.06845847841262,-0.07743110094409,-0.009410911571115184,-1.990691491693206,659,46.1284449527955,53.8715550472045,0.07405220187757651,0.005805035559811286,1.9033327247652099,659,53.702610093878825,46.297389906121175,-0.11488086503707652,-0.010994954536853905,-2.9642531239398613,659,44.255956748146176,55.744043251853824,-0.18745082231870872,-0.015953284343594186,-4.891447435542295,659,40.627458884064566,59.372541115935434,-0.19234024782438297,-0.017675727443078035,-5.023871625676674,659,40.38298760878085,59.61701239121915
PONY,-0.25757346922706903,-0.01731570590776983,-5.5533183091506775,436,37.12132653864655,62.87867346135345,-0.04249982702654729,-0.001923485382551341,-0.8861854207978851,436,47.87500864867263,52.12499135132737,0.004415230182220801,0.0005067008167496038,0.09198191515965665,436,50.22076150911104,49.77923849088896,0.012812103370862193,0.0008504885791981165,0.2669321880448947,436,50.640605168543104,49.359394831456896,-0.16050651251869788,-0.013241072383191702,-3.3877009552921984,436,41.97467437406511,58.02532562593489,-0.23789845804760568,-0.018385822308309242,-5.102553426927332,436,38.10507709761971,61.89492290238029,-0.22149386761417578,-0.017608871928289263,-4.731838428395669,436,38.92530661929121,61.07469338070879
POOL,-0.1309744068369933,-0.002613196357104479,-3.38630797205455,659,43.451279658150334,56.548720341849666,-0.23583843673573687,-0.003189961099893107,-6.220479002109794,659,38.20807816321315,61.79192183678685,-0.0767097809308901,-0.0024820615253819695,-1.9720366442522583,659,46.1645109534555,53.8354890465445,-0.14300812526575127,-0.0029845108574725766,-3.7036538260849428,659,42.849593736712436,57.150406263287564,-0.15414814598677867,-0.003927621133876073,-3.9989231537513064,659,42.29259270066107,57.70740729933893,-0.2639141813769075,-0.00597958474565764,-7.0132996285740665,659,36.804290931154625,63.195709068845375,-0.12226612195463918,-0.002991291962922537,-3.1576170986309036,659,43.88669390226804,56.11330609773196
POWW,-0.26291099776364046,-0.009125838985714035,-6.984657258158295,659,36.854450111817975,63.145549888182025,-0.03411554542196772,-0.000802789277736245,-0.8749593614829566,659,48.294222728901616,51.705777271098384,-0.08947817294982865,-0.0050368306896349324,-2.30274233280094,659,45.526091352508566,54.473908647491434,-0.10116608486687109,-0.0036730415198079286,-2.606462547482074,659,44.94169575665644,55.05830424334356,-0.19883441847369454,-0.008813761427990863,-5.200361147541624,659,40.05827907631527,59.94172092368473,-0.20059485577622876,-0.007906905236963203,-5.248325569164562,659,39.97025721118857,60.02974278881143,-0.1965623849069689,-0.008366263219328521,-5.138535298671276,659,40.17188075465155,59.82811924534845
PPERY,-0.08761803028844665,-0.0018770220622771371,-2.2544968044435927,659,45.619098485577666,54.380901514422334,-0.0969188178088689,-0.0014075673859214948,-2.4959745511290468,659,45.154059109556556,54.845940890443444,0.07682721611309445,0.0026691143756599855,1.9750735511454425,659,53.84136080565472,46.15863919434528,-0.015273424123551201,-0.0003422466054050064,-0.39153424947237514,659,49.236328793822445,50.763671206177555,-0.10824020265143448,-0.0029612165437707108,-2.7908107452741797,659,44.58798986742828,55.41201013257172,-0.15427361142643525,-0.003753100824669802,-4.002257309715629,659,42.28631942867824,57.71368057132176,-0.12095087439526198,-0.003177254231580666,-3.123142742249781,659,43.9524562802369,56.0475437197631
PPG,-0.16959145593518155,-0.002789385795494761,-4.4108638778228455,659,41.52042720324092,58.47957279675908,-0.269915208372157,-0.003009658139020268,-7.185153114588544,659,36.50423958139215,63.49576041860785,0.030172596118430664,0.0008048102375204358,0.7737366022348902,659,51.50862980592154,48.49137019407846,0.03231350694129389,0.0005559241699806751,0.8286929311262587,659,51.615675347064695,48.384324652935305,-0.22475905799738594,-0.004720929320227976,-5.9122965271616765,659,38.7620471001307,61.2379528998693,-0.3694180170735793,-0.006899941094286675,-10.18971318633097,659,31.529099146321037,68.47090085367896,-0.21081760928501636,-0.004251856153414982,-5.527916973660568,659,39.45911953574918,60.54088046425082
PRAX,-0.04920365002179422,-0.004135058479097738,-1.2627179560314346,659,47.53981749891029,52.46018250108971,-0.039450800150970786,-0.0022476327264400815,-1.0119911735321343,659,48.02745999245146,51.97254000754854,0.09369110587437152,0.01276905908380117,2.4121015555310463,659,54.684555293718574,45.315444706281426,0.060329574971279075,0.005303242014648637,1.5491901743978138,659,53.016478748563955,46.983521251436045,0.04674775670343048,0.005017077260048488,1.1995504624130597,659,52.337387835171526,47.662612164828474,-0.03501370671976247,-0.003341528108353134,-0.8980223624644739,659,48.24931466401188,51.75068533598812,-0.008625989449046453,-0.0008889151755044367,-0.22110968476307416,659,49.568700527547676,50.431299472452324
PRCT,-0.19496460883212655,-0.007267985472176931,-5.095108765295119,659,40.251769558393676,59.748230441606324,-0.054163217415502736,-0.001368824967258933,-1.3903531028513834,659,47.29183912922486,52.70816087077514,-0.1351698629657615,-0.00817173618709508,-3.496767236469496,659,43.241506851711925,56.758493148288075,-0.1526788725592028,-0.005953386222166107,-3.9598929433995296,659,42.366056372039864,57.633943627960136,-0.22108073143154486,-0.010524823932074875,-5.810522199358277,659,38.94596342842276,61.05403657157724,-0.17554540921490158,-0.0074313965788326665,-4.570556543147337,659,41.22272953925492,58.77727046074508,-0.2125612717108702,-0.009716491394078462,-5.575792361627973,659,39.371936414456485,60.628063585543515
PRME,-0.25817844634486586,-0.014908116179835538,-6.849862020663012,659,37.091077682756705,62.908922317243295,-0.113761202658518,-0.00445330208518957,-2.934981969206964,659,44.3119398670741,55.6880601329259,-0.11838607245042107,-0.011086120494699123,-3.055963770822983,659,44.080696377478944,55.919303622521056,-0.07674344969987626,-0.004635226372636779,-1.9729073196552995,659,46.162827515006185,53.837172484993815,-0.16292888555734997,-0.012014523501819419,-4.232753864905272,659,41.853555722132505,58.146444277867495,-0.20798900034961074,-0.013638476102928105,-5.450369628599626,659,39.60054998251946,60.39945001748054,-0.20559824394455709,-0.014557582143507641,-5.384937717732588,659,39.72008780277215,60.27991219722785
PRNT,-0.5215733155135979,-0.00735325432806562,-15.669094866898579,659,23.921334224320105,76.0786657756799,-0.06654509149997474,-0.0006360121986650995,-1.7094737203652464,659,46.67274542500126,53.32725457499874,-0.10364625678988645,-0.0023697036717346136,-2.6710476846344373,659,44.81768716050568,55.18231283949432,-0.11098710992147767,-0.0016366793828891271,-2.8625078631822163,659,44.45064450392612,55.54935549607388,-0.42743531981206345,-0.007695561403494866,-12.118883046584855,659,28.628234009396824,71.37176599060318,-0.44627092370482213,-0.007144724857108554,-12.782264044278499,659,27.68645381475889,72.31354618524111,-0.48243187449475944,-0.008340023609436751,-14.117166780147404,659,25.878406275262027,74.12159372473798
PRU,-0.3866664631400056,-0.005743803419702318,-10.746940103491738,659,30.666676842999717,69.33332315700028,0.07910981807794402,0.0007966703305493992,2.0341188633912752,659,53.9554909038972,46.0445090961028,-0.23560390510510762,-0.005675730200310398,-6.213929238338052,659,38.219804744744614,61.780195255255386,-0.18892686076511553,-0.0029355103519465254,-4.931383914356346,659,40.553656961744224,59.446343038255776,-0.5320671278225841,-0.010093346180567725,-16.10714016934041,659,23.396643608870793,76.60335639112921,-0.33572801096228844,-0.005663349101371114,-9.13562524063552,659,33.21359945188558,66.78640054811441,-0.456723012180396,-0.008319227849707761,-13.159410473429446,659,27.1638493909802,72.8361506090198
PSA,0.11373261291371033,0.0016029312049217566,2.934234700920399,659,55.68663064568552,44.31336935431448,-0.3041003885891871,-0.002905574648920252,-8.182214315617905,659,34.794980570540645,65.20501942945936,0.04405437815696363,0.0010069203971761725,1.1302996847759343,659,52.20271890784818,47.79728109215182,-0.08933907778982116,-0.0013170376122644842,-2.299133862030465,659,45.53304611050894,54.46695388949106,-0.013023514415158446,-0.00023440331030195966,-0.3338471812535452,659,49.34882427924207,50.65117572075793,-0.13099112660195592,-0.0020964979303436213,-3.3867478035127516,659,43.45044366990221,56.54955633009779,0.019698723510134755,0.0003404356355217027,0.5050158949630671,659,50.98493617550673,49.01506382449327
PSLV,-0.19640874527597046,-0.005241759561451821,-5.134357627801465,659,40.17956273620148,59.82043726379852,0.05502052281834058,0.000995465431809029,1.412426168687544,659,52.75102614091702,47.24897385908298,0.2830147478595026,0.012249025485815319,7.563465258089998,659,64.15073739297513,35.84926260702487,0.12082600620497469,0.003372900589472053,3.119870654577573,659,56.04130031024873,43.95869968975127,-0.05384924072669727,-0.001835276643951932,-1.3822699104933902,659,47.30753796366513,52.69246203633487,0.015018376058170175,0.00045515775172403077,0.38499460439555555,659,50.75091880290851,49.24908119709149,-0.14811611906014588,-0.004847141095622659,-3.83885670599395,659,42.594194046992705,57.405805953007295
PSNL,-0.22825692102087677,-0.014629920217992276,-6.009324521034614,659,38.58715394895616,61.41284605104384,-0.0966813532533553,-0.0042009345898031975,-2.4898012929867583,659,45.16593233733224,54.83406766266776,-0.0908225536418921,-0.00944034591409743,-2.337625909633061,659,45.458872317905396,54.541127682094604,-0.08202141126552714,-0.005498852703704183,-2.1094814906195967,659,45.89892943672365,54.10107056327635,-0.16216129867989448,-0.013273055048868575,-4.212272758923247,659,41.891935066005274,58.108064933994726,-0.17950050140138693,-0.013064908213900875,-4.6769219885461935,659,41.02497492993065,58.97502507006935,-0.17617614716591368,-0.013846250166936845,-4.587503703633621,659,41.19119264170432,58.80880735829568
PSTG,,,,0,,,,,,0,,,,,,0,,,,,,0,,,,,,0,,,,,,0,,,,,,0,,
PSX,-0.19100517909932518,-0.003693576341029368,-4.987674834282281,659,40.44974104503374,59.55025895496626,0.2604684034147584,0.0034146184309613776,6.915019099171872,659,63.02342017073792,36.97657982926208,-0.06640018408973396,-0.002082319739783809,-1.705734697448491,659,46.679990795513305,53.320009204486695,-0.06070623953456623,-0.001227897495577242,-1.5588981278927592,659,46.96468802327169,53.03531197672831,-0.3632534987871021,-0.008970515918892003,-9.993575473149383,659,31.837325060644893,68.1626749393551,0.014474944252876737,0.0003178641360488257,0.37106080884046744,659,50.72374721264383,49.27625278735617,-0.3084268995636522,-0.007313432332461183,-8.310767918989688,659,34.57865502181739,65.42134497818262
PTC,-0.26840481801991656,-0.005159040501323095,-7.141815595011489,659,36.57975909900417,63.42024090099583,0.011548713226722193,0.00015048645891831228,0.2960364894508039,659,50.57743566133611,49.42256433866389,-0.20858080712651947,-0.0065017335853880765,-5.466582324245067,659,39.57095964367402,60.42904035632598,-0.37511945457579804,-0.007541800919165533,-10.372502733499548,659,31.244027271210093,68.75597272878991,-0.24645543942194725,-0.006049545067528347,-6.5182084406752105,659,37.67722802890264,62.32277197109736,-0.2813713905577157,-0.0061415962262177225,-7.515759225200293,659,35.931430472114215,64.06856952788578,-0.2870342429972127,-0.006765180737749322,-7.680456059289612,659,35.64828785013937,64.35171214986063
PYPL,-0.30757440350611326,-0.007387871878634875,-8.28539300016354,659,34.62127982469434,65.37872017530566,-0.004375330084174531,-7.124677050544088e-05,-0.11214958335222333,659,49.78123349579127,50.21876650420873,-0.11169608812056153,-0.004350942304585998,-2.881023641071378,659,44.41519559397192,55.58480440602808,-0.2196595609079996,-0.005518818632657052,-5.7712704545350455,659,39.01702195460002,60.98297804539998,-0.27777655055219047,-0.008520604832137048,-7.411651934263813,659,36.11117247239047,63.88882752760953,-0.32488205469942527,-0.008861710984887071,-8.805012422784614,659,33.755897265028736,66.24410273497126,-0.3157719708921358,-0.009300575131901209,-8.530323800889915,659,34.21140145539321,65.7885985446068
QBTS,-0.3159046073843863,-0.0259684701778632,-8.534303990732049,659,34.20476963078068,65.79523036921933,-0.010559448950965809,-0.0005884598767857669,-0.27067500497437863,659,49.472027552451706,50.527972447548294,-0.09734334200430435,-0.012976956667763044,-2.5070117866655073,659,45.13283289978478,54.86716710021522,-0.06221170324476525,-0.0053492062505312325,-1.5977058712612517,659,46.88941483776174,53.11058516223826,-0.1968386049576665,-0.020663617920860206,-5.146047088624304,659,40.158069752116674,59.841930247883326,-0.19828735613075277,-0.018510072584856315,-5.1854667282951725,659,40.08563219346236,59.91436780653764,-0.2540876970658127,-0.025611859196891882,-6.733773170459627,659,37.295615146709366,62.704384853290634
QCOM,-0.4225047523569826,-0.011481342400068664,-11.948495180743551,659,28.87476238215087,71.12523761784914,0.03537193195812328,0.0006516359671353306,0.9072214807933338,659,51.76859659790617,48.23140340209383,-0.02911748946300464,-0.001283190671667272,-0.7466564023692464,659,48.54412552684977,51.45587447315023,0.24363501671178242,0.006925125118825656,6.43887826793513,659,62.18175083558912,37.81824916441088,-0.28786028274570297,-0.009989609159822561,-7.70455311588824,659,35.60698586271485,64.39301413728515,-0.4100316496300966,-0.012653222498049305,-11.523151658726432,659,29.498417518495167,70.50158248150484,-0.396760863155762,-0.013220776387476567,-11.079131762192112,659,30.1619568422119,69.83804315778809
QQQ,-0.6193029597672963,-0.00789525516590215,-20.217713377626733,659,19.034852011635184,80.96514798836482,0.029169972302881476,0.00025210660699586133,0.748003358817121,659,51.45849861514408,48.54150138485592,-0.1492971687582229,-0.0030866741375459115,-3.8701620426500725,659,42.53514156208885,57.46485843791115,0.1881668495234068,0.0025091866858067183,4.910816338534401,659,59.40834247617034,40.59165752382966,-0.45758532299797017,-0.007449734233523523,-13.190828117945077,659,27.12073385010149,72.87926614989851,-0.6736502390004209,-0.009752594720076483,-23.363782335217394,659,16.317488049978955,83.68251195002105,-0.6530604412951853,-0.010209005909104195,-22.103690191645196,659,17.346977935240737,82.65302206475926
QQQI,-0.6059462059726377,-0.006451930469666207,-19.254899053309074,641,19.702689701368115,80.29731029863188,0.04426789928851555,0.000319509104236492,1.1201219085800433,641,52.213394964425774,47.786605035574226,-0.1343557867413033,-0.002329523264901738,-3.4273814740484307,641,43.28221066293484,56.71778933706516,0.18064043034346336,0.002016099931329998,4.642685845392443,641,59.03202151717317,40.96797848282683,-0.47247845818255785,-0.006411062831058746,-13.551515524422562,641,26.37607709087211,73.62392290912788,-0.646957439723526,-0.007863465237754625,-21.447240427221626,641,17.6521280138237,82.3478719861763,-0.65676297056654,-0.008556961212942256,-22.015666136440824,641,17.161851471673,82.838148528327
QRVO,-0.31560042268762134,-0.008897019639712801,-8.525176762155631,659,34.219978865618934,65.78002113438106,0.04726155304251594,0.0009032337512473125,1.212763863469688,659,52.3630776521258,47.6369223478742,-0.07816858448111262,-0.0035736779864090746,-2.0097676133544793,659,46.09157077594437,53.90842922405563,0.1674912139454801,0.004938850148571552,4.354652375861111,659,58.374560697274006,41.625439302725994,-0.29845478035221434,-0.01074462323132649,-8.015303554078894,659,35.07726098238928,64.92273901761072,-0.3396300127578954,-0.010872658022499421,-9.255558886804522,659,33.01849936210523,66.98150063789477,-0.3645618150268583,-0.012602166513220863,-10.03507449906307,659,31.77190924865708,68.22809075134292
QS,-0.3374046481394435,-0.018019504619923844,-9.187093563985258,659,33.12976759302783,66.87023240697218,-0.027867561153511466,-0.0010089646367563477,-0.7145791659322652,659,48.60662194232442,51.39337805767558,-0.0682442490343909,-0.005910633646195826,-1.753324983415145,659,46.58778754828046,53.41221245171954,-0.004401711592708265,-0.0002458896312680348,-0.11282581401075234,659,49.779914420364584,50.220085579635416,-0.20786352127784583,-0.014176719455769263,-5.446932902457389,659,39.60682393610771,60.39317606389229,-0.17119261107949096,-0.01038244158114268,-4.453759192519579,659,41.44036944602545,58.55963055397455,-0.23275484369654048,-0.015242548187042803,-6.134454870568124,659,38.362257815172974,61.637742184827026
QTUM,-0.59756116038753,-0.01082475714142658,-19.1023305508918,659,20.121941980623497,79.87805801937651,0.00044718807728093247,5.491755725300664e-06,0.011462330967551245,659,50.022359403864044,49.977640596135956,-0.06248902809048193,-0.0018357594220195866,-1.6048559187888314,659,46.875548595475905,53.124451404524095,0.2458864070386308,0.004659047803741227,6.502189125579853,659,62.294320351931546,37.705679648068454,-0.4101459487761111,-0.00948811422752288,-11.52701333633815,659,29.492702561194445,70.50729743880555,-0.5196374369635227,-0.010689537754542077,-15.58936940040082,659,24.018128151823863,75.98187184817614,-0.5602537236210451,-0.012444791192479175,-17.33679194118012,659,21.987313818947747,78.01268618105226
QUBT,-0.20515879831433606,-0.01956111697197331,-5.372921653927063,659,39.742060084283196,60.257939915716804,-0.02808627876604487,-0.001815444185336926,-0.7201919267078424,659,48.595686061697755,51.404313938302245,-0.10069941950657003,-0.015570647280573663,-2.5943158333935874,659,44.9650290246715,55.0349709753285,-0.0340086450451932,-0.0033917175514009516,-0.8722145142401903,659,48.29956774774034,51.70043225225966,-0.11838915589453464,-0.01441521440841652,-3.056044496875959,659,44.08054220527327,55.91945779472673,-0.15911515356669892,-0.017228114112313873,-4.131071123981014,659,42.04424232166505,57.95575767833495,-0.16533090212777612,-0.019329677214222452,-4.296896780612446,659,41.733454893611196,58.266545106388804
RACE,-0.16155170251880507,-0.003101131831465751,-4.196012830785678,659,41.92241487405974,58.07758512594026,-0.15998825543551684,-0.002082006054658216,-4.154333066141202,659,42.000587228224155,57.999412771775845,0.14921883136131814,0.004645243885031131,3.8680850799021145,659,57.460941568065905,42.539058431934095,-0.007849896357318142,-0.00015761569391013706,-0.20121483124411269,659,49.60750518213409,50.39249481786591,-0.09266272394246924,-0.002271534990856198,-2.3853950138242004,659,45.36686380287654,54.63313619712346,-0.30091055817412865,-0.006559470900970196,-8.08779286847119,659,34.95447209129357,65.04552790870643,-0.16273357007376957,-0.0038304774025174015,-4.227541620149984,659,41.86332149631152,58.13667850368848
RAYS,,,,0,,,,,,0,,,,,,0,,,,,,0,,,,,,0,,,,,,0,,,,,,0,,
RBLX,-0.250496219022649,-0.008680001066936845,-6.632171596133708,659,37.47518904886755,62.52481095113245,-0.034110404295488735,-0.0008012917406553189,-0.8748273537131472,659,48.29447978522556,51.70552021477444,-0.11024006432773083,-0.006194899394446273,-2.8430026987091273,659,44.48799678361346,55.51200321638654,-0.12097441804702008,-0.004384690980739188,-3.123759704800391,659,43.951279097649,56.048720902351,-0.15054616150198102,-0.006661836489729957,-3.9032867378114307,659,42.47269192490095,57.52730807509905,-0.2419963689655471,-0.00952248170805935,-6.392867869529977,659,37.900181551722646,62.099818448277354,-0.2184709637593946,-0.009282808492173191,-5.738471883473918,659,39.07645181203027,60.92354818796973
RBOT,-0.12187002917962729,-0.012428791699401351,-3.1472332214458483,659,43.906498541018635,56.093501458981365,-0.07818186359339419,-0.005405342388820686,-2.010111127908152,659,46.09090682033029,53.90909317966971,-0.017622027532087726,-0.0029145000433778334,-0.4517581567016798,659,49.118898623395616,50.881101376604384,-0.0033765279714284163,-0.0003601879604803952,-0.08654769626616313,659,49.83117360142858,50.16882639857142,-0.0654449281291975,-0.008523415662998165,-1.6810890809734422,659,46.72775359354012,53.27224640645988,-0.1664989362380081,-0.01928262482580462,-4.328116031536269,659,41.6750531880996,58.3249468119004,-0.07391336820052397,-0.009243193623092805,-1.8997447205768676,659,46.3043315899738,53.6956684100262
RBRK,-0.3568271501377757,-0.013848906770389613,-9.19910919207449,582,32.15864249311121,67.84135750688878,0.09262923549124452,0.002460333207976833,2.24043978930181,582,54.631461774562226,45.368538225437774,-0.14625724763123152,-0.00927586912581627,-3.5606298701838597,582,42.68713761843843,57.31286238156157,-0.3226963775338807,-0.013222001333948255,-8.210815731451984,582,33.865181123305966,66.13481887669403,-0.26786618818628916,-0.013232071327182258,-6.6957611354947915,582,36.606690590685545,63.393309409314455,-0.25117793375893915,-0.01150468235287005,-6.2495194677709085,582,37.441103312053045,62.558896687946955,-0.34034417015036866,-0.016288045915868056,-8.716967871653019,582,32.98279149248157,67.01720850751843
RCAT,-0.2902734505994493,-0.020868918250381473,-7.775057223018515,659,35.48632747002753,64.51367252997247,0.034790052437317004,0.0016956370653171743,0.8922791625014852,659,51.73950262186585,48.26049737813415,-0.1584520017702248,-0.018474238611458717,-4.113409503363044,659,42.07739991148876,57.92260008851124,-0.0915615413237026,-0.0068854537115195695,-2.3568064107173017,659,45.42192293381487,54.57807706618513,-0.20133825726991827,-0.018485219254684226,-5.268595970426813,659,39.933087136504085,60.066912863495915,-0.08027985171731286,-0.006554233022108516,-2.0643971841425395,659,45.986007414134356,54.013992585865644,-0.22004522892891162,-0.019398655995236304,-5.7819185081800235,659,38.99773855355442,61.00226144644558
RDDT,-0.30208466497863407,-0.014824007271436426,-7.788004002695278,606,34.895766751068294,65.1042332489317,0.03334143944464449,0.0011112055241285317,0.8198687652122257,606,51.66707197223223,48.33292802776777,-0.10941687707294928,-0.008766249654845577,-2.705317052084238,606,44.529156146352534,55.470843853647466,-0.13737321040628733,-0.007120716134611728,-3.408454878011504,606,43.13133947968563,56.86866052031437,-0.19771733050881676,-0.012341157849731714,-4.957038993510349,606,40.11413347455916,59.88586652544084,-0.20906104089824265,-0.011960876779530404,-5.254071517619035,606,39.546947955087866,60.453052044912134,-0.25381360092904753,-0.015291754202362322,-6.449012329348302,606,37.30931995354763,62.69068004645237
RDW,-0.375134544390287,-0.022419841177719252,-10.37298831790575,659,31.243272780485654,68.75672721951435,0.026666056215039733,0.0010804121504950535,0.6837477949501586,659,51.33330281075199,48.66669718924801,-0.1175896265534012,-0.011397003482686924,-3.0351154287527082,659,44.120518672329936,55.879481327670064,-0.05319683496879129,-0.0033255088929515513,-1.365475322001888,659,47.34015825156044,52.65984174843956,-0.2763003259403964,-0.021087861937610915,-7.368998250730377,659,36.184983702980176,63.815016297019824,-0.1759690618651417,-0.011942753986553227,-4.581938932016273,659,41.20154690674291,58.79845309325709,-0.3255813772842556,-0.023860090820181673,-8.826210211669649,659,33.72093113578722,66.27906886421277
REGN,-0.06797328126014811,-0.0013551104542968817,-1.7463309246972927,659,46.60133593699259,53.39866406300741,-0.11964203005334492,-0.0016169829103002925,-3.088852793988064,659,44.01789849733275,55.98210150266725,-0.019638579028734223,-0.0006349254241099701,-0.503473375927151,659,49.018071048563286,50.981928951436714,0.01562132201160222,0.00032574750014231605,0.4004547649304412,659,50.781066100580105,49.218933899419895,-0.10332050437405413,-0.0026304415567758046,-2.6625620539976946,659,44.83397478129729,55.16602521870271,-0.22329749677804475,-0.0050552543221285915,-5.871825536922782,659,38.835125161097764,61.164874838902236,-0.12484729431890948,-0.0030519868520539526,-3.2253222727927673,659,43.75763528405452,56.24236471594548
RELX,-0.05207305736185306,-0.0008308898382932587,-1.33655051888089,659,47.39634713190735,52.60365286809265,-0.13822094975859311,-0.0014951660910694884,-3.5772171489016644,659,43.08895251207034,56.91104748792966,-0.0315640608087569,-0.0008167693614222055,-0.8094536870652611,659,48.42179695956216,51.57820304043784,-0.3261112831729822,-0.005442808341815019,-8.842283447505071,659,33.69443584135089,66.3055641586491,-0.05277468599879389,-0.0010753793861587215,-1.3546090663782762,659,47.36126570006031,52.63873429993969,-0.20677417187825425,-0.003746703746243845,-5.417108675444262,659,39.66129140608729,60.33870859391271,-0.08038963215988454,-0.0015728868254693059,-2.067238539011577,659,45.98051839200578,54.01948160799422
RGEN,-0.2856640153149745,-0.008459314836913846,-7.640525205413717,659,35.716799234251276,64.28320076574872,-0.08834366736682281,-0.0017735370769046258,-2.273314410291432,659,45.582816631658865,54.417183368341135,-0.06741147556364521,-0.003237350203148813,-1.73183116599027,659,46.62942622181774,53.37057377818226,-0.07133957856671161,-0.0022097189380864374,-1.8332478366080867,659,46.43302107166442,53.56697892833558,-0.24200590032625713,-0.009151900414559402,-6.393135325174632,659,37.899704983687144,62.100295016312856,-0.23790953474749205,-0.008000445921181935,-6.278368673681216,659,38.1045232626254,61.8954767373746,-0.26109198510957765,-0.009480696750064257,-6.932783747540024,659,36.945400744521116,63.054599255478884
RGNX,-0.2669691823995401,-0.013722253749650517,-7.100675631091562,659,36.65154088002299,63.34845911997701,-0.09498316717037697,-0.0033097573642142217,-2.445666764217635,659,45.25084164148115,54.74915835851885,-0.04533957923032831,-0.00377935768442079,-1.1633409462766822,659,47.733021038483585,52.266978961516415,-0.029710081584936585,-0.0015973313111544065,-0.7618654643514302,659,48.51449592075317,51.48550407924683,-0.18337437904542755,-0.012036733621836734,-4.781330441465009,659,40.83128104772862,59.16871895227138,-0.1656251133354589,-0.009667478098981643,-4.304758709285192,659,41.71874433322705,58.28125566677295,-0.19579872652857266,-0.01234074107058527,-5.117774264839944,659,40.21006367357137,59.78993632642863
RGTI,-0.3312011422781372,-0.026873907810189262,-8.997148912713506,659,33.43994288609314,66.56005711390685,-0.019541830428620656,-0.001074952894073042,-0.5009920864666559,659,49.022908478568965,50.977091521431035,-0.1385701647058367,-0.018234124950836567,-3.5864316925943256,659,43.07149176470816,56.92850823529184,-0.02818372103226031,-0.0023920165187292742,-0.7226925365280602,659,48.59081394838699,51.40918605161301,-0.19927805163426415,-0.020649243435145223,-5.212443300636445,659,40.03609741828679,59.96390258171321,-0.22788114395231807,-0.020997620482457575,-5.998889072916164,659,38.6059428023841,61.3940571976159,-0.2508942968185276,-0.02496300416488033,-6.64341856970518,659,37.45528515907362,62.54471484092638
RIO,-0.24041269013056507,-0.0038539233275431974,-6.348456121791749,659,37.97936549347175,62.02063450652825,-0.013688262311455845,-0.00014875761167798844,-0.3508905678319691,659,49.31558688442721,50.68441311557279,0.33641377614384527,0.008745721637717228,9.156664543514655,659,66.82068880719227,33.17931119280773,0.17878812009745287,0.002997858886109391,4.657746582354865,659,58.93940600487264,41.06059399512736,-0.17418385544578485,-0.0035658187158225394,-4.533993018638077,659,41.29080722771076,58.70919277228924,-0.18480308087393807,-0.0033641672852492027,-4.819894581463397,659,40.759845956303096,59.240154043696904,-0.24989942845136495,-0.00491222224950853,-6.615317071327284,659,37.50502857743175,62.49497142256825
RIOT,-0.4670067137717127,-0.02545248774107466,-13.537201360461314,659,26.649664311414366,73.35033568858563,0.02412788731840141,0.0008914800004042879,0.6186263732611916,659,51.20639436592007,48.79360563407993,-0.18911352414558993,-0.016714981372621063,-4.9364368399983265,659,40.544323792720505,59.455676207279495,-0.00029412351672706416,-1.6767322162302668e-05,-0.007538977611599368,659,49.98529382416365,50.01470617583635,-0.34713231034909686,-0.024160606404136968,-9.487679582022704,659,32.64338448254516,67.35661551745484,-0.3391714772330091,-0.020991773402300306,-9.241437323715827,659,33.04142613834954,66.95857386165045,-0.41007478789947555,-0.027405469372375004,-11.524609039020012,659,29.496260605026226,70.50373939497378
RIVN,-0.2916987901922384,-0.012287385518253096,-7.816776497275942,659,35.415060490388086,64.58493950961191,-0.06219507472626712,-0.001776094405804178,-1.5972771631207412,659,46.89024626368664,53.10975373631336,-0.051181528043222735,-0.003496345167622299,-1.3136071591449068,659,47.44092359783886,52.55907640216114,-0.08524641452970567,-0.0037560193776462916,-2.1930198683436273,659,45.737679273514715,54.262320726485285,-0.1585570632556107,-0.008529353786403786,-4.116207208528044,659,42.072146837219464,57.927853162780536,-0.2249458077940673,-0.01076032662547756,-5.91747069591333,659,38.752709610296634,61.247290389703366,-0.19744323955897863,-0.010198450388916418,-5.162494547459406,659,40.127838022051066,59.872161977948934
RKLB,-0.4119767011581956,-0.02104100930053449,-11.5889558447897,659,29.40116494209022,70.59883505790978,0.02677859418599108,0.0009271860359085454,0.6866354619878591,659,51.33892970929955,48.66107029070045,-0.12927234314926794,-0.01070719543169548,-3.3415486616212995,659,43.536382842536604,56.463617157463396,0.004418870978903652,0.0002360652600221234,0.11326565642331224,659,50.220943548945186,49.779056451054814,-0.2656287473651091,-0.01732505674098699,-7.062309719238617,659,36.71856263174455,63.28143736825545,-0.20292217453745864,-0.011769177535152251,-5.311816496905355,659,39.85389127312707,60.14610872687293,-0.3319614516257494,-0.020789719533940175,-9.020357497126184,659,33.40192741871253,66.59807258128747
RKT,-0.09323070715395193,-0.0032219306000643975,-2.400144283551726,659,45.3384646423024,54.6615353576976,-0.4124042086370477,-0.009661965616349898,-11.603444616413114,659,29.37978956814762,70.62021043185239,-0.02081157566046192,-0.001166375427744389,-0.5335581014721471,659,48.95942121697691,51.04057878302309,-0.11936858348028312,-0.004314933325427933,-3.0816909340223972,659,44.031570825985845,55.968429174014155,0.01857473733287978,0.0008197578101312185,0.47619003085678513,659,50.92873686664399,49.07126313335601,-0.3007601833045539,-0.011803212823137075,-8.083349060631429,659,34.96199083477231,65.03800916522769,0.020226879275289614,0.0008571427348346743,0.5185616864061546,659,51.011343963764475,48.988656036235525
RLAY,-0.2333434066098107,-0.010893117320168363,-6.1508590198652255,659,38.332829669509465,61.667170330490535,-0.08068515615231997,-0.0025534977928208633,-2.0748877145289364,659,45.965742192384,54.034257807616,-0.06108527145162925,-0.004624548639710473,-1.5686677710665466,659,46.94573642741854,53.05426357258146,-0.00385911410492257,-0.00018843913974259823,-0.0989175926790075,659,49.80704429475387,50.19295570524613,-0.1954619766858485,-0.011652647591286869,-5.108622366550845,659,40.226901165707574,59.773098834292426,-0.24226821813341082,-0.012843275130744986,-6.400496890635633,659,37.88658909332946,62.11341090667054,-0.22730488655173403,-0.01301165328079824,-5.982891712730502,659,38.6347556724133,61.3652443275867
RMAX,,,,0,,,,,,0,,,,,,0,,,,,,0,,,,,,0,,,,,,0,,,,,,0,,
RMBS,-0.5277465585141938,-0.02173975424680808,-15.92556584102705,659,23.61267207429031,76.38732792570968,0.04107638264031368,0.0011471140710448903,1.0537596647950707,659,52.05381913201569,47.94618086798431,-0.1304603374929005,-0.008715331573512557,-3.3727862560939728,659,43.47698312535498,56.52301687464502,0.3206362215923324,0.013815564937768325,8.676657820534981,659,66.03181107961662,33.96818892038338,-0.3539056383307204,-0.018617543660596918,-9.699023075277688,659,32.30471808346398,67.69528191653602,-0.4389525063372469,-0.02053380566479451,-12.522100199294135,659,28.052374683137653,71.94762531686234,-0.4600388034652892,-0.023237572004718824,-13.280477040676587,659,26.998059826735542,73.00194017326446
RMD,-0.05153644330116777,-0.0010083138014439338,-1.3227404643300806,659,47.42317783494161,52.57682216505839,-0.11996716231620863,-0.0015912149503473892,-3.0973692860207804,659,44.00164188418957,55.99835811581043,-0.06713288738727571,-0.0021300646815614775,-1.7246416411183907,659,46.643355630636215,53.356644369363785,-0.060478570408497814,-0.0012376835855214619,-1.5530302244568632,659,46.97607147957511,53.02392852042489,-0.09989460104150635,-0.002495910247030954,-2.5733714774881533,659,45.00526994792468,54.99473005207532,-0.18617115333032688,-0.0041363411604730055,-4.856851837026429,659,40.69144233348366,59.30855766651634,-0.12793549626855555,-0.003069300354132652,-3.306414570422534,659,43.603225186572224,56.396774813427776
RNA,-0.12180308930822055,-0.003937652773473107,-1.4415960324156831,140,43.90984553458897,56.09015446541103,-0.2666567952908221,-0.004591856753293866,-3.2501925006090078,140,36.667160235458894,63.332839764541106,-0.06312140159738965,-0.0035665677266572453,-0.7429902031348417,140,46.84392992013052,53.15607007986948,0.010455298159951106,0.00022676467534307783,0.12282865717161927,140,50.522764907997555,49.477235092002445,0.10778731321185711,0.0052192921743963935,1.273634453942988,140,55.38936566059286,44.61063433940714,-0.23323122430393137,-0.0071809786892808565,-2.8175508939913017,140,38.33843878480343,61.66156121519657,-0.03798939967043291,-0.001774886438354215,-0.4465967784133874,140,48.10053001647835,51.89946998352165
ROBO,-0.5923515633692112,-0.008618706487134259,-18.84516107890841,659,20.38242183153944,79.61757816846057,-0.05228415236626308,-0.0005157245662959684,-1.3419834810571323,659,47.38579238168685,52.61420761831315,0.006262639390605554,0.00014777336179458571,0.16052719124815126,659,50.313131969530275,49.686868030469725,0.16495774383577275,0.0025105108687251796,4.286926919737812,659,58.247887191788635,41.752112808211365,-0.43350830931500994,-0.008055002081226849,-12.330572234814815,659,28.324584534249503,71.67541546575049,-0.5477270097985423,-0.009050017175531005,-16.7802851027822,659,22.613649510072886,77.38635048992711,-0.5597964347780998,-0.009987567856325544,-17.316179278718753,659,22.01017826109501,77.989821738905
ROK,-0.45851480279700324,-0.009218760899306809,-13.224745737856818,659,27.07425986014984,72.92574013985016,0.016456891564983527,0.00022431183770120524,0.421880362148431,659,50.822844578249175,49.177155421750825,-0.1828312950086608,-0.005961367859034974,-4.766679520810338,659,40.85843524956696,59.14156475043304,0.08077496741423786,0.001698724018839661,2.077212447357736,659,54.0387483707119,45.9612516292881,-0.42194856205948605,-0.01083388895911976,-11.92935629440289,659,28.902571897025698,71.0974281029743,-0.39067453346165043,-0.008919838395065475,-10.878283460735123,659,30.46627332691748,69.53372667308253,-0.44156034231447105,-0.01088620013428172,-12.614446724268175,659,27.921982884276446,72.07801711572355
ROL,0.08244578137325757,0.001202442404522104,2.1204702263421042,659,54.12228906866288,45.87771093133712,-0.08282161484832945,-0.0008188884297346705,-2.130203113018494,659,45.85891925758353,54.14108074241647,-0.04546197766766169,-0.0010752770227798224,-1.1664879895611373,659,47.726901116616915,52.273098883383085,-0.10115106109511361,-0.0015430966696242986,-2.6060714705094234,659,44.94244694524432,55.05755305475568,-0.02820046889654128,-0.0005252400733571392,-0.723122330268047,659,48.58997655517294,51.41002344482706,-0.1182743848698668,-0.001958886336357863,-3.0530397965574627,659,44.08628075650666,55.91371924349334,-0.04855547897656009,-0.0008683626802707009,-1.2460443080228738,659,47.572226051171995,52.427773948828005
ROOT,-0.1712937771622187,-0.010604992917301678,-4.456470672092646,659,41.435311141889066,58.564688858110934,-0.026318169173583088,-0.0011046117709578396,-0.6748213546155772,659,48.684091541320846,51.315908458679154,-0.0884514118211011,-0.00888075241070933,-2.276108806936506,659,45.577429408944944,54.422570591055056,-0.12974905905539208,-0.008402332425856243,-3.354081852720166,659,43.5125470472304,56.4874529527696,-0.16372939637060568,-0.012944972622168052,-4.254121873664663,659,41.813530181469716,58.186469818530284,-0.15897052875225084,-0.011176558855543922,-4.127218865148406,659,42.05147356238746,57.94852643761254,-0.16441979019951405,-0.012482165867447855,-4.272557466686944,659,41.7790104900243,58.2209895099757
ROP,-0.10205955392211037,-0.0014609534807581935,-2.629723283651986,659,44.89702230389448,55.10297769610552,-0.038651294197359715,-0.0003750869529252379,-0.9914512596419072,659,48.06743529013202,51.93256470986798,-0.20328366548775664,-0.004719124130083975,-5.321686620676485,659,39.83581672561217,60.16418327438783,-0.42547717786935335,-0.0063706806839286855,-12.051058034546259,659,28.72614110653233,71.27385889346766,-0.2271923929494198,-0.0041531936976807295,-5.979769575390158,659,38.64038035252901,61.35961964747099,-0.24340002404958733,-0.003956635400724536,-6.432276491451608,659,37.82999879752064,62.17000120247936,-0.22259963052645967,-0.0039072772047234255,-5.852516172535996,659,38.870018473677014,61.129981526322986
RPRX,0.025185343078276374,0.00034133904644017226,0.6457558311986602,659,51.259267153913825,48.740732846086175,-0.16533141652603048,-0.0015190731311865771,-4.296910525361999,659,41.733429173698475,58.266570826301525,0.04744436603200778,0.001042795008699242,1.2174655330722943,659,52.37221830160039,47.62778169839961,-0.07670349919311724,-0.0010873769493336923,-1.9718741990712185,659,46.16482504034414,53.83517495965586,-0.04899840184844793,-0.0008480582699231061,-1.257437949594932,659,47.550079907577604,52.449920092422396,-0.11586521238039574,-0.0017832566637790714,-2.9899962121293444,659,44.20673938098022,55.79326061901978,-0.04640004016353224,-0.0007711227551768729,-1.1906087100935108,659,47.679997991823384,52.320002008176616
RR,-0.1858287059166201,-0.01794262046161356,-4.847598190106983,659,40.70856470416899,59.29143529583101,-0.012910922586750757,-0.0008451144763906214,-0.3309604981805027,659,49.35445387066246,50.64554612933754,0.011912178782665156,0.0018652646825148894,0.3053547660917327,659,50.595608939133264,49.404391060866736,0.013176224914523275,0.0013307329594185215,0.33776246629033874,659,50.65881124572616,49.34118875427384,-0.10903933376874304,-0.013445034970767987,-2.8116621444803283,659,44.54803331156285,55.45196668843715,-0.08851855704667953,-0.009705772062816148,-2.277850286642271,659,45.57407214766602,54.42592785233398,-0.13819081075118722,-0.016361356051103934,-3.5764219512242033,659,43.09045946244064,56.90954053755936
RSKD,-0.24161525800436312,-0.006394899586081869,-6.382175279212149,659,37.919237099781846,62.080762900218154,-0.027153838210831525,-0.0004872207711453358,-0.6962642220258602,659,48.642308089458425,51.357691910541575,-0.08704631392033498,-0.0037362502266854937,-2.2396733009604852,659,45.64768430398325,54.35231569601675,-0.21036748112035364,-0.005823912290737183,-5.515566885470232,659,39.481625943982316,60.518374056017684,-0.18953752278941627,-0.006406343952681149,-4.947916428110805,659,40.52312386052919,59.47687613947081,-0.21549193782490325,-0.006476838879145341,-5.656385034365901,659,39.22540310875483,60.77459689124517,-0.20879456771974983,-0.006776346907423682,-5.472439891745976,659,39.56027161401251,60.43972838598749
RTX,-0.0858250811572869,-0.001253632649972915,-2.2080165387419166,659,45.70874594213565,54.29125405786435,0.011919477703676348,0.00011803165402538238,0.30554189196984105,659,50.595973885183824,49.404026114816176,-0.08212061543780015,-0.001945290489186457,-2.11205020224804,659,45.893969228109995,54.106030771890005,-0.048149104346477,-0.0007356498158820771,-1.235591472938207,659,47.59254478267615,52.40745521732385,-0.1511755591978518,-0.002819962507471782,-3.919986309724937,659,42.441222040107405,57.558777959892595,0.05697275363178225,0.0009450308283807901,1.4627020791449552,659,52.84863768158912,47.15136231841088,-0.14366435786099782,-0.002573191870069063,-3.721006402391635,659,42.81678210695011,57.18321789304989
RUN,-0.17078492435142026,-0.009960056361480887,-4.442833737010247,659,41.46075378242899,58.53924621757101,-0.13110308738437113,-0.005183348139868997,-3.38969312848945,659,43.444845630781444,56.555154369218556,0.060111104554723474,0.005685166246165428,1.543559737899951,659,53.00555522773618,46.99444477226382,0.003688444272236746,0.00022499990588562073,0.09454288814143237,659,50.18442221361183,49.81557778638817,-0.13236239301057695,-0.009857857895362246,-3.422830493089213,659,43.38188034947115,56.61811965052885,-0.1633765421624615,-0.010819935161234947,-4.244702086505364,659,41.831172891876925,58.168827108123075,-0.14601799669111223,-0.010442048665868219,-3.7832844245640103,659,42.699100165444385,57.300899834555615
RXRX,-0.3882116167501011,-0.019777546246001722,-10.79748878066804,659,30.589419162494945,69.41058083750505,-0.07972998541204615,-0.0027536628288240238,-2.050166592666475,659,46.01350072939769,53.98649927060231,-0.10345297242122778,-0.00854718396132285,-2.666012652606212,659,44.827351378938616,55.172648621061384,-0.046119191882868706,-0.0024576068933447074,-1.1833868344407354,659,47.69404040585656,52.30595959414344,-0.26958766385205346,-0.01753919173772354,-7.175750061347767,659,36.520616807397325,63.479383192602675,-0.3291822632408816,-0.01904421178405528,-8.935617590529349,659,33.54088683795592,66.45911316204408,-0.3339352867857317,-0.020860910400300737,-9.080701593022097,659,33.30323566071341,66.69676433928659
RY,-0.2863460991166515,-0.002927756304951291,-7.660395931751321,659,35.682695044167424,64.31730495583258,-0.10440017940140951,-0.0007236525462350478,-2.690690197338605,659,44.77999102992952,55.22000897007048,0.0499860888435873,0.000828836764734241,1.282847660647849,659,52.499304442179366,47.500695557820634,-0.00663484325769508,-7.095796750852733e-05,-0.17006812026791726,659,49.66825783711525,50.33174216288475,-0.3180454073890554,-0.004152775572543124,-8.598622803593834,659,34.09772963054723,65.90227036945276,-0.357780279982826,-0.004154155481853401,-9.820701650209282,659,32.1109860008587,67.8890139991413,-0.32222740410506917,-0.004039923945081575,-8.724691465525543,659,33.888629794746535,66.11137020525346
S,-0.3466450085736492,-0.010759028189815304,-9.472540403108392,659,32.667749571317536,67.33225042868247,0.018940446769587158,0.0003985322848865848,0.48556884883628637,659,50.94702233847935,49.05297766152065,-0.24450461705838558,-0.012306976040205232,-6.46331891989048,659,37.774769147080725,62.225230852919275,-0.3647959272985888,-0.01184308704718899,-10.042507620368463,659,31.76020363507056,68.23979636492945,-0.26076977156878467,-0.010335964753813192,-6.923603339734201,659,36.961511421560765,63.038488578439235,-0.30831390412205095,-0.010866855669538914,-8.307403289960702,659,34.58430479389745,65.41569520610255,-0.3072448014261702,-0.011693370236108131,-8.275588161906725,659,34.637759928691494,65.3622400713085
SAN,-0.29504196149781836,-0.005685283067448753,-7.914854173415584,659,35.24790192510908,64.75209807489091,-0.08104324802855074,-0.0010586937280833387,-2.084157099917504,659,45.94783759857246,54.05216240142754,0.287808067835157,0.008993887821368602,7.703029359248181,659,64.39040339175786,35.60959660824214,0.08103700403136699,0.0016333472617352446,2.0839954640125855,659,54.05185020156835,45.94814979843165,-0.31971024477591914,-0.007867387437865369,-8.648742725868496,659,34.014487761204045,65.98551223879596,-0.35636289119491593,-0.0077980043632052765,-9.776123316785615,659,32.1818554402542,67.8181445597458,-0.3483795229309876,-0.008231670710987656,-9.526467032793397,659,32.58102385345062,67.41897614654938
SANA,-0.19277694220156508,-0.016298929331414993,-5.035717692646573,659,40.36115288992175,59.63884711007825,-0.026357222828653222,-0.0015107368875031566,-0.6758234208217508,659,48.682138858567335,51.317861141432665,-0.06544499334225194,-0.008973391451067389,-1.6810907633118966,659,46.7277503328874,53.2722496671126,-0.04262421001787286,-0.0037695297779892388,-1.0935380644185766,659,47.868789499106356,52.131210500893644,-0.14344844553620192,-0.01548836285919222,-3.715296540735527,659,42.827577723189904,57.172422276810096,-0.152791618026589,-0.014669868246930003,-3.9628869910498854,659,42.36041909867055,57.63958090132945,-0.16779290302916303,-0.017395809386660677,-4.362723099949922,659,41.610354848541846,58.389645151458154
SAP,-0.18448887288961563,-0.0036011606299619753,-4.8114106391961435,659,40.775556355519214,59.224443644480786,-0.07069640159649783,-0.0009355237573535699,-1.8166364039839622,659,46.46517992017511,53.53482007982489,-0.007827685862126918,-0.0002477889301636176,-0.2006454791054171,659,49.60861570689366,50.39138429310634,-0.3532474945176721,-0.0072123742153667025,-9.678411857330376,659,32.33762527411639,67.66237472588361,-0.16597514264172095,-0.004137338411673327,-4.31411375197224,659,41.701242867913955,58.298757132086045,-0.3251914686806179,-0.007208321580038849,-8.814389350260859,659,33.74042656596911,66.2595734340309,-0.22905157708734095,-0.005482424569844588,-6.031401709571439,659,38.54742114563295,61.45257885436705
SATS,,,,0,,,,,,0,,,,,,0,,,,,,0,,,,,,0,,,,,,0,,,,,,0,,
SBLK,-0.22361398343089017,-0.0044355469170769685,-5.880585582712324,659,38.819300828455496,61.180699171544504,0.0891566923376083,0.0011989121544198245,2.294402539982093,659,54.45783461688042,45.54216538311958,0.08823642370338852,0.0028383916005367445,2.27053308172502,659,54.41182118516943,45.58817881483057,0.09870194449303192,0.0020478624077594166,2.542343508265968,659,54.9350972246516,45.0649027753484,-0.26971816088550815,-0.006832255323552493,-7.179496010283115,659,36.514091955724595,63.485908044275405,-0.14569570177956334,-0.003281841880053491,-3.7747525473165116,659,42.71521491102183,57.28478508897817,-0.3102903978976063,-0.0075471610640380936,-8.366312950071562,659,34.485480105119684,65.51451989488032
SBUX,-0.16826706780022904,-0.0034613510426011185,-4.375410407987345,659,41.58664660998855,58.41335339001145,0.01923583023328953,0.0002682518039497943,0.4931442610344735,659,50.96179151166448,49.03820848833552,0.0017771639862047164,5.928573657219665e-05,0.04555235919686395,659,50.08885819931024,49.91114180068976,-0.011688792935302216,-0.0002515029196653206,-0.2996277413031723,659,49.41556035323489,50.58443964676511,-0.24862719236355144,-0.006531317923979093,-6.579413464415503,659,37.568640381822426,62.431359618177574,-0.2317502758021615,-0.005413641259887794,-6.106472474835956,659,38.412486209891924,61.587513790108076,-0.2639485447692281,-0.00665783234410217,-7.014281186670077,659,36.8025727615386,63.1974272384614
SCHD,-0.15987320358606166,-0.0012879256753794734,-4.151267183257915,659,42.006339820696915,57.993660179303085,-0.02983804221378919,-0.0001629561079495208,-0.7651497188783206,659,48.50809788931054,51.49190211068946,-0.13802535757233628,-0.0018032261665199766,-3.5720567594421135,659,43.098732121383186,56.901267878616814,-0.13571280835037267,-0.0011435701406152612,-3.5110759337621587,659,43.214359582481364,56.785640417518636,-0.39721983617131124,-0.004086502136415884,-11.094347512086816,659,30.139008191434435,69.86099180856556,-0.26421004209969373,-0.002417058366375123,-7.021751553697765,659,36.78949789501531,63.21050210498469,-0.3452189922683497,-0.003410176575311552,-9.42828784756334,659,32.73905038658251,67.2609496134175
SCHG,-0.6224700961820717,-0.0075131405906426274,-20.386240721055007,659,18.876495190896414,81.1235048091036,0.031883945241218646,0.0002608917065372273,0.8176653619150114,659,51.59419726206094,48.40580273793906,-0.20632387920690784,-0.0040385802220505645,-5.404786710441383,659,39.683806039654606,60.316193960345394,0.031216025952915987,0.00039410095046377717,0.8005196523239098,659,51.560801297645796,48.439198702354204,-0.48073709963839906,-0.007409968144412854,-14.052632779336928,659,25.96314501808005,74.03685498191996,-0.6840009005203199,-0.00937523992213006,-24.033956792461048,659,15.799954973984004,84.200045026016,-0.6677800460793456,-0.009883335172573718,-22.995024624567918,659,16.61099769603272,83.38900230396729
SCHP,0.3080804053548352,0.0007914574301657423,8.300451702908637,659,65.40402026774176,34.59597973225824,-0.5856923423317154,-0.0010200424018547531,-18.521718782176904,659,20.71538288341423,79.28461711658576,0.08942892857022139,0.00037257842924664104,2.3014647968815507,659,54.47144642851107,45.52855357148893,-0.06828613092893758,-0.00018349440896300555,-1.754406048663018,659,46.58569345355312,53.41430654644688,0.484985932176631,0.00159110303328216,14.214811676000586,659,74.24929660883154,25.750703391168457,-0.05709279514824206,-0.00016655876162286504,-1.4657940584698244,659,47.1453602425879,52.8546397574121,0.44561553330692716,0.0014037535497488515,12.758836619017098,659,72.28077666534635,27.71922333465365
SCHQ,0.42873317036261327,0.0029078961542686665,12.163952135145681,659,71.43665851813066,28.563341481869344,-0.862873210465884,-0.003967564439871568,-43.759955100626954,659,6.856339476705797,93.1436605232942,0.12656646462229407,0.0013921519917687306,3.2704536087597655,659,56.32832323111471,43.67167676888529,-0.045350870274583746,-0.00032173942335699977,-1.1636312533790607,659,47.73245648627081,52.26754351372919,0.542708428414231,0.00470071642511671,16.56192167938794,659,77.13542142071155,22.864578579288448,-0.12133706976077234,-0.0009345617545972716,-3.133263687331122,659,43.93314651196138,56.06685348803862,0.5009006576838745,0.004165915651476175,14.834223360926538,659,75.04503288419373,24.95496711580627
SCHW,-0.28450701055281247,-0.004459065657719767,-7.606847789752579,659,35.77464947235938,64.22535052764061,0.08042442018062906,0.0008545235365160776,2.0681389438890174,659,54.02122100903145,45.97877899096855,-0.19828588061008162,-0.005039864746226203,-5.185426562328848,659,40.08570596949592,59.91429403050408,-0.1684107271714117,-0.0027608797531944534,-4.379254942898207,659,41.57946364142941,58.42053635857059,-0.4162604261581302,-0.008331471214144475,-11.734556514604815,659,29.18697869209349,70.81302130790651,-0.2583241443069545,-0.0045976783831793875,-6.854003923336212,659,37.083792784652275,62.916207215347725,-0.3845644371053142,-0.007390725590921896,-10.678344418273884,659,30.77177814473429,69.2282218552657
SD,-0.21685264388083872,-0.004555540920565439,-5.693858474072195,659,39.15736780595807,60.84263219404193,0.3436704306218188,0.004894435317931681,9.380316378092772,659,67.18352153109095,32.816478468909054,-0.01412486407794939,-0.0004812111749955005,-0.3620847966461678,659,49.29375679610253,50.70624320389747,-0.03728882545253336,-0.0008193713614022115,-0.9564527772749913,659,48.135558727373336,51.864441272626664,-0.315555989815122,-0.008465592075825838,-8.5238437738952,659,34.2222005092439,65.77779949075611,0.13704189596691055,0.003269273716587279,3.5461161287726704,659,56.85209479834553,43.14790520165447,-0.2822460811042135,-0.007270599362854925,-7.541142179286003,659,35.88769594478932,64.11230405521067
SDGR,-0.3370600949332568,-0.012724126373638716,-9.176508664504409,659,33.14699525333717,66.85300474666283,-0.0632747249650455,-0.0016193327410742994,-1.6251149529301225,659,46.83626375174772,53.16373624825228,-0.14993662762858848,-0.009179194446517311,-3.8871188343599576,659,42.50316861857058,57.49683138142942,-0.17262222036949218,-0.006816229105895918,-4.492089462772561,659,41.368888981525394,58.631111018474606,-0.23697107476866813,-0.011424090952468501,-6.252126406642537,659,38.15144626156659,61.84855373843341,-0.2394651622781201,-0.010265631475130144,-6.321909970857401,659,38.026741886093994,61.973258113906006,-0.27857452759436135,-0.012895230235519167,-7.434732156644772,659,36.07127362028193,63.92872637971807
SDOW,0.45143893393887186,0.011475802093889594,12.967905049080839,659,72.57194669694358,27.428053303056416,0.08018552935612247,0.0013818637832501302,2.061955978187437,659,54.009276467806124,45.990723532193876,0.20255847126999435,0.00835046471580467,5.301888254081616,659,60.12792356349972,39.87207643650028,0.09634840379109348,0.002561860091549691,2.481146479603571,659,54.817420189554674,45.182579810445326,0.5005721797097225,0.016250114531914966,14.821241483774628,659,75.02860898548612,24.971391014513884,0.5739417438194555,0.01656817011802293,17.964770689241636,659,78.69708719097277,21.302912809027234,0.5551118792709041,0.01730340697156024,17.10633535785965,659,77.75559396354521,22.24440603645479
SE,-0.29942598144507654,-0.008641587601996176,-8.043950324985573,659,35.02870092774617,64.97129907225383,0.009002373247550217,0.000176135244334062,0.23075828306083682,659,50.450118662377506,49.549881337622494,-0.020158517985225537,-0.0009434933682262938,-0.5168083768043809,659,48.992074100738726,51.007925899261274,-0.021018702344479053,-0.0006345075601230089,-0.5388706605244047,659,48.94906488277605,51.05093511722395,-0.2188329197440728,-0.008065334590229787,-5.748456976673001,659,39.05835401279636,60.94164598720364,-0.2630069196837901,-0.008619735189847473,-6.987394916105709,659,36.84965401581049,63.15034598418951,-0.29927270620700586,-0.010591030745090262,-8.039427461396825,659,35.03636468964971,64.9636353103503
SEDG,-0.19699876133390906,-0.01199478399064922,-5.150403116671952,659,40.15006193330455,59.84993806669545,-0.04787700988127511,-0.0019762466681722927,-1.228592958408854,659,47.606149505936244,52.393850494063756,0.0045255321704704655,0.000446863403179732,0.11599967931056474,659,50.22627660852352,49.77372339147648,0.032584580582004204,0.0020752380279491045,0.8356520822586145,659,51.62922902910021,48.37077097089979,-0.1825677712959409,-0.014195762622002745,-4.759572000141056,659,40.87161143520295,59.12838856479705,-0.17525826982758513,-0.012117977722005535,-4.5628433826571335,659,41.23708650862075,58.76291349137925,-0.2021772626935953,-0.0150948329432371,-5.291484613179072,659,39.891136865320235,60.108863134679765
SERV,-0.24667663219302122,-0.02705562690293874,-6.302177321480939,615,37.66616839034894,62.33383160965106,0.03251155361729419,0.00242053573217057,0.8053740034756255,615,51.62557768086471,48.37442231913529,-0.09780584572655397,-0.017516746050626496,-2.433225034640027,615,45.1097077136723,54.8902922863277,-0.02991042431557145,-0.0034620293554320663,-0.7408787960798647,615,48.504478784221426,51.495521215778574,-0.17785805701226792,-0.024839981092441593,-4.474905823634846,615,41.107097149386604,58.892902850613396,-0.14179013985649946,-0.018032844984535355,-3.546389023133494,615,42.91049300717503,57.08950699282497,-0.19771282377168142,-0.02662785156955716,-4.993715555377671,615,40.114358811415926,59.885641188584074
SFTBY,-0.38524794141680474,-0.014628979537387305,-10.700627816880647,659,30.737602929159763,69.26239707084024,-0.007154041701110677,-0.00018416638729278802,-0.1833771699758338,659,49.642297914944464,50.357702085055536,0.0487983966925251,0.003005075966361292,1.2522929733300336,659,52.43991983462626,47.56008016537374,0.19768898738680957,0.007852049495153337,5.169181207412652,659,59.88444936934047,40.11555063065953,-0.19527734617161865,-0.009469591588671082,-5.103605434521495,659,40.236132691419066,59.763867308580934,-0.37945096490898866,-0.016362590482300893,-10.512285816766067,659,31.027451754550565,68.97254824544943,-0.336962177520926,-0.01568996318490115,-9.173501337000246,659,33.1518911239537,66.8481088760463
SGML,-0.24772008267083723,-0.013831517487741174,-6.553836221860849,659,37.61399586645814,62.38600413354186,0.08871135680449578,0.003357940769294357,2.282850918461094,659,54.435567840224785,45.564432159775215,0.06242952959077802,0.005652946466531474,1.6033218845629456,659,53.1214764795389,46.8785235204611,-0.014734090258146922,-0.0008605156750290972,-0.3777053679479733,659,49.263295487092655,50.736704512907345,-0.2030840140728975,-0.014480715848773293,-5.316235071998544,659,39.845799296355125,60.154200703644875,-0.10389974781237121,-0.006587881842383204,-2.6776515557275613,659,44.80501260938144,55.19498739061856,-0.24686315180507284,-0.016901760610606106,-6.52969071132494,659,37.65684240974636,62.34315759025364
SGMO,,,,0,,,,,,0,,,,,,0,,,,,,0,,,,,,0,,,,,,0,,,,,,0,,
SGOV,0.07334987834999791,9.49987524655747e-06,1.8851830810332213,659,53.6674939174999,46.3325060825001,0.00042457795570500286,3.7278732842536526e-08,0.010882787912069179,659,50.02122889778525,49.97877110221475,-0.015123034843902329,-3.1763887800140876e-06,-0.3876781337687407,659,49.243848257804885,50.756151742195115,-0.08763615287160992,-1.187213029910378e-05,-2.254966724725081,659,45.618192356419506,54.381807643580494,0.03173096712001666,5.248165138179051e-06,0.8137382668424071,659,51.586548356000826,48.413451643999174,0.019240841635557206,2.8298620378482387e-06,0.4932727846996331,659,50.96204208177786,49.03795791822214,0.013095706002520616,2.0797660460053057e-06,0.3356980703261586,659,50.65478530012603,49.34521469987397
SHOP,-0.4037864314021955,-0.014348705629919868,-11.313134696759798,659,29.810678429890224,70.18932157010977,-0.005516031552320578,-0.0001328840764469518,-0.14138913373890938,659,49.72419842238397,50.27580157761603,-0.1515037254154389,-0.008730930139781051,-3.9286953540589895,659,42.424813729228056,57.575186270771944,-0.2599818525261055,-0.009663420649929897,-6.9011646453943465,659,37.00090737369472,62.99909262630528,-0.3198967503971286,-0.014516987806822874,-8.654363020845711,659,34.00516248014357,65.99483751985643,-0.3739987468175499,-0.015092244966598889,-10.3364655646558,659,31.300062659122506,68.6999373408775,-0.38492582575026674,-0.016772782595418357,-10.690123728076305,659,30.75370871248666,69.24629128751334
SHW,-0.08327794871032923,-0.0012578030119469333,-2.142021933252689,659,45.83610256448354,54.16389743551646,-0.37243308551627774,-0.0038134324871464806,-10.286208675887938,659,31.37834572418611,68.62165427581388,-0.08498613119890197,-0.002081645954888852,-2.186275119609473,659,45.7506934400549,54.2493065599451,-0.024763209606920078,-0.00039121580414347315,-0.6349255701700562,659,48.761839519653996,51.238160480346004,-0.09834383571539636,-0.0018968606754390432,-2.533029171489656,659,45.08280821423018,54.91719178576982,-0.3620498309877916,-0.006209743394592884,-9.955455996805073,659,31.897508450610424,68.10249154938958,-0.1004825805123402,-0.001860974635072906,-2.588672375455426,659,44.97587097438299,55.02412902561701
SIEGY,-0.3811416289803963,-0.007176169710695597,-10.56706376002249,659,30.942918550980185,69.05708144901982,-0.10768147779123649,-0.0013744613056653429,-2.776235421795842,659,44.615926110438174,55.384073889561826,0.23302016893121985,0.0071150183442897285,6.1418490074421666,659,61.65100844656099,38.34899155343901,0.13512445606667242,0.0026611363039690493,3.4955707357755736,659,56.75622280333362,43.24377719666638,-0.2681527842393892,-0.006447543850026535,-7.134589546250525,659,36.59236078803054,63.40763921196946,-0.4145369537639986,-0.008863234924296014,-11.675864427419624,659,29.27315231180007,70.72684768819992,-0.3536526804151451,-0.008164889883624429,-9.691099197109928,659,32.317365979242744,67.68263402075726
SJM,0.26538589804718143,0.004408512773634646,7.055363613689542,659,63.26929490235907,36.73070509764093,-0.13125676613072482,-0.001478159018764046,-3.39373613267668,659,43.43716169346376,56.56283830653624,0.035956599045259226,0.0009686548677281479,0.9222363126181582,659,51.797829952262965,48.202170047737035,-0.17919777998429517,-0.0031136782477468546,-4.668772607906537,659,41.04011100078524,58.95988899921476,0.03407268662590371,0.000722813606764872,0.8738588860948207,659,51.70363433129519,48.29636566870481,0.02379260300918466,0.0004488269370024362,0.6100249559974572,659,51.18963015045923,48.81036984954077,0.08428703513190633,0.001716888540703156,2.168161598925869,659,54.21435175659531,45.78564824340469
SKYT,,,,0,,,,,,0,,,,,,0,,,,,,0,,,,,,0,,,,,,0,,,,,,0,,
SLB,-0.2966899241201851,-0.0061321674541643285,-7.963316821492715,659,35.16550379399075,64.83449620600925,0.1916873232995054,0.002685899739675498,5.006165732020002,659,59.584366164975265,40.415633835024735,-0.0336858213392155,-0.0011291055589035945,-0.8639256533370311,659,48.315708933039225,51.684291066960775,0.04120930560587029,0.0008909090094612317,1.0571754170160017,659,52.06046528029351,47.93953471970649,-0.37721530787835,-0.009956488484042706,-10.44003869143014,659,31.1392346060825,68.8607653939175,-0.09286551102849054,-0.0021796579968354135,-2.390660676261586,659,45.35672444857548,54.64327555142452,-0.3631752529585365,-0.00920437955052782,-9.991095723898638,659,31.841237352073176,68.15876264792682
SLDP,-0.3301328593408152,-0.018497954344101786,-8.964572620421414,659,33.49335703295924,66.50664296704076,0.021087986124613014,0.0008010419359242644,0.5406477245329849,659,51.05439930623065,48.94560069376935,-0.0968450173130211,-0.008800116614100668,-2.4940559471431185,659,45.15774913434895,54.84225086565105,-0.005000252716197032,-0.0002930581138842876,-0.12816813607783598,659,49.74998736419015,50.25001263580985,-0.23547059740323265,-0.016849123524414884,-6.210206867215177,659,38.22647012983837,61.77352987016163,-0.18643013793879953,-0.011862432783963213,-4.863851361503541,659,40.67849310306002,59.32150689693998,-0.2631094433226658,-0.01807750325311349,-6.990321236410624,659,36.844527833866714,63.155472166133286
SLG,-0.2795229098390774,-0.006380163793540797,-7.462184325863805,659,36.02385450804613,63.97614549195387,-0.16742387381209475,-0.002590699263413887,-4.352851078433831,659,41.62880630939526,58.37119369060474,-0.15734264128745204,-0.005824210354990658,-4.083876826972956,659,42.1328679356274,57.8671320643726,-0.12060676141305499,-0.002879472407254556,-3.1141258544892243,659,43.96966192934725,56.03033807065275,-0.29901168263479977,-0.00871582005290894,-8.031726720423507,659,35.04941586826001,64.95058413173999,-0.30023527232507236,-0.0077821361794697275,-8.067842328836454,659,34.98823638374638,65.01176361625362,-0.2632257282556044,-0.00736732482453183,-6.993640651695131,659,36.83871358721978,63.16128641278022
SLI,-0.2751003768506962,-0.012972877717796644,-7.33436883211954,659,36.24498115746519,63.75501884253481,0.05909314893990317,0.0018891544607683303,1.5173278290221945,659,52.95465744699516,47.04534255300484,0.058374887514598565,0.004464238536948308,1.4988216648675419,659,52.91874437572993,47.08125562427007,0.05835178868145876,0.002878234392122416,1.4982265572536653,659,52.917589434072944,47.082410565927056,-0.14437118654502554,-0.008694234379577457,-3.7397024843104885,659,42.78144067274872,57.21855932725128,-0.08374632896471348,-0.004484702222042324,-2.154154160260474,659,45.81268355176433,54.18731644823567,-0.21057244945208417,-0.012176255457282414,-5.521190110240802,659,39.47137752739579,60.52862247260421
SLVR,-0.30683804064651493,-0.010648365203885568,-6.503964486245045,409,34.65809796767425,65.34190203232575,0.013108806891445647,0.0003073320541486794,0.2644829549345102,409,50.65544034457228,49.34455965542772,0.24314275754722212,0.0147047169992785,5.056977890060864,409,62.1571378773611,37.8428621226389,0.1568943165627877,0.00542239968803964,3.204915356812578,409,57.84471582813938,42.15528417186062,-0.09678333895998711,-0.00408960115568864,-1.961739845104981,409,45.16083305200064,54.83916694799936,-0.08241452759750542,-0.0033122878246959002,-1.6683259590190864,409,45.87927362012473,54.12072637987527,-0.22929271985998234,-0.009372379047832743,-4.752422956010387,409,38.53536400700088,61.46463599299912
SMCI,-0.2832625966621665,-0.01789672743656216,-7.570666483335381,659,35.83687016689168,64.16312983310831,-0.06173807882536652,-0.0026443729052038254,-1.5854956449138249,659,46.913096058731675,53.086903941268325,-0.04533046921664171,-0.004644626574534457,-1.163106716568684,659,47.73347653916791,52.26652346083209,0.22534163315153247,0.01489198792481637,5.928439872191147,659,61.267081657576625,38.732918342423375,-0.09904860117456209,-0.007991686101003377,-2.5513609284117416,659,45.047569941271895,54.952430058728105,-0.29490212379274117,-0.02115850537123086,-7.91074545028143,659,35.254893810362944,64.74510618963706,-0.22833591618788188,-0.017689912475457682,-6.011518602025606,659,38.583204190605905,61.416795809394095
SMH,-0.5836723110320451,-0.013520874030847362,-18.42474416941983,659,20.816384448397745,79.18361555160226,0.05616085974512284,0.0008819716366265896,1.4417913190132927,659,52.808042987256144,47.191957012743856,-0.05255300136935363,-0.0019742829544120623,-1.348903121908969,659,47.37234993153232,52.62765006846768,0.47918721543299686,0.01161094971166719,13.993795304914395,659,73.95936077164984,26.04063922835016,-0.3873823958811338,-0.01145991074257945,-10.770348089822955,659,30.630880205943313,69.36911979405669,-0.5615480438660585,-0.014772203713409189,-17.395259913397073,659,21.922597806697077,78.07740219330293,-0.575615461756498,-0.016350656295444833,-18.043062046035196,659,21.2192269121751,78.7807730878249
SMMT,-0.09385223927789524,-0.01116122081261221,-2.416286809427266,659,45.30738803610524,54.69261196389476,-0.06020013376591208,-0.004853440537121703,-1.5458541787041526,659,46.989993311704396,53.010006688295604,0.011933123161138384,0.0023014279352377566,0.3058917271252483,659,50.596656158056916,49.403343841943084,0.073705919670217,0.009168457507624374,1.8943836476182223,659,53.68529598351085,46.31470401648915,-0.07464830346511356,-0.011336857344781511,-1.9187395840949184,659,46.267584826744326,53.732415173255674,-0.03384116444926012,-0.004570198394000862,-0.8679142280510352,659,48.307941777536996,51.692058222463004,-0.06206822241309475,-0.009051143108499495,-1.5940067641991187,659,46.896588879345266,53.103411120654734
SMR,-0.36070936668556874,-0.02542163922212551,-9.913071689042566,659,31.964531665721562,68.03546833427843,0.029974326697806076,0.0014321244632731463,0.7686476559894561,659,51.498716334890304,48.501283665109696,-0.1358004047098788,-0.01552113197035915,-3.5133847359880646,659,43.20997976450606,56.79002023549394,0.013185974352959087,0.0009720423880451699,0.3380124291463832,659,50.65929871764795,49.34070128235205,-0.22446456580942287,-0.020202243548377713,-5.90413859607562,659,38.77677170952886,61.22322829047114,-0.203889115049821,-0.01631784734127229,-5.338222860705227,659,39.80554424750895,60.19445575249105,-0.30659600564231076,-0.02649596164493499,-8.256297711674451,659,34.670199717884465,65.32980028211554
SMTC,-0.40492885663438655,-0.018813528728932848,-11.351409740526314,659,29.753557168280675,70.24644283171932,-0.025891949024611966,-0.0008155328754455397,-0.663885297664296,659,48.7054025487694,51.2945974512306,-0.09831770476918311,-0.007407974204196178,-2.532349549815296,659,45.084114761540846,54.915885238459154,0.2684459543708405,0.013045935979358051,7.142995163388162,659,63.42229771854202,36.57770228145798,-0.2615870460909351,-0.0155207765405795,-6.946893717868344,659,36.92064769545325,63.07935230454675,-0.36010944082329294,-0.018999787113509903,-9.894125460762464,659,31.99452795883535,68.00547204116465,-0.3541767454655489,-0.020178024241453752,-9.707518177094773,659,32.291162726722554,67.70883727327745
SNAP,-0.34598537803680607,-0.013497837199787543,-9.45206130739643,659,32.70073109815969,67.2992689018403,-0.00939369050663945,-0.00024844364014161164,-0.2407898046649224,659,49.53031547466803,50.46968452533197,-0.090005067798307,-0.0056944213673139794,-2.3164125154513324,659,45.49974661008465,54.50025338991535,-0.11588062084735669,-0.004728725453245004,-2.9903992519613727,659,44.205968957632166,55.794031042367834,-0.27974153942503305,-0.013936992934364003,-7.468516202619789,659,36.01292302874835,63.98707697125165,-0.28855988314315545,-0.012783950723094316,-7.724976372106134,659,35.57200584284222,64.42799415715777,-0.32377411360839137,-0.01548872348531706,-8.77146166857877,659,33.81129431958043,66.18870568041956
SNGX,-0.06714551092166159,-0.009115516946081278,-1.724967407884135,659,46.64272445391692,53.35727554608308,-0.015279802966315788,-0.0014062653299455202,-0.3916978092945906,659,49.23600985168421,50.76399014831579,-0.015302810868576551,-0.0033690831295041697,-0.3922877550070562,659,49.23485945657117,50.76514054342883,0.030044654180408494,0.004266368611468402,0.7704527286558981,659,51.502232709020426,48.497767290979574,-0.04529825233448868,-0.007853286571802728,-1.1622783830541756,659,47.73508738327556,52.26491261672444,-0.056838061325577845,-0.008762464473042866,-1.459232806651033,659,47.158096933721104,52.841903066278896,-0.040261750447916175,-0.006702302657264605,-1.0328270901477226,659,47.98691247760419,52.01308752239581
SNOW,-0.31441255558341646,-0.011231771023708615,-8.489562074303405,659,34.279372220829174,65.72062777917083,0.03128314235081832,0.0007576069101587262,0.8022425036146054,659,51.56415711754092,48.43584288245908,-0.1636743176791994,-0.009482112331393719,-4.252651383890469,659,41.81628411604003,58.18371588395997,-0.32152148389600027,-0.012013932956583233,-8.70337143262956,659,33.923925805199985,66.07607419480001,-0.2231238832729627,-0.010178882454058836,-5.867020912662016,659,38.84380583635186,61.15619416364814,-0.25586377517886616,-0.010379581848808314,-6.784127448624536,659,37.20681124105669,62.79318875894331,-0.29938712955065383,-0.013114403741141019,-8.0428038140519,659,35.03064352246731,64.9693564775327
SNPS,-0.42228097701717043,-0.012057579722822055,-11.940792946097439,659,28.885951149141476,71.11404885085852,0.04959661939468477,0.0009600545170263304,1.2728275357460506,659,52.479830969734245,47.520169030265755,-0.168523752959961,-0.007803616940010931,-4.382279880179421,659,41.57381235200195,58.42618764799805,0.0031803406057442163,9.498589179933333e-05,0.0815189384059909,659,50.15901703028721,49.84098296971279,-0.3094356029271404,-0.011283259703932156,-8.340821007539285,659,34.52821985364298,65.47178014635702,-0.4134148485230863,-0.013405017624667646,-11.637733249775962,659,29.329257573845684,70.67074242615432,-0.4175982843620648,-0.014621246299433044,-11.780222091652913,659,29.12008578189676,70.87991421810324
SNTI,-0.07110502429923089,-0.010679426541628392,-1.827189701561005,659,46.444748785038456,53.555251214961544,-0.038582135688487264,-0.0039284307647032,-0.9896746153132571,659,48.07089321557564,51.92910678442436,0.0075431357976542684,0.001837281771474457,0.1933512423343143,659,50.37715678988272,49.62284321011728,0.042940750233859175,0.006745965525730444,1.1016739538429954,659,52.147037511692965,47.852962488307035,-0.042857126753423624,-0.008220086240152002,-1.099524585296193,659,47.857143662328816,52.142856337671184,-0.10334152544694152,-0.01762565258110371,-2.663109612593219,659,44.832923727652926,55.167076272347074,-0.06590385528578634,-0.012137396161526754,-1.6929288241212832,659,46.70480723571068,53.29519276428932
SNY,0.07246691301258776,0.0010756846230027242,1.8623692381934225,659,53.62334565062938,46.37665434937062,-0.1498648062176302,-0.0015080996920568371,-3.885214068379556,659,42.50675968911849,57.49324031088151,0.22736778301165095,0.005473313476110291,5.984637445503773,659,61.368389150582544,38.631610849417456,-0.04039445451566877,-0.0006271822990686257,-1.036236877218656,659,47.98027727421656,52.01972272578344,-0.030946164741893534,-0.000586621141909189,-0.7935925313354308,659,48.452691762905324,51.547308237094676,-0.08056935619918429,-0.0013581188788872817,-2.0718903486668516,659,45.97153219004079,54.02846780995921,-0.013972300598481275,-0.0002543198052137427,-0.3581731298465132,659,49.30138497007594,50.69861502992406
SO,0.3886662958718959,0.004102138780096542,10.81238368838474,659,69.43331479359479,30.56668520640521,-0.25422007309729727,-0.001818982423775777,-6.737523694501979,659,37.28899634513514,62.71100365486486,0.09886645504628667,0.001692227024100386,2.5466227285626535,659,54.94332275231434,45.05667724768566,-0.0550679433584505,-0.0006079378322562703,-1.4136471976332974,659,47.24660283207748,52.75339716792252,0.20320767597491485,0.002738919420010289,5.3196116200320525,659,60.16038379874574,39.83961620125426,0.10673828763541969,0.0012793117619133796,2.75163667375364,659,55.33691438177099,44.66308561822901,0.2505116434172326,0.0032421152311999965,6.632607317824891,659,62.525582170861625,37.474417829138375
SOFI,-0.5082361798865733,-0.018236644177602755,-15.126390177780305,659,24.588191005671334,75.41180899432867,0.0037765424331121134,9.186686816058887e-05,0.09680106838266261,659,50.18882712165561,49.81117287834439,-0.2520662812581525,-0.014667979592402746,-6.676551798109814,659,37.39668593709238,62.60331406290762,-0.17581465372599514,-0.006598743725933896,-4.577790103417519,659,41.209267313700245,58.790732686299755,-0.40242521876098875,-0.018440394767195174,-11.267612077472489,659,29.878739061950565,70.12126093804943,-0.3561827067961839,-0.014513590669106716,-9.770461882062214,659,32.190864660190805,67.80913533980919,-0.4419773583792393,-0.019446723137615196,-12.629250446882551,659,27.90113208103804,72.09886791896196
SONY,-0.1987952374115937,-0.0035471905462134273,-5.19929422872197,659,40.06023812942032,59.93976187057968,-0.04863789072925802,-0.0005883536758394014,-1.2481641921580264,659,47.568105463537094,52.431894536462906,0.08162135078971705,0.002361883742258872,2.099123291937789,659,54.08106753948585,45.91893246051415,-0.04910025006124255,-0.0009164084657129665,-1.2600579734670962,659,47.54498749693787,52.45501250306213,-0.19814960305343146,-0.004515204532908096,-5.18171703356676,659,40.092519847328425,59.907480152671575,-0.25892025142059083,-0.005246470757970848,-6.87095528419274,659,37.05398742897046,62.94601257102954,-0.24644592129732645,-0.005392215499303169,-6.517940428884836,659,37.67770393513368,62.32229606486632
SOUN,-0.3309182167389627,-0.02204613114155337,-8.988517587268698,659,33.45408916305186,66.54591083694814,-0.0039451607299349125,-0.00017818108881984172,-0.10112319111588991,659,49.80274196350326,50.19725803649674,-0.09490162100330587,-0.010253249796567828,-2.4435479884494185,659,45.2549189498347,54.7450810501653,-0.12017638047765569,-0.00837447666415327,-3.1028500665930743,659,43.991180976117214,56.008819023882786,-0.2398894401668231,-0.020409319331915563,-6.333794259443581,659,38.005527991658845,61.994472008341155,-0.2525519490473532,-0.019106675577991505,-6.690291318159839,659,37.37240254763235,62.62759745236765,-0.29418019487386515,-0.024032126719060364,-7.889542521516745,659,35.29099025630674,64.70900974369326
SOXL,-0.5768514492975896,-0.042266141960174905,-18.10109522995676,659,21.157427535120522,78.84257246487948,0.04619525664980374,0.002294622244273819,1.1853427747374385,659,52.30976283249019,47.69023716750981,-0.055249506779635214,-0.006564977181798474,-1.4183223532034146,659,47.237524661018234,52.762475338981766,0.4888799197065495,0.037467754385353914,14.364601293624577,659,74.44399598532748,25.556004014672524,-0.38732852986784055,-0.036242135980572215,-10.768586101409646,659,30.63357350660797,69.36642649339203,-0.5349793859624304,-0.04451315334502151,-16.2305170916326,659,23.251030701878477,76.74896929812152,-0.5564041935836619,-0.0499903384070842,-17.163986619213894,659,22.179790320816906,77.8202096791831
SOXS,0.5768076746438551,0.042842287232244196,18.099036708997772,659,78.84038373219275,21.15961626780725,-0.04824678318224801,-0.0024293784602203205,-1.2381039276768206,659,47.5876608408876,52.4123391591124,0.05380415310313773,0.0064808745436559815,1.3811091831890554,659,52.69020765515688,47.30979234484312,-0.48914932961701263,-0.038002303929828674,-14.375006126643155,659,25.54253351914937,74.45746648085063,0.3887125497916685,0.03687023107370594,10.813899449183703,659,69.43562748958342,30.564372510416575,0.5348817134314143,0.045115114376569045,16.226366162532752,659,76.74408567157072,23.255914328429284,0.5581579960707812,0.05083535163212006,17.24251407651685,659,77.90789980353907,22.092100196460933
SPGI,-0.08208631128439059,-0.0012296540016335134,-2.1111619514356743,659,45.89568443578047,54.10431556421953,-0.10898010405952009,-0.0011067374381563233,-2.81011649928879,659,44.550994797023996,55.449005202976004,-0.1178335521890339,-0.0028625781604050197,-3.0414999691712787,659,44.1083223905483,55.8916776094517,-0.3683622843077819,-0.005771838764933713,-10.1560134521277,659,31.581885784610908,68.4181142153891,-0.1890636336518197,-0.003616811429548081,-4.935086263930628,659,40.54681831740902,59.45318168259098,-0.2589851837634228,-0.0044056480535691524,-6.872802258057999,659,37.05074081182887,62.94925918817113,-0.19862970382159326,-0.0036485764036341102,-5.194786957318889,659,40.068514808920334,59.931485191079666
SPWR,-0.17465143652690265,-0.014899785079135001,-4.54654652869994,659,41.26742817365487,58.73257182634513,-0.02224123882634276,-0.0012863288532465236,-0.5702287392409076,659,48.88793805868286,51.11206194131714,0.00389396546227054,0.000538736168683837,0.09981092319906676,659,50.194698273113524,49.805301726886476,-0.04175587684747324,-0.0037260810363773517,-1.0712213776958828,659,47.912206157626336,52.087793842373664,-0.1300440645718287,-0.014167853443624588,-3.3618389362723686,659,43.49779677140857,56.50220322859143,-0.1285680633197039,-0.012455570888570239,-3.323036966657905,659,43.571596834014805,56.428403165985195,-0.15655598760027348,-0.016377386069966336,-4.062944655789732,659,42.17220061998633,57.82779938001367
SPXS,0.5811058930936368,0.01612114205725198,18.302286966160946,659,79.05529465468184,20.944705345318155,-0.0035451898274837562,-6.667533639379224e-05,-0.09087091654313492,659,49.82274050862581,50.17725949137419,0.18584711735850826,0.008361275832461221,4.848095659283665,659,59.292355867925416,40.707644132074584,-0.06788584208335381,-0.001969910888417875,-1.7440740797033558,659,46.60570789583231,53.39429210416769,0.5199431738632734,0.0184205284401529,15.601938630364124,659,75.99715869316367,24.00284130683633,0.672299218127711,0.021179993637307052,23.27820876905222,659,83.61496090638555,16.385039093614452,0.6709146297703652,0.02282311140405372,23.19094939384465,659,83.54573148851826,16.454268511481743
SPY,-0.5688306143184788,-0.005403009009159825,-17.7277517071584,659,21.55846928407606,78.44153071592393,0.0027317374296127257,1.759044712723335e-05,0.07002018574893847,659,50.13658687148064,49.86341312851936,-0.1832977531014518,-0.002823488786984407,-4.779263009120624,659,40.83511234492741,59.16488765507259,0.06671581766208237,0.0006628395117513571,1.713879079868015,659,53.33579088310412,46.66420911689588,-0.5193057592984555,-0.006299144160635101,-15.575742990073945,659,24.034712035077227,75.96528796492277,-0.6600316484880553,-0.0071193473757931456,-22.520084542267124,659,16.998417575597237,83.00158242440276,-0.6662581482905298,-0.007760010806003955,-22.900699051413252,659,16.68709258547351,83.31290741452649
SPYI,-0.5536632195524894,-0.004366530413625078,-17.041922189765916,659,22.31683902237553,77.68316097762447,0.024515881656799687,0.00013107610502259483,0.6285802797947766,659,51.22579408283998,48.77420591716002,-0.16142572407439454,-0.0020646182171634602,-4.192653188281105,659,41.92871379628027,58.07128620371973,0.06303544265198732,0.0005199989521479194,1.6189447876279712,659,53.15177213259936,46.84822786740064,-0.5222580772916398,-0.0052599505339115905,-15.697374884411094,659,23.887096135418012,76.112903864582,-0.6286295661653771,-0.005629998935602611,-20.718707925330985,659,18.568521691731142,81.43147830826885,-0.6623005379616497,-0.006404909332351234,-22.65780503496558,659,16.884973101917517,83.11502689808248
SQM,-0.23060767833094972,-0.00659490150657585,-6.0746703324884,659,38.469616083452514,61.530383916547486,0.0258105032099799,0.000500398752016734,0.6617955831867516,659,51.29052516049899,48.70947483950101,0.16869119299270746,0.007823537277332749,4.386761446453851,659,58.434559649635375,41.565440350364625,0.0836951927507614,0.0025035825172406113,2.152829533893074,659,54.18475963753807,45.81524036246193,-0.19115635683070967,-0.006981182221109167,-4.991772164347762,659,40.44218215846452,59.55781784153548,-0.15168503722614357,-0.004926063282897291,-3.9335076704410343,659,42.41574813869282,57.58425186130718,-0.25130428245675285,-0.008812548143972296,-6.655005737909488,659,37.434785877162355,62.565214122837645
SQQQ,0.6213998386685178,0.023601168774061317,20.32910976794235,659,81.06999193342588,18.930008066574118,-0.02973609992271215,-0.0007656522756630686,-0.762533251429093,659,48.51319500386439,51.48680499613561,0.14904173631897544,0.009180080131362362,3.86339002597222,659,57.452086815948775,42.547913184051225,-0.18831990199736232,-0.0074814441781985855,-4.914957538250252,659,40.58400490013189,59.41599509986811,0.4577450514619933,0.02220198020819898,13.196652865491588,659,72.88725257309967,27.112747426900327,0.6760003384653858,0.02915627123332781,23.513661881929906,659,83.80001692326928,16.199983076730717,0.6540973560023836,0.03046294110730182,22.164993273969394,659,82.70486780011919,17.29513219988081
SRFM,-0.208231094743627,-0.018056552119830777,-5.457001108054274,659,39.58844526281865,60.41155473718135,-0.022033671757354274,-0.0012952730054134904,-0.5649044643706637,659,48.89831641213229,51.10168358786771,-0.01227871203504769,-0.0017267054269540733,-0.31475181279671294,659,49.38606439824761,50.61393560175239,-0.002450100766016962,-0.00022222864358801422,-0.06280119886164827,659,49.877494961699156,50.122505038300844,-0.11098293699094393,-0.012289978857732706,-2.862398895448846,659,44.4508531504528,55.5491468495472,-0.16455858681699043,-0.016204382515447025,-4.276264532242672,659,41.77207065915048,58.22792934084952,-0.15883282929106737,-0.016888713886871336,-4.123551324890644,659,42.05835853544663,57.94164146455337
SRPT,-0.1646658770002299,-0.008157154021720315,-4.279130283448519,659,41.76670614998851,58.23329385001149,-0.03445631366498544,-0.0011571484000139573,-0.883709361274204,659,48.27718431675073,51.72281568324927,-0.07472640654310064,-0.006003235018670684,-1.9207583914602653,659,46.26367967284497,53.73632032715503,-0.05427385984174042,-0.002812241455046339,-1.393201642095143,659,47.28630700791298,52.71369299208702,-0.12164630144023543,-0.007695549552384469,-3.1413687013079166,659,43.917684927988226,56.082315072011774,-0.15627396272227734,-0.008791123272840836,-4.055442151423248,659,42.186301863886136,57.813698136113864,-0.16012273213479775,-0.009726466732690654,-4.1579167994912325,659,41.99386339326011,58.00613660673989
SRRK,-0.06553925882754241,-0.009297880444737755,-1.6835226065643107,659,46.72303705862288,53.27696294137712,0.016484546140545703,0.0015854210573160623,0.42258949308489435,659,50.82422730702728,49.17577269297272,-0.007192995983623135,-0.0016548873871303626,-0.1843757236594985,659,49.640350200818844,50.359649799181156,0.03045519787182242,0.004519295127163425,0.7809902497455617,659,51.52275989359112,48.47724010640888,-0.03461211669268706,-0.006270703551043217,-0.887710061032688,659,48.26939416536565,51.73060583463435,0.0032800185880663664,0.0005284226572736567,0.08407392556025316,659,50.164000929403315,49.835999070596685,-0.028790087965242815,-0.005008324806200785,-0.7382538795736086,659,48.560495601737856,51.439504398262144
SSYS,-0.3215821481310215,-0.010479045654603182,-8.705202962856127,659,33.920892593448926,66.07910740655107,-0.07060848356498567,-0.001559810648115618,-1.8143659085653543,659,46.469575821750716,53.530424178249284,-0.0932954846233515,-0.004930223663394041,-2.401826561269397,659,45.33522576883243,54.66477423116757,-0.026359277597292695,-0.0008984422158968144,-0.6758761436093775,659,48.682036120135365,51.317963879864635,-0.233917893031491,-0.009734169914957437,-6.166877730634013,659,38.30410534842545,61.69589465157455,-0.2525946366327002,-0.009347094196298136,-6.691499206071354,659,37.37026816836499,62.62973183163501,-0.2617082455602756,-0.01045717243482673,-6.950348978292666,659,36.91458772198622,63.08541227801378
STCE,-0.5422532586880853,-0.020162562734566368,-16.542242249627762,659,22.887337065595737,77.11266293440426,0.03190598146256754,0.0008042681406552698,0.8182310575823913,659,51.59529907312837,48.40470092687163,-0.1836106958011962,-0.011071787294622128,-4.787707034215134,659,40.819465209940184,59.180534790059816,-0.04254343403655415,-0.001654637830643871,-1.0914619689861738,659,47.872828298172294,52.127171701827706,-0.3831286467087001,-0.01819256207498581,-10.63160226243638,659,30.843567664564997,69.156432335435,-0.38035736623470284,-0.01606046393423566,-10.541638087431904,659,30.982131688264857,69.01786831173514,-0.47495115285615613,-0.021655068911647146,-13.833846661172334,659,26.252442357192194,73.7475576428078
STEM,-0.28252341772071854,-0.022375941846063983,-7.549194571083691,659,35.87382911396407,64.12617088603594,-0.03304300785120663,-0.0017741553397576139,-0.8474214993596038,659,48.34784960743967,51.65215039256033,-0.12557154812935295,-0.016128512612857967,-3.244331625084829,659,43.72142259353235,56.27857740646765,-0.022011341353016436,-0.0018234767412594753,-0.5643316745495786,659,48.89943293234918,51.10056706765082,-0.16240836331532355,-0.016426345069384122,-4.218864192044508,659,41.879581834233825,58.120418165766175,-0.20039926878651734,-0.01802377261605211,-5.242994050896467,659,39.98003656067413,60.01996343932587,-0.17673853060343414,-0.017164263621753433,-4.602619178670621,659,41.16307346982829,58.83692653017171
STGW,-0.20423406186296555,-0.006412267527847464,-5.34764701919246,659,39.78829690685172,60.21170309314828,-0.09434314833788864,-0.0020080707927814627,-2.4290387871126096,659,45.28284258310557,54.71715741689443,-0.13237128146123428,-0.0067398996137636984,-3.423064443505676,659,43.38143592693828,56.61856407306172,-0.18324680146692796,-0.0060179241195084335,-4.777888341114184,659,40.8376599266536,59.1623400733464,-0.20399988219275053,-0.008179354927393004,-5.341248860663004,659,39.80000589036247,60.19999410963753,-0.26214998041355947,-0.009346650041358984,-6.962945331066612,659,36.89250097932203,63.10749902067797,-0.21447659018730442,-0.008257154635351264,-5.628445189079741,659,39.276170490634776,60.723829509365224
STLA,-0.2495466825810982,-0.0070395087141521505,-6.6053586256695676,659,37.52266587094509,62.47733412905491,-0.08093902854120401,-0.00154786732807234,-2.081459243275005,659,45.9530485729398,54.0469514270602,0.10972511831704782,0.00501964269024193,2.829560435505433,659,55.48625591585239,44.51374408414761,0.027649179460499697,0.0008158299474939016,0.7089751280428118,659,51.38245897302498,48.61754102697502,-0.24249064352764388,-0.00873556933082619,-6.40674010206995,659,37.875467823617804,62.124532176382196,-0.31397041210664745,-0.010057776183106082,-8.476317023101736,659,34.30147939466763,65.69852060533236,-0.26415264937270116,-0.009137188485080187,-7.020111835227887,659,36.792367531364945,63.207632468635055
STM,-0.3829800482227206,-0.012248623608967866,-10.626769807193133,659,30.850997588863972,69.14900241113602,-0.034402331628682274,-0.0007459061941144052,-0.8823232292069374,659,48.27988341856589,51.72011658143411,0.061371050651062124,0.003183104484245987,1.576034252111292,659,53.068552532553106,46.931447467446894,0.30713622988522404,0.010274697267487141,8.272359150205785,659,65.35681149426121,34.64318850573879,-0.27828437123700134,-0.011365947224034506,-7.426337915664823,659,36.08578143814994,63.91421856185006,-0.425851077239701,-0.015466483546088178,-12.063992923091307,659,28.707446138014948,71.29255386198506,-0.37009825922508244,-0.014514271580320367,-10.211451185751182,659,31.49508703874588,68.50491296125412
STNE,-0.28141631484057816,-0.008045761332975352,-7.517062402456075,659,35.929184257971094,64.07081574202891,-0.05573561728276725,-0.001080278879244393,-1.4308401201959864,659,47.21321913586164,52.78678086413836,0.021936379190902605,0.0010170891349762265,0.5624088510802645,659,51.09681895954513,48.90318104045487,-0.06710754714955955,-0.0020068554174268124,-1.7239877057519086,659,46.64462264252202,53.35537735747798,-0.23156014305339695,-0.008454488972038718,-6.101178624420692,659,38.42199284733015,61.57800715266985,-0.310919535153645,-0.010094587518431081,-8.385089603292405,659,34.45402324231775,65.54597675768224,-0.270023931927179,-0.009466451054708657,-7.188274913415029,659,36.49880340364105,63.50119659635895
STX,-0.3392519577419334,-0.011333065247727364,-9.243915350743075,659,33.03740211290333,66.96259788709668,0.04045574044833006,0.000916200188329427,1.037811617490183,659,52.02278702241651,47.97721297758349,0.00974832267314209,0.0005281181811999042,0.24988098964135919,659,50.487416133657106,49.512583866342894,0.3429508165530793,0.01198350092589858,9.358053683762936,659,67.14754082765396,32.852459172346045,-0.2401951340823013,-0.010246956923289538,-6.342359323251082,659,37.99024329588494,62.00975670411506,-0.3074136433823367,-0.011661941501442051,-8.280610377013707,659,34.62931783088317,65.37068216911683,-0.35237735923545116,-0.014434444865428202,-9.651186855766174,659,32.38113203822744,67.61886796177257
STZ,0.09686950559025134,0.0014871759436145748,2.494692568427248,659,54.84347527951257,45.15652472048743,-0.07713253181646869,-0.0008027827859319722,-1.9829694885124967,659,46.14337340917656,53.85662659082344,0.03542250007285936,0.0008819230118531012,0.9085200831650702,659,51.77112500364297,48.22887499635703,-0.03927554615285764,-0.0006307022022289455,-1.0074886002890433,659,48.036222692357114,51.963777307642886,-0.08302768794418885,-0.00162781067316916,-2.1355401362524455,659,45.84861560279055,54.15138439720945,-0.066023683668139,-0.0011510593416204091,-1.6960204229384896,659,46.69881581659305,53.30118418340695,-0.04805502279646549,-0.0009046511071025111,-1.233171579694256,659,47.59724886017673,52.40275113982327
SU,-0.1480121167965666,-0.0024668221932679815,-3.836100790500979,659,42.59939416017167,57.40060583982833,0.36613564687311617,0.004136831071986322,10.085086378173427,659,68.30678234365581,31.69321765634419,0.029853783738111372,0.0008068933866800772,0.7655537455337915,659,51.49268918690557,48.50731081309443,0.009215546216402337,0.000160652875999298,0.23622301514963198,659,50.46077731082011,49.53922268917989,-0.2867974938284693,-0.006104099552619069,-7.6735531087724915,659,35.66012530857653,64.33987469142346,0.15437548332335238,0.0029217402366501334,4.004964629735577,659,57.71877416616762,42.28122583383238,-0.274936139117512,-0.005618746903564852,-7.329631973534465,659,36.2531930441244,63.7468069558756
SVXY,-0.5107781749352067,-0.011157021858173913,-15.228662220611932,659,24.461091253239665,75.53890874676034,0.03987574876458778,0.0005904865350744035,1.0229092152748436,659,51.99378743822939,48.00621256177061,-0.1447727061563444,-0.005128363974556966,-3.750325542934213,659,42.76136469218278,57.23863530781722,0.012050768696576031,0.00027533254461627394,0.308907869405782,659,50.6025384348288,49.3974615651712,-0.5359927699995536,-0.01495135530598596,-16.273638213589507,659,23.20036150002232,76.79963849997768,-0.5758892829609281,-0.014284914404023425,-18.055902745876928,659,21.205535851953595,78.7944641480464,-0.629105998834671,-0.01685026910784339,-20.74468932661024,659,18.54470005826645,81.45529994173356
SWK,-0.2889613907746773,-0.006841293753790591,-7.736703574819696,659,35.55193046126613,64.44806953873388,-0.1752934014163315,-0.0028135146690907026,-4.5637870255762625,659,41.23532992918342,58.76467007081658,-0.05245470140919721,-0.0020139980016980062,-1.3463730416003208,659,47.37726492954014,52.62273507045986,0.0299583416755957,0.0007418960099297802,0.7682373752079893,659,51.49791708377979,48.50208291622021,-0.32435986277122175,-0.009806887799950313,-8.78919433202445,659,33.782006861438916,66.21799313856108,-0.32133884369835836,-0.008639415083029647,-8.697858014796822,659,33.93305781508208,66.06694218491792,-0.2934755231559115,-0.008519956317688093,-7.868860692098563,659,35.32622384220442,64.67377615779557
SWKS,-0.316223340389813,-0.009151046141910289,-8.5438708857856,659,34.18883298050935,65.81116701949065,0.031086783047086154,0.0006098707452374778,0.7972020687498765,659,51.55433915235431,48.44566084764569,-0.08473178350030089,-0.003976485172162574,-2.1796846170619486,659,45.76341082498496,54.23658917501504,0.15459996667696757,0.0046796466871616375,4.010930900717645,659,57.72999833384838,42.27000166615162,-0.2951818915004276,-0.01090868028036177,-7.918966166076539,659,35.24090542497862,64.75909457502138,-0.322207980404506,-0.010588533375534646,-8.72410461854985,659,33.889600979774706,66.11039902022529,-0.3487295390775317,-0.01237464137947898,-9.5373626266536,659,32.563523046123414,67.43647695387659
SYK,0.01093726499643173,0.00015824767672114996,0.2803608686920694,659,50.546863249821584,49.453136750178416,-0.15334297092855945,-0.0015041033449053277,-3.9775309003829213,659,42.332851453572026,57.667148546427974,-0.06901383957561835,-0.001619351002051088,-1.7731913270221216,659,46.54930802121908,53.45069197878092,-0.13537722851855818,-0.002048807111301614,-3.5022317361650392,659,43.23113857407209,56.76886142592791,-0.14173041018744553,-0.002618769841904442,-3.669881845166508,659,42.91347949062773,57.08652050937227,-0.24049276994590488,-0.00395142120815307,-6.350700537030569,659,37.97536150270476,62.02463849729524,-0.14747655401531012,-0.0026164874266020608,-3.821911178871251,659,42.6261722992345,57.3738277007655
SYM,-0.39534836178768923,-0.020658832274845256,-11.032366680764818,659,30.23258191061554,69.76741808938446,0.0074909472827761545,0.00026536751814241035,0.19201343234445367,659,50.37454736413881,49.62545263586119,-0.17036342751670683,-0.014437047702027007,-4.431540660356073,659,41.481828624164656,58.518171375835344,-0.002196398381127015,-0.00012005044854394118,-0.056298243779872,659,49.890180080943644,50.109819919056356,-0.29254456167036014,-0.019521965189859027,-7.841558861950267,659,35.372771916481994,64.627228083518,-0.2957351135087074,-0.017548961157981744,-7.935228655784228,659,35.21324432456463,64.78675567543537,-0.3434873090692988,-0.0220091659324507,-9.374649373385916,659,32.825634546535056,67.17436545346494
SYNA,-0.44263988658372094,-0.01437949368997034,-12.652790580690876,659,27.868005670813957,72.13199432918604,0.00831159898327842,0.0001830470885912266,0.2130503576998177,659,50.41557994916393,49.58442005083607,-0.09118797518506673,-0.004804042239724152,-2.3471099745582866,659,45.440601240746666,54.559398759253334,0.22762907841292282,0.007734774106453886,5.9918907178088485,659,61.381453920646145,38.618546079353855,-0.3587080821465524,-0.01488126633272635,-9.849924102372729,659,32.06459589267238,67.93540410732763,-0.3806652741436,-0.014042971130531457,-10.551617236721594,659,30.966736292819995,69.03326370718,-0.4220509271473463,-0.016812216349404066,-11.932877514944183,659,28.897453642632687,71.10254635736732
T,0.25917582567937114,0.00365976209559294,6.878225566427496,659,62.95879128396855,37.04120871603145,-0.10407497645624231,-0.0009962994283681248,-2.68221686738713,659,44.796251177187884,55.203748822812116,0.016115853119139715,0.0003690522529200466,0.4131353816204506,659,50.805792655956985,49.194207344043015,-0.1376198914149809,-0.002032667862581211,-3.5613605345640487,659,43.119005429250954,56.880994570749046,0.06491469911412308,0.00117059614953931,1.6674111730519705,659,53.24573495570616,46.75426504429384,0.04173678460449862,0.0006692679777848725,1.0707307230312724,659,52.08683923022493,47.91316076977507,0.1295655806502739,0.002243443169552034,3.3492577989452332,659,56.4782790325137,43.5217209674863
TAN,-0.29888353679115176,-0.007042182646128624,-8.027946874940342,659,35.055823160442415,64.94417683955758,-0.10953901123765901,-0.001749682722036992,-2.8247028235750724,659,44.52304943811705,55.47695056188295,0.10375469467161755,0.003964507501991421,2.6738726109042905,659,55.187734733580875,44.812265266419125,0.11785468604726626,0.0029045509046497922,3.042053155711427,659,55.89273430236331,44.10726569763669,-0.1879175723053961,-0.005654293696748165,-4.904072342711486,659,40.6041213847302,59.3958786152698,-0.2610507696967307,-0.006984783719913906,-6.931609312223769,659,36.94746151516347,63.05253848483653,-0.2545498216936964,-0.007354364504460959,-6.746868007938335,659,37.272508915315186,62.727491084684814
TATT,-0.252497212802547,-0.00885050506468235,-6.688742562435188,659,37.37513935987265,62.62486064012735,0.007054298600699916,0.0001676295198924728,0.18082036014430958,659,50.35271493003499,49.64728506996501,-0.03886390301911502,-0.002209195126239634,-0.9969131536462084,659,48.05680484904425,51.94319515095575,0.01766012002963564,0.0006474883569234165,0.45273499999294586,659,50.88300600148178,49.11699399851822,-0.1496277788981484,-0.006697756807366709,-3.878928344993983,659,42.51861105509258,57.48138894490742,-0.13600213380090695,-0.005413521707822346,-3.5187020865185645,659,43.19989330995465,56.80010669004535,-0.188817850743522,-0.008115617671769285,-4.9284332999148015,659,40.5591074628239,59.4408925371761
TCEHY,-0.19719111082575436,-0.004110099127594597,-5.1556353191791615,659,40.14044445871228,59.85955554128772,0.01774816946999712,0.0002507862523693596,0.45499294574134885,659,50.88740847349985,49.11259152650015,0.31572500301326184,0.010672106123012594,8.528914509937389,659,65.7862501506631,34.21374984933691,0.04189457202645954,0.0009133759394494606,1.0747857630320659,659,52.094728601322984,47.905271398677016,-0.14398252431133374,-0.0038324846581186366,-3.7294213920202997,659,42.800873784433314,57.199126215566686,-0.18330887574734095,-0.004338815176668725,-4.779563101857634,659,40.834556212632954,59.165443787367046,-0.21712234447210652,-0.005549278810972238,-5.70129007478576,659,39.143882776394676,60.856117223605324
TD,-0.3010318414096752,-0.003348805386689905,-8.091377457184176,659,34.94840792951624,65.05159207048376,-0.044825040574427065,-0.0003380518846853499,-1.1501119755932667,659,47.758747971278645,52.241252028721355,0.01575185602827301,0.0002841746962014802,0.40380184966462207,659,50.78759280141365,49.21240719858635,0.0063587433052379955,7.399044064418482e-05,0.1629906750309253,659,50.317937165261895,49.682062834738105,-0.29845446835516815,-0.004239954914445451,-8.015294355741156,659,35.07727658224159,64.92272341775842,-0.2605692196079018,-0.003291722989226169,-6.917890529526429,659,36.97153901960491,63.02846098039509,-0.2894284040307664,-0.003948077662315943,-7.750349665084006,659,35.52857979846168,64.47142020153832
TDY,-0.3120386582248835,-0.0045999520833512435,-8.418520105086746,659,34.39806708875582,65.60193291124418,-0.03383692548344418,-0.0003381590359955597,-0.8678053879390285,659,48.30815372582779,51.69184627417221,-0.15958650502754818,-0.0038151996185158622,-4.143628041956305,659,42.02067474862259,57.97932525137741,0.0775338002941019,0.0011955364545395658,1.9933477671974302,659,53.8766900147051,46.1233099852949,-0.30080124782302264,-0.00566278689458432,-8.084562514270505,659,34.95993760884887,65.04006239115114,-0.24741744582727568,-0.004141883880813945,-6.5453070370018525,659,37.62912770863622,62.37087229136378,-0.33083877746722223,-0.005980374433355829,-8.98609459043156,659,33.45806112663889,66.54193887336112
TEAM,-0.24904857412288695,-0.009460047318006173,-6.591301191281135,659,37.547571293855654,62.452428706144346,0.021647350383727535,0.0005574413638722537,0.5549951810314951,659,51.08236751918638,48.91763248081362,-0.16955694507838318,-0.01044482165032439,-4.409939721355613,659,41.52215274608084,58.47784725391916,-0.4927042376367245,-0.0195759295134669,-14.512809086082916,659,25.364788118163773,74.63521188183623,-0.19736802310247964,-0.009573962431745917,-5.160448152543995,659,40.13159884487602,59.86840115512398,-0.214024017094389,-0.009231971481170864,-5.61599767101141,659,39.29879914528055,60.70120085471945,-0.2284998770461214,-0.010642956390616775,-6.01607299445156,659,38.57500614769393,61.42499385230607
TEL,-0.43383541515052854,-0.007841831084847845,-12.342032486084083,659,28.30822924247357,71.69177075752643,-0.02091979183377987,-0.00025635101183980907,-0.536333712103843,659,48.95401040831101,51.04598959168899,-0.049197046976989796,-0.0014421409637180643,-1.262548090301817,659,47.54014765115051,52.45985234884949,0.14672707573218122,0.002774147762055165,3.802059692180401,659,57.33635378660906,42.66364621339094,-0.36207267756032663,-0.008357837326114914,-9.956179000159244,659,31.896366121983664,68.10363387801634,-0.4256107145846009,-0.008736303801030328,-12.055676814215445,659,28.719464270769958,71.28053572923004,-0.43426859240048993,-0.009625381802854233,-12.357218234857658,659,28.286570379975508,71.7134296200245
TELO,-0.15155141419999577,-0.011723405831604727,-3.8514143250074797,633,42.42242929000021,57.57757070999979,0.006592123652143373,0.00034593317397966085,0.16559585478249497,633,50.329606182607165,49.670393817392835,-0.06952992382603872,-0.008786339756954926,-1.7508089491373728,633,46.52350380869807,53.47649619130193,-0.027503052319473482,-0.002224950547783603,-0.6911302322636835,633,48.624847384026324,51.375152615973676,-0.0913589923814087,-0.009048663046312713,-2.304549275324566,633,45.43205038092957,54.56794961907043,-0.08118674387083567,-0.007206186339418104,-2.0461422402011187,633,45.940662806458214,54.059337193541786,-0.09897845815469432,-0.009413240441311798,-2.498579583515242,633,45.05107709226529,54.94892290773471
TEM,-0.36912287252769965,-0.020660102834266232,-9.280549129953327,548,31.54385637361502,68.45614362638497,-0.024504942739615447,-0.0009514585886624329,-0.5727702439253499,548,48.77475286301923,51.22524713698077,-0.22946725021682696,-0.02095207006806272,-5.508876030062295,548,38.52663748915865,61.47336251084135,-0.12009089245010574,-0.007061905680748556,-2.8265772175825794,548,43.995455377494714,56.004544622505286,-0.2589282756081789,-0.018336878390110486,-6.263905323506117,548,37.053586219591054,62.946413780408946,-0.30495754037331396,-0.020085289492147378,-7.482243521150819,548,34.752122981334296,65.2478770186657,-0.3105910770685872,-0.021216880874983336,-7.635073859715298,548,34.470446146570644,65.52955385342935
TENB,-0.25830262229177325,-0.006904899606433202,-6.853392063803254,659,37.08486888541134,62.91513111458866,-0.031479811935870836,-0.0005704871655023391,-0.8072909964282803,659,48.42600940320646,51.57399059679354,-0.2212823770930207,-0.009592936679503046,-5.816094658246408,659,38.935881145348965,61.064118854651035,-0.4197482841412843,-0.011736654734819203,-11.853803436137241,659,29.012585792935784,70.98741420706422,-0.21037209524615588,-0.007181619056588988,-5.515693463802457,659,39.481395237692205,60.518604762307795,-0.2540790880915967,-0.00771294384301894,-6.73352927200307,659,37.29604559542017,62.70395440457983,-0.23996205714809765,-0.007865714749167694,-6.3358286921424005,659,38.00189714259512,61.99810285740488
TEO,-0.21557029427660995,-0.0074688222904844585,-5.658542007532824,659,39.2214852861695,60.7785147138305,-0.017808833135056254,-0.00041829615454247416,-0.4565486149906812,659,49.10955834324719,50.89044165675281,0.05937710559068656,0.003336248806556738,1.5246446854417055,659,52.96885527953433,47.03114472046567,0.01445436524985996,0.0005238284503997459,0.3705331620162115,659,50.722718262493,49.277281737507,-0.1523561997091935,-0.006741072867811667,-3.9513249776392496,659,42.38219001454032,57.61780998545968,-0.22619254470662709,-0.008899470995941667,-5.952030949896189,659,38.690372764668645,61.309627235331355,-0.2278350801468896,-0.009679454180691981,-5.997610061112202,659,38.60824599265552,61.39175400734448
TER,-0.4655450686004861,-0.017415792384002406,-13.48308529379958,659,26.722746569975698,73.2772534300243,0.039214398790238095,0.0009945171231482497,1.0059176424923137,659,51.960719939511904,48.039280060488096,-0.0391359150541534,-0.0023742869044714493,-1.003901306582266,659,48.04320424729233,51.95679575270767,0.44624958949731086,0.01746168637536271,12.781501032961728,659,72.31247947486554,27.68752052513446,-0.31569524304265506,-0.015081871104777374,-8.528021585547748,659,34.21523784786725,65.78476215213274,-0.3960329756617401,-0.016824243718627854,-11.05502124569404,659,30.198351216912993,69.801648783087,-0.4228556369645831,-0.019397273769842207,-11.960577808774454,659,28.857218151770848,71.14278184822915
TEVA,-0.14502001179187204,-0.0037086284434901338,-3.756869482904603,659,42.7489994104064,57.2510005895936,-0.016373062008800825,-0.000283857576870195,-0.41973077326428476,659,49.181346899559955,50.818653100440045,0.01647410116890241,0.0006832243147155371,0.4223216583587234,659,50.82370505844512,49.17629494155488,0.030763695308204702,0.0008229069609214609,0.7889087857571847,659,51.538184765410236,48.461815234589764,-0.1618339915236895,-0.005285192540252177,-4.2035417896087,659,41.908300423815525,58.091699576184475,-0.15387033715051981,-0.0044685126117998885,-3.991541283858419,659,42.30648314247401,57.69351685752599,-0.18798656342191214,-0.00589493825005904,-4.9059387438236195,659,40.600671828904396,59.399328171095604
TFC,-0.39023655268607005,-0.006424389050011929,-10.86389567321731,659,30.4881723656965,69.5118276343035,0.006695744474365136,7.472879066087573e-05,0.17162924496957804,659,50.33478722371826,49.66521277628174,-0.26499244435286706,-0.007074790341159124,-7.044112906969158,659,36.750377782356644,63.249622217643356,-0.11597114075633293,-0.001997011941505543,-2.9927670287202037,659,44.20144296218335,55.79855703781665,-0.5531431033825621,-0.011629125769573218,-17.01885028954323,659,22.342844830871893,77.6571551691281,-0.3619622429753687,-0.006766901445530559,-9.952684375096888,659,31.901887851231564,68.09811214876844,-0.419413188791394,-0.008466677793696465,-11.84231930274148,659,29.0293405604303,70.9706594395697
TGT,-0.11766678184303765,-0.0024881313124848607,-3.0371348407627248,659,44.116660907848114,55.883339092151886,-0.041985238340876155,-0.000601867980933106,-1.0771158681474216,659,47.90073808295619,52.09926191704381,-0.07796815847734624,-0.0026737013420733906,-2.004582965962411,659,46.10159207613268,53.89840792386732,-0.08307319663459593,-0.0018374147113542037,-2.136718788880466,659,45.8463401682702,54.1536598317298,-0.2543741791505681,-0.006869072890716446,-6.741890391108869,659,37.2812910424716,62.7187089575284,-0.1933219540040531,-0.004642194054420953,-5.050506411793487,659,40.333902299797344,59.666097700202656,-0.21459030763547735,-0.005564121261227278,-5.631573457626304,659,39.270484618226135,60.729515381773865
THC,-0.05973671448767071,-0.0015267313962229157,-1.5339114452859608,659,47.01316427561647,52.98683572438353,-0.08242244771707674,-0.0014280782585739142,-2.1198659892458322,659,45.87887761414616,54.12112238585384,-0.0465237755941954,-0.0019282904590909628,-1.1937905956331993,659,47.67381122029023,52.32618877970977,-0.007588503547658326,-0.00020286367621551865,-0.19451420886618367,659,49.62057482261709,50.37942517738291,-0.11831758265193316,-0.0038616798911240767,-3.054170697999,659,44.08412086740334,55.91587913259666,-0.16080699293936204,-0.004667119581526666,-4.1761556754193885,659,41.9596503530319,58.0403496469681,-0.1356392068866624,-0.004250828742160762,-3.5091360638499545,659,43.21803965566688,56.78196034433312
THD,-0.20765488555431827,-0.0027619146464167633,-5.441219234180322,659,39.617255722284085,60.382744277715915,-0.09993228696733962,-0.000901071226952416,-2.5743520906000055,659,45.003385651633025,54.996614348366975,0.2439126847533403,0.005261125753333327,6.446680500996142,659,62.19563423766702,37.80436576233298,0.09896867072353645,0.0013768691931752186,2.5492816514166066,659,54.94843353617682,45.05156646382318,-0.16434825929430583,-0.002791508066424951,-4.270647077077677,659,41.782587035284706,58.217412964715294,-0.21668841175328174,-0.0032728528539527277,-5.689333727589015,659,39.165579412335916,60.834420587664084,-0.24699757253692547,-0.004028356037030968,-6.533477167500479,659,37.65012137315373,62.34987862684627
TIP,0.29592817013705025,0.0007677853034172911,7.940905798021973,659,64.79640850685252,35.203591493147485,-0.5821046120268059,-0.0010238579860583287,-18.34984235918883,659,20.894769398659708,79.1052306013403,0.10924548298323938,0.00045965625191805973,2.8170420045176003,659,55.46227414916197,44.53772585083803,-0.0686614579537004,-0.00018633453461263554,-1.764094494168707,659,46.56692710231498,53.43307289768502,0.4745545493615308,0.0015723358115648182,13.8189353845744,659,73.72772746807654,26.272272531923463,-0.06645626314217218,-0.0001957997338415609,-1.7071816834697193,659,46.677186842891395,53.322813157108605,0.4348662366257233,0.0013834906835258494,12.378186995959858,659,71.74331183128618,28.256688168713822
TLT,0.4280747814619328,0.0031851686534134322,12.141077463307878,659,71.40373907309665,28.596260926903355,-0.8632961172030619,-0.004354695301457261,-43.84409477955251,659,6.835194139846906,93.1648058601531,0.12102032923172096,0.0014603175875580554,3.1249628250397827,659,56.051016461586045,43.948983538413955,-0.044288153662254366,-0.0003446888305660921,-1.1363094009561618,659,47.78559231688728,52.21440768311272,0.5259664023530715,0.004997772365487562,15.851254548904448,659,76.29832011765357,23.701679882346426,-0.12894454656365895,-0.0010895281676263837,-3.332932030237001,659,43.55277267181705,56.44722732818295,0.48208078413547123,0.004398450136795925,14.1037809767202,659,74.10403920677356,25.895960793226436
ELWS.TA,-0.04697046349995046,-0.0019957236148428507,-0.9952758302446374,450,47.651476825002476,52.348523174997524,0.12632236934358523,0.0034237515178433446,2.6953322450561785,450,56.316118467179265,43.683881532820735,0.02235830649443619,0.0014921760567498622,0.47335447805724634,450,51.11791532472181,48.88208467527819,0.032504601978096646,0.0013204072429517958,0.6883564837242412,450,51.62523009890483,48.37476990109517,-0.14606355938040802,-0.008012201734959855,-3.1250988660097767,450,42.6968220309796,57.3031779690204,0.016509904450394793,0.0007602347673784482,0.34949644634458654,450,50.825495222519734,49.174504777480266,-0.13140973844304885,-0.006983278136545324,-2.8057509826216895,450,43.42951307784756,56.57048692215244
TM,-0.2904402753639522,-0.004925517385946808,-7.779937207523533,659,35.47798623180239,64.52201376819761,0.0006458053935196266,7.4247507701914815e-06,0.01655329455483085,659,50.03229026967598,49.96770973032402,0.14946217376217336,0.004110574342509707,3.874537071261175,659,57.47310868810867,42.52689131189133,0.026693795510709894,0.0004735133106352761,0.684459568733825,659,51.334689775535495,48.665310224464505,-0.3185435070337733,-0.006898734836110444,-8.613608780648637,659,34.07282464831133,65.92717535168867,-0.29010263008820997,-0.005586880428408141,-7.770061156429589,659,35.49486849558951,64.50513150441049,-0.34155936102037815,-0.007102778506064215,-9.315059136422063,659,32.922031948981086,67.07796805101891
TMC,-0.17501944434359468,-0.010619416748401552,-4.556428949167857,659,41.24902778282027,58.75097221717973,-0.015908359079591015,-0.0006543723569702559,-0.4078148459912617,659,49.20458204602045,50.79541795397955,-0.024433718160222568,-0.0024042527430890607,-0.6264723704025635,659,48.778314091988875,51.221685908011125,0.03207816215830354,0.002035873026059236,0.8226511793331728,659,51.603908107915174,48.396091892084826,-0.09777284294479689,-0.007575970694168264,-2.5181798188779707,659,45.11135785276015,54.88864214723985,-0.156833112962399,-0.010806245271884432,-4.070317814268603,659,42.158344351880054,57.841655648119946,-0.15819726463444922,-0.011770106611798949,-4.106626647529084,659,42.09013676827754,57.90986323172246
TMF,0.4298294180502062,0.009440868439349926,12.20209223447913,659,71.49147090251031,28.508529097489685,-0.8631896652270952,-0.012853080798353197,-43.822881521538264,659,6.840516738645242,93.15948326135475,0.12099180017022643,0.0043097089783836395,3.1242152076256344,659,56.049590008511316,43.950409991488684,-0.04305016574301681,-0.0009890482609004345,-1.1044862881637367,659,47.84749171284916,52.15250828715084,0.5268939658227886,0.0147789885800445,15.889938878155636,659,76.34469829113944,23.655301708860563,-0.12676211641561977,-0.003161753334935648,-3.2755917128509813,659,43.66189417921901,56.33810582078099,0.4848292759469396,0.013057851013190966,14.208808881107727,659,74.24146379734697,25.758536202653033
TMO,-0.1767546658457791,-0.003051653544674481,-4.603052922639777,659,41.16226670771105,58.83773329228895,-0.0924863980831133,-0.0010824987448435318,-2.3808166991001958,659,45.37568009584433,54.62431990415567,-0.04160045502079079,-0.0011647658174510137,-1.067227200952736,659,47.91997724896046,52.08002275103954,-0.080671438841383,-0.0014568370861984114,-2.074532651254377,659,45.966428057930855,54.033571942069145,-0.22282149585430078,-0.00491277759614645,-5.858653968980443,659,38.85892520728496,61.14107479271504,-0.22695924199152379,-0.004449742767821268,-5.973299528117257,659,38.65203790042381,61.34796209957619,-0.2278241963824114,-0.004823155339977753,-5.99730786772321,659,38.60879018087943,61.39120981912057
TMUS,0.18370718181297266,0.00292718158657822,4.790310786745298,659,59.18535909064864,40.81464090935136,-0.03365977050451217,-0.0003635966524173064,-0.8632567807627232,659,48.31701147477439,51.68298852522561,-0.04803035416461032,-0.0012411249751938976,-1.2325370775719395,659,47.598482291769486,52.401517708230514,-0.13665608969487386,-0.0022776100224442576,-3.5359426933430673,659,43.16719551525631,56.83280448474369,0.002152172152935597,4.379315317682032e-05,0.05516462856290127,659,50.10760860764678,49.89239139235322,-0.051927529879607436,-0.0009396019034534803,-1.3328051758017663,659,47.40362350601963,52.59637649398037,0.027591431847325196,0.0005390944132349729,0.707493245144816,659,51.37957159236626,48.62042840763374
TOST,-0.32416202813813033,-0.009439681379316237,-8.783203927870922,659,33.791898593093485,66.20810140690651,-0.007272393861389375,-0.00014356804354566415,-0.18641101065855034,659,49.63638030693053,50.36361969306947,-0.21295816793434041,-0.01005693615337189,-5.586697634965553,659,39.35209160328298,60.64790839671702,-0.311905650413993,-0.009500474205372278,-8.414544860243126,659,34.40471747930035,65.59528252069964,-0.2848536564605901,-0.010593090244014993,-7.616933951091203,659,35.757317176970496,64.2426828230295,-0.30336366170815615,-0.010031859624677569,-8.16037987252733,659,34.831816914592196,65.1681830854078,-0.314959797608156,-0.011246499812029648,-8.50596399738871,659,34.2520101195922,65.7479898804078
TPL,-0.26508908637079887,-0.007806997473301363,-7.046876009607251,659,36.74554568146006,63.25445431853994,0.167687255818956,0.0033479382860982904,4.3598967042211,659,58.3843627909478,41.6156372090522,-0.13510057362620106,-0.006452463845192484,-3.4949414272701897,659,43.24497131868995,56.75502868131005,0.026697955334418245,0.0008224263920081718,0.6845663074657257,659,51.334897766720914,48.665102233279086,-0.2594452916038129,-0.00975761464868054,-6.885892700306668,659,37.02773541980935,62.97226458019065,-0.05119743864183023,-0.0017122340076035892,-1.3140165880110173,659,47.44012806790849,52.55987193209151,-0.2785015933901354,-0.010057428124085712,-7.432621958168418,659,36.074920330493235,63.925079669506765
TQQQ,-0.6209949126589404,-0.023516439171792077,-20.307542997698178,659,18.95025436705298,81.04974563294702,0.028692399881137528,0.0007366065738966578,0.7357468316882303,659,51.434619994056874,48.565380005943126,-0.15000914503868906,-0.009212498960766558,-3.889042122709699,659,42.499542748065544,57.500457251934456,0.1872013334427482,0.0074151391215765165,4.884700533890235,659,59.360066672137414,40.639933327862586,-0.4577998084509858,-0.022139346894185362,-13.19865003649376,659,27.11000957745071,72.88999042254929,-0.6757424876292929,-0.02905945332067802,-23.497153130813984,659,16.212875618535357,83.78712438146465,-0.6537676464554715,-0.030358059446619262,-22.145477024418344,659,17.311617677226426,82.68838232277358
TREX,-0.2518521399023406,-0.00711258291828423,-6.67049546091369,659,37.40739300488297,62.59260699511703,-0.22740764526622978,-0.004353834878740215,-5.985743889587229,659,38.62961773668851,61.37038226331149,-0.14602417289478117,-0.006687790321474444,-3.7834479346924814,659,42.69879135526094,57.30120864473906,0.035366168111389984,0.0010447119203409064,0.9070734641494794,659,51.7683084055695,48.2316915944305,-0.1761666557751037,-0.006353471498265753,-4.5872486383677105,659,41.19166721124481,58.80833278875519,-0.3284073095282677,-0.010532154127269525,-8.912035155226569,659,33.57963452358661,66.4203654764134,-0.184395366850961,-0.00638555668777253,-4.808886173944556,659,40.78023165745195,59.21976834254805
TRMB,-0.436403107959323,-0.008238794337517629,-12.432201966514597,659,28.17984460203385,71.82015539796615,0.002787189875219016,3.5672009784536056e-05,0.07144155969317098,659,50.13935949376095,49.86064050623905,-0.2988871345129108,-0.009150803816696208,-8.028052988396736,659,35.05564327435446,64.94435672564555,-0.26790699992128975,-0.005290378369157003,-7.127544195753034,659,36.60465000393551,63.39534999606449,-0.41602426596824965,-0.010029982349132155,-11.726505167489064,659,29.19878670158752,70.80121329841248,-0.4380077547913192,-0.009390318448359523,-12.488742435156217,659,28.099612260434036,71.90038773956596,-0.4425584451276988,-0.010245036792393386,-12.649895515959406,659,27.87207774361506,72.12792225638495
TROX,-0.28300928180574086,-0.012329550047752859,-7.563306460948113,659,35.84953590971296,64.15046409028704,0.01538569897366508,0.0004544111460484818,0.3944130944101548,659,50.76928494868326,49.23071505131674,-0.005754144476387478,-0.0004065402097798525,-0.1474927376477174,659,49.712292776180625,50.287707223819375,0.062170720482206995,0.002833082978924231,1.5966492766007854,659,53.10853602411035,46.89146397588965,-0.30512677178183345,-0.016975889577197947,-8.212660309916256,659,34.74366141090833,65.25633858909167,-0.19591273974526724,-0.009692413203658441,-5.120873244633444,659,40.204363012736636,59.795636987263364,-0.3065120401180709,-0.016374239944753736,-8.253802119112747,659,34.67439799409645,65.32560200590355
TRP,0.02762492060570673,0.00033345344240024306,0.7083526117172936,659,51.38124603028533,48.61875396971467,-0.03036646143595086,-0.00024849265115747696,-0.7787125975300804,659,48.481676928202454,51.518323071797546,0.11226042256867302,0.0021975412483033604,2.8957650645404485,659,55.61302112843365,44.38697887156635,0.023416703733013328,0.00029565605241973684,0.6003818430594453,659,51.17083518665066,48.82916481334934,-0.08430040101887551,-0.0012994796597145472,-2.168507877616042,659,45.78497994905623,54.21502005094377,-0.008852995016987419,-0.00012135203968664419,-0.22692896075924462,659,49.55735024915063,50.44264975084937,-0.08630339559185726,-0.0012774064738287456,-2.2204141897722383,659,45.684830220407136,54.315169779592864
TSEM,-0.41779933592825924,-0.015411685662161069,-11.787092660126843,659,29.110033203587037,70.88996679641296,0.050326688821503526,0.0012585368912748263,1.2916109707382775,659,52.51633444107517,47.48366555892483,-0.08866133281329462,-0.0053038697346515324,-2.2815534253999883,659,45.56693335933527,54.43306664066473,0.30017318494213274,0.011581935350103026,8.066008698830322,659,65.00865924710664,34.991340752893365,-0.29627603425399257,-0.013956759625854801,-7.951137997616706,659,35.18619828730037,64.81380171269963,-0.3268645592433236,-0.013692190258770774,-8.865148061730006,659,33.65677203783382,66.34322796216618,-0.3895779381217999,-0.017621538161133207,-10.842276377682806,659,30.521103093910007,69.47889690609
TSLA,-0.5288439322367279,-0.019135759931622025,-15.971519620286037,659,23.557803388163606,76.4421966118364,0.023380538000098493,0.0005735323037458274,0.5994540807727022,659,51.16902690000492,48.83097309999508,-0.1650223905974874,-0.009683609295039197,-4.288653984661597,659,41.74888047012563,58.25111952987437,0.003845380398951893,0.00014554066075896373,0.09856556233718211,659,50.1922690199476,49.8077309800524,-0.32012357745389125,-0.014792498314713357,-8.661199901556522,659,33.99382112730544,66.00617887269456,-0.412071547752844,-0.016932204727649867,-11.592169520071392,659,29.396422612357796,70.6035773876422,-0.4187161517398689,-0.018578256934936987,-11.818449784725281,659,29.064192413006552,70.93580758699345
TSLL,-0.5292933638072097,-0.03772160736542127,-15.99037214088624,659,23.535331809639516,76.46466819036048,0.02680492689231818,0.001295070957484905,0.6873111495930561,659,51.34024634461591,48.65975365538409,-0.16483189221394334,-0.01905071069608232,-4.2835649046001745,659,41.75840538930283,58.24159461069717,0.007839485194912121,0.0005843972069409552,0.20094794757701723,659,50.39197425974561,49.60802574025439,-0.32245880733306403,-0.029347672466436176,-8.731683782030618,659,33.877059633346796,66.12294036665321,-0.4102853034588921,-0.033204916768808594,-11.531722416436438,659,29.4857348270554,70.5142651729446,-0.4213175649854005,-0.03681886272539666,-11.907663094155474,659,28.934121750729975,71.06587824927003
TSLZ,0.5263944176519633,0.037987378227039965,15.869095322691349,659,76.31972088259816,23.680279117401838,-0.02285497240776252,-0.001118134230191356,-0.5859719707038636,659,48.857251379611874,51.142748620388126,0.1656254331600588,0.019383458523835575,4.304767256299005,659,58.28127165800294,41.71872834199706,-0.0034842728046822133,-0.0002630068398553497,-0.08930946179582677,659,49.825786359765885,50.174213640234115,0.3183233749309972,0.02933609175729175,8.60698484131933,659,65.91616874654986,34.08383125345014,0.4108091624270806,0.033665948992435954,11.54943337789481,659,70.54045812135404,29.459541878645965,0.41645876407132265,0.0368525135616115,11.741320616028137,659,70.82293820356614,29.17706179643386
TSM,-0.4970039676913452,-0.012420329964793728,-14.680768326879438,659,25.149801615432743,74.85019838456725,0.060623086266718744,0.0010270616562095566,1.5567549221440824,659,53.03115431333594,46.96884568666406,0.04725235167915697,0.0019150181821182308,1.2125272217540632,659,52.36261758395785,47.63738241604215,0.4176096760691687,0.010916179706509469,11.780611326318237,659,70.88048380345843,29.119516196541568,-0.3066683038207722,-0.00978696077599344,-8.258446702108268,659,34.66658480896139,65.33341519103861,-0.4371556564664477,-0.012406008488288293,-12.458700041107528,659,28.142217176677615,71.85778282332238,-0.4780370279984574,-0.01464879422423331,-13.950241234728914,659,26.09814860007713,73.90185139992286
TSNDF,-0.10067058942317172,-0.008061962580961325,-2.593565479299871,659,44.96647052884141,55.03352947115859,0.008026816108723134,0.0004357793793789779,0.2057500690099996,659,50.401340805436156,49.598659194563844,0.04343803360196524,0.005641369158329191,1.114456074623873,659,52.171901680098266,47.828098319901734,-0.045379500917778814,-0.0038012350739749716,-1.1643673856179255,659,47.73102495411106,52.26897504588894,-0.09162852044546368,-0.009370753620373842,-2.35854505427991,659,45.418573977726815,54.581426022273185,-0.06464291045491224,-0.005878706284902465,-1.6604006017219848,659,46.76785447725439,53.23214552274561,-0.11287555806327504,-0.011084220074726165,-2.911836734997635,659,44.35622209683625,55.64377790316375
TSYY,-0.5345546692505785,-0.011014866595665947,-12.977996534651508,423,23.272266537471076,76.72773346252893,0.09591999458051673,0.0013328188617309144,1.9772306586763149,423,54.79599972902584,45.20400027097416,-0.14400877209658103,-0.00513802667184838,-2.985937141516497,423,42.79956139517095,57.20043860482905,0.029609639801881204,0.0006053717028146452,0.6078055135693857,423,51.48048199009406,48.51951800990594,-0.3793801651091894,-0.009536251689726351,-8.413193062444291,423,31.030991744540525,68.96900825545947,-0.3584085948065024,-0.008474585474151237,-7.877256450534552,423,32.07957025967488,67.92042974032512,-0.4667532077445479,-0.011311931918075897,-10.828934081685492,423,26.662339612772602,73.3376603872274
TTD,-0.2498150995858305,-0.00939066538668359,-6.612936109388015,659,37.50924502070848,62.49075497929152,0.04065256351788717,0.0010359786700600343,1.0428690600166668,659,52.03262817589436,47.96737182410564,-0.13816385705251635,-0.008422641694954469,-3.575710804380549,659,43.09180714737418,56.90819285262582,-0.21380633864257334,-0.008406691361791648,-5.610012018520447,659,39.30968306787133,60.69031693212867,-0.23082591398060961,-0.011080718539661968,-6.080742473059892,659,38.45870430096952,61.54129569903048,-0.1986783099462645,-0.008481073594515243,-5.196110392924292,659,40.06608450268677,59.93391549731323,-0.26319042432778716,-0.012131509090932944,-6.992632847676506,659,36.84047878361064,63.15952121638936
TTE,-0.053739833055913386,-0.0007462290117730274,-1.379453354647156,659,47.31300834720433,52.68699165279567,0.27393610691271303,0.002578756239124497,7.300804527666198,659,63.69680534563565,36.30319465436435,0.2575566482316806,0.005799957049312743,6.832191163704227,659,62.87783241158403,37.12216758841597,0.025861087163132013,0.0003756206332429457,0.6630934508931414,659,51.293054358156596,48.706945641843404,-0.1880717713581036,-0.003335071201777516,-4.908243958806203,659,40.59641143209482,59.40358856790518,0.17190797366596708,0.0027107816155185985,4.472935646910814,659,58.59539868329835,41.40460131670165,-0.19058950877842235,-0.003245203009553075,-4.976410929313216,659,40.47052456107888,59.52947543892112
TTWO,-0.22887320793948404,-0.00414404029960494,-6.026445140156042,659,38.5563396030258,61.4436603969742,-0.005687270452722655,-6.981007270571831e-05,-0.14577853777184968,659,49.715636477363866,50.284363522636134,-0.06550959438622789,-0.001923579411338916,-1.6827573240109384,659,46.72452028068861,53.27547971931139,-0.2230566249096254,-0.0042244578946006965,-5.865159745559385,659,38.84716875451873,61.15283124548127,-0.1506533267160729,-0.003483480776792966,-3.9061297683880176,659,42.46733366419635,57.53266633580365,-0.21357842117873393,-0.0043914614935753726,-5.603745755391527,659,39.321078941063305,60.678921058936695,-0.22346103550813462,-0.004961327352488712,-5.876351887234394,659,38.82694822459327,61.17305177540673
TUR,-0.2022121014587941,-0.0031692565309602537,-5.292435300812339,659,39.889394927060295,60.110605072939705,-0.03762377685553856,-0.00039975861996413006,-0.9650563550700563,659,48.11881115722307,51.88118884277693,0.02073871555190665,0.0005271185533583646,0.5316893406258352,659,51.03693577759534,48.96306422240466,0.06355112270165454,0.0010418383137227039,1.6322425317591187,659,53.177556135082725,46.822443864917275,-0.16277058119316393,-0.0032578557012040424,-4.228529270224476,659,41.8614709403418,58.1385290596582,-0.23074452168525478,-0.0041068074781047455,-6.078477718505006,659,38.46277391573726,61.53722608426274,-0.19900809133223138,-0.0038246178595610835,-5.205090654151384,659,40.04959543338843,59.95040456661157
TWST,-0.3692456825516497,-0.016011058626684078,-10.184209032553627,659,31.537715872417515,68.46228412758248,-0.14005101050387656,-0.004116954471827425,-3.6255211610342,659,42.997449474806174,57.002550525193826,-0.18253309438075546,-0.012835785007362217,-4.758636805129237,659,40.873345280962226,59.126654719037774,-0.01570823105670806,-0.0007124571487872562,-0.40268323875470735,659,49.2145884471646,50.7854115528354,-0.20433584568301522,-0.011315007863937332,-5.350428212565961,659,39.78320771584924,60.21679228415076,-0.319610409367821,-0.01573795253136431,-8.645734673818149,659,34.01947953160895,65.98052046839105,-0.2590246073713188,-0.013772497705484311,-6.873923695146932,659,37.048769631434055,62.951230368565945
TXG,-0.3472100039920523,-0.014839014648644521,-9.490094125367026,659,32.63949980039739,67.36050019960261,-0.0888400766119643,-0.002573990584459479,-2.2861896576972947,659,45.55799616940178,54.44200383059822,-0.10532782874684561,-0.007300156350214618,-2.7148653824132363,659,44.733608562657714,55.266391437342286,-0.057021353582386,-0.002549043237575962,-1.4639538887316559,659,47.1489323208807,52.8510676791193,-0.22827586794607616,-0.012458866011658312,-6.009850758122155,659,38.586206602696194,61.413793397303806,-0.249424738495872,-0.01210528596273969,-6.601916648088643,659,37.5287630752064,62.4712369247936,-0.2639122358942955,-0.01383054909659604,-7.013244058545168,659,36.80438820528522,63.19561179471478
TXN,-0.34463373325856683,-0.007975281808779882,-9.410147404695557,659,32.76831333707166,67.23168666292834,0.0419817586120663,0.0006586187287344201,1.0770264393610234,659,52.09908793060332,47.90091206939668,-0.12453190706880204,-0.004673530577761027,-3.2170460023885763,659,43.7734046465599,56.2265953534401,0.3121342001323391,0.007555382495484782,8.421375933512644,659,65.60671000661695,34.39328999338305,-0.30801814480855927,-0.009102700064597522,-8.298598398741069,659,34.59909275957204,65.40090724042796,-0.3464605484140415,-0.009104681035278532,-9.466811988753744,659,32.676972579297924,67.32302742070208,-0.3569804623467714,-0.010129774179816602,-9.795537028715223,659,32.15097688266143,67.84902311733856
U,-0.37416546658895905,-0.01565246720470845,-10.341823219321265,659,31.291726670552045,68.70827332944796,0.0002774699934409958,7.869014040012192e-06,0.007112114263298708,659,50.013873499672044,49.986126500327956,-0.09512266928360362,-0.0064532624138979025,-2.449291497339112,659,45.24386653581982,54.75613346418018,-0.20635837765466686,-0.009029590421190548,-5.405730610959902,659,39.682081117266655,60.317918882733345,-0.28513583751106103,-0.015232689325687573,-7.625146815640058,659,35.743208124446944,64.25679187555306,-0.274093832574847,-0.013020901630162982,-7.305349505307139,659,36.29530837125765,63.70469162874235,-0.3315908277670598,-0.017009387385222292,-9.00904167118331,659,33.42045861164701,66.579541388353
UBER,-0.34515844902159803,-0.00808927385922327,-9.426410696001518,659,32.7420775489201,67.2579224510799,0.04901670230249412,0.0007787899085964128,1.2579087220295293,659,52.450835115124704,47.549164884875296,-0.13216243969272162,-0.005023139890155371,-3.4175677998957408,659,43.391878015363915,56.608121984636085,-0.09263989775217463,-0.002270993769482463,-2.3848023172630293,659,45.368005112391266,54.631994887608734,-0.2685900853615298,-0.008038716000183152,-7.147128394112275,659,36.570495731923515,63.429504268076485,-0.2740923557126042,-0.007294753937522226,-7.305306945511138,659,36.29538221436979,63.70461778563021,-0.3279106696898058,-0.009423530504162553,-8.896932635976125,659,33.60446651550971,66.39553348449029
UEC,-0.3419179754009743,-0.014618520623129093,-9.32613330113071,659,32.90410122995129,67.0958987700487,0.03566047407538251,0.0010336030918349363,0.914631411577835,659,51.783023703769125,48.216976296230875,-0.003114789118050085,-0.0002159664733950786,-0.07983869696639817,659,49.844260544097494,50.155739455902506,0.10349585840318652,0.004628404513618324,2.667129800341352,659,55.17479292015932,44.82520707984068,-0.1711662699828035,-0.009345560579904804,-4.453053215435604,659,41.441686500859824,58.558313499140176,-0.15342796625645083,-0.007449184205702209,-3.979788710672465,659,42.32860168717746,57.67139831282254,-0.2696393671956769,-0.014136173069267703,-7.17723416733397,659,36.51803164021615,63.48196835978385
UHS,0.01666788907253592,0.0003235642609022038,0.42729087877096644,659,50.8333944536268,49.1666055463732,-0.09200778339344501,-0.0012108482213613627,-2.3683905688196187,659,45.39961083032775,54.60038916967225,0.0071429531408222354,0.00022487125398301148,0.18309292608647684,659,50.35714765704111,49.64285234295889,0.012872012520332498,0.00026136849902474513,0.3299629062464128,659,50.64360062601663,49.35639937398337,-0.1242022791665815,-0.003079038990808563,-3.2083970928151078,659,43.789886041670925,56.210113958329075,-0.12875634831414584,-0.0028383849103769403,-3.3279854554962633,659,43.56218258429271,56.43781741570729,-0.11213573831649494,-0.0026692610794144716,-2.8925078455422706,659,44.39321308417525,55.60678691582475
UL,0.2878087024561078,0.003599818476290855,7.703047878563797,659,64.39043512280539,35.609564877194614,-0.26989957813336657,-0.0022885693730465948,-7.184704345128382,659,36.50502109333167,63.49497890666833,0.18290715830782536,0.003710082601752094,4.768725833327884,659,59.14535791539127,40.85464208460873,-0.0795166701048886,-0.0010403074557722273,-2.0446464803482045,659,46.02416649475557,53.97583350524443,0.13182585138732927,0.0021056342868993176,3.408709885856438,659,56.59129256936646,43.40870743063354,-0.06878312747233013,-0.0009769701457159879,-1.76723535260222,659,46.560843626383495,53.439156373616505,0.1426328968934775,0.002187577489907433,3.6937340089219393,659,57.13164484467388,42.86835515532612
ULTY,-0.6123198724321274,-0.009790972186697663,-19.269094456359646,621,19.384006378393632,80.61599362160636,0.05351640515688089,0.0005814505951865802,1.333383451100614,621,52.675820257844045,47.324179742155955,-0.1383414969775718,-0.0036105033379465737,-3.475312979573011,621,43.08292515112141,56.91707484887859,0.0807304314729111,0.0013538691276406974,2.015127204474255,621,54.03652157364556,45.96347842635444,-0.4328620636253575,-0.008840798043872456,-11.946709641869774,621,28.356896818732125,71.64310318126788,-0.49104002930396157,-0.009077701886683786,-14.024124438511324,621,25.44799853480192,74.55200146519809,-0.5686695003949066,-0.011171203036700769,-17.200237759445677,621,21.56652498025467,78.43347501974533
UMAC,-0.18757637199093585,-0.01709165771443325,-4.785594610517613,630,40.62118140045321,59.37881859954679,-0.02490730097964446,-0.0015397445208091413,-0.6243688745581074,630,48.75463495101778,51.24536504898222,-0.07499838727134137,-0.01114532949869842,-1.8847623389447499,630,46.25008063643293,53.74991936356707,0.0017346810877176147,0.00016518281218315,0.04347104886483911,630,50.086734054385886,49.913265945614114,-0.13474692152528728,-0.015690988848600585,-3.407827401285284,630,43.26265392373564,56.73734607626436,-0.09531146023699943,-0.009973133322631783,-2.3994217145390815,630,45.23442698815003,54.76557301184997,-0.1782546068260632,-0.019938469373160357,-4.5397545462658195,630,41.08726965869684,58.91273034130316
UNH,-0.06519739015866417,-0.0015303434307884257,-1.6747033580904054,659,46.74013049206679,53.25986950793321,-0.0355622080203708,-0.0005658907643692675,-0.912107856033751,659,48.22188959898146,51.77811040101854,-0.10023294504105357,-0.003815446598786974,-2.5821758168455635,659,44.988352747947324,55.011647252052676,-0.11989116169083194,-0.002943558738473659,-3.095378440441225,659,44.005441915458405,55.994558084541595,-0.07480966626815648,-0.002242446488985846,-1.9229105269184052,659,46.25951668659218,53.74048331340782,-0.10094569971790947,-0.0026907243498032413,-2.60072598233718,659,44.95271501410453,55.04728498589547,-0.06234780064705804,-0.0017945141750034818,-1.601214716598097,659,46.8826099676471,53.1173900323529
UNHG,-0.1590767117606082,-0.007226063159740085,-2.7153855044596646,286,42.04616441196959,57.95383558803041,-0.0022784614075093525,-6.78111263328739e-05,-0.03839741381218704,286,49.88607692962454,50.11392307037546,-0.1417162614382609,-0.011539942361963486,-2.4125944330820146,286,42.914186928086956,57.085813071913044,-0.12893482069911053,-0.00511333123893956,-2.1911374907809713,286,43.55325896504447,56.44674103495553,-0.13224852518948105,-0.007878334021981914,-2.248440738726199,286,43.387573740525944,56.612426259474056,-0.17766972332274497,-0.008921401640687108,-3.0425498380482816,286,41.11651383386275,58.88348616613725,-0.13258834810905418,-0.0076261770200019615,-2.254321532839934,286,43.370582594547294,56.629417405452706
UNP,-0.157566330086882,-0.002100913639410773,-4.089830445262321,659,42.1216834956559,57.8783165043441,0.026409430131326822,0.00023872011031802668,0.6771629974260666,659,51.32047150656634,48.67952849343366,-0.11804300384477288,-0.0025524734268808215,-3.046982628756301,659,44.09784980776136,55.90215019223864,-0.04377101676188654,-0.0006104614749403983,-1.123015502995443,659,47.81144916190567,52.18855083809433,-0.33553654759467993,-0.005713342914102321,-9.129754062776053,659,33.223172620266006,66.77682737973399,-0.2001986415690449,-0.0030312977760509944,-5.237525819297429,659,39.990067921547755,60.009932078452245,-0.2736750626248523,-0.004474526347198716,-7.29328374904886,659,36.31624686875738,63.68375313124262
UPS,-0.16964248890234793,-0.0031264345913970433,-4.412230505828621,659,41.51787555488261,58.48212444511739,-0.04338247737025874,-0.000542018682614959,-1.1130280219288449,659,47.83087613148707,52.16912386851293,-0.0018628541317263865,-5.567622192709919e-05,-0.04774878088494222,659,49.90685729341368,50.09314270658632,-0.0034867940991561326,-6.721525644018263e-05,-0.08937408882183302,659,49.8256602950422,50.1743397049578,-0.22650148565422132,-0.0053307884163279725,-5.960599725904108,659,38.674925717288936,61.325074282711064,-0.24910671877051746,-0.005213421597594535,-6.59294184045659,659,37.54466406147412,62.45533593852588,-0.21732201050236208,-0.004911175892944919,-5.706792755536262,659,39.13389947488189,60.86610052511811
UPST,-0.38624481400326155,-0.01983942358715004,-10.733164646973288,659,30.687759299836927,69.31224070016307,-0.02866770188196776,-0.0009982618266039377,-0.7351129904120339,659,48.56661490590161,51.43338509409839,-0.22534396717629313,-0.018771048024182526,-5.928504562227665,659,38.73280164118535,61.26719835881465,-0.1784341373658719,-0.009586745102947845,-4.648221127099519,659,41.0782931317064,58.9217068682936,-0.33332661040318023,-0.0218646260236653,-9.062078858742153,659,33.333669479840985,66.66633052015902,-0.28221045928913613,-0.016461226405038096,-7.540108058698842,659,35.889477035543194,64.1105229644568,-0.346631184217953,-0.02183238003294416,-9.472111044150983,659,32.66844078910235,67.33155921089765
URA,-0.4237003480083901,-0.011429462587156129,-11.989692123213866,659,28.814982599580496,71.1850174004195,0.028684711828677396,0.0005245690662020058,0.735549527909963,659,51.434235591433875,48.565764408566125,0.045849864029481574,0.0020057704926937205,1.1764614650914889,659,52.29249320147408,47.70750679852592,0.14989505396408578,0.00422942315321074,3.886016257124028,659,57.49475269820429,42.50524730179571,-0.2366683161523661,-0.008152912649477718,-6.2436642924100365,659,38.16658419238169,61.83341580761831,-0.2455951894835916,-0.007523320083797295,-6.493993581602968,659,37.72024052582042,62.27975947417958,-0.36684993606103,-0.01213451716131817,-10.107817373824679,659,31.6575031969485,68.3424968030515
USB,-0.4125432052105783,-0.0064224173031754575,-11.608157375754262,659,29.372839739471086,70.62716026052891,0.02305075620833849,0.00024327610604095567,0.5909942716595861,659,51.15253781041692,48.84746218958308,-0.2806948015548354,-0.0070866282035054635,-7.496139009201315,659,35.96525992225823,64.03474007774177,-0.1331265974666791,-0.00216780772985437,-3.4429479809294325,659,43.34367012666605,56.65632987333395,-0.5770068169101288,-0.011471381025903265,-18.10840334269357,659,21.149659154493563,78.85034084550644,-0.3536239831099821,-0.006251633186127816,-9.690200410807702,659,32.31880084450089,67.68119915549912,-0.44751913466076615,-0.008542947835608368,-12.826953393799316,659,27.624043266961696,72.37595673303831
UTHR,-0.030034299696022615,-0.0005959214052477606,-0.7701869627480945,659,48.498285015198874,51.501714984801126,-0.0703460202815895,-0.0009462288908279917,-1.8075880102677084,659,46.48269898592052,53.51730101407948,-0.01415166300122089,-0.0004553602843915619,-0.36277191296037137,659,49.29241684993896,50.70758315006104,-0.048562155911134754,-0.0010078508820657618,-1.246216058397123,659,47.57189220444326,52.42810779555674,-0.10504413976964833,-0.0026616379675547144,-2.707471493335694,659,44.74779301151759,55.25220698848241,-0.11581762892695585,-0.0026095693260598193,-2.988751583813195,659,44.2091185536522,55.7908814463478,-0.11158113980382743,-0.002714746810791592,-2.878021332294096,659,44.420943009808624,55.579056990191376
UVIX,0.5050671890446058,0.04337741210371026,14.999637862183237,659,75.25335945223028,24.746640547769715,-0.04144587730788125,-0.0024131316464474305,-1.0632547940192014,659,47.927706134605934,52.072293865394066,0.14440033554893744,0.020112167673547468,3.7404736198695363,659,57.22001677744687,42.77998322255313,-0.01696337443413077,-0.0015238898509767759,-0.4348679765474623,659,49.151831278293464,50.848168721706536,0.5330855915077342,0.05846784749082279,16.150195732469978,659,76.65427957538671,23.34572042461329,0.5706060497779989,0.05565107374419234,17.80973522995623,659,78.53030248889993,21.469697511100065,0.625575582843769,0.06588117471293121,20.553075100469435,659,81.27877914218845,18.721220857811545
UVXY,0.5134212240736715,0.03278952870910913,15.335573144068746,659,75.67106120368358,24.32893879631642,-0.03742955195545029,-0.0016205453200862732,-0.9600674454841462,659,48.12852240222749,51.87147759777251,0.15060085797058723,0.015597859319940713,3.904737785598569,659,57.530042898529366,42.469957101470634,-0.013057435952634436,-0.0008722603009316134,-0.334716880317662,659,49.34712820236828,50.65287179763172,0.5371920833988846,0.04381235917103357,16.32479850138678,659,76.85960416994423,23.140395830055766,0.5782648494166505,0.041938302175124884,18.167686900341984,659,78.91324247083253,21.08675752916747,0.6303785409887026,0.04936621612898377,20.81427516925248,659,81.51892704943513,18.481072950564865
V,-0.1477684615641405,-0.001881290553498189,-3.8296447746827824,659,42.611576921792974,57.388423078207026,-0.04175318709594052,-0.0003603702659673036,-1.071152253261635,659,47.912340645202974,52.087659354797026,-0.1703987564689575,-0.003518169346202851,-4.432487125304424,659,41.480062176552124,58.519937823447876,-0.22758569658209885,-0.0030307208219062997,-5.99068639155364,659,38.62071517089506,61.37928482910494,-0.2804656005429756,-0.004559942893488559,-7.489495225777288,659,35.97671997285122,64.02328002714879,-0.3271861358054281,-0.004730332942169065,-8.874914814511206,659,33.640693209728596,66.3593067902714,-0.2888838334228992,-0.004509874163963688,-7.734437939063473,659,35.55580832885504,64.44419167114495
VALE,-0.22175425730018664,-0.0040559833299890465,-5.829138090564135,659,38.91228713499067,61.08771286500933,0.00393152556867539,4.874953700056289e-05,0.10077368637779083,659,50.19657627843377,49.80342372156623,0.31702916583514057,0.009403718268643736,8.568072398983086,659,65.85145829175703,34.14854170824297,0.17223480416215914,0.0032951254741491742,4.481699293017289,659,58.61174020810795,41.38825979189205,-0.19937762999477265,-0.00465700069881058,-5.2151557315955435,659,40.031118500261364,59.968881499738636,-0.15643473281193182,-0.0032492271520752265,-4.05971887740312,659,42.17826335940341,57.82173664059659,-0.24230081938072504,-0.0054343316676580995,-6.401411901078504,659,37.88495903096375,62.11504096903625
VB,-0.5825823615151604,-0.006628030026902007,-18.372635435729634,659,20.870881924241978,79.12911807575802,-0.06781879979005981,-0.0005230731540328877,-1.7423437149150063,659,46.60906001049701,53.39093998950299,-0.25438455821288375,-0.004693470331072285,-6.742184508412621,659,37.280772089355814,62.719227910644186,-0.057596314654770546,-0.0006854072235838915,-1.4787642003946222,659,47.12018426726147,52.87981573273853,-0.5474153342194659,-0.007953344110433856,-16.766649192587458,659,22.629233289026708,77.3707667109733,-0.513087643394407,-0.006628898744011925,-15.322047353536984,659,24.345617830279647,75.65438216972035,-0.5746713116953835,-0.008017033818507538,-17.9988561451162,659,21.266434415230822,78.73356558476918
VCEL,-0.23969534930004363,-0.0065267296765213634,-6.328357175725339,659,38.015232534997814,61.984767465002186,-0.11706171390445622,-0.0021609070776115887,-3.0212996821412563,659,44.14691430477719,55.85308569522281,-0.19414805762870543,-0.008573245576445515,-5.0729317322406535,659,40.29259711856473,59.70740288143527,-0.1316634840782726,-0.0037499735712964717,-3.404437333382437,659,43.416825796086364,56.583174203913636,-0.22602402549160414,-0.007859525041870822,-5.947357704596171,659,38.69879872541979,61.30120127458021,-0.2170673040108484,-0.00671201817826561,-5.699773323470722,659,39.14663479945758,60.85336520054242,-0.19882681977776448,-0.006638623618320987,-5.200154229434754,659,40.05865901111177,59.94134098888823
VCYT,-0.3033457901576344,-0.010795893089710545,-8.159850412194208,659,34.83271049211828,65.16728950788172,-0.10346809277287287,-0.0024963888984195033,-2.66640652473509,659,44.82659536135636,55.17340463864364,-0.085106619858529,-0.004912020169815847,-2.189397298513864,659,45.744669007073554,54.255330992926446,-0.0473892513123264,-0.0017641166397505805,-1.2160480541546288,659,47.63053743438368,52.36946256561632,-0.20668618651140228,-0.009393722663119232,-5.414700730933066,659,39.66569067442989,60.33430932557011,-0.2276925146743702,-0.009202208104016221,-5.9936518443583555,659,38.615374266281485,61.384625733718515,-0.22566556903192012,-0.009848111734965607,-5.937419136499062,659,38.716721548403996,61.283278451596004
VECO,-0.4617483489455509,-0.015415803310434585,-13.343170782017738,659,26.91258255272245,73.08741744727755,0.02016150414486939,0.00045631940183088373,0.516884964768195,659,51.008075207243465,48.991924792756535,-0.07565773356232765,-0.004096286581452051,-1.9448340702052125,659,46.217113321883616,53.782886678116384,0.3743890062740329,0.013074068097484836,10.34900865099134,659,68.71945031370164,31.280549686298357,-0.2788367758149012,-0.011888211980141073,-7.4423209123006275,659,36.05816120925494,63.94183879074506,-0.37213505708939076,-0.01410860543369974,-10.276653699286518,659,31.393247145530463,68.60675285446953,-0.3650698421710952,-0.014945272231424327,-10.051207273227774,659,31.74650789144524,68.25349210855475
VEEV,-0.1599387497805002,-0.003622990872325565,-4.1530138262475305,659,42.003062510974985,57.996937489025015,-0.05922031304858405,-0.0009094303374319885,-1.5206044859183696,659,47.0389843475708,52.9610156524292,-0.15451947330048382,-0.005676399569309651,-4.008791491687781,659,42.274026334975815,57.725973665024185,-0.37159349655528745,-0.008804576952018054,-10.259300371698622,659,31.42032517223563,68.57967482776436,-0.09972249285405764,-0.0028847776735430675,-2.5688932489420173,659,45.01387535729712,54.98612464270288,-0.23395807569813598,-0.00601830616550199,-6.167998420761471,659,38.3020962150932,61.6979037849068,-0.14737308919388978,-0.004093537686673448,-3.819170298944154,659,42.63134554030551,57.36865445969449
VEOEY,-0.031809156767287995,-0.0004360013816729515,-0.8157454628997695,659,48.4095421616356,51.5904578383644,-0.19364883400076258,-0.001799433457408947,-5.059378523860706,659,40.31755829996187,59.68244170003813,0.3515894901807021,0.007815338442808299,9.626560476102217,659,67.57947450903511,32.42052549096489,0.08347475952912571,0.0011967893934971855,2.147119654008393,659,54.17373797645628,45.82626202354372,-0.0458879018783471,-0.0008032293862686494,-1.1774395367643606,659,47.70560490608264,52.29439509391736,-0.16951952337935577,-0.0026386277503577227,-4.408937635144027,659,41.52402383103221,58.47597616896779,-0.08674966160918993,-0.0014580437689970952,-2.23198255795662,659,45.6625169195405,54.3374830804595
VERA,-0.14850743577462067,-0.007446074547544299,-3.8492272228446844,659,42.574628211268966,57.425371788731034,-0.060005563278669904,-0.0020396511436240696,-1.540839799761343,659,46.999721836066506,53.000278163933494,0.0037997624505254255,0.0003089668061953915,0.09739625694141583,659,50.18998812252627,49.81001187747373,0.012646875973092634,0.0006632683682998918,0.324190794179356,659,50.63234379865463,49.36765620134537,-0.12201328005215371,-0.007812534742180395,-3.1509884769447907,659,43.89933599739231,56.10066400260769,-0.1279441698130424,-0.007284879544809203,-3.306642463282996,659,43.60279150934788,56.39720849065212,-0.16874494353113748,-0.010374734975667007,-4.38820017332523,659,41.56275282344313,58.43724717655687
VERI,-0.29448291280294775,-0.02192399029350492,-7.8984314923397525,659,35.27585435985261,64.72414564014738,0.024204716875251525,0.0012216441053086301,0.6205973957206701,659,51.210235843762575,48.789764156237425,-0.10713709378312695,-0.012935271800521838,-2.7620367646348267,659,44.64314531084365,55.35685468915635,-0.06149274737828095,-0.004788618553009529,-1.5791713256317206,659,46.92536263108595,53.07463736891405,-0.2185825141273396,-0.02078167729280188,-5.741548900598194,659,39.07087429363302,60.92912570636698,-0.232789060625885,-0.019680891298923225,-6.135408353435767,659,38.36054696870575,61.63945303129425,-0.27289678889252855,-0.024912940412112096,-7.270871737242498,659,36.35516055537357,63.64483944462643
VERS,-0.6336524646476699,-0.011173955235140594,-20.994587206568948,659,18.317376767616505,81.68262323238349,0.007263404672105464,8.683228617867289e-05,0.18618058140033605,659,50.36317023360527,49.63682976639473,-0.13459883226387767,-0.0038492249054462857,-3.4817218447447265,659,43.27005838680611,56.72994161319389,0.1346169318333541,0.0024830320920468368,3.482198673933032,659,56.73084659166771,43.26915340833229,-0.4378476992313492,-0.009860173331741162,-12.483096191399156,659,28.10761503843254,71.89238496156746,-0.5794255513903166,-0.011603156110830192,-18.222556505672316,659,21.02872243048417,78.97127756951583,-0.5804466077490954,-0.012551196792146876,-18.270962634611973,659,20.97766961254523,79.02233038745477
VFC,-0.2550199644496971,-0.00923875696786132,-6.7601951201190635,659,37.24900177751515,62.75099822248485,-0.10680783945716614,-0.0026231775561592957,-2.7534503535144306,659,44.659608027141694,55.340391972858306,-0.11031327635411396,-0.006481019703240743,-2.8449140293560404,659,44.48433618229431,55.51566381770569,-0.06727303364592148,-0.0025492194320871496,-1.72825834476108,659,46.63634831770393,53.36365168229607,-0.3227207171018587,-0.014930415249608885,-8.73960002325742,659,33.863964144907065,66.13603585509293,-0.27282118036178943,-0.011223805689770437,-7.268695255232036,659,36.35894098191053,63.64105901808947,-0.29214200729450424,-0.012977780778585074,-7.8297609142512705,659,35.39289963527479,64.60710036472521
VGLT,0.42837678961509196,0.0028979209669562425,12.151567311708966,659,71.4188394807546,28.5811605192454,-0.8654461311100435,-0.003969043346144812,-44.27751863727111,659,6.727693444497823,93.27230655550218,0.1265869564746318,0.0013887553974406511,3.2709917367686674,659,56.32934782373159,43.67065217626841,-0.04630621084795297,-0.0003276624665498427,-1.1881959039208603,659,47.68468945760235,52.31531054239765,0.545572690869909,0.004713232972946222,16.686235891862196,659,77.27863454349546,22.721365456504543,-0.12580779420393465,-0.0009664754953232053,-3.2505334693124333,659,43.709610289803265,56.290389710196735,0.5026197035964184,0.004169338709463723,14.902302210561517,659,75.13098517982093,24.869014820179075
VIG,-0.3891354016598629,-0.0029332482463642388,-10.827760954034646,659,30.543229917006855,69.45677008299315,-0.07153451510982066,-0.00036555178637673926,-1.838282946227365,659,46.42327424450897,53.57672575549103,-0.17334484526432262,-0.002119020728232687,-4.511475387815722,659,41.33275773678387,58.66724226321613,-0.019906349189818776,-0.0001569518868444919,-0.5103408906585368,659,49.00468254050906,50.99531745949094,-0.48196667772809015,-0.004639495617637269,-14.09943241951547,659,25.90166611359549,74.0983338864045,-0.5538330994140256,-0.004740778651647442,-17.049464139248446,659,22.30834502929872,77.69165497070128,-0.5533983248951337,-0.005115086473926872,-17.030168105102486,659,22.33008375524331,77.66991624475669
VIOV,-0.5189659417370875,-0.006501149549809623,-15.561792161275458,659,24.051702913145622,75.94829708685438,-0.07327456115661904,-0.0006222855567579543,-1.8832368806756135,659,46.33627194216905,53.66372805783095,-0.2639347030353454,-0.005361965212193121,-7.013885807061539,659,36.80326484823273,63.19673515176727,-0.10906662060014924,-0.0014291242942049154,-2.812374225701793,659,44.54666896999254,55.45333103000746,-0.5530403122984617,-0.008847361385213047,-17.01429396277368,659,22.347984385076913,77.65201561492309,-0.44802919208392306,-0.006373533975041517,-12.845241784084896,659,27.59854039580385,72.40145960419615,-0.5020016772358326,-0.007711227751522552,-14.877799583276596,659,24.899916138208372,75.10008386179163
VIST,-0.18298127740491935,-0.005356856724116981,-4.77072518341058,659,40.85093612975403,59.14906387024597,0.26217903402348175,0.005203391826993635,6.963773977999244,659,63.108951701174085,36.891048298825915,0.01592011206330775,0.0007558327266376892,0.4081162130823535,659,50.79600560316538,49.20399439683462,0.02086992502253376,0.0006390739430585223,0.5350546879051516,659,51.04349625112668,48.95650374887332,-0.22521994520687622,-0.008420073895280886,-5.925067307281348,659,38.73900273965619,61.26099726034381,0.013480010647111369,0.00044814267770942927,0.3455511809651097,659,50.67400053235557,49.32599946764443,-0.26019184073624163,-0.00934037068352361,-6.90714333161627,659,36.99040796318792,63.00959203681208
VIXY,0.5074165455828753,0.022002893475355854,15.09352784220553,659,75.37082727914377,24.629172720856232,-0.03974457204815214,-0.0011683640693078573,-1.0195388831727965,659,48.01277139759239,51.98722860240761,0.1428869080406722,0.010048096716140447,3.7004490590512034,659,57.144345402033615,42.855654597966385,-0.012301323715884898,-0.000557948179768511,-0.31533152699306893,659,49.38493381420576,50.61506618579424,0.5343738827313579,0.02959143829685402,16.204798829357486,659,76.71869413656789,23.28130586343211,0.5727363903586279,0.028202827024975813,17.908596126415148,659,78.6368195179314,21.3631804820686,0.6272004252126897,0.03334944253851272,20.64100315323791,659,81.36002126063448,18.639978739365517
VKTX,-0.18617863313304334,-0.012597708184088728,-4.857053977421943,659,40.69106834334784,59.30893165665216,0.028165744072339845,0.0012920167115734722,0.7222312016762296,659,51.408287203616986,48.591712796383014,-0.08772819925466854,-0.009626692902081237,-2.257353530916011,659,45.61359003726657,54.38640996273343,-0.003302804153373589,-0.00023376063295561765,-0.08465797491708826,659,49.83485979233132,50.16514020766868,-0.12770946405847927,-0.01103546067922213,-3.3004759636935996,659,43.61452679707604,56.38547320292396,-0.0913190327878264,-0.0070169067229134486,-2.35051164553634,659,45.43404836060868,54.56595163939132,-0.1545123375460438,-0.012820115331638715,-4.008601836582625,659,42.27438312269781,57.72561687730219
VLO,-0.20586176531368017,-0.004412325826354985,-5.392144994335926,659,39.706911734315995,60.293088265684005,0.29666953296502563,0.0043107221029746986,7.962716690950956,659,64.83347664825128,35.16652335174872,-0.09281453851173883,-0.003226146526958684,-2.38933707231698,659,45.35927307441306,54.64072692558694,-0.0758017364351357,-0.0016994088787735918,-1.94855713513101,659,46.20991317824322,53.79008682175678,-0.3384347294663936,-0.009263444085451978,-9.21876321146755,659,33.07826352668032,66.92173647331968,0.049350885644828785,0.0012011839687643524,1.2665056891465698,659,52.46754428224144,47.53245571775856,-0.29671324817763006,-0.007798227185935099,-7.964003284703256,659,35.164337591118496,64.8356624088815
VLTO,-0.11027935353224357,-0.0014661310711382998,-2.844028407705514,659,44.48603232338782,55.51396767661218,-0.10215971022144459,-0.0009207536184910216,-2.6323311707679147,659,44.89201448892777,55.10798551107223,-0.12043620621056952,-0.0025966406343303854,-3.1096571717358175,659,43.97818968947153,56.02181031052847,-0.17161343536646936,-0.002386474054858074,-4.4650391890229555,659,41.41932823167653,58.58067176832347,-0.21319991832769639,-0.003619689340702038,-5.593341481026363,659,39.340004083615185,60.659995916384815,-0.24272459203156624,-0.0036645028164550768,-6.413307911524639,659,37.863770398421686,62.136229601578314,-0.22149464503768576,-0.0036108452803728427,-5.821961510419077,659,38.92526774811571,61.07473225188429
VNM,-0.2313395614641634,-0.0035330453869050543,-6.095037915131274,659,38.43302192679183,61.56697807320817,-0.04655585217641431,-0.0004820130372213584,-1.1946154614298754,659,47.672207391179285,52.327792608820715,-0.017376300305681037,-0.0004303609113862302,-0.4454567794288144,659,49.13118498471595,50.86881501528405,0.08673755298984287,0.0013855854697663976,2.2316686534224495,659,54.336877649492145,45.663122350507855,-0.22157564963109075,-0.004321425384144651,-5.824200617517547,659,38.92121751844546,61.07878248155454,-0.28977680458673344,-0.005025573414152874,-7.760533835112078,659,35.511159770663326,64.48884022933667,-0.2861597028820671,-0.005358890063332476,-7.6549645073687,659,35.692014855896645,64.30798514410336
VNOM,-0.29706216299267246,-0.0058006830965385585,-7.974274255820675,659,35.14689185036638,64.85310814963361,0.39958118463090636,0.005289590192277981,11.172787029743999,659,69.97905923154532,30.02094076845468,-0.16725782421705512,-0.00529656662964942,-4.348409645653531,659,41.63710878914724,58.36289121085276,-0.02558630161033763,-0.0005225960968170071,-0.6560431477396732,659,48.72068491948312,51.27931508051688,-0.4093976795777999,-0.010208991831604225,-11.5017443701727,659,29.530116021110008,70.46988397889,0.03329811304679267,0.0007383701276481336,0.8539711654383845,659,51.664905652339634,48.335094347660366,-0.38591772771008137,-0.00924046002523778,-10.722484046360242,659,30.70411361449593,69.29588638550408
VNQ,-0.03490592547798133,-0.0003384822216004189,-0.8952546399918727,659,48.254703726100935,51.745296273899065,-0.2771013731988222,-0.001821631717353068,-7.3921364854840945,659,36.14493134005889,63.85506865994111,-0.03839286161446281,-0.0006037586771173891,-0.9848123404602572,659,48.08035691927686,51.91964308072314,-0.17344525911358513,-0.0017592436215143903,-4.514169793098891,659,41.32773704432074,58.67226295567926,-0.17166821731932813,-0.002125848356362917,-4.4665077785298815,659,41.41658913403359,58.58341086596641,-0.24950703365045493,-0.0027475284144212035,-6.604239463455337,659,37.52464831747726,62.47535168252274,-0.14589123099119788,-0.001734734266372206,-3.779928502303275,659,42.705438450440106,57.294561549559894
VOO,-0.5790232120427548,-0.005341520366561798,-18.203517966241588,659,21.048839397862263,78.95116060213773,0.0011280075739664801,7.05449818323327e-06,0.028913121204697717,659,50.05640037869833,49.94359962130167,-0.18342769707742004,-0.00274416375775498,-4.782769059968083,659,40.828615146128996,59.171384853871004,0.06718126790998652,0.0006482521359405799,1.7258901681117926,659,53.35906339549933,46.64093660450067,-0.5187219061661531,-0.006110956360016616,-15.55177978534026,659,24.063904691692343,75.93609530830766,-0.6741938565975174,-0.007062791719504887,-23.398335779648853,659,16.29030717012413,83.70969282987588,-0.6709483440617893,-0.007589707914656001,-23.193068873558943,659,16.452582796910537,83.54741720308947
VOOG,-0.6216028513517627,-0.007647426883658744,-20.339932412379824,659,18.919857432411863,81.08014256758814,0.03440233477939036,0.0002869296635346811,0.8823233101095046,659,51.720116738969516,48.279883261030484,-0.16791524685924855,-0.0033501840298385977,-4.365996376138259,659,41.60423765703757,58.39576234296243,0.14195882397235218,0.0018268024033699158,3.675917794539457,659,57.097941198617605,42.902058801382395,-0.46787842558242404,-0.007350908790440709,-13.56954317621196,659,26.606078720878802,73.3939212791212,-0.6833498632427728,-0.009547026789567443,-23.991022753841726,659,15.83250683786136,84.16749316213864,-0.6665439173280036,-0.010055372598251514,-22.918371289804714,659,16.672804133599822,83.32719586640017
VOOV,-0.3560774552291478,-0.0026922621035483274,-9.767155431535794,659,32.19612723854261,67.8038727614574,-0.05511534636009787,-0.00028250790031538874,-1.4148677845715367,659,47.24423268199511,52.75576731800489,-0.17068849221530166,-0.0020929232325228465,-4.440249829543563,659,41.465575389234914,58.534424610765086,-0.0895427884582966,-0.000708158253500755,-2.3044186643020494,659,45.522860577085176,54.477139422914824,-0.5012551303056783,-0.0048399109374094,-14.848242180375406,659,24.937243484716088,75.06275651528391,-0.48044788826833096,-0.004125169929769776,-14.041640635181562,659,25.97760558658345,74.02239441341655,-0.5228213627071234,-0.00484722576706146,-15.72066933329574,659,23.85893186464383,76.14106813535616
VRAR,,,,0,,,,,,0,,,,,,0,,,,,,0,,,,,,0,,,,,,0,,,,,,0,,
VRNS,-0.1932296876180877,-0.006054662623704933,-5.048002452159341,659,40.33851561909562,59.66148438090438,-0.028452253051813713,-0.0006043909534055175,-0.7295838399618346,659,48.577387347409314,51.422612652590686,-0.1444628162175466,-0.007340884143675423,-3.7421265765938125,659,42.77685918912267,57.22314081087733,-0.3474843651492269,-0.01138880642228432,-9.498622430215036,659,32.62578174253865,67.37421825746135,-0.12777747144179263,-0.00511300320832393,-3.3022626854429094,659,43.61112642791037,56.38887357208963,-0.16953546076129053,-0.006032527933339685,-4.409364407344689,659,41.52322696193547,58.47677303806453,-0.16040217780538324,-0.0061630177713584335,-4.165364639863055,659,41.979891109730836,58.020108890269164
VRT,-0.478485808609152,-0.01883238405083467,-13.967224082312313,659,26.0757095695424,73.9242904304576,0.09763108310495301,0.00260501089352068,2.5144935736804985,659,54.88155415524765,45.11844584475235,-0.11812370649299787,-0.007539620780171798,-3.0490952317409388,659,44.09381467535011,55.90618532464989,0.32629403293797465,0.013432975366132596,8.847828820128296,659,66.31470164689873,33.685298353101274,-0.33849066283781615,-0.017013302060664037,-9.220483941611558,659,33.075466858109195,66.9245331418908,-0.38025285264673303,-0.016995400971695517,-10.53825178356141,659,30.98735736766335,69.01264263233665,-0.4872049029298574,-0.023513374100084375,-14.300031645890469,659,25.639754853507128,74.36024514649287
VRTX,-0.028903752807961054,-0.0005189750843678404,-0.7411709785195705,659,48.55481235960195,51.44518764039805,-0.16556220117888681,-0.0020152951576666803,-4.303077467794013,659,41.72188994105566,58.27811005894434,-0.029318927700378042,-0.0008537221562609609,-0.7518262884725658,659,48.5340536149811,51.4659463850189,-0.07553251629556125,-0.0014185775181504918,-1.9415967897369908,659,46.223374185221935,53.776625814778065,-0.010071022166969718,-0.0002309252935932945,-0.2581536453529331,659,49.49644889165151,50.50355110834849,-0.2143872934184882,-0.004371334184311886,-5.625988880456382,659,39.280635329075594,60.719364670924406,-0.05432501497590807,-0.0011960771436570748,-1.394518671525219,659,47.2837492512046,52.7162507487954
VSAT,-0.3071986289470406,-0.01612358045996228,-8.274214908772628,659,34.640068552647975,65.35993144735203,0.007477713989775612,0.00026607021587206326,0.1916742079273789,659,50.37388569948879,49.62611430051121,-0.045320776607277395,-0.0038575872322337266,-1.162857507925238,659,47.73396116963613,52.26603883036387,0.03291200381915399,0.0018068553533716447,0.8440581174258341,659,51.645600190957694,48.354399809042306,-0.24068671076268547,-0.016132438075608633,-6.3561367309419285,659,37.96566446186573,62.03433553813427,-0.16140833979105984,-0.00962035017712249,-4.19218959393116,659,41.92958301044701,58.07041698955299,-0.28288516763317956,-0.018206206145326767,-7.559700971794638,659,35.85574161834102,64.14425838165897
VSEC,-0.367690667369997,-0.011154277129641272,-10.134598638690537,659,31.61546663150015,68.38453336849985,-0.09757808691223528,-0.00200676407887149,-2.513115529419385,659,45.121095654388235,54.878904345611765,-0.16475613904207806,-0.00810544056953506,-4.28154132908991,659,41.7621930478961,58.2378069521039,0.051518004043647814,0.0016347249772877645,1.3222659404989336,659,52.57590020218239,47.42409979781761,-0.2669684067059247,-0.010342472430870461,-7.100653416397866,659,36.65157966470377,63.34842033529623,-0.24514457635093012,-0.00844508075239945,-6.4813159593878495,659,37.742771182453495,62.257228817546505,-0.28695721543063146,-0.010674389253042269,-7.678209980390296,659,35.65213922846843,64.34786077153157
VST,-0.3772645865022778,-0.013361511079534118,-10.441628869355178,659,31.13677067488611,68.86322932511389,0.05692367606144121,0.0013667455551593167,1.461437977890034,659,52.84618380307206,47.15381619692794,-0.081880546320333,-0.004702907792447898,-2.105834157481547,659,45.90597268398335,54.09402731601665,0.18470961439599767,0.006842674531523414,4.817370729616684,659,59.23548071979988,40.76451928020012,-0.25238215391861674,-0.011414945888434962,-6.685487208195557,659,37.380892304069164,62.619107695930836,-0.23702997145201865,-0.009533129530045486,-6.253772795199256,659,38.14850142739907,61.85149857260093,-0.35927188166992796,-0.015602702481665856,-9.867698128542873,659,32.036405916503604,67.96359408349639
VT,-0.5573318826460245,-0.004984902373405919,-17.205482790075756,659,22.133405867698773,77.86659413230123,-0.050659900702041814,-0.00030717954965113394,-1.3001846293667887,659,47.46700496489791,52.53299503510209,0.0006028511579868459,8.744380862706798e-06,0.015452290463035364,659,50.03014255789934,49.96985744210066,0.11193555185428405,0.0010472193541833986,2.8872785157658494,659,55.5967775927142,44.4032224072858,-0.4738609047633857,-0.00541251767327548,-13.792882221857521,659,26.306954761830713,73.69304523816929,-0.6167508072758576,-0.006264338105418015,-20.083076556837664,659,19.162459636207117,80.83754036379288,-0.6151682732226594,-0.006746892045071637,-20.000105725458234,659,19.241586338867027,80.75841366113298
VTRS,-0.132184221385096,-0.0026544627023889315,-3.418141064906813,659,43.3907889307452,56.6092110692548,-0.05465888772878452,-0.0007441200317270452,-1.403114760853436,659,47.26705561356077,52.73294438643923,0.025393009732602577,0.000826965488560448,0.6510838556738705,659,51.26965048663013,48.73034951336987,-0.050637208329119894,-0.0010636374272595614,-1.299600732866986,659,47.46813958354401,52.53186041645599,-0.2371639675563984,-0.006082069746939015,-6.257518773298654,659,38.14180162218008,61.85819837781992,-0.18896850619151975,-0.0043093238614108145,-4.932511196367938,659,40.55157469042401,59.44842530957599,-0.21725332556072777,-0.00534971327619967,-5.704899753327956,659,39.137333721963614,60.862666278036386
VUG,-0.6186411462195888,-0.007591398385143122,-20.18270078891987,659,19.067942689020562,80.93205731097945,0.03118483195021065,0.00025942485648876556,0.7997189183487018,659,51.55924159751053,48.44075840248947,-0.18359305599818374,-0.003653553140980905,-4.787231025448308,659,40.820347200090815,59.179652799909185,0.07386232702069653,0.0009480534285903195,1.8984256451701151,659,53.69311635103483,46.30688364896517,-0.47309171196190813,-0.007413682789329069,-13.764030191213834,659,26.345414401904595,73.65458559809541,-0.6904013692558172,-0.009620714330253905,-24.461883598847177,659,15.47993153720914,84.52006846279086,-0.6670700830009312,-0.010037406385780028,-22.950957477521776,659,16.646495849953443,83.35350415004656
VUZI,-0.28694044492990944,-0.01697547953109954,-7.677720983890798,659,35.65297775350453,64.34702224649547,-0.05486642822494503,-0.002200504030976512,-1.4084584614065376,659,47.25667858875275,52.74332141124725,-0.024702113028143794,-0.002369957646140528,-0.6333581039563286,659,48.764894348592804,51.235105651407196,0.039658513312653736,0.0024541073690558996,1.0173277990484002,659,51.982925665632685,48.017074334367315,-0.1723140063333455,-0.01301836796206391,-4.483823252711773,659,41.38429968333273,58.61570031666727,-0.24267903499907037,-0.016303664776252856,-6.412028862064596,659,37.86604825004648,62.13395174995352,-0.22721274975370895,-0.01648276414720649,-5.9803345375996955,659,38.63936251231455,61.36063748768545
VWO,-0.4193719228690484,-0.004255624922143544,-11.840905474810477,659,29.031403856547577,70.96859614345243,-0.044981313817477685,-0.00030944347156117564,-1.1541297184342598,659,47.750934309126116,52.249065690873884,0.34481701427575895,0.005674516667739918,9.415826965430787,659,67.24085071378795,32.75914928621205,0.21796836115755772,0.002313578807636082,5.724610968070326,659,60.89841805787789,39.10158194212211,-0.29508286358899405,-0.003823962818111579,-7.916056067361179,659,35.245856820550294,64.7541431794497,-0.3998959637675179,-0.004608225335626932,-11.183263321561707,659,30.005201811624104,69.9947981883759,-0.43189608219736836,-0.005374156632605046,-12.274174879802523,659,28.405195890131584,71.59480410986842
VXUS,-0.40941648654349283,-0.003874353010752285,-11.502379137246711,659,29.52917567282536,70.47082432717464,-0.1253328473327715,-0.000804051680111377,-3.238065909938073,659,43.73335763336142,56.26664236663858,0.3458983534353817,0.005308337812694827,9.449360704379615,659,67.29491767176908,32.705082328230915,0.19656239772315182,0.0019456340086925527,5.138535647177167,659,59.828119886157594,40.171880113842406,-0.3077446789638521,-0.0037190335234351867,-8.290459559651268,659,34.6127660518074,65.3872339481926,-0.449743022166242,-0.004833046678199836,-12.906807294877945,659,27.512848891687902,72.4871511083121,-0.4312727030085189,-0.00500441014015064,-12.252407276399188,659,28.43636484957406,71.56363515042594
VXX,0.5142927841629513,0.0218711256797424,15.370957137416424,659,75.71463920814756,24.28536079185244,-0.04239603811479482,-0.0012222813212435014,-1.0876736703670826,659,47.88019809426026,52.11980190573974,0.14635577706115763,0.01009361583651116,3.792227558084861,659,57.317788853057884,42.682211146942116,-0.015672397638555352,-0.0006971448014436883,-0.40176441689716297,659,49.21638011807224,50.78361988192776,0.5380968705701445,0.02922313809532883,16.36348695176475,659,76.90484352850723,23.09515647149277,0.5753806263152088,0.027786806310215444,18.032056793936707,659,78.76903131576044,21.230968684239556,0.6322485979180809,0.032969749164342074,20.917040581884002,659,81.61242989590404,18.387570104095957
VYM,-0.3670065506150916,-0.0027939750854994567,-10.112804114936376,659,31.64967246924542,68.35032753075458,-0.028165994863670826,-0.00014536471618536767,-0.7222376376195312,659,48.59170025681646,51.40829974318354,-0.15743220786883524,-0.0019436519374824615,-4.086260620520817,659,42.12838960655824,57.87161039344176,-0.0018804631865797724,-1.497408847528959e-05,-0.04820013874854589,659,49.90597684067101,50.09402315932899,-0.5104931930346883,-0.004963000825864632,-15.217169789108668,659,24.475340348265583,75.52465965173442,-0.44825378312195047,-0.00387521114617368,-12.853299593708547,659,27.58731084390248,72.41268915609751,-0.5257427623669038,-0.004907825114518981,-15.841939286429191,659,23.712861881654813,76.28713811834518
VYMI,-0.28998729391901595,-0.0024215957981173373,-7.766688324738655,659,35.5006353040492,64.4993646959508,-0.1086661427700698,-0.0006151798933219704,-2.8019239413885115,659,44.56669286149651,55.43330713850349,0.4009443000987168,0.005429788648325582,11.218187434117192,659,70.04721500493584,29.952784995064164,0.10094530222678048,0.0008817300531927628,2.600715636101528,659,55.04726511133903,44.95273488866097,-0.3044607814799625,-0.003246831282576202,-8.192901201769622,659,34.77696092600188,65.22303907399812,-0.34136232220244583,-0.003237136131968959,-9.308976454929859,659,32.93188388987771,67.06811611012229,-0.3696968534478953,-0.0037856067922693226,-10.198621458038359,659,31.515157327605237,68.48484267239476
VZ,0.24500855259877663,0.003431320896144257,6.477489923959181,659,62.250427629938834,37.749572370061166,-0.06555057155943994,-0.0006223601387662726,-1.6838144533340973,659,46.722471422028,53.277528577972,0.054177405705031566,0.0012304798085106259,1.3907183839014041,659,52.70887028525158,47.29112971474842,-0.10446552170372238,-0.0015303117532973916,-2.692392829809913,659,44.77672391481388,55.22327608518612,0.053101177352350364,0.0009497076131108302,1.363012998853312,659,52.65505886761752,47.34494113238248,0.04247473529970217,0.000675512617412054,1.0896962984439391,659,52.123736764985104,47.876263235014896,0.10264047068311057,0.0017626487937815508,2.6448504227601566,659,55.13202353415553,44.86797646584447
WATT,-0.0472867742630791,-0.01037705735412787,-1.2134125072923805,659,47.635661286846045,52.364338713153955,-0.034151042268115994,-0.005080701574881285,-0.8758708094454482,659,48.2924478865942,51.7075521134058,0.006507269146382126,0.0023158450303635857,0.16679792740455376,659,50.325363457319106,49.674636542680894,0.01328162020795267,0.003048684139200804,0.34046466895445887,659,50.66408101039763,49.33591898960237,0.013449976177021391,0.0037693088310224217,0.3447811276767261,659,50.672498808851074,49.327501191148926,0.001942120180821944,0.00048398658381151893,0.04978054017837414,659,50.09710600904109,49.90289399095891,0.020997243625791334,0.005650200746919503,0.5383202660836275,659,51.04986218128956,48.95013781871044
WB,-0.20031828966995535,-0.00510524944066263,-5.240786827201386,659,39.98408551650223,60.01591448349777,0.02111518129636445,0.0003648180967895206,0.5413452573218682,659,51.05575906481822,48.94424093518178,0.2461830930331418,0.010174914839802226,6.510540491454333,659,62.309154651657096,37.690845348342904,0.011868451760605343,0.00031638601454156694,0.304233716838878,659,50.593422588030265,49.406577411969735,-0.18458073893960172,-0.006007425891147894,-4.813890959939115,659,40.77096305301991,59.22903694698009,-0.15654811335897736,-0.004530716572146447,-4.062735169213285,659,42.17259433205113,57.82740566794887,-0.22788303365273363,-0.007121564598135292,-5.998941543416588,659,38.60584831736332,61.39415168263668
WEAT,0.03972780054582514,0.0005434374488828401,1.0191079756581598,659,51.986390027291264,48.013609972708736,0.1059084624851299,0.0009821343485542115,2.730000742778036,659,55.295423124256494,44.704576875743506,0.0553974855935418,0.0012289134303769677,1.4221328284628318,659,52.76987427967709,47.23012572032291,-0.010095070003306098,-0.00014444124455955867,-0.25877013377731223,659,49.49524649983469,50.50475350016531,0.020648527606925978,0.00036070304489716854,0.5293761565151893,659,51.032426380346294,48.967573619653706,0.10035213669480957,0.0015588501130788838,2.585277620450411,659,55.01760683474048,44.98239316525952,0.006652128391958087,0.00011157906728777623,0.17051120235699724,659,50.3326064195979,49.6673935804021
WELL,0.13962644360095436,0.001797774292835686,3.6143114635943343,659,56.98132218004772,43.01867781995228,-0.1281476525841423,-0.00111857044611658,-3.311989088462184,659,43.59261737079289,56.40738262920711,0.025195500077082583,0.0005260980214790096,0.6460164235079783,659,51.259775003854124,48.740224996145876,-0.047799567503471606,-0.0006437515721483022,-1.2266011209370866,659,47.61002162482642,52.38997837517358,-0.0050871223454594695,-8.364603339520731e-05,-0.13039486436060355,659,49.74564388272702,50.25435611727298,-0.050988615110219224,-0.0007455270402095472,-1.3086429929773014,659,47.45056924448904,52.54943075551096,-0.009060114067132287,-0.00014304352965554661,-0.2322384774885128,659,49.54699429664339,50.45300570335661
WFC,-0.4212854953268962,-0.007357124136216055,-11.906561125646517,659,28.93572523365519,71.06427476634481,0.1030075975831143,0.0012195118683967026,2.6544118587077117,659,55.15037987915572,44.84962012084428,-0.27994295035435557,-0.007928249498917947,-7.4743505139067326,659,36.00285248228222,63.99714751771778,-0.1231064736114921,-0.002248740357729757,-3.1796526430837044,659,43.844676319425396,56.155323680574604,-0.5487898778142742,-0.012238927109238362,-16.826861087747766,659,22.560506109286287,77.43949389071372,-0.30529863980020605,-0.006054511945584995,-8.21776157645906,659,34.7350680099897,65.2649319900103,-0.4512063848277523,-0.00966215224863441,-12.959516711968778,659,27.439680758612383,72.56031924138762
WLK,-0.21858414882881688,-0.005229337152522296,-5.741593994133333,659,39.070792558559155,60.929207441440845,0.015340489077846634,0.0002488011479899581,0.3932538634658505,659,50.767024453892326,49.232975546107674,-0.04895723178095633,-0.0018994200928850451,-1.256378869424034,659,47.55213841095218,52.44786158904782,-0.059393602729370464,-0.001486258988059882,-1.5250697870600192,659,47.030319863531474,52.969680136468526,-0.28605501341166456,-0.008739432265035565,-7.651914362298701,659,35.69724932941677,64.30275067058324,-0.1543750183564769,-0.00419399293421246,-4.004952272604286,659,42.28124908217615,57.71875091782385,-0.26393058259411906,-0.0077425631734664374,-7.01376811039145,659,36.80347087029405,63.19652912970595
WLKP,-0.10301156751468694,-0.0010171138066178034,-2.654515257406275,659,44.84942162426565,55.15057837573435,-0.03436957852388574,-0.00023006097497600274,-0.8814822100738282,659,48.28152107380571,51.71847892619429,-0.002185693926075344,-3.499847293232522e-05,-0.0560238650919035,659,49.89071530369623,50.10928469630377,-0.006053447008711053,-6.251916150536005e-05,-0.15516486471734303,659,49.69732764956445,50.30267235043555,-0.14940748491357347,-0.0018839162298329988,-3.8730869859832557,659,42.52962575432132,57.47037424567868,-0.13062477388285368,-0.0014646430642246753,-3.3771111728495913,659,43.46876130585732,56.53123869414268,-0.14321894655361975,-0.0017340079790744301,-3.7092279699670905,659,42.83905267231901,57.16094732768099
WM,0.21134301504501812,0.0024815892118331007,5.542337095380744,659,60.56715075225091,39.43284924774909,-0.013565091413774906,-0.00010798163877250037,-0.34773257043812567,659,49.32174542931126,50.67825457068874,-0.04710812816338573,-0.0008970446034641957,-1.2088181052610023,659,47.64459359183071,52.35540640816929,-0.18500704989617422,-0.0022722552607491115,-4.825402776076018,659,40.74964750519129,59.25035249480871,-0.018802061033788526,-0.0002819376857330884,-0.48201984843416823,659,49.05989694831057,50.94010305168943,0.02768530492939169,0.00036915945724525103,0.7099021606960568,659,51.38426524646958,48.61573475353042,0.0014366777528291477,2.0685614325201253e-05,0.03682497830714816,659,50.07183388764146,49.92816611235854
WMB,-0.14107347084706998,-0.00203987296290104,-3.65252522268089,659,42.9463264576465,57.0536735423535,0.12265713794426886,0.0012023635244344617,3.1678693862751244,659,56.13285689721344,43.86714310278656,-0.07909667981953598,-0.00185477921461762,-2.03377891767497,659,46.045166009023205,53.954833990976795,0.03100205633305838,0.0004688944769616798,0.7950272093689711,659,51.550102816652924,48.449897183347076,-0.22162618043591928,-0.004092460636316398,-5.825597440594278,659,38.91869097820403,61.08130902179597,-0.055937122203225706,-0.0009185030095006083,-1.4360293453556825,659,47.203143889838714,52.796856110161286,-0.22610343807641203,-0.004008962549906035,-5.949559843199743,659,38.6948280961794,61.3051719038206
WMT,0.12729615673275557,0.0018108467120029597,3.2896183773091767,659,56.36480783663777,43.63519216336223,-0.05737858682597002,-0.0005533519448327543,-1.473155618268043,659,47.1310706587015,52.8689293412985,-0.08020168808138972,-0.001850231637312681,-2.062374186578579,659,45.98991559593051,54.01008440406949,-0.07972425979569489,-0.0011862705222367331,-2.050018423110625,659,46.01378701021525,53.98621298978475,-0.11569190467585007,-0.002101720918995449,-2.9854631468156008,659,44.21540476620749,55.78459523379251,-0.11922251987124018,-0.001925960552821409,-3.077865662548831,659,44.038874006437986,55.961125993562014,-0.12450112189724337,-0.0021717344712918955,-3.2162382029093237,659,43.77494390513783,56.22505609486217
WOLF,-0.3868990316351494,-0.028362362817522375,-6.459269310437093,239,30.65504841824253,69.34495158175747,-0.06467541971184913,-0.0030226244253901712,-0.9977543757624086,239,46.76622901440754,53.23377098559246,-0.08627506456074696,-0.0116872913623672,-1.333158611359962,239,45.68624677196265,54.31375322803735,0.3438243826046622,0.02102030344683923,5.636759976573911,239,67.19121913023312,32.80878086976688,-0.11683784023432987,-0.010990114945658989,-1.811099901227676,239,44.158107988283504,55.841892011716496,-0.3663114925993464,-0.02924259672533439,-6.060548642612583,239,31.684425370032677,68.31557462996733,-0.26243330430373796,-0.023924439002966643,-4.186858185413407,239,36.878334784813106,63.121665215186894
WPP,-0.12359326689874173,-0.0032206943827104233,-3.1924204194822527,659,43.82033665506292,56.17966334493708,-0.09458473155777777,-0.0016709403066878788,-2.435314869611221,659,45.27076342211111,54.72923657788889,0.042411885159544374,0.0017923320753415667,1.0880809600210377,659,52.12059425797722,47.87940574202278,-0.1426154572906725,-0.0038873008082361687,-3.693273002143155,659,42.869227135466375,57.130772864533625,-0.1442197010478006,-0.004799378190335381,-3.7356951024938767,659,42.78901494760997,57.21098505239003,-0.2163345798385426,-0.006401818280005436,-5.679587053879373,659,39.18327100807287,60.81672899192713,-0.16710254265072647,-0.005339552056750287,-4.344256576567579,659,41.644872867463675,58.355127132536325
WSM,-0.306003292122528,-0.008173110643952666,-8.23868584197599,659,34.6998353938736,65.3001646061264,-0.08910798812535041,-0.0016134782429180789,-2.293139127092867,659,45.54460059373248,54.45539940626752,-0.09327487634344757,-0.004040193426052442,-2.4012913587288787,659,45.336256182827626,54.663743817172374,0.04067371893931764,0.001136323553180993,1.0434126637248176,659,52.03368594696588,47.96631405303412,-0.28808621282171964,-0.009826286728145268,-7.7111471624136625,659,35.595689358914015,64.40431064108598,-0.31091409171553336,-0.009430275477387895,-8.384927091158145,659,34.45429541422334,65.54570458577666,-0.2924778172938164,-0.00957902430599702,-7.83960242194259,659,35.37610913530918,64.62389086469082
WULF,-0.36466008717623266,-0.025095640092460375,-10.038194396191537,659,31.766995641188366,68.23300435881163,0.006468087252812191,0.00030176655952562085,0.1657935532576836,659,50.32340436264061,49.67659563735939,-0.16352160017160172,-0.01824993703878387,-4.248574348683719,659,41.82391999141991,58.17608000858009,0.009267826240714221,0.0006671366112100514,0.23756322901601734,659,50.46339131203571,49.53660868796429,-0.24376140461307488,-0.021423018773626366,-6.442429450356417,659,37.81192976934625,62.18807023065375,-0.2967675390880036,-0.02319258383588551,-7.9656012109865655,659,35.161623045599825,64.83837695440018,-0.3109169603019148,-0.026237443830976863,-8.385012731789283,659,34.45415198490426,65.54584801509574
WVE,-0.1356298845940336,-0.010860268006176945,-3.5088903659630084,659,43.21850577029832,56.78149422970168,-0.04258197212191064,-0.0023115118150110023,-1.0924524679615533,659,47.87090139390447,52.12909860609553,-0.05242881211210959,-0.0068081852568525345,-1.34570669994005,659,47.37855939439452,52.62144060560548,-0.02914945385459522,-0.0024414195544097627,-0.7474767582189297,659,48.54252730727024,51.45747269272976,-0.08950511792007533,-0.009152478100312922,-2.303441367339156,659,45.524744103996234,54.475255896003766,-0.07868243222966988,-0.007154604326193344,-2.023061019137694,659,46.06587838851651,53.93412161148349,-0.09863535297026975,-0.009684669765544919,-2.5406114008657763,659,45.068232351486515,54.931767648513485
XAIX,-0.6133089619882395,-0.009191520399930054,-17.62146853535303,517,19.334551900588025,80.66544809941198,0.008800583490810077,8.977190474011524e-05,0.1997247566668458,517,50.4400291745405,49.5599708254595,-0.1004368276929568,-0.0024185234399641212,-2.29085820943382,517,44.97815861535216,55.02184138464784,0.09341911144190863,0.0014551231856485267,2.1293288418579976,517,54.67095557209544,45.32904442790456,-0.4295847040763752,-0.007991238706044153,-10.795727059950266,517,28.52076479618124,71.47923520381876,-0.6100567268827903,-0.010574395141019132,-17.47239863312321,517,19.497163655860483,80.50283634413952,-0.5963318748810735,-0.010683387801465126,-16.858456772445933,517,20.183406255946323,79.81659374405368
XBI,-0.34594582120383105,-0.005781933479790557,-9.450833720141953,659,32.702708939808446,67.29729106019155,-0.191429207021134,-0.002168994236537715,-4.999168084372551,659,40.4285396489433,59.5714603510567,-0.15077875086915757,-0.004086780751848019,-3.909457376923788,659,42.46106245654212,57.53893754345788,-0.03957532689575145,-0.0006918570308210973,-1.0151905341916956,659,48.02123365521243,51.97876634478757,-0.24257372231929505,-0.005177432352975603,-6.409072298407396,659,37.871313884035246,62.128686115964754,-0.3599074270509037,-0.0068309090763893805,-9.887748850272036,659,32.004628647454815,67.99537135254519,-0.3136176298232683,-0.006427358629006057,-8.46575330520502,659,34.31911850883659,65.6808814911634
XDAT,-0.5462402585164728,-0.008479619018637776,-16.715328675990037,659,22.68798707417636,77.31201292582364,0.0441976453307502,0.0004651327974924659,1.133982662070668,659,52.20988226653751,47.79011773346249,-0.23679612056203023,-0.005961333445077113,-6.247236195079388,659,38.16019397189849,61.83980602810151,-0.29709383584175597,-0.004824064682298224,-7.975206779722419,659,35.1453082079122,64.8546917920878,-0.3918035265631726,-0.007767238750212985,-10.915411438784615,659,30.409823671841373,69.59017632815863,-0.510925012229132,-0.009006840939434923,-15.234586361610209,659,24.4537493885434,75.5462506114566,-0.5395055504424415,-0.010269649350437358,-16.423880346106014,659,23.024722477877923,76.97527752212207
XENE,-0.14825974599045064,-0.00471809750167119,-3.84266283421627,659,42.587012700477466,57.412987299522534,-0.10391297696890156,-0.0022418091766197457,-2.6779962121650445,659,44.804351151554926,55.195648848445074,-0.05010243057617977,-0.0025857030698332403,-1.2858409710016843,659,47.49487847119101,52.50512152880899,-0.028036695069276103,-0.0009332485503372058,-0.7189194941707994,659,48.5981652465362,51.4018347534638,-0.14811714970224016,-0.006019420523569611,-3.838884017229014,659,42.59414251488799,57.40585748511201,-0.17180284753718097,-0.00620864332950288,-4.4701171143260074,659,41.40985762314095,58.59014237685905,-0.1685699730753922,-0.006577955635674347,-4.383516931865523,659,41.57150134623039,58.42849865376961
XIACF,-0.11690066145420516,-0.0034369434778970774,-3.0170853738695547,659,44.15496692728974,55.84503307271026,0.05023097513475306,0.0010011801409380162,1.2891483040576142,659,52.51154875673766,47.48845124326234,0.2872968588629251,0.013698168227573798,7.688115005497801,659,64.36484294314626,35.63515705685374,0.027744508764463424,0.000853216621203185,0.7114214241823419,659,51.38722543822317,48.61277456177683,-0.12142034536755211,-0.0045588212515377076,-3.1354462636917866,659,43.9289827316224,56.0710172683776,-0.06771559318503322,-0.0022608242488334957,-1.739679993854038,659,46.61422034074834,53.38577965925166,-0.14444739217970518,-0.005207534908930232,-3.741718521861081,659,42.77763039101474,57.22236960898526
XLB,-0.2835505937283575,-0.003041543096208881,-7.57903628458257,659,35.82247031358212,64.17752968641787,-0.10205686540287529,-0.000742148534892518,-2.629653280635369,659,44.897156729856235,55.102843270143765,-0.0030116964031179747,-5.2390289707194796e-05,-0.07719618614166303,659,49.8494151798441,50.1505848201559,0.009548234664521961,0.00010713055218497124,0.2447516153125627,659,50.4774117332261,49.5225882667739,-0.3436213939898147,-0.00470705515897594,-9.378798738058352,659,32.818930300509265,67.18106969949073,-0.3156799406854714,-0.003845325373452678,-8.527562461300674,659,34.21600296572643,65.78399703427357,-0.36842782120144446,-0.00484599424520298,-10.15810411020293,659,31.578608939927776,68.42139106007222
XLE,-0.18310213780031634,-0.0024508484549615197,-4.7739855526329675,659,40.844893109984184,59.155106890015816,0.369458119358688,0.0033525360315590385,10.190994178835664,659,68.47290596793441,31.52709403206559,-0.07658331000290011,-0.0016623917405100333,-1.968766162754604,659,46.170834499855,53.829165500145,-0.06560437708065649,-0.0009185074966365938,-1.6852025414374254,659,46.719781145967175,53.280218854032825,-0.38677203944137195,-0.0066112532329109346,-10.750390566010946,659,30.6613980279314,69.3386019720686,0.11981152196063538,0.0018211441456406803,3.09329232731225,659,55.990576098031774,44.009423901968226,-0.3417900583303907,-0.005609827824324767,-9.322182638602303,659,32.910497083480465,67.08950291651954
XLF,-0.4063563348565361,-0.004046133264110607,-11.399324416875093,659,29.682183257173193,70.3178167428268,0.01444499644443998,9.75069974194258e-05,0.3702929454609412,659,50.722249822222,49.277750177778,-0.27599666334959455,-0.004456697694369065,-7.3602313125566265,659,36.200166832520274,63.799833167479726,-0.23414058118509656,-0.002438578194706335,-6.1730888995390005,659,38.29297094074518,61.70702905925482,-0.5681536255237642,-0.007224446998620973,-17.69658738527143,659,21.592318723811786,78.40768127618821,-0.4413111007625622,-0.004990001703482466,-12.60560370679988,659,27.93444496187189,72.06555503812811,-0.5221925677318624,-0.006375744387503737,-15.69466759763874,659,23.89037161340688,76.10962838659312
XLU,0.11222457876651874,0.0010918389427470396,2.894828676188896,659,55.611228938325944,44.388771061674056,-0.2072126053302105,-0.001366696125917128,-5.429109575862135,659,39.639369733489474,60.360630266510526,0.03910662669104426,0.0006170170261561914,1.0031488601917233,659,51.95533133455221,48.04466866544779,0.03895550181197213,0.000396429756245335,0.999266356914112,659,51.947775090598604,48.052224909401396,-0.01678608979580782,-0.0002085575023262003,-0.43032187302700176,659,49.16069551020961,50.83930448979039,-0.08161019883375653,-0.0009016494584745735,-2.098834564811364,659,45.91949005831217,54.08050994168783,-0.021776377624546976,-0.00025979051938860697,-0.558304748669295,659,48.91118111877265,51.08881888122735
XLV,-0.013624537362619966,-0.0001248882391408814,-0.3492567121834843,659,49.318773131869,50.681226868131,-0.1945732028264832,-0.0012091160933915823,-5.084477045851242,659,40.271339858675844,59.728660141324156,-0.03888409020799394,-0.0005780267222673015,-0.9974317670373568,659,48.05579548960031,51.94420451039969,-0.12528730158935036,-0.0012012507716594669,-3.236870433604313,659,43.73563492053248,56.26436507946752,-0.14710963614978662,-0.0017220532558330289,-3.812191759706726,659,42.644518192510674,57.355481807489326,-0.2831712370807453,-0.0029476207839752894,-7.568011846895257,659,35.841438145962734,64.15856185403726,-0.16528880012568292,-0.001857848379456047,-4.2957718250311405,659,41.73555999371585,58.26444000628415
XMTR,-0.33604058156096583,-0.01710122740162205,-9.145212885249297,659,33.19797092195171,66.80202907804829,0.007125691696590434,0.0002458373004123555,0.18265044677205444,659,50.356284584829524,49.643715415170476,-0.16360372495703407,-0.013502212484191044,-4.250766760588341,659,41.81981375214829,58.18018624785171,-0.1317063889628421,-0.007010826878904993,-3.405566310441777,659,43.4146805518579,56.5853194481421,-0.29020765119479836,-0.018860364917533092,-7.773132661295662,659,35.489617440260076,64.51038255973992,-0.23687498778961286,-0.013689180602012026,-6.249440563212215,659,38.15625061051936,61.84374938948064,-0.31765791169762214,-0.01982267651031954,-8.586969969995282,659,34.117104415118895,65.88289558488111
XOM,-0.017552493321283523,-0.0002514429032535029,-0.4499750277779255,659,49.12237533393583,50.87762466606417,0.3336989328670336,0.0032407130630106107,9.073468719683627,659,66.68494664335168,33.31505335664832,0.004972376499978308,0.0001155156344274762,0.12745358594145065,659,50.248618824998914,49.751381175001086,-0.06593177931774831,-0.0009879209798711282,-1.6936492637545792,659,46.703411034112584,53.296588965887416,-0.2425115605708483,-0.004436481667026372,-6.407327273338226,659,37.874421971457586,62.125578028542414,0.24286470423688555,0.003950823814947368,6.4172419543311205,659,62.143235211844285,37.856764788155715,-0.18755295250136492,-0.0032945153414208573,-4.894209614357373,659,40.62235237493175,59.37764762506825
XOP,-0.2884896727679189,-0.005028400063831324,-7.722926130001997,659,35.57551636160405,64.42448363839594,0.4202370561165143,0.0049656841644664385,11.870564810929752,659,71.01185280582571,28.98814719417429,-0.143511708942784,-0.00405660838966902,-3.7169695030255316,659,42.8244145528608,57.1755854471392,-0.08311584229085982,-0.0015153404226205705,-2.1378233025538393,659,45.84420788545701,54.15579211454299,-0.433156887578398,-0.009641629868590228,-12.318266756171122,659,28.3421556210801,71.6578443789199,0.10292376660866388,0.0020372199354842294,2.6522284722493312,659,55.1461883304332,44.8538116695668,-0.3968366710067952,-0.00848161222288635,-11.081644243131839,659,30.15816644966024,69.84183355033976
XPEV,-0.1749053943839227,-0.006933397456580404,-4.553366060149871,659,41.25473028080386,58.74526971919614,-0.02592706523573177,-0.0006967571738974951,-0.6647863039018321,659,48.703646738213415,51.296353261786585,0.20422498047272258,0.01312888826527335,5.34739888341749,659,60.21124902363613,39.78875097636387,0.020318836053558276,0.0008424973913814623,0.5209201774029829,659,51.01594180267791,48.98405819732209,-0.10202780677813741,-0.005164961903580881,-2.6288966628754884,659,44.89860966109313,55.10139033890687,-0.11666264234895281,-0.0052516696003743115,-3.0108574975771796,659,44.16686788255236,55.83313211744764,-0.16228353798099926,-0.007888318235514415,-4.2155338773410245,659,41.885823100950034,58.114176899049966
XPON,-0.13635801331057273,-0.012972826212838384,-3.528083755305486,659,43.18209933447136,56.81790066552864,-0.014383348361329148,-0.0009276820000820804,-0.36871228851103854,659,49.280832581933545,50.719167418066455,-0.05907622772350577,-0.0091147106703713,-1.51689182306166,659,47.04618861382471,52.95381138617529,0.03403778404271736,0.00338720950677441,0.8729627041096435,659,51.70188920213587,48.29811079786413,-0.11253833712789531,-0.013672883317785994,-2.9030257309837184,659,44.373083143605236,55.626916856394764,-0.1370300968714353,-0.014804460779645336,-3.545804970710231,659,43.14849515642823,56.85150484357177,-0.14082187717565547,-0.016428243342578582,-3.6458793137899987,659,42.95890614121723,57.04109385878277
XYL,-0.27527347702278787,-0.004030632355721458,-7.3393620484530135,659,36.23632614886061,63.76367385113939,-0.09841402519861146,-0.0009769020235624597,-2.534854707321249,659,45.079298740069426,54.920701259930574,-0.16242585732432074,-0.0038569160169926527,-4.2193309452874175,659,41.87870713378396,58.12129286621604,-0.007179974229057231,-0.00010996603083252662,-0.18404192404157385,659,49.64100128854714,50.35899871145286,-0.33876941731391647,-0.006334592674665546,-9.22906117040649,659,33.06152913430418,66.93847086569582,-0.3559570630268513,-0.005918738152158817,-9.763373863858058,659,32.202146848657435,67.79785315134257,-0.354834921589566,-0.006370921239159984,-9.728153679762542,659,32.2582539205217,67.7417460794783
XYZ,-0.4093051477873174,-0.012513095162918524,-11.498621521387685,659,29.53474261063413,70.46525738936587,-0.05408437714466783,-0.0011209198732911225,-1.3883233558096697,659,47.29578114276661,52.70421885723339,-0.1988178612604263,-0.009857099367373987,-5.199910283639999,659,40.05910693697869,59.94089306302131,-0.2340563206849,-0.007484533909480308,-6.170738603408363,659,38.297183965754996,61.702816034245004,-0.2727181208034609,-0.010647244204025076,-7.265728796891202,659,36.36409395982695,63.63590604017305,-0.36788029940580164,-0.012771642865848067,-10.140643282514871,659,31.605985029709917,68.39401497029009,-0.33473832522146957,-0.012548448782855857,-9.105290491062018,659,33.263083738926525,66.73691626107347
YANG,0.20192994809177398,0.010131883192255962,5.2847364415565465,659,60.0964974045887,39.9035025954113,-0.05170930324345257,-0.001758908802534964,-1.3271889829034753,659,47.41453483782737,52.58546516217263,-0.39723352459808153,-0.03232299020929391,-11.094801458809712,659,30.13832377009592,69.86167622990408,-0.08390668278605216,-0.004403650448509692,-2.1583080576458826,659,45.80466586069739,54.19533413930261,0.18366938638234034,0.011768792196115877,4.789290829623484,659,59.18346931911702,40.81653068088298,0.1370918815510856,0.007811309964467414,3.5474343331125353,659,56.854594077554275,43.145405922445725,0.25030038697364076,0.015399904389746536,6.626640030742662,659,62.515019348682046,37.484980651317954
YCL,0.25028384704274065,0.0030452965333297244,6.626172875722657,659,62.51419235213703,37.48580764786297,-0.3653805029193241,-0.0030138895408237916,-10.06107763575684,659,31.730974854033793,68.26902514596621,0.3449905043115489,0.00680738172038533,9.42120424668356,659,67.24952521557745,32.75047478442255,0.015722390919729937,0.00020009774878717665,0.40304631901993154,659,50.786119545986494,49.213880454013506,0.3647884277798765,0.005668178231127319,10.04226947478353,659,68.23942138899383,31.760578611006167,0.065518553082541,0.0009052817349617684,1.6829884397735602,659,53.27592765412705,46.72407234587295,0.3453619031563791,0.005152740343225873,9.43271934906687,659,67.26809515781895,32.73190484218105
YMAX,-0.6476610049492462,-0.009189018191643262,-21.638191746240853,650,17.616949752537693,82.38305024746231,0.030941676111816183,0.00029772531773163445,0.7880237963235526,650,51.54708380559081,48.45291619440919,-0.1543684294605374,-0.0035569500405648376,-3.977252596127247,650,42.28157852697313,57.71842147302687,-0.01591915532190229,-0.0002359193140553679,-0.405286893495773,650,49.204042233904886,50.795957766095114,-0.45272408965063693,-0.008208721553240475,-12.924875604027752,650,27.363795517468155,72.63620448253184,-0.5725438992939884,-0.00928553754205951,-17.7766182222734,650,21.37280503530058,78.62719496469941,-0.6110030581067319,-0.01063285089850497,-19.647604660069202,650,19.449847094663404,80.5501529053366
DBC,-0.1449509921554678,-0.001513320933677928,-3.7550430860420123,659,42.752450392226606,57.247549607773394,0.5588549760198708,0.003955434209887767,17.273814749973514,659,77.94274880099354,22.05725119900646,0.0955314143900199,0.0016174551660194038,2.4599129063371037,659,54.776570719500995,45.223429280499005,0.02775237179031488,0.0003030657078022682,0.7116232023509527,659,51.387618589515746,48.612381410484254,-0.20224641986624298,-0.0026964748169506195,-5.293371809294733,659,39.88767900668785,60.11232099331215,0.40717778622234585,0.004827437036768723,11.426942495142471,659,70.3588893111173,29.641110688882705,-0.22297993863883614,-0.002854583175466136,-5.863037797837283,659,38.85100306805819,61.14899693194181
UUP,-0.06725817730548626,-0.0002644452068817296,-1.727874947708826,659,46.63709113472569,53.36290886527431,0.2570191056669958,0.0006850798750576534,6.816922089511827,659,62.85095528334978,37.14904471665022,-0.4835293051136923,-0.0030831141371762535,-14.159065089682079,659,25.823534744315385,74.17646525568462,-0.007478111459903391,-3.075455064211993e-05,-0.19168439674077328,659,49.62609442700483,50.37390557299517,-0.1944854784944037,-0.0009765252211550271,-5.082094545707634,659,40.27572607527981,59.72427392472019,0.005835449451520663,2.6054792050546035e-05,0.1495768526605585,659,50.291772472576035,49.708227527423965,-0.14573450511119984,-0.0007026192745029389,-3.775779694431462,659,42.713274744440014,57.286725255559986
SHY,0.2777822811202727,0.0002652074373423618,7.411817622523584,659,63.88911405601363,36.11088594398637,-0.5951121667122915,-0.0003851812907010423,-18.980975863168737,659,20.244391664385425,79.75560833561457,0.1625342857705142,0.0002516531335356538,4.222223988499181,659,58.12671428852572,41.87328571147428,-0.05081889241047299,-5.0749667413102166e-05,-1.304275695053346,659,47.459055379476354,52.540944620523646,0.5314040785537947,0.0006479055813385772,16.079162201574086,659,76.57020392768973,23.429796072310268,-0.06492462007452822,-7.039037354000841e-05,-1.6676670833394818,659,46.753768996273585,53.246231003726415,0.49571154932922834,0.0005803329898225044,14.63013345218111,659,74.78557746646142,25.21442253353858
XLY,-0.5964351737907685,-0.007714124948286529,-19.046432180105043,659,20.178241310461576,79.82175868953843,-0.05715668361570426,-0.00050115912160747,-1.467439696971295,659,47.14216581921479,52.85783418078521,-0.20604820690107215,-0.004321837738427029,-5.397244888323093,659,39.69758965494639,60.30241034505361,-0.06679459366089523,-0.0009036319537507808,-1.715911839759643,659,46.66027031695524,53.33972968304476,-0.46015857523426446,-0.007600402989719045,-13.284863279369919,659,26.992071238286776,73.00792876171323,-0.621621003156229,-0.009130021398681104,-20.340900413671513,659,18.91894984218855,81.08105015781145,-0.5628716910823187,-0.008926884000496887,-17.455245564598883,659,21.856415445884064,78.14358455411593
YPF,-0.2409557421398771,-0.00717522436457082,-6.363679064211328,659,37.95221289300614,62.04778710699386,0.18580656442349028,0.0037509774604227316,4.846999943567444,659,59.29032822117451,40.70967177882549,0.03216210031813928,0.0015531693224105328,0.8248060170591267,659,51.60810501590697,48.39189498409303,0.04880244787428244,0.0015200807444327685,1.2523971853129507,659,52.44012239371412,47.55987760628588,-0.24580951557744174,-0.00934765284565545,-6.5000250378316125,659,37.70952422112791,62.29047577887209,-0.08231540092223386,-0.0027835690378864297,-2.117094002096082,659,45.88422995388831,54.11577004611169,-0.2955539106529914,-0.01079200103718081,-7.92990106226936,659,35.222304467350426,64.77769553264957
Z,-0.23956110719776438,-0.006946532211025276,-6.324597111470151,659,38.02194464011178,61.97805535988822,-0.2074182185643523,-0.004077404876519892,-5.434738845005663,659,39.62908907178239,60.37091092821761,-0.12846371992462247,-0.006040994387819863,-3.320294780576957,659,43.576814003768874,56.423185996231126,-0.2933174121205366,-0.008896443661588833,-7.864222126983096,659,35.33412939397317,64.66587060602683,-0.1281485278638147,-0.004745380513259044,-3.312012087849855,659,43.59257360680927,56.40742639319073,-0.31739870365253503,-0.010451523100360642,-8.579177694980926,659,34.13006481737325,65.86993518262675,-0.1661087216494725,-0.005906242046974598,-4.317684287219938,659,41.694563917526374,58.305436082473626
ZBRA,-0.3950466178944393,-0.0103048551279688,-11.02238859393756,659,30.247669105278035,69.75233089472196,-0.004253917350748322,-7.522596820581036e-05,-0.10903744389624583,659,49.78730413246259,50.21269586753741,-0.18973072912888014,-0.008026152634808091,-4.953148361703911,659,40.51346354355599,59.48653645644401,-0.03354634983399998,-0.0009153046319726866,-0.8603446498323659,659,48.322682508300005,51.677317491699995,-0.3903537188009926,-0.013003418572424949,-10.867743758790398,659,30.482314059950365,69.51768594004963,-0.3860522539199414,-0.011435688812039482,-10.726876258639061,659,30.69738730400293,69.30261269599707,-0.4146201773583296,-0.013262061528383367,-11.67869507377997,659,29.26899113208352,70.73100886791647
ZETA,-0.334813331262617,-0.014553468376658045,-9.10758830255313,659,33.259333436869156,66.74066656313084,-0.00018390828960598445,-5.419388254247708e-06,-0.004713939425283457,659,49.9908045855197,50.0091954144803,-0.17943893503781647,-0.012649013145747186,-4.6752644864942425,659,41.028053248109174,58.971946751890826,-0.3302903827776333,-0.015017116115630245,-8.969373715948842,659,33.48548086111833,66.51451913888167,-0.28409102114163537,-0.015769827804586696,-7.594748264529333,659,35.79544894291823,64.20455105708177,-0.30984832420003183,-0.015294511490866688,-8.353126502985639,659,34.50758378999841,65.4924162100016,-0.3256310732681761,-0.01735628081079252,-8.827717206793553,659,33.71844633659119,66.2815536634088
ZLAB,-0.1482190928527225,-0.005417947575467062,-3.841585496728247,659,42.58904535736387,57.41095464263613,-0.07535080151993466,-0.0018672553810575475,-1.9368990260779517,659,46.232459924003265,53.767540075996735,0.06905173790939349,0.004093374288134539,1.7741697230579727,659,53.45258689546968,46.54741310453032,-0.04466112597787496,-0.0017076039927278954,-1.145897866521592,659,47.76694370110625,52.23305629889375,-0.09005534240919319,-0.004203836417672242,-2.317716982577227,659,45.49723287954034,54.50276712045966,-0.15051923306984905,-0.006248062112573987,-3.9025723643633823,659,42.47403834650755,57.52596165349245,-0.14191117875447012,-0.006360837748748299,-3.674658696218768,659,42.9044410622765,57.0955589377235
ZS,-0.2952290063099093,-0.009469692321775422,-7.920350810698961,659,35.23854968450454,64.76145031549547,0.050803522835332814,0.001104729288114119,1.3038802113424208,659,52.540176141766636,47.459823858233364,-0.1867739628132899,-0.009715594347623702,-4.873145469917248,659,40.66130185933551,59.33869814066449,-0.40807533476883134,-0.013691279467381036,-11.457157049392205,659,29.596233261558435,70.40376673844156,-0.2268200049686705,-0.009291030339907516,-5.969436152617704,659,38.658999751566476,61.341000248433524,-0.2614704803191016,-0.009524061748589378,-6.943570891734485,659,36.92647598404492,63.07352401595508,-0.2868639994112476,-0.01128287964936896,-7.675492072693283,659,35.65680002943762,64.34319997056238
ZSPC,-0.0916399226609488,-0.010619648927222848,-1.9083156743771803,432,45.41800386695256,54.58199613304744,0.011704688359640879,0.0009166315795028345,0.24273021128483835,432,50.585234417982036,49.414765582017964,-0.05889581294298479,-0.011778598423823963,-1.2234132512980578,432,47.05520935285076,52.94479064714924,-0.1264660362784277,-0.014527178297963884,-2.643681830021584,432,43.67669818607862,56.32330181392138,-0.10785493526949709,-0.015336892200597176,-2.2496505559635995,432,44.607253236525146,55.392746763474854,-0.0584308718736864,-0.007797113899449111,-1.2137220440783874,432,47.07845640631568,52.92154359368432,-0.1069714446458324,-0.014655560965849905,-2.231008406623509,432,44.65142776770838,55.34857223229162
ZTS,-0.04245329802301309,-0.0008018791701995818,-1.0891453283410417,659,47.87733509884934,52.12266490115066,-0.1312745728973344,-0.001680982946687981,-3.394204611930455,659,43.436271355133286,56.563728644866714,0.010765192305903074,0.00032975811087689624,0.2759495204127862,659,50.53825961529515,49.46174038470485,-0.09238782596768869,-0.001825320332009893,-2.378257364892684,659,45.380608701615564,54.619391298384436,-0.1230162186776909,-0.0029673279681561152,-3.1772856630341986,659,43.84918906611546,56.15081093388454,-0.2037629034310037,-0.004370642777086812,-5.334775200463769,659,39.81185482844982,60.18814517155018,-0.1275654503265071,-0.002954592745720526,-3.2966925238256133,659,43.62172748367465,56.37827251632535
RYN,-0.011769113924994296,-0.0001707283674113837,-0.3016869547243744,659,49.41154430375029,50.58845569624971,-0.20347818376724702,-0.002001082384331306,-5.326998673317686,659,39.82609081163765,60.17390918836235,0.04720075864317965,0.0011104195410069574,1.2112003518804557,659,52.36003793215899,47.63996206784101,-0.02589197816643438,-0.00039287464232882807,-0.6638860453795852,659,48.70540109167828,51.29459890832172,-0.08644767376558213,-0.0016014777551939194,-2.224154105155153,659,45.67761631172089,54.32238368827911,-0.12353275535522613,-0.0020350109142428232,-3.190833175391808,659,43.82336223223869,56.17663776776131,-0.05302968594152467,-0.0009432960991927864,-1.3611727626891688,659,47.34851570292376,52.65148429707624
WY,-0.026740927963985226,-0.00042247327777638667,-0.6856689630050242,659,48.66295360180074,51.33704639819926,-0.25252083435220424,-0.0027046133135872437,-6.689410923040634,659,37.373958282389786,62.626041717610214,0.0023109321239265816,5.920878594408975e-05,0.05923399633305377,659,50.115546606196325,49.884453393803675,-0.06398842977585478,-0.0010574286405997861,-1.6435203149726956,659,46.800578511207256,53.199421488792744,-0.1180677952628031,-0.002382099524612348,-3.0476316024751027,659,44.096610236859846,55.903389763140154,-0.14876464889660618,-0.0026689793008427476,-3.8560447874093473,659,42.561767555169695,57.438232444830305,-0.06533128169135677,-0.0012656423877248732,-1.6781573116815247,659,46.73343591543217,53.26656408456783
LPX,-0.17621824309757422,-0.004159607301555791,-4.588634977363116,659,41.189087845121286,58.810912154878714,-0.23159161836212955,-0.0037060348443256905,-6.102054937792865,659,38.42041908189352,61.57958091810648,-0.07444468631579884,-0.0028497802049090855,-1.9134766574684896,659,46.27776568421006,53.72223431578994,-0.01461119384247264,-0.0003607563741178164,-0.3745542681058384,659,49.269440307876366,50.730559692123634,-0.1682489349660906,-0.0050717690301713535,-4.374925167220781,659,41.58755325169547,58.41244674830453,-0.24655535840304377,-0.006609043407799956,-6.521022085143526,659,37.67223207984781,62.32776792015219,-0.15263624993179317,-0.0044180051234057795,-3.958761106079847,659,42.36818750341034,57.63181249658966
WFG,-0.14224388814389924,-0.0026228538281545246,-3.6834515996801076,659,42.88780559280504,57.11219440719496,-0.1889920093268062,-0.0023624852800595048,-4.933147404741389,659,40.550399533659686,59.449600466340314,0.01159079624332967,0.00034660110320051203,0.29711537842718166,659,50.57953981216649,49.42046018783351,-0.06383689466722746,-0.0012312296676695257,-1.639612244126357,659,46.80815526663863,53.19184473336137,-0.12819883670380108,-0.003018771465112728,-3.3133340471349246,659,43.590058164809946,56.409941835190054,-0.1724420308039131,-0.003610823794865216,-4.487256666512101,659,41.37789845980435,58.62210154019565,-0.11688753692020398,-0.0026428696464763824,-3.016741950850043,659,44.1556231539898,55.8443768460102
FND,-0.15858144197797658,-0.004347146793373048,-4.116856415330407,659,42.07092790110117,57.92907209889883,-0.30802571797198863,-0.005724322817075407,-8.298823822132718,659,34.59871410140057,65.40128589859944,-0.027977830062275014,-0.0012437759853047305,-0.7174088886040627,659,48.60110849688625,51.39889150311375,0.0010399531658572842,2.9818965347915156e-05,0.026656105646445886,659,50.05199765829287,49.94800234170713,-0.15311617161269908,-0.005360171479788281,-3.971506660617401,659,42.344191419365046,57.655808580634954,-0.32820072566832675,-0.01021678310909156,-8.905752058850267,659,33.58996371658366,66.41003628341633,-0.14498059287768403,-0.0048733642969800775,-3.7558263731700072,659,42.7509703561158,57.2490296438842
XNDU,-0.2817191371569289,-0.04153052638115875,-3.243042817867524,124,35.91404314215355,64.08595685784644,-0.039444842666617574,-0.003161240456190483,-0.43602186181349173,124,48.02775786666912,51.97224213333088,-0.10985528491370071,-0.03246513611781389,-1.2207799393381673,124,44.50723575431497,55.49276424568503,0.03687577344279244,0.003451778140093807,0.4075834453403113,124,51.843788672139624,48.156211327860376,-0.0092108828244276,-0.002197772997067975,-0.10174184208173395,124,49.53945585877862,50.46054414122138,-0.2237109238636455,-0.033116437397219756,-2.535221742445694,124,38.81445380681773,61.18554619318227,-0.16305508377660577,-0.037451700057237934,-1.8254320837401186,124,41.84724581116971,58.15275418883029
AMKR,-0.4784815859767249,-0.01824091339787562,-13.967064222492366,659,26.075920701163756,73.92407929883625,0.03780788010293487,0.0009771221885374233,0.969785378444964,659,51.890394005146746,48.109605994853254,-0.054953851211995024,-0.003397470405338261,-1.4107094612810291,659,47.25230743940025,52.74769256059975,0.37132038198938455,0.014806656014014295,10.250553520515744,659,68.56601909946922,31.433980900530784,-0.32516207830734745,-0.01583021896269423,-8.813498526011307,659,33.74189608463263,66.25810391536737,-0.4049921428217965,-0.01753277437724452,-11.353531893822343,659,29.750392858910175,70.24960714108983,-0.4275900864802308,-0.01998830846937036,-12.12425263956786,659,28.62049567598846,71.37950432401153
ONTO,-0.48186668122261406,-0.019475497289810226,-14.095622354254331,659,25.9066659388693,74.0933340611307,0.03784659596721293,0.0010369878729010957,0.9707798776929425,659,51.89232979836065,48.10767020163935,-0.06366906498188789,-0.004173172397630432,-1.6352840711463124,659,46.81654675090561,53.18345324909439,0.3991717701624155,0.016875176495575933,11.159168176720405,659,69.95858850812078,30.041411491879217,-0.32789055909214015,-0.01692373626995373,-8.896321259031758,659,33.60547204539299,66.39452795460701,-0.3891404238290239,-0.017860380188226253,-10.827925634170835,659,30.542978808548803,69.45702119145119,-0.4342573739685385,-0.02152166774895544,-12.356824820900027,659,28.287131301573076,71.71286869842692
MOS,-0.15701901735656157,-0.003750060769777395,-4.075264512754737,659,42.149049132171925,57.850950867828075,0.055522914542942295,0.0008989664863650178,1.425362715136664,659,52.77614572714712,47.22385427285288,0.06860184734779133,0.0026570397856073096,1.762555694942979,659,53.43009236738957,46.56990763261043,0.01811887716248101,0.0004526308772341804,0.46449951540488366,659,50.90594385812405,49.09405614187595,-0.1686918257522791,-0.005145004604495043,-4.386778383132619,659,41.565408712386045,58.434591287613955,-0.01562572363818553,-0.00042378822266573923,-0.4005676287941263,659,49.21871381809073,50.78128618190927,-0.17942861295974855,-0.005254662330753858,-4.674986598984018,659,41.028569352012575,58.971430647987425
AAOI,-0.3995364174862131,-0.03179719366714016,-11.171297498453733,659,30.023179125689346,69.97682087431065,0.07315443958508187,0.00394691982360308,1.8801329997802372,659,53.65772197925409,46.34227802074591,-0.18595413817869313,-0.02400017810959521,-4.850987420190717,659,40.70229309106534,59.29770690893466,0.13314507718065874,0.01108369025872298,3.4434345319567026,659,56.65725385903294,43.34274614096706,-0.271901433379173,-0.027634371822532276,-7.242230872550346,659,36.404928331041354,63.595071668958646,-0.2587481037017009,-0.023384726261037606,-6.866059096087545,659,37.06259481491495,62.93740518508505,-0.3666270723967088,-0.0357786553474478,-10.100722916361937,659,31.66864638016456,68.33135361983544
TT,-0.34787281426077443,-0.005763107112857364,-9.51070181706687,659,32.60635928696128,67.39364071303872,-0.02974545512919268,-0.000334073490686587,-0.7627733626888649,659,48.51272724354037,51.48727275645963,-0.10765640732421114,-0.0028923595530130387,-2.7755814769403666,659,44.61717963378945,55.38282036621055,0.23868086214314965,0.004136001091256238,6.299951343301391,659,61.934043107157486,38.065956892842514,-0.2718575463881077,-0.005751528451895678,-7.240968624675714,659,36.40712268059462,63.59287731940538,-0.3725441391378668,-0.007008686433217598,-10.289770068637752,659,31.37279304310666,68.62720695689333,-0.3639102362250929,-0.007392605574509558,-10.014398260463514,659,31.804488188745356,68.19551181125465
JCI,-0.4229994031089529,-0.007504230457515714,-11.965530253070286,659,28.850029844552356,71.14997015544765,0.031226781721835815,0.00037555956872496163,0.8007957479123775,659,51.56133908609179,48.43866091390821,-0.15517239486572273,-0.004464337994473184,-4.026147658770739,659,42.24138025671386,57.75861974328614,0.22562536056096572,0.004186789897707998,5.936304474540251,659,61.28126802804829,38.71873197195171,-0.3783557583483825,-0.008571808009557088,-10.476866567837114,659,31.082212082580874,68.91778791741913,-0.3995220915714483,-0.008048777109877241,-11.170820854272506,659,30.023895421427582,69.97610457857242,-0.44274943335297057,-0.009631445804606084,-12.65668534173405,659,27.86252833235147,72.13747166764853
SNDK,-0.387571290843421,-0.024027234583665808,-8.281557828953291,390,30.621435457828948,69.37856454217105,0.0465872740486399,0.0019471361661589778,0.9186603347660793,390,52.329363702432,47.670636297568,0.005267553610960959,0.0005673365261425655,0.10376021248895774,390,50.26337768054805,49.73662231945195,0.3860758853953737,0.02361894184350219,8.243994411191773,390,69.30379426976869,30.696205730231313,-0.2751456655990476,-0.020473858919257227,-5.637327539680605,390,36.24271672004762,63.75728327995238,-0.3359400486102807,-0.024001506880312853,-7.025552997543134,390,33.202997569485966,66.79700243051403,-0.3849147637072977,-0.027807513412710105,-8.214880645884687,390,30.754261814635115,69.24573818536489
NVR,-0.07124171698587381,-0.0011546575408216448,-1.8307202024632045,659,46.43791415070631,53.56208584929369,-0.33453512727306894,-0.003675748096700149,-9.0990664971035,659,33.27324363634655,66.72675636365345,-0.04033300507110472,-0.0010601213859508037,-1.0346579472748203,659,47.983349746444766,52.016650253555234,-0.07345829465284737,-0.0012453358952111684,-1.8879846211211453,659,46.32708526735763,53.67291473264237,-0.10426227969253557,-0.002158001358375375,-2.6870970431267,659,44.78688601537322,55.21311398462678,-0.2619877762794305,-0.004821948203633075,-6.958319430648483,659,36.90061118602848,63.09938881397152,-0.06291335851970328,-0.0012503418024231829,-1.6157968181411912,659,46.854332074014835,53.145667925985165
PHM,-0.1335250020283217,-0.002727877274497865,-3.4534383563582955,659,43.32374989858391,56.67625010141609,-0.3406225772995568,-0.004717597243647906,-9.286152566407035,659,32.96887113502216,67.03112886497783,-0.031127837181968238,-0.0010313056024377233,-0.7982558980567749,659,48.44360814090159,51.55639185909841,-0.01226381523233673,-0.00026206841330987787,-0.3143698915186832,659,49.38680923838316,50.61319076161684,-0.11275776259525547,-0.0029418082603031807,-2.9087588260179915,659,44.36211187023723,55.63788812976277,-0.2933813289021301,-0.006806398928883586,-7.866097193482458,659,35.3309335548935,64.6690664451065,-0.08130121899508545,-0.002036696676223508,-2.0908353092404135,659,45.934939050245724,54.065060949754276
LII,-0.24388298953330545,-0.005247306639148554,-6.44584601040784,659,37.805850523334726,62.194149476665274,-0.18616732646540604,-0.002715461137398186,-4.856748416991464,659,40.6916336767297,59.3083663232703,-0.09951498312992489,-0.0034723188983267214,-2.563494187495054,659,45.02425084350376,54.97574915649624,0.08385955130345144,0.001887271207554381,2.15708711917345,659,54.192977565172576,45.807022434827424,-0.1921324304709061,-0.005279117025500176,-5.018235320525697,659,40.39337847645469,59.60662152354531,-0.33701677899664634,-0.008234346753571169,-9.175178265132677,659,33.149161050167685,66.85083894983231,-0.23413979293200693,-0.006177279140310163,-6.173066911945317,659,38.29301035339965,61.70698964660035
TMHC,,,,0,,,,,,0,,,,,,0,,,,,,0,,,,,,0,,,,,,0,,,,,,0,,
WAT,-0.18869577314553992,-0.004190445662875807,-4.925129204816279,659,40.565211342723,59.434788657277,-0.11240143135321568,-0.001692213202868939,-2.8994489083034938,659,44.37992843233921,55.62007156766079,-0.08845923830037092,-0.0031857921176708117,-2.2763117930245453,659,45.57703808498145,54.42296191501855,-0.016414006944590644,-0.0003812760277696278,-0.420780697537817,659,49.17929965277047,50.82070034722953,-0.21505602122148804,-0.00609895356794693,-5.644387341774466,659,39.2471989389256,60.7528010610744,-0.2608867943770394,-0.006579196112131082,-6.926937229812085,659,36.95566028114803,63.04433971885197,-0.2323470547577284,-0.006327064709682548,-6.123093349245541,659,38.38264726211358,61.61735273788642
RVTY,-0.24024627552846403,-0.00523961855654824,-6.3437924217530846,659,37.9876862235768,62.0123137764232,-0.12085530218757383,-0.0017868739286907985,-3.120638322768673,659,43.95723489062131,56.04276510937869,-0.06198229273447961,-0.002192233656534739,-1.591791442055582,659,46.90088536327602,53.09911463672398,-0.048552655553324615,-0.0011075997325114286,-1.245971681332348,659,47.57236722233377,52.42763277766623,-0.2393044149176406,-0.006664988396526258,-6.317408340976391,659,38.034779254117964,61.965220745882036,-0.2775814772512191,-0.006874738520657604,-7.406012279366314,659,36.12092613743905,63.87907386256095,-0.24589126918635007,-0.006575869400602998,-6.502325973700634,659,37.7054365406825,62.2945634593175
TMDX,-0.22475642212048463,-0.00866384850419346,-5.912223501355246,659,38.762178893975765,61.237821106024235,-0.007846433429199462,-0.00020504832685069808,-0.20112606123028215,659,49.607678328540025,50.392321671459975,-0.17668050157594278,-0.011044945047233495,-4.601059287013015,659,41.16597492120286,58.83402507879714,-0.06232404820951565,-0.002512934914524136,-1.600602327921799,659,46.88379758952422,53.11620241047578,-0.18835161305774406,-0.009272007245031536,-4.915815603038845,659,40.5824193471128,59.4175806528872,-0.21356571892516082,-0.009348737715446217,-5.603396553401223,659,39.32171405374196,60.67828594625804,-0.226355533369209,-0.010699338260143005,-5.956551361989637,659,38.682223331539554,61.317776668460446
PWR,-0.43194691117004475,-0.010399344517707663,-12.275950715045356,659,28.402654441497766,71.59734555850224,0.04674285570271151,0.0007629147838045462,1.1994244270289682,659,52.33714278513557,47.66285721486443,-0.08964726711590956,-0.0035001676321657522,-2.3071292345608456,659,45.51763664420452,54.48236335579548,0.29243216291451024,0.007364233930577666,7.838264253211229,659,64.6216081457255,35.3783918542745,-0.2908551522429612,-0.008942481152461419,-7.79207661245226,659,35.45724238785194,64.54275761214805,-0.3303394562860697,-0.009031476098106485,-8.970869580137744,659,33.483027185696514,66.51697281430349,-0.4186401849133185,-0.012359006759288874,-11.815849889228305,659,29.067990754334073,70.93200924566592
BEPC,-0.13956524493866154,-0.0029720874438516104,-3.612695823657286,659,43.02173775306692,56.97826224693308,-0.1556962264946812,-0.0022477478122365237,-4.04007622387953,659,42.21518867526594,57.78481132473406,0.08575127910681261,0.002961427493787567,2.2061037667635737,659,54.28756395534064,45.71243604465936,0.11875613706260073,0.0026452529603319583,3.0656528817996906,659,55.937806853130034,44.062193146869966,-0.0862765052412717,-0.0023462945113230695,-2.219717165495923,659,45.68617473793641,54.31382526206359,-0.19230130832020126,-0.004650388475820904,-5.022815476978627,659,40.38493458398994,59.61506541601006,-0.15342182853129888,-0.004006254347867508,-3.9796256655162767,659,42.32890857343505,57.67109142656495
FNF,-0.05285900307971915,-0.0008355623269680014,-1.3567793578391687,659,47.35704984601404,52.64295015398596,-0.20592634617711633,-0.0022067695977467067,-5.393911459715589,659,39.70368269114418,60.29631730885582,-0.11119401169340808,-0.0028504765860051713,-2.8679108814172896,659,44.4402994153296,55.5597005846704,-0.2069477582894272,-0.00342174353153651,-5.421859714095301,659,39.65261208552864,60.34738791447136,-0.16176490646136998,-0.0032655013853656076,-4.20169911701516,659,41.9117546769315,58.0882453230685,-0.19520335188120957,-0.00350404639106705,-5.101594959248849,659,40.239832405939524,59.760167594060476,-0.0810542781886176,-0.0015710965974899108,-2.084442633946438,659,45.947286090569115,54.052713909430885
UWMC,-0.09685027014809644,-0.0032618708379395915,-2.4941925046128754,659,45.157486492595176,54.842513507404824,-0.28443650870199727,-0.006494361489347159,-7.604796834456539,659,35.778174564900134,64.22182543509987,-0.054275493997699556,-0.002964462116952301,-1.3932437145639431,659,47.28622530011502,52.71377469988498,-0.11272846939441947,-0.003971242245686059,-2.907993435507767,659,44.363576530279026,55.636423469720974,-0.036505423671555313,-0.0015701060805126089,-0.9363315369390879,659,48.17472881642224,51.82527118357776,-0.24566659669969546,-0.009395820838288646,-6.496002974620901,659,37.71667016501522,62.28332983498478,-0.010953951878296586,-0.00045238043633517156,-0.2807886639121066,659,49.45230240608517,50.54769759391483
FAF,-0.007853899628185486,-0.00012943680508073753,-0.20131745261808484,659,49.60730501859072,50.39269498140928,-0.2662131166125935,-0.0029743158366006836,-7.079030091147001,659,36.68934416937032,63.31065583062968,-0.11114111810935019,-0.002970457860319947,-2.866529586208756,659,44.442944094532486,55.557055905467514,-0.21220338981899362,-0.0036580665401820837,-5.565961539347169,659,39.38983050905031,60.61016949094969,-0.08933429035804002,-0.0018801664920484852,-2.2990096666831628,659,45.533285482097995,54.466714517902005,-0.19824891174957845,-0.0037102736649050746,-5.18442022445605,659,40.08755441252107,59.91244558747893,-0.024106119194818674,-0.00048715459166659485,-0.6180679253287743,659,48.79469404025907,51.20530595974093
COMP,-0.20634403302829527,-0.00838654909311032,-5.405338129866813,659,39.68279834858524,60.31720165141476,-0.261852845976558,-0.007214959094383351,-6.954471835182309,659,36.9073577011721,63.0926422988279,-0.13913663469175586,-0.009170839018513587,-3.601381728554604,659,43.043168265412206,56.956831734587794,-0.10177910770958393,-0.004326900057649297,-2.6224214061488498,659,44.911044614520804,55.088955385479196,-0.09928203959064302,-0.00515309024444253,-2.557433782464082,659,45.03589802046785,54.96410197953215,-0.2930890541439523,-0.013527379444427827,-7.857523946096847,659,35.34554729280238,64.65445270719762,-0.10905420035370957,-0.005435016155954348,-2.812050104300853,659,44.54728998231452,55.45271001768548
UHAL,-0.23064219938724986,-0.004176098785369313,-6.075630774250641,659,38.467890030637506,61.532109969362494,-0.1294830399163918,-0.00158938853251778,-3.3470877343216685,659,43.52584800418041,56.47415199581959,-0.07258841773193102,-0.0021314518125821746,-1.8655083850325684,659,46.37057911340345,53.62942088659655,-0.1062086431083511,-0.0020114938029517472,-2.7378266475139443,659,44.68956784458244,55.31043215541756,-0.26355763151225575,-0.006094151792226847,-7.003116808938895,659,36.82211842438721,63.17788157561279,-0.24392238091623572,-0.005015408792065101,-6.446952985276652,659,37.803880954188216,62.196119045811784,-0.241577716570607,-0.005363594383051071,-6.381122172639875,659,37.92111417146965,62.07888582853035
CSGP,-0.109430712785919,-0.0024324360141347204,-2.8218762460458073,659,44.52846436070405,55.47153563929595,-0.06310022373114593,-0.0009508637515506827,-1.620615213367598,659,46.8449888134427,53.1550111865573,-0.14976111164027522,-0.0053985539793098706,-3.882464109427684,659,42.511944417986236,57.488055582013764,-0.36946141613305594,-0.008590098292796867,-10.191099491060825,659,31.526929193347204,68.4730708066528,-0.19646500980482848,-0.005576902987634833,-5.135887491321732,659,40.17674950975857,59.82325049024143,-0.19542973987047177,-0.004933050310124304,-5.107746360639161,659,40.22851300647641,59.77148699352359,-0.194510350177129,-0.0053016612543971995,-5.082770021448406,659,40.27448249114355,59.72551750885645
FTDR,-0.1562617558639804,-0.0038988831251036593,-4.055117444149428,659,42.18691220680098,57.81308779319902,-0.12894947831492867,-0.002181183993532728,-3.333061660573962,659,43.552526084253564,56.447473915746436,-0.15884749510019708,-0.006427529576568804,-4.123941927925289,659,42.05762524499015,57.94237475500985,-0.10843389002413234,-0.002829954160352787,-2.795864045899576,659,44.578305498793384,55.421694501206616,-0.14587843096262143,-0.004648194355686434,-3.779589652282947,659,42.706078451868926,57.293921548131074,-0.2195679653054954,-0.006221271978038053,-5.768741975063703,659,39.02160173472523,60.97839826527477,-0.1428025289047101,-0.004369084840005196,-3.6982183256888583,659,42.85987355476449,57.14012644523551
GENB,-0.1950930559506106,-0.011285632043944931,-2.336725275876601,140,40.245347202469475,59.754652797530525,-0.1785947002257472,-0.005503122806838443,-2.1322941629813803,140,41.07026498871264,58.92973501128736,-0.08676375805474046,-0.00877237437732373,-1.023101579774925,140,45.661812097262974,54.338187902737026,0.07722303220288068,0.002997027942131178,0.9098822759830721,140,53.861151610144034,46.138848389855966,0.04003025658073772,0.003468464852316371,0.4706262613076194,140,52.00151282903689,47.99848717096311,-0.21547264985390452,-0.011871184639527644,-2.592119720010184,140,39.22636750730477,60.77363249269523,-0.11415570294251226,-0.009543566729877306,-1.3498500136708989,140,44.29221485287439,55.70778514712561
GFI,-0.11104978691357797,-0.003602286163450218,-2.864144565897685,659,44.4475106543211,55.5524893456789,-0.04901447861955407,-0.0010778791308209156,-1.257851518537799,659,47.5492760690223,52.4507239309777,0.26294029586414086,0.013832281668923396,6.985493416496889,659,63.14701479320705,36.85298520679295,0.09381123972255687,0.003183040771950527,2.415221875213356,659,54.69056198612784,45.30943801387216,0.023842196227855012,0.0009876712615295641,0.611297212348969,659,51.19210981139275,48.80789018860725,0.05818858400907845,0.0021434875398219024,1.4940218965821594,659,52.909429200453914,47.090570799546086,-0.06663908900107268,-0.0026506756870357273,-1.7118991810546436,659,46.66804554994637,53.33195445005363
P,-0.4280599665563832,-0.016323714040212458,-12.14056301562143,659,28.597001672180845,71.40299832781915,0.07307422748073934,0.0018891384768596232,1.8780604052279783,659,53.65371137403697,46.34628862596303,-0.104865896001321,-0.006485221788918832,-2.7028262031300674,659,44.75670519993395,55.24329480006605,0.14000738995488582,0.005584601265223877,3.6243693684143174,659,57.000369497744295,42.999630502255705,-0.27830643033187663,-0.013553244861886839,-7.426976009170381,659,36.084678483406165,63.915321516593835,-0.3598053811256747,-0.015581336723421784,-9.884528354972291,659,32.009730943716264,67.99026905628374,-0.40222075979912875,-0.018808142642201632,-11.260782136759506,659,29.888962010043564,70.11103798995643
FMQQ,-0.436578042095758,-0.0050731783159455104,-12.438358713508672,659,28.1710978952121,71.8289021047879,-0.08435865273047947,-0.0006645582740632179,-2.1700170562029935,659,45.782067363476024,54.217932636523976,0.0521628723587274,0.0009830054661763682,1.338862069730597,659,52.60814361793636,47.39185638206364,-0.011345093171117924,-0.00013789647082233396,-0.29081627188409637,659,49.432745341444104,50.567254658555896,-0.3405580595469515,-0.005053765426668975,-9.284162879146663,659,32.97209702265243,67.02790297734757,-0.4902883265405567,-0.006469824283011289,-14.419054989173567,659,25.48558367297217,74.51441632702783,-0.4471338824856293,-0.0063712241147950745,-12.813150343188319,659,27.64330587571854,72.35669412428146
EMQQ,-0.38407568469369185,-0.005257397573664579,-10.662422904638579,659,30.796215765315406,69.20378423468459,-0.01353852385219696,-0.00012563496328000715,-0.34705140276361574,659,49.32307380739015,50.67692619260985,0.2772469001372377,0.006154558474451246,7.396341818385342,659,63.86234500686189,36.13765499313811,0.036176722968689096,0.0005179765242290283,0.9278895585910686,659,51.80883614843446,48.19116385156554,-0.29587666238584626,-0.005172141486797105,-7.939391025062186,659,35.20616688070769,64.79383311929232,-0.37949233021042655,-0.005899017761179293,-10.513624590755212,659,31.025383489478674,68.97461651052133,-0.4020226584014169,-0.006747946035682443,-11.254166487342278,659,29.898867079929158,70.10113292007084
UAE,-0.2848029614100317,-0.0034028255311176186,-7.615458702776528,659,35.75985192949842,64.24014807050159,-0.10487198552678165,-0.0008494540046319555,-2.7029849006163866,659,44.75640072366092,55.24359927633908,-0.027753798098373084,-0.0005377665720439755,-0.7116598037744587,659,48.61231009508135,51.38768990491865,0.0646298327942379,0.0008077092566602814,1.6600632832819733,659,53.23149163971189,46.76850836028811,-0.2562323416119761,-0.00390962232558962,-6.79458600563202,659,37.1883829194012,62.8116170805988,-0.3702053881162337,-0.0050229703092619085,-10.214876358198433,659,31.489730594188316,68.51026940581168,-0.31370354815332346,-0.004596017519048222,-8.468325686541304,659,34.314822592333826,65.68517740766617
AER,-0.3607380072839216,-0.0054386289102258565,-9.913976539760041,659,31.96309963580392,68.03690036419607,-0.036436554335555385,-0.0003724088743740594,-0.9345627494336186,659,48.17817228322223,51.82182771677777,-0.06100895150483387,-0.00149165120274018,-1.5667005505755351,659,46.94955242475831,53.05044757524169,0.12409274894753324,0.001956909656512489,3.2055234337958773,659,56.20463744737666,43.79536255262334,-0.36617988879795915,-0.007050139205760291,-10.086493700755266,659,31.69100556010204,68.30899443989796,-0.33976188294791915,-0.005816943878520801,-9.259621486290241,659,33.01190585260404,66.98809414739597,-0.38891447806057505,-0.0071898312733261515,-10.820517853532824,659,30.554276096971243,69.44572390302875
BFAM,-0.014394281694053023,-0.0003342676290771441,-0.3689926188723164,659,49.28028591529735,50.71971408470265,-0.09990479268022529,-0.0015728084803910425,-2.573636669671783,659,45.00476036598874,54.99523963401126,-0.0709695651117077,-0.002672715077950926,-1.8236911615642755,659,46.45152174441461,53.54847825558539,-0.2777797390795269,-0.006747326640961788,-7.411744124240734,659,36.11101304602366,63.88898695397634,-0.05361078848383772,-0.0015898721320670734,-1.3761313367694727,659,47.319460575808115,52.680539424191885,-0.11735224161262611,-0.0030946989465401842,-3.0289026201774707,659,44.132387919368696,55.867612080631304,-0.03903217828734558,-0.001111460863760566,-1.001236220309325,659,48.048391085632716,51.951608914367284
FTAI,-0.3207367150297412,-0.012743343272891294,-8.679689026149836,659,33.96316424851294,66.03683575148706,-0.03457139938370085,-0.0009311869055870068,-0.8866645184442623,659,48.271430030814955,51.728569969185045,-0.1012251748545581,-0.006522279970906079,-2.608000709569245,659,44.9387412572721,55.0612587427279,0.12884318767125175,0.0053545504174257776,3.3302678827476275,659,56.44215938356258,43.55784061643742,-0.2558993245461542,-0.012984030395731651,-6.78513607061058,659,37.20503377269229,62.79496622730771,-0.23074531851087676,-0.010410948488171893,-6.078499889661022,659,38.462734074456165,61.537265925543835,-0.312109233724986,-0.015205768890076021,-8.420629639162481,659,34.3945383137507,65.6054616862493
AZ,-0.22576952088299365,-0.01266541381176151,-5.940301044954316,659,38.71152395585032,61.28847604414968,-0.042901032381498096,-0.0016315748852119734,-1.1006530857351042,659,47.854948380925094,52.145051619074906,-0.12043352780175878,-0.010956647179610904,-3.1095869975117507,659,43.97832360991206,56.02167639008794,-0.0799015075901925,-0.004688521287457665,-2.0546053999428167,659,46.00492462049037,53.99507537950963,-0.14578069646304526,-0.010443829472918699,-3.777002430018059,659,42.710965176847736,57.289034823152264,-0.1776418220381262,-0.011316756866460003,-4.62690716355419,659,41.11790889809369,58.88209110190631,-0.16989480097425722,-0.011686951033232681,-4.418987788048748,659,41.50525995128714,58.49474004871286
VITL,-0.06498703439666746,-0.002269954687840731,-1.669277066596842,659,46.75064828016663,53.24935171983337,-0.05595721264789995,-0.0013250483879833988,-1.4365467311501396,659,47.202139367605,52.797860632395,-0.07946506894679503,-0.004501351527179038,-2.0433112028738973,659,46.02674655266025,53.97325344733975,0.004458464896488978,0.00016289309184354723,0.11428055815683132,659,50.22292324482444,49.77707675517556,-0.08497873579707832,-0.0037905865196883517,-2.1860834883945066,659,45.75106321014608,54.24893678985392,-0.10552509647274025,-0.004185707929748688,-2.7200072379319127,659,44.72374517636299,55.27625482363701,-0.07662914466581401,-0.003282097738804279,-1.9699514155363582,659,46.168542766709294,53.831457233290706
CCS,-0.15143363011000746,-0.003718230395565643,-3.9268350171309883,659,42.42831849449963,57.57168150550037,-0.32892417866491674,-0.005475136591912754,-8.927761633944687,659,33.553791066754165,66.44620893324583,-0.05508914232371772,-0.002193593602298851,-1.4141930517566526,659,47.24554288381411,52.75445711618589,-0.04767569462780966,-0.001224440930981666,-1.2234151254382435,659,47.616215268609515,52.383784731390485,-0.11536319181611043,-0.00361731980158569,-2.9768660370822126,659,44.231840409194476,55.768159590805524,-0.28274442276624623,-0.007883711162598167,-7.555612864096437,659,35.86277886168769,64.13722113831231,-0.07718834050041233,-0.0023239818416725118,-1.9844128481889018,659,46.14058297497938,53.85941702502062
BLDR,-0.2658939025830113,-0.007580178964856731,-7.0698954819007875,659,36.70530487084943,63.29469512915057,-0.2380821397986354,-0.004601326955403318,-6.2831972755208705,659,38.095893010068224,61.904106989931776,-0.1075963783358458,-0.004974448403528532,-2.7740156863087306,659,44.62018108320771,55.37981891679229,0.005967867363927502,0.0001779578250438346,0.15297116741890393,659,50.29839336819637,49.70160663180363,-0.1995680722321742,-0.007265538725662852,-5.220343686960045,659,40.02159638839129,59.97840361160871,-0.31950099153530176,-0.010343463473626451,-8.642438270576935,659,34.02495042323491,65.97504957676509,-0.18671334382049198,-0.006526998314212693,-4.871506711887644,659,40.6643328089754,59.3356671910246
KRKNF,-0.27528695266635583,-0.010593457219950097,-7.339750796831336,659,36.23565236668221,63.76434763331779,0.029466693997379282,0.0007687209156426901,0.7556187494792949,659,51.473334699868964,48.526665300131036,-0.031057272638602897,-0.0019381688065224435,-0.7964445608650579,659,48.447136368069856,51.552863631930144,0.0028055954822930264,0.00011292861147857497,0.07191333795433166,659,50.140279774114646,49.859720225885354,-0.18576847874389205,-0.009129138422934068,-4.845970914957175,659,40.7115760628054,59.2884239371946,-0.14837862192989393,-0.006484046428537614,-3.845813246701328,659,42.581068903505304,57.418931096494696,-0.2550195901201176,-0.012033520301793138,-6.760184506979841,659,37.249020493994124,62.750979506005876
KBH,-0.11557752679856448,-0.002624870184829774,-2.982471611329428,659,44.221123660071775,55.778876339928225,-0.3637198102821514,-0.005599981401370061,-10.008358767431602,659,31.81400948589243,68.18599051410757,-0.034931472822073095,-0.0012865525398666543,-0.8959106692970088,659,48.25342635889635,51.74657364110365,-0.06290908423838681,-0.0014944267823208234,-1.6156866060626431,659,46.85454578808066,53.14545421191934,-0.0827322085675147,-0.0023994667150949124,-2.1278876930888897,659,45.86338957162426,54.13661042837574,-0.27031443294272867,-0.006971502084044475,-7.196617576263459,659,36.48427835286356,63.51572164713644,-0.04186001811332426,-0.0011657378769439667,-1.073897741771893,659,47.906999094333784,52.093000905666216
MTH,-0.14991060927047775,-0.0035197448350774937,-3.886428797713789,659,42.504469536476115,57.495530463523885,-0.31385659504723534,-0.004995687523466324,-8.47290845813958,659,34.30717024763823,65.69282975236177,-0.03778179839671553,-0.001438591976168668,-0.9691154168609902,659,48.110910080164224,51.889089919835776,-0.027880185539793576,-0.0006847015588965564,-0.7149031318292794,659,48.60599072301032,51.39400927698968,-0.13307986439307332,-0.003990219985512573,-3.4417175655899293,659,43.346006780346336,56.653993219653664,-0.28261254975343314,-0.007535168151740748,-7.551782931646024,659,35.86937251232835,64.13062748767166,-0.08446620933691024,-0.00243180573495079,-2.172803679182079,659,45.77668953315449,54.22331046684551
STC,-0.09752947047543299,-0.0017724171536637962,-2.5118513896331023,659,45.12352647622835,54.87647352377165,-0.19112390332003915,-0.00235467124608104,-4.99089255436427,659,40.443804833998044,59.556195166001956,-0.11312770205803829,-0.0033340740401305792,-2.9184254903876625,659,44.343614897098085,55.656385102901915,-0.2006367080268097,-0.0038138825765964097,-5.249466507244116,659,39.96816459865952,60.03183540134048,-0.17321849888715232,-0.004020036790951066,-4.508085340960716,659,41.33907505564238,58.66092494435762,-0.23840110838603748,-0.004919954001245333,-6.292122037691478,659,38.079944580698125,61.920055419301875,-0.09002076245753818,-0.0020060411067077603,-2.3168197402965123,659,45.49896187712309,54.50103812287691
QNT,-0.36001657086902333,-0.02490758778940987,-3.2970646003697537,75,31.999171456548837,68.00082854345116,-0.12257571643207453,-0.0044023632113356845,-1.0552448074985206,75,43.87121417839627,56.12878582160373,0.00029347700773681097,4.3022073764687246e-05,0.0025074687612504773,75,50.014673850386835,49.985326149613165,0.2840856208855463,0.013504827140325706,2.531530407545034,75,64.20428104427731,35.79571895572269,-0.03712040838367849,-0.004390488547606041,-0.31737564350614605,75,48.14397958081608,51.85602041918392,-0.10914886848380626,-0.007727323202367939,-0.9381735392237526,75,44.54255657580969,55.45744342419031,-0.18447664816056172,-0.0205264386545583,-1.6036935298955757,75,40.77616759197191,59.22383240802809
PCOR,-0.3685129144668815,-0.010374860112657841,-10.160818887316093,659,31.574354276655924,68.42564572334408,0.026086546723597514,0.0004978876172700307,0.6688782859441134,659,51.30432733617988,48.69567266382012,-0.19822278043307837,-0.009050223352076166,-5.183708911760288,659,40.088860978346084,59.911139021653916,-0.4363602382614638,-0.012849953427276925,-12.430693447929249,659,28.18198808692681,71.81801191307319,-0.3079514377028961,-0.011071780117415666,-8.296612864949987,659,34.60242811485519,65.3975718851448,-0.3126914367672817,-0.009996966099377622,-8.438037852620125,659,34.36542816163591,65.63457183836408,-0.3367196881010987,-0.011624254526296274,-9.166055229275546,659,33.16401559494506,66.83598440505494
INFQ,-0.40400693384634556,-0.029836369837793992,-5.336543045253678,148,29.79965330768272,70.20034669231728,-0.27204520424224676,-0.011202158266382151,-3.415969811644617,148,36.39773978788766,63.60226021211234,-0.09374768936601634,-0.012430251928328038,-1.1377683864883736,148,45.31261553169919,54.68738446830081,0.22811921282872072,0.011661821930990437,2.8310198460173885,148,61.40596064143604,38.59403935856396,-0.08060887433918924,-0.008014898711352513,-0.9771806662561708,148,45.96955628304053,54.03044371695947,-0.41283346657412096,-0.029506764611088122,-5.476778668612523,148,29.358326671293955,70.64167332870605,-0.23799379988742814,-0.023785329584321124,-2.960762583213693,148,38.10031000562859,61.89968999437141
SOAGY,-0.21732608693205732,-0.005934854479977794,-5.008333321628701,508,39.13369565339713,60.86630434660287,-0.04917997121664494,-0.0009143418229091247,-1.107616386517031,508,47.54100143916775,52.45899856083225,0.1262641383788968,0.005527343813998872,2.863156382258954,508,56.313206918944836,43.686793081055164,0.016992070279284538,0.00047902265006550713,0.382282361500009,508,50.849603513964226,49.150396486035774,-0.176302482662415,-0.006027400755909642,-4.0289353735565765,508,41.18487586687925,58.81512413312075,-0.22089227448567134,-0.00704421600193884,-5.094696967562444,508,38.95538627571643,61.04461372428357,-0.2033569768385724,-0.006740690366349772,-4.672025631122641,508,39.83215115807138,60.16784884192862
WRTBY,-0.0949321346363569,-0.003297272508232312,-2.44434080403481,659,45.25339326818216,54.74660673181784,-0.07025945759405067,-0.0016543659525523361,-1.8053526829048703,659,46.48702712029746,53.51297287970254,0.061684150992924104,0.0034744925351284706,1.584105432231215,659,53.0842075496462,46.9157924503538,0.10167141162553932,0.0036937482669012213,2.6196175298064084,659,55.083570581276966,44.916429418723034,-0.017618157745406513,-0.0007814618263465757,-0.45165892007492764,659,49.119092112729675,50.880907887270325,-0.10768669257894355,-0.0042474309517516575,-2.776371446404653,659,44.61566537105282,55.38433462894718,-0.0488300185636739,-0.002079675364687767,-1.2531064111763963,659,47.55849907181631,52.44150092818369
SPCX,-0.2490198365263583,-0.01530887410424303,-2.104613948279067,69,37.54900817368208,62.45099182631792,-0.17239771127740838,-0.0050737825801146245,-1.4325855780482202,69,41.38011443612958,58.61988556387042,-0.11817835678632042,-0.013824297866379235,-0.9741580653009088,69,44.09108216068398,55.90891783931602,0.04531367369778578,0.0017677515570100148,0.37128979053580574,69,52.26568368488928,47.73431631511072,0.10494113267056557,0.010095035447685113,0.8637494394304102,69,55.24705663352828,44.75294336647172,-0.3301370899906537,-0.019057297788937014,-2.8627969938303597,69,33.493145500467314,66.5068544995327,-0.12591921285280822,-0.011478984933047628,-1.0389628033354439,69,43.70403935735959,56.29596064264041
JKS,-0.23179015190554533,-0.00924121719056889,-6.107582835680479,659,38.41049240472273,61.58950759527727,-0.012501360613246684,-0.00033789104033822055,-0.3204600580745142,659,49.374931969337666,50.625068030662334,0.09617858530113906,0.006218544954227786,2.4767324779209376,659,54.808929265056946,45.191070734943054,0.06846987817545985,0.002855358205190944,1.759149085729253,659,53.42349390877299,46.57650609122701,-0.14875077842736503,-0.007573543480801726,-3.855677123167705,659,42.56246107863175,57.43753892136825,-0.16657131014380466,-0.0075414888408500995,-4.330051058461092,659,41.671434492809766,58.328565507190234,-0.1921353480895708,-0.009393091038472863,-5.018314445681283,659,40.39323259552146,59.60676740447854
ARRY,-0.23002425039330582,-0.011335470263638134,-6.05844191303985,659,38.498787480334705,61.501212519665295,-0.03600727900087552,-0.0012029329404444685,-0.9235378686788697,659,48.199636049956226,51.800363950043774,0.042734627253825,0.0034152463387661456,1.0963760308967443,659,52.13673136269124,47.86326863730876,0.09136345764065769,0.00470939687075053,2.351664744565282,659,54.56817288203288,45.43182711796712,-0.1982686981517145,-0.012477447513056591,-5.18495883180424,659,40.086565092414276,59.913434907585724,-0.1818184559871733,-0.010174816303357242,-4.7393679450276025,659,40.909077200641335,59.090922799358665,-0.2227037644440005,-0.013457380712355277,-5.855396867530429,659,38.86481177779997,61.13518822220003
TWODY,-0.10341961667939813,-0.001975929631811246,-2.3389084106735685,508,44.82901916603009,55.17098083396991,-0.24580538833292642,-0.0031972901519408347,-5.704266958304112,508,37.70973058335368,62.29026941664632,0.13035579343365153,0.0039924283749459425,2.9575167263837865,508,56.51778967168257,43.48221032831743,0.06533916255727101,0.0012887054148460649,1.472915570355991,508,53.26695812786355,46.73304187213645,-0.04214475666142673,-0.0010080580147238372,-0.9488659115233287,508,47.89276216692866,52.10723783307134,-0.25970542828480064,-0.005794333671411088,-6.049500302624676,508,37.01472858575997,62.98527141424003,-0.07680614963549541,-0.001781195673143892,-1.7328303164628147,508,46.159692518225235,53.840307481774765
PSMMY,-0.08132974299744582,-0.0017084645186304485,-2.091573748741797,659,45.93351285012771,54.06648714987229,-0.25278910826063006,-0.0035999802448862467,-6.697002503555837,659,37.360544586968494,62.639455413031506,0.18889578206342922,0.006435095858755294,4.930542676419551,659,59.44478910317146,40.55521089682854,0.028460164140718423,0.0006253466250410654,0.7297868636309951,659,51.42300820703593,48.57699179296407,-0.038455194514515664,-0.0010316140660414932,-0.9864136029164307,659,48.07724027427422,51.92275972572578,-0.24218788692786114,-0.005777389872780113,-6.398242354578006,659,37.89060565360695,62.10939434639305,-0.06940601339475223,-0.0017878073830430842,-1.7833161911346935,659,46.52969933026239,53.47030066973761
BTDPY,-0.08903888728186368,-0.001785526832707219,-2.291346643307372,659,45.54805563590681,54.45194436409319,-0.2822004423774455,-0.0038364500059224773,-7.5398172684309355,659,35.88997788112772,64.11002211887228,0.1753356336182067,0.005702076512522313,4.564921416478447,659,58.76678168091034,41.23321831908966,0.02658767519262119,0.0005576912975937626,0.681736593197621,659,51.329383759631064,48.670616240368936,-0.032169186620231806,-0.0008238201609902895,-0.8249879354879659,659,48.39154066898841,51.60845933101159,-0.225834901810367,-0.0051428091999768735,-5.942113742183874,659,38.708254909481646,61.291745090518354,-0.05355482030320967,-0.0013168984496573829,-1.3746905592289367,659,47.322258984839515,52.677741015160485
HQ,-0.3553523909765749,-0.04430200043798529,-4.216231964118623,125,32.23238045117125,67.76761954882875,-0.12146170502710509,-0.008228385774479003,-1.3571234551470874,125,43.92691474864475,56.07308525135525,-0.051106201272777554,-0.012839343515052315,-0.5675368342837928,125,47.44468993636112,52.55531006363888,0.2624663366729202,0.02097041168260967,3.016652870387952,125,63.123316833646,36.876683166354,0.030691567307711397,0.006204715046075833,0.34054637808240584,125,51.53457836538558,48.46542163461442,-0.2870612155920523,-0.03518235898250958,-3.3235433894240343,125,35.646939220397385,64.35306077960261,-0.17706768186003766,-0.03442470815128803,-1.9953040330480962,125,41.14661590699812,58.85338409300188
LEU,-0.35384638978453165,-0.018977635220909464,-9.697166903150439,659,32.307680510773416,67.69231948922658,0.061878859241765824,0.0022498565065130647,1.5891249074985632,659,53.09394296208829,46.90605703791171,-0.1038175823445797,-0.00902972310453279,-2.675510948211795,659,44.80912088277101,55.19087911722899,0.07032309292949547,0.003945046577164315,1.8069959482071098,659,53.51615464647478,46.48384535352522,-0.22132328762797643,-0.01515863574474497,-5.8172253127173095,659,38.93383561860118,61.06616438139882,-0.15113233699841114,-0.009204652927119255,-3.9188393556272385,659,42.44338315007944,57.55661684992056,-0.2954390022908608,-0.019429526480258703,-7.926523096818373,659,35.228049885456954,64.77195011454305
BWXT,-0.3649343861773068,-0.00875224317384368,-10.046904757083253,659,31.753280691134663,68.24671930886534,-0.0076669298633618614,-0.00012465545115844962,-0.1965246085242818,659,49.61665350683191,50.38334649316809,-0.09783112136496684,-0.0038050276458834087,-2.5196953038580254,659,45.10844393175166,54.89155606824834,0.15241102365708892,0.003823383086630978,3.95278063232701,659,57.62055118285445,42.37944881714555,-0.24957723050201472,-0.007643904079590386,-6.606220919714936,659,37.52113847489926,62.47886152510074,-0.1976254981487682,-0.005382329239882549,-5.167453603904214,659,40.11872509256159,59.88127490743841,-0.33712337037608403,-0.009914264740032114,-9.178452215409944,659,33.1438314811958,66.8561685188042
ESLT,-0.12057654824221671,-0.002591760837056224,-3.1133342248584386,659,43.971172587889164,56.028827412110836,-0.01988051137596116,-0.000289697550543097,-0.5096782221871443,659,49.00597443120194,50.99402556879806,0.01707967357995341,0.0005953712220412119,0.43785025356396123,659,50.85398367899767,49.14601632100233,-0.022329190003690727,-0.0005020325673989099,-0.5724847852332379,659,48.88354049981547,51.11645950018453,-0.0655715311498124,-0.001799919490387136,-1.6843551722600711,659,46.721423442509376,53.278576557490624,0.048186043848442585,0.0011761860966541333,1.236541611395117,659,52.409302192422125,47.590697807577875,-0.10117017906884578,-0.0026665618261136866,-2.606569122104781,659,44.941491046557715,55.058508953442285
LAC,-0.22261122484455492,-0.013465404026510256,-5.852836900007647,659,38.86943875777226,61.13056124222774,0.02339275823140121,0.0009592657924907246,0.5997675670286501,659,51.169637911570064,48.830362088429936,0.025938245213181603,0.0025444218569331627,0.6650731585265176,659,51.29691226065908,48.70308773934092,0.007464494493812013,0.0004722800250554405,0.19133533728637836,659,50.3732247246906,49.6267752753094,-0.15605872376302526,-0.012054967930781098,-4.049716988870429,659,42.197063811848736,57.802936188151264,-0.09054384933171562,-0.00621947859454214,-2.3303931236157513,659,45.47280753341422,54.52719246658578,-0.1752320493202689,-0.012997293690721553,-4.562139105246727,659,41.23839753398656,58.76160246601344
TE,-0.375883022044442,-0.026621174645525627,-10.397086097869334,659,31.205848897777898,68.7941511022221,0.03295050008244504,0.0015820554846810646,0.8450464613834086,659,51.64752500412225,48.35247499587775,-0.11331177326078262,-0.013014447537261322,-2.923235801466589,659,44.33441133696087,55.66558866303913,0.010426237374243493,0.0007723763351554868,0.26725996035764166,659,50.52131186871217,49.47868813128783,-0.25724842422869154,-0.02326659909834043,-6.8234351293214806,659,37.13757878856542,62.86242121143458,-0.24817322719250332,-0.019959613478155933,-6.56661097250179,659,37.591338640374836,62.408661359625164,-0.3062228036922644,-0.026593720255268016,-8.24520716737382,659,34.68885981538678,65.31114018461322
URNJ,-0.3496153474263802,-0.01180365246233215,-9.564957121187232,659,32.519232628680996,67.480767371319,0.05941114558034754,0.0013598125572018217,1.5255218361807292,659,52.97055727901737,47.02944272098263,0.06616409981776439,0.0036226345884114016,1.699643284504448,659,53.30820499088822,46.69179500911178,0.12122023074810674,0.004280828972368052,3.130201558440949,659,56.061011537405335,43.938988462594665,-0.18367883120231016,-0.007919371401121042,-4.789545707881369,659,40.81605843988449,59.18394156011551,-0.1469097433013043,-0.005632474299076236,-3.8068974033808645,659,42.654512834934785,57.345487165065215,-0.28816165855185055,-0.011929690672102013,-7.713349451312093,659,35.591917072407476,64.40808292759252
EWG,-0.31062300351144645,-0.003355654311169335,-8.376238074099273,659,34.46884982442768,65.53115017557232,-0.16700692269660594,-0.0012231036708554462,-4.3416993472031065,659,41.6496538651697,58.3503461348303,0.3172200619892344,0.005557512421478705,8.573808639858923,659,65.86100309946173,34.138996900538274,0.039823139737852176,0.00044999319245004303,1.0215575216985981,659,51.991156986892605,48.008843013107395,-0.2665551518505821,-0.0036773617941214197,-7.088820532753365,659,36.6722424074709,63.3277575925291,-0.42126110783319765,-0.00516794234069162,-11.905723165853344,659,28.93694460834012,71.06305539165987,-0.3501549287171617,-0.004638428929994273,-9.58178034538806,659,32.49225356414192,67.50774643585808
XLP,0.37518862332464664,0.002965069282207168,10.3747286359722,659,68.75943116623233,31.240568833767668,-0.21496164487086225,-0.0011516787590970588,-5.641790296279963,659,39.25191775645689,60.74808224354311,0.04596161937838237,0.000589056161164839,1.179335058111433,659,52.298080968919116,47.701919031080884,-0.15770331898949724,-0.0013036255510742668,-4.093476809864393,659,42.11483405052514,57.88516594947486,-0.013593014299625044,-0.00013718500301921222,-0.3484484881657494,659,49.32034928501875,50.67965071498125,-0.13096445211463217,-0.0011753340253216446,-3.386046103737862,659,43.45177739426839,56.54822260573161,0.016209953630122162,0.00015708474810977675,0.41554831244524654,659,50.81049768150611,49.18950231849389
RINF,-0.39766072965730315,-0.001494024552941776,-11.10897320203566,659,30.11696351713484,69.88303648286515,0.7488548320388274,0.0019073388811326915,28.962832138718035,659,87.44274160194136,12.557258398058636,-0.13985550894334303,-0.0008521200889332631,-3.6203591459762117,659,43.007224552832845,56.992775447167155,0.02535192131688065,9.962830783041033e-05,0.6500296591265196,659,51.26759606584403,48.73240393415597,-0.45488401539828194,-0.0021824855878884004,-13.092564316397318,659,27.255799230085902,72.7442007699141,-0.00016337638701475826,-6.97038892922435e-07,-0.0041876654435398794,659,49.99183118064926,50.00816881935074,-0.4412709401508367,-0.002032906575151334,-12.604179159066774,659,27.936452992458165,72.06354700754184
PDBC,-0.14243943529698289,-0.0014802416411232378,-3.688620149291674,659,42.87802823515086,57.12197176484914,0.5646207108101271,0.0039778131056885085,17.534810180204943,659,78.23103554050635,21.768964459493645,0.09262023090471933,0.0015609336020630123,2.384291658091284,659,54.631011545235964,45.368988454764036,0.028364389417329473,0.0003083206829038649,0.7273289892366587,659,51.418219470866475,48.581780529133525,-0.2049706091168881,-0.0027201925357800854,-5.367776905334227,659,39.75146954415559,60.24853045584441,0.4106421772841119,0.004846058158983278,11.543786344142545,659,70.5321088642056,29.467891135794403,-0.22195761345833986,-0.0028283912396704198,-5.834760468017829,659,38.90211932708301,61.09788067291699
VTI,-0.5888410386042365,-0.005632010059954099,-18.6739267211627,659,20.557948069788175,79.44205193021182,-0.006080661560638836,-3.942769420853152e-05,-0.15586246693506212,659,49.69596692196806,50.30403307803194,-0.19937723783293454,-0.003092552799494895,-5.215145049106305,659,40.03113810835327,59.96886189164673,0.0439702966598183,0.0004398976009809897,1.1281382295503573,659,52.19851483299092,47.80148516700908,-0.530517624877781,-0.006479937950350787,-16.041821786684924,659,23.47411875611095,76.52588124388905,-0.6530702337105229,-0.007093293584422617,-22.10426810927361,659,17.346488314473856,82.65351168552614,-0.665510479591023,-0.007805258901399836,-22.854548212510622,659,16.724476020448847,83.27552397955115
XSW,-0.537135913791754,-0.00918565775492319,-16.32239932009772,659,23.1432043104123,76.8567956895877,-0.006186203910075792,-7.171920983973368e-05,-0.15856788228654936,659,49.690689804496216,50.309310195503784,-0.2949574294491004,-0.008180156362085467,-7.912370379128987,659,35.25212852754498,64.74787147245502,-0.4983039270494221,-0.008913478574708304,-14.731829534039038,659,25.084803647528897,74.9151963524711,-0.4318688644230692,-0.009431562405560317,-12.273224018984276,659,28.406556778846536,71.59344322115346,-0.47273575511697263,-0.00918051858772425,-13.750692165913428,659,26.36321224415137,73.63678775584863,-0.4980468998669965,-0.010443916072166626,-14.721723288366103,659,25.09765500665018,74.90234499334983
LQD,0.2105820819330688,0.0008390778224647879,5.521454392268675,659,60.52910409665344,39.47089590334656,-0.7490468875926918,-0.002023368697721918,-28.97975232229655,659,12.547655620365411,87.45234437963458,0.10549407952446596,0.00068168715520253,2.7191987483170728,659,55.27470397622329,44.72529602377671,-0.03978130893833243,-0.00016580084597255516,-1.0204827612059792,659,48.01093455308338,51.98906544691662,0.2976854109853472,0.001514760799176611,7.992629467913411,659,64.88427054926736,35.115729450732644,-0.25365823489375966,-0.0011477637054260054,-6.721608281661227,659,37.317088255312015,62.682911744687985,0.23920365136615254,0.001168734044598877,6.314586801360952,659,61.96018256830763,38.03981743169237
USO,-0.0581666805430032,-0.0013501064125406497,-1.493457604232034,659,47.09166597284984,52.90833402715016,0.5494270376127592,0.00864547666877151,16.854838032135895,659,77.47135188063797,22.528648119362032,-0.02727817546507638,-0.0010267985217332215,-0.6994547801958101,659,48.63609122674618,51.36390877325382,-0.03261234800665546,-0.0007917765476168733,-0.8363649532064347,659,48.369382599667226,51.630617400332774,-0.1652843460918252,-0.0048992671612828505,-4.295652815707753,659,41.735782695408744,58.264217304591256,0.45153391319721514,0.011901639408081128,12.971332023961068,659,72.57669565986076,27.42330434013924,-0.1469649933831299,-0.004182873032151525,-3.8083607077834705,659,42.651750330843505,57.348249669156495
UFO,-0.49710927591037674,-0.010394767192317182,-14.684899838448894,659,25.14453620448116,74.85546379551884,0.006345623710913835,8.995439999688972e-05,0.16265437308720151,659,50.317281185545696,49.682718814454304,-0.1402936485307738,-0.0047574814776014645,-3.6319283669650284,659,42.985317573461316,57.014682426538684,-0.042674865664741615,-0.0009333873456408835,-1.0948400212690121,659,47.86625671676292,52.13374328323708,-0.37617348821043844,-0.010045157790405204,-10.406444244226446,659,31.19132558947808,68.80867441052192,-0.2933386606278814,-0.006965541733554632,-7.864845461650909,659,35.333066968605934,64.66693303139407,-0.4412957305005235,-0.011315133663783842,-12.605058493039499,659,27.935213474973825,72.06478652502618
KRE,-0.47460229125524583,-0.007817399050378189,-13.820729782081202,659,26.269885437237704,73.7301145627623,0.018487056526990907,0.00020643599083286336,0.47394143732156974,659,50.92435282634955,49.07564717365045,-0.3518409569433706,-0.009398424147276908,-9.6344180186228,659,32.40795215283147,67.59204784716853,-0.15897845252775086,-0.0027390348777971236,-4.127429917540309,659,42.05107737361246,57.94892262638754,-0.6311483234923775,-0.01327607089450341,-20.856503843383887,659,18.442583825381124,81.55741617461888,-0.3522306521388713,-0.006588435398563131,-9.646599467590221,659,32.38846739305644,67.61153260694357,-0.45212799117382313,-0.009131894993961009,-12.992779705447273,659,27.39360044130884,72.60639955869115
XAR,-0.49371462948984435,-0.007360647937424294,-14.552150398227207,659,25.31426852550778,74.68573147449221,-0.029802762672568386,-0.0003012185889602301,-0.7642442257263911,659,48.50986186637158,51.49013813362842,-0.19625172530931229,-0.004744929120073631,-5.130088447428857,659,40.18741373453438,59.81258626546562,0.02496509991816179,0.0003893141636562989,0.6401052274799618,659,51.24825499590809,48.75174500409191,-0.3845616537286509,-0.007321696206308756,-10.678253717664074,659,30.771917313567453,69.22808268643254,-0.2429585200062743,-0.004113342538350611,-6.4198763335035,659,37.85207399968628,62.14792600031372,-0.44915979974680337,-0.008211225743428223,-12.885836351172507,659,27.542010012659834,72.45798998734017
XLI,-0.4921043724689512,-0.00507770983443229,-14.489489020814867,659,25.394781376552437,74.60521862344757,-0.027113592981420343,-0.00018966313450576258,-0.6952315155857364,659,48.64432035092898,51.35567964907102,-0.19351765750777972,-0.003238228198216682,-5.055817947390717,659,40.324117124611014,59.675882875388986,0.10480466161056196,0.001131144535163417,2.701230407215101,659,55.2402330805281,44.7597669194719,-0.487537045250822,-0.006424272516335598,-14.312818778775894,659,25.6231477374589,74.37685226254109,-0.4495259213934875,-0.005267300425009186,-12.898998581842424,659,27.523703930325627,72.47629606967438,-0.5407091077229716,-0.006841343606026229,-16.47563370893922,659,22.964544613851416,77.03545538614858
QQQM,-0.6203881360251344,-0.007840679299519633,-20.275274978592794,659,18.98059319874328,81.01940680125672,0.029071886928006947,0.00024908560126105263,0.7454860319145965,659,51.453594346400344,48.546405653599656,-0.14916421303400798,-0.0030572506367971325,-3.866637025936283,659,42.5417893482996,57.4582106517004,0.18741549028881885,0.0024775506169941587,4.890491895544005,659,59.37077451444094,40.62922548555906,-0.45662206581371356,-0.007369750410094653,-13.155735637149528,659,27.16889670931432,72.83110329068568,-0.6767758902859291,-0.009713098197552067,-23.56341213163363,659,16.161205485703544,83.83879451429645,-0.6532944249079025,-0.010124328346390396,-22.117504461222854,659,17.33527875460488,82.66472124539513
IBIT,-0.3943098055196579,-0.01180865674478107,-10.9392952270102,652,30.284509724017106,69.71549027598289,0.07781023805911483,0.0015801770658408416,1.9898123490900392,652,53.89051190295574,46.10948809704426,-0.11203740239199197,-0.005444631099159503,-2.8745024000546375,652,44.3981298804004,55.6018701195996,-0.11471859277731626,-0.0035897525115534427,-2.9441992330047126,652,44.26407036113419,55.73592963886581,-0.30776260521204335,-0.011780588652361566,-8.246706578028546,652,34.61186973939783,65.38813026060217,-0.25996848039229625,-0.008894856440824907,-6.863923342947814,652,37.00157598038519,62.99842401961481,-0.3723950549555287,-0.01368351282376305,-10.23005180484384,652,31.380247252223565,68.61975274777643
VOYG,-0.3553275898145008,-0.020254508373431002,-6.682154118766653,311,32.233620509274964,67.76637949072503,-0.016432396745635697,-0.0006021513131343458,-0.2888941812167314,311,49.17838016271821,50.82161983728179,-0.06654292754823678,-0.006777400734310569,-1.1723162852856135,311,46.672853622588164,53.327146377411836,0.05154245522824079,0.0025504805890381515,0.9072395790874271,311,52.57712276141204,47.42287723858796,-0.19696523777178326,-0.014609818984298771,-3.5315135963199733,311,40.151738111410836,59.848261888589164,-0.15309163992069796,-0.009535892575936547,-2.7232066144135403,311,42.3454180039651,57.6545819960349,-0.2847019261569096,-0.020491778988945837,-5.220654222117026,311,35.76490369215452,64.23509630784548
MP,-0.2689219204765212,-0.012716029400150543,-7.156646365594218,659,36.55390397617394,63.44609602382606,-0.012342596928352318,-0.0003956553673104801,-0.3163896834208119,659,49.38287015358239,50.61712984641761,-0.026821263824670354,-0.0020567464370835255,-0.6877303500166574,659,48.658936808766484,51.341063191233516,0.05903274568837409,0.002919746513590574,1.5157714352460407,659,52.95163728441871,47.04836271558129,-0.15235406847474905,-0.009199941254898031,-3.9512683910528446,659,42.38229657626255,57.61770342373745,-0.14992401943954742,-0.008050432820935387,-3.886784449719549,659,42.50379902802263,57.49620097197737,-0.21030250494410752,-0.012193737114220074,-5.513784448789931,659,39.484874752794624,60.515125247205376
EXE,-0.19908542863242604,-0.0034881808603215345,-5.2071968888762115,659,40.0457285683787,59.9542714316213,0.23210710407057508,0.002756977038619426,6.11640961184537,659,61.60535520352875,38.39464479647125,-0.07337125706950212,-0.002084786933728166,-1.8857355142111123,659,46.3314371465249,53.6685628534751,-0.05421597552166123,-0.0009936047128357433,-1.3917113777137406,659,47.28920122391694,52.71079877608306,-0.22080037326786522,-0.004940432867261836,-5.8027758296378025,659,38.959981336606745,61.040018663393255,-0.015123659621892294,-0.0003009117238092293,-0.38769415358085735,659,49.24381701890538,50.75618298109462,-0.2290376925202658,-0.004920775398617006,-6.0310158585164295,659,38.54811537398671,61.45188462601329
AR,-0.24885190981849628,-0.0061499069719549455,-6.585752539665006,659,37.557404509075184,62.442595490924816,0.2539154329389967,0.004254042869121886,6.728893128660612,659,62.69577164694984,37.30422835305016,-0.12659013905862107,-0.005073453000360553,-3.271075313664545,659,43.670493047068945,56.329506952931055,-0.06296032255957004,-0.0016275013540483529,-1.6170077888753616,659,46.8519838720215,53.1480161279785,-0.26006724408501286,-0.008207651399922723,-6.903595747219107,659,36.99663779574935,63.00336220425065,-0.006912664575386026,-0.00019399732708206763,-0.1771897296167906,659,49.6543667712307,50.3456332287693,-0.27992763791250097,-0.008482823104807073,-7.4739069176951975,659,36.00361810437495,63.99638189562505
EE,-0.16079122949036243,-0.003840539528825377,-4.175735433445469,659,41.96043852548188,58.03956147451812,0.06930986126335942,0.0011223029609730671,1.780833727253333,659,53.46549306316797,46.53450693683203,-0.11706253923569082,-0.004534443761972314,-3.021321279455903,659,44.14687303821546,55.85312696178454,0.03758131264677855,0.0009389201824645579,0.9639655993984857,659,51.87906563233893,48.12093436766107,-0.2244180364573642,-0.006845313149027391,-5.9028498103286795,659,38.779098177131786,61.220901822868214,-0.036287103322252566,-0.0009842487652039762,-0.9307244094078947,659,48.18564483388737,51.81435516611263,-0.21127470104073728,-0.006187916462913066,-5.540461886533794,659,39.43626494796313,60.56373505203687
CRK,-0.1996372055999603,-0.006646591474456086,-5.222227144387158,659,40.01813972000199,59.98186027999801,0.23094942988648162,0.005212662347258439,6.084179581875652,659,61.54747149432408,38.45252850567592,-0.1205253410234186,-0.0065074684196083895,-3.111992540259748,659,43.97373294882907,56.02626705117093,-0.07382067074285323,-0.0025707647529319413,-1.8973491182485218,659,46.308966462857335,53.691033537142665,-0.24297508395342993,-0.010330585192978272,-6.42034147473636,659,37.851245802328506,62.148754197671494,0.028496223140238808,0.0010773765057563811,0.730712253831339,659,51.42481115701194,48.57518884298806,-0.23998526804070047,-0.009797361871376184,-6.336478990822358,659,38.00073659796498,61.99926340203502
QXO,-0.12620026090591877,-0.008587204555525517,-3.2608376021047483,659,43.68998695470406,56.31001304529594,-0.023172277108310987,-0.0010689206443106332,-0.5941115940454652,659,48.841386144584455,51.158613855415545,-0.018814362334445833,-0.0020761429618599055,-0.4823353228941141,659,49.059281883277706,50.940718116722294,0.04034470669467931,0.0028714745007828273,1.0349586170083296,659,52.01723533473397,47.98276466526603,-0.09157962241012098,-0.00795785612333446,-2.357275756249273,659,45.42101887949395,54.57898112050605,-0.1043692514787402,-0.008064674032517101,-2.6898843169085054,659,44.78153742606299,55.21846257393701,-0.10670403702551402,-0.008903063463913397,-2.750743546988399,659,44.6647981487243,55.3352018512757
TOL,-0.23855342396411813,-0.005176693043856701,-6.296384599032198,659,38.07232880179409,61.92767119820591,-0.33279663942581983,-0.004895881385806673,-9.045874535443147,659,33.36016802870901,66.63983197129099,-0.04233210227433995,-0.0014897479364502663,-1.0860304444888964,659,47.88339488628301,52.11660511371699,-0.011954752816696317,-0.00027135273690678867,-0.3064462573573129,659,49.402262359165185,50.597737640834815,-0.1446452644371203,-0.004008451729285427,-3.7469535954252975,659,42.767736778143984,57.232263221856016,-0.35482441134164155,-0.008743854945804902,-9.72782402677582,659,32.25877943291792,67.74122056708208,-0.13672015865729045,-0.0036380308378988007,-3.5376320323851473,659,43.163992067135474,56.836007932864526
ABNB,-0.39142117761055306,-0.008787618778573536,-10.902831034058094,659,30.42894111947235,69.57105888052766,-0.005377137487543567,-8.183954871416098e-05,-0.13782884107689256,659,49.73114312562282,50.26885687437718,-0.1434841395551218,-0.005224045886802727,-3.7162404416268937,659,42.82579302224391,57.17420697775609,-0.16959177967840453,-0.00398252520086296,-4.410872547330085,659,41.52041101607977,58.47958898392023,-0.32786481639285,-0.009399989798481207,-8.895538681835138,659,33.60675918035751,66.3932408196425,-0.42323224010582605,-0.010790170967332795,-11.97355333761462,659,28.838387994708697,71.1616120052913,-0.3745900504640557,-0.010312172987233493,-10.355472782543648,659,31.270497476797214,68.72950252320278
AEP,0.31811435182054965,0.003704376677861728,8.60069661389342,659,65.90571759102748,34.09428240897252,-0.24145417752313075,-0.0019061268457576629,-6.377656888909682,659,37.92729112384347,62.07270887615653,0.09951647685370571,0.0018793300893233942,2.563533050521084,659,54.97582384268529,45.02417615731471,0.0074012673345208654,9.014980997654404e-05,0.1897145637139918,659,50.37006336672605,49.62993663327395,0.12666940706930088,0.0018836894041298388,3.273156980552537,659,56.333470353465046,43.666529646534954,0.054639905225381785,0.0007225443505406375,1.4026260132399266,659,52.73199526126909,47.26800473873091,0.16384894744373188,0.0023396053031686155,4.257313786447012,659,58.19244737218659,41.80755262781341
ALLE,-0.1468978451795581,-0.0021660684310309502,-3.806582285103668,659,42.6551077410221,57.3448922589779,-0.1942106270324302,-0.0019413995911949822,-5.074630690758266,659,40.28946864837849,59.71053135162151,-0.10591128796609431,-0.0025326500980007672,-2.73007440138805,659,44.70443560169529,55.29556439830471,-0.014899001293291504,-0.00022979509342648842,-0.38193376178082905,659,49.25504993533543,50.74495006466457,-0.18312784554102343,-0.0034483934574734984,-4.774679081864233,659,40.843607722948825,59.156392277051175,-0.2386674656596491,-0.003996434164681041,-6.29957638581658,659,38.06662671701754,61.93337328298246,-0.15667733476599918,-0.0028328917889552476,-4.0661730802632485,659,42.16613326170004,57.83386673829996
APO,-0.48780499652613984,-0.011194450973105135,-14.323140563304278,659,25.60975017369301,74.39024982630698,0.10992598108590863,0.0017101810915843528,2.834803526157742,659,55.49629905429543,44.50370094570457,-0.24863175037635318,-0.009253144364745808,-6.579542030559501,659,37.56841248118234,62.43158751881766,-0.11213430866199228,-0.002691670594545675,-2.8924704984222527,659,44.393284566900384,55.606715433099616,-0.5357042215034664,-0.015699553523168746,-16.26134998418242,659,23.214788924826678,76.78521107517332,-0.36929326536272533,-0.009623889676496787,-10.185728647706572,659,31.535336731863733,68.46466326813626,-0.5396560294137083,-0.015185904022452656,-16.430343204274674,659,23.017198529314587,76.98280147068542
AXP,-0.4568008902407434,-0.007781899626249807,-13.162245973461578,659,27.15995548796283,72.84004451203717,0.055944623183658004,0.0006461037057922237,1.4362225166204332,659,52.7972311591829,47.2027688408171,-0.27243583183705317,-0.007526604687555909,-7.257604796451434,659,36.37820840814734,63.62179159185266,-0.1648314591650331,-0.0029371466583878836,-4.28355333645167,659,41.75842704174835,58.24157295825165,-0.5484436485884785,-0.011931536478315916,-16.811676172755735,659,22.577817570576077,77.42218242942393,-0.39239815694447744,-0.007591163334469893,-10.934989805806644,659,30.38009215277613,69.61990784722387,-0.5060040211596815,-0.010570115044840716,-15.03702356467668,659,24.699798942015928,75.30020105798407
AZTA,-0.28119188469664325,-0.009060378517680993,-7.510552600114329,659,35.94040576516784,64.05959423483216,-0.03544384727588036,-0.0007742293153946289,-0.9090682870016039,659,48.22780763620598,51.77219236379402,-0.14039329788801935,-0.007336115009681287,-3.6345599447897174,659,42.98033510559903,57.01966489440097,-0.03949572760735364,-0.001331130161395257,-1.0131454513352143,659,48.02521361963232,51.97478638036768,-0.22693786766171312,-0.009338050272824335,-5.972706434751019,659,38.65310661691434,61.34689338308566,-0.23851985125650316,-0.008727518595047478,-6.295445022312478,659,38.07400743717484,61.92599256282516,-0.2533133897484775,-0.01000849481265925,-6.711843319217249,659,37.33433051257612,62.66566948742388
BAH,-0.06299486164328073,-0.0014190760918671968,-1.6178983882122122,659,46.850256917835964,53.149743082164036,-0.005873720492689986,-8.970136027367038e-05,-0.15055786685567654,659,49.706313975365504,50.293686024634496,-0.10748379132413201,-0.003926627738673389,-2.7710790597701442,659,44.6258104337934,55.3741895662066,-0.27511863741547316,-0.0064825729795237735,-7.334895536655879,659,36.24406812922634,63.75593187077366,-0.09683779648168218,-0.00278580769869283,-2.4938682281990854,659,45.15811017591589,54.84188982408411,-0.02673508540903654,-0.0006839192480777623,-0.6855190458312658,659,48.66324572954817,51.33675427045183,-0.09514981126715666,-0.0026283037268024093,-2.449996754085482,659,45.242509436642166,54.757490563357834
BDX,0.015055318381680264,0.00023836356517884105,0.38594183169061186,659,50.752765919084005,49.247234080915995,-0.10072618003877214,-0.0010811289282354562,-2.595012329652244,659,44.963690998061395,55.036309001938605,0.0041520107378999116,0.0001066067227340808,0.10642530323278011,659,50.207600536894994,49.792399463105006,-0.09388613947855522,-0.0015548133318835393,-2.4171673523327137,659,45.30569302607224,54.69430697392776,-0.09866874376689179,-0.0019949646565307743,-2.541479922211094,659,45.06656281165541,54.93343718834459,-0.13027052237864323,-0.0023421719572743692,-3.3677941939429794,659,43.48647388106784,56.51352611893216,-0.07264171282523736,-0.0014102725965191255,-1.8668853218681476,659,46.36791435873813,53.63208564126187
BTDR,-0.38582417259303453,-0.02661982643748957,-10.719429993261928,659,30.708791370348276,69.29120862965172,-0.009348743227379554,-0.00043727456198182753,-0.23963756371675737,659,49.53256283863102,50.46743716136898,-0.1402719045178529,-0.01569504899968515,-3.631354157834034,659,42.986404774107356,57.013595225892644,-0.005963201226263566,-0.0004303502867581579,-0.15285155854104066,659,49.70183993868682,50.29816006131318,-0.2785037231780857,-0.024538751929602084,-7.432683577146906,659,36.07481384109572,63.92518615890428,-0.30035816441157026,-0.023533033956811236,-8.071472039757001,659,34.98209177942149,65.0179082205785,-0.3394501900487124,-0.02871831170798277,-9.25001998118597,659,33.02749049756438,66.97250950243563
CACI,-0.09810912830705255,-0.002050505891020734,-2.5269250186103807,659,45.094543584647376,54.905456415352624,0.006554654162182473,9.287238154376521e-05,0.1680125783750765,659,50.32773270810912,49.67226729189088,-0.11293110855661077,-0.0038277308451850453,-2.9132882716926636,659,44.35344457216946,55.64655542783054,-0.140905001290406,-0.0030803839968702603,-3.648074978000784,659,42.9547499354797,57.0452500645203,-0.15686899582400587,-0.004186917461476866,-4.071272580681818,659,42.1565502087997,57.8434497912003,-0.007985804710999318,-0.00018953655545889705,-0.2046987633195103,659,49.60070976445004,50.39929023554996,-0.1674359140691477,-0.004291086651716291,-4.353173141563598,659,41.62820429654261,58.37179570345739
CARR,-0.34349460974617996,-0.007017995359897901,-9.374875281912642,659,32.825269512691,67.174730487309,-0.07343829973688062,-0.0010171873712417877,-1.887467935848104,659,46.32808501315597,53.67191498684403,-0.10568511466287225,-0.0035017341343350056,-2.724178409176296,659,44.71574426685639,55.28425573314361,0.12568488153857008,0.00268598162004571,3.2473067416103794,659,56.2842440769285,43.7157559230715,-0.2812583888318096,-0.0073384495649154394,-7.512481474022018,659,35.93708055840952,64.06291944159048,-0.3472605770999712,-0.008056962215712563,-9.491665942984685,659,32.63697114500144,67.36302885499856,-0.3168723784339394,-0.007938612376696434,-8.563361958403409,659,34.156381078303035,65.84361892169696
CNM,-0.3593689464815395,-0.008660865299997213,-9.870759389931209,659,32.031552675923024,67.96844732407698,-0.020789303631550675,-0.000339661150067302,-0.5329868538844079,659,48.96053481842247,51.03946518157753,-0.1427765603006177,-0.005580252477605855,-3.697531809609851,659,42.86117198496912,57.13882801503088,0.03434952227258919,0.0008659010873748341,0.8809672162984131,659,51.71747611362946,48.28252388637054,-0.3004146582781362,-0.00924586474733662,-8.073140777145976,659,34.97926708609319,65.02073291390681,-0.258252781092988,-0.0070678681418445966,-6.851975146803708,659,37.0873609453506,62.9126390546494,-0.3018519987287622,-0.008920349213771344,-8.115628975978197,659,34.90740006356189,65.09259993643812
COR,0.18974662573149859,0.002880953076565814,4.9535788605278,659,59.48733128657493,40.51266871342507,-0.08166271821581444,-0.0008405647060096303,-2.1001943126118245,659,45.91686408920928,54.08313591079072,-0.05049831930080989,-0.001243412541636559,-1.2960270290202633,659,47.4750840349595,52.5249159650405,-0.050594990243349104,-0.0008035196200228422,-1.298514426434382,659,47.470250487832544,52.529749512167456,0.09948369499819443,0.0019289443984304383,2.562680151135436,659,54.97418474990972,45.02581525009028,0.02531152690574484,0.0004364185094496621,0.6489932717173906,659,51.26557634528724,48.73442365471276,0.1001855479933665,0.0018652380405232997,2.58094240319402,659,55.00927739966832,44.99072260033168
CTVA,-0.1040940534469315,-0.0017733301615510274,-2.6827139041472887,659,44.79529732765343,55.20470267234657,0.027084967422407093,0.00031280752623098507,0.6944969759470679,659,51.354248371120356,48.645751628879644,-0.032351175822477776,-0.000893778589009205,-0.8296599763107873,659,48.38244120887611,51.61755879112389,-0.07141752001170716,-0.0012726098826759593,-1.835260998268103,659,46.42912399941464,53.57087600058536,-0.21577727092645307,-0.004694345554209681,-5.6642401508263065,659,39.21113645367735,60.78886354632265,-0.08553792196263188,-0.001654798313885901,-2.20057426741644,659,45.723103901868406,54.276896098131594,-0.1984129520723494,-0.004144773112806081,-5.188885779601115,659,40.079352396382525,59.920647603617475
CW,-0.4217957898055631,-0.008034410586177897,-11.924102167802861,659,28.910210509721846,71.08978949027815,0.03067472118871709,0.00039611163690294715,0.7866249681328543,659,51.53373605943585,48.46626394056415,-0.15086206839798286,-0.0046602373424852505,-3.91166796799298,659,42.45689658010085,57.54310341989915,0.16659445962915423,0.00331924402024142,4.330670010505879,659,58.32972298145771,41.67027701854229,-0.3536763362347056,-0.008603268226690887,-9.691840109936516,659,32.316183188264716,67.68381681173528,-0.2221207938364301,-0.004804671415709211,-5.839272647284794,659,38.89396030817849,61.10603969182151,-0.42316505675876503,-0.009883906821363718,-11.971238041015116,659,28.841747162061747,71.15825283793825
DASH,-0.3727396074089088,-0.00945367764492597,-10.296039812567951,659,31.363019629554557,68.63698037044544,0.021557335682614618,0.00037065983345587047,0.5526863071945548,659,51.077866784130734,48.922133215869266,-0.19990506499347788,-0.008222336385214447,-5.229525426353049,659,40.004746750326106,59.995253249673894,-0.19901865113082817,-0.005279780533271587,-5.205378237926922,659,40.04906744345859,59.95093255654141,-0.265913492988637,-0.008612739259807921,-7.070456007634366,659,36.70432535056815,63.29567464943185,-0.33085427181346283,-0.009529161475985573,-8.986567170468962,659,33.457286409326855,66.54271359067315,-0.3420423575438639,-0.010637564343896823,-9.329975351897588,659,32.897882122806806,67.1021178771932
DELL,-0.3429926097349718,-0.013561139540710516,-9.359346127727598,659,32.85036951325141,67.14963048674859,0.03666071848901289,0.0009826471300445326,0.9403200596637163,659,51.83303592445064,48.16696407554936,-0.07170610894902671,-0.00459773329407659,-1.842715301129241,659,46.41469455254866,53.58530544745134,0.14816219417554943,0.00612739205401988,3.840077674157137,659,57.408109708777474,42.591890291222526,-0.2189116239485207,-0.011053146432298305,-5.750628478708476,659,39.05441880257396,60.94558119742604,-0.3037818115364612,-0.013639419395862313,-8.17277063619132,659,34.81090942317694,65.18909057682306,-0.33144584433702234,-0.016069081860151747,-9.00461633691356,659,33.42770778314888,66.57229221685111
ECL,-0.003438434359284076,-4.3188129319430836e-05,-0.08813450913249128,659,49.8280782820358,50.1719217179642,-0.1974473906888055,-0.0016812807859112966,-5.162607488950141,659,40.127630465559726,59.872369534440274,-0.01731536011408972,-0.00035270480776223824,-0.4438940545216437,659,49.13423199429551,50.86576800570449,0.008433549127955233,0.0001108002857167494,0.2161765138937588,659,50.42167745639776,49.57832254360224,-0.12466842476865622,-0.001999704417485853,-3.220628325405252,659,43.76657876156719,56.23342123843281,-0.2810973808317151,-0.004009434731416311,-7.507811829217795,659,35.945130958414246,64.05486904158576,-0.14173220867698164,-0.0021829273037560974,-3.669929368820935,659,42.91338956615092,57.08661043384908
EME,-0.47103337505285353,-0.011547028299170507,-13.687022028901657,659,26.448331247357327,73.55166875264267,0.045245301929134486,0.0007519296955224812,1.1609169744344776,659,52.26226509645673,47.73773490354327,-0.1547610395230552,-0.006152567464029309,-4.015212252769467,659,42.26194802384724,57.73805197615276,0.2522647116346073,0.006468474924625556,6.6821647329058305,659,62.613235581730365,37.386764418269635,-0.33017414084371566,-0.01033635187199063,-8.965830741978737,659,33.49129295781422,66.50870704218579,-0.35538461656232856,-0.009893270158006567,-9.745400699916143,659,32.23076917188357,67.76923082811643,-0.4413194848366693,-0.013265960976022324,-12.605901112388878,659,27.934025758166538,72.06597424183346
EXC,0.34719639270697056,0.003986179479666069,9.489671101247458,659,67.35981963534853,32.64018036465147,-0.24183783675091225,-0.0018823097422601303,-6.388419649583581,659,37.90810816245439,62.09189183754561,0.04388320108010688,0.0008170641225803458,1.1258993176275545,659,52.194160054005344,47.805839945994656,-0.08846250406436962,-0.0010623502375325148,-2.276396493388407,659,45.57687479678152,54.42312520321848,0.17245559591654228,0.0025285096457156216,4.487620475105377,659,58.62277979582712,41.37722020417288,0.06581661076074402,0.0008581038552973592,1.690677942328409,659,53.290830538037206,46.709169461962794,0.21767823846381584,0.0030645289045790644,5.716612060814587,659,60.883911923190794,39.116088076809206
FBIN,-0.23583487689670865,-0.0058156323312337985,-6.220379577903123,659,38.20825615516456,61.79174384483544,-0.2140837090534605,-0.0035789672680375316,-5.617639214562439,659,39.29581454732698,60.70418545267302,-0.09102082025546518,-0.0036400374472682056,-2.342771556362344,659,45.44895898722674,54.55104101277326,0.04927003583158034,0.0012708627031679115,1.2644257643636772,659,52.46350179157901,47.53649820842099,-0.24088338016281202,-0.007585800654644811,-6.361650232785174,659,37.95583099185939,62.04416900814061,-0.33128177456606733,-0.009277033995730799,-8.999609293937226,659,33.43591127169663,66.56408872830337,-0.22189743719843597,-0.006709779671640558,-5.833096635425821,659,38.905128140078205,61.094871859921795
FIX,-0.4701167761670042,-0.015510458133276315,-13.652822133692016,659,26.49416119164979,73.5058388083502,0.008278534064550433,0.0001851644086128511,0.21220274984939008,659,50.41392670322752,49.58607329677248,-0.16992948424586257,-0.009092091800753955,-4.419916726152456,659,41.50352578770688,58.49647421229312,0.2665134540657171,0.009197395461261094,7.087626818105807,659,63.32567270328585,36.67432729671415,-0.310152252201839,-0.013067710193649206,-8.362191610457316,659,34.49238738990805,65.50761261009194,-0.3735304134399041,-0.013994827151579698,-10.32142157913155,659,31.323479328004794,68.6765206719952,-0.41913241072021756,-0.016956537888064047,-11.832701213326207,659,29.043379463989123,70.95662053601087
GNRC,-0.334156134549805,-0.009661312980630669,-9.0874616911386,659,33.29219327250975,66.70780672749025,-0.03517254949982595,-0.0006894071103147244,-0.9021013551687443,659,48.2413725250087,51.7586274749913,-0.08777341369742221,-0.004115531201348466,-2.258525984111285,659,45.61132931512889,54.38867068487111,0.17395064158282553,0.005260652245752978,4.527732928895086,659,58.69753207914128,41.30246792085872,-0.2805885519778372,-0.01036006164455828,-7.493059010458762,659,35.970572401108136,64.02942759889186,-0.29258754486654537,-0.00960650120579383,-7.842818870315293,659,35.37062275667273,64.62937724332727,-0.3306892267274586,-0.011723946349934214,-8.981533688377494,659,33.46553866362707,66.53446133637293
GSK,0.17424684378157912,0.0027432933856476674,4.5356839305367735,659,58.71234218907896,41.28765781092104,-0.23436973032932576,-0.0025014628200398918,-6.179481350148981,659,38.281513483533715,61.718486516466285,0.18868577859401728,0.00481751084127913,4.924858707452783,659,59.43428892970086,40.56571107029914,0.011437324069138747,0.00018834695735465068,0.2931807955156346,659,50.57186620345694,49.42813379654306,0.06516106880777729,0.0013100902487703813,1.6737664044268385,659,53.25805344038886,46.74194655961114,-0.1278967047135876,-0.0022865957131326894,-3.305395351972667,659,43.60516476432062,56.39483523567938,0.04823149029516135,0.0009311187673791784,1.2377105679918232,659,52.411574514758065,47.588425485241935
HII,-0.1799534760945886,-0.004139687633425343,-4.689118811829642,659,41.00232619527057,58.99767380472943,0.05954816537839749,0.0009286689249028838,1.5290526497344188,659,52.97740826891988,47.02259173108012,-0.13013853888197277,-0.004855002462587434,-3.3643233024396983,659,43.49307305590136,56.50692694409864,-0.04928379922618451,-0.0011858734813629057,-1.2647798367110892,659,47.53581003869078,52.46418996130922,-0.21238413822593513,-0.006239288811211985,-5.570926307050756,659,39.38079308870324,60.61920691129676,-0.02162225144185067,-0.0005648471464752304,-0.5543513927223555,659,48.918887427907464,51.081112572092536,-0.23476759527322588,-0.006622356344718046,-6.190582964587433,659,38.26162023633871,61.73837976366129
HPE,-0.4093127628556312,-0.012095059262018351,-11.498878505687294,659,29.53436185721844,70.46563814278156,0.0412127488639119,0.0008255996352026663,1.05726389996143,659,52.06063744319559,47.93936255680441,-0.15534968928202647,-0.00744456453711514,-4.030861487155575,659,42.23251553589867,57.76748446410133,0.11890624116517531,0.0036752273554856727,3.0695833087269686,659,55.945312058258764,44.054687941741236,-0.3554839387834322,-0.013414620045012308,-9.748518229639956,659,32.22580306082839,67.77419693917162,-0.3445337247976308,-0.01156131268601171,-9.40704883103872,659,32.77331376011846,67.22668623988153,-0.40945376388626104,-0.014836267136527635,-11.503637363020445,659,29.52731180568695,70.47268819431305
IBKR,-0.49542763776380644,-0.011538740012730826,-14.619027547089111,659,25.228618111809674,74.77138188819032,0.13363731138200519,0.0021100419182887905,3.456395877466383,659,56.68186556910027,43.31813443089973,-0.1488811691086117,-0.0056233371744057355,-3.859133478186351,659,42.555941544569414,57.444058455430586,0.007040506135844214,0.0001715176765846008,0.1804668051910485,659,50.352025306792214,49.647974693207786,-0.45550615450100623,-0.013548090398271137,-13.115154870848752,659,27.224692274949692,72.77530772505031,-0.36504576134071376,-0.009654908487016427,-10.050442335124789,659,31.74771193296431,68.25228806703569,-0.5228281218149055,-0.014931524798736155,-15.720949025456974,659,23.858593909254726,76.14140609074528
ICLR,-0.20226545087223308,-0.006560983964728839,-5.293891151554827,659,39.88672745638835,60.11327254361165,-0.00246233735589144,-5.414770061235814e-05,-0.06311485010919486,659,49.87688313220543,50.12311686779457,-0.08008212913961944,-0.004212685878487575,-2.0592798876025236,659,45.99589354301903,54.00410645698097,-0.04272991854896467,-0.0014497936069482122,-1.0962550059764191,659,47.86350407255176,52.13649592744824,-0.17544251710925365,-0.0072675461422301805,-4.5677925091781475,659,41.22787414453732,58.77212585546268,-0.18054333506934556,-0.00665045599248609,-4.7050060117466215,659,40.97283324653272,59.02716675346728,-0.20118682936481397,-0.008002282493569173,-5.264466202750806,659,39.9406585317593,60.0593414682407
KKR,-0.4824761091662313,-0.011617893039413841,-14.11885391660652,659,25.876194541688434,74.12380545831157,0.04576137928374945,0.0007470262490827666,1.1741862662701505,659,52.288068964187474,47.711931035812526,-0.28240779780320374,-0.01102819511301047,-7.5458373289346,659,35.87961010983981,64.1203898901602,-0.1508930345095128,-0.0038005600508038387,-3.9124895864675815,659,42.45534827452436,57.54465172547564,-0.4905917288558296,-0.015086116644717065,-14.430804962371766,659,25.47041355720852,74.52958644279148,-0.41622713264551364,-0.011381634677790157,-11.733421273788498,659,29.18864336772432,70.81135663227568,-0.5092545415729882,-0.015036734591916177,-15.167297497611173,659,24.53727292135059,75.46272707864941
MCK,0.191652391625119,0.0031848193369192245,5.005218655660982,659,59.58261958125595,40.41738041874405,-0.08934058396251783,-0.0010064785899639547,-2.2991729351303536,659,45.53297080187411,54.46702919812589,-0.03100924358283966,-0.0008356759948609073,-0.7952116990109394,659,48.44953782085802,51.55046217914198,-0.06149640571581368,-0.0010689247613498015,-1.5792656306075543,659,46.925179714209314,53.074820285790686,0.08298289239821437,0.001761022096343534,2.1343799668520487,659,54.149144619910714,45.850855380089286,0.006312890065129879,0.00011913009239408798,0.16181529349141152,659,50.31564450325649,49.68435549674351,0.08861512987520509,0.0018056995899869478,2.2803550560401975,659,54.430756493760256,45.569243506239744
MDLZ,0.3647292590018255,0.0046494184690542475,10.040390662166073,659,68.23646295009127,31.763537049908734,-0.20001713356783393,-0.0017285439526334258,-5.2325792863664,659,39.99914332160831,60.00085667839169,0.12506078540772372,0.002585385925461583,3.230925187018755,659,56.25303927038618,43.74696072961382,-0.10355474169284318,-0.0013807812079296028,-2.668663690467501,659,44.82226291535784,55.17773708464216,0.0823198304537266,0.0013401029961958998,2.1172087037803986,659,54.115991522686336,45.884008477313664,-0.0037945716566436644,-5.4930491439409496e-05,-0.0972632035766845,659,49.81027141716782,50.18972858283218,0.119436016578293,0.0018669401917846982,3.0834570132602646,659,55.97180082891465,44.02819917108535
MMC,,,,0,,,,,,0,,,,,,0,,,,,,0,,,,,,0,,,,,,0,,,,,,0,,
MNST,0.1260658551044195,0.0018776387149728785,3.257308630418869,659,56.30329275522098,43.69670724477902,-0.13434040573358294,-0.0013564581798023116,-3.4749140413439794,659,43.28297971332085,56.71702028667915,0.020133017013963816,0.00048629478724075323,0.5161543374981312,659,51.006650850698186,48.993349149301814,-0.04113347689552853,-0.0006408211309553325,-1.0552268222130647,659,47.94332615522357,52.05667384477643,-0.004974386221844132,-9.461494428501922e-05,-0.1275051010661878,659,49.7512806889078,50.2487193110922,-0.16990906424508567,-0.0028737818619430896,-4.419369805780538,659,41.50454678774572,58.49545321225428,-0.017368224689324394,-0.00031720282692120874,-0.4452496913993411,659,49.13158876553378,50.86841123446622
MSCI,-0.07578686638834803,-0.0013209587959233352,-1.9481726777549038,659,46.210656680582595,53.789343319417405,-0.08688498310972316,-0.001026656680636131,-2.2354907080490922,659,45.65575084451384,54.34424915548616,-0.13275664143663812,-0.0037525611134910644,-3.433208204316107,659,43.36216792816809,56.63783207183191,-0.2619767486542007,-0.004776226507261539,-6.958004956748094,659,36.90116256728997,63.09883743271003,-0.185025836532691,-0.004118445998944774,-4.825910142686243,659,40.74870817336545,59.25129182663455,-0.22154094133705726,-0.004385024370050863,-5.823241204703953,659,38.92295293314714,61.07704706685286,-0.19604133155547226,-0.004189961449879928,-5.124368742610241,659,40.197933422226384,59.802066577773616
MSTR,-0.3848372470185102,-0.021949861110420063,-10.687236008206817,659,30.75813764907449,69.24186235092552,0.041637313306163236,0.0016099877497903158,1.068174412915225,659,52.08186566530816,47.91813433469184,-0.12254498664184311,-0.011335127837140512,-3.1649286696464833,659,43.872750667907845,56.127249332092155,-0.12890495166964322,-0.007690438857500638,-3.3318912935441607,659,43.554752416517836,56.445247583482164,-0.2760539684612846,-0.020107327468688246,-7.361885565980426,659,36.19730157693577,63.80269842306423,-0.26677253244262256,-0.017278995151338326,-7.095044348790885,659,36.66137337786887,63.33862662213113,-0.3497124676269302,-0.024458671031603877,-9.567984362343552,659,32.51437661865349,67.4856233813465
NRG,-0.32275776789087646,-0.009452632110503166,-8.740720066836053,659,33.86211160545618,66.13788839454382,0.003938872864765154,7.820476431676552e-05,0.10096201672836906,659,50.19694364323826,49.80305635676174,-0.06626001638675866,-0.0031470510486251743,-1.7021180755938325,659,46.68699918066207,53.31300081933793,0.22313457200529957,0.006835491736143778,5.86731669837743,659,61.15672860026498,38.84327139973502,-0.2534848640927443,-0.009480555029262813,-6.716698607439865,659,37.325756795362786,62.674243204637214,-0.21675972575267674,-0.007209038406150936,-5.691298431714001,659,39.16201371236616,60.83798628763384,-0.3227049007585881,-0.01158907240384252,-8.739121909616339,659,33.8647549620706,66.1352450379294
NVT,-0.5138259965462797,-0.013413217236468048,-15.35199824780064,659,24.308700172686017,75.69129982731398,0.050522211356129706,0.0008940965771680023,1.2966417815647007,659,52.526110567806484,47.473889432193516,-0.1272621875350638,-0.005387564288945005,-3.288726083789604,659,43.63689062324681,56.36310937675319,0.28330066693191924,0.007735552322641103,7.571772757753453,659,64.16503334659596,35.83496665340404,-0.36976543291987307,-0.01232675809020124,-10.200812925641262,659,31.511728354006348,68.48827164599365,-0.38016919489928136,-0.011269807609444961,-10.53554156170443,659,30.991540255035932,69.00845974496407,-0.4645013946327413,-0.01486863054451097,-13.444530484131128,659,26.774930268362933,73.22506973163706
PGR,0.1630844184507328,0.002416555574345576,4.23690482568306,659,58.15422092253664,41.84577907746336,-0.0009563140264027074,-9.606607332510706e-06,-0.024512263078535674,659,49.95218429867986,50.04781570132014,-0.06490008370753234,-0.0015595732271901236,-1.6670341708489167,659,46.754995814623385,53.245004185376615,-0.2409822001610397,-0.003735047497859641,-6.364420902705655,659,37.95088999194802,62.04911000805198,-0.052995222549440044,-0.0010028286132142449,-1.3602856596991508,659,47.350238872528,52.649761127472,0.025545213738816037,0.0004298496254274827,0.6549889495753735,659,51.27726068694081,48.72273931305919,0.003380639167051019,6.142571204579447e-05,0.08665307628289193,659,50.16903195835255,49.83096804164745
PH,-0.45450030905308575,-0.007942743969108022,-13.07864357291464,659,27.274984547345717,72.72501545265428,0.02692782247481318,0.0003190236003012532,0.690464624211056,659,51.346391123740666,48.653608876259334,-0.20436081509690837,-0.005791755277927756,-5.35111051731339,659,39.78195924515458,60.21804075484542,0.13032244287619124,0.0023822231390617566,3.3691596449642116,659,56.51612214380957,43.48387785619043,-0.471221173425062,-0.010516394171472043,-13.694036135910057,659,26.4389413287469,73.56105867125311,-0.37047551540285606,-0.007352221548504453,-10.22351508504424,659,31.4762242298572,68.5237757701428,-0.489698465489198,-0.01049378559392707,-14.396230963110577,659,25.515076725540098,74.4849232744599
PLUR,-0.07327751947003067,-0.0035447629568239737,-1.8833133230429928,659,46.33612402649847,53.66387597350153,-0.03756855092876786,-0.001232043605273454,-0.9636377969197037,659,48.121572453561605,51.878427546438395,-0.04891211875960412,-0.0038371529552431918,-1.2552183660335876,659,47.554394062019796,52.445605937980204,-0.07020459248066047,-0.0035522932268279815,-1.8039359102120154,659,46.48977037596698,53.51022962403302,-0.07096490213884665,-0.004383951350673456,-1.8235707315467156,659,46.45175489305767,53.54824510694233,-0.10292759537182819,-0.005654197311475252,-2.6523281915394006,659,44.85362023140859,55.14637976859141,-0.08185244305809185,-0.004855289703183469,-2.1051065114587755,659,45.90737784709541,54.09262215290459
RPM,-0.19609916836878385,-0.0031967659721521815,-5.125941004393877,659,40.19504158156081,59.80495841843919,-0.22406658805932958,-0.002476266536099163,-5.893116646100196,659,38.796670597033525,61.203329402966475,-0.08233227994340618,-0.0021766140599568835,-2.1175310810869146,659,45.88338600282969,54.11661399717031,0.022494112187718514,0.00038355777852018796,0.5767152594586903,659,51.12470560938592,48.87529439061408,-0.21851795585926076,-0.004549125307974518,-5.739768089711482,659,39.074102207036965,60.925897792963035,-0.3542480549011723,-0.006557907099299946,-9.709753112383355,659,32.28759725494139,67.71240274505861,-0.2068711850936849,-0.0041352536825865005,-5.419763849267757,659,39.656440745315756,60.343559254684244
SCCO,-0.3484438154207397,-0.009290879996451114,-9.52846804265569,659,32.57780922896302,67.42219077103698,0.018207421995253322,0.0003291226293163083,0.4667702211216718,659,50.91037109976266,49.08962890023734,0.23376284605108819,0.010108245299169821,6.162553800796017,659,61.688142302554404,38.311857697445596,0.24782051290601775,0.006911752646925756,6.556667088976371,659,62.39102564530089,37.60897435469911,-0.23508267559990656,-0.008004798310178779,-6.199376978183273,659,38.24586622000467,61.75413377999533,-0.21714189401243034,-0.006574918980664815,-5.701828815672741,659,39.142905299378484,60.857094700621516,-0.33646919784074614,-0.011001108948406045,-9.158365600029944,659,33.176540107962694,66.8234598920373
SHEL,-0.1381231425261075,-0.0017795630760794848,-3.5746366069813034,659,43.093842873694626,56.906157126305374,0.32940967470681415,0.0028771895967642405,8.94254173532505,659,66.47048373534071,33.52951626465929,0.17905402498966747,0.003741168075198057,4.664903146393439,659,58.952701249483376,41.047298750516624,0.021537652924021246,0.0002902499512036434,0.5521814469401586,659,51.076882646201064,48.923117353798936,-0.25538998940556196,-0.004202004220034376,-6.770687803866008,659,37.2305005297219,62.7694994702781,0.14780997318169828,0.0021625859018958985,3.830744637685374,659,57.39049865908491,42.60950134091509,-0.2566120055331259,-0.004054067440976231,-6.805362784972482,659,37.1693997233437,62.8306002766563
SPOT,-0.23593431852058155,-0.006229346701742388,-6.2231570236386204,659,38.20328407397092,61.79671592602908,0.04500107078160484,0.000805488657381676,1.1546376706810662,659,52.25005353908024,47.74994646091976,-0.0599516267485476,-0.0025670158714099097,-1.5394498041427147,659,47.00241866257262,52.99758133742738,-0.17294001542323084,-0.0047761034497749025,-4.500614057055794,659,41.35299922883846,58.64700077116154,-0.10316756433880787,-0.00347856595314421,-2.6585783681869892,659,44.8416217830596,55.1583782169404,-0.18153725026058554,-0.005443018776479103,-4.731787900637627,659,40.923137486970724,59.076862513029276,-0.18818049498713718,-0.006092465170197781,-4.9111855340348916,659,40.59097525064314,59.40902474935686
TDG,-0.25324703043185137,-0.004096046913860853,-6.709964539664187,659,37.33764847840743,62.66235152159257,-0.06532796507833909,-0.0007163163875310314,-1.6780717530631388,659,46.733601746083046,53.266398253916954,-0.17271380340445994,-0.004530267065038432,-4.494545954887774,659,41.364309829777,58.635690170223,0.00068344132835289,1.156241742157268e-05,0.017517979898710685,659,50.034172066417646,49.965827933582354,-0.2345241988003204,-0.004844108927386995,-6.183791089010015,659,38.27379005998398,61.72620994001602,-0.2952787332257295,-0.005423447288950716,-7.921812290480592,659,35.23606333871353,64.76393666128646,-0.28207322324452144,-0.005594348080680179,-7.536124338679372,659,35.896338837773925,64.10366116222608
TECH,-0.21499315326968993,-0.005582219283539156,-5.642657324991793,659,39.2503423365155,60.7496576634845,-0.09084210754066267,-0.001599022814820267,-2.3381333827843442,659,45.45789462296687,54.54210537703313,-0.08082327522233788,-0.0034032582420028762,-2.0784628989868197,659,45.95883623888311,54.04116376111689,-0.07478903591516209,-0.0020311736038674025,-1.9223772603503482,659,46.2605482042419,53.7394517957581,-0.223400973399312,-0.00740752290500206,-5.874689454939417,659,38.829951330034405,61.170048669965595,-0.22823852962756647,-0.0067296723162730354,-6.008813720330952,659,38.58807351862168,61.41192648137832,-0.2133317065763905,-0.006792110356423493,-5.596963772538716,659,39.33341467118048,60.66658532881952
TECK,-0.37171236212993847,-0.009828404781629918,-10.263108162106956,659,31.414381893503073,68.58561810649692,0.02977956024556598,0.0005338011508875099,0.7636487082381159,659,51.488978012278295,48.511021987721705,0.17370028424967845,0.007448224444759315,4.521013536434525,659,58.68501421248392,41.31498578751608,0.1624413469181845,0.004492617635741493,4.219744222646663,659,58.12206734590922,41.87793265409078,-0.2978358720448944,-0.01005677450839151,-7.997062359951804,659,35.10820639775528,64.89179360224472,-0.23640819881579986,-0.007098412900728749,-6.23639554239372,659,38.17959005921001,61.82040994078999,-0.3738022610176793,-0.012119508749975952,-10.330152853724693,659,31.309886949116034,68.69011305088397
TLN,-0.36064433865179124,-0.012097325733502534,-9.911017359226134,659,31.967783067410437,68.03221693258956,0.006684367228897495,0.0001520042576431606,0.17133760370671644,659,50.33421836144487,49.66578163855513,-0.06918487919221265,-0.0037635495548708243,-1.77760700407421,659,46.54075604038937,53.45924395961063,0.20682810627067538,0.007256825116496043,5.418584795856231,659,60.34140531353377,39.65859468646623,-0.21038494905000032,-0.009012195443187168,-5.516046081504465,659,39.48075254749999,60.51924745250001,-0.2574127668278866,-0.00980534846071466,-6.828103499795021,659,37.12936165860567,62.87063834139433,-0.30237434592963386,-0.012437189752510099,-8.131084772113285,659,34.88128270351831,65.11871729648169
WSO,-0.2919602957828143,-0.005625228432925762,-7.824436856615255,659,35.40198521085929,64.5980147891407,-0.12847918406500056,-0.0016781637433719474,-3.3207011772806543,659,43.57604079674997,56.42395920325003,-0.13549969499526457,-0.004233805299723151,-3.5054591944704496,659,43.22501525023677,56.77498474976323,0.014379276280074604,0.0002897878965178389,0.3686078804894066,659,50.71896381400373,49.28103618599627,-0.22667010117395697,-0.005577200858430147,-5.965277240152683,659,38.666494941302155,61.333505058697845,-0.3385027595578314,-0.007406299592140435,-9.220856098737713,659,33.074862022108434,66.92513797789157,-0.260252121252176,-0.006148620789478887,-6.908859804455601,659,36.9873939373912,63.0126060626088
SFM,-0.08307499849810827,-0.0020856631126573506,-2.136765456533399,659,45.84625007509459,54.15374992490541,0.01975688884288201,0.0003362618285731753,0.5065076602034555,659,50.9878444421441,49.0121555578559,-0.08463472312041884,-0.003445867644102788,-2.1771697608619314,659,45.76826384397906,54.23173615602094,-0.12903118875451416,-0.0033884053788243414,-3.335209443742381,659,43.548440562274294,56.451559437725706,-0.10164479289581145,-0.0032588519600402085,-2.6189245233521525,659,44.91776035520943,55.08223964479057,-0.08494552428854214,-0.002421792964484689,-2.185222909252921,659,45.75272378557289,54.24727621442711,-0.11561172583987792,-0.0035591211004393627,-2.983366069297332,659,44.21941370800611,55.78058629199389
WHR,-0.22593806039351713,-0.006288330440004232,-5.944974003369586,659,38.70309698032414,61.29690301967586,-0.14158020896383977,-0.0026713679035039856,-3.665913028223341,659,42.920989551808006,57.079010448191994,-0.08243404204322528,-0.0037207350938430967,-2.1201662298798754,659,45.878297897838735,54.121702102161265,-0.04680339993736626,-0.0013625429703119439,-1.200981404094756,659,47.65983000313169,52.34016999686831,-0.2256345732159251,-0.008019684505842003,-5.936559865562809,659,38.718271339203746,61.281728660796254,-0.26420049076753943,-0.008350303732997836,-7.021478665201828,659,36.78997546162302,63.21002453837698,-0.1912349844795559,-0.006526500364552132,-4.993903334446693,659,40.43825077602221,59.56174922397779
BETR,-0.17263573622527692,-0.010909169030295453,-4.492451985168499,659,41.36821318873615,58.63178681126385,-0.06070631038470332,-0.002600638595656344,-1.5588999540095134,659,46.96468448076484,53.03531551923516,-0.051086500286765126,-0.005235321033352269,-1.311161822205218,659,47.445674985661746,52.554325014338254,-0.08693938525934607,-0.005746512829651114,-2.236901094860824,659,45.653030737032694,54.346969262967306,-0.08623697392831851,-0.006959213448488306,-2.21869248394345,659,45.68815130358407,54.31184869641593,-0.09647798560484486,-0.006923279911615357,-2.4845147778516896,659,45.176100719757756,54.823899280242244,-0.10699041608856853,-0.008290350823741846,-2.758211538315567,659,44.65047919557158,55.34952080442842
SITE,-0.2857466391890156,-0.007002693592522046,-7.642931561855871,659,35.712668040549225,64.28733195945077,-0.16164708839852793,-0.0026855736991193997,-4.198556758898,659,41.917645580073604,58.082354419926396,-0.1303466686711075,-0.005180362193980765,-3.3697967659249004,659,43.48266656644463,56.51733343355537,-0.007210407009377015,-0.00018482921499155216,-0.18482203798862537,659,49.63947964953115,50.36052035046885,-0.2556769834771904,-0.008001682322991692,-6.778828197665713,659,37.216150826140485,62.783849173859515,-0.2987913135463773,-0.008315237426356372,-8.025226913157288,659,35.06043432268113,64.93956567731887,-0.24586159098910176,-0.007388252735637847,-6.50149067082795,659,37.706920450544914,62.293079549455086
JELD,-0.22128717586589233,-0.010780770360576333,-5.816227281435512,659,38.935641206705384,61.064358793294616,-0.11189831457701119,-0.003695747485256826,-2.886305831920015,659,44.40508427114944,55.59491572885056,-0.07537398147205039,-0.005955129388434445,-1.937498272738745,659,46.23130092639748,53.76869907360252,-0.03650625033248932,-0.0018603198605435015,-0.9363527683491836,659,48.174687483375536,51.825312516624464,-0.15873404607702843,-0.009875732418273659,-4.120920446966368,659,42.063297696148574,57.936702303851426,-0.21285192639300932,-0.011775892381512101,-5.583778217834522,659,39.357403680349535,60.642596319650465,-0.15037793398748733,-0.008983482492391053,-3.8988240439821937,659,42.481103300625634,57.518896699374366
MHK,-0.24979256333209393,-0.006039171674294871,-6.6122998424331305,659,37.510371833395304,62.489628166604696,-0.24358197137156848,-0.003992346319513992,-6.437387931085492,659,37.820901431421575,62.179098568578425,-0.08784115296847646,-0.0034440709888461573,-2.260282553701672,659,45.60794235157618,54.39205764842382,0.002047288947096251,5.177306287223707e-05,0.05247624326958187,659,50.10236444735481,49.89763555264519,-0.21907438344340938,-0.006763868374157985,-5.755119496897699,659,39.046280827829534,60.953719172170466,-0.32140768899863026,-0.008824230151145336,-8.699936142650921,659,33.92961555006849,66.07038444993151,-0.188572833272788,-0.005590415144965797,-4.921802011063055,659,40.571358336360596,59.428641663639404
MBC,-0.2469591499337606,-0.007060329826435951,-6.532394812046163,659,37.65204250331197,62.34795749668803,-0.20607577215696016,-0.00399403622774111,-5.397998956087671,659,39.696211392151994,60.303788607848006,-0.1552875477325254,-0.007199671747463018,-4.029209248713582,659,42.23562261337373,57.76437738662627,-0.0605793090929143,-0.00181155293947148,-1.5556266152739449,659,46.971034545354286,53.028965454645714,-0.2256482745511755,-0.008238299262112947,-5.936939693813053,659,38.717586272441224,61.282413727558776,-0.290226652234985,-0.009422363494833838,-7.773688408893338,659,35.48866738825075,64.51133261174925,-0.19258837556376537,-0.006751449150516184,-5.030602125781522,659,40.37058122181173,59.62941877818827
ONT,-0.20876190426137828,-0.009338828956277578,-5.471544779363056,659,39.56190478693109,60.43809521306891,-0.05020169419254361,-0.00152245596871814,-1.2883949267500272,659,47.48991529037282,52.51008470962718,-0.12306825498786488,-0.008928189725068843,-3.1786503310974985,659,43.84658725060675,56.15341274939325,-0.1386011853603703,-0.00648537304214698,-3.587250283535587,659,43.06994073198148,56.93005926801852,-0.21387886320976424,-0.012218410653369496,-5.612006178556122,659,39.30605683951179,60.69394316048821,-0.14622119651118473,-0.007428039402166231,-3.7886642171132356,659,42.688940174440766,57.311059825559234,-0.19383778999340193,-0.0106327764718617,-5.064507928197278,659,40.3081105003299,59.6918894996701
WD,-0.25012973691445195,-0.005625829527652706,-6.621820475392629,659,37.4935131542774,62.5064868457226,-0.2063023045730102,-0.003145650853025249,-5.404196424781336,659,39.684884771349495,60.315115228650505,-0.20079814623011816,-0.007324148432519846,-5.253867769679837,659,39.96009268849409,60.03990731150591,-0.09741899002535687,-0.0022918791335052122,-2.508978709925911,659,45.12905049873216,54.87094950126784,-0.2586291368259182,-0.007428555475752976,-6.862675875745261,659,37.068543158704095,62.931456841295905,-0.31856889147120887,-0.008136681193110182,-8.614372717029743,659,34.07155542643956,65.92844457356044,-0.21269675642913297,-0.005866096077254734,-5.5795146666210576,659,39.36516217854335,60.63483782145665
SHLS,-0.2693941654000896,-0.013369286445830145,-7.170196426075682,659,36.530291729995525,63.469708270004475,-0.006039034509491548,-0.00020317616101806296,-0.15479542311705605,659,49.698048274525426,50.301951725474574,-0.05150990966250209,-0.004145596485913161,-1.3220576366206078,659,47.42450451687489,52.57549548312511,0.09472456483444835,0.0049171052877857915,2.4389477919814073,659,54.736228241722415,45.263771758277585,-0.18721576520942787,-0.011865010834242481,-4.885090783942949,659,40.639211739528605,59.360788260471395,-0.1934964552386924,-0.010904750923456863,-5.055242472098073,659,40.32517723806538,59.67482276193462,-0.22864798160038355,-0.013914079416192101,-6.020187405608999,659,38.56760091998082,61.43239908001918
AMRC,-0.2784452133747076,-0.013972061726288627,-7.430990816011624,659,36.07773933126462,63.92226066873538,-0.05866876183026095,-0.0019957808799127012,-1.5063931175011105,659,47.06656190848695,52.93343809151305,0.03453334989100897,0.0028101897429262403,0.8856874842695146,659,51.72666749455045,48.27333250544955,0.08609120382737938,0.004518625675345805,2.2149141038039146,659,54.304560191368964,45.695439808631036,-0.22569017158704358,-0.01446235656012507,-5.938101185966159,659,38.715491420647815,61.284508579352185,-0.15488823107407076,-0.008825957926998688,-4.018593264244167,659,42.25558844629646,57.74441155370354,-0.2424465331232132,-0.014917765645180504,-6.405501891152516,659,37.87767334383934,62.12232665616066
BSY,-0.23163159278008275,-0.0047392212649368685,-6.103167906566899,659,38.41842036099587,61.58157963900413,-0.003965584487223686,-5.500492727125636e-05,-0.10164670537772469,659,49.80172077563881,50.19827922436119,-0.1868733456544292,-0.006200586197887286,-4.875832284505268,659,40.656332717278545,59.343667282721455,-0.42049662414966293,-0.00899908909319233,-11.87947123313923,659,28.975168792516854,71.02483120748315,-0.24125775871304833,-0.006303709046274157,-6.372147997774079,659,37.93711206434758,62.06288793565242,-0.26941335600729727,-0.006259663790863853,-7.170747177440113,659,36.529332199635135,63.470667800364865,-0.2708367715318777,-0.006794912726318104,-7.211623530683788,659,36.45816142340612,63.54183857659388
MKC,0.25967231041400285,0.004042482430345803,6.892353421483262,659,62.98361552070014,37.01638447929986,-0.15619861961703024,-0.0016484845694349534,-4.053438025328361,659,42.19006901914849,57.80993098085151,0.06610108512805203,0.0016688115014941785,1.698017436924567,659,53.305054256402606,46.694945743597394,-0.1354500859864508,-0.002205609531951918,-3.5041517883453013,659,43.22749570067746,56.77250429932254,0.06249323248111565,0.0012423992112527828,1.6049643201403687,659,53.12466162405578,46.87533837594422,0.02270548119003239,0.00040139864589068503,0.5821372255111651,659,51.135274059501626,48.864725940498374,0.11926528156805108,0.002276688425462558,3.0789855310290943,659,55.96326407840255,44.03673592159745
CMS,0.3180360810412069,0.003316394858812382,8.598342283872691,659,65.90180405206034,34.09819594793966,-0.27046231445282815,-0.0019119731795993057,-7.200865279611312,659,36.47688427735859,63.52311572264141,0.04793969685963025,0.0008107021405706857,1.2302052995498531,659,52.39698484298151,47.60301515701849,-0.1092588471646098,-0.0011917174527912497,-2.8173907812102414,659,44.537057641769515,55.462942358230485,0.1242476520789753,0.0016545645279224222,3.2095875414529607,659,56.21238260394876,43.78761739605124,0.07474679156204837,0.00088512598265026,1.9212853090184743,659,53.737339578102414,46.262660421897586,0.19536419878276923,0.002498054351773434,5.105965394724034,659,59.76820993913846,40.23179006086154
SFD,0.037125805791476306,0.0006347087973279663,0.7430283598514665,402,51.85629028957381,48.14370971042619,-0.0265447165496545,-0.0003051805315701736,-0.5310814698019491,402,48.672764172517276,51.327235827482724,-0.014738698127362332,-0.00043716246035504055,-0.29480598452377,402,49.26306509363189,50.73693490636811,-0.08450530052408448,-0.0014336149837821791,-1.696173171482879,402,45.77473497379578,54.22526502620422,-0.12179305726547095,-0.002515601003346492,-2.454130884824869,402,43.91034713672645,56.08965286327355,-0.05610878432024863,-0.0011056352678724469,-1.1239462824635253,402,47.19456078398757,52.80543921601243,-0.06548075075566347,-0.0013128691183218338,-1.3124317132407244,402,46.72596246221683,53.27403753778317
TSN,0.15797019297212928,0.0022813748433403126,4.100581146029294,659,57.89850964860646,42.10149035139354,-0.0805192632178297,-0.0007883271568101629,-2.070593768163764,659,45.974036839108514,54.025963160891486,0.021937255958235546,0.0005137833172169847,0.5624313406222003,659,51.09686279791178,48.90313720208822,-0.14721819492604327,-0.0022238722416413744,-3.8150672443775986,659,42.63909025369784,57.36090974630216,-0.047875629961154756,-0.0008829613223902868,-1.2285574663214214,659,47.60621850194226,52.39378149805774,-0.013064225784118241,-0.0002142534732928438,-0.3348909618962847,659,49.34678871079409,50.65321128920591,0.01735757377519594,0.00030738139856357176,0.4449765635481422,659,50.867878688759795,49.132121311240205
NTR,-0.08457619123118855,-0.001529131065910374,-2.1756532166683655,659,45.77119043844057,54.22880956155943,0.16472495109547355,0.002019022557923934,4.280708235916711,659,58.236247554773676,41.763752445226324,0.08926621325245573,0.0026173385177056924,2.2972436307454354,659,54.46331066262279,45.53668933737721,-0.02147547350882212,-0.0004061310391803424,-0.5505865570662888,659,48.92622632455889,51.07377367544111,-0.1405260152878392,-0.003244583823731776,-3.6380649709335895,659,42.973699235608045,57.026300764391955,0.07371917066214005,0.0015135602824205797,1.8947260843627152,659,53.685958533107005,46.314041466892995,-0.14738579624982937,-0.003267527738223783,-3.819506913840057,659,42.630710187508534,57.369289812491466
IPI,-0.1643053623257024,-0.005065670588182473,-4.269501452723638,659,41.78473188371488,58.21526811628512,0.15342681159414095,0.0032067984368958475,3.979758037692965,659,57.67134057970704,42.32865942029296,0.009985685266829237,0.0004992743758713695,0.2559659589595276,659,50.49928426334146,49.50071573665854,-0.0604479793654761,-0.0019493680397313514,-1.5522417949322334,659,46.977601031726195,53.022398968273805,-0.19844299606547086,-0.00781315898557216,-5.189703695411732,659,40.07785019672646,59.92214980327354,0.04704742294049167,0.0016471901667358968,1.207256921063273,659,52.35237114702458,47.64762885297542,-0.20057771717011616,-0.007582893466091078,-5.247858360676963,659,39.97111414149419,60.02888585850581
CNR,-0.19068820869175748,-0.005301165826200039,-4.979085264595648,659,40.465589565412124,59.534410434587876,0.14845849695988683,0.0027979361899352637,3.8479301651804816,659,57.42292484799434,42.57707515200566,-0.04985295579056104,-0.00224757741654951,-1.2794223972865524,659,47.50735221047195,52.49264778952805,0.037522309948667655,0.0010910985110379578,0.9624500369778385,659,51.87611549743338,48.12388450256662,-0.1756595170177355,-0.0062362700564650006,-4.573622049845181,659,41.21702414911322,58.78297585088678,0.04730246686964207,0.0014933239648587263,1.2138160937043554,659,52.365123343482104,47.634876656517896,-0.1770854257336678,-0.006036669971136188,-4.611945180558121,659,41.14572871331661,58.85427128668339
FPI,-0.06725396410591249,-0.0009925875429284015,-1.7277662180265592,659,46.63730179470438,53.36269820529562,-0.1311559381143876,-0.0013122726776642743,-3.3910835055882593,659,43.442203094280615,56.557796905719385,0.02932334432983833,0.0007018440607312986,0.7519396417167038,659,51.46616721649192,48.53383278350808,-0.006636101398162084,-0.00010244500594168952,-0.17010037106846007,659,49.6681949300919,50.3318050699081,-0.11034917254186433,-0.0020798197234201624,-2.8458511805448956,659,44.48254137290678,55.51745862709322,-0.12035350926661047,-0.0020171230146241266,-3.1074905462567672,659,43.98232453666947,56.01767546333053,-0.08315258199533361,-0.0015048518090874496,-2.138774862780944,659,45.84237090023332,54.15762909976668
PHYS,-0.09389287706322393,-0.0012796405515978478,-2.417342359162054,659,45.305356146838804,54.694643853161196,0.0022416837453110056,2.071165894085046e-05,0.05745900731739615,659,50.11208418726555,49.88791581273445,0.2917022421279072,0.0064472024976899205,7.816877603348494,659,64.58511210639536,35.41488789360464,0.12195876758839691,0.001738582166353055,3.149559434324038,659,56.097938379419844,43.902061620580156,0.05798868798840951,0.001009262899861872,1.4888721162329053,659,52.89943439942048,47.10056560057952,0.19782497578424457,0.0030616755258583354,5.17288181091857,659,59.89124878921223,40.10875121078777,-0.01862674492977184,-0.0003112858487020872,-0.4775237822973842,659,49.06866275351141,50.93133724648859
SRUUF,-0.2512596640591955,-0.005667873012059538,-6.653744530721144,659,37.43701679704022,62.56298320295978,0.05811253851214696,0.0008886942687843528,1.4920627688043129,659,52.90562692560735,47.09437307439265,0.050346848094647574,0.0018418142134329664,1.2921296635930961,659,52.51734240473238,47.48265759526762,0.10646983220044023,0.002512179990626764,2.7446366334722487,659,55.32349161002201,44.67650838997799,-0.1599489755626272,-0.004607703003935977,-4.153286322980298,659,42.002551221868636,57.997448778131364,-0.12509078426821055,-0.0032043898386094048,-3.23171252122866,659,43.745460786589476,56.254539213410524,-0.24287495738495327,-0.006718110406729557,-6.417529856951085,659,37.85625213075234,62.14374786924766
SCOP,-0.17227456440120797,-0.005046987548627513,-3.9572940262198077,514,41.3862717799396,58.6137282200604,-0.022218134977823212,-0.0004433888664564549,-0.5028631384499526,514,48.88909325110884,51.11090674889116,0.018716903847298908,0.0008837254359682835,0.423589391208096,514,50.93584519236495,49.06415480763505,0.00406664993499309,0.0001236940444841579,0.09201854475186128,514,50.20333249674965,49.79666750325035,-0.08783532474032187,-0.003214495059372948,-1.995197942570883,514,45.60823376298391,54.39176623701609,-0.11480217126675703,-0.003913528408720646,-2.6149657774140285,514,44.259891436662144,55.740108563337856,-0.12160281826225611,-0.004300030536286471,-2.7721300965744455,514,43.91985908688719,56.08014091311281
SPPP,-0.2170706711088938,-0.004906978870763653,-5.6998661090340805,659,39.14646644455531,60.85353355544469,0.03595589384636482,0.0005510212204661723,0.9222182018417064,659,51.79779469231824,48.20220530768176,0.21293097865586422,0.007805991704992733,5.585950479534951,659,60.64654893279321,39.35345106720679,0.09576189309170362,0.002264292916175245,2.4659025431152823,659,54.78809465458519,45.21190534541481,-0.09540980872463284,-0.0027543031763288344,-2.45675280234422,659,45.22950956376835,54.77049043623165,-0.03670345089448836,-0.0009421989845778735,-0.9414175916338284,659,48.164827455275585,51.835172544724415,-0.1710425622756853,-0.004741156549251326,-4.449737812814563,659,41.44787188621574,58.55212811378426
PPLT,-0.16999714670721439,-0.0038146018025286095,-4.421729009833534,659,41.500142664639284,58.499857335360716,0.01322815827404333,0.00020122973531175678,0.3390939708479555,659,50.66140791370216,49.33859208629784,0.22243914406375964,0.008094592478483296,5.848076988945415,659,61.12195720318798,38.87804279681202,0.0803963409086371,0.0018869948140301236,2.067412178367294,659,54.01981704543185,45.98018295456815,-0.06603878589756244,-0.0018923973736581809,-1.6964100690308583,659,46.69806070512188,53.30193929487812,-0.02746137451205863,-0.0006997655249494928,-0.7041558216143872,659,48.626931274397066,51.373068725602934,-0.1317461260630336,-0.003625037422035966,-3.406611949425648,659,43.41269369684832,56.58730630315168
PALL,-0.20633997384614178,-0.005166951872203358,-5.405227067875471,659,39.68300130769291,60.31699869230709,0.001843807658685478,3.1300541832818144e-05,0.04726057895859252,659,50.09219038293428,49.90780961706572,0.19989928277034869,0.008117802430448118,5.229367867019375,659,59.99496413851744,40.00503586148256,0.07175022249359714,0.0018793217639104347,1.8438548026618033,659,53.58751112467986,46.41248887532014,-0.0716785136637262,-0.0022921641463327243,-1.8420024899871386,659,46.416074316813685,53.583925683186315,-0.042754121846269144,-0.0012157708594741788,-1.096877089093187,659,47.86229390768654,52.13770609231346,-0.1360046247979599,-0.004176108606434272,-3.5187677491673393,659,43.199768760102,56.800231239898
ACA,-0.46112098527326256,-0.009353646603333272,-13.320141764191643,659,26.943950736336873,73.05604926366313,0.017734926087139172,0.00024388250605148604,0.4546533308686944,659,50.886746304356954,49.113253695643046,-0.1807889325673611,-0.005947221410666157,-4.711622455247416,659,40.960553371631946,59.039446628368054,0.015893992056419816,0.00033722977128545616,0.40744645057900863,659,50.79469960282099,49.20530039717901,-0.43838327336070404,-0.0113560089033512,-12.501995289490837,659,28.080836331964797,71.9191636680352,-0.34232645517112315,-0.007885499839944781,-9.338752951573973,659,32.88367724144384,67.11632275855615,-0.4307605744075271,-0.010714430217619489,-12.234540533914071,659,28.461971279623643,71.53802872037636
AEM,-0.1308351208701622,-0.0031123214066085484,-3.3826440186269973,659,43.45824395649189,56.54175604350811,-0.062042919443020664,-0.0010005470621530937,-1.5933544337326726,659,46.897854027848965,53.102145972151035,0.2341980987534662,0.009034823259756308,6.174693333878764,659,61.70990493767331,38.29009506232669,0.10260623826644848,0.002553058179507498,2.64395893102782,659,55.13031191332243,44.86968808667757,0.02887297854687633,0.0008771166735700905,0.7403811838497671,659,51.44364892734382,48.55635107265618,0.0354399875160471,0.0009573623719156112,0.9089691668913078,659,51.77199937580236,48.22800062419764,-0.07260216127883493,-0.002117759858018806,-1.865863463011734,659,46.36989193605825,53.63010806394175
AG,-0.24878824632426216,-0.010105496573010173,-6.583956535286994,659,37.56058768378689,62.43941231621311,0.017813411172257577,0.0004905238051626018,0.456666015152583,659,50.89067055861288,49.10932944138712,0.2065298360769221,0.013604631942109088,5.410422140104687,659,60.3264918038461,39.6735081961539,0.11429850776319027,0.004856184816052712,2.94902722951361,659,55.71492538815951,44.28507461184049,-0.08812386138804047,-0.004571166052371335,-2.267613901290594,659,45.59380693059797,54.40619306940203,-0.04549207475061584,-0.0020983901467074876,-1.1672618377507156,659,47.72539626246921,52.27460373753079,-0.19525232297640283,-0.009725032752782555,-5.102925527125033,659,40.23738385117986,59.76261614882014
AGI,-0.1262946677161452,-0.003358568633112804,-3.2633164655119233,659,43.68526661419274,56.31473338580726,-0.05737659679868416,-0.0010344016247092846,-1.4731043569318178,659,47.13117016006579,52.86882983993421,0.22557601362687177,0.009728330733466578,5.934936519171692,659,61.27880068134359,38.72119931865641,0.04328247741184702,0.0012039492209165118,1.1104575854909864,659,52.16412387059235,47.83587612940765,0.033494352017676636,0.0011374870791170054,0.8590095917170204,659,51.67471760088384,48.32528239911616,0.01725139646906685,0.0005209741360262659,0.4422538027556573,659,50.86256982345334,49.13743017654666,-0.07764428540488456,-0.0025318954782635474,-1.9962054894131591,659,46.117785729755774,53.882214270244226
AGRO,-0.0759650514714731,-0.001867434015436473,-1.9527796471071726,659,46.201747426426344,53.798252573573656,0.12806247881116203,0.0021342167717559053,3.3097510475811798,659,56.403123940558096,43.596876059441904,0.08673013025936555,0.003457622882872753,2.2314762266295975,659,54.33650651296828,45.66349348703172,-0.02924605436188127,-0.0007520133625840439,-0.7499559931888135,659,48.537697281905935,51.462302718094065,-0.11157868150376528,-0.003502824129690851,-2.8779571257954446,659,44.421065924811735,55.578934075188265,0.05527663359615733,0.0015431058187426302,1.419020865517169,659,52.76383167980787,47.23616832019213,-0.13591726339948973,-0.004097067445975632,-3.5164649444934613,659,43.20413683002551,56.79586316997449
AMR,-0.20602963196053392,-0.007133538716261301,-5.396736764787369,659,39.6985184019733,60.3014815980267,0.1135775258670187,0.0026659557438872194,2.930181221085578,659,55.67887629335093,44.32112370664907,-0.014463997717751377,-0.0008121567848657671,-0.3707801389898355,659,49.276800114112426,50.723199885887574,0.060544823367738754,0.002192699908098141,1.5547377912703668,659,53.027241168386944,46.972758831613056,-0.19752279129691913,-0.008733699174484934,-5.164658994503864,659,40.12386043515404,59.87613956484596,-0.01874553670407992,-0.0007370482325043732,-0.48057024986839214,659,49.062723164796004,50.937276835203996,-0.2073345016256922,-0.008802660977280637,-5.432446755935964,659,39.63327491871539,60.36672508128461
ARLP,-0.1421371914731621,-0.0020587966883816424,-3.6806316622742314,659,42.893140426341894,57.106859573658106,0.12870644587548094,0.001263837463128088,3.3266738885901197,659,56.43532229377405,43.56467770622595,0.021279277778225976,0.0004998489812478919,0.5455542166546865,659,51.0639638889113,48.9360361110887,0.022007901939550982,0.0003334350264944814,0.5642434513666839,659,51.10039509697755,48.89960490302245,-0.1998620179093713,-0.0036969338344104187,-5.228352453466762,659,40.006899104531435,59.993100895468565,0.0012747046734652126,2.0967082456540542e-05,0.03267327105773411,659,50.063735233673256,49.936264766326744,-0.18082408156116556,-0.003211656296008318,-4.712569450353191,659,40.95879592194172,59.04120407805828
AU,-0.11690764049912547,-0.003672612524086045,-3.017267991648257,659,44.15461797504373,55.84538202495627,-0.06088998342143391,-0.0012967709324125524,-1.5636340880832202,659,46.9555008289283,53.0444991710717,0.26163318265877844,0.013329112577531037,6.948208977881453,659,63.081659132938924,36.918340867061076,0.11478972686075431,0.003771916620315421,2.96187008673915,659,55.73948634303771,44.26051365696229,0.018281287472001907,0.0007334063607265412,0.4686644875525114,659,50.9140643736001,49.0859356263999,0.0379540649999322,0.001353982983901015,0.9735404711343677,659,51.89770324999661,48.10229675000339,-0.07933278819959214,-0.003055990475944821,-2.039888264050951,659,46.03336059002039,53.96663940997961
BKV,-0.2816597617108932,-0.007393131271651729,-6.417816327667771,480,35.917011914455344,64.08298808554466,0.29181769230150056,0.005205615952838031,6.670408275487924,480,64.59088461507503,35.409115384924974,-0.15214656282471567,-0.006433967461183658,-3.365594869992477,480,42.39267185876422,57.60732814123578,-0.013995719060696627,-0.0003751196105187001,-0.3060213336678641,480,49.300214046965166,50.699785953034834,-0.33115224761267287,-0.01085422450544771,-7.67298155967492,480,33.44238761936636,66.55761238063364,-0.04087586825928807,-0.0012511085132915802,-0.8944252686409762,480,47.9562065870356,52.0437934129644,-0.3338330786130107,-0.01058430390429697,-7.74285349803243,480,33.30834606934946,66.69165393065055
BTU,-0.1715694797701434,-0.0055075263392793915,-4.463860862336463,659,41.42152601149283,58.57847398850717,0.13981072503873457,0.0030425815828536316,3.6191767344415373,659,56.99053625193673,43.00946374806327,-0.012235977693561773,-0.0006369882499054784,-0.31365619877291884,659,49.38820111532191,50.61179888467809,0.04356622297612782,0.0014628281336359098,1.1177511753295497,659,52.17831114880639,47.82168885119361,-0.21211904382145597,-0.008695646733587541,-5.563644942008861,659,39.394047808927205,60.605952191072795,0.058431796821770576,0.002130043553734261,1.5002878601474157,659,52.921589841088526,47.078410158911474,-0.22286789427333464,-0.008772656427415518,-5.8599376797601685,659,38.85660528633327,61.14339471366673
CALM,-0.020620247153308985,-0.0004167912959024013,-0.5286508084037228,659,48.96898764233455,51.03101235766545,0.010853987668884152,0.00014873024522038308,0.2782259231320547,659,50.54269938344421,49.45730061655579,-0.05404505137875413,-0.0017715642377795547,-1.3873109215733117,659,47.29774743106229,52.70225256893771,-0.12439171141133776,-0.0026299231820871996,-3.2133673602539607,659,43.780414429433115,56.219585570566885,-0.13353158421083863,-0.003446787066050624,-3.4536116858562815,659,43.32342078945807,56.67657921054193,-0.028388494533160523,-0.0006516131354230751,-0.7279475988636456,659,48.58057527334198,51.41942472665802,-0.08692881232755612,-0.002154545069634397,-2.236626987872014,659,45.653559383622195,54.346440616377805
CDE,-0.2925597899526371,-0.012608344955658119,-7.842005257499489,659,35.37201050236815,64.62798949763186,0.03364833697723352,0.0009830876656924425,0.8629632178723479,659,51.68241684886168,48.31758315113832,0.1257840724819735,0.008791141992714644,3.2499107101166236,659,56.28920362409867,43.71079637590133,0.07368323195025409,0.0033215359683002863,1.8937973460060389,659,53.684161597512706,46.315838402487294,-0.1528291540906687,-0.008411149164052032,-3.9638838269298287,659,42.35854229546657,57.64145770453343,-0.08055719343999866,-0.003942488797480735,-2.0715755327237635,659,45.972140328000066,54.027859671999934,-0.250078011823329,-0.013215573595894925,-6.620359768317067,659,37.49609940883355,62.50390059116645
CENX,-0.31651518687211555,-0.012651350793351284,-8.552633590660877,659,34.174240656394225,65.82575934360577,0.13137678248633478,0.0035599685576861205,3.3968937146043094,659,56.56883912431674,43.43116087568326,0.03500148703178045,0.002268846094853763,0.8977085706187373,659,51.75007435158903,48.24992564841097,0.0859081357033049,0.003591728372882181,2.2101691569854056,659,54.29540678516525,45.70459321483475,-0.2726218437553871,-0.013915815892471694,-7.262957809926691,659,36.368907812230646,63.631092187769354,-0.09261329338231289,-0.004203764391246139,-2.3841115226503704,659,45.369335330884354,54.630664669115646,-0.31337833637556395,-0.015359545984138656,-8.458590112158525,659,34.3310831812218,65.6689168187782
CGAU,-0.173080104825638,-0.0049294719079023205,-4.504372301497204,659,41.3459947587181,58.6540052412819,-0.01922827120940074,-0.00037126044538267046,-0.49295040050386013,659,49.038586439529965,50.961413560470035,0.2501584920519951,0.011554328028913482,6.622632541352943,659,62.50792460259975,37.49207539740025,0.06808211482282511,0.0020282109827625635,1.749140025020982,659,53.40410574114125,46.59589425885875,-0.02638660086035055,-0.0009597151993519134,-0.6765772251047873,659,48.68066995698247,51.31933004301753,0.011421026094565355,0.00036938653823422415,0.2927629637813467,659,50.571051304728265,49.428948695271735,-0.12135685287557978,-0.004238230911935413,-3.1337821783253057,659,43.93215735622101,56.06784264377899
CIVI,,,,0,,,,,,0,,,,,,0,,,,,,0,,,,,,0,,,,,,0,,,,,,0,,
CMP,-0.20969309268623249,-0.007400696083341042,-5.497070672929642,659,39.515345365688376,60.484654634311624,-0.017176716254323172,-0.00041097346513270207,-0.4403387474994756,659,49.14116418728384,50.85883581271616,0.000782792784455192,4.480344976286855e-05,0.02006455959400439,659,50.03913963922276,49.96086036077724,-0.016090765300459355,-0.0005940075856582914,-0.41249208015823163,659,49.19546173497703,50.80453826502297,-0.19390813180857117,-0.00873957162259415,-5.0664175785129615,659,40.304593409571446,59.695406590428554,-0.11944325130861387,-0.004787102817552026,-3.083646494105022,659,44.02783743456931,55.97216256543069,-0.19048542895303278,-0.008243606783451351,-4.973590991623035,659,40.475728552348365,59.524271447651635
CRESY,-0.22259698753938417,-0.006055875458098223,-5.852443061352095,659,38.87015062303079,61.12984937696921,-0.008378152531531029,-0.00015452228124148725,-0.2147564372035267,659,49.581092373423445,50.418907626576555,0.06776993422772341,0.0029899981039779792,1.741082507361017,659,53.38849671138617,46.61150328861383,0.017200731832678187,0.0004894760238652886,0.4409545879807627,659,50.86003659163391,49.13996340836609,-0.17168340279145367,-0.0059647417307774064,-4.466914876813593,659,41.415829860427316,58.584170139572684,-0.20294274705641052,-0.00626980279523203,-5.312378146701074,659,39.85286264717948,60.14713735282052,-0.23473742962988278,-0.007830816731693564,-6.1897411382084835,659,38.263128518505866,61.736871481494134
CRH,-0.38971514461547224,-0.007487839035151019,-10.84677861840675,659,30.514242769226385,69.48575723077361,-0.12751006871889387,-0.00166088243574208,-3.2952376288599488,659,43.624496564055306,56.375503435944694,-0.09802795686306597,-0.0030544664837380267,-2.5248140514351767,659,45.0986021568467,54.9013978431533,0.03842693075280843,0.0007722746164720987,0.9856875370755057,659,51.921346537640424,48.078653462359576,-0.32927582266533956,-0.00807931868471669,-8.938466043929814,659,33.53620886673302,66.46379113326698,-0.44555684843057425,-0.009721539251990171,-12.756740133655667,659,27.722157578471286,72.27784242152872,-0.3700722659033884,-0.008718922529707086,-10.210620186905539,659,31.49638670483058,68.50361329516942
CRC,-0.28113162990955554,-0.0067242908792560134,-7.508805082625344,659,35.94341850452222,64.05658149547779,0.308448928194089,0.005001557231100698,8.311423903732402,659,65.42244640970445,34.57755359029555,-0.11805710200802527,-0.004579363264152347,-3.0473516806537324,659,44.09714489959874,55.90285510040126,-0.05251763255315625,-0.0013139195287294996,-1.3479927818637274,659,47.37411837234219,52.62588162765781,-0.38343633042031583,-0.011712125566742252,-10.64161128026616,659,30.828183478984204,69.1718165210158,-0.023273448404288712,-0.0006321501019632486,-0.5967069170527809,659,48.83632757978557,51.16367242021443,-0.3700553442543753,-0.010853517848539891,-10.210079221698546,659,31.497232787281238,68.50276721271877
CRT,-0.018426438804057685,-0.000413186997605843,-0.4723868888942238,659,49.07867805979711,50.92132194020289,0.09478336789967623,0.0014408626021955588,2.4404755617541767,659,54.73916839498381,45.26083160501619,-0.026923255449118486,-0.000979059318712543,-0.6903474347393834,659,48.65383722754408,51.34616277245592,-0.07979214259658014,-0.001871510250897923,-2.051775131752267,659,46.01039287017099,53.98960712982901,-0.06350174826918649,-0.0018184300437052371,-1.6309692659297266,659,46.82491258654068,53.17508741345932,0.03603965170591604,0.0009177164498696104,0.9243692640334029,659,51.801982585295804,48.198017414704196,-0.04693682074232843,-0.001290583087312584,-1.2044125478046597,659,47.65315896288358,52.34684103711642
CVE,-0.25968399905152517,-0.005626897335458502,-6.892686101206749,659,37.01580004742374,62.98419995257626,0.3836145063054318,0.005635131021576272,10.647409279289844,659,69.1807253152716,30.8192746847284,-0.04992466894073346,-0.0017543457569201642,-1.2812674334189211,659,47.50376655296333,52.49623344703667,0.006600813705117209,0.00014960569383289156,0.16919581708975598,659,50.33004068525586,49.66995931474414,-0.36457587799718366,-0.010088286560598196,-10.035520939795738,659,31.771206100140816,68.22879389985918,0.0999537122580416,0.0024594920500787642,2.574909596049412,659,54.99768561290208,45.00231438709792,-0.35052746873594176,-0.009313500031738432,-9.593401850153873,659,32.47362656320291,67.52637343679709
CX,-0.31740743976633395,-0.007126957181963162,-8.579440283942304,659,34.1296280116833,65.87037198831669,-0.03088751909616238,-0.0004701703848692691,-0.7920871676449677,659,48.45562404519188,51.54437595480812,0.0586734403759241,0.002136509351734895,1.506513659914557,659,52.93367201879621,47.06632798120379,0.1269315273182352,0.002981147053060158,3.2800410063797982,659,56.34657636591176,43.65342363408824,-0.2475552552107455,-0.007098472047543088,-6.549190652268514,659,37.62223723946273,62.37776276053727,-0.2969282758273186,-0.00757114036664949,-7.970332618578261,659,35.15358620863407,64.84641379136593,-0.2999632420051375,-0.008258898888949574,-8.059809277234033,659,35.00183789974313,64.99816210025688
DMLP,-0.12674566523976896,-0.0017315293677460022,-3.2751596658041757,659,43.662716738011554,56.337283261988446,0.262071119406978,0.002427175089243985,6.960696214553241,659,63.1035559703489,36.8964440296511,0.007913258769409463,0.00017531872784455035,0.20283908864775324,659,50.39566293847047,49.60433706152953,-0.10561033731998413,-0.0015091417098613484,-2.722229172271727,659,44.71948313400079,55.28051686599921,-0.23694251944796696,-0.004133761608271599,-6.251328202021522,659,38.152874027601655,61.847125972398345,0.1445326708120508,0.002242257413645502,3.74397466826948,659,57.226633540602535,42.773366459397465,-0.21910966059690481,-0.003670500906077932,-5.756092964934448,659,39.04451697015476,60.95548302984524
DNN,-0.34011434627099757,-0.012224828626575809,-9.270483054510184,659,32.99428268645012,67.00571731354988,0.07949339668987278,0.001937019883395866,2.044044234708679,659,53.97466983449364,46.02533016550636,0.03181746813049327,0.0018546400870164859,0.8159588236823284,659,51.590873406524665,48.409126593475335,0.1124034061771212,0.004225947976683272,2.8995005016868505,659,55.62017030885607,44.37982969114393,-0.1958123781892623,-0.008988012119514412,-5.118145317642658,659,40.20938109053688,59.79061890946312,-0.11401567607821611,-0.004653771860243609,-2.9416336280382915,659,44.2992161960892,55.7007838039108,-0.2899007336039288,-0.012777156248744885,-7.76415724205761,659,35.504963319803565,64.49503668019643
DOLE,0.015558416504496972,0.00024048937458571713,0.3988417822617524,659,50.777920825224854,49.222079174775146,-0.08654960002394835,-0.0009069446021952293,-2.2267962777822916,659,45.672519998802585,54.327480001197415,0.023599279416248207,0.0005915690415077869,0.6050655069760101,659,51.179963970812416,48.820036029187584,-0.13210813732747775,-0.0021359295030124385,-3.4161386562074876,659,43.39459313362612,56.60540686637388,-0.12209731494458671,-0.0024101401167803908,-3.153191505868042,659,43.89513425277066,56.10486574722934,-0.07759144255168932,-0.0013619683629146088,-1.9948386879168847,659,46.12042787241554,53.87957212758446,-0.059170042144451304,-0.00112150042073501,-1.5193091390287952,659,47.041497892777436,52.958502107222564
E,-0.07375368677596826,-0.0010502632446781474,-1.8956180665252063,659,46.31231566120159,53.68768433879841,0.2674701266436356,0.0025821110225677886,7.115025023997733,659,63.37350633218178,36.62649366781822,0.2251711477131484,0.005200000318434199,5.9237149734120935,659,61.25855738565742,38.74144261434258,-0.005236685787221404,-7.800057325362347e-05,-0.13422862941749678,659,49.73816571063893,50.26183428936107,-0.17156575309096522,-0.0031199721129661485,-4.46376096174655,659,41.42171234545174,58.57828765454826,0.17715237444721368,0.0028647326914755956,4.61374524805775,659,58.857618722360684,41.142381277639316,-0.17734285535385833,-0.003096671891090635,-4.61886711960985,659,41.13285723230709,58.86714276769291
EGO,-0.1454541209856533,-0.0043412321579955095,-3.7683581611030617,659,42.72729395071734,57.27270604928266,-0.03889807507492094,-0.0007870463103128724,-0.9977910421093847,659,48.05509624625395,51.94490375374605,0.1993577246941362,0.009649309707882461,5.214613514462355,659,59.96788623470681,40.03211376529319,0.09266381925708707,0.0028928373991711155,2.3854234544608572,659,54.63319096285435,45.36680903714565,-0.0022315645750776362,-8.505544452332343e-05,-0.05719963068598244,659,49.888421771246115,50.111578228753885,0.049567646068503377,0.0016799949268100456,1.2720821441211665,659,52.478382303425164,47.521617696574836,-0.10347967226332422,-0.0037871201931554276,-2.6667081617450163,659,44.826016386833786,55.173983613166214
ELVR,-0.18797604230311507,-0.009960011140732675,-3.062204721024992,258,40.60119788484425,59.39880211515575,0.005125721249475501,0.00017290718547278766,0.08201261735818394,258,50.25628606247378,49.74371393752622,0.06279418334277191,0.006088269381654415,1.0066936454937807,258,53.13970916713859,46.86029083286141,0.10896011227097267,0.004881067294591232,1.7538037286509793,258,55.44800561354863,44.55199438645137,-0.05378649046731594,-0.003665858118450887,-0.8618313837106049,258,47.3106754766342,52.6893245233658,-0.1131522284331829,-0.006487038043232201,-1.8221380387537007,258,44.34238857834085,55.65761142165915,-0.12231130064643292,-0.008086696488105897,-1.9717853966090708,258,43.88443496767835,56.11556503232165
EQX,-0.1454148948037879,-0.004901513551065459,-3.7673199508807067,659,42.72925525981061,57.27074474018939,-0.02781931849126406,-0.0006357011492598007,-0.7133411701025247,659,48.609034075436796,51.390965924563204,0.2176167864478218,0.011895697265622443,5.714917985401057,659,60.88083932239109,39.11916067760891,0.03832985194674021,0.0013514043169213057,0.9831937043010719,659,51.91649259733702,48.08350740266298,0.004666386991171388,0.0002008666079603962,0.11961018606201854,659,50.23331934955857,49.76668065044143,0.025555251399433744,0.0009781921331125324,0.6552464871503003,659,51.277762569971685,48.722237430028315,-0.09606663884362893,-0.003970644202807613,-2.473822832602719,659,45.196668057818556,54.803331942181444
ERO,-0.3049554315697957,-0.010306240952967212,-8.207575590149894,659,34.75222842151021,65.24777157848979,0.03579225731979737,0.0008200459792551302,0.9180157586536507,659,51.78961286598987,48.21038713401013,0.22359601844254187,0.012254742238018996,5.88008827675047,659,61.17980092212709,38.82019907787291,0.1714355774249716,0.006060266452489839,4.460271483954188,659,58.57177887124858,41.42822112875142,-0.2076680731898732,-0.00896270972025343,-5.44158036590778,659,39.61659634050634,60.38340365949366,-0.1672608220748522,-0.006419199004401262,-4.3484898278626165,659,41.63695889625739,58.36304110374261,-0.3046752291281963,-0.012626068117476961,-8.199262150438656,659,34.76623854359019,65.23376145640981
EU,-0.3294685402233368,-0.01577864022671404,-8.944334336335356,659,33.52657298883316,66.47342701116685,0.052281384321042894,0.0016974144553780603,1.3419122385799875,659,52.61406921605214,47.38593078394786,-0.03257269198696408,-0.002529795821811377,-0.835346867868948,659,48.3713654006518,51.6286345993482,0.08651011745458498,0.004333605459863071,2.2257727867084878,659,54.32550587272925,45.67449412727075,-0.19482665518468498,-0.0119154287880567,-5.091361256687919,659,40.25866724076575,59.74133275923425,-0.17090440207847651,-0.009294618425498455,-4.446035335496936,659,41.454779896076175,58.545220103923825,-0.2723739856692657,-0.015995149768549086,-7.25582519465701,659,36.381300716536714,63.618699283463286
EXK,-0.2789364258048111,-0.012790811077805242,-7.445204987239989,659,36.05317870975945,63.94682129024055,0.03763978103569752,0.0011701058127258147,0.9654674473394497,659,51.88198905178487,48.11801094821513,0.1503795680042483,0.011182988592041131,3.8988673890679726,659,57.51897840021242,42.48102159978758,0.07233120409443446,0.0034693282578133005,1.8588632159505256,659,53.61656020472172,46.38343979527828,-0.13035331796366767,-0.007633445715096031,-3.3699716386047536,659,43.48233410181662,56.51766589818338,-0.08880190150596264,-0.004624212804856569,-2.285199458318466,659,45.55990492470187,54.44009507529813,-0.23164058946258032,-0.013024905377501346,-6.103418396936099,659,38.41797052687098,61.58202947312902
EXP,-0.3293084198770621,-0.006744321722290711,-8.93945854819131,659,33.53457900614689,66.46542099385312,-0.16362846217974247,-0.00227184913783806,-4.251427165878721,659,41.818576891012874,58.181423108987126,-0.17078110606339877,-0.005672199043516537,-4.4427314231511,659,41.46094469683006,58.53905530316994,-0.012489857065083652,-0.00026755911965138174,-0.3201651299262097,659,49.37550714674582,50.62449285325418,-0.27369910463874797,-0.007158375887714454,-7.293976335131714,659,36.3150447680626,63.6849552319374,-0.3664077762318376,-0.008521632872242864,-10.093743984543655,659,31.679611188408117,68.32038881159188,-0.27849847135322614,-0.006993995082732388,-7.4325316316795424,659,36.07507643233869,63.92492356766131
FDP,,,,0,,,,,,0,,,,,,0,,,,,,0,,,,,,0,,,,,,0,,,,,,0,,
FNV,-0.16477526614064564,-0.0032840974652241475,-4.282052259133072,659,41.76123669296772,58.23876330703228,0.0013977674556960697,1.8886180506091555e-05,0.03582762612884905,659,50.069888372784796,49.930111627215204,0.19734615930147778,0.006378651732772983,5.1598533274867195,659,59.86730796507389,40.13269203492611,0.06204952488688705,0.0012935681747900986,1.5935247269724662,659,53.10247624434435,46.89752375565565,-0.028796946472999057,-0.0007329530117839338,-0.7384298957698366,659,48.56015267635005,51.43984732364995,0.038568373111859795,0.0008729272070207272,0.9893210639348189,659,51.92841865559299,48.07158134440701,-0.1100877305542118,-0.002690481421984009,-2.839025903715036,659,44.495613472289406,55.504386527710594
FSM,-0.21535044832702666,-0.007358565038035888,-5.652490443641236,659,39.23247758364867,60.76752241635133,0.02197259294303654,0.0005089954011709145,0.5633377538970584,659,51.098629647151824,48.901370352848176,0.17794260787249908,0.009860603590344767,4.634997464443457,659,58.897130393624956,41.102869606375044,0.05344864605515698,0.0019103410440577911,1.371957372753112,659,52.67243230275784,47.32756769724216,-0.08449385345127391,-0.0036870425397851144,-2.1735199071807134,659,45.7753073274363,54.2246926725637,-0.04297061722187127,-0.0016674070684737784,-1.1024416285944858,659,47.85146913890644,52.14853086109356,-0.17246485076886095,-0.007226283775420617,-4.487868686482611,659,41.37675746155695,58.62324253844305
GPOR,-0.2626938129482095,-0.005345962620523285,-6.9784595206072755,659,36.86530935258953,63.13469064741047,0.23122191906568132,0.0031899969711682865,6.091763307395617,659,61.56109595328406,38.43890404671594,-0.16146197476448576,-0.005328715448155039,-4.193619914311213,659,41.92690126177571,58.07309873822429,-0.08314533816886649,-0.0017698677816404924,-2.138587246609613,659,45.842733091556674,54.157266908443326,-0.27285556740271455,-0.0070911157082177104,-7.269685109299571,659,36.35722162986427,63.64277837013573,-0.04449266613897703,-0.0010282227253976598,-1.1415669996413726,659,47.77536669305115,52.22463330694885,-0.2804610282962123,-0.0069986722912362105,-7.489362705534338,659,35.97694858518938,64.02305141481062
GROY,-0.20013965644332105,-0.006412168056451564,-5.2359182700786135,659,39.99301717783395,60.00698282216605,0.017849074813489126,0.0003876793351214489,0.45758058215511144,659,50.89245374067446,49.10754625932554,0.1370680312903496,0.0071217072557837454,3.5468053579809804,659,56.85340156451748,43.14659843548252,0.005923462909562122,0.0001985062868076857,0.15183293158938763,659,50.29617314547811,49.70382685452189,-0.06939954529876913,-0.00283944885257873,-1.7831491957181704,659,46.53002273506154,53.46997726493846,0.012385536167082897,0.0004506187432858129,0.3174905548965911,659,50.619276808354144,49.380723191645856,-0.13664590320253492,-0.005368283274982869,-3.535674105065553,659,43.16770483987325,56.83229516012675
GSM,-0.300473661142581,-0.00916228375540317,-8.074883725980495,659,34.97631694287095,65.02368305712905,0.0722144571623003,0.0014928173563894965,1.8558471572040267,659,53.61072285811501,46.38927714188499,-0.037722496639125656,-0.001865408510571063,-0.9675921381825912,659,48.11387516804372,51.88612483195628,0.0032831818103476007,0.00010471746203243776,0.08415500661903484,659,50.16415909051738,49.83584090948262,-0.27257874147250194,-0.01061438875647917,-7.261717342837003,659,36.371062926374904,63.628937073625096,-0.12780825117383893,-0.004425668854846858,-3.3030713605083473,659,43.60958744130805,56.39041255869195,-0.26796962835194965,-0.01001959034937904,-7.129339282786332,659,36.60151858240251,63.39848141759749
HBM,-0.36170109417864726,-0.012024479439577476,-9.944422422398697,659,31.914945291067635,68.08505470893236,0.0324962096743378,0.0007323764411382739,0.8333833556575271,659,51.624810483716885,48.375189516283115,0.21726850858241759,0.011713574418394034,5.70531819974276,659,60.86342542912087,39.13657457087913,0.13911231177087946,0.004837365192475245,3.6007397343678416,659,56.95561558854397,43.04438441145603,-0.21577335358294059,-0.009160516299982206,-5.664132297487023,659,39.21133232085297,60.78866767914703,-0.18471112139896848,-0.006973201267388631,-4.8174114217660735,659,40.76444393005158,59.23555606994842,-0.3199357378156762,-0.013042062563977788,-8.655538037446176,659,34.00321310921619,65.99678689078381
HCC,-0.1749002370286077,-0.005275844363400462,-4.5532275603444194,659,41.254988148569616,58.745011851430384,0.10936116083517299,0.00223640206542678,2.8200610015201697,659,55.46805804175865,44.53194195824135,0.048705660897511674,0.0023826333394792783,1.2499074687842786,659,52.43528304487558,47.56471695512442,0.0769879154974666,0.0024291312679705947,1.9792294165141744,659,53.84939577487333,46.15060422512667,-0.17820832807191886,-0.006864916385326131,-4.642145713504415,659,41.089583596404054,58.910416403595946,0.0011656606447629332,3.9929732918005715e-05,0.02987824704263241,659,50.05828303223815,49.94171696776185,-0.19298509623704546,-0.007138260799463048,-5.041365312930317,659,40.35074518814773,59.64925481185227
HMY,-0.12211507541385645,-0.004472575218296246,-3.1536571168389504,659,43.89424622930718,56.10575377069282,-0.03599512256156469,-0.0008937524052300907,-0.9232256679278215,659,48.200243871921764,51.799756128078236,0.21208147175659314,0.012597004832576154,5.562613051791276,659,60.60407358782965,39.39592641217035,0.07117807155524634,0.002726851166299431,1.8290763543754773,659,53.558903577762315,46.441096422237685,-0.00915534817393194,-0.00042822194022071493,-0.23467982294773115,659,49.5422325913034,50.4577674086966,0.0400207658068309,0.0016645485230065615,1.026635209447271,659,52.00103829034155,47.99896170965845,-0.09646079418269891,-0.004332177747030072,-2.4840679035133135,659,45.176960290865054,54.823039709134946
HNRG,-0.2942354808913371,-0.01255924981306761,-7.891165738980472,659,35.28822595543314,64.71177404456685,0.09931984491309927,0.0028740206603764208,2.558417320519792,659,54.96599224565496,45.03400775434504,-0.09406389040247914,-0.0065113012746178065,-2.4217844938608177,659,45.29680547987604,54.70319452012396,0.07198366801644732,0.0032138786612658874,1.8498851393398945,659,53.59918340082237,46.40081659917763,-0.2103384465279609,-0.011465499985906034,-5.514770394517843,659,39.483077673601954,60.516922326398046,-0.10070276904501896,-0.004881269248386851,-2.594403011505187,659,44.96486154774905,55.03513845225095,-0.2546697074749907,-0.013329473929180142,-6.750265917534959,659,37.26651462625047,62.73348537374953
IAG,-0.18910358313498507,-0.006913543282163288,-4.936167725628556,659,40.54482084325075,59.45517915674925,-0.002715171685529223,-6.72950964656663e-05,-0.06959556768623375,659,49.864241415723534,50.135758584276466,0.18767035262218298,0.011126864374295832,4.897384982082078,659,59.38351763110915,40.61648236889085,0.06084889001817828,0.0023269145461620438,1.5625749003890217,659,53.042444500908914,46.957555499091086,-0.04149772562314193,-0.0019374517771583045,-1.0645872065857105,659,47.9251137188429,52.0748862811571,0.012127665494893703,0.0005035015731411029,0.31087932117899664,659,50.60638327474468,49.39361672525532,-0.14547809351717886,-0.0065217717015177284,-3.768992657673751,659,42.726095324141056,57.273904675858944
ICL,-0.19809041021169058,-0.004312716658207761,-5.180105878550988,659,40.09547948941547,59.90452051058453,0.041609533055400647,0.0006141373531403468,1.067460494714342,659,52.08047665277004,47.91952334722996,0.03759227887941497,0.0013272793117196945,0.9642472827151951,659,51.879613943970746,48.120386056029254,0.041185703476391146,0.0009379092289568831,1.0565689035300039,659,52.05928517381956,47.94071482618044,-0.2107528701026933,-0.005859582205302686,-5.526140509626177,659,39.46235649486533,60.53764350513467,-0.15174932225825988,-0.0037517762425117924,-3.935213999453981,659,42.41253388708701,57.58746611291299,-0.24795750257771282,-0.006619600670815982,-6.560528834646526,659,37.60212487111436,62.39787512888564
IE,-0.3273783382008887,-0.014529212194782103,-8.88075393205784,659,33.63108308995557,66.36891691004443,-0.02150844801955165,-0.0006471223457993157,-0.5514323460386911,659,48.92457759902242,51.07542240097758,0.04300820649568432,0.003095420505332269,1.1034077943868807,659,52.15041032478421,47.84958967521579,0.09813538284493169,0.004555589609442003,2.5276078123304293,659,54.90676914224658,45.09323085775342,-0.19268867376300697,-0.01092078841795098,-5.033323012976501,659,40.365566311849655,59.634433688150345,-0.1817765955775403,-0.009161208893820178,-4.7382395001187385,659,40.91117022112299,59.08882977887701,-0.2687787969915009,-0.014626964094583594,-7.152540841813934,659,36.56106015042495,63.43893984957505
IMO,-0.14204223747501726,-0.0024619440562158863,-3.678122187705967,659,42.89788812624914,57.10211187375086,0.3127989538222315,0.0036754554490057443,8.441253827979166,659,65.63994769111157,34.36005230888843,0.06502923243002645,0.0018278708182316496,1.6703655799468626,659,53.25146162150132,46.74853837849868,0.026843291861582682,0.0004866573586480618,0.6882955832238388,659,51.34216459307913,48.65783540692087,-0.27350572886747804,-0.0060538656905246456,-7.288406115121617,659,36.3247135566261,63.6752864433739,0.11890601233836251,0.0023403843423844585,3.0695773168091742,659,55.945300616918125,44.054699383081875,-0.26888291000188996,-0.005714667120280213,-7.155527292228817,659,36.55585449990551,63.44414550009449
IPX,-0.23010838249484775,-0.010127812073517246,-6.060781674879911,659,38.49458087525761,61.50541912474239,-0.025761273595809757,-0.0007686625465807416,-0.6605324695830866,659,48.71193632020952,51.28806367979048,0.05291146623684742,0.0037766712947544796,1.358129755394685,659,52.64557331184238,47.35442668815762,0.04562226395405224,0.002100326797104713,1.1706092646283095,659,52.28111319770261,47.71888680229739,-0.11999781369744447,-0.006744693314729665,-3.0981722182945535,659,44.00010931512778,55.99989068487222,-0.142628190495545,-0.007128715140220282,-3.693609597408214,659,42.86859047522275,57.13140952477725,-0.18894196199639274,-0.01019714695690047,-4.931792679856705,659,40.55290190018036,59.44709809981964
JBS,-4.023044183813931e-05,-8.318828910613476e-07,-0.0007048942864750744,309,49.997988477908095,50.002011522091905,-0.2204413304929911,-0.002942507546516418,-3.959855653598735,309,38.97793347535045,61.02206652464955,0.10285032585840416,0.0037950662514100696,1.8116909711253546,309,55.142516292920206,44.857483707079794,-0.041651441140163684,-0.0007461001425849335,-0.7304260671973032,309,47.917427942991814,52.082572057008186,0.00918706477942392,0.0002469637102304306,0.16097717248494667,309,50.4593532389712,49.5406467610288,-0.1382394909332645,-0.0031320787615308036,-2.4456324871431905,309,43.088025453336776,56.911974546663224,0.022178896713641517,0.000578292638427661,0.38870127745126937,309,51.10894483568208,48.89105516431792
KGC,-0.1752367848964373,-0.00500863946457723,-4.562266301103315,659,41.238160755178136,58.761839244821864,-0.025808443387355197,-0.0005000823211380772,-0.6617427329913215,659,48.70957783063224,51.29042216936776,0.20774522294114614,0.00962945564299259,5.44369310570099,659,60.3872611470573,39.6127388529427,0.07996891499198737,0.0023907961301001513,2.0563498803847877,659,53.99844574959937,46.00155425040063,-0.018941708949297153,-0.0006913840121842338,-0.4856012184588361,659,49.05291455253514,50.94708544746486,-0.004718645199211822,-0.00015315617515608402,-0.12094971328189141,659,49.76406774003941,50.23593225996059,-0.1268942697277835,-0.0044473731337392845,-3.2790624731772002,659,43.655286513610825,56.344713486389175
KNF,-0.36918139245810966,-0.009541437047204332,-10.182155997238244,659,31.54093037709452,68.45906962290547,-0.09729242565784538,-0.0017046617356497608,-2.505687936072109,659,45.135378717107734,54.864621282892266,-0.18271334700951622,-0.007658089810645786,-4.763498203904479,659,40.86433264952419,59.13566735047581,0.02781955605378625,0.0007520574657137883,0.7133472663834539,659,51.39097780268931,48.60902219731069,-0.30556695580610704,-0.01008523569060857,-8.225727315676858,659,34.721652209694646,65.27834779030536,-0.34794778560571776,-0.010211998833957474,-9.513033800649701,659,32.60261071971411,67.39738928028589,-0.30462100058437136,-0.009653857609603052,-8.197653492944518,659,34.768949970781435,65.23105002921857
KOS,-0.20203831022030697,-0.009264508180782345,-5.287693056855527,659,39.89808448898465,60.10191551101535,0.34252475337819005,0.01064794501155674,9.34488137542489,659,67.12623766890951,32.87376233109049,-0.05171558186383271,-0.003845796087421749,-1.3273505642838463,659,47.41422090680836,52.58577909319164,-0.05921121294632408,-0.0028400072273730183,-1.5203699997357878,659,47.0394393526838,52.9605606473162,-0.2976221743234991,-0.017428483737533997,-7.990766580971856,659,35.11889128382505,64.88110871617495,0.14481661910145932,0.007541013871788789,3.7514874683512,659,57.240830955072965,42.759169044927035,-0.2862518668505331,-0.016095483682220215,-7.657649967000839,659,35.68740665747334,64.31259334252667
KRP,-0.22024284565459878,-0.0031625377842317308,-5.787375686414083,659,38.98785771727006,61.01214228272994,0.31747572387676226,0.0030905062846494904,8.581492842472226,659,65.87378619383811,34.126213806161886,-0.0830879384127236,-0.0019348535240421103,-2.137100596546611,659,45.84560307936382,54.15439692063618,-0.10465170364325829,-0.0015718353867446965,-2.6972443890870865,659,44.767414817837086,55.232585182162914,-0.3558905560091209,-0.00652613503304925,-9.761285090298063,659,32.205472199543955,67.79452780045605,0.05978030895051128,0.0009747982980922069,1.5350348714384339,659,52.98901544752557,47.01098455247443,-0.33384015222537217,-0.005878134860538111,-9.077790065302226,659,33.30799238873139,66.69200761126861
LAND,-0.08007007439682727,-0.0013274642051472798,-2.058967904375413,659,45.99649628015864,54.00350371984136,-0.12521665276897084,-0.0014073427275813318,-3.2350160974386375,659,43.73916736155146,56.26083263844854,0.021870153216135956,0.0005880044449471002,0.5607101238422191,659,51.0935076608068,48.9064923391932,-0.08522650641886026,-0.001477930866626017,-2.1925039714638164,659,45.73867467905699,54.26132532094301,-0.12093300724164006,-0.002560372291502586,-3.1226745361815493,659,43.953349637918,56.046650362082,-0.12116976838271,-0.0022812325453029406,-3.128879076404793,659,43.9415115808645,56.0584884191355,-0.0823191183755377,-0.0016734793610650878,-2.117190264673348,659,45.88404408122312,54.11595591877688
LGO,-0.23474405555772487,-0.011415419915967845,-6.189926044986308,659,38.262797222113754,61.737202777886246,0.018900534649112084,0.0006230983102015639,0.48454527132676395,659,50.9450267324556,49.0549732675444,-0.03599869943381092,-0.002838966679530766,-0.9233175288465564,659,48.20006502830945,51.79993497169055,-0.006983471129260463,-0.00035521841837454283,-0.17900477543459717,659,49.65082644353698,50.34917355646302,-0.22181371446980858,-0.013774992198005792,-5.830781875622527,659,38.90931427650957,61.09068572349043,-0.10576285890943075,-0.00584054217006943,-2.7262050345449222,659,44.711857054528465,55.288142945471535,-0.23633959729555498,-0.01409291531551382,-6.234478770042666,659,38.18302013522225,61.81697986477775
LMNR,-0.18867782030933467,-0.003811005878551359,-4.924643321732102,659,40.566108984533265,59.433891015466735,-0.044755005535475796,-0.0006128378484923688,-1.1483114211420984,659,47.762249723226205,52.237750276773795,-0.12633712201722425,-0.0041383378569108155,-3.264431228160693,659,43.683143899138784,56.316856100861216,-0.1531530359509062,-0.00323572216910834,-3.9724858068069238,659,42.34234820245469,57.65765179754531,-0.2662963930607431,-0.006868940129862793,-7.0814135370288485,659,36.685180346962845,63.314819653037155,-0.1990339547585898,-0.0045652927774769425,-5.205795017697215,659,40.048302262070514,59.951697737929486,-0.21585301322056355,-0.005346184552317482,-5.6663255641322525,659,39.20734933897182,60.79265066102818
LND,-0.08819986913129596,-0.0013190064930550895,-2.2695850693053052,659,45.5900065434352,54.4099934565648,-0.05314487757077723,-0.0005387975340787111,-1.3641378817059544,659,47.342756121461136,52.657243878538864,0.07945855070230666,0.0019270626248637122,2.0431425321566508,659,53.97292753511533,46.02707246488467,-0.03580545749956892,-0.0005600864498152248,-0.9183547572707286,659,48.20972712502156,51.79027287497844,-0.09891287769339435,-0.0018890241430973343,-2.5478303046287025,659,45.054356115330286,54.945643884669714,-0.12403139609660882,-0.00210636349147011,-3.2039138188550997,659,43.79843019516956,56.20156980483044,-0.1264940442552068,-0.0023196162021545345,-3.26855184171664,659,43.67529778723966,56.32470221276034
LZM,-0.2732289420488869,-0.011963415933445012,-7.280434888396674,659,36.33855289755565,63.66144710244435,0.008142888533657472,0.00024170864697537552,0.2087255304461738,659,50.40714442668287,49.59285557331713,-0.04829564202302815,-0.0034293565553237117,-1.2393606679879825,659,47.58521789884859,52.41478210115141,0.08222083524867659,0.003765626415837045,2.114645276171972,659,54.11104176243383,45.88895823756617,-0.15813891771505567,-0.008842456716291663,-4.105073169383318,659,42.09305411424722,57.90694588575278,-0.1773087788301446,-0.008816200009198282,-4.617950791172084,659,41.13456105849277,58.86543894150723,-0.214958486152554,-0.0115411785360767,-5.641703377633837,659,39.2520756923723,60.7479243076277
METC,-0.16651401375901323,-0.008706886406450832,-4.328519146157638,659,41.67429931204934,58.32570068795066,0.08488318997344592,0.003008977755734944,2.1836077175316584,659,54.244159498672296,45.755840501327704,0.0010990049654264992,9.319399729511819e-05,0.02816972463404937,659,50.054950248271325,49.945049751728675,0.08017561395473478,0.0043851174438705185,2.0616993557804024,659,54.00878069773674,45.99121930226326,-0.13387822794646886,-0.008939798357085242,-3.4627405601523824,659,43.30608860267656,56.69391139732344,0.027081711756925166,0.001608092010961656,0.6944134347926444,659,51.35408558784626,48.64591441215374,-0.15695848916185567,-0.010063845516139178,-4.073653879554522,659,42.152075541907216,57.847924458092784
MGY,-0.2637726521435759,-0.005427821901437654,-7.009257281172611,659,36.811367392821204,63.188632607178796,0.3655748248220195,0.005099848788693179,10.067253634098481,659,68.27874124110097,31.721258758899026,-0.12501514410835196,-0.004171907255361926,-3.229727326905905,659,43.7492427945824,56.2507572054176,-0.059383338196608966,-0.0012781660460751405,-1.5248052883488885,659,47.03083309016955,52.96916690983045,-0.3710294764387822,-0.009750118978480873,-10.241240283968759,659,31.448526178060888,68.55147382193911,0.10021852605110754,0.0023418901937765375,2.5818005895062006,659,55.010926302555376,44.989073697444624,-0.3330476003766112,-0.008403673963230789,-9.053546681630685,659,33.347619981169444,66.65238001883056
MLM,-0.2575647075377444,-0.003981747818829478,-6.832420142602696,659,37.12176462311278,62.87823537688722,-0.19717813075234505,-0.0020664806245849665,-5.155282221702162,659,40.14109346238275,59.85890653761725,-0.17481522303972893,-0.004382711078625801,-4.55094458139078,659,41.25923884801355,58.74076115198645,-0.02709048652715482,-0.000438057426445524,-0.6946385975445772,659,48.64547567364226,51.35452432635774,-0.20662512830410723,-0.004079211391145897,-5.413029797648019,659,39.66874358479464,60.33125641520536,-0.33971187253716006,-0.00596376903611512,-9.258080714647603,659,33.014406373141995,66.985593626858,-0.21599805743699851,-0.0040945323327667964,-5.670319367405417,659,39.20009712815008,60.79990287184992
MTA,-0.2760593722105849,-0.008922509629583155,-7.362041562919781,659,36.19703138947076,63.80296861052924,0.014305652776578245,0.00031345659009799964,0.3667201795813108,659,50.71528263882891,49.28471736117109,0.14183858309484942,0.007434557245122789,3.67274029412645,659,57.09192915474247,42.90807084525753,0.04005154932970005,0.0013540375116023922,1.0274261539894578,659,52.002577466485,47.997422533515,-0.09901990446924853,-0.004087075976700982,-2.5506144187029736,659,45.04900477653757,54.95099522346243,-0.0344212122249506,-0.001263378215915146,-0.8828080377513001,659,48.27893938875247,51.72106061124753,-0.1886106728584766,-0.007475114624028739,-4.922826060356781,659,40.569466357076166,59.430533642923834
MTDR,-0.2866610764419749,-0.007248107042031412,-7.669576251145361,659,35.66694617790125,64.33305382209875,0.4193951809316738,0.007188934105133684,11.841702317451288,659,70.96975904658369,29.03024095341631,-0.17963935276987208,-0.007366031115805325,-4.6806603815579635,659,41.01803236150639,58.98196763849361,-0.07978727536489567,-0.0021101646910609497,-2.0516491738847193,659,46.010636231755214,53.989363768244786,-0.4033758044414438,-0.013024809931076431,-11.299392795780168,659,29.831209777927814,70.16879022207219,0.1132981111943059,0.003253128622472232,2.9228787618218197,659,55.664905559715294,44.335094440284706,-0.36331803694686043,-0.011264447440263562,-9.995620985355513,659,31.834098152656974,68.16590184734302
MTR,0.012793523377834263,0.00040603905336109996,0.32795057459695004,659,50.63967616889171,49.36032383110829,0.07548856418738115,0.0016242168078465372,1.9404605042927794,659,53.77442820936906,46.22557179063094,-0.021528902562330938,-0.0011080917666935212,-0.5519570014820939,659,48.923554871883454,51.076445128116546,-0.0873825160999249,-0.0029008751061068982,-2.2483901044120573,659,45.630874195003756,54.369125804996244,0.0020961656292882956,8.495890648259848e-05,0.05372905900279899,659,50.10480828146442,49.89519171853558,0.1263926105879165,0.004555352799805604,3.265888271410675,659,56.31963052939582,43.68036947060418,0.015533968385351874,0.0006045428920819722,0.3982149005497992,659,50.776698419267596,49.223301580732404
MTRN,-0.37411450562256315,-0.010898103421260408,-10.34018542988322,659,31.29427471887184,68.70572528112817,-0.07245713421730317,-0.0014309113427590846,-1.862116600815463,659,46.37714328913484,53.62285671086516,-0.11039633209370371,-0.005215275052779974,-2.847082404469938,659,44.48018339531482,55.51981660468518,0.12277787153790207,0.0037410483715512944,3.1710352766798433,659,56.1388935768951,43.8611064231049,-0.2776112217363468,-0.010327354229577982,-7.406872141352203,659,36.11943891318266,63.88056108681734,-0.28636059453976237,-0.009472886346780991,-7.6608183554843,659,35.681970273011885,64.31802972698812,-0.2963396247125778,-0.010585299899840217,-7.9530088449423735,659,35.18301876437111,64.81698123562889
MUR,-0.19268838707541164,-0.005126813961426687,-5.033315235488702,659,40.36558064622942,59.63441935377058,0.36090770961109964,0.00650988583186164,9.919338656186223,659,68.04538548055498,31.954614519445016,-0.09125391363583026,-0.003937492254032157,-2.348821427335335,659,45.43730431820849,54.56269568179151,-0.08338751377636378,-0.002320704734453009,-2.1448598157296557,659,45.83062431118181,54.16937568881819,-0.3473777215400276,-0.011803197060704118,-9.495307166485437,659,32.63111392299862,67.36888607700138,0.14205628673584178,0.00429215274767701,3.678493479521085,659,57.102814336792086,42.897185663207914,-0.3004800670408788,-0.009803355396876214,-8.075072962806136,659,34.97599664795606,65.02400335204393
NC,-0.1502238213376951,-0.003679323725727335,-3.8947360895820546,659,42.488808933115244,57.511191066884756,-0.028907650681575484,-0.0004799844741178807,-0.7412710142093287,659,48.554617465921226,51.445382534078774,-0.034238158845766524,-0.0013599276205655366,-0.8781077047018304,659,48.28809205771167,51.71190794228833,-0.016553637777047513,-0.0004240816583811085,-0.4243611758258433,659,49.172318111147625,50.827681888852375,-0.22971578622631353,-0.007184982517879219,-6.049864574639832,659,38.51421068868432,61.48578931131568,-0.14403875254970672,-0.004006187219720683,-3.730908660989706,659,42.798062372514664,57.201937627485336,-0.1778966275724904,-0.005342739183364634,-4.6337606356802645,659,41.10516862137548,58.89483137862452
NOG,-0.31289291216474246,-0.008588899771994611,-8.444064539060802,659,34.35535439176288,65.64464560823711,0.3757495281488771,0.006992386877432357,10.392786431394018,659,68.78747640744385,31.212523592556153,-0.16096062906363093,-0.007165354248588819,-4.18025167352289,659,41.95196854681845,58.04803145318155,-0.07326801250923726,-0.0021036964121463773,-1.8830676648037823,659,46.33659937453813,53.66340062546187,-0.41463816235804773,-0.014535057671186463,-11.679306835912241,659,29.268091882097615,70.73190811790238,0.05347887978568981,0.0016670430102216423,1.3727356586363622,659,52.67394398928449,47.32605601071551,-0.38292368960009004,-0.012889055895765817,-10.62493726536784,659,30.853815519995496,69.14618448000451
NRP,-0.11782055697181994,-0.0020549072050715495,-3.0411598166447753,659,44.108972151409006,55.891027848590994,0.0540258461502372,0.0006387897175232995,1.3868164890333985,659,52.701292307511864,47.298707692488136,-0.02208215936993676,-0.0006245811596138537,-0.5661482070086554,659,48.895892031503166,51.104107968496834,0.006590618815890921,0.00012023313835789205,0.16893448452142903,659,50.32953094079454,49.67046905920546,-0.1763721838835172,-0.003928320512372015,-4.592772158221217,659,41.181390805824144,58.818609194175856,-0.04006170717431494,-0.0007934568057425007,-1.0276871478848795,659,47.996914641284256,52.003085358715744,-0.18221246793506557,-0.0038968733984274585,-4.749990762232311,659,40.88937660324672,59.11062339675328
NXE,-0.35372912210065244,-0.011829571385284737,-9.693493467916499,659,32.31354389496738,67.68645610503262,0.05400214091287273,0.0012243183723761174,1.3862062073159258,659,52.70010704564364,47.29989295435636,-0.007236024999119689,-0.000392441067142184,-0.18547872998314452,659,49.63819875004402,50.36180124995598,0.08984435139677344,0.0031427932871205995,2.312242552907874,659,54.49221756983867,45.50778243016133,-0.20069720081172562,-0.008571270223486735,-5.251115659584219,659,39.96513995941372,60.03486004058628,-0.17095289414506293,-0.0064922815355216434,-4.447334816297797,659,41.45235529274686,58.54764470725314,-0.3083900633650769,-0.012646362666477099,-8.309671016615484,659,34.58049683174615,65.41950316825384
OGG,-0.1337095256183845,-0.0052323705514273,-3.458297617297008,659,43.314523719080775,56.685476280919225,0.026554982933387965,0.0007044778896864992,0.6808977366045051,659,51.3277491466694,48.6722508533306,0.14083007405627643,0.008937329066762437,3.6460958250490587,659,57.04150370281382,42.95849629718618,0.015111759297679205,0.0006185545674930805,0.38738901973760254,659,50.755587964883965,49.244412035116035,0.0002525608955091016,1.262141167034813e-05,0.006473643917918726,659,50.012628044775454,49.987371955224546,0.04081489387425688,0.0018137503540682925,1.0470402908299272,659,52.040744693712846,47.959255306287154,-0.07379966957644404,-0.0035412584589451005,-1.8968063870093976,659,46.3100165211778,53.6899834788222
OR,-0.18515394786472428,-0.004254275987430114,-4.829370163686511,659,40.742302606763786,59.257697393236214,-0.05051369098901656,-0.0007868410021882628,-1.2964225487105878,659,47.47431545054917,52.52568454945083,0.16956989439048067,0.006318552958929292,4.410286485361369,659,58.47849471952403,41.52150528047597,0.05622960277986397,0.0013514019629328774,1.4435617207673028,659,52.8114801389932,47.1885198610068,-0.007793879890892492,-0.00022869257862608656,-0.1997788847677709,659,49.61030600545537,50.38969399454463,-0.0060573678165025254,-0.00015805175535857653,-0.15526536843455682,659,49.697131609174875,50.302868390825125,-0.09940276749458671,-0.002800646031410626,-2.5605746621591305,659,45.02986162527066,54.97013837472934
PAAS,-0.22501744275948032,-0.007100458813940331,-5.9194556267575695,659,38.749127862025986,61.250872137974014,0.037415435742441716,0.00080039843550585,0.9597048571439465,659,51.87077178712208,48.12922821287792,0.2326597691100748,0.011906050407605197,6.131805665475167,659,61.632988455503735,38.367011544496265,0.07737629484066963,0.002553906559358056,1.9892739809672213,659,53.86881474203348,46.13118525796652,-0.08223253400097552,-0.003313748772960264,-2.11494820578756,659,45.888373299951226,54.111626700048774,0.006660005829072946,0.00023865334784470103,0.17071313033258087,659,50.333000291453644,49.666999708546356,-0.1778158261708747,-0.006880305189428211,-4.631587226493545,659,41.10920869145627,58.89079130854373
PBT,-0.138474063985274,-0.003538172406060144,-3.583895799604405,659,43.0762968007363,56.9237031992637,0.18574722646767294,0.003217496524246203,4.84539671420878,659,59.28736132338365,40.71263867661635,-0.07859542872149887,-0.0032567471104773737,-2.020810096719346,659,46.070228563925056,53.929771436074944,-0.08431198622627994,-0.0022533399653269365,-2.168808024041224,659,45.784400688686,54.215599311314,-0.22071222580202104,-0.007201825963795272,-5.800340604571488,659,38.96438870989895,61.03561129010105,0.02776681944400284,0.0008056740637772528,0.7119939532383082,659,51.38834097220014,48.61165902779986,-0.20822331096436764,-0.00652389501645607,-5.456787877509348,659,39.588834451781615,60.411165548218385
PPTA,-0.24976369342135293,-0.011962917382258294,-6.611484773830286,659,37.51181532893235,62.48818467106765,0.02232242120277709,0.0007248268786830349,0.5723111574533808,659,51.11612106013885,48.88387893986115,0.0910641546367734,0.007073452672741411,2.343896258227372,659,54.55320773183867,45.44679226816133,0.05379365704334613,0.0026950430770938177,1.380838975814986,659,52.68968285216731,47.31031714783269,-0.1273231473126273,-0.007787908488152739,-3.290327366808176,659,43.633842634368634,56.366157365631366,-0.04884746508001673,-0.0026568835535482507,-1.2535552052321217,659,47.557626745999166,52.442373254000834,-0.18177464190403136,-0.01067598994467025,-4.738186834946454,659,40.91126790479843,59.08873209520157
PR,-0.2942048070437077,-0.0066287067177649706,-7.890265133013954,659,35.28975964781461,64.7102403521854,0.36948700622562586,0.005643693318315675,10.19191695663623,659,68.4743503112813,31.5256496887187,-0.13969374241469182,-0.00510425295143134,-3.6160881958233713,659,43.01531287926541,56.98468712073459,-0.03205419341018403,-0.0007554239315342625,-0.8220358633174326,659,48.3972903294908,51.6027096705092,-0.40482361913236503,-0.011647978541940291,-11.34788128067607,659,29.758819043381745,70.24118095661825,0.07128838021002404,0.001823981717097379,1.8319254446901791,659,53.5644190105012,46.4355809894988,-0.3790247089129443,-0.010471614015059123,-10.498494472287614,659,31.048764554352783,68.95123544564721
PRT,0.03353317704679988,0.0006777921397352872,0.8600064342673484,659,51.67665885234,48.32334114766,0.08716986752466963,0.0011944649430131538,2.242876618383474,659,54.35849337623348,45.64150662376652,-0.024378894094135573,-0.0007991200424224611,-0.6250658627943619,659,48.78105529529322,51.21894470470678,-0.058360918588088215,-0.0012338739379295382,-1.4984617756410732,659,47.081954070595586,52.918045929404414,-0.048257921864187286,-0.0012456502538311606,-1.2383904345211212,659,47.58710390679063,52.41289609320937,0.07911001314206315,0.0018158333021106414,2.034123910583621,659,53.95550065710316,46.04449934289684,-0.053275481306152325,-0.001320432700080181,-1.3674997859709463,659,47.336225934692386,52.663774065307614
RGLD,-0.15842174386456243,-0.0032500787833621737,-4.112603785592512,659,42.07891280677188,57.92108719322812,-0.058528054683587134,-0.0008140074588069043,-1.5027678538649116,659,47.073597265820645,52.926402734179355,0.17696928221336475,0.005887801836679861,4.608822556247012,659,58.84846411066824,41.15153588933176,0.07166986839124335,0.0015379511881209703,1.8417791756656132,659,53.58349341956217,46.41650658043783,-0.013766022274094783,-0.0003606560698097922,-0.35288427556778573,659,49.31169888629526,50.68830111370474,0.0035909535304802266,8.365878983396282e-05,0.09204395469393654,659,50.17954767652402,49.82045232347598,-0.10164103542722863,-0.002556908827097111,-2.618826699833919,659,44.91794822863857,55.08205177136143
RRC,-0.23418008838552398,-0.004820383705420167,-6.174190932996944,659,38.2909955807238,61.7090044192762,0.254228812290431,0.003547656872450725,6.737771310621756,659,62.71144061452155,37.28855938547845,-0.12052613683420718,-0.004023361696315732,-3.1120133911715464,659,43.97369315828964,56.02630684171036,-0.05524215319444767,-0.001189403159967804,-1.4181329997982732,659,47.23789234027762,52.76210765972238,-0.2668037992781066,-0.007013411684185104,-7.095939644324865,659,36.65981003609467,63.34018996390533,0.02309890529760386,0.00053994029111396,0.5922294160005295,659,51.15494526488019,48.84505473511981,-0.27080031096755297,-0.006835147103037841,-7.210575853872384,659,36.459984451622354,63.540015548377646
SAND,,,,0,,,,,,0,,,,,,0,,,,,,0,,,,,,0,,,,,,0,,,,,,0,,
SBR,-0.13705236028974666,-0.0018840897028403083,-3.5463920883673623,659,43.147381985512666,56.852618014487334,0.18826048321330818,0.0017545244376401471,4.91334977726338,659,59.41302416066541,40.58697583933459,-0.04009946580843091,-0.0008939841935862804,-1.0286573144709648,659,47.995026709578454,52.004973290421546,-0.0636112760062132,-0.0009146943785731247,-1.6337937789606696,659,46.81943619968934,53.18056380031066,-0.23366431272848842,-0.004102164988958311,-6.1598061748963575,659,38.31678436357558,61.68321563642442,0.014091314736145465,0.0002199830736592917,0.36122460273559487,659,50.704565736807275,49.295434263192725,-0.22342168225206316,-0.003766235191542726,-5.875262638072144,659,38.82891588739684,61.17108411260316
SM,-0.24127072080990628,-0.00737936764097373,-6.372511515632677,659,37.936463959504685,62.063536040495315,0.383160770279545,0.007944759578038453,10.63264705513513,659,69.15803851397725,30.841961486022754,-0.15542868437828974,-0.007709423317270492,-4.0329619036202855,659,42.228565781085514,57.771434218914486,-0.08179792453487127,-0.00261687908493833,-2.103694939337413,659,45.91010377325644,54.08989622674356,-0.3805895847658871,-0.014865417251792986,-10.549163799659873,659,30.970520761705643,69.02947923829436,0.09447650310958813,0.0032814140245959397,2.43250315271709,659,54.72382515547941,45.27617484452059,-0.34628776719786974,-0.012987295996890108,-9.461447396205815,659,32.685611640106515,67.31438835989348
SSRM,-0.1999896718031634,-0.008332723729321654,-5.231830935613223,659,40.00051640984183,59.99948359015817,-0.05206413003529176,-0.0014706293432170398,-1.3363207598167954,659,47.39679349823541,52.60320650176459,0.12707746007740295,0.008586657445486787,3.2838739196824958,659,56.35387300387015,43.64612699612985,0.02129650730122671,0.00092814246840815,0.5459961443532702,659,51.06482536506134,48.93517463493866,-0.06670653757661804,-0.0035493881350801494,-1.7136396158336293,659,46.664673121169095,53.335326878830905,-0.06342978473838827,-0.003001202826695254,-1.6291134948966024,659,46.82851076308059,53.17148923691941,-0.12930621584189655,-0.006606415438705312,-3.3424391202784443,659,43.534689207905174,56.465310792094826
SVM,-0.26221081105924093,-0.009717593210447604,-6.964680323879206,659,36.88945944703795,63.11054055296205,0.05441458766676605,0.0013671263676268116,1.396824817898832,659,52.7207293833383,47.2792706166617,0.20480289108894065,0.012308932795128276,5.363192324809983,659,60.24014455444703,39.75985544555297,0.1023800619279383,0.003968719042996772,2.6380690116607246,659,55.11900309639691,44.88099690360309,-0.11554410444171292,-0.0054684165720525375,-2.981597477522331,659,44.22279477791435,55.77720522208565,-0.03852836256540036,-0.0016214791447629513,-0.9882932229880286,659,48.07358187172998,51.92641812827002,-0.20795536338116435,-0.009450293784139753,-5.449448323489939,659,39.60223183094178,60.39776816905822
TALO,-0.24243187927003718,-0.007189058508984664,-6.405090556248099,659,37.87840603649814,62.12159396350186,0.3631332795289425,0.007300179482054703,9.9897656117354,659,68.15666397644713,31.843336023552865,-0.10696539679275043,-0.005144009867148175,-2.7575590751004126,659,44.651730160362476,55.348269839637524,-0.07454796012828188,-0.0023123038397042214,-1.9161459629111612,659,46.2726019935859,53.7273980064141,-0.3731087603209956,-0.014129390074499771,-10.307884922298062,659,31.34456198395022,68.65543801604977,0.14356577670313694,0.004834548360790838,3.7183993289188266,659,57.17828883515684,42.82171116484316,-0.3331964126561222,-0.012115732327979675,-9.058097054973265,659,33.34017936719389,66.65982063280612
TFPM,-0.16184880640954122,-0.003709555979665215,-4.203936948187157,659,41.90755967952294,58.09244032047706,-0.010218520326573987,-0.00015877628537787965,-0.2619349035625915,659,49.4890739836713,50.5109260163287,0.23489690404842384,0.008731038783966126,6.194191772389916,659,61.744845202421196,38.255154797578804,0.09175274285181358,0.002199674043804961,2.3617697040896046,659,54.58763714259069,45.41236285740931,-0.009754152365041843,-0.00028550100562490404,-0.25003043768489663,659,49.512292381747905,50.487707618252095,0.011459850801214528,0.00029827309846167614,0.2937583145048808,659,50.572992540060724,49.427007459939276,-0.11030608887849216,-0.003100123371618669,-2.844726385399099,659,44.484695556075394,55.515304443924606
TGB,-0.29818222187985644,-0.011701572821666848,-8.007269024194779,659,35.09088890600718,64.90911109399282,0.03540527435618361,0.0009419235451497521,0.9080777214851685,659,51.770263717809186,48.229736282190814,0.19758389930297995,0.012574485991454583,5.16632169581538,659,59.879194965149,40.120805034851,0.1296310532870642,0.005321062853215376,3.3509791794439407,659,56.48155266435321,43.51844733564679,-0.18681097585599807,-0.009362041480498665,-4.874146099210811,659,40.6594512072001,59.3405487927999,-0.13831415497952315,-0.0061638465004193324,-3.579676370828168,659,43.08429225102384,56.91570774897616,-0.2805386795522994,-0.013499643647584237,-7.491613394807059,659,35.973066022385034,64.02693397761496
CF,-0.04046186375913512,-0.0008856322721036813,-1.0379689564290269,659,47.97690681204325,52.02309318795675,0.3029538220081954,0.0044954087017067745,8.148240396048541,659,65.14769110040976,34.85230889959024,-0.033238536135602674,-0.0011798468442113668,-0.8524415506596256,659,48.33807319321986,51.66192680678014,-0.12502692804177515,-0.0028624503123894068,-3.2300365953307217,659,43.74865359791124,56.25134640208876,-0.13858159360058264,-0.0038736357494358878,-3.5867332836148904,659,43.07092031997087,56.92907968002913,0.21547334249901778,0.0053557931173554675,5.655873164573588,659,60.77366712495089,39.22633287504911,-0.12123055863200571,-0.0032537690177505273,-3.1304722273647907,659,43.93847206839971,56.06152793160029
URG,-0.3300525401565865,-0.013423847044935601,-8.962124926869423,659,33.49737299217067,66.50262700782933,0.10253477315026426,0.0028271593400519147,2.6420978438152014,659,55.12673865751321,44.87326134248679,-0.07921338229967037,-0.005224787951397221,-2.0367985720148365,659,46.03933088501648,53.96066911498352,0.07190703275655563,0.003059089120142378,1.8479054728762798,659,53.59535163782778,46.40464836217222,-0.21096790400591414,-0.010957613616163821,-5.53204140279346,659,39.45160479970429,60.54839520029571,-0.11731054603094337,-0.005418182954583445,-3.0278114230871958,659,44.13447269845283,55.86552730154717,-0.27010512427476485,-0.013470812827395384,-7.19060639720522,659,36.49474378626176,63.50525621373824
USLM,-0.3980823874730734,-0.009578695143282535,-11.122969341018791,659,30.09588062634633,69.90411937365367,-0.02116329015749764,-0.0003452246279032641,-0.5425792112193766,659,48.94183549212512,51.05816450787488,-0.20516376697340294,-0.008005901616429282,-5.37305749640826,659,39.74181165132985,60.25818834867015,-0.042263144620336854,-0.0010637070604582065,-1.084258167110739,659,47.88684276898316,52.11315723101684,-0.33710754191145437,-0.010358754384626578,-9.177966019532498,659,33.14462290442728,66.85537709557272,-0.32824403624816584,-0.008969183849731775,-8.907069199629564,659,33.58779818759171,66.41220181240828,-0.34985743162991884,-0.010322658368447897,-9.572503550891923,659,32.50712841850406,67.49287158149593
UUUU,-0.3074749986641474,-0.014172959426964823,-8.282435607834008,659,34.62625006679263,65.37374993320736,0.03775480675656969,0.0011797994329385852,0.9684220838648456,659,51.88774033782848,48.11225966217152,-0.05473689807718266,-0.0040917313755616,-1.4051233302723078,659,47.26315509614087,52.73684490385913,0.08327973307213701,0.004015289896729744,2.142068149994996,659,54.163986653606855,45.836013346393145,-0.17036564784375632,-0.010028556910979277,-4.43160014254503,659,41.481717607812186,58.518282392187814,-0.11876743516072044,-0.006216855989420362,-3.0659487113879726,659,44.06162824196398,55.93837175803602,-0.24712374288520553,-0.013967937126536396,-6.537031586608493,659,37.643812855739725,62.356187144260275
VET,-0.21579475951646404,-0.006131484827943637,-5.6647216548182096,659,39.2102620241768,60.7897379758232,0.36208544811412957,0.006974627714866033,9.956583146504299,659,68.10427240570648,31.89572759429352,-0.01800895699513895,-0.0008298307452721595,-0.46168066083887577,659,49.099552150243056,50.900447849756944,0.00014988572361579163,4.454632477157506e-06,0.003841872594984093,659,50.00749428618079,49.99250571381921,-0.3526009114402052,-0.01279422174516653,-9.658178678034536,659,32.36995442798974,67.63004557201026,0.14266599893776957,0.004603285803298075,3.694609053808555,659,57.133299946888485,42.866700053111515,-0.3402580546236284,-0.011854964058586867,-9.274912862414427,659,32.98709726881858,67.01290273118141
VMC,-0.259300941586662,-0.004015924847930686,-6.8817852843058684,659,37.034952920666896,62.965047079333104,-0.19638466349215916,-0.0020619315690409844,-5.1337028469620645,659,40.18076682539204,59.81923317460796,-0.1895984493603009,-0.004762033657696897,-4.9495662255923625,659,40.52007753198495,59.47992246801505,-0.04199494564053422,-0.0006803076469054971,-1.0773653452754768,659,47.90025271797329,52.09974728202671,-0.1902373897180535,-0.0037625565875639075,-4.966871320573858,659,40.48813051409733,59.51186948590267,-0.34925828405830783,-0.006142581014184175,-9.55383045805722,659,32.53708579708461,67.46291420291539,-0.20562869756168642,-0.0039051010002176152,-5.385770557825383,659,39.71856512191568,60.28143487808432
MBB,0.309267889943149,0.001034718732347859,8.335822049414318,659,65.46339449715745,34.53660550284255,-0.7695035825168167,-0.0017453531821389103,-30.884140384971584,659,11.524820874159165,88.47517912584084,0.16176430858134658,0.0008777005739712408,4.201683170326178,659,58.088215429067326,41.911784570932674,-0.04413809783663125,-0.00015446423547762312,-1.1324518627901061,659,47.79309510816844,52.20690489183156,0.5045239321629875,0.0021556335333612654,14.977991000936225,659,75.22619660814938,24.77380339185062,-0.1627989338755067,-0.0006185313700931511,-4.229285880355013,659,41.860053306224664,58.139946693775336,0.44964989558879703,0.0018447139841291937,12.903457353169408,659,72.48249477943986,27.51750522056014
XE,-0.30565002981045647,-0.02290770392081284,-3.2101242352251282,102,34.717498509477174,65.28250149052283,-0.25613430758623,-0.009538419543945258,-2.649735047865305,102,37.1932846206885,62.8067153793115,0.0008818508215747703,0.00013393283770447923,0.008818511644654097,102,50.04409254107875,49.95590745892125,0.1534834805051268,0.007062666387116777,1.5532387996014736,102,57.67417402525634,42.32582597474366,0.15345137021490432,0.019317170211661218,1.5529060092565556,102,57.672568510745215,42.327431489254785,-0.24619267047708115,-0.01930792211775886,-2.540108951216417,102,37.69036647614594,62.30963352385406,-0.10722056210245445,-0.013144316545395447,-1.0784224466715029,102,44.63897189487728,55.36102810512272
TAP,0.10162173524624246,0.0015872862832292417,2.6183242325853047,659,55.081086762312125,44.918913237687875,-0.11484850245929804,-0.0012161277242750768,-2.9634069141391857,659,44.2575748770351,55.7424251229649,-0.03991373587675088,-0.00101103742565468,-1.0238852305583377,659,48.00431320616246,51.99568679383754,-0.1698095017230995,-0.0027743259898685654,-4.416703250678844,659,41.50952491384503,58.49047508615497,-0.07225145737712675,-0.0014411890283039263,-1.8568030183112385,659,46.38742713114366,53.61257286885634,-0.10835145652158555,-0.0019218792791281516,-2.7937133177176707,659,44.58242717392073,55.41757282607927,-0.006922886075777037,-0.00013259370451869097,-0.17745174603787534,659,49.653855696211146,50.346144303788854
ALHC,-0.10036895589105052,-0.003972207416630216,-2.5857153266192934,659,44.98155220544747,55.01844779455253,-0.055388987437842,-0.0014860763863586458,-1.421913997217279,659,47.2305506281079,52.7694493718921,-0.11317040638165703,-0.007263427120862205,-2.9195414503144947,659,44.34147968091715,55.65852031908285,-0.04268296996339441,-0.0017669082088327738,-1.0950483196039105,659,47.86585150183028,52.13414849816972,-0.07467235785330738,-0.0037739666254301887,-1.9193613378289935,659,46.26638210733463,53.73361789266537,-0.06516349368275112,-0.002928596682674167,-1.6738289568340041,659,46.74182531586244,53.25817468413756,-0.029395914899508085,-0.0014265485474546874,-0.753802179082942,659,48.53020425502459,51.46979574497541
VOC,-0.06070248871557737,-0.0014869580690970875,-1.5588014529774203,659,46.96487556422113,53.03512443577887,0.1441147710685715,0.002393238149193016,3.732919452837216,659,57.205738553428574,42.794261446571426,-0.014910933874122921,-0.0005923430068831578,-0.3822397197776684,659,49.254453306293854,50.745546693706146,-0.07881523321534319,-0.002019432010136165,-2.026496886573481,659,46.05923833923284,53.94076166076716,-0.1416644944353496,-0.0044315833287902895,-3.668140099468958,659,42.91677527823252,57.08322472176748,0.05009671627756251,0.001393555208355987,1.2856939488516281,659,52.504835813878124,47.495164186121876,-0.14072573825957346,-0.004227005604015249,-3.643339970983082,659,42.963713087021326,57.036286912978674
VTLE,,,,0,,,,,,0,,,,,,0,,,,,,0,,,,,,0,,,,,,0,,,,,,0,,
WDS,-0.15383743669873975,-0.002928059956782588,-3.9906671251775294,659,42.30812816506301,57.69187183493699,0.29792655348636754,0.003844256336010504,7.999734337414409,659,64.89632767431837,35.10367232568163,0.15786665128020752,0.004872866612951287,4.097824698385564,659,57.89333256401038,42.10666743598962,-0.019366788265791163,-0.0003855692413418732,-0.4965028554462545,659,49.03166058671044,50.96833941328956,-0.23905035138656677,-0.005810493178354551,-6.310294573255345,659,38.047482430671664,61.952517569328336,0.1338526101747832,0.002893126803612562,3.46206587103898,659,56.692630508739164,43.307369491260836,-0.24852461433214204,-0.0058003526927940825,-6.576520207863412,659,37.5737692833929,62.4262307166071
WPM,-0.14773352518772961,-0.0036014329768691736,-3.8287191407405685,659,42.61332374061352,57.38667625938648,-0.07208350971816203,-0.0011912897246140531,-1.8524643314144156,659,46.3958245140919,53.6041754859081,0.22851931595749062,0.009034318297754347,6.016612991022541,659,61.425965797874525,38.574034202125475,0.09995750041632867,0.0025488161441860045,2.5750081677318852,659,54.99787502081644,45.00212497918356,0.01036357364976161,0.000322635010531738,0.26565350269747023,659,50.51817868248808,49.48182131751192,-0.00928974563087751,-0.0002571714729228052,-0.2381251396367141,659,49.535512718456125,50.464487281543875,-0.09181150548932039,-0.0027444823844498525,-2.3632951433797387,659,45.40942472553398,54.59057527446602
